Coordinates
version=1
nRows=764
nColumns=24
inDegrees=yes

Units are S.I. units (second, meters, Newtons, ...)
If the header above contains a line with 'inDegrees', this indicates whether rotational values are in degrees (yes) or radians (no).

endheader
time	pelvis_tilt	pelvis_list	pelvis_rotation	pelvis_tx	pelvis_ty	pelvis_tz	hip_flexion_r	hip_adduction_r	hip_rotation_r	knee_angle_r	ankle_angle_r	subtalar_angle_r	mtp_angle_r	hip_flexion_l	hip_adduction_l	hip_rotation_l	knee_angle_l	ankle_angle_l	subtalar_angle_l	mtp_angle_l	lumbar_extension	lumbar_bending	lumbar_rotation
      0.56000000000000005329	      4.39955121097282564335	      2.47087736981090078103	      0.23043701701394636583	      0.58609879702267853041	      1.01947820536597277830	     -0.01966015559609119237	     17.70609964796785007479	     -5.17211510026165033338	     -6.54016739332195573553	     -1.26993161886074723554	      1.45995539700355014823	     -0.00006580494686656817	      0.00000006616307858821	    -19.03973276746171450213	      5.44024294796432617005	      1.59672387502239843116	     -0.99845994125978076994	      9.33340912427306435006	      0.00005637494344207477	     -0.00000111582830157386	    -16.68326559114806784123	     -3.66829280262484491715	     -6.27775045984277468847
      0.56106654497802754822	      4.39010696706005010270	      2.49138088028315651812	      0.24362985933289565965	      0.58604802302081271392	      1.01924270552710671822	     -0.01959352758429730099	     17.70386548917190339125	     -5.17680847078024086727	     -6.49300462791053423217	     -1.10727060445501068742	      1.46853569822028373615	      0.00026279571058958134	     -0.00490113641873597163	    -19.09762097057837237912	      5.44673948062162072148	      1.61953927317907497851	     -1.01063471219565448322	      9.36691453473572366306	      0.00238077817165400357	     -0.00085427100936810859	    -16.67599122926635146769	     -3.67473563833807004286	     -6.28315792786034332806
      0.56288452184264825551	      4.37350238234502430856	      2.52446212771652112039	      0.26789554499056128511	      0.58596331242545263152	      1.01884223936208528905	     -0.01947840947938690379	     17.70265113930329547998	     -5.18402465391966860153	     -6.41622330048401678937	     -0.84706738682045690236	      1.48463928894060503971	      0.00474755191369658543	     -0.03582450558235111132	    -19.19335199370690858700	      5.45468255560199022369	      1.66118256941091191337	     -1.03726929005660362115	      9.44748859192108980665	      0.00984562756826188115	     -0.01773082247094420402	    -16.66317449522017568597	     -3.68325889225506308833	     -6.29341598521645906317
      0.56435119238386322049	      4.35981944162827694811	      2.54938549304644235249	      0.28893690701135033017	      0.58589705034536754269	      1.01852049129711796915	     -0.01938401417214413724	     17.70377260562648658038	     -5.18905662515125065681	     -6.35767551352182813673	     -0.65265314358225390290	      1.49836506445730499593	      0.01356403918026988578	     -0.07954867310357587040	    -19.26851572372496690377	      5.45838829777378631292	      1.69807720619741342460	     -1.06262054762049173995	      9.52634240545608967921	      0.00765088135610410194	     -0.03202109277988536562	    -16.65260111507403451014	     -3.68783850188331507880	     -6.30248200461277452433
      0.56596227341766303098	      4.34478642281185223339	      2.57514387740823025297	      0.31297552437840442385	      0.58582687975035419026	      1.01816930068854061275	     -0.01927801019166857158	     17.70694935269034786529	     -5.19380513427128054360	     -6.29619206961614441553	     -0.45509541121846819323	      1.51307155448173480394	      0.02805585272337072014	     -0.14261351829054325080	    -19.34997196550516918023	      5.46013433560469163552	      1.74161877885313653991	     -1.09183897694661902200	      9.60363358026847180327	     -0.01416120394849232529	     -0.01421885244705787393	    -16.64100397360489935750	     -3.69084689215839167886	     -6.31276351994599238537
      0.56788308761600692076	      4.32727821348488639330	      2.60396625399260717160	      0.34193433354351321363	      0.58574728835604483734	      1.01775478981907907539	     -0.01914695090099215874	     17.71325183287500948381	     -5.19839070387431245734	     -6.22526811304431948457	     -0.24174739248407348113	      1.52835636632032323412	      0.04832184867138365758	     -0.23045207583553795061	    -19.44679639986753727499	      5.45954566004652797062	      1.79538687164718324674	     -1.12581338730335933640	      9.65553836366199114138	     -0.06844050119763796236	      0.08772665180766413273	    -16.62758331317840188035	     -3.69226730974792172191	     -6.32464323746827883355
      0.56963144528192721783	      4.31189739338460498175	      2.62855892747897801343	      0.36788255957379395467	      0.58567883823905375618	      1.01738187614819031168	     -0.01902185165344151205	     17.72153251811771212942	     -5.20137400416717365914	     -6.16157224483065757425	     -0.06894887426374222972	      1.53862331450529410404	      0.06428564352446206054	     -0.31358851801871351350	    -19.53498923799226716369	      5.45651146072635651052	      1.84258850913566218921	     -1.15561877183618211262	      9.66055924223904938231	     -0.12814626039106544186	      0.25349217957936537315	    -16.61588658328335910142	     -3.69187627950627428319	     -6.33448152857900481649
      0.57076954286751702128	      4.30210003441220845133	      2.64368920734227064173	      0.38438274171203462570	      0.58563626808853819217	      1.01714112717510696271	     -0.01893696742342555403	     17.72845863313880343526	     -5.20255136383484639850	     -6.12005217792958156053	      0.03235450768474097683	      1.54322473396918780075	      0.07079612914667784973	     -0.36760263280250876639	    -19.59219389442174730220	      5.45311415597230109142	      1.87079081049475104415	     -1.17530751117910892134	      9.65233885662725299426	     -0.16041982285746672621	      0.38061402853142312086	    -16.60845058537360330320	     -3.69078544063524782715	     -6.34020265490935219788
      0.57237569413840916344	      4.28844071093269274542	      2.66365305820090103595	      0.40694676127292012113	      0.58557882773506464424	      1.01680340932787238728	     -0.01881220955475981435	     17.74060729399121072447	     -5.20285737434858486239	     -6.06096319268799188507	      0.16002576435051116266	      1.54767787376809051736	      0.07239461618210411842	     -0.45158917287953131980	    -19.67235981190490790027	      5.44630156825731681636	      1.90638288878833805917	     -1.20470102698787329132	      9.64913145923014958782	     -0.19074529905738824009	      0.55770924481503936221	    -16.59803095906951853067	     -3.68794200205738675891	     -6.34711197059033604972
      0.57453848683962627231	      4.27003209801321226280	      2.68776996050446159714	      0.43677151110963718939	      0.58550594774570041690	      1.01635183630326464410	     -0.01863593349876804806	     17.76169944722992610764	     -5.20075502548822310445	     -5.98136586542450121584	      0.30349856327958246727	      1.54949238632917229985	      0.05851237033055888687	     -0.57176863486393936231	    -19.77801328425610449813	      5.43276184251149718563	      1.94616935151000536308	     -1.25068230312290662454	      9.69047698642733124075	     -0.18183530071059009203	      0.73617396874561591424	    -16.58384501770314756186	     -3.68130873383291312706	     -6.35494605901710230000
      0.57631703738073347676	      4.25467248155369048845	      2.70548923645904526580	      0.46149355030332328553	      0.58544970798066264805	      1.01598318472870885465	     -0.01848503782040466711	     17.78328686172786632369	     -5.19743167452441579002	     -5.91708861183898093827	      0.39690118898551468574	      1.54896103215312663792	      0.03603344698874319518	     -0.67255547801424120369	    -19.86231017765241091411	      5.41805988425653062279	      1.97404929897005088080	     -1.29513526042652471482	      9.76665931435909406844	     -0.13372070880976627549	      0.81770017128638594617	    -16.57187221894579920445	     -3.67354234432699566781	     -6.36085754667554059694
      0.57788736192294354321	      4.24105062497181339864	      2.72001394433075116552	      0.48378235666028035489	      0.58540297858582068802	      1.01566033790057597130	     -0.01834821938632357277	     17.80532617713936716086	     -5.19401280937921860925	     -5.86214719782376914026	      0.46096174365009384699	      1.54929893727081502419	      0.01270204659524620631	     -0.76267220495891929755	    -19.93506861486448400456	      5.40307682445878345590	      1.99802179309922678385	     -1.33840393486634656739	      9.84809336959897763109	     -0.07845823057506259857	      0.86250796853850342227	    -16.56121285944905352494	     -3.66533853070916171291	     -6.36613153045592472523
      0.57996221227480793114	      4.22323929620830451626	      2.73820499095444436222	      0.51424799169922530417	      0.58534584514126219990	      1.01523871203055637835	     -0.01816345416726633522	     17.83820770980145198337	     -5.18975207950380745814	     -5.79354084337680586003	      0.51943502363579518999	      1.55448816521218291520	     -0.01446866910485979964	     -0.88492488297373572692	    -20.02949598591378688184	      5.38143022047899144411	      2.03343834622783381505	     -1.39935042102214302062	      9.94522295884614315753	     -0.01988738481399934810	      0.92592982225841213850	    -16.54732164064103372425	     -3.65306799690684824711	     -6.37372230746331691620
      0.58109497912158236677	      4.21372348786007755450	      2.74776650292347923710	      0.53150810773185430680	      0.58531706719396747740	      1.01501134312854790487	     -0.01806102271522894501	     17.85769927613024776747	     -5.18777027882906338618	     -5.75857904222407412931	      0.53903810727850909323	      1.56067725766936016285	     -0.02416836991110365984	     -0.95399499342328353269	    -20.08049366318728701231	      5.36890826044329649847	      2.05571910166275229059	     -1.43378565957229686667	      9.98353946133196679114	     -0.00330932981367767273	      0.98826668748681778531	    -16.53995969665355403322	     -3.64574624960097937176	     -6.37834332233230405507
      0.58267251137224618240	      4.20098232198044474472	      2.76053735141196598946	      0.55653243019039300155	      0.58528006279460842443	      1.01469868752510850030	     -0.01791689817473683666	     17.88612268032542118590	     -5.18539764865545915740	     -5.71359062831675235117	      0.55233452740882682530	      1.57324815373618287495	     -0.02910237244279547178	     -1.05281790012512477261	    -20.15121501428813743928	      5.35041065928006887020	      2.09026073875297413451	     -1.48282969299013700493	     10.01563886659032043269	      0.00193615250924112844	      1.13992684616625949978	    -16.53026041675202861825	     -3.63462011225852510421	     -6.38556187214133874619
      0.58446690862467975958	      4.18699125906309088663	      2.77377359237360288091	      0.58689026722798864899	      0.58524222529690672623	      1.01434827947531269743	     -0.01775153562043396693	     17.92028955357831776496	     -5.18281890741872608430	     -5.66848601956745490327	      0.54815762296360281969	      1.59072104778943379522	     -0.02260231369271923502	     -1.16518348987842967901	    -20.23053474784409644371	      5.32719114565784845894	      2.13473108764567109930	     -1.54201882811654744643	     10.04360065632389265033	     -0.01068564481914083611	      1.36673314520821409523	    -16.51977152897495315642	     -3.61994576305673509964	     -6.39520477848498458684
      0.58649921700616125531	      4.17122947571547530998	      2.78640379941587257306	      0.62382473562365137187	      0.58520468110154089114	      1.01395707501818721497	     -0.01756230476306208654	     17.96191409863978449835	     -5.17920586651644043741	     -5.62488589202671640521	      0.51918870893868052097	      1.60825511718345581791	     -0.00470928079060853062	     -1.28323579456931291531	    -20.31780194009037998626	      5.29721465407493941058	      2.19034357379737532057	     -1.61575152279876554928	     10.09502491478974484096	     -0.03224772586923253803	      1.63347163151416507887	    -16.50793430506575276695	     -3.59994905734310366441	     -6.40786843766428937386
      0.58854936101955268590	      4.15506750965750093485	      2.79631120154924772692	      0.66310981927872669761	      0.58517263188402768304	      1.01356804438736070040	     -0.01736788387016022575	     18.00761474441245013622	     -5.17406393341366310779	     -5.58678358889036807966	      0.46446020414497374285	      1.61515032901311861302	      0.01514409780536072822	     -1.38088856522571790109	    -20.40273612629330912682	      5.26273435549267620814	      2.24923621390577155310	     -1.69760886713308023488	     10.17837531449736765410	     -0.04667556204842119444	      1.87572630750878421857	    -16.49555741671347064425	     -3.57604258816795317344	     -6.42174561797427045917
      0.59001007476140920893	      4.14345815733411004800	      2.80180457693815165854	      0.69159594843648442009	      0.58515363738607184541	      1.01329465894761772127	     -0.01722593789642741166	     18.04253025057972337208	     -5.16930631833638010164	     -5.56139800356702185269	      0.41015914846447520947	      1.60957998264448876036	      0.02469358077153317038	     -1.43230322044359104083	    -20.46180671724587440963	      5.23587390311319023084	      2.29115114926855234501	     -1.75925788406413419196	     10.24589145905215126220	     -0.04963106050262745123	      2.03344821694194655137	    -16.48647749988419874967	     -3.55711714311309057379	     -6.43165224671664859102
      0.59205508558565056454	      4.12747207374363522803	      2.80777509456714158276	      0.73132996932731075823	      0.58513295344037585810	      1.01291837168365961297	     -0.01702109500516124294	     18.09437169055881611257	     -5.16122067878880042002	     -5.52613618677925177991	      0.31316975963422061247	      1.58635176618972528750	      0.02662547110295845898	     -1.48815267265078698955	    -20.54355885479898802259	      5.19574786872561933393	      2.34871944193525461486	     -1.84779410385156217522	     10.32223343732007769802	     -0.04913735390897330108	      2.32221784623054317009	    -16.47376447647038233413	     -3.52871533765887290812	     -6.44490156502371114300
      0.59397677422636252498	      4.11295916458987953490	      2.81174340718022630625	      0.76838685376271886884	      0.58512014093666908643	      1.01257223708027410680	     -0.01682191260665326371	     18.14594713555192129206	     -5.15222024255465171905	     -5.49274178018137959612	      0.20001457136568567829	      1.55284622124671134458	      0.01644299479084122828	     -1.53738082624081839889	    -20.61974775259528058768	      5.15558595634818050968	      2.40146285612930121545	     -1.93283739136873689013	     10.36593019885762245735	     -0.04451574758093794493	      2.70381921735470820423	    -16.46202940026086736225	     -3.50023534656866930348	     -6.45664591117418584787
      0.59576328991171245697	      4.09962747822215956006	      2.81402200336785801582	      0.80297687384869176341	      0.58511400630765797448	      1.01225633031105921589	     -0.01663156810354263215	     18.19664958487268435761	     -5.14281745254499256248	     -5.46218743158842467977	      0.07563423752272703526	      1.51994778828400156634	      0.00127924666090491667	     -1.59112244443381500858	    -20.68934770833439173998	      5.11605768200344801500	      2.44955024796560882905	     -2.01499361872955651265	     10.39856274856306939114	     -0.03033061336921762455	      3.10621391445639316586	    -16.45098615947202702614	     -3.47212364064448086864	     -6.46733054876519464216
      0.59751270637153730547	      4.08650100869501020640	      2.81500145552128655524	      0.83745492345727645667	      0.58511342534361976409	      1.01195186342071274943	     -0.01644121180431650994	     18.24905889885482679347	     -5.13295602525787764137	     -5.43367504164509451670	     -0.06422183679461672401	      1.49661112792366979285	     -0.01217344167571263701	     -1.66434549009296706146	    -20.75577132648377798319	      5.07533175383680923431	      2.49661350942003767983	     -2.09978560300485295187	     10.44073127182273097446	     -0.00395642210450146935	      3.49701482739507518716	    -16.43980447672839417805	     -3.44301315392132289972	     -6.47806131267988583033
      0.59961413764606197319	      4.07073921685313155905	      2.81454643105102686462	      0.87987263822130723501	      0.58511981997502349184	      1.01159285212304905777	     -0.01620801961954277531	     18.31547425063400424960	     -5.12042278599409339535	     -5.40280851005086582006	     -0.25575852496320783391	      1.48021735582357671923	     -0.02178785985562737421	     -1.77275444047377250811	    -20.83331246931654234800	      5.02395863767610606487	      2.55451799558305481241	     -2.20783440981511080992	     10.51397692407643802426	      0.03837198029425368390	      3.91985692567987387136	    -16.42601377263266115847	     -3.40588429927359914728	     -6.49152704024712789987
      0.60101557606743905016	      4.06043545460175625550	      2.81339606278166964870	      0.90866281704761087124	      0.58512848546579954156	      1.01135804342856228111	     -0.01604986012883232935	     18.36167735480446694396	     -5.11182470937383026666	     -5.38471764610566872022	     -0.39775869393861829071	      1.47595051713322855669	     -0.02210329137651049353	     -1.85493822633719274151	    -20.88404940161681722088	      4.98856614810860854448	      2.59478492317604070294	     -2.28307714163720421041	     10.57156429204028924573	      0.06468436830711499219	      4.18160902252124255796	    -16.41682113679501497927	     -3.37996139123274508265	     -6.50081131921358412740
      0.60312076785592727557	      4.04543720460854672183	      2.81097122206512795017	      0.95242116459008163698	      0.58514845445975383065	      1.01101279820776834839	     -0.01580839409093954054	     18.43381224905280646453	     -5.09915663852168954406	     -5.36102856221090462441	     -0.63231393673333569083	      1.48443548031102490192	     -0.01060687321708769955	     -2.00729343634091295101	    -20.95934411459929336274	      4.93462269154735455601	      2.65868983734590447199	     -2.39943404719839481487	     10.65241960284311240059	      0.08621927551665521661	      4.63729813117082301233	    -16.40317463817758536493	     -3.33992529438359042615	     -6.51516468020319994281
      0.60510907910530642440	      4.03160907622879083334	      2.80797358040420519387	      0.99419900241602487956	      0.58517512258413839632	      1.01069501835387609567	     -0.01557607171681775309	     18.50493337453423237093	     -5.08739716647496376112	     -5.34215319318087811240	     -0.87587444217998300378	      1.50033466963464601207	      0.00756903015404863846	     -2.16800478982995681321	    -21.02934557272561377772	      4.88304170559070893631	      2.72286255787938991091	     -2.51261620967643084512	     10.71969490403644620358	      0.08346494878405862072	      5.11545354888851289132	    -16.39021826512354351735	     -3.30098045050720223514	     -6.52908971809696758726
      0.60712698764490180547	      4.01789301171014834324	      2.80380598317530749242	      1.03706974082378811097	      0.58521006606885783707	      1.01038117443711938925	     -0.01533593588004139585	     18.57958315845946373202	     -5.07498863742059924675	     -5.32590538901959664742	     -1.14253045615500736787	      1.50778905654857453555	      0.02135869467957291629	     -2.32197844350639259758	    -21.09922090469539668334	      4.82952424404798730251	      2.79063213773789797756	     -2.63101144631838579357	     10.78458539743200006455	      0.06630260827672611323	      5.60723806387611922730	    -16.37694999883023072584	     -3.25986304134145843392	     -6.54351597175956634089
      0.60910331496488023806	      4.00513367852288926230	      2.79812360184346742287	      1.07955518850869180980	      0.58525212443493068726	      1.01008332061435113225	     -0.01509624618063162317	     18.65414990226712177446	     -5.06160715797593674381	     -5.31227743963356946466	     -1.42030068895953909269	      1.49061671546095264596	      0.01908614983094653744	     -2.43944384252511614619	    -21.16684909420877147568	      4.77520322641273597952	      2.85782150428080017335	     -2.75076713251850790698	     10.85112515520460441110	      0.04957789379837502369	      6.05571014600212187418	    -16.36422161724758694845	     -3.21748305219559505019	     -6.55786053379895239601
      0.61035044250747239047	      3.99771549897290423559	      2.79358848273893878300	      1.10659351574472664126	      0.58528273711543443714	      1.00990089141857830590	     -0.01494255104847810704	     18.70144179830038311252	     -5.05230988484616805323	     -5.30463428689211369260	     -1.60323257843470967643	      1.46259341445579615915	      0.00664378726865344146	     -2.48916510162082582625	    -21.20942666195860581979	      4.73971342128649375525	      2.89987392392436982291	     -2.82831877882135263036	     10.89540355497528700823	      0.04488535768830715506	      6.30967807566233940264	    -16.35664086236806014085	     -3.18952391027248882693	     -6.56697752304191606498
      0.61230717260697586912	      3.98724480514873169668	      2.78520416190862762917	      1.14916478594368243193	      0.58533719182376997558	      1.00962379862041773393	     -0.01469733832796561203	     18.77582837751940303406	     -5.03654288060600663357	     -5.29382872262085069082	     -1.90187343335328584715	      1.39152507023414284681	     -0.02905017001880139463	     -2.52926483576410898735	    -21.27628361598203099447	      4.68237625877616725489	      2.96471325053932410754	     -2.95289269780871865834	     10.96170286751270417369	      0.04873648668856350730	      6.71146581501798156211	    -16.34563983865099956461	     -3.14404073879409384773	     -6.58125952728842555928
      0.61400826928255158865	      3.97871990759882399047	      2.77720693501356841182	      1.18610883590422133693	      0.58539080484866079512	      1.00939097335700478375	     -0.01448007302202146233	     18.84164089562302990544	     -5.02230322286445751701	     -5.28568070389662825193	     -2.17375768736258390135	      1.31054401111279639203	     -0.06884123433794996083	     -2.53615413119221599914	    -21.33369393275708247870	      4.63159713606405620823	      3.01994985753246902860	     -3.06440504486239584381	     11.01595424163527781047	      0.06501185125775588158	      7.06529916872442953490	    -16.33630144322431121395	     -3.10356547701704021947	     -6.59359953832611278557
      0.61596989350990183354	      3.96889907163251631772	      2.76778503145606569191	      1.22865818005861915374	      0.58545986326658450150	      1.00913049796865261776	     -0.01422528536511869987	     18.91995324449442250625	     -5.00619351462450268286	     -5.27872106597999835031	     -2.50281474095141698299	      1.21316995954478668018	     -0.10908857256313302109	     -2.53519752393074782049	    -21.39818270837189473355	      4.57275789465092596942	      3.08312906132763497880	     -3.19728297618590495688	     11.07905050626403209435	      0.09872249188097025063	      7.45693811910283699262	    -16.32504088142547615803	     -3.05648607390174786858	     -6.60793821226279209924
      0.61775539817297620004	      3.95982658275978183227	      2.75929783623644508950	      1.26760161581914077011	      0.58552963391431711582	      1.00890039331275760404	     -0.01399022438554391526	     18.99379171035762325914	     -4.99244594695140353480	     -5.27596415230697246557	     -2.81784955145933313503	      1.13949291242487116271	     -0.12524274817245525937	     -2.55069201094536568419	    -21.45506206996977027757	      4.51933127703023451716	      3.14149885642978610178	     -3.32251236679555894682	     11.14147922909338639386	      0.13892288560496363070	      7.78126668586512870718	    -16.31415472257159748892	     -3.01346548516372303439	     -6.62143518802432939907
      0.62002585230989371023	      3.94860110989820922711	      2.74857498279421452736	      1.31790827533075605160	      0.58562834987465928194	      1.00861804272373323244	     -0.01368826592119344078	     19.09051304738935428418	     -4.97657151723016788480	     -5.27884860595474236789	     -3.24027794384794498583	      1.08792318057408454735	     -0.10191179083812428041	     -2.62159914929700610386	    -21.52549559050357430579	      4.45168845504914933997	      3.21927240821001126037	     -3.48750471820252805344	     11.22993221360926341390	      0.18971334938047834662	      8.13632832063169431080	    -16.29994995934966084405	     -2.95827169456047656126	     -6.63970520300791289259
      0.62181918551766934833	      3.94037269154054792253	      2.73985670307399153955	      1.35848047931721627180	      0.58571455921783921461	      1.00840379403673763292	     -0.01344793505261232883	     19.16842986534857828929	     -4.96504980128676898232	     -5.28615314567271532553	     -3.59051005755244156958	      1.08605758341555813651	     -0.04751568352755521085	     -2.72736397319197232392	    -21.58015068155446058995	      4.39835033902402727790	      3.28499347586064294191	     -3.62211719065444226473	     11.30753425584115134939	      0.21833863439791159622	      8.36467422353434386650	    -16.28884322868679745966	     -2.91384876388453450957	     -6.65515759485046221045
      0.62361434447921315627	      3.93222383519984930444	      2.73085812309091124916	      1.39945920481269103774	      0.58580809282427348528	      1.00819646021829223415	     -0.01320533338131822665	     19.24816175180171029524	     -4.95403312812574192492	     -5.29626267885562107551	     -3.95437757435180703425	      1.10885785671668601893	      0.02696712976652053742	     -2.86549389576917645783	    -21.63349048638961136248	      4.34530832768279751122	      3.35486790151730041032	     -3.76051211371557680962	     11.38925961898239869186	      0.22978259203446185777	      8.54881627983690250971	    -16.27725895022965829639	     -2.86868415262382470132	     -6.67115481563610135396
      0.62529759885956570642	      3.92468272932279704790	      2.72201739954938082278	      1.43787928207223458799	      0.58590231500933076525	      1.00800899258582377094	     -0.01297541237071768612	     19.32412092099551514934	     -4.94354764803167512355	     -5.30650784509082740215	     -4.30539555250836691869	      1.13303582614486919589	      0.09586414641984904172	     -2.99710193729212281966	    -21.68230749634836129758	      4.29586120880955579793	      3.42347300214361460746	     -3.89329628996657417517	     11.46367940299138510341	      0.22351689287462461753	      8.69153652234563800505	    -16.26598302897160763791	     -2.82561950999658106909	     -6.68628072526945427256
      0.62693373326315726679	      3.91790745243404847642	      2.71267847040445309048	      1.47511058827742913557	      0.58599994268901689498	      1.00783444222413254288	     -0.01274923189778045911	     19.39803370230529466767	     -4.93239882372507398856	     -5.31585321889994233402	     -4.65319180073082971916	      1.13804258626191412418	      0.14219915199420074536	     -3.09793937801100627283	    -21.72916013995786954638	      4.24760478782710571011	      3.49200502285067804209	     -4.02496711806192575267	     11.53079445774699252070	      0.20510831778515206669	      8.80982239262495170351	    -16.25515364596929401841	     -2.78271728058623368796	     -6.70091137422382221445
      0.62886120696265856989	      3.91137291970057532353	      2.70021747387192023737	      1.51885973141923424912	      0.58612259073216577132	      1.00764029020669498848	     -0.01247903303422947738	     19.48371715667930814675	     -4.91709501026007700375	     -5.32505657967895285054	     -5.06826938921685332673	      1.09753066408503618945	      0.14974322568451262083	     -3.15110437664867104601	    -21.78434890423376302238	      4.18973866364145575147	      3.57351541712392073435	     -4.18341056370742503390	     11.60252049065306678699	      0.17630685377380081458	      8.92884435935101627990	    -16.24339931002999648513	     -2.73028267006600344757	     -6.71796973791105944684
      0.63049289294124966077	      3.90753809594326995125	      2.68817380298818386919	      1.55590879431381901021	      0.58623283972568374089	      1.00748672543052442130	     -0.01224708981501590986	     19.55416768726082210605	     -4.90187760817687756543	     -5.33116060240177525031	     -5.42247722008558863394	      1.01363936342403149204	      0.10749260902628984815	     -3.12570408580891268002	    -21.83145411307263472622	      4.13940170751803560023	      3.64200364099214679570	     -4.32064331176974825155	     11.65892048102917755159	      0.15410641293111787542	      9.01343477395837311406	    -16.23483215218309183570	     -2.68398219278959970779	     -6.73230762966262652469
      0.63215976861044431701	      3.90502363565189014594	      2.67475903734089337505	      1.59401691963154812370	      0.58635133942743355995	      1.00733978257261069800	     -0.01200758734141069671	     19.62435042432112553001	     -4.88467742562841245046	     -5.33646401385530122496	     -5.78670991577543691875	      0.88147124551461120134	      0.02138598326576029995	     -3.01346218252274899996	    -21.87945696984493437753	      4.08687985654506569233	      3.71151255931817081191	     -4.46449980599966522732	     11.71712572419393794121	      0.13979261020924171888	      9.07494393156215473084	    -16.22718857667591763061	     -2.63516017108848599193	     -6.74717840877356067608
      0.63371620860949273712	      3.90312608766157875806	      2.66211887717863415759	      1.62981476226388144468	      0.58646709860764734135	      1.00721000011138417385	     -0.01178202800864139137	     19.68960730205026621320	     -4.86837884675267051904	     -5.34157703920721704804	     -6.13050210466447076385	      0.73193702222416412440	     -0.08159724884029170844	     -2.84796346412788992097	    -21.92298502503154011833	      4.03787873771284466784	      3.77630439202053702630	     -4.60293775922257086819	     11.77372558720732875770	      0.13596205034864342065	      9.10861368165845597389	    -16.22015525779186617683	     -2.58920262109444188070	     -6.76148428382779620449
      0.63532697451514574816	      3.90113719048040241688	      2.64971185208755599660	      1.66704069490907480500	      0.58659211111627140856	      1.00708202412006619930	     -0.01154713537183454583	     19.75785940513965499576	     -4.85258267324572223345	     -5.34871541011078921457	     -6.49223525624131081457	      0.57758636328553236705	     -0.18455009996721677412	     -2.65618518181859952776	    -21.96602367264768673749	      3.98816959333261733534	      3.84360220494239657185	     -4.75084771281226814210	     11.83402034725117246694	      0.14080961465448962877	      9.12376105366667289331	    -16.21243531049987396386	     -2.54213922067174502573	     -6.77689633092119336766
      0.63728359792802502515	      3.89865153584435608636	      2.63620400467200788341	      1.71263638275853335990	      0.58675142169648553114	      1.00693457238722450242	     -0.01126078818422000631	     19.84215780478561086397	     -4.83631644750241651565	     -5.36265496337178593222	     -6.94250809093095178071	      0.43049905292479057062	     -0.26456713805728521161	     -2.45802484731381243321	    -22.01542909726932251147	      3.92994109465479501964	      3.92634674620237467124	     -4.93714352334858830318	     11.90900593735386969740	      0.15524179677666918864	      9.12100459309159639076	    -16.20238042278722900846	     -2.48627242100556644644	     -6.79676173651298753953
      0.63904162025044641826	      3.89673662433320222576	      2.62562234525332627300	      1.75412149021832730611	      0.58690192289060749697	      1.00680982730418566717	     -0.01100339679159766798	     19.91879237392316781552	     -4.82511378980829341856	     -5.38194327973503838791	     -7.35859101042215701938	      0.36345838319857304288	     -0.26570055502279010806	     -2.35949670701039027065	    -22.05755096184894625821	      3.87979736433324262634	      4.00207836831573970926	     -5.11071612723762758179	     11.97693772046328675174	      0.17156514332817060509	      9.10482137480320652401	    -16.19309897485002736062	     -2.43728136433308506525	     -6.81587729277535281369
      0.64046816835413056257	      3.89574628202800354870	      2.61785772810224504070	      1.78821475761624504308	      0.58702935355698138142	      1.00671448782972228209	     -0.01079478782825291257	     19.98103088692059259301	     -4.81828353295896771868	     -5.40256882193242571333	     -7.70402664324045449717	      0.36045220070928518652	     -0.20985499995612796886	     -2.34870384619496963552	    -22.09053730197639708877	      3.84037838317358515283	      4.06459238903787500874	     -5.25578957790969614194	     12.03213902220084463579	      0.18402928252825276334	      9.08486219846678899614	    -16.18575026353140700053	     -2.39801498112572408772	     -6.83227041975159909981
      0.64194282866999408110	      3.89555939454241739739	      2.61017211514699543073	      1.82386356436407548465	      0.58716611132393270456	      1.00662209737660335307	     -0.01057938098013850442	     20.04476869994008580989	     -4.81277929566027129482	     -5.42793995895103176252	     -8.06720536203703453282	      0.39674163463878059366	     -0.10500277854375276998	     -2.37745644028336000630	    -22.12383780324103454973	      3.80040374769063227234	      4.13037151166442484396	     -5.40971696217993525124	     12.09051647829644515753	      0.19418876564401785223	      9.05036916474643504671	    -16.17865137089888349919	     -2.35737856500016240702	     -6.84992930460545235150
      0.64335579527072950246	      3.89637566784818289989	      2.60274948788906401731	      1.85812678582975387975	      0.58730184657293438288	      1.00654004581646816519	     -0.01037263518116524237	     20.10474661068015223009	     -4.80815965070105999501	     -5.45460465927679383213	     -8.41908899366471885628	      0.45078010787943506577	      0.02356509986188298419	     -2.41648389565554166936	    -22.15519483822087210001	      3.76254759391668347490	      4.19418776592864261943	     -5.56085934117762903384	     12.14618380719352863650	      0.19966356774426874399	      9.00599269148767334059	    -16.17253526485366421639	     -2.31804234612752457778	     -6.86715321751075258305
      0.64467881073772348444	      3.89806716575953915438	      2.59539192391349793354	      1.88996525979518348315	      0.58743292445747574693	      1.00646938458247348080	     -0.01017796152801114795	     20.15961637469848710680	     -4.80348322755101175829	     -5.47984762305678607675	     -8.74995389173903070912	      0.49672542447508305496	      0.14697969559480356105	     -2.43583435155131233785	    -22.18409515388419706028	      3.72722939982777701218	      4.25409890575566151938	     -5.70549850965903537769	     12.19545925667379115964	      0.20013469140349582354	      8.95997206738724116803	    -16.16746464089107959694	     -2.28056579521328783855	     -6.88312512900219264367
      0.64634484947519477149	      3.90139039385410635319	      2.58506742962637448002	      1.92927645134101188873	      0.58760313012618459183	      1.00638925188965866475	     -0.00993013853075290324	     20.22667616538502599610	     -4.79570980920580414164	     -5.50931881562818315246	     -9.16552902833765337220	      0.51567785024740131483	      0.27164280342315616501	     -2.39465613704076041302	    -22.21969704482115659516	      3.68251672227242776714	      4.32888722193580566255	     -5.89188102856856854572	     12.25136217925028425668	      0.19470323482193110931	      8.90152052491629142139	    -16.16189386603664246422	     -2.23209593614690682273	     -6.90245073314533996722
      0.64828408077802679443	      3.90655681896411000054	      2.57107747979072431832	      1.97343621020529691457	      0.58780790751154998741	      1.00630833151518528368	     -0.00963647110210839354	     20.30195623349941413949	     -4.78236567606258500263	     -5.53699552928989913170	     -9.64428125729143381761	      0.44466631151278618317	      0.32762552981497838900	     -2.20596624090949156027	    -22.25943193984891266268	      3.62972280919313483594	      4.41381768581085864867	     -6.11500600758670831425	     12.30758589334479147226	      0.18267388200566259115	      8.83654562731046411272	    -16.15614999073155999554	     -2.17356707195662446352	     -6.92321569692026717036
      0.64999937438647326093	      3.91170851853043144430	      2.55697235870129979673	      2.01087999548031826080	      0.58799454744946322293	      1.00624700137568323655	     -0.00937144039194268315	     20.36670066719997151949	     -4.76619660996975191836	     -5.55394525449542442175	    -10.06209130021567332847	      0.28534678732043339267	      0.27375717814540662109	     -1.89974997461000749688	    -22.29217784885871012079	      3.58240550454138739767	      4.48630598008114311881	     -6.31838838296662519411	     12.35159325366579707861	      0.17056368095182683486	      8.78170171547104239096	    -16.15110977826612170816	     -2.12007273708874510731	     -6.93985820567158295802
      0.65121846053008780597	      3.91534463608092808684	      2.54660889649019583914	      2.03695695026075407341	      0.58813022334515729916	      1.00620840601841288198	     -0.00918131207675415388	     20.41223128328691061029	     -4.75372923163203786601	     -5.56434111923497809471	    -10.35731437096658602570	      0.13818483416012644627	      0.20543910087646291562	     -1.65412351281567571171	    -22.31350997185349172014	      3.54903806497661600261	      4.53713313898159853466	     -6.46686266062257519849	     12.38230636829820952016	      0.16255713336675561842	      8.73769045429062352071	    -16.14718310123000932776	     -2.08166095432349518290	     -6.95125503901913432969
      0.65298255055108178624	      3.92058162942291943409	      2.53253359745508133116	      2.07500839396525460501	      0.58833118503564862944	      1.00615936246139825450	     -0.00890677792070458142	     20.47739266328071749967	     -4.73776696625906179605	     -5.58307038425343460375	    -10.78498410917217498195	     -0.07183822033722346567	      0.13412975901360130182	     -1.37195483275485852204	    -22.34127142482439865034	      3.50239475236828479154	      4.61194806017203706716	     -6.68820741350606873254	     12.42833515408143441050	      0.15230942405504924175	      8.65676274858949668101	    -16.14106030084677456671	     -2.02667678991695598967	     -6.96858012202771082144
      0.65501914243238512636	      3.92680392391095622884	      2.51832285820332080206	      2.11975396353021450224	      0.58857045129168239495	      1.00611241080201230247	     -0.00859152469204852061	     20.55127768489556316922	     -4.72350118112669470349	     -5.61065731047755544836	    -11.28127619731296782390	     -0.26892878308923068298	      0.11392458470803468185	     -1.20418894160716338781	    -22.36884097583564567913	      3.45153745885315244024	      4.70035578494016714757	     -6.95360210767037134616	     12.48231000619195008028	      0.14317331917065703739	      8.54382005234786490178	    -16.13355016355758309032	     -1.96475144877874674521	     -6.99034836484113597521
      0.65714640040897864814	      3.93370370173135386338	      2.50589129009361988309	      2.16726607603197551910	      0.58882925395624841070	      1.00607385251243908186	     -0.00826390505631985697	     20.62687897738654285718	     -4.71335659408228480061	     -5.64522594658756560193	    -11.80493925773610719432	     -0.38365303203507605811	      0.17767330128168162817	     -1.24307604435163177037	    -22.39271819953253483959	      3.40190083157991551843	      4.79419320536979931546	     -7.24202267970445401346	     12.53646042647373093359	      0.13695615017962961546	      8.41330270187254214420	    -16.12532938553295736028	     -1.90199392464770111744	     -7.01498315244619696784
      0.65884194888676406165	      3.93969253699268451285	      2.49722975451254614043	      2.20532169214346351893	      0.58904227370854977952	      1.00605072839560794051	     -0.00800306454537389952	     20.68585382961756735654	     -4.70766617817025778692	     -5.67503507123229944398	    -12.22667319255841356096	     -0.40211171242444931906	      0.28211178440440887183	     -1.41711441762494283481	    -22.40843695034019944501	      3.36437318728824763525	      4.86888770182840158185	     -7.47975872828593590924	     12.57464939799963765665	      0.13409744512839491537	      8.30880144676461718234	    -16.11865074450914647741	     -1.85293202198141115922	     -7.03549455401330181559
      0.66001012860958485629	      3.94415605765624244228	      2.49152236072807742318	      2.23142659958746847337	      0.58919249595990152990	      1.00603883532967763870	     -0.00782292944967663204	     20.72572040111969471354	     -4.70419599078822781024	     -5.69559363613116609315	    -12.51908808147667251376	     -0.38392750455487356653	      0.37100356690000679816	     -1.59009961800159782541	    -22.41767633313440910570	      3.33918124213127764932	      4.91964466400554290004	     -7.64741645182680596093	     12.59690588518480325320	      0.13299254589798875648	      8.24044328178700347109	    -16.11405793953301923693	     -1.81927122078048930653	     -7.04976641136036530355
      0.66158296459111676224	      3.95082880134499037084	      2.48307678848319968168	      2.26607088668279788024	      0.58939907700054006146	      1.00602861038865420973	     -0.00757794114957267752	     20.77791036948343972313	     -4.69729141939351624302	     -5.71885479788080353103	    -12.91267792021619875698	     -0.35064791213962714922	      0.45323197484827137949	     -1.85528079115295141399	    -22.42835067854359465400	      3.30492981749263492475	      4.98633428184789107007	     -7.87791244728470374525	     12.62238318369291611987	      0.13331473076192973393	      8.14704546375878813080	    -16.10810753372041048692	     -1.77312838055120791658	     -7.06851109750795902897
      0.66389532220636848781	      3.96211543169021229716	      2.46725026344624875918	      2.31497768549454674414	      0.58971129742742722790	      1.00602644324795731379	     -0.00720948729421676867	     20.85086735009075908920	     -4.67822734368881487654	     -5.73892146982200124228	    -13.48561883658891247251	     -0.34362009651515962316	      0.41214426189279967927	     -2.23276305680531006459	    -22.44045905210684566100	      3.25216760312912489539	      5.07955404265253651630	     -8.22636462930702094809	     12.65113980977962349073	      0.13706670417312849519	      7.99990662560140464166	    -16.09991026680237879987	     -1.70195707238595250743	     -7.09363564515571454194
      0.66657169763637980076	      3.97576221596985535101	      2.44536816214851615570	      2.36869385298433288156	      0.59008348491198869823	      1.00604131917459271861	     -0.00677331400245193005	     20.93103164543022742805	     -4.64643243440704623026	     -5.74884068771989031887	    -14.13699212502377555722	     -0.42984013768039613934	      0.16495340383814721674	     -2.56941547112988200041	    -22.44668460525532793781	      3.18952148984960714984	      5.18135696694672898133	     -8.64471986911873457871	     12.66837150859529970148	      0.13943376342282770564	      7.82725125729509763062	    -16.08967448466458805001	     -1.61615165559918261273	     -7.11960749985635477088
      0.66881587247222062942	      3.98654325163841072310	      2.42696402420347290274	      2.41285654637020785529	      0.59040303933345084086	      1.00606647055420950210	     -0.00640564410504792375	     20.99569760944930862934	     -4.61885850507207251781	     -5.75828555752278337110	    -14.67440039602769275007	     -0.56022337230784835516	     -0.10255541074985520533	     -2.77457598037587116480	    -22.44347894868512227617	      3.13869844692177846213	      5.26456172510457598435	     -9.00902146006640336395	     12.67184516150742368268	      0.13546334002179841183	      7.68300176303289195090	    -16.07948155411961366212	     -1.54393248292614826411	     -7.14104570856285558733
      0.67017884283065987105	      3.99271119437665822360	      2.41673172085088694416	      2.43995221487363211921	      0.59060012399053929411	      1.00608709539962326573	     -0.00618406068076107502	     21.03385874751760908907	     -4.60453849132701176217	     -5.76929720669887569073	    -14.99808576472463172991	     -0.64734679057768318433	     -0.24161594324245730392	     -2.88425082104393482041	    -22.43753031652746443569	      3.10949202335879615333	      5.31496403404149386773	     -9.23639848620426917591	     12.67050627361646242264	      0.13032041163718977028	      7.59547240679878399305	    -16.07256039668102332030	     -1.50072331209715414957	     -7.15481497979730285408
      0.67230283783155986299	      4.00187154677597423102	      2.40307108303848515618	      2.48359295041318972608	      0.59091156444229930855	      1.00612724579523682422	     -0.00584447286023162971	     21.09117388837937667745	     -4.58875938911244407592	     -5.79875717676997304295	    -15.49933179883216283201	     -0.77230699820344561601	     -0.36885458716326002815	     -3.07671292508612115313	    -22.42225114655580142653	      3.06708933836972574838	      5.39460611101337317308	     -9.59993340200648859195	     12.66792013389302873350	      0.11976875340339784848	      7.44008695809400144583	    -16.06087993923965839826	     -1.43492051701132417030	     -7.17858751349043622270
      0.67477269019086982826	      4.01245164356516248461	      2.39089768575510541737	      2.53697323876645342011	      0.59128043538364671861	      1.00618707378591598633	     -0.00545976701281247409	     21.15297371260395564718	     -4.58140428089002238465	     -5.85186021813948009651	    -16.07626831619869989254	     -0.88327338852412695669	     -0.34631735688906795101	     -3.35998178363817290304	    -22.39587045547527921485	      3.02244134591694812997	      5.48848016283803641358	    -10.03643640807531056680	     12.65928347573087364708	      0.10457729838681183165	      7.23379972604396304092	    -16.04662368420913409750	     -1.36077910836320370436	     -7.21025643072500788122
      0.67712702570331739782	      4.02331104648670923041	      2.38116894973581683104	      2.58838472919365125691	      0.59163927906059365913	      1.00625794864300033282	     -0.00509849105572594309	     21.20614965320921641023	     -4.58106463627100701785	     -5.91299221655044782153	    -16.61931690791593041467	     -0.95558178400268067865	     -0.18314019661609531875	     -3.67257089330776897995	    -22.36321137338587305976	      2.98290075399387122346	      5.57484684835390797986	    -10.46552193285649501320	     12.63210896478815925548	      0.08761694001547844224	      7.03979687972867829160	    -16.03312040019160278348	     -1.29108059366663585621	     -7.24190840911293509663
      0.67946640941718150497	      4.03525222393750038208	      2.37078503400991991157	      2.63715056451867546627	      0.59200300915895276432	      1.00634139087132523649	     -0.00473732226204842156	     21.25370938206157944705	     -4.58023347924414281351	     -5.97166792124566203626	    -17.15138617647095742313	     -1.01372527854970195804	      0.03169490624409743856	     -3.98000889756503806183	    -22.32395049353853266894	      2.94430419091675021903	      5.65257218535042316176	    -10.90440705563361944996	     12.57856661201288339669	      0.07090313251526181304	      6.87076634117119322553	    -16.02003471960341229874	     -1.22097711953481113945	     -7.27132514630211890250
      0.68135508997827864963	      4.04559082512469281312	      2.36047430924412182662	      2.67324498443751545906	      0.59230162141385245267	      1.00641712234351010657	     -0.00443936686588760916	     21.28910706238360361908	     -4.57471922083850923713	     -6.00983562164289253360	    -17.57540597939744486666	     -1.06386126761303190236	      0.17571699284979799827	     -4.19739417014631488456	    -22.28689689720475897161	      2.91234971566685851840	      5.70635853828095029883	    -11.26869714739959960070	     12.51827825731110266361	      0.06208758290391543089	      6.75006269774307288145	    -16.00947484082759331159	     -1.16287630008676101667	     -7.29166180450290202231
      0.68401457403186805006	      4.05947625305416170960	      2.34117100686697154899	      2.71668268317903605080	      0.59272897354984288576	      1.00653204384572325658	     -0.00400384661459183590	     21.33750672859152430760	     -4.55429904627253101523	     -6.04241559660181337676	    -18.16500019980736624348	     -1.14620495106286535147	      0.25873062678067754172	     -4.44348925070742950538	    -22.22416071110176716275	      2.86470393922537747144	      5.76368296885923303563	    -11.79882994052949030106	     12.42355987844636899808	      0.06549332387372616693	      6.56891129861086753294	    -15.99256244964068685022	     -1.07774703415764538939	     -7.31226613193893282272
      0.68650500310808770799	      4.07096558986610723707	      2.31942381929841046073	      2.75101180542992729272	      0.59313501456652639732	      1.00664681783941989401	     -0.00358170384328890213	     21.38175100453384303023	     -4.52395897385940592983	     -6.05424247266120829636	    -18.70899267933050325041	     -1.22868053429823009814	      0.19551366585614909921	     -4.61311513018893748495	    -22.15231355696059978300	      2.81841980789797075246	      5.80157063875044709533	    -12.31563954207353184245	     12.33012674090192106746	      0.08206865466150146948	      6.38420282691859064528	    -15.97390709412872844553	     -0.99581593989927996713	     -7.32485006913894931557
      0.68889029828302350555	      4.08192228527435130303	      2.29841553388442099148	      2.78217833704773420678	      0.59352782837702156016	      1.00676596239613713735	     -0.00317327768284140187	     21.41995709026771521621	     -4.49181605913373793726	     -6.05994788542056728176	    -19.22152371452475350111	     -1.29525301257270730737	      0.05193872659836715894	     -4.74541562784502257699	    -22.07219962476422026043	      2.77483877913819920735	      5.83111873973445060670	    -12.83004386217595538255	     12.23389007363627811742	      0.09972103573468375781	      6.20083798622861248617	    -15.95537362194715313990	     -0.91756922425143716548	     -7.33556364372746294578
      0.69034086864794286242	      4.08930084417120731644	      2.28662404686408704535	      2.80184939656551357245	      0.59376812863224748273	      1.00684436263967858061	     -0.00292669382345250645	     21.43966227385974576691	     -4.47374219029898334554	     -6.06569955272822713965	    -19.52859380966551583469	     -1.32510499473525644731	     -0.04678900120185230244	     -4.81975648241188636689	    -22.01873116907424687838	      2.74941112549984900681	      5.84854159144296215089	    -13.15184901464221844947	     12.16820098777608194496	      0.10652517608047290532	      6.09298064259015337285	    -15.94474662347791671380	     -0.87073199492980735137	     -7.34319860842333049789
      0.69301345972911798654	      4.10551226722083573151	      2.26816672963284382547	      2.84134379483109444919	      0.59421291789916774739	      1.00700317829263985558	     -0.00248110828452652006	     21.46638150734109729001	     -4.44758870117530413779	     -6.08767867249844396582	    -20.08279085061946389601	     -1.36919016145049199373	     -0.20067111303240389719	     -4.87798270773714559567	    -21.91214843221711916499	      2.70541382273538921766	      5.88073588833268079412	    -13.76133445215017836460	     12.03147699825549388208	      0.10861952258732247845	      5.89198787317269623287	    -15.92796271542315267311	     -0.78663040757272739700	     -7.36154581978293354183
      0.69575285192110147836	      4.12669449888488415468	      2.25400769284760071898	      2.88669267183564359769	      0.59467105488391813761	      1.00718740287666319588	     -0.00203827473284480098	     21.47841143955179177283	     -4.43221460944729361842	     -6.12751767836167093861	    -20.63172188114651817159	     -1.41017503715805103681	     -0.27101102152802603040	     -4.82000504147432273783	    -21.79324401992064963451	      2.66419660433787264253	      5.91393902785621516927	    -14.40709283187565503681	     11.86310935976411862214	      0.09571505622072547237	      5.69231805513525923601	    -15.91574735738427825993	     -0.70348651292093311582	     -7.38654520287164650938
      0.69810054307740931900	      4.14685989566299806341	      2.24374331415498096121	      2.92668590809897333216	      0.59506506170226003416	      1.00735892982455776945	     -0.00166511898875752479	     21.47901245213704513048	     -4.42477777810385841661	     -6.16999296930679008710	    -21.08695975704047498311	     -1.44732436764657612649	     -0.24405289391963366774	     -4.69813179540748393492	    -21.68173154784174982979	      2.63071657359890309635	      5.93852659611163335995	    -14.97750727384532787312	     11.69490452997362517351	      0.07716255343434733072	      5.53300415237091502973	    -15.90725709434582313406	     -0.63336916089781314376	     -7.40961278525743161083
      0.70009334669303380227	      4.16336263686006180507	      2.23416517426668015389	      2.95890313903837531839	      0.59540015475954510826	      1.00750997216497806264	     -0.00134775061187348047	     21.47605355793390558006	     -4.41834983353794363836	     -6.20620396648202810042	    -21.46389928829533388921	     -1.48320184917912412104	     -0.16664716089585382419	     -4.56126802612362691747	    -21.57776013150397886875	      2.60193897603254953310	      5.95246253292889093700	    -15.47450665714834983078	     11.53570471956213872033	      0.06155198404453830763	      5.40911654348049975027	    -15.89899111111311924560	     -0.57310180918477837686	     -7.42726929219100551194
      0.70219349409710296595	      4.17827283433006169133	      2.22099137751457842427	      2.98901816100551220856	      0.59575363369829281712	      1.00767042008652452090	     -0.00100779441386422849	     21.47276365315514468080	     -4.40713585389574369344	     -6.23937362368619119479	    -21.85336817075331339311	     -1.52664654033547586565	     -0.05127839620082233485	     -4.39434270062091059117	    -21.45676375220349285655	      2.56933976389261697904	      5.95628749843177729417	    -16.01162793764220637627	     11.35454376591025571486	      0.05044531470655093386	      5.28493979208443054318	    -15.88698152927625706354	     -0.50719366093919115990	     -7.44129984128428478840
      0.70472956913288276048	      4.19157317306888010933	      2.19915430311430970534	      3.01840446130505091205	      0.59618055026643601568	      1.00786254760204530001	     -0.00058517348976934880	     21.47079783292270960260	     -4.38361524619855291718	     -6.26828626906708041844	    -22.31409719849364492461	     -1.58190374724034188425	      0.09630046968218700099	     -4.17722844794770420407	    -21.29336745143500664312	      2.52529128759698417994	      5.94325476208171643577	    -16.67937236491375685432	     11.12121646064804103560	      0.04779512926555049002	      5.13729399424671129282	    -15.86642858292084135030	     -0.42319339405552613975	     -7.44983980634307130231
      0.70736974411377373517	      4.20183431029898990516	      2.17076514577461177069	      3.04270307571513054512	      0.59662419660737109339	      1.00806322978048168437	     -0.00013282014080433821	     21.46804754004953608160	     -4.34835620632057651136	     -6.28669526973755132815	    -22.78183022958585723927	     -1.62894642268594247447	      0.20881884410879333891	     -3.96090474660793168127	    -21.10469786355984211923	      2.47436064046456793974	      5.91261535657955494827	    -17.39774664548884075543	     10.86364300395115023434	      0.05518487956145402135	      4.98466175178504489196	    -15.84035888047612772311	     -0.33167409396940439326	     -7.45104585366228544530
      0.70995418218582184711	      4.21217383413505608303	      2.13998159767255291541	      3.06437252081463151754	      0.59705677732366313482	      1.00826670103710891446	      0.00031607838407964479	     21.45844831364303928467	     -4.30688840740222023129	     -6.29870352211569084488	    -23.22622886190709934340	     -1.65058473073352884875	      0.23150677057547347504	     -3.77859373519539909481	    -20.90535893847703263759	      2.42059738548177572071	      5.87247472957098359814	    -18.12420273957414451615	     10.59685767126760858048	      0.06614843956902795308	      4.83680484971133850536	    -15.81487442852617064659	     -0.23984872186554259677	     -7.44927581177545850011
      0.71162746122054654219	      4.22037917414068619593	      2.11993062680397992281	      3.07907017636336899358	      0.59733551452676225679	      1.00840443160019388458	      0.00060644274984471931	     21.44634119280411610475	     -4.27912493080385747390	     -6.30672785913181943585	    -23.50677475256617299237	     -1.64144095768350717357	      0.20543080212774744719	     -3.68605095529245430086	    -20.76992279433674681854	      2.38461768031240239907	      5.84360010423279074843	    -18.60655373932948819515	     10.41486228446314754592	      0.07208653365753815712	      4.74276178857880559292	    -15.80005987709126102914	     -0.18028793768134143694	     -7.44866969383984134367
      0.71363499454024048596	      4.23221082708760132363	      2.09695799951803074634	      3.09865105610805846581	      0.59766814465785145227	      1.00857678471896572425	      0.00095149333986117716	     21.42448991505281341574	     -4.24766669309105715513	     -6.31973721676508493061	    -23.83518029923578041007	     -1.60078586279748669163	      0.16084816382601002660	     -3.60446015158293953107	    -20.60123420957654261088	      2.34107970406435716981	      5.80705830055148908286	    -19.19726460845621929252	     10.18605380281178440782	      0.07613755975161622114	      4.63046151204260514334	    -15.78460090632644075015	     -0.10965283745602580345	     -7.44999235939966197861
      0.71544005595547655041	      4.24459429534065879608	      2.07712061985206153381	      3.11813839447853879960	      0.59796536573757375077	      1.00873849161202011615	      0.00125851777656467586	     21.39776919562334711600	     -4.22100402661147278138	     -6.33498091860894074756	    -24.12115078166430492956	     -1.55136522257389453117	      0.10831612521134358074	     -3.54015430681405574020	    -20.44391127381338435498	      2.30129645540264426984	      5.77242005278434167082	    -19.73841702999021663345	      9.96815018676656450225	      0.07589865911758029993	      4.53399872051544416962	    -15.77273103107383711574	     -0.04670306258073177175	     -7.45305107469817240684
      0.71756603388049466918	      4.26013323414209299500	      2.05391878747377454317	      3.14237500354749510478	      0.59831262548057817519	      1.00893535284622681836	      0.00161763411080228354	     21.35930130502157808792	     -4.19055032407317806786	     -6.35631881936163711799	    -24.44559221645955915392	     -1.50112903854825052719	      0.03924542437228255992	     -3.44784332206096033602	    -20.25071387539517431264	      2.25310233440120910586	      5.72801843211566463765	    -20.38701478607214667704	      9.69720282613192807730	      0.07142211477874198244	      4.42598071331866993461	    -15.75988221578549008939	      0.02736685366610669065	     -7.45767281832714701295
      0.71997785999395769174	      4.27661608656217850921	      2.02651944470246014873	      3.16927994158856574103	      0.59870197542964165294	      1.00916296663277949008	      0.00202487660166352683	     21.31044378246869896998	     -4.15559066246339536832	     -6.38240514773680889249	    -24.79821104667129816335	     -1.47937001480524599195	     -0.02427367791914358114	     -3.29680828444964602042	    -20.01894746232935418107	      2.19608392892201909063	      5.67009930500719150359	    -21.13631002182000173661	      9.37041830298085365314	      0.06210193910595745298	      4.31344708313550295742	    -15.74407597186784890653	      0.11207090822704883493	     -7.46165166132792467835
      0.72174194099692901005	      4.28608233373729508031	      2.00509790312761859710	      3.18737862165218066579	      0.59898306830472225482	      1.00932864552941148339	      0.00232481443136613435	     21.27431968679425366986	     -4.12840138934859623987	     -6.40034930126823820018	    -25.04814959905112203842	     -1.48165972607077622847	     -0.05938684069784153086	     -3.16466647093176556282	    -19.83889390816333175849	      2.15250620815861104518	      5.62141975915342495540	    -21.69378045556728906718	      9.11975694265949954342	      0.05421303274595543065	      4.23403024488515455914	    -15.72963568797389655174	      0.17474980553885949286	     -7.46237352636454609467
      0.72385633746437949565	      4.29325539207228601413	      1.97764711459552655626	      3.20711545354617388881	      0.59931535391919510403	      1.00952327940916086746	      0.00268769696031553092	     21.23251459003728669472	     -4.09314854892284962773	     -6.41913743990831076047	    -25.34109964795387526237	     -1.48042911051392778177	     -0.09553353734722594415	     -3.01560393520101754916	    -19.60944377781106950920	      2.09795183696560583186	      5.55588414485371906437	    -22.37406904527241380265	      8.80976653689475242004	      0.04616096438813272612	      4.13448455472476616990	    -15.70769571035886791321	      0.25068887940705730788	     -7.46052243832495953768
      0.72615019238814371150	      4.29765579250680662682	      1.94552002193906803384	      3.22673647985985834197	      0.59967006284140911276	      1.00973222138082685539	      0.00308449708038515975	     21.18627448417060321617	     -4.05206991629005486288	     -6.43793570217905664066	    -25.65019750073664184242	     -1.45664924790902983176	     -0.10203975854106239751	     -2.89738803224717944573	    -19.34557364379666566379	      2.03523583111588690642	      5.47615849577719071561	    -23.12708885661653468446	      8.46180945331641076734	      0.04050872501597836683	      4.02402585928786749037	    -15.68020619999524889465	      0.33448672243281935001	     -7.45566753949720162353
      0.72843786867169180166	      4.30203996654668774369	      1.91067301965326263868	      3.24557035405156657504	      0.60001816450141820525	      1.00994381053808068849	      0.00348208389353631218	     21.13421455292200334952	     -4.00811678398667492473	     -6.45718581499034982585	    -25.94818423647691574274	     -1.39583148780832888569	     -0.06504362626568813144	     -2.84572172537939671599	    -19.07097544348181727969	      1.96776494260240797374	      5.38839012535713379748	    -23.89309001605681004321	      8.10529010084182033324	      0.03951797486146002569	      3.91028441686562810986	    -15.65290043145197884655	      0.42036028310943490682	     -7.44880093373191964901
      0.73000526528823939110	      4.30652699612201583790	      1.88488890261781150137	      3.25833821032496517844	      0.60025359216016371811	      1.01009299445207978430	      0.00375552131881310954	     21.09315750241690778921	     -3.97578258974107834334	     -6.47100849294037683279	    -26.14588317877306877790	     -1.33392440386515342965	     -0.02162576365863275868	     -2.84440139793176705041	    -18.87818881419585892445	      1.91801272253089916120	      5.32358751593908863242	    -24.42566966436784525740	      7.85526880494449564196	      0.04146302522096199927	      3.83205653316079786208	    -15.63590803125889294733	      0.48094867049086936772	     -7.44310574965733628972
      0.73189252525866932420	      4.31380563268736505478	      1.85113634088044598514	      3.27379099612237922656	      0.60053283885767050343	      1.01027796393009960951	      0.00408595102005882352	     21.03756165373420472520	     -3.93357551168437957756	     -6.48846777892749582151	    -26.37530572828314845424	     -1.26542122118563327149	      0.03449823855373745224	     -2.83978275572723903863	    -18.64088424721480663493	      1.85337821085427445489	      5.24018167038271176494	    -25.07664266889132775873	      7.54996347385984822864	      0.04756468404066294814	      3.73839336628642460170	    -15.61767628755600512136	      0.55653223275679464255	     -7.43519156353763310818
      0.73409985774340202891	      4.32482305361924090903	      1.80734090260495827707	      3.29198083833329002701	      0.60085276115260011220	      1.01050180044043869110	      0.00447471440911051833	     20.96405494637511068845	     -3.87866820362608777373	     -6.50958940508610339748	    -26.62984412351148932885	     -1.21965928458488881425	      0.08605882112020152297	     -2.79173163773384391817	    -18.35571293968192918555	      1.77046782252975787308	      5.13490620672608866215	    -25.85251980665474746957	      7.18784774272687698726	      0.05993839750405249162	      3.63171305219381634899	    -15.59938099663348864965	      0.64909974691610861086	     -7.42427862860271758905
      0.73590553082126008988	      4.33519242709319208018	      1.76895604835133068988	      3.30651494239842991263	      0.60110922144328582384	      1.01068940512486271643	      0.00479542371631665014	     20.89817644300665477886	     -3.82988387182097911321	     -6.52618467811371605336	    -26.82834707193753587262	     -1.19633234032571800221	      0.11045294855747289642	     -2.73184076383232632423	    -18.11611102465422362684	      1.69790395620755352191	      5.04305717785918616869	    -26.49747536445372375624	      6.88480256926548683793	      0.07155617832446652116	      3.55049802231809863429	    -15.58612274299478350770	      0.72691952088156563949	     -7.41382546921965079889
      0.73776244784325406556	      4.34595564397213163232	      1.72839384145431451678	      3.32075361485764197766	      0.60136800252324218441	      1.01088402656953180170	      0.00512813246935142110	     20.82686612918643476178	     -3.77736903678002189366	     -6.54152443453577969734	    -27.02581080024298998410	     -1.16317660337288963923	      0.12035988204005802771	     -2.67844686962880418335	    -17.86287139771058818383	      1.62052158219907393999	      4.94396647801709487879	    -27.16936487571557634624	      6.56514470927939353118	      0.08217640410252925742	      3.47432923777965330103	    -15.57281462879003619548	      0.80724284828530490365	     -7.40161934570659152399
      0.73989737617697859395	      4.35694774704452481018	      1.68173280324447849132	      3.33577184120948455615	      0.60165912229110274367	      1.01110681823720449657	      0.00551455958475523950	     20.74282435519571166083	     -3.71545270304449770649	     -6.55602285291103203946	    -27.24755564032415833253	     -1.09005031176049627106	      0.11601156462639843070	     -2.65694532138757821826	    -17.56195375237126654611	      1.52990260901808139415	      4.82492283169838831469	    -27.95130856263133267703	      6.18470738485251914085	      0.08924334313902289317	      3.39949149351179613632	    -15.55629331568217388337	      0.89825657992876339897	     -7.38566622811113759894
      0.74118753577309404168	      4.36193367177291335679	      1.65380886738826493598	      3.34444935015595845584	      0.60183094355939459330	      1.01123926138813424735	      0.00574945153926531994	     20.69229528835435516498	     -3.67778797143191393815	     -6.56344467482249527279	    -27.37976011691700861661	     -1.02557911356323305796	      0.10542165633592601170	     -2.65119190500252743803	    -17.37348505480318294758	      1.47467729172567030282	      4.75092124200052268179	    -28.43020492210610328243	      5.94898660250566724272	      0.09043895878186579418	      3.35902863494950931766	    -15.54469838607556653187	      0.95226763430031813318	     -7.37538836282936571820
      0.74329425658366865548	      4.36629390632563030294	      1.60828862236792380358	      3.35955666189002588595	      0.60210271787695357482	      1.01145031711817456888	      0.00613276030178225903	     20.61136851197071706565	     -3.61630928747951951863	     -6.57546956971774143597	    -27.59222569049024542664	     -0.90334398815237126890	      0.07334241923386215778	     -2.58079759053231772015	    -17.05194560213800869519	      1.38308571953346604033	      4.62804329957974935894	    -29.22767307236720313313	      5.56186125800773112360	      0.09102931498706240410	      3.28882004605467770375	    -15.52208949267967952323	      1.03958619058285162140	     -7.35895266474328124673
      0.74583806138143982079	      4.36865077775285470807	      1.55160499600167223200	      3.37925666656048617753	      0.60241731908549223107	      1.01170290611364177558	      0.00659569251505492428	     20.51148487979859424968	     -3.54003334260577551262	     -6.59146537914710428652	    -27.83865319668652205110	     -0.76218177547357801593	      0.00928977063994729756	     -2.36880453243158983767	    -16.64644205106749197398	      1.26746285235742295328	      4.47480132745061709443	    -30.21066588762588622785	      5.09478318101706673104	      0.09429287435455141475	      3.19186727938413961070	    -15.49233971566965450961	      1.14580472837942770603	     -7.33901813878189646090
      0.74793764069296375663	      4.37135421908654464573	      1.50186847542298074210	      3.39638709714335140788	      0.60266716401337039333	      1.01191538757909249568	      0.00697851095949106239	     20.42286189120987671686	     -3.47380625196543268984	     -6.60711640543311329310	    -28.03037363604128984207	     -0.67218618309722233395	     -0.05064197101237182669	     -2.09426253337923329312	    -16.30293364052449334167	      1.16568033760765321638	      4.34288455114940141755	    -31.03300254781656164482	      4.71030813848471474614	      0.10095783781705433557	      3.10153018693106075077	    -15.46914366735484236415	      1.23594972812550185637	     -7.32170415615481484650
      0.74984701871999570599	      4.37563230915538881050	      1.45394589287310238568	      3.41210634199387241594	      0.60288778361815242857	      1.01211390698298830948	      0.00732784401058642759	     20.33588060075717507402	     -3.41077725629287176190	     -6.62345230338259405301	    -28.19537975454987943635	     -0.60638941487847064504	     -0.08795422208071468351	     -1.80786449197663223742	    -15.98643125401047093703	      1.06760437747007852494	      4.21791210715960129818	    -31.78527127128657880917	      4.35729671177756916478	      0.10808693802546340268	      3.01823223233021131762	    -15.45037103590232163697	      1.32024507769066201668	     -7.30464685145493319851
      0.75076550904481531568	      4.37813915323346236619	      1.42996866563598823419	      3.41976790902457317145	      0.60299163296961288960	      1.01221085951008404891	      0.00749615631807156249	     20.29211864962465128315	     -3.37963290235659918892	     -6.63213403844779314511	    -28.27193344246555639643	     -0.57727045536887877653	     -0.09416180429157806897	     -1.65873864125172998385	    -15.83259806768948152467	      1.01854234111030006460	      4.15619107909317619942	    -32.14866784156023982177	      4.18612419859005946421	      0.11156500866427462859	      2.97321011892131004117	    -15.44193284165654311835	      1.36159344534834270135	     -7.29604453373879557887
      0.75275874074980830830	      4.38296222191875362029	      1.37568208554847126734	      3.43786768596874203752	      0.60321016663889270859	      1.01242153249894228928	      0.00786028315555335755	     20.19487931005820868791	     -3.31060035351737447229	     -6.65388076722723820211	    -28.43256850292855730800	     -0.52101320906556469748	     -0.07864132788901050108	     -1.23316823031031441715	    -15.49164399195987229518	      0.90756310441638587960	      4.02000388226563742933	    -32.94606566821995130567	      3.81981873249775727430	      0.12253185012725156811	      2.81653408469734811703	    -15.42322482360194513262	      1.45347052564785905737	     -7.27763252121772463710
      0.75497437328530658807	      4.38764639040091886102	      1.31231463923837488039	      3.45923524887737965372	      0.60344301209183281998	      1.01265634674874305254	      0.00826519607560580877	     20.08303855833367634887	     -3.23143580725634693707	     -6.68085783951428258121	    -28.60339964233412857197	     -0.45142536517492271031	     -0.01507006712712355249	     -0.65832159422212832567	    -15.10292274937432210891	      0.77776931029179430244	      3.86442682832601080989	    -33.84296110879794383663	      3.41856256131143920740	      0.13862463011866121843	      2.56206987996269264229	    -15.40210800004106950212	      1.55805209788825727024	     -7.25663764845704584161
      0.75719065683420250235	      4.39223496904882626524	      1.24649763429681792459	      3.48037078241023278835	      0.60366657984089044930	      1.01289267579701069977	      0.00867333341856378268	     19.96677400100986332632	     -3.14911428372022861311	     -6.70798306224594043101	    -28.76687766074784491366	     -0.35838936816873140367	      0.08026954055783654118	     -0.04855170193911108323	    -14.70637874310888371099	      0.64218541874813217518	      3.70342381353164906699	    -34.74623993981249725493	      3.01801238769918755978	      0.15532794057003468380	      2.25028745878591118768	    -15.38130067874830864127	      1.66395511396086459577	     -7.23375575691162708836
      0.75953157915473601403	      4.39734384831435765051	      1.17490845463461623943	      3.50080522179571751451	      0.60389376970156061208	      1.01314457635209520525	      0.00911106808099818727	     19.83909407781631983880	     -3.05761908105416679859	     -6.73378718360085404271	    -28.93153068880296530097	     -0.23230753875251689000	      0.17922748327530210743	      0.57357020545636239195	    -14.28151886391576397273	      0.49355511788936523576	      3.52633326915038480820	    -35.70146371309203203737	      2.58612377629681322588	      0.16776360163316497709	      1.90025975311972583626	    -15.36005536810150928773	      1.77608781175461127866	     -7.20610539113599291028
      0.76079067587499704661	      4.40004507075340178801	      1.13558889452892719518	      3.51068900632416491803	      0.60401227860989348262	      1.01328087672906064221	      0.00935005870032393910	     19.76864964163452498269	     -3.00607955404427240609	     -6.74582393161263649262	    -29.01656940903418302469	     -0.15679009197723209335	      0.21724993253559887751	      0.89761371142143753232	    -14.05066235836501142842	      0.41141880777334283170	      3.42787642645962087329	    -36.21459666331213611556	      2.34770992521975996326	      0.17068413356585418472	      1.70767832404881025887	    -15.34876912049334940491	      1.83632383517693131836	     -7.18947654935549351762
      0.76305964047626628766	      4.40388510103857822031	      1.06277144642247756146	      3.52789958653628232810	      0.60421757640300377545	      1.01352631149353267226	      0.00978534946648023339	     19.63970309707563188795	     -2.90881951191413623548	     -6.76569166152855849816	    -29.16300048703043046316	     -0.02711949231103603572	      0.24013899511229078176	      1.59312565288670437980	    -13.62801133267627129442	      0.25875534861050319968	      3.24621552465338325533	    -37.14283411014603331068	      1.92327978787770992319	      0.17582654184181886747	      1.24428311730667529034	    -15.32771859265765534985	      1.94552862174494767267	     -7.15755527038704908449
      0.76540571825983183540	      4.40786504405228996006	      0.98509507229801573924	      3.54461062270463145296	      0.60441937645552024083	      1.01378241998989770956	      0.01024190195414549642	     19.50190598058256341574	     -2.80260749627660032957	     -6.78405987106639596362	    -29.30468793924040937782	      0.09970421251203293034	      0.20539045691880705724	      2.41353277749662531448	    -13.18486748187413937217	      0.09480781986804563688	      3.05282932606548085275	    -38.10403975823344069340	      1.49433710162870925231	      0.18303977251407055338	      0.62994862951775498772	    -15.30654429465796262377	      2.05905539507632528995	     -7.12166988950730051045
      0.76763592882667897044	      4.41258408322334272356	      0.90981757203935242906	      3.55915615035539589783	      0.60460215086502833159	      1.01403000453207492448	      0.01068144171561654678	     19.36552455446862452959	     -2.69788089840547673504	     -6.80014387142114529183	    -29.43037908862599039139	      0.22221069200204215943	      0.14486686483645286327	      3.20634442060054958290	    -12.76034792006834628353	     -0.06577213362169030686	      2.86418931942601151519	    -39.01507994119036482061	      1.09430799775394071993	      0.18975674243314985534	     -0.03476845757343056259	    -15.28800455927375345766	      2.16672032950593651535	     -7.08472205903099094826
      0.76969111155598812779	      4.41779945909699112150	      0.83991926862718613300	      3.57112921446482456389	      0.60476322568908758015	      1.01426228351490843593	      0.01109043219491881622	     19.23518531960630539857	     -2.59980202677545246814	     -6.81446501811822180628	    -29.53900434935234287082	      0.34287422157911945364	      0.09752931817777976686	      3.87962573135556398896	    -12.36745797614392294861	     -0.21677335952527329588	      2.68650620580392107684	    -39.84916509406593831955	      0.72517877795576624056	      0.19026477492267113156	     -0.66473495345858613081	    -15.27236338437025509052	      2.26498544645325505797	     -7.04814772440403025655
      0.77122647289402390669	      4.42165508488854896996	      0.78747177639196286325	      3.57951557847725831962	      0.60487851065407993723	      1.01443761551988620440	      0.01139735313770228776	     19.13565001643932816933	     -2.52632867271202554704	     -6.82570669259067930312	    -29.61592975352818513102	      0.43555811366009955510	      0.08174021399898340201	      4.34315066426893370277	    -12.07207547321020868480	     -0.33123520387658506037	      2.55186899539158362771	    -40.46928292892496870081	      0.44749235285595911904	      0.18477646772265307606	     -1.13896854451668883002	    -15.26095696590115302627	      2.33779260727680426868	     -7.01960186091192106517
      0.77341362417638293003	      4.42605528204441345252	      0.71212370203085295639	      3.59250849630171620319	      0.60503327153125463500	      1.01468817030503788423	      0.01183348941684621465	     18.99182144465783395049	     -2.42216675191470942607	     -6.84491647135667324875	    -29.71915313743663489277	      0.55993532324253691979	      0.09585716819034320602	      5.01525933209448293582	    -11.64558912910873544888	     -0.49718678906926272454	      2.35926593752107027768	    -41.35368236913417661071	      0.06099306797570799160	      0.17286183839204741219	     -1.87690068745051874544	    -15.24405002474138193236	      2.44134913173233814021	     -6.97885215401137415370
      0.77560077545874195337	      4.43033474022269935233	      0.63584147260236756338	      3.60649957397286957672	      0.60517769551067279732	      1.01494166434648813713	      0.01226889676222124408	     18.84412493040429126268	     -2.31807806470689348188	     -6.86756486449365688429	    -29.81440014138877714345	      0.67778388846965875736	      0.15416570172530044691	      5.66246439415700031361	    -11.21468508608217184985	     -0.66689190103304107904	      2.16551842903199531776	    -42.23682587296062251880	     -0.31305596557798143209	      0.15976089178918531641	     -2.65687181385129989053	    -15.22760432505013206139	      2.54492217392112385355	     -6.93770535626163020737
      0.77767268005197853764	      4.43481442499758848896	      0.56231815035618626375	      3.62005784733815438869	      0.60530590686874452544	      1.01518540922473632371	      0.01268227951531233910	     18.70004783417931903955	     -2.21822432253002421731	     -6.89096084107319395429	    -29.89702946780009895633	      0.78786273607215084880	      0.23763939773070733019	      6.22092040962544512439	    -10.80404779008313020938	     -0.83160532799921937919	      1.98030220733282957823	    -43.06969879038004478389	     -0.65743191511415399741	      0.14786169140568936053	     -3.40299909363867580936	    -15.21296424188900608954	      2.64331003543430398395	     -6.89766102468359587618
      0.77962933795609268284	      4.43936657288199487681	      0.49154002978895194875	      3.63238982587404857227	      0.60541999496524057101	      1.01541879431547155122	      0.01307530312714284826	     18.56055350188411168233	     -2.12155359895928485869	     -6.91328468574085786003	    -29.96846274002222187960	      0.89348762718910945679	      0.32208186008151301616	      6.68381942946629425961	    -10.41484165329978317516	     -0.99084682850352523431	      1.80322476491275174304	    -43.85056551371049238242	     -0.98148462682468895490	      0.13474812541707995028	     -4.08534453393582985825	    -15.19986126390412017884	      2.73645313562137681984	     -6.85813461675721303124
      0.78141428652395372723	      4.44307413018392782789	      0.42561670878404905816	      3.64319932030358906161	      0.60551794504568523525	      1.01563316080557886067	      0.01343668877428698567	     18.43145639057741291822	     -2.03055906841258160256	     -6.93323003137647653205	    -30.02845360266846341801	      0.99258995874252009539	      0.38665637630766991339	      7.05475433114582806127	    -10.05766132836305182252	     -1.13939988230131072910	      1.63994685118018956871	    -44.55831477976326482349	     -1.28326181475217482308	      0.11829033684189622921	     -4.67079225910294848489	    -15.18771454314597946222	      2.82173657458225557448	     -6.82056073708904975206
      0.78282913802798725911	      4.44492119089439530200	      0.37205083298354951760	      3.65196019709801067421	      0.60559070061074282698	      1.01580254301575823028	      0.01372469611306637721	     18.32889698901755437532	     -1.95606125686677367881	     -6.94902572847455868299	    -30.07268854395486101794	      1.07186828896347385864	      0.42086110160055895113	      7.32784767115218116373	     -9.77145196311569463887	     -1.25982145424064650996	      1.50989346695740778159	    -45.11838586721696486848	     -1.52719171589153623891	      0.10237746785875327660	     -5.10655754243588599905	    -15.17708304849275613435	      2.89000974828340595479	     -6.79014267288966433256
      0.78476306021002961710	      4.44628882765211042027	      0.29667101518785710113	      3.66365385336904969549	      0.60568391423741740898	      1.01603363408676061752	      0.01412161568563123984	     18.18801180500215508573	     -1.85015953996467885645	     -6.96997030918011173384	    -30.12828425337695392727	      1.17964651513142482209	      0.43710869856341338924	      7.67278278819763581708	     -9.37739642912251625262	     -1.42858483293318117013	      1.33092776475179985773	    -45.88139606466696562848	     -1.84104656357974216796	      0.08825826314748405621	     -5.70295167928578283778	    -15.16150636945641494435	      2.98447940418451063138	     -6.74705474153344653132
      0.78673770960479960657	      4.44709136868786636398	      0.21777673516914206053	      3.67496774603498232992	      0.60577217805001715156	      1.01627055078706485247	      0.01453078085760362882	     18.04242462171020733308	     -1.73793589797084169213	     -6.99042758646443473936	    -30.17929922848048462924	      1.29059509137461803086	      0.42085091960787701648	      7.98605295233891254725	     -8.97335656760091460171	     -1.60502927808141770960	      1.14702322578329551916	    -46.65556317979430644982	     -2.13589748267031787066	      0.08408327379967923954	     -6.31692270741677042167	    -15.14525623020215761017	      3.08159801221851070707	     -6.70113413380086875293
      0.78845139720275936313	      4.44806683712138184461	      0.14875378753722853786	      3.68414457903097325442	      0.60584344498848563543	      1.01647864502481755089	      0.01488850857118878025	     17.91373927688686862325	     -1.63861133213754683879	     -7.00754511067588747864	    -30.21909215123023528804	      1.39165468519041390927	      0.38966729464961891161	      8.21780961180988178683	     -8.62271559370310392012	     -1.76019090692941615472	      0.98686194247244740652	    -47.32131136698989593015	     -2.38328562491770190590	      0.08254718425141119309	     -6.83434433083159209588	    -15.13178286807832861882	      3.16536873690446496354	     -6.65982301581354363407
      0.78999400549960863138	      4.44965464056466064591	      0.08692313262782032368	      3.69183741622018679607	      0.60590358767698648812	      1.01666907714709098265	      0.01521208170765315192	     17.79546113867918322171	     -1.54878172899847488253	     -7.02264589308192377359	    -30.25158799397961928435	      1.48959937683685450516	      0.35712910829291977244	      8.38929181315963212739	     -8.30800379980836467553	     -1.90047935199335760181	      0.84255007648469215642	    -47.91424849122984852556	     -2.60761910514065364808	      0.07829042941704014713	     -7.27525714945024848390	    -15.12073723516588685811	      3.23962006179883799106	     -6.62159600631064737541
      0.79164853901332987718	      4.45170946849126014655	      0.02129945970384702209	      3.70028983521232079923	      0.60596316521187532089	      1.01687589455313287523	      0.01555911632930307049	     17.66644772836822241402	     -1.45301753508338005183	     -7.03951694346800760371	    -30.28333773521476146584	      1.60663211005723516323	      0.32694694154852388390	      8.51190400091340038102	     -7.97029464132485809813	     -2.05106468216812309890	      0.68873819937746261211	    -48.54517925165391289966	     -2.85313711670335123927	      0.06871753984784569058	     -7.71553170300038271279	    -15.10962355551965963230	      3.31782603041902124374	     -6.58037386001733537455
      0.79339399239361907412	      4.45380617510665732794	     -0.04692895750752446721	      3.71011746407379439106	      0.60601982685069855084	      1.01709612307417018862	      0.01592382149397001886	     17.52845913678192246721	     -1.35335823789008613538	     -7.05888636357728316284	    -30.31342552483908647787	      1.74227720130320462566	      0.30597102907615203460	      8.56103353445470460770	     -7.61279539912436220561	     -2.20969887755359373216	      0.52856881845023528932	    -49.20662774816665319122	     -3.11617690463077767760	      0.05380374606224967715	     -8.14393951365535251341	    -15.09822581734924717978	      3.39863901008173385776	     -6.53736705083152802587
      0.79508020642463272942	      4.45620075893063560812	     -0.11197828755740164841	      3.72011107621831138559	      0.60606897733622888680	      1.01731189645916186848	      0.01627523740591164600	     17.39283496463110978425	     -1.25814450795984345000	     -7.07886149000059106129	    -30.33848734714274542057	      1.87491520011670664836	      0.29484024780435874602	      8.55262411624549301337	     -7.26742693215609580903	     -2.36278422961353262721	      0.37559194191930561635	    -49.83998361799804399652	     -3.37005105714426367314	      0.03735175483660561901	     -8.52903864195182315200	    -15.08800708130824830278	      3.47515120715290359854	     -6.49587164086513091377
      0.79676642045564638472	      4.45927729683140938732	     -0.17657073348659071965	      3.73018583390190805460	      0.60611308079255077352	      1.01753138690831601565	      0.01662644715111552887	     17.25460025984155620904	     -1.16329656626768929151	     -7.09969631633813591520	    -30.35890886735027294208	      1.99933859197134711216	      0.28943974499735936057	      8.51303190804450871099	     -6.92303948937803070862	     -2.51612156851222934506	      0.22391211377899319923	    -50.46660707406439172473	     -3.61771436305514137999	      0.02231909892932383566	     -8.89489730417494861570	    -15.07889198278546594167	      3.55050094219698175735	     -6.45392342652707373674
      0.79848637106789221995	      4.46326328366306679385	     -0.24231156582795912446	      3.74008557771596672481	      0.60615332261797694180	      1.01775947350964024452	      0.01698525974550646467	     17.11083526571817969852	     -1.06629433842286824863	     -7.12127753927835627223	    -30.37463188894800936168	      2.11245380486387990260	      0.28784164551029134405	      8.45936288638968925113	     -6.57353217080001694939	     -2.67310757045992319902	      0.07004700127898154383	    -51.09776117101059611514	     -3.85864180438584281063	      0.01101451959992103165	     -9.25660992933375936786	    -15.07086332632920999686	      3.62642798195664051164	     -6.41014462728607270492
      0.79999864766135908578	      4.46745424534073709566	     -0.30008588672588826229	      3.74810864212117333949	      0.60618508450286379130	      1.01796353149863083587	      0.01730180164990207173	     16.98226862884262544640	     -0.98050560963136823567	     -7.14000192602876282422	    -30.38435238998319931625	      2.20083483732620432960	      0.29030938402029715650	      8.40971224738452072245	     -6.26810569032259401467	     -2.81165575564806768938	     -0.06489435335059887122	    -51.64524069631217173537	     -4.05824536483698672384	      0.00510707650872537292	     -9.56945916204377233782	    -15.06482292136449530062	      3.69242849229187353188	     -6.37045821810862822332
      0.80158795510282210284	      4.47203381149239653780	     -0.36090342661770563604	      3.75595693218564985472	      0.60621464575409989006	      1.01818043794102663924	      0.01763543489733736952	     16.84569008789929256409	     -0.88971699428721895409	     -7.15929569680213973015	    -30.39099785982649493121	      2.28894658805191353323	      0.29986390482007924119	      8.33963622148672456547	     -5.94823335862305402344	     -2.95785521735822154454	     -0.20621746578061420085	    -52.21392432281162143681	     -4.25417076014303940923	      0.00288641327009046085	     -9.89597912042854943593	    -15.05891210322090678631	      3.76115403153342686693	     -6.32764463246751596159
      0.80341475810765450305	      4.47692051741377650131	     -0.43108994858555593765	      3.76422548488159458557	      0.60624365637419197483	      1.01843160544824873348	      0.01802022715375103251	     16.68769179599789254098	     -0.78435933612736385978	     -7.18066825278132014887	    -30.39478418756251798527	      2.39202874189807479510	      0.32172736959588787986	      8.21815931994768611446	     -5.58111710404228045235	     -3.12671200986953889966	     -0.36798671385276710000	    -52.85990266153356742507	     -4.46184891194297694739	      0.00415991479011355164	    -10.26914255464956227115	    -15.05199272200700022495	      3.83946873515162234725	     -6.27702503213856033426
      0.80526201572357192227	      4.48168398391536193515	     -0.50208442851634094151	      3.77126935902004500889	      0.60626810939726838434	      1.01868814382002037533	      0.01841135752715237009	     16.52665766207464059789	     -0.67678651832147651568	     -7.20069433748903264814	    -30.39463157675009696845	      2.50043941474452235951	      0.35223100758866793258	      8.06058007551475697028	     -5.21137885373432308000	     -3.29787417407995508967	     -0.53121329019860363818	    -53.50311930814309135940	     -4.65608331362027172418	      0.00659171618437803114	    -10.63992308403498121550	    -15.04512912688172221465	      3.91752175054085238770	     -6.22391469762639015784
      0.80710952305755156999	      4.48660978170494217920	     -0.57270844864774361760	      3.77682230250235440039	      0.60628799984485615138	      1.01894809127773400270	      0.01880467242766929031	     16.36394039103434394633	     -0.56841931490615404954	     -7.21887023097145519301	    -30.39039458543882687991	      2.61260466665358759286	      0.38387100108201582804	      7.88148710317064704611	     -4.84388647250373161057	     -3.46889181514905553527	     -0.69409240401203697868	    -54.13506401552479019301	     -4.83951458018423963381	      0.00666327750860330140	    -10.99682543230064446504	    -15.03879717292900508596	      3.99399476325624247508	     -6.16881062813878333628
      0.80895703039153121772	      4.49209554856644466270	     -0.64249734651942469466	      3.78083857688544844322	      0.60630362558699824049	      1.01921236900222189625	      0.01920000542876934557	     16.19907845043250915751	     -0.45963008766586871401	     -7.23516115781453095224	    -30.38187422811979487847	      2.72625363837324030669	      0.40765801197070922202	      7.69568902038946323074	     -4.47950509292529286398	     -3.63910731719532165584	     -0.85643934074948580015	    -54.75435835736946188490	     -5.01785634753949860709	      0.00117819476960853036	    -11.33136144522557486880	    -15.03346143344588625723	      4.06840756054168828371	     -6.11179360035075980306
      0.81041552101209313186	      4.49706741650112640230	     -0.69669402205191266475	      3.78292163860630914485	      0.60631315915124173177	      1.01942465606096344111	      0.01951338663088542438	     16.06711928569623282215	     -0.37372651696870651250	     -7.24674137694347830774	    -30.37203994524018568768	      2.81580819064146359310	      0.41560948546699633122	      7.55162934301186172803	     -4.19457388504229022885	     -3.77249068918251317939	     -0.98407290434316507799	    -55.23346654483322026863	     -5.15818044927412966416	     -0.00840309385097722308	    -11.57618778664395797762	    -15.03023509115596390018	      4.12538637706051947163	     -6.06550854470902756077
      0.81228923068390290751	      4.50522458905339462376	     -0.76457549463695018144	      3.78359604252313541650	      0.60632285494339654974	      1.01970410987876092257	      0.01991824174258119071	     15.89411067551361256278	     -0.26374031002076792074	     -7.25943757650014109828	    -30.35531490275781507648	      2.93354412603817804595	      0.40971282409991482965	      7.34682555447088159184	     -3.83431064581663472168	     -3.94182197560342650888	     -1.14784500919797438634	    -55.83318904808808014195	     -5.33668478729397399718	     -0.02715156131304384893	    -11.89951599961543671213	    -15.02841152107432165508	      4.19561042265070227586	     -6.00395218107734507385
      0.81414733467236022335	      4.51540093266895414814	     -0.83000844172849208569	      3.78210195934000381612	      0.60632997216544182173	      1.01998898739691923332	      0.02032200887030925079	     15.71854015064639220611	     -0.15509468333611375890	     -7.26981762592351898888	    -30.33402234795374852183	      3.05008873984354078601	      0.38436796094894321030	      7.12491059484453348460	     -3.48403116260209477772	     -4.10753099822221301451	     -1.30981673431147638276	    -56.40996314824494106688	     -5.50168580186350819616	     -0.04660219248292398614	    -12.24936954294454061198	    -15.02927909190243482840	      4.26205234662406429180	     -5.94064475648212741987
      0.81606275584371479326	      4.52740180471754261049	     -0.89558980814864097564	      3.77861180039118726981	      0.60633445237341498935	      1.02028973023082536464	      0.02073984482069736457	     15.53425287747282190765	     -0.04378076307640076104	     -7.27870388970428106035	    -30.30718779984239219516	      3.16408716283390356594	      0.34058545025940184514	      6.89279604004523793748	     -3.12924937727715501978	     -4.27597636533972291772	     -1.47561523818898465699	    -56.98616504847465336070	     -5.66184146962591672292	     -0.06663875164736784984	    -12.62471463032779439573	    -15.03220367046052885485	      4.32739562610020644939	     -5.87335691960207206819
      0.81837880874350910076	      4.54280439135165448050	     -0.97236067701606854197	      3.77220420243531240345	      0.60633555771557012815	      1.02066105627978509496	      0.02124582635252174334	     15.30839870537721836286	      0.08918390662645353517	     -7.28775823046078574663	    -30.26842881807677088091	      3.29110698045917748900	      0.27776566550299686131	      6.62131366301150769971	     -2.70708674600478715888	     -4.47603481533473157583	     -1.67329746864024575537	    -57.65896048086875680383	     -5.84435695668762811295	     -0.08968415854108002794	    -13.07640116143362085666	    -15.03717969069853843678	      4.40228865648606859651	     -5.78979456185753615927
      0.82004277474577558227	      4.55388172593788631559	     -1.02584104861534841646	      3.76639810133045838114	      0.60633326774319962205	      1.02093183057590031204	      0.02160888288293652884	     15.14481183565390232104	      0.18314661947227378613	     -7.29361702092910135775	    -30.23659829155956302316	      3.37689162831591715985	      0.23880190818869159730	      6.43604963882057923286	     -2.40762774934094370138	     -4.61708888821750207399	     -1.81275874748531862224	    -58.12738344244453969623	     -5.95759484173821718400	     -0.10003509861516947377	    -13.40394780361563320525	    -15.04104083855359164090	      4.45345294306458061584	     -5.72859720912666769976
      0.82228972216460627376	      4.56832670364192949819	     -1.09576614686238871244	      3.75751198504204353412	      0.60632575062075921846	      1.02130147356851641582	      0.02209693021639757421	     14.92272523834500752571	      0.30722480509047750408	     -7.30145934482936009857	    -30.18874107470329803959	      3.49370557487732824598	      0.21260417904249109822	      6.17739387383128324416	     -2.00733910351851552178	     -4.80354111770597835829	     -1.99676709940022534262	    -58.74215088318540267665	     -6.07647723563691588566	     -0.10328995121062320428	    -13.88598339327136166332	    -15.04601643144607692193	      4.51915645564608503548	     -5.64504043024189705591
      0.82434556790769020207	      4.58073855393883810905	     -1.15744416503331204460	      3.74893019425831175440	      0.60631384395837328860	      1.02164292002507961499	      0.02253990900751011439	     14.71865422637267784012	      0.41759355978490270145	     -7.30919926800176167347	    -30.14006865063543116889	      3.60301876362573292312	      0.22117648236485523694	      5.92663849985645985186	     -1.64411906069865509927	     -4.96978769697164679542	     -2.16002160373315721387	    -59.28870107042048687163	     -6.15369193830237648513	     -0.09958916875044236672	    -14.37305365971924153712	    -15.05001234285457023532	      4.57606224272421879817	     -5.56829080207707871608
      0.82646880629492058823	      4.59269304042702586344	     -1.21896297906519635035	      3.73993397830156437678	      0.60629619755858332741	      1.02199884422066911149	      0.02299325846580091079	     14.50711312485420201313	      0.52863191858374403154	     -7.31788663452647725194	    -30.08449649607996434497	      3.71204487589163045769	      0.25547736557960903925	      5.67246590562192665175	     -1.27147549759291056404	     -5.13702274245572620970	     -2.32319702495358226813	    -59.83724781173646789512	     -6.21851558075991039942	     -0.09855763429113423291	    -14.88388175144223346535	    -15.05352939025145708740	      4.63186808530761418012	     -5.48903623962589382046
      0.82869482729739685212	      4.60422177787632502799	     -1.28146011946054971808	      3.73089767356191437386	      0.60627145949629657196	      1.02237541448246394005	      0.02346351803916321005	     14.28458120445977108659	      0.64254979865836925335	     -7.32784924967857875799	    -30.02002067052963241167	      3.81685701219871864609	      0.30358309993083321121	      5.42844093632456470289	     -0.88269396649469000771	     -5.30776149781202910560	     -2.48783576491673263931	    -60.39549866460938432056	     -6.28872566992887982451	     -0.10980037036597220523	    -15.38621627130779501158	    -15.05647204516915493855	      4.68768357747963637649	     -5.40641705853538212523
      0.83001541982446447321	      4.61066965563686093077	     -1.31774768998595703806	      3.72593776977057800082	      0.60625367487369030695	      1.02260046277353677802	      0.02373997357650252382	     14.15210932325996751047	      0.70932389592970546133	     -7.33412669373315662114	    -29.97866465107370714804	      3.87391166762174554705	      0.33013959211630522494	      5.29877896847173968098	     -0.65280600385549336639	     -5.40700646895697101257	     -2.58214831389903043402	    -60.71892199877198947888	     -6.33602030509608304953	     -0.12407628514003279929	    -15.65549560156025954427	    -15.05795092657691114368	      4.71973219910328989357	     -5.35779562779887097435
      0.83236061994448606871	      4.62263196438440804314	     -1.38097537611463883067	      3.71698781015407719863	      0.60621784811984413821	      1.02300479358945506370	      0.02422814421837002352	     13.91460249342810406858	      0.82750176734868430284	     -7.34444881804662053071	    -29.89938427335766135684	      3.97141292956779423662	      0.36212901518183787664	      5.07587026361532789309	     -0.24872742198320257900	     -5.57995398775911422007	     -2.74347548572077348794	    -61.27780815521099100351	     -6.39954700811387233728	     -0.13631757815687631230	    -16.16438497258221573816	    -15.06140025170950735856	      4.77477313645034140421	     -5.27123537019381060986
      0.83487925943666740913	      4.63709605173772310138	     -1.44685279315061676719	      3.70584062390358903727	      0.60617478381177092306	      1.02344723658653613541	      0.02475045228453161619	     13.65543036729246040295	      0.95421425084864308630	     -7.35229733961487852412	    -29.80595619750488722843	      4.07105676098331148438	      0.36430480679525067966	      4.84045717776429818002	      0.17668248201510150519	     -5.76056445216551438193	     -2.90875555318011613792	    -61.85352496401982591578	     -6.42082179447035716890	     -0.11704527500585634736	    -16.80198937175756412898	    -15.06728154794821961104	      4.83064064356883982043	     -5.17676103508168150569
      0.83760968575507233069	      4.65387835968947083387	     -1.51424093142927507216	      3.69169698775675314550	      0.60612237606968188963	      1.02393538402464123749	      0.02531334688018012716	     13.37092047052954413289	      1.08906258839477709799	     -7.35649479871891909255	    -29.69628625744484651250	      4.17521628037090053454	      0.33272040306046385405	      4.59652967132435641417	      0.62888153055428630545	     -5.94765291772484605559	     -3.07917050998469843393	    -62.44788860790036011394	     -6.41535430752541557808	     -0.08490041361328838632	    -17.53404822131083307113	    -15.07546676622403225565	      4.88561696020505209503	     -5.07285270366901563932
      0.83995728394569246777	      4.66850406864411393570	     -1.56755020110477993889	      3.67814634995421130270	      0.60607194813774534214	      1.02436086410783211420	      0.02579253680736950591	     13.12439194623416938157	      1.20061355704301986336	     -7.35718992552300754539	    -29.59634821746539756759	      4.26846200452713997464	      0.29275595186459496544	      4.39215902519048739805	      1.01161091271504188782	     -6.09909589406025975933	     -3.21848463025188014086	    -62.93433318007166832331	     -6.41007409738204980698	     -0.07206194598062458379	    -18.13775191071062309334	    -15.08329568413913612801	      4.92702492782773315838	     -4.98300782486123505777
      0.84158182473226950115	      4.67909851321991610007	     -1.60172835467787599839	      3.66762057340439318054	      0.60603482438203126748	      1.02465876389814147807	      0.02612150256265970139	     12.95236203914671513360	      1.27499100821528088545	     -7.35596244611595295737	    -29.52438449455771163343	      4.33752595295599174818	      0.26615201633477159060	      4.24650224292374733892	      1.27192228695825737539	     -6.19839493117508233411	     -3.31142137369296296612	    -63.25749046091759453248	     -6.38263064027180426763	     -0.06536164193233708064	    -18.58262813287233328197	    -15.08953109310267848286	      4.95229183096295599853	     -4.92024862411531227480
      0.84357711300864213211	      4.69305258669590319442	     -1.64054607257521500863	      3.65285111004246720867	      0.60598765449581437625	      1.02502904257211979733	      0.02652288037136459053	     12.73900732558694315344	      1.36298066819749186251	     -7.35211924632799185275	    -29.43278141999119057459	      4.42520183127808675039	      0.23949550459846785655	      4.05865884211403038506	      1.58488464357332725641	     -6.31393056713667100155	     -3.42208496191415267873	    -63.63890391254619771644	     -6.28765237862462011975	     -0.04680005080596238987	    -19.23292028265968411915	    -15.09853123736995605952	      4.97936736229852261459	     -4.84202888257716779208
      0.84537614474684530386	      4.70562493781832902329	     -1.67249865178658496667	      3.63859546304667391681	      0.60594253009573117996	      1.02536592275283844344	      0.02688081040111769959	     12.54579501783094208633	      1.43869035516261334351	     -7.34728097337735341910	    -29.34702116572867325317	      4.49836475074266672891	      0.22128375811218586877	      3.89640751985949806979	      1.86303822552971820592	     -6.41170964765338080582	     -3.51782861118900447295	    -63.96843807859425368179	     -6.18250311967768073629	     -0.03708215472032821286	    -19.85088723932315701859	    -15.10695258779408156613	      5.00016268819866382955	     -4.77128875034011024070
      0.84732460127144959561	      4.71835217088499359051	     -1.70402170429747368274	      3.62306707810741723819	      0.60588965947506800980	      1.02573294089918998218	      0.02726279912017160606	     12.33669330606371339343	      1.51668882269189064793	     -7.34149774759414253111	    -29.25050309471931342387	      4.56333559626609552851	      0.20712403135912826890	      3.74323944966023702818	      2.16261169008704756678	     -6.51076897461293846447	     -3.61637336646510609839	    -64.31017197607091873124	     -6.09570517993049332262	     -0.05279841439259411878	    -20.47284091853235921121	    -15.11545798781643235031	      5.01921732673930076629	     -4.69535087763283698337
      0.84952022884868616526	      4.73123222465109449786	     -1.73631111833516982301	      3.60626682891458560931	      0.60582431825644522672	      1.02614851097316783779	      0.02768521130131349969	     12.10165354580797192341	      1.60012414896445531731	     -7.33513644149714849618	    -29.13696233606141916539	      4.61676378908661888545	      0.19867404028832383323	      3.60520222509381937925	      2.49988110628959159243	     -6.61453484832220794942	     -3.72010985318517706233	    -64.67723473420763014019	     -6.06433947911784354545	     -0.11075097586114329706	    -21.05291651857783463697	    -15.12387143657454657841	      5.03722863260550823838	     -4.61128863927292620417
      0.85054595750239869734	      4.73687794790942273693	     -1.75050438453098822222	      3.59868388897776325663	      0.60579185632801990646	      1.02634336982332641242	      0.02787974669503479747	     11.99185705895749798344	      1.63784915945993825304	     -7.33223696184119244634	    -29.08216630384491452332	      4.63686016973763415194	      0.19831387751230925010	      3.55026427548917000721	      2.65714278112297819234	     -6.66054268836121465824	     -3.76582809366798310080	    -64.84264724430330772975	     -6.06813838947082473396	     -0.14751824122074069789	    -21.28486228000440760866	    -15.12752785128761168210	      5.04470656501741654409	     -4.57250470754865112610
      0.85254617474713090264	      4.74824590824522907440	     -1.77722733178687564148	      3.58300572836445452296	      0.60572717409132781352	      1.02672554786777303626	      0.02825617525965689811	     11.77650562391029076537	      1.71036498195797093125	     -7.32528408009804810064	    -28.97211784566876957570	      4.67570039838876905236	      0.20640271580998109657	      3.44171843560372758830	      2.95961441084952481262	     -6.74676531041149907253	     -3.85141676030089818994	    -65.15398039582895250987	     -6.03344061290570188305	     -0.20715357510439022515	    -21.78384222858160157443	    -15.13518991794550672125	      5.05805812332736426384	     -4.49625192224929026708
      0.85475683450283213016	      4.76107487461999046019	     -1.80569104791186929582	      3.56474289757326179284	      0.60565367610658693565	      1.02714999773949977602	      0.02866737034893668615	     11.53690879706500638235	      1.78931267012158135010	     -7.31590209849767614259	    -28.84603370377597642005	      4.72633737434976541891	      0.22836167629737780249	      3.30904208271551691922	      3.28800933946120155227	     -6.83708188107481884543	     -3.93926634820640275692	    -65.48260850339642047402	     -5.91313767750242558208	     -0.23996713069880232228	    -22.42522251704552616047	    -15.14407468440577808622	      5.07141356792137099063	     -4.41139778641715718521
      0.85694998731017613114	      4.77316125566962057292	     -1.83193722688138871391	      3.54620423016373198521	      0.60557766239898269678	      1.02757143542835849281	      0.02906933324073477515	     11.29881276979087800783	      1.86528747609563949617	     -7.30502713380377688424	    -28.71727782592375177728	      4.78891035061138925499	      0.25869344934188781560	      3.16193538565716592004	      3.60995969972181596219	     -6.92015107910595528296	     -4.01812893582043351159	    -65.79339903052265015049	     -5.73902019410891828244	     -0.24445239005711583147	    -23.10388539987839706669	    -15.15238850426600869525	      5.08230903127139477249	     -4.32745660529667652838
      0.85907503447981592437	      4.78395869859863953621	     -1.85403643377260318736	      3.52775683920773097668	      0.60549989985890473321	      1.02797995072365599967	      0.02945289455877024218	     11.06835492295670775320	      1.93514442560699562179	     -7.29242043336672285392	    -28.58965474130328487945	      4.85816526594032538355	      0.28742768898200654615	      3.01322695907507709379	      3.91981545898039351883	     -6.99252486203553846877	     -4.08680947009894879329	    -66.07929734439942137669	     -5.57374100060915900201	     -0.24266922553653078043	    -23.71761492678880145490	    -15.15985194099243038579	      5.08902629298194586482	     -4.24665108069125896151
      0.86057566152493181200	      4.79113786432717514430	     -1.86716730521254103969	      3.51416809044563782649	      0.60544215383671950992	      1.02826887599608163271	      0.02972054899752973878	     10.90577473805451624855	      1.98181778514363693411	     -7.28174504801130950682	    -28.49790263006023849357	      4.90835564511023925149	      0.30191349804906142396	      2.91141089505712802321	      4.13767488715248088482	     -7.03826371547130857920	     -4.13135689646325499069	    -66.27162387352441896837	     -5.48376465856267003574	     -0.24777181102881443153	    -24.08769178233913876852	    -15.16498988591319552199	      5.09089641545995519323	     -4.18975195084779361565
      0.86249185349107437837	      4.79714931334437988397	     -1.88127576094972015497	      3.49550544969547649643	      0.60536439856563839523	      1.02863420304586838938	      0.03005959885902668993	     10.70176091552320052358	      2.03856572672978453298	     -7.26513531012632896022	    -28.37959385870945538954	      4.97128908199268426671	      0.30873485241168008297	      2.78354958539165675546	      4.41786602772109748827	     -7.09081138306733205212	     -4.18572924434181992126	    -66.50488456161576777959	     -5.41434646747202030781	     -0.27553535679059049102	    -24.45971654277379414566	    -15.16852592838475466408	      5.08991472369493891392	     -4.11681073013731335664
      0.86437382685632113688	      4.80073003314034529865	     -1.89258189691092204576	      3.47542818262348518488	      0.60528420557039808170	      1.02899052775049826280	      0.03039006808999708195	     10.50392745765527280355	      2.09170854960898555674	     -7.24526370032796762644	    -28.26150579555784858599	      5.02636385981727418226	      0.30010048755235918527	      2.66790335107576748186	      4.69336221977348966305	     -7.13661150908270691673	     -4.23683417576374665714	    -66.72127275580294281099	     -5.36915282172851604514	     -0.31482647147285863776	    -24.75261424505379537209	    -15.16994702506699610467	      5.08567302764897899436	     -4.04440353413631648039
      0.86622518451007279872	      4.80426180786552681212	     -1.90150107230451248519	      3.45391980051196645363	      0.60520262000395819157	      1.02934173614229562688	      0.03071261534173191921	     10.30889099313347045950	      2.14183236782838859469	     -7.22243357951674536110	    -28.14251730716249610964	      5.06987711748334834994	      0.27769276474484566597	      2.57110895274304951386	      4.96123560016254039340	     -7.17640894996394695937	     -4.28438758718312051599	    -66.92324371635514523859	     -5.30356286062313664331	     -0.34423733869604450364	    -25.03388457699617575258	    -15.17183308442039368913	      5.07875639647566856638	     -3.97216135094883959766
      0.86850136657754051228	      4.81106393225513784273	     -1.90947155161223869335	      3.42525450717513857413	      0.60509979117859624687	      1.02977765078896443818	      0.03110501192029215337	     10.06536804403348739356	      2.20037582574196388663	     -7.19054983705709283015	    -27.99166651014803619546	      5.11039100028469928105	      0.23861311455005979054	      2.47435540120995423052	      5.28270828581770679477	     -7.21808121625238285901	     -4.33812603168390875652	    -67.15833504823326904898	     -5.15069775970549326161	     -0.34664064307580433333	    -25.43456681976500277642	    -15.17747001221656155678	      5.06673402661683613957	     -3.88199781120137021873
      0.87000940380914970618	      4.81776689012859460348	     -1.91270487965422542054	      3.40514548140350825634	      0.60503040058047552474	      1.03006981608317560450	      0.03136180181210564827	      9.90084592737330737577	      2.23683881073081991531	     -7.16762751303113088142	    -27.88897144782287185194	      5.13262732966830448333	      0.21170425609571319470	      2.41974126056236205073	      5.49010952644749572471	     -7.24085963796124243430	     -4.37030773940588357362	    -67.30643908544921316661	     -5.00205933228860821771	     -0.32599277149716004987	    -25.74026212289333415129	    -15.18397534701073148256	      5.05649577482513201687	     -3.82170437669908036327
      0.87186321111393871863	      4.82799763032037621002	     -1.91366693671693766099	      3.37921124772077163811	      0.60494348788525031946	      1.03043245611658362826	      0.03167350223483800936	      9.69566029207450874594	      2.27798942584816987988	     -7.13776965631966930914	    -27.76036867071004721197	      5.16051542601890922413	      0.18477171401116820881	      2.35318976448409555857	      5.73980753877079497016	     -7.26246693204574889080	     -4.40687141922130631855	    -67.47787540545763818045	     -4.80924276293869912280	     -0.30145257950151382875	    -26.10220139661143079479	    -15.19459362161627069554	      5.04059836863991161948	     -3.74723953958249866858
      0.87438046012020353981	      4.84365228139686987419	     -1.90889888672240215506	      3.34207010467663145903	      0.60482191783357108772	      1.03092852279572744223	      0.03208890693294589452	      9.41412612718414543167	      2.32611675808451501268	     -7.09476568715374167340	    -27.58285305614282378883	      5.20600228531909792196	      0.16760074241963621167	      2.25254545770922787185	      6.07245657916033021451	     -7.27930696329555182444	     -4.45207330857042737904	    -67.68967415702715584302	     -4.58578105572025407355	     -0.30419723626744227252	    -26.49431925542547361374	    -15.21172342081155548499	      5.01235931089888264722	     -3.64610637788752844912
      0.87648453011768578946	      4.85691382823108508404	     -1.90030735498587444177	      3.30993570551482596542	      0.60471680429087060205	      1.03134327747627385641	      0.03242845297013904893	      9.17799859013307361977	      2.36016058169620945861	     -7.05724982321190630330	    -27.43241051398431196162	      5.25066885453232323755	      0.17132619819250802240	      2.16127426377272779945	      6.34708404123726577239	     -7.28303960948559403477	     -4.48485932698211264835	    -67.85022428773167746385	     -4.42626613003943258917	     -0.33309325307078052614	    -26.74964531477909090995	    -15.22679072894398544236	      4.98380834119600280019	     -3.56211320015666688121
      0.87859320868797652349	      4.86912501909231743014	     -1.88867467108256326114	      3.27725789998557770488	      0.60460804857522298938	      1.03175611023376290198	      0.03276143474134961958	      8.94219679786906418428	      2.38996842955359678484	     -7.01853083197087190825	    -27.27986835368544760172	      5.29827744592818206115	      0.18742570831847929491	      2.06947686757101267929	      6.62108033669352380457	     -7.27865902333551062497	     -4.51194432992694505202	    -67.99840830725138118851	     -4.27286425014523807420	     -0.37201619221428716688	    -26.96863541759649152141	    -15.24107415762769335288	      4.95204056339457387992	     -3.47876693737515196858
      0.88015087536254354994	      4.87694018729327449790	     -1.87876615061194907064	      3.25305620551764196335	      0.60452541610866838973	      1.03205795692783786066	      0.03300268572148184337	      8.76920345084132790703	      2.40999410671004810069	     -6.98927241734120130445	    -27.16600429551574436005	      5.33283506559188680285	      0.20346136519500698792	      2.00573197774662315140	      6.82350580443717813495	     -7.27095240370971485078	     -4.52762453048196800154	    -68.10084321173560795160	     -4.15416454382169497705	     -0.39853869729687901868	    -27.12104043454285573489	    -15.25048067411187524556	      4.92725825429685215795	     -3.41786259004421566488
      0.88234967554881771346	      4.88734500668002080914	     -1.86270076106011384098	      3.21818403711004963341	      0.60440605164178573538	      1.03248166264087837263	      0.03333740874014957251	      8.52541479398237811438	      2.43555673718796494853	     -6.94610348984445113985	    -27.00329582114795101688	      5.38063343662430337844	      0.22758206171489325786	      1.91958027456687196910	      7.10742688387264021088	     -7.25355388287727276264	     -4.54478765360135028573	    -68.23307132661479101898	     -3.99125136678346281727	     -0.44195430327615325972	    -27.29832813515697864659	    -15.26340216749759903792	      4.89009539247793600936	     -3.33223615712147358536
      0.88432913114416622502	      4.89639199029641414285	     -1.84624482357131824983	      3.18582811861131842690	      0.60429609367020464816	      1.03286106306955494105	      0.03363345838102435592	      8.30601897788236520626	      2.45614534760619340759	     -6.90491341185403850744	    -26.85477834792476770076	      5.42226857272204032512	      0.24659655296056168239	      1.84565084968866988113	      7.36063737665008588351	     -7.23158962917363812295	     -4.55569946344796683491	    -68.33928266199059464725	     -3.84924365025882719848	     -0.48626364385102482935	    -27.41683418460872090350	    -15.27503945424696496502	      4.85450330935305807145	     -3.25523189186496564318
      0.88640088742681111267	      4.90513800805513167091	     -1.82725368513626951206	      3.15106800649230223144	      0.60417837915367000878	      1.03325478303199824737	      0.03393807225749905648	      8.07700369169784337942	      2.47553446825934564401	     -6.85943439189986392535	    -26.69742131480058944248	      5.46301124196835274915	      0.25969339502658495000	      1.77505539750955820821	      7.62379320005002547589	     -7.20260793721363956621	     -4.56207003102163177743	    -68.43886499326166017454	     -3.68983596333306262949	     -0.52507036579181887159	    -27.52240553702151970583	    -15.28676643805024326639	      4.81534638730622255309	     -3.17479078398420666574
      0.88865798434173315368	      4.91368956399544121183	     -1.80447111396801740391	      3.11207305205042761287	      0.60404702669767162959	      1.03367893889709661082	      0.03426407613173999833	      7.82846353359713198472	      2.49408791072537283640	     -6.80706327415810896753	    -26.52404286606280692240	      5.50362496247256149928	      0.26315903592491801666	      1.70786682935788691751	      7.90849795362694685252	     -7.16417275437689315964	     -4.56303896137663400623	    -68.53511785049748539222	     -3.48985870228978045660	     -0.54735538818408380202	    -27.63805285464734851075	    -15.29888076764711435374	      4.77039194560012980162	     -3.08730512212459551336
      0.89029934548049116660	      4.91936498288437817905	     -1.78640330211013642625	      3.08284484444066508857	      0.60394944781629444908	      1.03398411907938414522	      0.03449751473756564740	      7.64831163652446743839	      2.50573067744353794595	     -6.76705400363645370732	    -26.39688155394870250348	      5.53044225779567888424	      0.25753414314822242748	      1.66632787094814260875	      8.11412684735246436674	     -7.13169578422416527985	     -4.56006196728546608909	    -68.59752616426926863369	     -3.32405769697159092502	     -0.54761817894687980779	    -27.72966809728134762736	    -15.30739205900414390271	      4.73602571321350218625	     -3.02369925631121683196
      0.89315082230021070053	      4.93137916774301476863	     -1.74975663871221609469	      3.02886188718677873410	      0.60377702537019306561	      1.03451424255229018634	      0.03489706106854285200	      7.33270102259303335757	      2.51988825677830075023	     -6.69251399746094310927	    -26.17382936448998975720	      5.57445269968883216904	      0.23419259810970391444	      1.60185389109759102055	      8.46329223015096765437	     -7.06381298063657858677	     -4.55032437437214110076	    -68.68464068498975905186	     -3.03324889914003437141	     -0.54050716648490770844	    -27.85446351844290546751	    -15.32540226873434896504	      4.67035166650661803800	     -2.91220338358885566521
      0.89580602749517013184	      4.94415262838805613654	     -1.70933014461122367855	      2.97517132018374175217	      0.60361268026171954748	      1.03500596224899821252	      0.03526164077088133481	      7.03707441571825587090	      2.52537122199060792838	     -6.61810181344393555491	    -25.96477375339090443163	      5.61585703123819257598	      0.20540700588308546948	      1.54551984915429896361	      8.78067267529310058194	     -6.98723037722733231192	     -4.53663663324301058566	    -68.74117142207160213729	     -2.77718542033530013668	     -0.53807981787526504291	    -27.91437298115806342480	    -15.34489112580324210455	      4.60210877292972142527	     -2.80767023998963560771
      0.89827994483763207167	      4.95474730517246619854	     -1.66770182092663410423	      2.92337448872731231475	      0.60345513426446428795	      1.03545672780655428902	      0.03559355754893925999	      6.76350870128248971014	      2.52494771146942031947	     -6.54610559391466573231	    -25.76989336668734509317	      5.65915727901056087035	      0.18165732910110002352	      1.49021716669417392254	      9.07422621159818376668	     -6.90608283986820215006	     -4.51897684743286287556	    -68.77568984740639734810	     -2.55201510490833749500	     -0.54042006684359633617	    -27.92663260741163711032	    -15.36229003184784325242	      4.53420149716810438889	     -2.71066704363189492355
      0.90007167446995928195	      4.96076123277515268484	     -1.63608478805733237316	      2.88534301368767120977	      0.60333797328290950102	      1.03577665437881005772	      0.03582881496854337794	      6.56756999869214297405	      2.52215356835413384573	     -6.49317759799291494005	    -25.62886474756101051753	      5.69456888132861127616	      0.17037798027623524133	      1.44667396253508173665	      9.28719295003959821599	     -6.84259963580193986132	     -4.50288386182557953674	    -68.79137605629733798196	     -2.39494059807605719215	     -0.54377579124745689665	    -27.91412809072307155134	    -15.37339977939476831637	      4.48351289896944837921	     -2.64102398614191935522
      0.90205632796864632095	      4.96723262538660925713	     -1.59945084823189098699	      2.84239622221416210479	      0.60320581055485644750	      1.03612734753097757157	      0.03608493189672133672	      6.35085755817000219281	      2.51652071738456895034	     -6.43369288919844350971	    -25.47221600439957356343	      5.73770215959811125117	      0.16651220246639347744	      1.39465509291150335791	      9.52129727943998815931	     -6.76771076036707608381	     -4.48211083850722058486	    -68.79747668100240787226	     -2.23855136785005104372	     -0.54722796623937042249	    -27.85864177902953642274	    -15.38586996084076119473	      4.42568333500736255104	     -2.56414388824251116006
      0.90394055903187608969	      4.97397672320603412288	     -1.56312887757942009515	      2.80058811729923728961	      0.60307845032034068655	      1.03645813446431267479	      0.03632425014820857972	      6.14443816629404615526	      2.50882368770249186696	     -6.37626160110904738332	    -25.32266841321241557239	      5.78034990590140029809	      0.17116728029485014928	      1.34453548691814428473	      9.74048930338058660539	     -6.69241083796446378784	     -4.45974615905736992971	    -68.79118972648723229213	     -2.10837132667192594937	     -0.54632127584843370727	    -27.76071813020899270441	    -15.39874611469319987123	      4.36913925647551781850	     -2.49113895353735026461
      0.90588458669952098834	      4.98073465061545750387	     -1.52479760645213913151	      2.75657481762201106434	      0.60294493333533349944	      1.03679521600544877202	      0.03656733812302873088	      5.93182925053517351444	      2.49928815997688280603	     -6.31620012533745445182	    -25.16759426390646225968	      5.82233422460827299005	      0.18140448150716201314	      1.29812464332463362027	      9.96462011584764262295	     -6.61141223917730247450	     -4.43398739108222095240	    -68.77420169405692718101	     -1.97528401808868658840	     -0.53563604470397452317	    -27.63919536371987462076	    -15.41213591012604311459	      4.30990222629833663603	     -2.41586167713461419382
      0.90787678016081585497	      4.98672628785241300875	     -1.48507553410364723234	      2.71061932744021927277	      0.60280568410749457708	      1.03713438806254831803	      0.03681259888920258849	      5.71530998789343591682	      2.48839803208263443679	     -6.25377434823192324131	    -25.00808929350813158976	      5.86088978740481358898	      0.19370468565148199480	      1.26008713597642318938	     10.19312988769003069933	     -6.52559734210143016497	     -4.40499779469390873032	    -68.74734765591698248954	     -1.82452384260316757825	     -0.51117455724121985128	    -27.51651056372001846739	    -15.42513843365022374599	      4.24872574561000515558	     -2.33878279126940347155
      0.91001389878450555937	      4.99161693436608722152	     -1.44211828805136876852	      2.66039275215000126096	      0.60265331564803226172	      1.03748977746857762305	      0.03707154437406501302	      5.48529405168185668629	      2.47570407604196063289	     -6.18570007824392043005	    -24.83670537197234651217	      5.89637055421586087078	      0.20440984685560678602	      1.23170258026698653531	     10.43768091058299596341	     -6.43070115029369038240	     -4.37151069239829936919	    -68.70921820750643860265	     -1.63830622766218558795	     -0.47180590764266627790	    -27.40074976905456693999	    -15.43774478687065787597	      4.18269989186368373879	     -2.25620299614174912861
      0.91211410103813927996	      4.99674002348861190370	     -1.39841782891053667548	      2.60947055426736351791	      0.60250116218626947884	      1.03783412885265846626	      0.03732261395149352040	      5.25932736283878909944	      2.46115734318034951045	     -6.11696727721450717041	    -24.66795137050856467908	      5.92747327659088796281	      0.21031339661021145049	      1.21282993233673597189	     10.67450580061369436180	     -6.33348387574228066654	     -4.33725757253222443666	    -68.65913625180218105015	     -1.44977227267112307452	     -0.42777906952279198816	    -27.28388953073902456481	    -15.45095509426702840017	      4.11607725609129992961	     -2.17473994085545063726
      0.91469365107108646651	      5.00506686136152012523	     -1.34199399647197425978	      2.54441920206087601741	      0.60231149173439990641	      1.03825356661395296065	      0.03762708093110859325	      4.98002468749709592544	      2.43980398621705818485	     -6.02970171678902389090	    -24.46036080188016015313	      5.96568350400819014112	      0.21048218823256170662	      1.19333612161183477696	     10.95823404111411036865	     -6.20820685147181094976	     -4.29446077573888018719	    -68.57705909297050084206	     -1.23822837926438600320	     -0.37861455805482424619	    -27.10764477338252831373	    -15.47013945795150213769	      4.03102344205451057491	     -2.07400701080273419663
      0.91694851451389736141	      5.01216853549574814508	     -1.29107657835158429194	      2.48616797167652769929	      0.60214232155008629022	      1.03861263853276875047	      0.03788884754294640639	      4.73683703995430871458	      2.41875369632859005264	     -5.95192523392295935736	    -24.27956414075124413898	      6.00506064479739443129	      0.20525852180928744195	      1.17042479999031034943	     11.20313786083769436175	     -6.09450159735862495580	     -4.25622087662434278599	    -68.48942129823456070881	     -1.06895669242501645257	     -0.34654819384834101292	    -26.92865838597748862071	    -15.48725632657218476140	      3.95483749373176340924	     -1.98610602855677953471
      0.91949581331259000461	      5.01797972561251626189	     -1.23258536746325453315	      2.41987500641093467024	      0.60194654286913951147	      1.03900523063814387292	      0.03817838316997129028	      4.46567323611175215348	      2.39290848071620843029	     -5.86383949885122568446	    -24.07683102895428106649	      6.06078623847095521171	      0.19631101841060399904	      1.13101886624149683414	     11.47970895349795483753	     -5.96228067380682524856	     -4.21149049159608956927	    -68.37582139898671584888	     -0.88729232427926796323	     -0.32498181761093364317	    -26.70858299879192543358	    -15.50465881242360666192	      3.86777535389631443863	     -1.88793479685561527148
      0.92131896420535708270	      5.02087504898471159720	     -1.18999513360725228672	      2.37239120203433229150	      0.60180334042740235567	      1.03927781569637556203	      0.03838117880691145622	      4.27366175838227935202	      2.37287394648801175379	     -5.80117880709579836207	    -23.93259269578249970323	      6.10785592747061922836	      0.18962499642481631112	      1.09419809899848785584	     11.67748763193539573990	     -5.86511700518428735762	     -4.17824040997448165058	    -68.28512243262062497706	     -0.76496024787263205980	     -0.31860650232945875171	    -26.53767952806018826095	    -15.51604804267314463573	      3.80478297790976949244	     -1.81869613331055735017
      0.92305839805934852826	      5.02445478635993936223	     -1.14799998176067186151	      2.32659586613395674703	      0.60166497149149200663	      1.03953505368567378220	      0.03857175167317518361	      4.08986625770478351427	      2.35175224879701083580	     -5.74140793955330863696	    -23.79505407719684129120	      6.15477021108416177952	      0.18349102836463251909	      1.05792313544910032697	     11.86316033888344279035	     -5.76970448481370823401	     -4.14585776609465295195	    -68.18830522996337606401	     -0.66607724668720036387	     -0.31769761964457038372	    -26.35164559708351461609	    -15.52814397945844504534	      3.74323720286602723561	     -1.75309257487835723488
      0.92564201131345624773	      5.03050530276773866234	     -1.08435091898663671373	      2.25752348439961902926	      0.60145598592274662764	      1.03991026625609839229	      0.03885038903326918508	      3.81697080595284310434	      2.31808292771243529273	     -5.65251588182978803587	    -23.59080973814575443726	      6.21173321625735308515	      0.17088803924510112542	      1.02798618739557556800	     12.13443362902945921178	     -5.62499097335337072678	     -4.09719095072160399695	    -68.02821307635801417746	     -0.52978865342447400977	     -0.31579916524166579128	    -26.06088593006081310932	    -15.54748492486207744889	      3.65042123855025835155	     -1.65604977534578567955
      0.92773609738495310673	      5.03498185169424683494	     -1.03279186068755235439	      2.20061609322804230260	      0.60128325165093510218	      1.04020580899169123867	      0.03907296452532708214	      3.59738362491127494636	      2.29004378324825319524	     -5.58035658321294825157	    -23.42566687077113840587	      6.24157944932581632003	      0.15719819434108450729	      1.03285132089650111276	     12.35180815181853830609	     -5.50685624377276283781	     -4.05766439854061644610	    -67.88659467610193587461	     -0.40823162971745113881	     -0.30506964310104545124	    -25.83712628505826458536	    -15.56313032119713035684	      3.57515166913973514440	     -1.57750774972789264972
      0.92972611198972310298	      5.03809255950429069060	     -0.98438759221632055052	      2.14609640701858639389	      0.60111612296298477798	      1.04047742029720091672	      0.03928169792730043519	      3.39102846147418723888	      2.26335489018924596039	     -5.51207203777981735726	    -23.26969933292257408652	      6.26561795219387196454	      0.14558994964011001683	      1.04665513448441438449	     12.55758532287846307440	     -5.39477896322498562398	     -4.02001858663791722392	    -67.74394862177601339681	     -0.27474888719456330710	     -0.28419229865877870811	    -25.64312645219253994355	    -15.57704270611276342606	      3.50422936441726617929	     -1.50317375844281508890
      0.93149323257120342223	      5.03984524585435167410	     -0.94192050484916001185	      2.09768014838790062271	      0.60096525099430886385	      1.04071045232635261968	      0.03946444166971537632	      3.20967533384841807731	      2.23962690861641311457	     -5.45211929397178618473	    -23.13231648824863029290	      6.29530496941483264095	      0.14089981144828400694	      1.04747009133940394143	     12.74004641134664517210	     -5.29551734986750144429	     -3.98639334508535903012	    -67.61129661095030485285	     -0.14495519504639164943	     -0.25885801323712692712	    -25.47125490057732832838	    -15.58850338382162270534	      3.44183723810827002509	     -1.43775335494369782552
      0.93347905079665927097	      5.04166872313479608181	     -0.89460867033965552064	      2.04302600634983555494	      0.60079315540726663247	      1.04096477033281997748	      0.03966746672405310065	      3.00676908868225956084	      2.21284160160568887932	     -5.38533218379576794632	    -22.97900062726778358524	      6.34297359035521690629	      0.14329231903374092805	      1.02807180422383082075	     12.94358194364317959923	     -5.18446258649760238768	     -3.94949683784997729319	    -67.45494805167638219245	      0.00171272046717009432	     -0.22947949604937459278	    -25.24544898108852919449	    -15.60150718068322817089	      3.37213796309662372508	     -1.36464885242418132449
      0.93574423992522925975	      5.04423921157356236478	     -0.84119831269249845107	      1.98018552278873283257	      0.60059344654720925316	      1.04124647163752936940	      0.03989654554602915099	      2.77572859096835644621	      2.18226397576049535587	     -5.30973680450749441206	    -22.80495033183160913381	      6.40531606006767884054	      0.15125403845000615077	      0.99608836406619671866	     13.17305634265230551705	     -5.05880455356311120596	     -3.90979632339710514444	    -67.26672345440472611244	      0.15787609900719337674	     -0.20527241053491260270	    -24.93550266582728980325	    -15.61730663568064692015	      3.29315134764874750672	     -1.28156754913352743941
      0.93821450099105441200	      5.04727459679640411139	     -0.78378863017676692060	      1.91172809220126382890	      0.60037101822333249768	      1.04154317039900612407	      0.04014247776185516509	      2.52473203247163269225	      2.14906880878809181112	     -5.22870311290211464694	    -22.61552507570986847441	      6.46605085577241656125	      0.15873591420130445107	      0.97583196127434401745	     13.42084946371557485634	     -4.92307606718680901281	     -3.86894238771587417602	    -67.04926665518594575133	      0.30265463463775799102	     -0.19869578799789572310	    -24.53175692692646236992	    -15.63531196840265025116	      3.20795586649185793249	     -1.19195770554948365927
      0.94000854960897040069	      5.04904675636873356837	     -0.74274989246271982957	      1.86259499327316047079	      0.60020617296863876255	      1.04175076703229829711	      0.04031787722682621949	      2.34376843810696833259	      2.12515730187903617576	     -5.17132819445335467634	    -22.47819138257066029496	      6.50188673607922762443	      0.16097621150610993968	      0.97589386870230376836	     13.60011365098444890975	     -4.82535424135149870750	     -3.84013386184256466649	    -66.88353142553114594193	      0.38906796038320456965	     -0.20710886462096278482	    -24.20283858988230463183	    -15.64822414988223719945	      3.14691675568577400313	     -1.12804190416131056018
      0.94170649654056537425	      5.05003253229815651792	     -0.70441765237806253097	      1.81687393588214662898	      0.60004751615245266461	      1.04194035124899375688	      0.04048102280469158265	      2.17393533410912231929	      2.10266397815026451212	     -5.11853117390967060629	    -22.34864793053324305561	      6.53353940056668047731	      0.16122844940411920622	      0.98146482356195496877	     13.76976538908362357461	     -4.73348587988419655659	     -3.81291857343075246689	    -66.72083198204735765557	      0.45529453334215763682	     -0.22198475051550425885	    -23.84236766663290296719	    -15.65989830509755798005	      3.08984771378310263401	     -1.06878124848165012573
      0.94369562720927535615	      5.05049512220801766205	     -0.66029153983467325784	      1.76408072793955361668	      0.59985863509399217630	      1.04215396083037759034	      0.04066920044177950444	      1.97659245652600668031	      2.07670300430434995320	     -5.05833696894449325043	    -22.19766728027533986278	      6.57345003982973441481	      0.16062321562614428894	      0.98632118809923663427	     13.96805450573667606307	     -4.62712910119148190802	     -3.78132132868734949227	    -66.52305845477846446556	      0.51889440620501148249	     -0.24063000771838760627	    -23.34118090109741672222	    -15.67306037513469085809	      3.02395400723668483778	     -1.00063633987468247888
      0.94620125762492246491	      5.05068452080542762417	     -0.60627980324043040383	      1.69799600212914936215	      0.59961676215100678800	      1.04241086332942223258	      0.04090336278254738667	      1.72979971385384523330	      2.04512631576429981806	     -4.98426116380994166377	    -22.00878982271765949008	      6.63038221861411702918	      0.15923352906276708185	      0.98493688445362692629	     14.21546502293046643217	     -4.49626318996769125391	     -3.74306072224320063313	    -66.26279934441073748985	      0.60090930287892552197	     -0.25144458841970396268	    -22.64066853939801049478	    -15.68956495201012835139	      2.94263166751015248224	     -0.91588365479265521074
      0.94889601157921898977	      5.05127680709918713831	     -0.55021982048292650269	      1.62686501915029735343	      0.59935233767250284398	      1.04267344598618705298	      0.04115284671148849299	      1.46564863817528467926	      2.01269959810198617589	     -4.90624560819621180485	    -21.80707823097720776673	      6.69640281652571012216	      0.15654419194939170334	      0.97805168696941324757	     14.47669281788774853226	     -4.36007783288380412756	     -3.70470024808750908463	    -65.96852542567150123887	      0.71129428058491961373	     -0.23519077893922485378	    -21.85998593183325056089	    -15.70817642318440299221	      2.85718689507576595332	     -0.82546205864846355915
      0.95103732401931739826	      5.05251114569286485789	     -0.50681142258864342320	      1.57040403728337785161	      0.59913912982396788642	      1.04287294150769938028	      0.04134919244898192098	      1.25610879308182576963	      1.98762956404824020495	     -4.84568498627915644761	    -21.64760150814866079827	      6.74915995078883224068	      0.15303490803816052757	      0.97312876283294635904	     14.67995378282528484704	     -4.25488452092848312702	     -3.67635414280895611583	    -65.72342859960959060572	      0.81182560016007287995	     -0.20320863986809434287	    -21.23009174835165779882	    -15.72413336425238838956	      2.79040646529195779380	     -0.75431788522474430003
      0.95377977170466887724	      5.05506242220240942231	     -0.45218727736080227553	      1.49849393383458995288	      0.59886179957338481206	      1.04311688636049071377	      0.04159761556659740539	      0.98825231854191353253	      1.95578315864600216223	     -4.77040569693685068131	    -21.44439002093706037044	      6.81601791616224073067	      0.14726570806415903436	      0.97268518450172836154	     14.93497649366856450115	     -4.12346843983077260276	     -3.64294730860285298490	    -65.39406878315718074646	      0.92899544554985535871	     -0.15047585089091061739	    -20.30754049734448329900	    -15.74607270031382277864	      2.70584660907524110485	     -0.66453835706698360930
      0.95652803125644003668	      5.05793328957574583882	     -0.39887275467303939802	      1.42682872959991113859	      0.59857877744159126987	      1.04334728912097873810	      0.04184336429401157298	      0.72153055466539528506	      1.92448761572485538274	     -4.69753740508882344784	    -21.24224075039017023414	      6.87810322479549984820	      0.13958900413387584361	      0.98395941119024754595	     15.18550573941065096051	     -3.99616867403472797449	     -3.61408448944689864035	    -65.04608912521558750086	      1.02049383268152893400	     -0.10020213548980233531	    -19.26606398706334388748	    -15.76887164866980484135	      2.62254255282604376021	     -0.57592842625246476462
      0.95906983080973218225	      5.06046578986546613521	     -0.35121679158283242161	      1.36110491163912183943	      0.59831240628358661748	      1.04354721993109245126	      0.04206767259322558017	      0.47689540147248765667	      1.89648284220740914741	     -4.63272427810613418586	    -21.05672526195123595016	      6.93107824822284435129	      0.13228911454419609028	      1.00260837777217570732	     15.41314196478250586608	     -3.88294847053759939470	     -3.59231108362622908459	    -64.70819914679937312485	      1.08099083202296553097	     -0.06655396311743644322	    -18.24297115357013154835	    -15.79019672546854913264	      2.54723662871310940758	     -0.49527380864219777701
      0.96115796182098667266	      5.06254660716816928812	     -0.31339167742698392782	      1.30782231480856236949	      0.59809035867471271875	      1.04370207323322938819	      0.04224944194623911353	      0.27722514157094657605	      1.87428728113547782286	     -4.58169393902201793622	    -20.90524797324340866567	      6.97324673451153831394	      0.12796784928631085854	      1.01987594108283152750	     15.59707959803801990972	     -3.79334740117979851703	     -3.57804030357629709869	    -64.41923583284996368548	      1.11572778789446691583	     -0.05157154963615295101	    -17.38015415910766492402	    -15.80795243925672188823	      2.48684060548256180567	     -0.43019908179250970770
      0.96392773631838379877	      5.06555291972185539606	     -0.26540532800376692713	      1.23826655136097274479	      0.59779159866338971163	      1.04389470925605865048	      0.04248714379814595710	      0.01382485030542138747	      1.84637904226062476987	     -4.51716461776085509428	    -20.70538089109899715368	      7.02884269992260168891	      0.12653624680418054660	      1.04536475865268085883	     15.83640062714010454670	     -3.67983448392408440952	     -3.56423412553953022908	    -64.02046865804706499148	      1.14120033269146770039	     -0.04761518458744908033	    -16.14978404933399502852	    -15.83206290348173972404	      2.40916677975405946199	     -0.34553793936424859190
      0.96644045320254867715	      5.06869332086965673767	     -0.22459761985375895077	      1.17598565370339680491	      0.59751686389805092059	      1.04405702788303722528	      0.04270027021354837193	     -0.22388679477519218830	      1.82327840088598436274	     -4.46130011741233190037	    -20.52502552301784177757	      7.07906506368172916410	      0.12964787267921087932	      1.06935918631268966905	     16.04822834014004939718	     -3.58320353703088567698	     -3.55719391478842661414	    -63.64385406050339355488	      1.16176422737489515313	     -0.04839914357301843689	    -15.00093695816530470211	    -15.85461773055389933518	      2.34164172815427251706	     -0.26991185447429605349
      0.96902297179817664663	      5.07238576040409849810	     -0.18562259854994897501	      1.11273154246291117175	      0.59723121539101209354	      1.04421148367429061921	      0.04291733084886857619	     -0.46705568422159515762	      1.80211599899957475301	     -4.40630430854094434778	    -20.34064955823183851180	      7.13287058175771893076	      0.13661986071344661697	      1.08921730127763383145	     16.26022331878485260859	     -3.49080734356199107182	     -3.55531601694109333778	    -63.24236771076306240502	      1.19801348304876476014	     -0.03849149786898928283	    -13.85094031881754439439	    -15.87848161329005947096	      2.27539167910640172110	     -0.19321206278410907320
      0.97109675912130644093	      5.07570455873963766180	     -0.15642947869397696992	      1.06265738914541318927	      0.59699952361512476084	      1.04432644778570460353	      0.04309015998965565197	     -0.66153343644564699400	      1.78700955459003418824	     -4.36393740072580360589	    -20.19333750925162007661	      7.17948843909009681852	      0.14329516743861514527	      1.09822911228986486165	     16.42615996845348291799	     -3.42169585554568689290	     -3.55747396322358433451	    -62.90944479320273785561	      1.24193453701753586671	     -0.01594419974289153566	    -12.97282040534053670910	    -15.89813995750034258947	      2.22443071006221027019	     -0.13254529772503434448
      0.97333954018043056244	      5.07960019994418576772	     -0.12693244850594451179	      1.00935484159766097889	      0.59674653767694829654	      1.04444182299866450414	      0.04327557125091530815	     -0.87101138743191541813	      1.77259765067399710503	     -4.31990119712433884303	    -20.03466146078797649466	      7.23069448855678853505	      0.14829613196461205460	      1.10815488872959977407	     16.60146467400543812687	     -3.35208334362659732264	     -3.56349996258863699339	    -62.53862260734584310740	      1.29474123626228854178	      0.02207158157642392926	    -12.03076091065171482342	    -15.91984730054935859300	      2.17153488980658027074	     -0.06797899758110706459
      0.97598410992339934555	      5.08435446498858922837	     -0.09516876654969673444	      0.94754768947364176324	      0.59644476808140811652	      1.04456611647246022656	      0.04349240388575162375	     -1.11648473432111350334	      1.75848030483913708721	     -4.27011918209804175461	    -19.84818107663424768816	      7.28048378314442068415	      0.14627706351782804317	      1.13793524827826453283	     16.80297800175714684201	     -3.27727460639247114571	     -3.57645083378004891017	    -62.08631519227313333431	      1.34896182154319066449	      0.07398750531504834360	    -10.93030535231199884549	    -15.94578448452927155188	      2.11238703343621203601	      0.00695514117231027604
      0.97814918645471959913	      5.08826239731895757501	     -0.07149712417175294044	      0.89783250148760429532	      0.59619482855167682533	      1.04465856571477422321	      0.04366827864279772264	     -1.31605572916471680323	      1.74907171371318348463	     -4.23121975770844649389	    -19.69608326050247626426	      7.31139830467312190621	      0.13881916300121424634	      1.17777806474448554219	     16.96390856185846729431	     -3.22174061269272637986	     -3.59242831631796066816	    -61.70328705294522819713	      1.37571081913629345017	      0.11054346178940577250	    -10.04420897537619694617	    -15.96717244933601698165	      2.06648289128691464711	      0.06729053038453722269
      0.98001897706580942682	      5.09171684671774915643	     -0.05247781181815480700	      0.85566230405819365679	      0.59597697965191109848	      1.04473178889868312247	      0.04381863864913290718	     -1.48753181111665777614	      1.74214275119866601749	     -4.19925131481239244380	    -19.56537797256397226420	      7.33810043998378702668	      0.13148605705769905727	      1.21092615341787745997	     17.09984024307862782166	     -3.17750694710014336408	     -3.61036800657132150860	    -61.36301454548443956583	      1.38195465412186524468	      0.13128322128266314839	     -9.29697953855018077718	    -15.98581598432145511879	      2.02841197489343505467	      0.11848272945049408145
      0.98228027078831625651	      5.09624578562870667042	     -0.03090080946368584797	      0.80583381509145990407	      0.59571130725388032889	      1.04481244271356676911	      0.04399809564257494560	     -1.69428153272551607067	      1.73480310538408244447	     -4.16304081394190550469	    -19.40825211129834215740	      7.38163096659955542123	      0.12619286689053427208	      1.23408644032371195287	     17.26010723192610640808	     -3.12808311433966856896	     -3.63713510053013155954	    -60.93966767492504743586	      1.36594684774147734352	      0.13913042661349064866	     -8.39297070399599398627	    -16.00882370297035706130	      1.98400700968023824267	      0.17896416885610405556
      0.98413921745742238834	      5.10037207927023228393	     -0.01442868618495307155	      0.76583367792960566067	      0.59549135550238829762	      1.04487248055710524319	      0.04414365678565333739	     -1.86395057782177109296	      1.72972040829115347726	     -4.13529138100367354980	    -19.27966638576047131437	      7.42696857774142493724	      0.12560082117534074331	      1.24014611880237990427	     17.38815056729728425466	     -3.09090442795364506168	     -3.66322988298603480217	    -60.58199896663469985469	      1.33916420620702503186	      0.13486260446223485854	     -7.64584567531238423754	    -16.02821357268884128189	      1.94896233650373984503	      0.22754892426806830330
      0.98604887697808307756	      5.10492011246078192244	      0.00083515059125572342	      0.72548558145427999300	      0.59526416915380009343	      1.04492832224691123422	      0.04429172714963358626	     -2.03791090642821748347	      1.72595664964905837202	     -4.10831751792007437984	    -19.14767423380007826950	      7.47337269851593166692	      0.12566885347504286319	      1.24749308949221004994	     17.51597367736363608515	     -3.05660641769115448696	     -3.69381238961341251681	    -60.20566043900490171836	      1.31221356308990388939	      0.12962201629403469205	     -6.90169026522645356891	    -16.04847929939725048598	      1.91481336797227230662	      0.27668358356925276675
      0.98833132044051308362	      5.11081306328831530550	      0.01633345631825933175	      0.67799416142930912788	      0.59499130249999532261	      1.04498765452267994291	      0.04446736918411533374	     -2.24546852317036860214	      1.72406430241952035587	     -4.07756676110106219824	    -18.98937783555928859869	      7.51513802198517755215	      0.12246890517741877702	      1.27753237382424011948	     17.66332472047851709362	     -3.02158757613992579039	     -3.73526753555461077383	    -59.74412270006773439945	      1.29795452661577104259	      0.13592221685532604458	     -6.07806557035773487030	    -16.07319093859694447701	      1.87698915873727423254	      0.33478076691845376489
      0.99005334535382116812	      5.11570770160511578695	      0.02598750947761065827	      0.64255108349623302200	      0.59478470383349202333	      1.04502738615382395615	      0.04459922183050398642	     -2.40197264910040653163	      1.72460145562749400661	     -4.05519525029977767616	    -18.86937785360385433364	      7.53366935932545978005	      0.11698709125771389328	      1.31924872239816437514	     17.77019394294123699751	     -2.99961489649482393460	     -3.77004511809343245687	    -59.38737787078751750869	      1.30747264408874364072	      0.15643527997318798506	     -5.52160181102110403373	    -16.09230375295683401760	      1.85062995374242755808	      0.37831285778758744209
      0.99189199042500153514	      5.12148004077514862331	      0.03460180935410731018	      0.60500971475696851964	      0.59456361321696160616	      1.04506523032026632514	      0.04473944965099489746	     -2.56916156931868400193	      1.72675031727661454362	     -4.03204802854880739460	    -18.74090035803618548016	      7.54612274148011241692	      0.11065959743631618994	      1.37664152729651045881	     17.87993390517831215902	     -2.98009292122981506168	     -3.81056808578544714550	    -58.99814936909523055419	      1.33720710408223308896	      0.19454117137091028744	     -4.99405859124617101941	    -16.11327163946636886749	      1.82426017361210468515	      0.42450260066244049906
      0.99370428200324978363	      5.12760711345295305819	      0.04159991110442467360	      0.56829426725236020790	      0.59434518404344038878	      1.04509771506770032801	      0.04487705629088171999	     -2.73388877284028319892	      1.73018527791351384160	     -4.00998228552566970961	    -18.61439080303070525702	      7.55950549739826183071	      0.10729722254019223582	      1.43470616715195808943	     17.98388483174085905603	     -2.96453387434033643899	     -3.85423314631346602965	    -58.60581786088810929414	      1.37778939066753070009	      0.24244116438613930176	     -4.53193017482202709090	    -16.13437102585887927830	      1.79981544949906280273	      0.46969423151131672878
      0.99583770259337023312	      5.13482130930225189047	      0.04812264228172542790	      0.52560454644208765007	      0.59408710096045536098	      1.04512895664981164678	      0.04503784984194741242	     -2.92700811527897730713	      1.73567440784311743940	     -3.98507971919795478399	    -18.46637711459647945844	      7.58695686243102684898	      0.11011360873531203519	      1.48680549631473479799	     18.10191225651118074325	     -2.95050514880630787573	     -3.91077790967873761829	    -58.13272595173202716978	      1.42045430906594738474	      0.29653203916228670911	     -4.03587126568699527951	    -16.15914939938461358793	      1.77285926972777407862	      0.52225980984625020032
      0.99807666473685974218	      5.14171481979627031933	      0.05300955112195405300	      0.48188789937417281228	      0.59381468140875037776	      1.04515260703982093560	      0.04520427721241979113	     -3.12796454819199620800	      1.74309232169623928854	     -3.96050340921925103643	    -18.31246715197219998572	      7.63362597551991051148	      0.12114488530238437525	      1.51348911744469516449	     18.22212700824261943922	     -2.94033132365651450613	     -3.97617391388874663605	    -57.62333375729686224531	      1.43707151467622207264	      0.33113113083795470137	     -3.53799350862221295699	    -16.18434852548005409290	      1.74678933925238788483	      0.57623769543194491849
      1.00020860980540682306	      5.14727143046589485920	      0.05557364357295776353	      0.44187569745857541159	      0.59355347221760801357	      1.04516598904870305908	      0.04535952898983353770	     -3.31737365840107312209	      1.75206661872651991985	     -3.93891021679230535213	    -18.16686700230817308466	      7.68829389172489285897	      0.13481263901641959979	      1.52062086894921399960	     18.33409310513919621144	     -2.93479355364877303458	     -4.04375975178269353449	    -57.12675136670303999153	      1.41495102832662311698	      0.33117951057827865746	     -3.06514641857498482125	    -16.20719068607777302304	      1.72449774011410306152	      0.62602060277125393117
      1.00215349937054654106	      5.15141086738086162455	      0.05577551997676715584	      0.40714017530645146836	      0.59331359927391746911	      1.04517035241285149993	      0.04549783415667963543	     -3.48858116639282966887	      1.76237055900861272484	     -3.92087666045307647877	    -18.03416439417025785019	      7.73709556044812885034	      0.14495183971067091000	      1.52935499216465009553	     18.43448981726751867427	     -2.93341253009049029998	     -4.10927754369724951289	    -56.66494982694174353810	      1.36497542631047985573	      0.30352414851837333787	     -2.62928185737466835192	    -16.22696827090654636550	      1.70682273183409671802	      0.66979640768180481736
      1.00428972501400637363	      5.15480652922061644006	      0.05297514376096802702	      0.37082337939090032064	      0.59304863229842130767	      1.04516628979100190122	      0.04564646575323481892	     -3.67484403033707973663	      1.77684616191097499716	     -3.90249356101621147630	    -17.88793147895400537095	      7.77933871227126605419	      0.14859600028698588536	      1.55877870236880844423	     18.54290385752134184827	     -2.93677248729714035491	     -4.18507255741253647585	    -56.14917298543829105029	      1.29502811665664885332	      0.25663409379358598228	     -2.16236031845317144828	    -16.24736338928959256123	      1.69104624352405741305	      0.71637366467453100771
      1.00650544022737720162	      5.15728265408148889293	      0.04627043073734423556	      0.33454103035112647824	      0.59277279090446299836	      1.04515252868621977278	      0.04579826776715711922	     -3.86637844937096586406	      1.79588369837431871545	     -3.88419375993877746822	    -17.73545002943292914210	      7.80588562327660007156	      0.14182922640964248928	      1.61654278951806684717	     18.65246145456505644233	     -2.94658468911832871484	     -4.26797378643605629378	    -55.60557403069827842046	      1.23591756732761171023	      0.21532976277996282444	     -1.73072489798107231884	    -16.26726175347468483778	      1.67902807665951581129	      0.76377734781758477300
      1.00855269363093502655	      5.15927540022927288987	      0.03681804999571863801	      0.30161135067110500518	      0.59251769944479781849	      1.04513204612249777092	      0.04593750829257866458	     -4.04265097173299725597	      1.81684805231629242783	     -3.86739712518163836208	    -17.59398029119571660317	      7.82005158225548679951	      0.12867573687411226757	      1.68438222447813146232	     18.74972799241651699731	     -2.96153878850650054133	     -4.34867938010951249339	    -55.09578403565078019710	      1.21608446379959955763	      0.20513281830196566924	     -1.41058559151517881602	    -16.28519867672004295400	      1.67146431544193463381	      0.80735379097359039058
      1.01027514839319554341	      5.16127471091208178677	      0.02687781861609193218	      0.27405562221558127378	      0.59230328781094143675	      1.04510983640165089348	      0.04605428158620550327	     -4.19110118359755290385	      1.83643233206051070816	     -3.85321373972971148447	    -17.47477808402681276334	      7.83092486757332384428	      0.11594354909341196558	      1.74060396940544159783	     18.82772531539677984824	     -2.97811223563229887645	     -4.41975264851831806112	    -54.66119288747963622654	      1.23171172393552064150	      0.22550333579356721114	     -1.20910699983370628630	    -16.30054318669423096821	      1.66716667227831649711	      0.84402144415382907017
      1.01209484048222964070	      5.16398671661293562352	      0.01491821017857172110	      0.24502005408965835120	      0.59207709133277364177	      1.04508193736007903851	      0.04617719500398127785	     -4.34842179448258470131	      1.85839697765247402472	     -3.83827146859347800856	    -17.34891812654058185217	      7.84663416761291898638	      0.10406672816003187387	      1.79312669759389509139	     18.90597049061479850707	     -2.99892330929528583283	     -4.49805310341307240662	    -54.19613161791485822505	      1.27517138181753630910	      0.27441503613470163980	     -1.05219374658727904404	    -16.31731679704447657286	      1.66409138184946447936	      0.88269847479484941921
      1.01375316260189340944	      5.16672597623183271764	      0.00306743467367342039	      0.21868682233597960818	      0.59187100493934152734	      1.04505231793181696531	      0.04628846813973132995	     -4.49187500641932668799	      1.87910095820599831740	     -3.82484404799413768572	    -17.23457433885609191293	      7.86645268069590830606	      0.09636891898096798525	      1.83312211329090346545	     18.97407009872952698970	     -3.02025717030368845428	     -4.57244775154279814444	    -53.76653723687082475635	      1.32380546494038608962	      0.33315280483309461790	     -0.93609823931976487987	    -16.33282976652778373250	      1.66224287290627414926	      0.91773767882427093046
      1.01553139338899955924	      5.16961118957522280937	     -0.01042939842302018083	      0.19078652251561986630	      0.59164970459606158748	      1.04501591155574402592	      0.04640640796642317434	     -4.64536841600510808092	      1.90175197335917389729	     -3.81088140743688130740	    -17.11249253772153977593	      7.89244210802689227791	      0.09205398768075329086	      1.86886020487874815466	     19.04440737393116833687	     -3.04508340241660357961	     -4.65562225097122972528	    -53.29916809084815554343	      1.36437861440636076793	      0.39399424713693836919	     -0.81028339496669676834	    -16.34936562578243623989	      1.66111183791811045651	      0.95484080662248460580
      1.01759920433834483156	      5.17269535189928575392	     -0.02706788886607451941	      0.15911772249702163529	      0.59139161204110535230	      1.04496762219935868110	      0.04654089680989585004	     -4.82322954801813352788	      1.92858110715901909238	     -3.79549213675885299679	    -16.97110423517386479375	      7.92578111593726930550	      0.09211343426752553742	      1.90503174799031760323	     19.12331841737273663284	     -3.07591903506737018859	     -4.75688139920797148363	    -52.74637172698469811394	      1.37302792001048401538	      0.43930880569601887808	     -0.62946620175604472980	    -16.36827555677644241428	      1.66094274943689113044	      0.99704043179308932121
      1.01991034729305352080	      5.17587255873126217409	     -0.04705572300203456765	      0.12512254908781234031	      0.59110209896590182321	      1.04490651815698631921	      0.04668688610255111032	     -5.02146461762322537936	      1.95946258094233827229	     -3.77951976932543987076	    -16.81334519086053091996	      7.96267891042187336836	      0.09757780737094927381	      1.94384594331519267030	     19.20808877199041830863	     -3.11251056920580415621	     -4.87564869522442556615	    -52.11656815718939839144	      1.31838674411700718103	      0.43708730551802682518	     -0.36240975791924379124	    -16.38910204776522760994	      1.66257507193067666229	      1.04267356109713005274
      1.02194333228818723391	      5.17865347060840175430	     -0.06626739678078685802	      0.09660055007866995280	      0.59084683705892437899	      1.04484682706930387397	      0.04681126402861741920	     -5.19580550315453493226	      1.98797051171901228983	     -3.76629220204468140309	    -16.67435362279480060010	      7.99432014262401136051	      0.10631223522498618739	      1.97824110383604589991	     19.27946144857422794416	     -3.14672992657536365613	     -4.98459306622652942309	    -51.55280066860505172599	      1.21922970050517309737	      0.38645725878209274962	     -0.06773099636861094897	    -16.40736963365492684375	      1.66611184446460747210	      1.08144515312658273665
      1.02405995390254300759	      5.18132997842976550373	     -0.08866303532923924813	      0.06803233234215308456	      0.59058109915768486342	      1.04477805954651570275	      0.04693744808194887791	     -5.37717119713801228187	      2.01996544947454337304	     -3.75252184747882333582	    -16.52921401039759174978	      8.02683103409314924193	      0.11770413653629657746	      2.01543580887298023896	     19.35053756402495039879	     -3.18537757789893305471	     -5.10191054326552340115	    -50.95737179529464100369	      1.09243579171113291970	      0.30519970719055772301	      0.27264545766164605123	    -16.42604298109675298178	      1.67265163692596896539	      1.12088527231313772603
      1.02595018648348990098	      5.18342195322572774074	     -0.11129887202518265465	      0.04299777614924319563	      0.59034449778764241934	      1.04471039568131884856	      0.04704843300856046545	     -5.53893304822810073063	      2.05124621305402810023	     -3.73927884553851264116	    -16.39915491687146698041	      8.05430347095950160963	      0.12746195826302628151	      2.05061244732154079884	     19.41084088698244158877	     -3.22350959482258403455	     -5.20958737541659733239	    -50.41939684048430336816	      0.99352470876339460393	      0.23804640358364020924	      0.55382145389195569507	    -16.44223486809568868239	      1.68142355964749956598	      1.15592250005697905202
      1.02816462977434008863	      5.18564650210547561926	     -0.14124993986573122773	      0.01361962160766073612	      0.59006896712082146372	      1.04462347759104035028	      0.04717776087854309158	     -5.72839245622295667459	      2.09149263387763895139	     -3.72161912382814330513	    -16.24625351473670775704	      8.08437970919479909071	      0.13578159278906118401	      2.09344330472294659629	     19.47695434553998694582	     -3.27329265990295281696	     -5.33874579931520809595	    -49.78268551971326871808	      0.93094824839162404473	      0.20189395833232148814	      0.80031367076888204615	    -16.46070511060628405176	      1.69530579080602405995	      1.19740646128242711477
      1.03020521346657822903	      5.18766006044223360050	     -0.17193645325478085217	     -0.01387275851509668471	      0.58981708243117680901	      1.04453625915234438182	      0.04729699159910236844	     -5.90315660998086588762	      2.13181563982474653329	     -3.70277171247257008702	    -16.10496602001507682189	      8.11059628399460486037	      0.13831770165369056125	      2.13286294927226238727	     19.53307198615562967348	     -3.32406022085782781872	     -5.46031644372151436784	    -49.19017171864684456750	      0.93955135611520812500	      0.22979303724957517163	      0.92155619741801453326	    -16.47742145647818290399	      1.71120067056801516969	      1.23635128407104288861
      1.03198722733230008330	      5.18945980619773372666	     -0.20067731300219199264	     -0.03827902723482246028	      0.58959872324048501202	      1.04445474118132675123	      0.04740112894019483936	     -6.05599543408691332047	      2.16901177210101581139	     -3.68428975842330919122	    -15.98145907462430592716	      8.13374961259393991497	      0.13567187546019160438	      2.16620866551772150999	     19.57826054486447020508	     -3.37162123179994477340	     -5.56838987579784738813	    -48.66787690777561437017	      0.99276455570206623147	      0.30259374922820664322	      0.95702454481858256763	    -16.49186670103630447670	      1.72696511334549795968	      1.27085757211859573523
      1.03346810161651347926	      5.19088308104840212565	     -0.22545460662659227991	     -0.05870836448435297339	      0.58941818196848405620	      1.04438330324584982556	      0.04748717978497447867	     -6.18303167907773865153	      2.20074795165541514663	     -3.66779689571298117556	    -15.87889896899517516715	      8.15414792918667075128	      0.13049106331192716901	      2.19240312661286829155	     19.61338994286202108697	     -3.41262310264658985659	     -5.65960391841185295192	    -48.22965918327275147703	      1.05232823477175729820	      0.38510496845147212941	      0.96278436408054024476	    -16.50367485362035324670	      1.74092195697476692651	      1.29962317642179847610
      1.03514773532155657243	      5.19222134139928481744	     -0.25405820548842045214	     -0.08174566673498381841	      0.58921402095331032456	      1.04429828704191729472	      0.04758335289066929069	     -6.32690812218045461890	      2.23706607360732290246	     -3.64836208421596808193	    -15.76279450525498759816	      8.17892978838470696701	      0.12243542581644656364	      2.21975036240590872794	     19.65110033723646054682	     -3.45974591174648793412	     -5.76468471287213990450	    -47.72704144076503496308	      1.11129007163450932438	      0.48037121423337442172	      0.97795432063175569137	    -16.51667437219020584394	      1.75727990003713996359	      1.33193568946990925639
      1.03679545398560346570	      5.19304961515500362879	     -0.28230228924020195347	     -0.10387067200195646000	      0.58901397692007317897	      1.04421079966614094303	      0.04767525282154930905	     -6.46760916617063941203	      2.27261198004810571760	     -3.62907933750481559443	    -15.64919633848507629637	      8.20518047009927720126	      0.11371463940559088657	      2.24359156436926321376	     19.68644974179815321236	     -3.50570879123171197378	     -5.86949334082531049006	    -47.22737665727165534690	      1.13566640301617693964	      0.55081729559884962111	      1.03545263573903079113	    -16.52883794185956745082	      1.77364036263697144591	      1.36290013271330812117
      1.03890891977561294901	      5.19318511559858375648	     -0.31868152577860409114	     -0.13113277101811407488	      0.58875733066490798517	      1.04409266099672737305	      0.04778835951758763495	     -6.64722150077131956891	      2.31791386149324996069	     -3.60465557686550797101	    -15.50388821402216521506	      8.24087640518011710355	      0.10326077741757493100	      2.27058067718789891032	     19.73009026129988896514	     -3.56342730173122790305	     -6.00634412323838162706	    -46.57630432389433394746	      1.09273293008076777255	      0.57687683620287688591	      1.20599149696336471749	    -16.54337802140420876640	      1.79513399743312973555	      1.40111762229340919284
      1.04079493024116653821	      5.19234882533033115237	     -0.35163328965100648649	     -0.15421981158365827280	      0.58852823523745578793	      1.04398153176242414197	      0.04788423710181115983	     -6.80666610247293490943	      2.35842891892729467074	     -3.58337811373973469387	    -15.37443478340917124569	      8.27304676870450528270	      0.09606028611818735741	      2.29341660601722407975	     19.76771868696418010813	     -3.61374304543110946852	     -6.13049059104928506514	    -45.98603229712800555262	      0.98036821594879552944	      0.52664715230475533936	      1.45173198670335046323	    -16.55526562210523167096	      1.81526623404706843878	      1.43372577763453223909
      1.04273864622814094183	      5.19079721160813356562	     -0.38682970590902371333	     -0.17702982519459051214	      0.58829260812770645117	      1.04386146191673234718	      0.04797865656032799381	     -6.97056485950934678897	      2.40112702459541615951	     -3.56153601028587729616	    -15.24092781374980809517	      8.30505771623258937097	      0.09146948981120597844	      2.31948484607426141935	     19.80471972709522177070	     -3.66540879121372054072	     -6.25999216449552697838	    -45.36985572635098407090	      0.81648995093381715460	      0.41902077174760121725	      1.74214091196689091490	    -16.56668835356189362074	      1.83771385293670741490	      1.46629936144230343942
      1.04398940653899097164	      5.18967242439236287055	     -0.41052717959215573318	     -0.19148675802841724769	      0.58814169467138632807	      1.04378139276202341890	      0.04803777502914793190	     -7.07612940735990481045	      2.42954776088942647760	     -3.54706568362569507613	    -15.15483296987732231287	      8.32433208529262991249	      0.08988212694279308634	      2.33857735765464980204	     19.82700960994525729575	     -3.69925338953353000093	     -6.34401060069229050242	    -44.96981435616548594680	      0.70533113291942273193	      0.33694839193972420111	      1.91842695315662692401	    -16.57383369235529002594	      1.85339214425145049070	      1.48710624654354939267
      1.04554288459256050636	      5.18817631197266138088	     -0.44136900239636178700	     -0.20938289642356205933	      0.58795524666387899426	      1.04367876167757844819	      0.04811001737352471608	     -7.20740226686999108097	      2.46620425082880867507	     -3.52828689137852435920	    -15.04771494532793418841	      8.34708808453180850506	      0.08919683016314217117	      2.36405164322296679202	     19.85293921042740805660	     -3.74254297368607380392	     -6.44881352514918138041	    -44.46982212922142707612	      0.57284919817449486690	      0.23864285404609336672	      2.11234484677966172228	    -16.58251424278401131573	      1.87441869509994507581	      1.51302487122198314751
      1.04726478795046684667	      5.18642734207512923206	     -0.47773862013954532246	     -0.22962295257257070435	      0.58775047979128003384	      1.04356046894884602061	      0.04818972373692636396	     -7.35316399794274655477	      2.50900896067279122192	     -3.50568845531836226215	    -14.92886368169726907240	      8.37279349198701972057	      0.09005422634133389281	      2.39093604235633883093	     19.87900132945972231369	     -3.79306854861550446500	     -6.56534427182342028573	    -43.91280555140107111356	      0.46467783159820330585	      0.16502386017596465395	      2.25260034398215180929	    -16.59187284910058579612	      1.89995804768898213233	      1.54239698897309018832
      1.04932073651704937944	      5.18408134044596202727	     -0.52441716966010321066	     -0.25490010671932095132	      0.58750927246894124600	      1.04341218546450131832	      0.04828575749164237818	     -7.52738571262630262737	      2.56340810196584456548	     -3.47538285738212548992	    -14.78710334814878635257	      8.40755266764421804737	      0.09306830511737840261	      2.41539254932865876668	     19.90623850569100738994	     -3.85781001079490337702	     -6.70465969299053732300	    -43.24538777911349285432	      0.42443962655035066822	      0.16425912773649620213	      2.27297273696156043599	    -16.60247617692495580854	      1.93358501424020312598	      1.57892549484609090449
      1.05034179464649879421	      5.18270373728679345504	     -0.54884611256002169277	     -0.26796109427156589167	      0.58739085943866242712	      1.04333544084941731711	      0.04833396802807122389	     -7.61384627096512645039	      2.59168704677882599796	     -3.45887676084824979839	    -14.71688275987391669730	      8.42739607078373786919	      0.09522698883282469662	      2.42293013577226812316	     19.91833772999864748954	     -3.89176028143287000560	     -6.77381304302732001332	    -42.91322128555084702839	      0.44357823853505579104	      0.20520050501140346677	      2.22047433212329581309	    -16.60738645721838224745	      1.95144635307105707156	      1.59768501166558718474
      1.05201453561043067886	      5.17993517348759979768	     -0.59034286711483796584	     -0.28998882208652743131	      0.58719868596619873014	      1.04320502493199152028	      0.04841334804205606884	     -7.75513720658879801562	      2.63947302486677592981	     -3.42988005820901431520	    -14.60225268548142452119	      8.46412205117664129261	      0.09947985586981743233	      2.42820710913215398463	     19.93648559294883426674	     -3.94939679997217885088	     -6.88700773486254114175	    -42.36781049287157685512	      0.52454110809497223045	      0.32412952659713017978	      2.02119907941418164299	    -16.61470601674449909524	      1.98206563162403748279	      1.62911545386405043345
      1.05383871701085207739	      5.17592654264307849843	     -0.63703875868856874032	     -0.31450690069144732197	      0.58699108763632734664	      1.04305627114590127036	      0.04849933400129742556	     -7.90837681045261309265	      2.69291436391497862601	     -3.39612355560963896650	    -14.47787816434256136233	      8.50730581522464213151	      0.10408150004109177622	      2.42893891718843812910	     19.95458566466793826066	     -4.01374689398334183466	     -7.01030648616198348577	    -41.76992034117946417382	      0.65060707382830118561	      0.49680204158154028793	      1.68526957324669468541	    -16.62142981702764288343	      2.01681521793001339304	      1.66381715716496203505
      1.05548510816495766385	      5.17134292179340437912	     -0.67963991176171656416	     -0.33654437647642510001	      0.58680472918216863842	      1.04291682593189682926	      0.04857478857699405739	     -8.04580863017130099024	      2.74137678441601595480	     -3.36466517660077757412	    -14.36611778065472933008	      8.54485673507634757584	      0.10711136728953282726	      2.43233567069586875675	     19.96993459507903878603	     -4.07128880244275581646	     -7.12150358380987924534	    -41.22549548413389430834	      0.75200305685888768625	      0.64497562350105741569	      1.35050297291027043833	    -16.62636620350293625847	      2.04868731203371945426	      1.69478368215662000829
      1.05730310895444379327	      5.16533149824597259681	     -0.72628095322587016280	     -0.36020487612751594941	      0.58659926421869923452	      1.04275816739613280681	      0.04865387592006323314	     -8.19672608042509054371	      2.79409877674732065600	     -3.32984163707508340480	    -14.24314341057446497985	      8.58222928018716579857	      0.10886681520913701893	      2.44354180745942484165	     19.98610511699651937079	     -4.13209160472978176415	     -7.24419405758144030472	    -40.61673296345289685405	      0.79829887895615314619	      0.74528755420982195634	      1.03210450659111785399	    -16.63078644631102420703	      2.08368864292196409593	      1.72781035852503994654
      1.05914689813449003353	      5.15848667604884258964	     -0.77257102494077589672	     -0.38308013953390362971	      0.58639071839909873152	      1.04259325854750639628	      0.04872816467995411821	     -8.34920258708788054491	      2.84605018609478621627	     -3.29510143930628540687	    -14.11881957489044303600	      8.61610102674458566696	      0.10925814890672749802	      2.46257837628870879243	     20.00167592328830323822	     -4.18925153122140425666	     -7.36835625225810275651	    -39.98962517166420127523	      0.73622468436422083826	      0.73621201565204097417	      0.83724145164142760311	    -16.63452841160205508686	      2.11851491608545572376	      1.75953635286425114082
      1.06000340562600858796	      5.15514675923401277657	     -0.79371383659359440177	     -0.39329720945420926226	      0.58629377654592240710	      1.04251546043690179744	      0.04876052226486516511	     -8.41995391156446970626	      2.86965145561600243340	     -3.27918331948866459413	    -14.06119358718768808103	      8.63139030223286063404	      0.10915664487009250905	      2.47252212144094274393	     20.00854731150534959738	     -4.21413053526920755587	     -7.42585635642647812205	    -39.69491833329811925068	      0.66656000501556778026	      0.68923825767613200455	      0.80125087855415155769	    -16.63612399626746451986	      2.13446280880931649193	      1.77364583734992731223
      1.06143069217530761073	      5.14953466254384029099	     -0.82929113114874741797	     -0.41023556253866033661	      0.58613292628018809349	      1.04238368900742561785	      0.04881308663452300911	     -8.53800867197308299694	      2.90923679292080628045	     -3.25212923718507962434	    -13.96527636477115130731	      8.65823737318751085468	      0.10830621094719124209	      2.48638909434980437396	     20.01898677882494226310	     -4.25517879468899362649	     -7.52112989935540188213	    -39.20140080383568204070	      0.53817736841996666186	      0.60196656454266794789	      0.72813898279333977293	    -16.63871102280417701991	      2.16143268580208536278	      1.79697031449100497191
      1.06391541741910522489	      5.14009819187967043064	     -0.89399219793805151379	     -0.44065249662965161326	      0.58585675582478924373	      1.04214713709824158272	      0.04890421816787886983	     -8.74464012248221678192	      2.98091788481837705049	     -3.20150532360332373827	    -13.79855095060630709725	      8.71351050178192387818	      0.10455051416857073787	      2.49349028761980173741	     20.03291783416172577859	     -4.32941013514516992444	     -7.68508813660867584616	    -38.34001064526911051189	      0.37564911497456493494	      0.52705605809421929298	      0.39326568157383201552	    -16.64337840373686816520	      2.21096848116425892528	      1.83861857098759218232
      1.06600967299580018377	      5.13252073043042678080	     -0.95137911179508571902	     -0.46753442898414299123	      0.58562820138010596160	      1.04194052476388310247	      0.04898114502079279481	     -8.91993357612232529164	      3.04414280413422799754	     -3.15494583903139869108	    -13.65836899642421720102	      8.76842397124419825616	      0.09972755765929415539	      2.48340890938018254985	     20.04032464739790242447	     -4.39491198500064594867	     -7.82149457460798824826	    -37.61264946838314671140	      0.31397343257901033642	      0.54478584807197039108	     -0.07592365277475403296	    -16.64750448267858828899	      2.25530956265655557758	      1.87508626682688972487
      1.06784868772293894956	      5.12586817094644775494	     -1.00364752100170395721	     -0.49199783731956847621	      0.58543058863587882357	      1.04175331166147011608	      0.04904828151310186568	     -9.07436138982713380585	      3.10141226530555425001	     -3.11136246940100757996	    -13.53556925480125805450	      8.82006868584520020704	      0.09457169327620179589	      2.46793342517463143437	     20.04405000312556595077	     -4.45394172546260946888	     -7.93976902744184975802	    -36.97277662980672374715	      0.30863908740328011016	      0.60599235323084510441	     -0.58505853716660971564	    -16.65097146847580944495	      2.29594488798014007003	      1.90796719236864920077
      1.06982248843410054917	      5.11837164530135790841	     -1.06122598736772677519	     -0.51882061981530858130	      0.58522132151118400056	      1.04154616013881073933	      0.04911881163436641884	     -9.24018201496508417847	      3.16412568856104359227	     -3.06236066228101488917	    -13.40405016210863564652	      8.87457253699662551583	      0.08812083818206131736	      2.45269388973714086433	     20.04589453350547145760	     -4.51765333313794226200	     -8.06475200605203212945	    -36.28402792489989536762	      0.33113495261063957686	      0.69095089715262036911	     -1.17047266204937083778	    -16.65416826184977949765	      2.34094427397506077426	      1.94369450738099791565
      1.07106999704575600596	      5.11329226227971922469	     -1.09784025354317238410	     -0.53572730927476153173	      0.58509008772284520905	      1.04141212528696902595	      0.04916133772779540667	     -9.34482037663093656477	      3.20376110178187989419	     -3.03078951256859197017	    -13.32110921622799537545	      8.90750153212873030384	      0.08411023472008082036	      2.44546357383783474759	     20.04632669381810927689	     -4.55667683950970836548	     -8.14239940047619725760	    -35.84628830455184811399	      0.33191664464335546292	      0.72002390269110050358	     -1.51858227448631910583	    -16.65578477833050641266	      2.36965998428113255869	      1.96601880026355813058
      1.07310491403723506920	      5.10421221761479326773	     -1.15653431178924881451	     -0.56239419568041904007	      0.58487651749434776960	      1.04118908688133982032	      0.04922417309743044866	     -9.51486506830841705096	      3.26677125658299383204	     -2.97966730152000813803	    -13.18629847248958419925	      8.95849700731120357489	      0.07949854929368406486	      2.43676900088219650087	     20.04655327288044119882	     -4.61460841624692186258	     -8.26601675659058798828	    -35.12448504362223644648	      0.23927436849533686991	      0.63553017722225924047	     -1.97189915554117223273	    -16.65760575346320138124	      2.41581764089873018975	      2.00083457459345881446
      1.07483922668318920834	      5.09571201885382496499	     -1.20629955074300387885	     -0.58458927801433580029	      0.58469549602105708175	      1.04099417445953990047	      0.04927255731471633093	     -9.65915335278658027107	      3.31973396240485829622	     -2.93579961607687334180	    -13.07192591275048876298	      8.99791659199875226705	      0.07693736314612427407	      2.43503507996285240012	     20.04618234034574086877	     -4.65994976537269867123	     -8.36812646023013861907	    -34.50380422917346834311	      0.09989389142874259553	      0.46978463163488892729	     -2.27564575599280294327	    -16.65833888202804047296	      2.45515680006504855015	      2.02948589287005365378
      1.07663778590539704894	      5.08632323148207898811	     -1.25884186735233760679	     -0.60781793746383028232	      0.58450969119996887269	      1.04078665807631032258	      0.04932015637478757986	     -9.80833539207485038958	      3.37530623817477870574	     -2.88877408736846685855	    -12.95397649883655155634	      9.03639346107150842613	      0.07533761315217879506	      2.43664527579276057878	     20.04482741004717993860	     -4.70588407344976289437	     -8.47106416133680895086	    -33.85827426741997214776	     -0.04683335526270453186	      0.27377440747595432891	     -2.57684102961572625290	    -16.65841909675597420915	      2.49693213265750202368	      2.05921949356884592675
      1.07863483452861008693	      5.07554236885476850460	     -1.31947037701930591780	     -0.63477993664060572421	      0.58430679559616727214	      1.04054924657046221625	      0.04937310657068261915	     -9.97380567277515694968	      3.43914750293602011766	     -2.83328796107864278042	    -12.82404490720904277623	      9.08169793145546933033	      0.07519489169682978813	      2.43407579836961218689	     20.04149745002200688759	     -4.75895116812659235705	     -8.58258822596730475141	    -33.14329535100736734421	     -0.14808516629169490852	      0.11330539502396559659	     -2.97358768769249870445	    -16.65798555576787265409	      2.54534414567286670916	      2.09344921698013664013
      1.08001511509299619185	      5.06811797167373523365	     -1.36307329290515322207	     -0.65449722333519289030	      0.58416907673015672220	      1.04038090997023213724	      0.04941114260410672115	    -10.08835098951530007128	      3.48494217661473548731	     -2.79243314350423155190	    -12.73496383923567343288	      9.11811672428529718104	      0.07638757342992953669	      2.42420616453336679186	     20.03767456701457305712	     -4.79818266726193698446	     -8.65848729959227014774	    -32.65161011359501230800	     -0.15929273893788736816	      0.07518492032912284240	     -3.31040625717034187048	    -16.65761497627203979732	      2.58017700444721764796	      2.11827999213726769767
      1.08183952376899195080	      5.05866546090602042796	     -1.42221163427271224400	     -0.68180874482915254653	      0.58399014139698290915	      1.04015382285706547982	      0.04946266318585849919	    -10.24038828941557177643	      3.54684346837130570762	     -2.73568954409724884869	    -12.61809622954921294991	      9.17712895996187505432	      0.08064022346527814633	      2.39207377706586488131	     20.03034018215600298163	     -4.85214259552021864863	     -8.75732805729234975445	    -32.00391169687082282280	     -0.11547765935258071102	      0.09781266733104650168	     -3.82462157492113696833	    -16.65740911905668752979	      2.62729356943946612546	      2.15230033525957153984
      1.08369483801632737752	      5.04973541010203774704	     -1.48301954194376639506	     -0.71045215861243871114	      0.58381117673335525264	      1.03991884608655649203	      0.04951481346022523072	    -10.39607582254204309891	      3.61018734388605322394	     -2.67588658399811141209	    -12.49996405201525107032	      9.24842108954187480663	      0.08768480139102260984	      2.33831450273958996178	     20.02003997112889521759	     -4.90726232654583771620	     -8.85549811120157492894	    -31.34489666055999990135	     -0.05104805097709324418	      0.16289179964785988064	     -4.36824071899803101360	    -16.65787715579232397545	      2.67547093961572501897	      2.18745122563525917769
      1.08556143113190461946	      5.04134621160162588183	     -1.54397471929040253080	     -0.73942181388860850344	      0.58363327059659619866	      1.03967933552304758749	      0.04956543441056401877	    -10.55366669203749019346	      3.67338784114986216522	     -2.61474205036859741469	    -12.38140386519165403456	      9.32300612364333503024	      0.09472796411064930699	      2.27779351738687996232	     20.00712799719649837016	     -4.96120564052898682661	     -8.95094728098593428456	    -30.67845038091642351219	     -0.02300009595988174518	      0.23760967719774267470	     -4.84947005217805493515	    -16.65900742871767192810	      2.72343932677521127772	      2.22244695978310202733
      1.08757365861199595258	      5.03251276506643563380	     -1.60880879013967503788	     -0.77011902184379443792	      0.58344306061589779056	      1.03941782508994018386	      0.04961609762777313692	    -10.72403280662111768606	      3.74028652663653815580	     -2.54871256658193434674	    -12.25360700866838392642	      9.39683706984650157779	      0.09907121998796442064	      2.22245031709989460111	     19.99120135010891274874	     -5.01592075394540870548	     -9.04871224984612432252	    -29.95400521142314786971	     -0.08023160300573199677	      0.28783245838679771822	     -5.22174811680628536692	    -16.66051901870393336935	      2.77416188483841485990	      2.25891121809214068250
      1.08930700024394511161	      5.02461017479954286102	     -1.66394275426012150376	     -0.79590270088509917912	      0.58328034619356983193	      1.03918914369092330041	      0.04965564323446233774	    -10.87057308003496380877	      3.79691428497157446031	     -2.49194702933584766313	    -12.14353047853881939488	      9.44995054378679810725	      0.09808577802774220977	      2.19220894842324121043	     19.97656679821086100901	     -5.05959216189138771824	     -9.12768064883993268666	    -29.32513468608268425442	     -0.20781815178122614585	      0.28525370732919108629	     -5.40678162210190471626	    -16.66154703594521535592	      2.81717599390658435254	      2.28905051178223484243
      1.09031240696163833626	      5.01973373432523217730	     -1.69578329361760582472	     -0.81062895940206325385	      0.58318655062133684108	      1.03905459894449014868	      0.04967682976872769135	    -10.95526024465597991764	      3.82950980195863888156	     -2.45895397658570891153	    -12.07976942576019219189	      9.47600058975088899160	      0.09517457731248089858	      2.18285027744595394594	     19.96794508625241348909	     -5.08356201586149403226	     -9.17105347514311297630	    -28.95901546577352903000	     -0.30653044199967460770	      0.26320917734791643428	     -5.46661102003520404935	    -16.66182669693824891510	      2.84202308773339229475	      2.30607487941024702494
      1.09162776903100189330	      5.01296206371880170849	     -1.73767985164213811800	     -0.82987475700041024584	      0.58306476857180711271	      1.03887600420202197427	      0.04970343984527660075	    -11.06561259660602125621	      3.87232599619915829336	     -2.41531486921057414463	    -11.99657148321651867207	      9.50604742214599163219	      0.08875489641930321694	      2.17627080433067510157	     19.95659763415894616401	     -5.11442978229480971208	     -9.22551777547792184464	    -28.47995589454809817198	     -0.44327375293292831104	      0.23451521022450161347	     -5.51514646679802300611	    -16.66174575683932701509	      2.87474402679885354672	      2.32816389237339560481
      1.09295633032920935790	      5.00572346266722867369	     -1.78048631652027511407	     -0.84948197562692562279	      0.58294313153265375771	      1.03869238962177012908	      0.04972947577751962028	    -11.17660970675851572764	      3.91598009221425424897	     -2.37043423870286940058	    -11.91293225834453117784	      9.53398306806188067242	      0.07993494978848700305	      2.17235624979551822378	     19.94499719280089422568	     -5.14551109298291198257	     -9.27809858572146417544	    -27.99718404983815744913	     -0.57241876240668221332	      0.21617316056354796139	     -5.55280350171744618848	    -16.66118335717396448104	      2.90820857078286598707	      2.35050016465366429230
      1.09449787123839503700	      4.99692864445016571295	     -1.83090508922638495193	     -0.87266634271913678944	      0.58280408027759744716	      1.03847502157802340506	      0.04975892998184237165	    -11.30491798564311523023	      3.96723117326577501274	     -2.31714515083294481101	    -11.81660522257664602819	      9.56711159787719900294	      0.06827919369177233577	      2.16567585478435775670	     19.93124063677190349608	     -5.18168753158972883455	     -9.33614443389584103272	    -27.43969433430187621070	     -0.69070284566187289954	      0.21368475683154566913	     -5.61084368423147594740	    -16.66001347786537678530	      2.94764925896427554264	      2.37669268138301781335
      1.09651198050338050116	      4.98505663430032264216	     -1.89794338379553484408	     -0.90395049374075753246	      0.58262622100724636987	      1.03818396601078610786	      0.04979647383629689367	    -11.47204495815325309138	      4.03498231839847854019	     -2.24548061063292969664	    -11.69224136105776423733	      9.61864414511462051394	      0.05429221702424575496	      2.14301230105357509714	     19.91247945094884741479	     -5.22912199499499674715	     -9.40731156998364781430	    -26.71701023893588455849	     -0.77215146720392136004	      0.24376396305443295831	     -5.74350582892033312277	    -16.65790174302222936831	      3.00004029010166206604	      2.41162159238845008602
      1.09868278832076415874	      4.97228125367012019353	     -1.97113463981946335224	     -0.93905687123846537379	      0.58243954217350069058	      1.03786215062097020301	      0.04983552040111779990	    -11.65208869878828146227	      4.10825256647664982523	     -2.16605179099212330485	    -11.56019138247374833384	      9.69091778254166058559	      0.04521257064507434864	      2.09215874766135678797	     19.89061811924182521238	     -5.27962519518612616309	     -9.47803052707092419382	    -25.94513457015565194297	     -0.76783023583254961242	      0.30662228858192458469	     -5.96575656485177230337	    -16.65544311502593544105	      3.05698399032088019567	      2.45015614573646667296
      1.10004329822507473935	      4.96459062861778033238	     -2.01709361356826333278	     -0.96172348212899572140	      0.58232507624213547537	      1.03765702187524011535	      0.04985886732732902615	    -11.76524394845730903114	      4.15380137448486852492	     -2.11547749773018090025	    -11.47830316987133514317	      9.74483124857290938792	      0.04374428505600533312	      2.04728898858141805661	     19.87563214650123555316	     -5.31025347519053791956	     -9.51903203038721024143	    -25.46399086377302367623	     -0.73127042556962962294	      0.34950156887706579356	     -6.13159667360086579890	    -16.65416620187068019732	      3.09250383244285753648	      2.47461561613927161218
      1.10196240494490305117	      4.95442429555023089449	     -2.08148255528245851309	     -0.99432115759027850377	      0.58216651329788271507	      1.03736435685745176372	      0.04988963306326396618	    -11.92559199325952690174	      4.21694122086547817929	     -2.04361918355868565911	    -11.36355215838846888232	      9.82913819981976999429	      0.04719632399197462580	      1.96976847223387618868	     19.85243694426313254553	     -5.35112235112197165421	     -9.57213234591870509860	    -24.78652074223820633847	     -0.66925048864998715192	      0.39368225725763178469	     -6.34015898397092136918	    -16.65305718071493501498	      3.14185573604479229104	      2.50915966499428444436
      1.10375233629295133042	      4.94548823405875914716	     -2.14075101392870736916	     -1.02505926426198090695	      0.58202110441073806602	      1.03708840207218977447	      0.04991538276002681351	    -12.07565285922187747758	      4.27435251658564663302	     -1.97650875556636407282	    -11.25708284747383913782	      9.91024946593375943849	      0.05445553662489571040	      1.89142717096376089536	     19.82883793232246105731	     -5.38612741290025542895	     -9.61610135900146545396	    -24.15393665048203075685	     -0.63429865847631961007	      0.40101056042843191696	     -6.45453854736051635399	    -16.65261422123171186627	      3.18684132500117245357	      2.54102955419633635969
      1.10594586897474700393	      4.93472895121632415538	     -2.21229653113213409199	     -1.06284167057040734861	      0.58184541499811481824	      1.03674638112411687807	      0.04994268256648971838	    -12.25942010766268808197	      4.34282102137192715929	     -1.89442980592321874589	    -11.12721974492631638043	     10.00173516661369177427	      0.06412146444381996990	      1.80670093410792609312	     19.79798831202061037970	     -5.42483436206365077226	     -9.66213783001531112404	    -23.37600498642296287244	     -0.65618802889542104939	      0.35665104561708088626	     -6.45364676480557530880	    -16.65233697921733835301	      3.24063058353994648542	      2.57929167420205063266
      1.10774488252124236887	      4.92562606800301416854	     -2.27038192960489570993	     -1.09387215546913307840	      0.58170307795728004585	      1.03646230720615872833	      0.04996193370604859463	    -12.40937770445314036749	      4.39785836714188516083	     -1.82704027854330308678	    -11.02130047566896742239	     10.06477086488898287087	      0.06931071122041324029	      1.75623791383778060649	     19.77170136990842053137	     -5.45387355911063576031	     -9.69361468744199505920	    -22.73594475501565170816	     -0.73375755124686825592	      0.28688249502564444615	     -6.33927856137097744949	    -16.65187718242527736834	      3.28396332445082261842	      2.61004074605663927144
      1.10948009280995574244	      4.91631011363380210355	     -2.32637005548056619020	     -1.12394427609644775856	      0.58156730822978708328	      1.03618466552570009931	      0.04997856100956406949	    -12.55293114831970768819	      4.45058988245495612546	     -1.76156083136842900316	    -10.91979230862440530814	     10.11361924409727564012	      0.06957783342701320817	      1.72718514561662361828	     19.74598300264237593638	     -5.48071763750332952014	     -9.71926239904443001194	    -22.11824645689989310426	     -0.84768461047967513800	      0.21199412033617895390	     -6.15910741192360067231	    -16.65091011155304911995	      3.32553538912620272328	      2.63937373741610148414
      1.11117363675156122227	      4.90656817741653661358	     -2.38136180342714132152	     -1.15357204589442474685	      0.58143641703207449289	      1.03590972032780093137	      0.04999366866741550980	    -12.69180336008732190578	      4.50219205624287432954	     -1.69682541284315258068	    -10.82149091087426562297	     10.15155988907600992377	      0.06438843526051035715	      1.71454356162020871146	     19.72083892538733707056	     -5.50682306710671820582	     -9.74058621162371629509	    -21.51677446749722832919	     -0.97839322796023042716	      0.15255593159413538551	     -5.94997274360854433439	    -16.64930160640688328044	      3.36623751461287934461	      2.66792369674809792812
      1.11288421067983800405	      4.89621139008452388452	     -2.43745053260296629105	     -1.18399449925128874561	      0.58130614601413888032	      1.03562786400538042741	      0.05000845259766987377	    -12.83096953473304324689	      4.55464397633177942026	     -1.63034493111935030463	    -10.72313638987499295752	     10.18450740027043543989	      0.05454931875055424317	      1.70863216984017607381	     19.69535624913328675234	     -5.53377976691840611778	     -9.75909254211279986180	    -20.91247529270565053139	     -1.10924256799566989251	      0.12338064829193733096	     -5.73708640867009389552	    -16.64713837794127826442	      3.40759487353498480289	      2.69694420657101119332
      1.11469429317680024383	      4.88492879283321634887	     -2.49749600006317606926	     -1.21696974604978502832	      0.58117084967888732461	      1.03532495349331199463	      0.05002408876893174594	    -12.97728311293298020246	      4.61053505261808727056	     -1.55876134428679180566	    -10.62032005773837717300	     10.21932185781072988107	      0.04134750930742625563	      1.70103692406347661858	     19.66818647949446585699	     -5.56340123072653458536	     -9.77578054318540701217	    -20.27879969015172179070	     -1.21961205110470349844	      0.14079946418000599540	     -5.55087849039412528640	    -16.64449282774575422650	      3.45164194136979540772	      2.72811323969634722530
      1.11683177125003796348	      4.87156249162497356764	     -2.56906102315334017305	     -1.25701152653191150499	      0.58101494952235932523	      1.03496113850254678468	      0.05004231646362180402	    -13.14925694093859043221	      4.67660195443625070766	     -1.47318075069679577105	    -10.50083938650432457962	     10.26988798587866469347	      0.02731535218615543242	      1.67613702879382753252	     19.63565570115511249583	     -5.59941030860396349311	     -9.79110122947697725238	    -19.54035135927929189847	     -1.28806939700439104790	      0.22498216512269503253	     -5.41828019024700680006	    -16.64126484308753362029	      3.50373266608409261735	      2.76552931368762555664
      1.11872233094727224767	      4.86020283211111170374	     -2.63229114042555156772	     -1.29322458576320631352	      0.58088079153526805953	      1.03463451797410366240	      0.05005711614894358535	    -13.30126733547244377576	      4.73421532922195265058	     -1.39749077446572456118	    -10.39688493611920350190	     10.32989266401844474785	      0.02112598501456433575	      1.62989640281958880763	     19.60602210961581093329	     -5.63071137102136365371	     -9.79915579199055386539	    -18.89630431379830355354	     -1.29198433755255726041	      0.33294407977656348407	     -5.38034407057785823980	    -16.63882545119970401970	      3.54924524407660246794	      2.79882475092713400855
      1.12017945690001741177	      4.85213719709572366412	     -2.68044105557508993698	     -1.32142968162263563237	      0.58077981837249448294	      1.03438051627334259841	      0.05006668725592017255	    -13.41886953978035990076	      4.77742722069393721540	     -1.33975993171091167788	    -10.31765303518329446320	     10.38726683338701839432	      0.02207910230681961461	      1.57704812333917754330	     19.58213558287554789672	     -5.65320129024577422427	     -9.80053903375019075384	    -18.40481532483979876247	     -1.27007056307672239193	      0.41317297810717124040	     -5.38548270071491419486	    -16.63762962029804626241	      3.58346943304187792734	      2.82428542113296066063
      1.12206064224631285597	      4.84288695489488141277	     -2.74123317711178193790	     -1.35794098179035804819	      0.58065245023782630085	      1.03405059452539682674	      0.05007554182805425830	    -13.57162656858564453444	      4.83096967255439135869	     -1.26650160551437274137	    -10.21614656472455706648	     10.47421198941205666699	      0.03084605250367715781	      1.48725399959708060038	     19.54952237747529864009	     -5.67868064345403311677	     -9.79465582923859479081	    -17.77484772429370352143	     -1.23275447556007633487	      0.48245683532938865579	     -5.39276397025182774314	    -16.63726528432077955699	      3.62600172930539788041	      2.85648220835543931173
      1.12366721661237001229	      4.83569769089766410275	     -2.79169690360746303170	     -1.38904781358142237480	      0.58054604511524543486	      1.03376706875484702941	      0.05007937470664757668	    -13.70248388022138996689	      4.87447017630716405989	     -1.20518545629255657836	    -10.12992803137311703665	     10.55251287957973360676	      0.04235141990929711803	      1.40271826480500139134	     19.52039302456897473803	     -5.69662934527529429829	     -9.78194075476733360119	    -17.23957918368174802026	     -1.21227328730917283117	      0.49248654557715054736	     -5.36821662084854267505	    -16.63765710028984656788	      3.66069349583842029716	      2.88315122332908035929
      1.12560905231930252768	      4.82738788822673647871	     -2.85104683105927270148	     -1.42652130278262267993	      0.58041992844848944166	      1.03342214354463823867	      0.05007944350771006969	    -13.86044271267944871795	      4.92455302364242086810	     -1.13228691935945580127	    -10.02603307875620863854	     10.63851266287058372484	      0.05533675182913834478	      1.31348128438558964248	     19.48412317918215208579	     -5.71387006026696298022	     -9.75713373908824088687	    -16.59498989687169157037	     -1.21949429164185207952	      0.43813954506562785562	     -5.27874095146341204554	    -16.63849166073153540424	      3.70081039829053182189	      2.91436643894670810440
      1.12759335535647609028	      4.81902463335596475957	     -2.91036235887156236046	     -1.46491356690541851826	      0.58029354659495824276	      1.03306721652088873142	      0.05007547329083889692	    -14.02110906638009701908	      4.97358599628295117157	     -1.05830175880819865597	     -9.92015141411081380340	     10.70592262004927341934	      0.06175898510139667813	      1.25458388618425420447	     19.44617112724072072183	     -5.72790541282865728334	     -9.72295930511748451863	    -15.93920494194829018397	     -1.26802095906805289971	      0.32740959969402633201	     -5.11913013804096461712	    -16.63948493005452533566	      3.74021890227184972133	      2.94549280629888565741
      1.12943335754025175888	      4.81137339202950986561	     -2.96481292406224294922	     -1.50099020085970469296	      0.58017849632037166163	      1.03273606675265727795	      0.05006984309695353130	    -14.16924765686203357973	      5.01790077146732382829	     -0.98915667351941294339	     -9.82240443020282327780	     10.74653682969960044602	      0.05820731725899631198	      1.23485026876091175119	     19.41019644363743879012	     -5.73971137857576074737	     -9.68632330003250174855	    -15.33500962225613939438	     -1.34123438729513222434	      0.21252090359122982610	     -4.93035631403055951694	    -16.64057807236942920781	      3.77583893482971255651	      2.97422622151893634168
      1.13086849203405814812	      4.80556940035164092961	     -3.00728976875598652541	     -1.52968639037120324176	      0.58009024935632003128	      1.03247649145976261309	      0.05006518343988199810	    -14.28426255272693445875	      5.05212478002493714513	     -0.93434354059871360665	     -9.74667118405342947085	     10.76572806902018086816	      0.04877420434786695902	      1.23911164541571450215	     19.38157665786665972973	     -5.74932922087093256636	     -9.65635656277051701579	    -14.86769000860151201948	     -1.40495392455942380572	      0.14030321409738921723	     -4.77786216890210191366	    -16.64167059680869087401	      3.80328345162661429768	      2.99689531911442497147
      1.13272306910305675665	      4.79815488177529037017	     -3.06257112610050352686	     -1.56773598052148765980	      0.57997840052981819436	      1.03213863127497318395	      0.05005952273754239040	    -14.43198518858192436198	      5.09628727873597764386	     -0.86202326963653552738	     -9.64994937211912073849	     10.78179469545771418382	      0.03011904439083835580	      1.25658821702599987624	     19.34439153721187309998	     -5.76322189111130622763	     -9.61675842130099844951	    -14.27185338015635274189	     -1.46732037840015494545	      0.08881655564732415797	     -4.61301735960168368678	    -16.64323419952814475664	      3.83863730485358667366	      3.02684570020350030006
      1.13440456881233164843	      4.79132817839267843851	     -3.11294083630044626787	     -1.60324432352715828820	      0.57987912053734691487	      1.03182947475928821213	      0.05005504332840039761	    -14.56470087505767985192	      5.13607776567048723848	     -0.79527059666148880446	     -9.56397300570377417728	     10.79676237495040602710	      0.01087353082581156948	      1.27022618758692251717	     19.31084415931935183153	     -5.77745835925169348712	     -9.58084523541393195956	    -13.74053382583551474738	     -1.49688123126831929000	      0.09562305013789908215	     -4.50875593130919138929	    -16.64457544766998253749	      3.87039867976999651944	      3.05465346021554262634
      1.13623096124850175848	      4.78371403036824993649	     -3.16740939225246975752	     -1.64269363017800085203	      0.57977355617098036422	      1.03149039957529264910	      0.05005031241523635183	    -14.70736507972397255628	      5.17840866682917688735	     -0.72244514616309885024	     -9.47294866471708729705	     10.82416276577006364334	     -0.00667256331449352612	      1.26626007739948409636	     19.27482238343290887883	     -5.79395295958301126404	     -9.54128274023772959822	    -13.17324850491341692305	     -1.50221901417104963805	      0.15638096978200111131	     -4.44274218087201955285	    -16.64581233495242074127	      3.90409247978383211475	      3.08521315260565032190
      1.13797468484913077980	      4.77635876920998203587	     -3.21852573316705159456	     -1.68081557408458670544	      0.57967496733869117165	      1.03116370148892699810	      0.05004468356243384902	    -14.84227291069076493102	      5.21719065267496162619	     -0.65381886672863231968	     -9.38845573010548939408	     10.86887717130208663718	     -0.01506278480936244085	      1.23246367583258686906	     19.24079219314171496080	     -5.80931253966964078472	     -9.50108161098859049787	    -12.64055784418492756060	     -1.49203484643314565616	      0.24493008073026450999	     -4.41007002904937639443	    -16.64684885932111413354	      3.93491508884121765632	      3.11418022916043302217
      1.13982552015401328305	      4.76877150224869605921	     -3.27119425010759012906	     -1.72123860402771788891	      0.57957271256872577858	      1.03081446835477397173	      0.05003583134688154715	    -14.98455794909305538454	      5.25587489483230729803	     -0.58318325684575700318	     -9.30099179958011568203	     10.93886779305585044142	     -0.01192336788399914194	      1.16060769728122870070	     19.20474489197184553291	     -5.82348141581258893495	     -9.45290390826978743632	    -12.08355439474866344085	     -1.48065146905557543100	      0.33784648047858556463	     -4.38330029241419172337	    -16.64808721943998293114	      3.96569691245950828318	      3.14404236703061235048
      1.14107620705492163182	      4.76399117862970822301	     -3.30559820639877743886	     -1.74827806615538272617	      0.57950500891659295633	      1.03057762609837921808	      0.05002743580971695525	    -15.08051525739556097960	      5.28029118726897728209	     -0.53718317058524767127	     -9.24281325099902950626	     10.99821422645667290396	     -0.00253272930837719406	      1.09244253876328700770	     19.18011696903216645183	     -5.83109403458370056939	     -9.41595687394615410426	    -11.71115272785216632201	     -1.48385780663089361653	      0.38453141060996975931	     -4.35105484961930422116	    -16.64923048082288659089	      3.98517393367645356150	      3.16341270372809857392
      1.14290302364778906252	      4.75746542365709768063	     -3.35403230814467923082	     -1.78705016072726441401	      0.57940800572678130553	      1.03023087499452747906	      0.05001105097129791149	    -15.22043675168919385499	      5.31344129846127799510	     -0.47271845822866886966	     -9.15856627747333540412	     11.09506717915977525024	      0.01892499862678608674	      0.97472185976716918532	     19.14372369727756506563	     -5.83903196911842226058	     -9.35500541919173222993	    -11.17185116988476245581	     -1.52070775190276608058	      0.41938843307850831588	     -4.25399430782234855286	    -16.65128915172632062536	      4.01170208916846249281	      3.19020789748968525146
      1.14438002655425385967	      4.75235417268739634977	     -3.39204586921200768046	     -1.81766146419221485964	      0.57933128932186983562	      1.02994956219664768327	      0.04999406355442644750	    -15.33316549220418245625	      5.33860733481674021306	     -0.42266191558586901911	     -9.09051013734945811962	     11.17019427637933226549	      0.03793788004958947163	      0.88321197822303765257	     19.11450926582891085559	     -5.84311711073617789935	     -9.29904848961742480640	    -10.74124572415108147538	     -1.56881889476565716812	      0.41714229642617711713	     -4.14366233236790648675	    -16.65303061442404697345	      4.03201272840520186236	      3.21057764828973057902
      1.14597532284640846179	      4.74700593693975747556	     -3.43254598072262817610	     -1.85008608197067059287	      0.57925031290034723064	      1.02964486751814732202	      0.04997235318980882551	    -15.45460346550151520262	      5.36483715780202441437	     -0.36998041540297726959	     -9.01642509875239639427	     11.23413946612648040002	      0.05386691389994537754	      0.81073608247724404663	     19.08347530605364283929	     -5.84609858810129612294	     -9.23223112864017636525	    -10.28361421465593039670	     -1.62189218168377502494	      0.39229690598387723099	     -4.01564527835740214812	    -16.65501056306485949676	      4.05342183515548093453	      3.23154931962194469364
      1.14759045403632908844	      4.74204751439983152039	     -3.47343791096234388860	     -1.88254727800392740455	      0.57917053503715643092	      1.02933600113125067743	      0.04994764956254390403	    -15.57756416461946358254	      5.39089486894680547380	     -0.31722934592016677202	     -8.94039079469288644475	     11.27085970453458863005	      0.06015835719835256612	      0.78123168262484521396	     19.05247677700364405950	     -5.84860518128861617271	     -9.15907421947599864609	     -9.83005858131406640155	     -1.65832297894007907324	      0.35758345055636042709	     -3.90271928615213958835	    -16.65744793161115211433	      4.07493791497961499459	      3.25215007396413513518
      1.14958826551741877253	      4.73724516314563715014	     -3.52412869000171724565	     -1.92287489149921264620	      0.57907522038558778554	      1.02895465561180410319	      0.04991487646064236838	    -15.73041296016959478266	      5.42261181586945451016	     -0.25149174605683766170	     -8.84491703073592461237	     11.27392443139189914803	      0.05081755099346056681	      0.81152288251497717297	     19.01388392551603701008	     -5.85210669945935268998	     -9.06365324876758471362	     -9.28429892261715217217	     -1.65933731208301105120	      0.32356481333897274544	     -3.81658930698949161453	    -16.66187437020226980167	      4.10134375267577055979	      3.27754734663202329514
      1.15089487222937014721	      4.73533134295626734200	     -3.55717721800949515654	     -1.94978786286054694976	      0.57901499832167802051	      1.02870643303659425882	      0.04989296583690149001	    -15.83121710531701253899	      5.44275868669947637812	     -0.20763789280623265454	     -8.78203250892760145518	     11.25621680837226001870	      0.03541335073598460975	      0.86295491381678213205	     18.98778893060511663293	     -5.85484822212386379903	     -8.99992547020722710727	     -8.93648376867870553042	     -1.63063515179381934850	      0.31540455384148413653	     -3.79769956470883096600	    -16.66610631942088360802	      4.11813317981833382220	      3.29451339221169980931
      1.15256122258496196409	      4.73445361776420714506	     -3.59867469890611646477	     -1.98520991591248296970	      0.57894054452025012214	      1.02839159272707147963	      0.04986520899778917881	    -15.96065905836525544714	      5.46704621027704007474	     -0.15038501753268174177	     -8.70237514480078466761	     11.22487611911124538722	      0.00963201154734232880	      0.94512374300033397123	     18.95296983471081375683	     -5.85856110386714235005	     -8.91857467945055759628	     -8.50233580443337366717	     -1.56875541847254851291	      0.32295083777066546649	     -3.80222086908530254590	    -16.67321642924637359329	      4.13825690678983626469	      3.31689135095365195127
      1.15401904139471533917	      4.73473096832435480508	     -3.63383199243465115913	     -2.01744092983342726555	      0.57887729611267613183	      1.02811722039856534572	      0.04984128590934622238	    -16.07396131900836167006	      5.48632566644506081133	     -0.09915472822892380800	     -8.63441545602197635390	     11.20353244259487190959	     -0.01317287336925263876	      1.01015355570065668012	     18.92127148698829941509	     -5.86143599445336782594	     -8.84772921290391600735	     -8.12991390772711675083	     -1.50577017506581101181	      0.34055768097042199427	     -3.81533406833475519093	    -16.68057068934607656274	      4.15403889749577093227	      3.33719360781376250813
      1.15562365566406000106	      4.73553188222506804550	     -3.67072862835567059747	     -2.05425274450733041931	      0.57880933470129714014	      1.02781550343747052345	      0.04981506131382253122	    -16.19770575823478253596	      5.50477828594437035292	     -0.04200970958421576529	     -8.56275071286807865079	     11.20132426896629773694	     -0.03205270463092618760	      1.05073014140288112372	     18.88556780737090790012	     -5.86342248609607707976	     -8.76975773634037913951	     -7.72642919013249152016	     -1.44699395504839500859	      0.36083016644512605486	     -3.81459402245326950620	    -16.68917017141625791510	      4.16888013786871791666	      3.36011775915764898670
      1.15775788180950423012	      4.73637955889003947618	     -3.71637346665566603576	     -2.10489464205034071398	      0.57872107246456105933	      1.02741328341313509220	      0.04977918905253401333	    -16.35927793183872935856	      5.52435196201769063151	      0.03400693391503194218	     -8.47376375383740487734	     11.24866293628965330242	     -0.03874781016391835170	      1.02881098472136223165	     18.83788347623813663745	     -5.86314808409753229768	     -8.66452032837602104109	     -7.19835870602979177590	     -1.41575291669172331765	      0.37022844422082351601	     -3.75176614094865312765	    -16.70025420073543998001	      4.18419054940646262253	      3.39086638544864760192
      1.15971616649601605431	      4.73619330898481116776	     -3.75507343318477815330	     -2.15208185222194714470	      0.57864196909509479916	      1.02704234824144902127	      0.04974363248382997899	    -16.50376700925982120793	      5.53784659678326818266	      0.10244881286551227317	     -8.39819691969753101546	     11.34207444848347812183	     -0.02429507355103132510	      0.93168939853626531189	     18.79519422202968925717	     -5.85979491594817059053	     -8.56442779696955547308	     -6.72238418518279789993	     -1.44772286915892944847	      0.35054962274597489813	     -3.61611249526077260796	    -16.70919657086136567159	      4.19442208820258688462	      3.41843301161957446865
      1.16075975333182768168	      4.73558059000748965417	     -3.77482181823417706212	     -2.17709696060112500859	      0.57860061980259835934	      1.02684372655919209372	      0.04972313195868974939	    -16.57932154950688641293	      5.54381785129255355571	      0.13804936346773313827	     -8.35970617440028362921	     11.40641660510940269546	     -0.00989223410608081402	      0.85729630357394170925	     18.77333488846170084230	     -5.85715678219628532730	     -8.50932315879514789003	     -6.47301755062119621442	     -1.48296416688026755359	      0.33281150731116737607	     -3.52347798586517191310	    -16.71331191752755529478	      4.19890823580772298840	      3.43256626620507532266
      1.16222408341466443282	      4.73406239553878727122	     -3.80220289862564664318	     -2.21164069992187606317	      0.57854380647526748582	      1.02656369714479134281	      0.04969235666969881032	    -16.68387716861226266474	      5.55168104716407917465	      0.18684111537355274635	     -8.30676581250757806174	     11.50341693220189576152	      0.01437630098849423770	      0.74448790036591472319	     18.74431812246481499074	     -5.85348521253254006069	     -8.43057607264550945558	     -6.13055125162495073710	     -1.53172999466562420601	      0.31870008910671510094	     -3.41052881250683403991	    -16.71824138898271883136	      4.20491894394623333397	      3.45154423498898532685
      1.16364289025507927633	      4.73206214160836857729	     -3.82884085504743376660	     -2.24415843160591199634	      0.57849034609334315515	      1.02629141303001669705	      0.04965994539105890448	    -16.78408047727043594932	      5.55934918484607010214	      0.23274566267082905102	     -8.25541665446244721238	     11.58833102718641328011	      0.03635191379226233865	      0.65153965706151495407	     18.71813921629856025675	     -5.85045304862077930608	     -8.35237316627332226915	     -5.80829848584337682382	     -1.56730709200379081381	      0.32171727487490486830	     -3.33423669694177604583	    -16.72229463403635563168	      4.21101929634913396683	      3.46881282381178612795
      1.16536251706281701601	      4.72948520890352686052	     -3.86172834910556250776	     -2.28208939679168931747	      0.57842802198112064360	      1.02596141273309537922	      0.04961701848900787470	    -16.90505981743054420008	      5.56927376213295044494	      0.28668532743754504555	     -8.19141576142998495413	     11.65444376794477321369	      0.05164279385649447884	      0.59946045291996563620	     18.68862384691495392985	     -5.84791876818076605815	     -8.25469135194356695706	     -5.43171292122279059100	     -1.58211678029357249997	      0.34974144501956871967	     -3.29982285873615532878	    -16.72685767834899905893	      4.21930190990866194056	      3.48822694412605160963
      1.16762298626349925179	      4.72693338601473200811	     -3.90581657089999545462	     -2.32978424418006291319	      0.57835074060214897163	      1.02552999131973776592	      0.04955481445725759548	    -17.06481178147688737567	      5.58307964551667179620	      0.35524696800088484405	     -8.10294875533673675250	     11.65781900567371387467	      0.04389072223468029610	      0.66638004439994302786	     18.65225879695996624719	     -5.84620429187786072589	     -8.12102468659492870984	     -4.96082822318002669704	     -1.54394580097165090571	      0.41832537289616328335	     -3.35605290174761083932	    -16.73348014236622205431	      4.23135907858633064649	      3.51157388849028695432
      1.16911821482908995229	      4.72622521651669824649	     -3.93478159204888777722	     -2.36058221384007715926	      0.57830262203769688956	      1.02524697245264628798	      0.04951062629845659480	    -17.17126883161440886738	      5.59167033404152569176	      0.39952413110887952108	     -8.04243011230769155873	     11.61636587860164304686	      0.02350571375347641420	      0.78101645283807774600	     18.62887251539716260140	     -5.84519322465934898503	     -8.02922245096669939812	     -4.66375038191001856092	     -1.48673673568600483996	      0.46992536569582155082	     -3.44374663502587008423	    -16.73875266928119032173	      4.23907871629554922066	      3.52608270786159661014
      1.17011062656211572985	      4.72624441352185886700	     -3.95350146135598468078	     -2.38101859320553721489	      0.57827195904246220248	      1.02506022593992174308	      0.04948027052757571209	    -17.24216205916174260437	      5.59656939286806842659	      0.42860867485834280854	     -8.00213542772583252827	     11.57975894727386467764	      0.00643362754987161518	      0.87178885287784135816	     18.61338097117867462771	     -5.84410126316289524340	     -7.96685429606222683674	     -4.47236157672902479021	     -1.43900945267316204834	      0.50035762991886911788	     -3.51536476999039049218	    -16.74270655246419892137	      4.24354719009610903413	      3.53550769143562026997
      1.17166256732557427789	      4.72705362929158123819	     -3.98118224415749111245	     -2.41342410242471672177	      0.57822585953541816295	      1.02476999083880748742	      0.04943135650973805306	    -17.35308063842337844562	      5.60191782134517790581	      0.47373853677195432166	     -7.94022222759206997011	     11.52561472637896322624	     -0.01992200967479717741	      1.01145299469893390487	     18.58874844937196968431	     -5.84061989310743978621	     -7.86627184553388936195	     -4.18050310388877122136	     -1.36549320533962870172	      0.52164016564675386167	     -3.63191684278709336908	    -16.74960908428749917221	      4.24853745378085001505	      3.55014564632630191809
      1.17342171118323057577	      4.72873799382166026817	     -4.00940132726281550646	     -2.45149666629562679177	      0.57817596997961195893	      1.02444305605863905662	      0.04937447229343237126	    -17.47793097864028766253	      5.60348964565567442264	      0.52471032926435923205	     -7.87375593588965916325	     11.49301977139630892566	     -0.04036206306453554715	      1.12916948015690188356	     18.56025334314904284838	     -5.83325326002456989727	     -7.74823968592619038986	     -3.85922869538531498890	     -1.29953504446516099335	      0.49536608376384272390	     -3.75018930918246917727	    -16.75807643604549923566	      4.25022564939812319551	      3.56699995195226415845
      1.17539200494554263443	      4.73085275551437955954	     -4.03693739590752542767	     -2.49647135680726561802	      0.57812257132606348353	      1.02407840330781585436	      0.04931018189509342453	    -17.61524434763815705196	      5.59941092872619172738	      0.58234151054587779406	     -7.80617946845275945122	     11.51182059598210294382	     -0.04463246768212028592	      1.17881198864293579298	     18.52833428084213096554	     -5.82122543288815386120	     -7.61368131499797939910	     -3.51134522515610791871	     -1.25384951818434342563	      0.41463278597206643106	     -3.85041276709330038130	    -16.76759522043449024409	      4.24686860846445934925	      3.58675865815236205592
      1.17711313696638786297	      4.73253000751584629313	     -4.05822033759194233937	     -2.53784467513588163357	      0.57807783749555829989	      1.02376094500401970677	      0.04925425307232640659	    -17.73246882529717893817	      5.59171716742951385726	      0.63378824412619882978	     -7.75342371239544903005	     11.57246007698483758475	     -0.03375194311710782991	      1.15550382501545256808	     18.50101979375518368442	     -5.80890649055468077933	     -7.49694269814158609222	     -3.21859723333130220979	     -1.23434041054974885654	      0.32397843716686564042	     -3.91186643494234997931	    -16.77558820182708387847	      4.24018533677473108412	      3.60504464854665362950
      1.17871569058561687093	      4.73392151719014542266	     -4.07670622733373733126	     -2.57775968745555150718	      0.57803784192376372886	      1.02346662610145000549	      0.04920248263002269251	    -17.83952745974565701204	      5.58236402021124433759	      0.68286237320115894534	     -7.70859689008212001227	     11.65027394506005542496	     -0.01695807008993511708	      1.10140527531356369195	     18.47637045491321927670	     -5.79744197104347591676	     -7.39106778020446331112	     -2.95644735703764194312	     -1.22461149758089371531	      0.24768557406130370380	     -3.95698930905724921558	    -16.78276293001574970276	      4.23196540444229452049	      3.62287576252881704519
      1.18002415673071414659	      4.73502078283217464616	     -4.09144154794825798405	     -2.61093488127246153852	      0.57800652800427343436	      1.02322758909717492770	      0.04916018563963941296	    -17.92582063611478915277	      5.57395933382268271572	      0.72364625304625751490	     -7.67404945726172549314	     11.71775776384548350961	     -0.00205642288419798916	      1.05096161778100083417	     18.45690825262841272547	     -5.78890320629213572801	     -7.30762524427691850804	     -2.75052063196548468582	     -1.21688907454233197214	      0.20595170746762828107	     -3.99208260794205704869	    -16.78852258179414747019	      4.22455726456924995915	      3.63779186268798992998
      1.18146475950437945812	      4.73627261915808794868	     -4.10766927396137937478	     -2.64759068937957975365	      0.57797365806201683736	      1.02296596665135264281	      0.04911310250178629183	    -18.02007608561699569805	      5.56446372138725209311	      0.76894781624991037638	     -7.63716499545177907038	     11.79018850422058051208	      0.01434458468662274701	      0.98454857146635776921	     18.43626313595019894365	     -5.78078457067748185949	     -7.21919259745531238792	     -2.53269049005078983328	     -1.20465823387174664205	      0.19052850992563374888	     -4.03522979859599839614	    -16.79482362379313897804	      4.21619555946990143269	      3.65423578897216794203
      1.18308215879065459220	      4.73784154831424419996	     -4.12625826845166621126	     -2.68827317835860446493	      0.57793901633229916026	      1.02267458483065909469	      0.04905877864421927942	    -18.12546948297426752106	      5.55407837038873797297	      0.81977284116355664256	     -7.59589453023834426659	     11.85747560803335964863	      0.02944374057566235062	      0.90203603709396606991	     18.41417762684249836980	     -5.77348451738757972862	     -7.12356627346535997702	     -2.29963984181944747220	     -1.18454560725686053324	      0.21348211791292776018	     -4.09225746681406654659	    -16.80193480426625285418	      4.20710123221963350204	      3.67222114053226089680
      1.18516365422302549781	      4.74026432495252159072	     -4.15085779362827356209	     -2.73896471935029728328	      0.57789834768808823195	      1.02230396335355289139	      0.04898504733266344918	    -18.26108315918768099095	      5.54149851466344767204	      0.88409197867174293961	     -7.54116097238993798868	     11.89850263541484665097	      0.03597875270659834507	      0.82618232264988544777	     18.38766632151301649856	     -5.76641292311191211439	     -7.00351624861529842292	     -2.01803674083064654710	     -1.15138363509109598048	      0.29195131085508235769	     -4.17268415940373849082	    -16.81122823446971636940	      4.19620326160767653789	      3.69376300343914953928
      1.18678175434485200235	      4.74236493326485319955	     -4.16995774203375368927	     -2.77676843943945383941	      0.57786994584177220347	      1.02201915733584347556	      0.04892385239767933075	    -18.36643662271580623724	      5.53179609654893766901	      0.93257356641693389676	     -7.49724065933259620209	     11.89314417585255512222	      0.03022465431065227484	      0.80016795000952634087	     18.36883401638519686117	     -5.76155711513799673185	     -6.90976729469437866982	     -1.81342437471339623656	     -1.12461487003169824384	      0.36870807903532892835	     -4.23244869462610839861	    -16.81837509095072036303	      4.18786413324617612375	      3.70879641907280754864
      1.18846057921168002380	      4.74446945787946283701	     -4.18886258554675361410	     -2.81468599406283459530	      0.57784345063275377452	      1.02172600565150895058	      0.04885645562037330136	    -18.47510048992039344284	      5.52076484921974408593	      0.98118142194039592585	     -7.45167765803720172357	     11.86951728575195375015	      0.01895705550582894514	      0.78559959480021002154	     18.35131263134371337742	     -5.75569776702190871731	     -6.80968646290593149217	     -1.61437121726455479198	     -1.09931706036779464064	      0.43838534010280161279	     -4.28576355727720947897	    -16.82534176206581832957	      4.17836164326869763386	      3.72270613979131725912
      1.18999354262246237468	      4.74608878949925117041	     -4.20459347955039497435	     -2.84855785960035401416	      0.57782183018628685556	      1.02145969886709409025	      0.04879159245061932132	    -18.57312901089277090705	      5.50893281971634252159	      1.02416973574122693869	     -7.41168133950944429955	     11.85210428882742839107	      0.00943584796935821070	      0.75901525520937196401	     18.33736003800642677675	     -5.74861116258228310727	     -6.71441784570962774126	     -1.44447942517842076171	     -1.07857289810993650647	      0.47581376233208910742	     -4.32552467972245224814	    -16.83100646304695047206	      4.16807600852737181185	      3.73408313310528994222
      1.19155081819172492530	      4.74735668736208360485	     -4.21854446119603387899	     -2.88276549411833515890	      0.57780231959864813973	      1.02119011882670784885	      0.04872293677643516063	    -18.67112621783591919211	      5.49447062502575800380	      1.06689767478897401531	     -7.37410478568295246760	     11.85805394555201885964	      0.00551286746603333894	      0.67739570387143022145	     18.32518900835172459551	     -5.73909860154492079687	     -6.61347217511924689859	     -1.28357836006143943841	     -1.05786374706009889124	      0.47816594583778992966	     -4.35687198974179157318	    -16.83597814613878540513	      4.15535771582197632767	      3.74471235307983940643
      1.19366639584400391350	      4.74893167091806489566	     -4.23392023785515192458	     -2.92975676196517964556	      0.57777987534168107064	      1.02082623604327382694	      0.04862640051172783390	    -18.80196687376400532798	      5.47034649939199368873	      1.12459235869727014467	     -7.32904629354932346530	     11.91681104804172086631	      0.01064922665927665359	      0.44297749430408184246	     18.31109270651227305393	     -5.72236113300269266801	     -6.47094982653286887597	     -1.08384233449559541640	     -1.02551017370442831833	      0.42307325714768917457	     -4.38807413450378724917	    -16.84199760603966211647	      4.13382978558024039017	      3.75844094908980297376
      1.19543001780554147828	      4.75061770939797067825	     -4.24419937517083933898	     -2.96968329770939742929	      0.57776497066194532071	      1.02052642044639019225	      0.04854394593451456796	    -18.90975065621740824895	      5.44695009413928676878	      1.17343632219946258921	     -7.29588664697476563248	     11.99279504514816707683	      0.01593732874877989633	      0.18029830829083867694	     18.30074198398599349957	     -5.70612747635006822833	     -6.34997649559568611011	     -0.93393706789905650556	     -0.99012566395306500500	      0.34170168484158558453	     -4.41244068866082006508	    -16.84697409757270136765	      4.11266214413812569717	      3.76977878087986395528
      1.19716494259923011967	      4.75296836685839441117	     -4.25302999855768693038	     -3.00956079120865682697	      0.57775391635219897069	      1.02023609836844530996	      0.04846164963228047351	    -19.01538763503203099958	      5.42215857855906069318	      1.22279413436420014705	     -7.26550315092818355112	     12.06261495607780531714	      0.01239426060890277785	     -0.08186168729128311117	     18.29124872882193741930	     -5.68967131294911343531	     -6.23231147697779785943	     -0.80099105638093193171	     -0.94563019557218785938	      0.25525059697752117138	     -4.44078748578721338447	    -16.85228951111355755188	      4.08998903652161249767	      3.78109537272114248907
      1.19902310901025166423	      4.75635191735010209868	     -4.26201662154843052832	     -3.05268903859917539734	      0.57774619721581677023	      1.01993132653860874015	      0.04837256808285587961	    -19.12852795252539905846	      5.39478594845875480956	      1.27725005263012114654	     -7.23391935438869726482	     12.10461507297593897192	     -0.00778264011041967206	     -0.31240994751028844378	     18.28155353806001315320	     -5.67304814970741855262	     -6.11146537494464947571	     -0.67400219280322759552	     -0.88898733749367220280	      0.18526465947484146990	     -4.47725829278302711600	    -16.85860788893028328062	      4.06469973917096805138	      3.79344956923863962928
      1.20049728619536555385	      4.75946921158891100845	     -4.26912859147910506152	     -3.08706393052412408906	      0.57774307863586593648	      1.01969416082038155658	      0.04830132838260058764	    -19.21809189025604425183	      5.37287320269204649037	      1.32134716110404792921	     -7.20938808193579827588	     12.10717586640266851816	     -0.03490321198284955517	     -0.44176758368114055209	     18.27431524421313824291	     -5.66124426598346719430	     -6.02152512858334887369	     -0.58397359154412908921	     -0.84167691019775092709	      0.16281438322042010580	     -4.50877408910866073199	    -16.86386738291558629044	      4.04428209114594849893	      3.80336107256287592193
      1.20218219604764953168	      4.76303945967427910801	     -4.27708306973514140736	     -3.12645769952666396918	      0.57774263949052140354	      1.01942736185963700457	      0.04821902209119621752	    -19.31952408916207275524	      5.34742919777279901439	      1.37212457404969412345	     -7.18290186646784434288	     12.08823269534843092288	     -0.06998748506390416180	     -0.55401256809918075774	     18.26698882719718497469	     -5.64894433961357300689	     -5.92446921712765650625	     -0.49201424488298567406	     -0.79169342623282978888	      0.16642676112328946836	     -4.55888437522491596354	    -16.86961229908504122932	      4.02045926898527294924	      3.81466083571700886878
      1.20419021567424477936	      4.76650872167064587615	     -4.28572388268982784609	     -3.17364301024266559637	      0.57774612290849780560	      1.01911371214304868893	      0.04811965135696061324	    -19.43766056212360737732	      5.31586068922455634578	      1.43231505656536795001	     -7.15604636721404041566	     12.06707390529893331177	     -0.10194638134323320833	     -0.68446951004807388141	     18.26049605834531064374	     -5.63526517642019975085	     -5.81648635050987294903	     -0.39716518069456896445	     -0.74643509093147986100	      0.20626313830626982759	     -4.63344649728120661081	    -16.87515803142001757919	      3.99077429476301936973	      3.82793802569392793700
      1.20615082283156338505	      4.76823859078433898162	     -4.29256530252642942713	     -3.21997289436715172783	      0.57775337217878819374	      1.01881008947579232427	      0.04802097027877733071	    -19.54860924203297756208	      5.28298591402604156286	      1.48999536462638659806	     -7.13752848472713630201	     12.08361158248114897162	     -0.10818444006533546597	     -0.85714714247399736990	     18.25770778223401791251	     -5.62193980553484440321	     -5.71740212069541087203	     -0.32023175622178384758	     -0.72289305276615156703	      0.26878677119819061048	     -4.70997963873397562651	    -16.87821979970662056303	      3.95972422275422264448	      3.84044396835796053580
      1.20831330248419477336	      4.76792296464799392197	     -4.29787718439924670832	     -3.27104255832825208117	      0.57776576070156293596	      1.01847724927832916642	      0.04790924925467240220	    -19.66537824730776051751	      5.24410893553480672580	      1.55198870472721806024	     -7.12720656467048030436	     12.16355684034567374852	     -0.08125996980334655728	     -1.12317865897194568703	     18.25957360128843731673	     -5.60618319747253934793	     -5.61098809508862306217	     -0.25431609102180896542	     -0.71951871335146322384	      0.33655004601111904172	     -4.78983537059204422803	    -16.87846962444969989292	      3.92281720815048329243	      3.85326982340885226819
      1.20998381762987117227	      4.76645014326038563013	     -4.30054619203642651826	     -3.31005161864851960019	      0.57777885491153979647	      1.01822225253004372547	      0.04781999938222678687	    -19.75226180148894172817	      5.21257785992293243282	      1.59889722766483255434	     -7.12553122864588495133	     12.25934470211062787826	     -0.04325352132361262592	     -1.36467755245054167546	     18.26448350538750631245	     -5.59286389976899656062	     -5.52732314693452142507	     -0.21786082418747967915	     -0.72705562739000129113	      0.36783408214201190889	     -4.84700301329483096424	    -16.87678940098858504371	      3.89269408447802378603	      3.86216929241521356175
      1.21158138533873871445	      4.76457796240076270067	     -4.30233470771653081499	     -3.34671618336437370900	      0.57779467345675583623	      1.01798123375489768527	      0.04773196343596741026	    -19.83363583109072081356	      5.18180890039068398067	      1.64346328305056643693	     -7.12761893575510185883	     12.36158517229866404818	     -0.00264895588847960297	     -1.59859243932051620085	     18.27155333180218121925	     -5.57947249822784119289	     -5.44533034663632253825	     -0.19547095172891074122	     -0.73332643355072457680	      0.38015807618676689117	     -4.90955186373679541845	    -16.87424557235469890770	      3.86303811510500638704	      3.86975768046504198239
      1.21328538532856078369	      4.76268415138254752605	     -4.30405060563048280642	     -3.38488061500062142883	      0.57781546196527389103	      1.01772863603286967127	      0.04763515425632419004	    -19.91963602875827632488	      5.14916694461448898323	      1.69124490126465021334	     -7.13227192440184154520	     12.45979059691521939612	      0.03386504903705838537	     -1.81707640632123634816	     18.28106825586355910218	     -5.56516449840376559166	     -5.35611036205439106084	     -0.18554120510494262475	     -0.73117240665869165372	      0.38117777375816225272	     -4.99630597965038791841	    -16.87121421194716930358	      3.83116741924977022293	      3.87685324062145131307
      1.21539700542295769914	      4.76114568164385332238	     -4.30631125540294679155	     -3.43073254695787932533	      0.57784724628610950603	      1.01742377890383606243	      0.04751109818810596297	    -20.02611662291475269626	      5.10950218276967493836	      1.75140359560266700711	     -7.14002818501638891746	     12.53850684793592051847	      0.05592672308341541110	     -2.00048858742580648595	     18.29492344452460272919	     -5.54770453759302739627	     -5.24304628604144262738	     -0.19326009233244115237	     -0.71385719778037359795	      0.36268827112766904852	     -5.12655161516776392006	    -16.86774704163147475811	      3.79171486091885290293	      3.88430488168407661576
      1.21713765724157774173	      4.76073641080326837027	     -4.30805912860524742314	     -3.46769680106954858445	      0.57787858518851775713	      1.01717989572862355097	      0.04740610834912965116	    -20.11392799671902409386	      5.07714081501656888662	      1.80220463408316144971	     -7.14828222308583516309	     12.56446739513270749455	      0.05134785754263104102	     -2.07411864881057894650	     18.30759428934683796797	     -5.53345341450549366158	     -5.14948506494878444073	     -0.21564850817492745017	     -0.69020340057936357958	      0.33520079115881362686	     -5.24422262319186671675	    -16.86532750415031856051	      3.75883119136024834717	      3.88963880950267437697
      1.21881205864204678058	      4.76094340089192780141	     -4.30915038923143178806	     -3.50309773264857948760	      0.57791307332060559698	      1.01695146337119490809	      0.04730367444129891102	    -20.19797146142784782796	      5.04561799820158451979	      1.85233358989957253016	     -7.15899088428967012021	     12.56845033550014179013	      0.03055078597997533396	     -2.09847937022788055828	     18.32061977349347614563	     -5.51963384146637459082	     -5.06153105617899967683	     -0.24982751021382282319	     -0.66424822108530168219	      0.30566898061087066640	     -5.35745101779119980989	    -16.86320878522861121951	      3.72618915140142892284	      3.89446467628043935250
      1.22016259211377331440	      4.76136191040385625683	     -4.30927787313264865077	     -3.53190221739698717585	      0.57794394086425893153	      1.01677130891294065229	      0.04722058458035693906	    -20.26502004043975091463	      5.01944587029350675067	      1.89370537346607048512	     -7.17056546423137675106	     12.56810459898558107739	      0.00577951113893454115	     -2.10343369404497959607	     18.33164418498015990622	     -5.50826863076275419218	     -4.99363729708666070906	     -0.28562179844275425999	     -0.64444594180415770701	      0.28536592723405884708	     -5.44388346017817070788	    -16.86143699072750123946	      3.69868388351239651968	      3.89838106144676999065
      1.22188738253169426606	      4.76207146235770739651	     -4.30808263606637797949	     -3.56946175192627457307	      0.57798731568994010654	      1.01654625748840676813	      0.04711448515333718084	    -20.34927161007989226960	      4.98448294409129122329	      1.94786518055095525526	     -7.19019737287152604921	     12.57645271440078893477	     -0.03120187196234608731	     -2.10866189461549469186	     18.34621053822555936108	     -5.49328629381308086721	     -4.91246422653659209345	     -0.34101630285673328880	     -0.62360229611481698964	      0.26939478050541371124	     -5.55346561783182934846	    -16.85890226222866772332	      3.66150341281386948467	      3.90372418837879076037
      1.22400169871574404645	      4.76297904403686889196	     -4.30417119629826228078	     -3.61707396128731639706	      0.57804660377040584240	      1.01627765069046205326	      0.04698494697340360043	    -20.44991339143778219523	      4.93872045281417992868	      2.01607338896624277425	     -7.22283503250178338106	     12.61488011716464896494	     -0.07676177603602812871	     -2.13580741049788658259	     18.36471227770023517678	     -5.47401198859146020936	     -4.82303792282096299715	     -0.42253189716919564711	     -0.60856329482396509523	      0.27087285664935639717	     -5.68848486872948644333	    -16.85507778400618406067	      3.61230722407547766295	      3.91104737897901566512
      1.22591148504673252972	      4.76312677612019541584	     -4.29860264681060311176	     -3.66106923839064046788	      0.57810592017959772093	      1.01604084457677545927	      0.04686768549783425913	    -20.53747878818225558462	      4.89510107189073373490	      2.07834401222154818711	     -7.26077674130115635620	     12.67902578767673205107	     -0.11172985949340825951	     -2.18666871286864594737	     18.38299469304770283884	     -5.45593002699814988432	     -4.75089534013252912104	     -0.50879953636760688607	     -0.61013678110912805685	      0.29194546554502565083	     -5.80088204778884541923	    -16.85012623211947158097	      3.56496496001542206855	      3.91794509883059083322
      1.22768122606364982197	      4.76209346110532916185	     -4.29230956245269190674	     -3.70177688172749519424	      0.57816579312964833104	      1.01582551552916311444	      0.04675742772170594225	    -20.61528124789289506680	      4.85365009086943466343	      2.13527102213173547440	     -7.30263356880143454930	     12.75601351408999484249	     -0.13498025360728077571	     -2.24706130320564989589	     18.40235692809520884339	     -5.43887619298962032843	     -4.68873883366143751061	     -0.59983892541797434461	     -0.62729080620126120849	      0.32134884285865150666	     -5.88881310939612667710	    -16.84358799419617724880	      3.51960067882892557733	      3.92383948731806864174
      1.22976109099583230666	      4.75901314293819499568	     -4.28439571444221201091	     -3.74834171582862429872	      0.57824239590083836848	      1.01557690467420869140	      0.04662391932878266060	    -20.70244308918898568095	      4.80492196292216355857	      2.19948942420117754537	     -7.35907669382329210350	     12.85333956518337750197	     -0.14750595543466824000	     -2.31477968520251486950	     18.42925201311525640335	     -5.41871154357896678277	     -4.61752489012595468409	     -0.72150752954688501806	     -0.66143248503320406506	      0.35378753412688379587	     -5.97498782292347296874	    -16.83302252626596740015	      3.46581146134689843663	      3.92922216294862147734
      1.23121121709580938486	      4.75553463754771321703	     -4.27898336949315716282	     -3.77941655965372858006	      0.57829985244338122374	      1.01540616148292217602	      0.04652738882073496895	    -20.76044917250710852841	      4.77155635005012435101	      2.24171552203252799629	     -7.40271307030236691560	     12.91953301086132377407	     -0.14438215910315074786	     -2.34928238497924857242	     18.45128578985804068679	     -5.40468487001945607773	     -4.56703434757131532251	     -0.81676170479167209404	     -0.68852081706631618196	      0.36767017065199858461	     -6.02823579747856364008	    -16.82366738287205976121	      3.42866409757458345808	      3.93155427100057153211
      1.23365882327001630259	      4.74653894745171722747	     -4.27096858717550009743	     -3.82876277355642979927	      0.57840420149936089267	      1.01512168140248859594	      0.04635745194479860137	    -20.85242127131190414957	      4.71764091471544322332	      2.30807825309241154699	     -7.48462633487338813154	     13.02330810434999186498	     -0.11513294759628768527	     -2.36581190227081750166	     18.49607989759040904687	     -5.38173515063080198928	     -4.47865259560682993367	     -0.99895380362843722022	     -0.72801651844893411347	      0.36869200354365061489	     -6.11515747137996967808	    -16.80353099094699942384	      3.36782474015576926973	      3.93258109537343747419
      1.23608362153843986952	      4.73462602436237034453	     -4.26443850911594868336	     -3.87488953286345605420	      0.57851685810755804074	      1.01484613664533718236	      0.04618244366668503714	    -20.93688633987666491976	      4.66704105397435231595	      2.37000560251606184892	     -7.57661901370237345077	     13.11534115922663978893	     -0.06260591887969596536	     -2.33682887250423831915	     18.54836612465160072816	     -5.36018020087254942752	     -4.38986985271315166557	     -1.20531577510704313028	     -0.75245227708651640786	      0.34417307094273308365	     -6.20508103108365371980	    -16.77924683926203641704	      3.30944135302838793322	      3.93113410791854045456
      1.23834494782765291987	      4.72337661750202730815	     -4.25846918389085260515	     -3.91746813376011493446	      0.57863081826903550731	      1.01459945199632750601	      0.04601682009625716885	    -21.01229278790732024618	      4.62061759133989102821	      2.42790828453779861107	     -7.67245628668361145941	     13.19404288954943815781	     -0.00613996287180266186	     -2.28184106805054076617	     18.59972300312095327968	     -5.34063561354245663892	     -4.31162224348562173049	     -1.41759007156930616489	     -0.76600957152543480699	      0.31086312561690582212	     -6.28874989606606593640	    -16.75555470528085422188	      3.25453718517204126925	      3.92943086710611710899
      1.24000550628060790537	      4.71655979061287577991	     -4.25332023384068147465	     -3.94942004983293548648	      0.57872037184560787271	      1.01442740863484193170	      0.04589544638200805660	    -21.06722719909889462997	      4.58589017008527211061	      2.47244841998001518846	     -7.74898404814396712936	     13.24805970382697317689	      0.02896343827124466669	     -2.23027933283939194808	     18.63631977417015050946	     -5.32613152953181945293	     -4.25989325171486044042	     -1.58320324686720192986	     -0.77718224861917983848	      0.28882845306469273616	     -6.34334560263237179356	    -16.73917534070482204811	      3.21255036492719314722	      3.92877289229671777804
      1.24194107542576914760	      4.71095366188793285289	     -4.24585931918917136585	     -3.98776235165808001781	      0.57883134863389762437	      1.01423806406013161663	      0.04575502790767155270	    -21.13164051044073588059	      4.54407398976981635741	      2.52770219133978590875	     -7.84471370259732569963	     13.30644764433941595883	      0.05188167166992535551	     -2.14821999606564695284	     18.67625584590837561905	     -5.30860594387226658597	     -4.20721607113904916275	     -1.78468178379189690297	     -0.79895108095738520682	      0.27304845417070638947	     -6.39641287167206229469	    -16.72198812703563319815	      3.16089973498154108711	      3.92887762884500846283
      1.24379952764506129803	      4.70719970057778525074	     -4.23715487528913925530	     -4.02542354683359970835	      0.57894455773498976203	      1.01406633199577833615	      0.04562099603329992925	    -21.19291334741842902645	      4.50278838540033099491	      2.58418996672897360867	     -7.94369631423663147274	     13.35914075404670953162	      0.04953923892500442655	     -2.04194108330777757132	     18.71271479544113347515	     -5.29111392909692046516	     -4.16432016402113713838	     -1.98616639481354040342	     -0.83301733376973396972	      0.27199448892564553892	     -6.43569569011102515788	    -16.70653839779823002232	      3.10862643392274140552	      3.92953223632105963503
      1.24587508388798018366	      4.70341536942603433147	     -4.22601200603472015871	     -4.06767386508753947538	      0.57907849856998239169	      1.01388351653488761883	      0.04547099923269037891	    -21.25881228088209340399	      4.45614094062563559362	      2.65001253009452897302	     -8.06335455710548920649	     13.41977630561808076948	      0.02029622021176201094	     -1.90729902455885702572	     18.75346712986605979268	     -5.27100469713990360532	     -4.12377945713103954972	     -2.22115739108208387620	     -0.88601934460959830275	      0.28792556798249269168	     -6.46689926136726001005	    -16.68882025870637164644	      3.04792230512019379773	      3.93013431576465288586
      1.24792973468988788177	      4.69881889013539399969	     -4.21402361892787968856	     -4.10868649798062257616	      0.57921876914983572160	      1.01370939593557185532	      0.04532041121459833011	    -21.31984177559310467132	      4.41019567693389902274	      2.71556008074032595445	     -8.19209962719021511646	     13.48971298814700503499	     -0.02574985984155684152	     -1.77823290553820512194	     18.79599979500924789022	     -5.25062961084567536574	     -4.08841023395221458969	     -2.46532617720141367101	     -0.94917324987440043760	      0.31610329070277426444	     -6.49038574273198332065	    -16.66935426115276897008	      2.98643415493905406422	      3.92967263730361127116
      1.24992554580324966018	      4.69291644285656062152	     -4.20194027233963396384	     -4.14686268827921722391	      0.57936240165565733307	      1.01354551372614687388	      0.04517036876188940814	    -21.37438886450021513497	      4.36629047852937990370	      2.77671000477349760871	     -8.32723749765295018221	     13.57080720861463518645	     -0.07226193292251785472	     -1.67123935497621278756	     18.84061390400725599648	     -5.23034416888153774750	     -4.05532143341248474400	     -2.71419153683645708597	     -1.01571601838640424020	      0.34418477962897786604	     -6.51071818804098612077	    -16.64789871265612575257	      2.92626504317259827914	      3.92744563644441768702
      1.25164937740222992346	      4.68649333678001056569	     -4.19147250546637195612	     -4.17810221560662053975	      0.57949243869751854152	      1.01340781039245042550	      0.04503682288742376361	    -21.41757465215720301899	      4.32914709058620683635	      2.82572311473575554785	     -8.45179889485489610479	     13.64953558297442448577	     -0.10344036572293660581	     -1.58609826758287497661	     18.88211474678361057045	     -5.21239060587778979539	     -4.02567749837294641679	     -2.93838343153739822711	     -1.07519299812770197100	      0.35921643601507718957	     -6.52636377062943040528	    -16.62714597560136198240	      2.87447204265474587359	      3.92378596437798243812
      1.25364371466990931481	      4.67699022947373332926	     -4.17981300650666653951	     -4.21212709596398759970	      0.57964981095847700754	      1.01325223069108982799	      0.04487739165204669700	    -21.46235382489707532727	      4.28749742768102226620	      2.87729120744547595123	     -8.60474722081777976257	     13.74136302457495162344	     -0.12282096663696687178	     -1.47146233724627673034	     18.93418380355593555464	     -5.19143108133078179378	     -3.98913143123692925940	     -3.20827749758277436243	     -1.14414623818076122141	      0.35954336804274517059	     -6.54212251889018769901	    -16.60001416783475391981	      2.81541492315404884295	      3.91753807614774807178
      1.25633442050064325635	      4.66177686575597682861	     -4.16499608087706807424	     -4.25509143301183012653	      0.57987428975198596071	      1.01305108203161431391	      0.04465492494109961352	    -21.51515376610060314988	      4.23330289149558058881	      2.93900538831311974874	     -8.82524749610213099515	     13.84360515384634027214	     -0.11980095963352041522	     -1.26738258810044523983	     19.00933508962828710764	     -5.16306874431510909318	     -3.93830286442252441859	     -3.58876100787041130147	     -1.23276532239754055276	      0.33461393871646955001	     -6.56321981066663262538	    -16.55942461116349662120	      2.73708128586485877065	      3.90646358331519838458
      1.25878829829011040786	      4.64850384301800190201	     -4.15146315627929229919	     -4.29306926860983928407	      0.58009181433627421409	      1.01288174843816825010	      0.04444761931620060114	    -21.55882999648993347819	      4.18414023116244582212	      2.99029739342155576054	     -9.04006972236897077266	     13.90706830279314587528	     -0.09179976616493512598	     -1.03498232797813960460	     19.07786328082642413051	     -5.13678012055001875780	     -3.89617901808275979292	     -3.94895662793148360947	     -1.30795851840872101590	      0.30248253779662270802	     -6.58428745972886719784	    -16.52175159817645777593	      2.66513227138898711743	      3.89537354270224156494
      1.26040785641116048765	      4.64143732943561548865	     -4.14186042452503944133	     -4.31846581775497462274	      0.58024222696865368487	      1.01277969126935163402	      0.04431021591058172809	    -21.58663733077086988033	      4.15083249463202097473	      3.02342064519358322272	     -9.18940474878712620921	     13.93979177203764585613	     -0.06305387574981666243	     -0.87468966091258548712	     19.12074303511377593168	     -5.11896642066511553537	     -3.87347313556813555024	     -4.19174383061551747431	     -1.35758472994440371195	      0.28548556409833314440	     -6.59720793342684785898	    -16.49806173330941660993	      2.61621113627874990470	      3.88838927576402104691
      1.26253673315117032061	      4.63481931928217782968	     -4.12813778223115335209	     -4.35279016330126111711	      0.58044811141082752748	      1.01265815366332745384	      0.04413010934867672014	    -21.62233293685402557571	      4.10569483720942418614	      3.06775854686376092673	     -9.39577722781092994353	     13.98412268721300399932	     -0.01718690347054636219	     -0.66195482406511441109	     19.17310290300657982243	     -5.09505856639095533467	     -3.85133926110666990894	     -4.51561864103719035057	     -1.42688840694692875566	      0.27563255106007988893	     -6.61966528800719533621	    -16.46903181587688180798	      2.54959883184452618110	      3.88011011539844163920
      1.26503887082001642561	      4.62978878867190513091	     -4.11091060669969454722	     -4.39402881441750547964	      0.58070138163793749708	      1.01253140810301411889	      0.04391889963990189966	    -21.66123165528572513949	      4.05186755948204524458	      3.12269905686198745443	     -9.65474336200095351046	     14.05034572591487496140	      0.03757567088133789701	     -0.42909681543811778459	     19.23033126581201202043	     -5.06680508862518141910	     -3.83548462058989780843	     -4.90267074060318819306	     -1.51919815304812622081	      0.28509096238664805023	     -6.65207881551530899600	    -16.43675030805659886823	      2.46873009155718570184	      3.87130876917431931972
      1.26738531069254634076	      4.62542878852280914259	     -4.09441739849832320175	     -4.43224291175704898649	      0.58094937125890400154	      1.01242413193699487550	      0.04371941843030886787	    -21.69168048696726813773	      4.00245139854114118094	      3.17741416661380027264	     -9.91491069092286281261	     14.12661394684171156655	      0.07489277376347915072	     -0.23950060584196111724	     19.28320883678599884092	     -5.04048948124274698301	     -3.82656995555364387585	     -5.27253458574266531400	     -1.61841862896332133737	      0.30796682939615599439	     -6.68178682727656525486	    -16.40569229695483954856	      2.39180676753066423501	      3.86271996555028218623
      1.26989236059745436158	      4.61904526286049765815	     -4.07713239732580223773	     -4.47087307921909804520	      0.58122529951126900016	      1.01231816265670415689	      0.04350207584293298152	    -21.71542909629413387051	      3.95250157542330748939	      3.23802170980468773109	    -10.21091464535338211306	     14.20888488490274781384	      0.08293307725618385973	     -0.05780869744747617334	     19.34214221633342134510	     -5.01248614344784471086	     -3.81775153923015642121	     -5.67601017432269294716	     -1.73722081255488580709	      0.33195216314869663288	     -6.70609071970540959740	    -16.36931542731189637152	      2.30995382950156047386	      3.85157410113900189330
      1.27150729102262172177	      4.61369033265197359128	     -4.06627708779269614325	     -4.49408657060367655589	      0.58140914235748519800	      1.01225405924219025167	      0.04335893321593484173	    -21.72573031370925633610	      3.92214144561839317404	      3.27729976183163884684	    -10.41067182527113743618	     14.25431377201201144089	      0.06542762002702981472	      0.06666733489535815738	     19.38194664569125791331	     -4.99428360844990315570	     -3.81058650385961561469	     -5.94054511742915014594	     -1.81959761312923862242	      0.33954841026300863760	     -6.71303820508561877034	    -16.34378875455839263964	      2.25769814891889941677	      3.84286738933319149680
      1.27386709995243574411	      4.60572056860799428080	     -4.05038689522755213090	     -4.52588079319513703069	      0.58168694805743348386	      1.01216883838259952277	      0.04314541844827821798	    -21.73565449330524046445	      3.87944288767382250427	      3.33404326711385357029	    -10.71426496819971063701	     14.30181603728618888738	      0.00929565636254619729	      0.29588110072462048272	     19.44030690803097272124	     -4.96681583802502046865	     -3.79828311364183290877	     -6.33216813415414669919	     -1.94451187078509368789	      0.33524967741175798475	     -6.70660534026876753444	    -16.30528118922914515565	      2.18134457945662019185	      3.82820818513410143780
      1.27586939915641472965	      4.59990317810399940157	     -4.03634133818401164007	     -4.55124393367627799734	      0.58193154019977966218	      1.01210607359152815476	      0.04296040666464509550	    -21.74034493647699761709	      3.84359980258104538819	      3.37995364594870650876	    -10.98269679793433795112	     14.32510657429962819265	     -0.05456436675220764643	      0.52325868159281974101	     19.48819917904290832666	     -4.94215519599854591348	     -3.78775671903805610796	     -6.66779387887666175061	     -2.04924887900424756992	      0.32036350275846314783	     -6.69080911407744682862	    -16.27264303814429169392	      2.11580418665237690590	      3.81425197392244941241
      1.27823594235418735998	      4.59456562880011798455	     -4.01852172564466858518	     -4.57981061839946512748	      0.58223123239610641289	      1.01204357280916790174	      0.04273741541934255456	    -21.74153356974038331373	      3.80021005958604130015	      3.42880274401869922229	    -11.31363942994479288018	     14.34309822220949470761	     -0.12193839445569626401	      0.79827752273955931983	     19.54192533073967297241	     -4.91107333670171541939	     -3.77764710946971238315	     -7.06750586622887411181	     -2.16325895002372714515	      0.29980273467722190484	     -6.67147440187040974280	    -16.23454027244508779404	      2.03673718157295891018	      3.79632842776952461605
      1.28003662947721497112	      4.59146931248463907593	     -4.00394131129511610112	     -4.60065531349682288464	      0.58246680115607529782	      1.01200408700228527970	      0.04256450099961680417	    -21.73884060430614084680	      3.76578428723019786872	      3.46001789405981696746	    -11.57599536089606218070	     14.35626870842478020052	     -0.14847367121122787004	      0.99049909204225849990	     19.58081183975703964961	     -4.88604893418800489968	     -3.77262286395524704119	     -7.37371106875973225669	     -2.24095510853995172340	      0.28866686055848639336	     -6.66145650753045703851	    -16.20573046861663613072	      1.97529123758488345253	      3.78174264752613042972
      1.28234301477520640233	      4.58890288530328582794	     -3.98404605466678152226	     -4.62619734226818302147	      0.58277783132626592710	      1.01196399358847899386	      0.04233864043581016257	    -21.73086673287484416051	      3.71947434419910294423	      3.49072654212711430688	    -11.92544924131908601339	     14.37129751949501610397	     -0.13550972362044266806	      1.23432007456645953525	     19.62780077245676935149	     -4.85243427018245032656	     -3.76988995263100523658	     -7.76805081895382176782	     -2.33311360821932911591	      0.28444211307957317780	     -6.64611655006279278268	    -16.16930218423831178143	      1.89508386189502808783	      3.76188273711056542226
      1.28518501076088953461	      4.58811171528259897912	     -3.95834421543039916003	     -4.65538241386788964604	      0.58317495814281150590	      1.01193154084774050716	      0.04205300980277820039	    -21.71404206192034536116	      3.65992403758361817268	      3.51506185143520299974	    -12.37638489005536079901	     14.37424393639509645482	     -0.05323659765125352689	      1.56192731403136497725	     19.68058642774900945938	     -4.80921228549910662053	     -3.77088092824094145428	     -8.25445307326418031835	     -2.44990354470011473254	      0.29203766419463833559	     -6.60499808852931113989	    -16.12550624112230224227	      1.79484030622780355024	      3.73536025038591601444
      1.28790046359171306278	      4.58695163419208373767	     -3.93403500514891524276	     -4.68024125644584643169	      0.58356731507943515602	      1.01191345906418539435	      0.04177250045451433302	    -21.68715002824063731168	      3.60361707643218753816	      3.52917437300505154596	    -12.82840922396255933791	     14.35339044632429938986	      0.05344524722954406559	      1.88640540147032176321	     19.72899578662981312505	     -4.76756707070459295750	     -3.77341483995003867946	     -8.71806118811608499186	     -2.57665734490802122991	      0.30430351241410535934	     -6.53574333786114891609	    -16.08183378956784892466	      1.69969927862875080926	      3.70751287537404117245
      1.29001977913686682875	      4.58448803976554319917	     -3.91546268143648212856	     -4.69759666241638207396	      0.58388164211037785201	      1.01190559594029338975	      0.04154912835294689855	    -21.65730783434205974913	      3.56138970492295969805	      3.53788080326507081708	    -13.19521508009397514627	     14.32318251052572044557	      0.11983207854384542168	      2.12758290936983840425	     19.76694788244662603915	     -4.73512346085009028229	     -3.77555994264747329936	     -9.07899713195652147135	     -2.68745158841144338169	      0.31174753284447065393	     -6.46206855752655773273	    -16.04513977050736883712	      1.62623529139657452269	      3.68407414133609201201
      1.29197917815558871446	      4.58120616291230220440	     -3.89811801585670725245	     -4.71223337367779659957	      0.58417855192850731694	      1.01190299717188247897	      0.04133972352476401185	    -21.62319346956221721712	      3.52356841119052743849	      3.54570156090054000586	    -13.54450046995159340213	     14.28996487572732121407	      0.14748064617587275382	      2.32635531364417325051	     19.80184377388778926843	     -4.70466977769106531326	     -3.77789517607335456617	     -9.41190760632531286944	     -2.79755360416971887716	      0.31435093987862972043	     -6.36939817052240009332	    -16.00937085284986594047	      1.55830177894015720064	      3.66113641172517345623
      1.29417985638399168913	      4.57762807500210389122	     -3.87771172636553940194	     -4.72757353139888447657	      0.58451968125824127487	      1.01190726872541048031	      0.04110190942979083384	    -21.57891520282384689722	      3.48148494614466175179	      3.55430159943265255862	    -13.94757775236956298670	     14.24779810172317873196	      0.12955556870461390484	      2.51678246607347633201	     19.83850046006082479266	     -4.66921745982290392618	     -3.78196228047236582270	     -9.78291536623199675660	     -2.92557667313284364141	      0.31277802304115287502	     -6.23168969822527252234	    -15.96840574408381741023	      1.48094841297391321966	      3.63430357408666893093
      1.29677249671698824329	      4.57520694932828497770	     -3.85204517165551907354	     -4.74482605205404794901	      0.58493223253381521065	      1.01192478576834310466	      0.04081861527542244433	    -21.52017057165488367332	      3.43109395089895574671	      3.56232906752666922401	    -14.43702922243558717241	     14.18211150069264547824	      0.04879658545296482880	      2.70511756319189089481	     19.87541684738921432540	     -4.62549989732400934628	     -3.78984765707190440764	    -10.21441436401753755092	     -3.06884766034977207738	      0.31134855221101731537	     -6.04946878045683344993	    -15.92089534067021716623	      1.38774452640021372929	      3.60190727194383519816
      1.29936450960750393691	      4.57579942742546741385	     -3.82470263759984785423	     -4.76115622612615574383	      0.58535585456444716446	      1.01195741476223788347	      0.04053081064168623238	    -21.45474544140919093138	      3.37842884947884325442	      3.56319137511959338482	    -14.94347297075803560062	     14.08941199583867565082	     -0.05897415361582161730	      2.86667736825222529973	     19.90432321733117504436	     -4.57968233815484193627	     -3.80078574381387523928	    -10.64029248482648526419	     -3.18984340824493539657	      0.31804873418895390769	     -5.87586420548033583344	    -15.87548294686443206558	      1.29248413585626664712	      3.56875241616057792271
      1.30099542622669450687	      4.57791955148727947034	     -3.80665711668007977764	     -4.77065833711367570658	      0.58562769571527495405	      1.01198588573016956538	      0.04034620888473670897	    -21.40989654914424988874	      3.34337679649561092532	      3.55712808053997031621	    -15.27196786459608368602	     14.01520375923562689024	     -0.11450103054935520386	      2.95805772523047183498	     19.91849123848474789611	     -4.54962228729971496222	     -3.80855012822260485805	    -10.90603260257429063529	     -3.25371215399652236044	      0.32694064262530225795	     -5.77180937299062613022	    -15.84825995954405364330	      1.23165771432881920866	      3.54723625779598306096
      1.30389393647820517330	      4.58316028634254646335	     -3.77271717408108075986	     -4.78567105910807821800	      0.58611945779175766980	      1.01204832698817392966	      0.04000934883140624260	    -21.31981893075686684824	      3.27612452869276626899	      3.52907986995701827837	    -15.87795763218764122371	     13.86309481009478972169	     -0.14278405835286070436	      3.08667960577021860402	     19.93845849266766023788	     -4.49332954770711268111	     -3.82245113630431321283	    -11.37355865709255553497	     -3.35913285128483130038	      0.34419957986564808650	     -5.52243763044735302969	    -15.80048700020260632471	      1.12209884777557888924	      3.50718079227535728393
      1.30657246660345172096	      4.58765256002183363648	     -3.73957015369993994724	     -4.79750978741713662856	      0.58658215985428818762	      1.01211608071838776723	      0.03968759492797669514	    -21.22156332633151265554	      3.20858856944649506460	      3.48414104120915446572	    -16.46543973053254106276	     13.70978030175132289514	     -0.07337218915037162226	      3.15705496883672553921	     19.95295431578092149039	     -4.43837545466729910260	     -3.83432901365800349325	    -11.79826061509755952272	     -3.45988587563293803484	      0.35313953884809107242	     -5.22026949949955643149	    -15.75494723130719343374	      1.01994539080214985383	      3.46816763513057013668
      1.30874910097815622123	      4.59089988855018660274	     -3.71179610383772029536	     -4.80567439928123008031	      0.58696332674850781874	      1.01217772162219032950	      0.03941938605039101845	    -21.13111911680050170048	      3.15108774270435043618	      3.43777959333237692618	    -16.96101747606333276508	     13.57792824399209941078	      0.02806348278856640385	      3.18177113632691277445	     19.96195298788795469136	     -4.39214573333268276656	     -3.84306302135257027430	    -12.13740724352878253001	     -3.54818792895210188831	      0.35287368935908286494	     -4.93844766970626913860	    -15.71688834718516858402	      0.93676117600984287748	      3.43515357810652766091
      1.31029927621457309428	      4.59333844507277522240	     -3.69168982796314937289	     -4.81064546766073508621	      0.58723750740986191410	      1.01222565000726993922	      0.03922528282936161431	    -21.06169663733891894708	      3.10945907696278434074	      3.40181546185287198014	    -17.32218973951545848422	     13.47488666024104020380	      0.10201815115380843957	      3.19177593285770422327	     19.96644135222026150700	     -4.35856175791792299634	     -3.84893505289000659175	    -12.37562653721161254339	     -3.61459036199204764017	      0.34918803976753920448	     -4.72651168014685829633	    -15.68961827516960028106	      0.87748588009945049926	      3.41094199508188911096
      1.31244709841074302936	      4.59660039438595102723	     -3.66360807720156334000	     -4.81646128383479243951	      0.58762054924693918334	      1.01229692201660537165	      0.03895312921629703884	    -20.95836770254229719512	      3.05197167928371504431	      3.35098217123941077844	    -17.83322518999163719400	     13.31812858693967704937	      0.17726796741533215607	      3.18622144567491139000	     19.97046561258305885644	     -4.31159157965133132961	     -3.85691790478887819305	    -12.70137449090372427918	     -3.71286712030761734127	      0.34093510896792261766	     -4.38804482188251920860	    -15.65135513644822395918	      0.79549281623991674461	      3.37656976929550234345
      1.31460480449583405615	      4.59928243598718733409	     -3.63557955293908463545	     -4.82081318843938255725	      0.58800864877608360892	      1.01237328554363825717	      0.03867619183058849247	    -20.84578663897109862546	      2.99556230992577532390	      3.29998068081568041165	    -18.35830630882610847721	     13.14101087545337342988	      0.19859448013096833718	      3.16161729057968354795	     19.97241351843342016537	     -4.26449412278823558609	     -3.86476423364030141627	    -13.02355032484809527205	     -3.81322575188924428602	      0.33492305567679742095	     -4.00046145618159432189	    -15.61191867590027371193	      0.71386059062616247228	      3.34091922261756657520
      1.31698783910275762921	      4.60327527623917998056	     -3.60429001904411139279	     -4.82434935944014586795	      0.58844123556811023246	      1.01246570483433195875	      0.03836669854723159107	    -20.71305301599592851858	      2.93366241788848336469	      3.24281988017524769319	    -18.95146427224936047651	     12.92146915067474921557	      0.15602892003787829922	      3.12220816260852052082	     19.96948225848557356699	     -4.21218593160557297495	     -3.87464211472564112881	    -13.37250228249198968911	     -3.91224491668324958482	      0.34096592523096092009	     -3.55608002711594073375	    -15.56909444932608188594	      0.62372269632836163655	      3.30062343753921982881
      1.31945263270812662704	      4.61179200838098779514	     -3.56987499288001775000	     -4.82755577919524725417	      0.58889355167811496816	      1.01257509879693929911	      0.03804271628914297765	    -20.56993636075910814043	      2.86641416160176909500	      3.17941854051831818140	    -19.57949746685816805325	     12.67275777549224358154	      0.06437216412795090936	      3.07021762948218768230	     19.95621267598690451450	     -4.15601924433300151662	     -3.88811471809733077976	    -13.72438717140106945180	     -3.98913401925528665615	      0.36739561757323141444	     -3.11862010631375419223	    -15.52907208166917207848	      0.52823155518169662148	      3.25857478334757155736
      1.32124556202976450869	      4.62238560277901910922	     -3.54246436931021424499	     -4.82985778384338093616	      0.58922594681855267051	      1.01266587792107221055	      0.03780385655582002569	    -20.46385693686429263494	      2.81303288607907653329	      3.12773673555731779317	    -20.04536672294833721253	     12.47987014105756564675	     -0.00930399935832340423	      3.02383323398678660610	     19.93791840161436468293	     -4.11250632186984343974	     -3.90026147516593013620	    -13.97391982506936436437	     -4.02824447946359143202	      0.39708454579632801451	     -2.81510890241033884251	    -15.50436358026649230624	      0.45604732694914762448	      3.22781028560762583979
      1.32357849781735059658	      4.64277885959670122418	     -3.50261072012083163330	     -4.83266209972167004594	      0.58966310194609083961	      1.01279969316215057162	      0.03748730529089640967	    -20.32481075443890361498	      2.73547062405836882704	      3.05037224814779550641	    -20.66175905642821675201	     12.21637261184663714175	     -0.08554369392034004427	      2.93490948927235395516	     19.90171747213388186992	     -4.05076879572247783301	     -3.91815523437077972702	    -14.28894169352816945207	     -4.06961746249649181095	      0.43819134205861343112	     -2.37757165943513637529	    -15.47880677566879725759	      0.35750555933476119153	      3.18714095662647833862
      1.32642819705366665772	      4.67445795767839733514	     -3.44885887149833259002	     -4.83456937022841959362	      0.59020245677837090970	      1.01298189409604399991	      0.03708883140038873177	    -20.14894016340332072446	      2.62985697378755567399	      2.93945434771077263036	    -21.43199055744301162463	     11.86781621858319901719	     -0.12491544836164621135	      2.80458722033467511281	     19.84292651977279930975	     -3.96824909768222999773	     -3.93903135799128012451	    -14.65880735204541451822	     -4.11868711629579120626	      0.47616027844012731585	     -1.78365772686542833902	    -15.45419475447591750594	      0.23250393840833641357	      3.13544100609220288689
      1.32931771297779977026	      4.70683828555433958485	     -3.39235647798022066368	     -4.83249438645683593307	      0.59075146359103691829	      1.01317563580008274116	      0.03666858501568377032	    -19.95461980643097632537	      2.51642533426453951506	      2.81049940161069855549	    -22.23528775745048946533	     11.48074136664553179799	     -0.09856065721340125096	      2.66917435797948954246	     19.77744204593678389870	     -3.88005584594954466837	     -3.95308556378252573538	    -15.02082089341507398217	     -4.17624437084531141551	      0.48954129197697682230	     -1.14114232424741435246	    -15.42911036126115931211	      0.10612639654515047816	      3.07907675666478430898
      1.33113050743505501039	      4.72455236397348521393	     -3.35711558677224619629	     -4.82856817831165674448	      0.59109513106220679113	      1.01329714077874677436	      0.03639643814582180920	    -19.82103952008680636254	      2.44423079828661693469	      2.72271545181078344910	    -22.75173367905823340607	     11.22295082752965811324	     -0.05240974072317541865	      2.58331334296925296812	     19.73737513394539533351	     -3.82381744339830875745	     -3.95704134057141798664	    -15.24334265358621998132	     -4.21742500838205813807	      0.48459389154940113453	     -0.73218889535810127711	    -15.41053188332069368016	      0.02880243856392813648	      3.04132675121324069778
      1.33315656430246831654	      4.74129111396854519000	     -3.31854659162116583104	     -4.82185680457753651496	      0.59147753542062886378	      1.01343164064281610059	      0.03608540505646869873	    -19.66024035338369202464	      2.36381854410535874322	      2.62021647068481433607	    -23.34047570251032510669	     10.92606802324527848214	      0.01606417056378919503	      2.46952311942734903383	     19.69442489493608761109	     -3.76112062143284431315	     -3.95772967654865892584	    -15.48836495798301982063	     -4.26561892722556290636	      0.47220215982082380801	     -0.27308812192985254530	    -15.38656736748763087519	     -0.05513599431348129021	      2.99715597153506063677
      1.33570531743152431936	      4.76002172149270741386	     -3.27105155433465588644	     -4.81088047514038841257	      0.59195607082753576300	      1.01360269206720698953	      0.03568597126432279665	    -19.44353300267368211962	      2.26283766064291036457	      2.48648554597030146951	    -24.09673015419182817709	     10.53422181523403367009	      0.10110830702760718880	      2.31422471762140657958	     19.63936775358711273043	     -3.68277853405095711992	     -3.95625390925856468272	    -15.78890261601009292747	     -4.31942573095427029273	      0.45768990141544491079	      0.27917606307671416488	    -15.35416055588513195573	     -0.15774643134650059850	      2.93958117073160973831
      1.33849195994170044877	      4.78277266811270607150	     -3.21802463098605473490	     -4.79837456406351492433	      0.59247695268054323403	      1.01380039349120898429	      0.03524326946200585092	    -19.19451958349633713397	      2.14909081518258426868	      2.33596464978832063508	    -24.94091949174916678089	     10.08196296541431991045	      0.15571406160412865072	      2.14193390555339480130	     19.56972634826258072849	     -3.59624041951400075234	     -3.95816997735297748662	    -16.10426990914269396171	     -4.35030249102833543873	      0.46151666970606547435	      0.80880984668562994067	    -15.32141363097368191859	     -0.27002738396829478740	      2.87630884489790705771
      1.34046161140652886345	      4.80288865113142993124	     -3.17793939347272580420	     -4.79065800109493356018	      0.59284414351756375972	      1.01395080149431637828	      0.03492852603658912897	    -19.01409383913740214211	      2.06381727143950488568	      2.22702245890137895401	    -25.54704335255542702043	      9.74816112669642365063	      0.15387765092994545868	      2.02417801857835932822	     19.51075061652009878799	     -3.53289405204590600817	     -3.96470168023902225229	    -16.31772316118772181426	     -4.34707007542953416390	      0.48307188723324284707	      1.12071408440892361646	    -15.30263604172330715869	     -0.35215785963770834810	      2.83239685810522745513
      1.34285322077890900694	      4.83211217474330734234	     -3.12475414166051779219	     -4.78336927125380562131	      0.59328866648711198195	      1.01414540746919312753	      0.03454471929986495382	    -18.79037294388824363978	      1.95245281418543203955	      2.09085780393476028394	    -26.29344348234571882017	      9.33364777078521434817	      0.10505875247776579051	      1.85903235736628236197	     19.42778775598536000757	     -3.45191010955322941101	     -3.97899894777280405123	    -16.56630407424720274889	     -4.31380700098064462367	      0.52843940518573806475	      1.40385183549667114100	    -15.28487775776177848286	     -0.45685435851893413384	      2.78036925913074561834
      1.34495314947122324156	      4.86048101864380477366	     -3.07394712791022017839	     -4.77862300449567900529	      0.59367693866414172899	      1.01432457561342803665	      0.03420491827003464130	    -18.58773454396074242823	      1.84728358390954539026	      1.96656206332126770597	    -26.95862819902191276356	      8.96149626427058976219	      0.03032331764360711099	      1.69277670563727400399	     19.34667817547655843669	     -3.37675691777269637583	     -3.99549685284170319477	    -16.77449972141036838025	     -4.26895930024342096232	      0.57486332973878317976	      1.57686567579717396015	    -15.27207731991825667706	     -0.55289034580988161149	      2.73552388157596482188
      1.34679789831110152676	      4.88641630397849979772	     -3.02675376848994304169	     -4.77489087048264426727	      0.59401581764369448813	      1.01448686020825951104	      0.03390234377877150013	    -18.40381526044734528114	      1.74974601578918131928	      1.85267846693706528249	    -27.55020227578217273390	      8.62450041611569773181	     -0.04604770571417957092	      1.54166233545755693157	     19.27055180443759496711	     -3.30771271118860221705	     -4.01060942867222181007	    -16.94924089594787730562	     -4.22993400858913926044	      0.60923514840807935222	      1.69387404273129260623	    -15.26190960829661946718	     -0.63930056608430718690	      2.69604983596086533737
      1.34858826769254180888	      4.91189737654493452368	     -2.97924347753765861313	     -4.77083728696973530248	      0.59434227212184898015	      1.01464793874336756119	      0.03360342233924779737	    -18.21954998715775175810	      1.65101091174307312848	      1.73723448641689293126	    -28.13017431447457994409	      8.28467052734511888445	     -0.11528275582733449323	      1.40084724087583278873	     19.19331700251308348015	     -3.23814298632873898143	     -4.02384405417930413051	    -17.11154934687036899277	     -4.20131700947496522502	      0.62850479751050536414	      1.79571038768404567243	    -15.25245535879399660928	     -0.72400503900966239890	      2.65698571045160747417
      1.35000442875636994522	      4.93202062123672035909	     -2.94077180292155881958	     -4.76686640518680260215	      0.59459854725870175951	      1.01477751849810382545	      0.03336244044271201997	    -18.06963881929742044008	      1.57032063655972820015	      1.64219100378509752503	    -28.59248265505930319819	      8.00428629810685698942	     -0.15717920819335617910	      1.30063162255639541698	     19.13040757045028783523	     -3.18140932425369227232	     -4.03237398544702774217	    -17.23509825002180662068	     -4.18894209575163678494	      0.63044868443953272497	      1.87871171444315776533	    -15.24505349413036014994	     -0.79108815981275437679	      2.62517508462931736801
      1.35169596461781482688	      4.95548789811930667781	     -2.89406155273183740562	     -4.76124515818529037148	      0.59490181971095512647	      1.01493383096346878602	      0.03306929222552071335	    -17.88489848840296403409	      1.47113246189173541012	      1.52472438168754576004	    -29.14967696689503995344	      7.65912078177174926452	     -0.18185803862056176827	      1.16870311871540022430	     19.05399805173873417630	     -3.11201535314806232435	     -4.04007357758830920602	    -17.37791912984412689980	     -4.18055915828269242240	      0.62018322851459262157	      1.93931013495430892846	    -15.23578524869916073214	     -0.87093188473605587241	      2.58617626406547618245
      1.35443833517561662561	      4.99157007878019598479	     -2.81729252470305402412	     -4.75039025597994690742	      0.59538598852021973329	      1.01518944265641031244	      0.03258244787452356517	    -17.57136685494118211182	      1.30456640673390955598	      1.32662204403496342131	    -30.06533646709211282655	      7.08484602377243444238	     -0.15286786682815739491	      0.88467559015697172509	     18.92803794291905106206	     -2.99690197627274779180	     -4.04734755348466723746	    -17.59987494187761924991	     -4.16298351979305625292	      0.58870594703682077586	      1.87207462503481814053	    -15.21919001648778113633	     -0.99890451346731523596	      2.52103750584904151566
      1.35702195104878509113	      5.02488746773466576911	     -2.74428129633711792579	     -4.73856235054267571627	      0.59583390603246699779	      1.01543494010947332740	      0.03211228643279324252	    -17.26305017024908394774	      1.14194366339888997430	      1.13305770914785441938	    -30.93861418514272187963	      6.53408531795184188695	     -0.06296831612565242930	      0.55670573650497068297	     18.80475071131045083916	     -2.88652562438253790233	     -4.05034071104866466584	    -17.79831223834480269375	     -4.12362216963595873409	      0.56003704281412114430	      1.64839772293060304875	    -15.20351861055014452973	     -1.11755511375522686990	      2.45799391991604565533
      1.35923547970837899079	      5.05429725717708144828	     -2.68108617498086676534	     -4.72795219627173235466	      0.59621160826675145827	      1.01565078421793297814	      0.03170299931891926853	    -16.99145452569200287485	      0.99864987519736669874	      0.96357805826746123490	    -31.69225582268604313185	      6.06068927794488310212	      0.03161904099986043853	      0.24684852775524915303	     18.69354946305905329496	     -2.79096012899686307662	     -4.05250756809471202047	    -17.96044959204235524908	     -4.05707532620295907577	      0.55042238314442071268	      1.36285313141339625709	    -15.19154169146064070617	     -1.21828819524681208897	      2.40340773700894105858
      1.36081696112188632597	      5.07605990243438753851	     -2.63528682121300983354	     -4.72054040749563341706	      0.59647792655609221946	      1.01580843995223113474	      0.03140812126094179313	    -16.79374832446043086520	      0.89408024118728057772	      0.84111616732761385062	    -32.23291975541796716698	      5.72097542119872226607	      0.09012491506126524277	      0.02245837505158648426	     18.61058256679397615585	     -2.72207382450336110580	     -4.05504850203170175149	    -18.07211382670300992004	     -3.98820871944657451280	      0.55474807154312788526	      1.12300891895656995700	    -15.18405905796264221408	     -1.29023829294581893201	      2.36443195723862231716
      1.36315060823698530612	      5.10854024131328277036	     -2.56648324555847429096	     -4.71092783248645208261	      0.59686395388875324031	      1.01604490299138960907	      0.03097122065076491487	    -16.49449232501470419265	      0.73660135191988174164	      0.65990690532436302451	    -33.03729780532473370158	      5.22205469360526119971	      0.14331710617997583945	     -0.31972145750673264253	     18.48368344402412688510	     -2.61960241157725715055	     -4.06158968882235971165	    -18.23064776005730891484	     -3.85680934638552264104	      0.57315670868822021777	      0.70678024001715245017	    -15.17387050534617465303	     -1.39683474895351444900	      2.30788977064997391508
      1.36534531902836508976	      5.14015596958157860996	     -2.50067656842430574571	     -4.70242688121657970157	      0.59721937100910793550	      1.01627293999785739409	      0.03055720756824591849	    -16.20642623777031587906	      0.58565763716770946612	      0.48839517723027270346	    -33.79864946046872375973	      4.75094001930262432865	      0.14731562594122296628	     -0.63710062413970336426	     18.35859560370344567559	     -2.52202538177032442590	     -4.06975491955322610238	    -18.37115733067124523359	     -3.72103011047510312537	      0.59117751559590669963	      0.29577560065927599453	    -15.16602851587234113140	     -1.49712935420068959935	      2.25494447513401885530
      1.36776415631244518956	      5.17743550887678516403	     -2.42655018992466464667	     -4.69268121118826631033	      0.59760290155295692216	      1.01653343624176639715	      0.03009543463372189170	    -15.88413596195267274425	      0.41549698492869424626	      0.29679945810762509151	    -34.63926136421334689430	      4.21935778794913929346	      0.10192615779673760978	     -0.96116041413163399998	     18.21255689705119706900	     -2.41193574345722039354	     -4.07970292279700164073	    -18.51339379504531024168	     -3.58848481923199180699	      0.59364421963223934497	     -0.11547667274050703312	    -15.16071086575267479191	     -1.60792065691817009920	      2.19579668901951441384
      1.37004145954889833270	      5.21529675808949289006	     -2.35465596984324365692	     -4.68240468593747927173	      0.59795643030813316887	      1.01678876956803088127	      0.02965354380047671018	    -15.57762490595892046485	      0.25048161829684101320	      0.11256076894237286579	    -35.42875998477915544527	      3.69759801036666324592	      0.02494628984130830077	     -1.22410316239171734765	     18.06683784562372707683	     -2.30465257992111682839	     -4.08888915982930445381	    -18.63415239782275989455	     -3.49918816848655422902	      0.56833824500967766724	     -0.42476680175608716450	    -15.15933393916121652012	     -1.71286407966099218925	      2.13845635661962152341
      1.37231485841044764662	      5.25336778551878325061	     -2.27995029367126722519	     -4.67307413090353840346	      0.59829930856940050088	      1.01704913295471377488	      0.02920744058661554898	    -15.26349919624818873842	      0.07911332238375996806	     -0.07372971004409971385	    -36.22224205578785927173	      3.16369188229864661821	     -0.06063857424563902365	     -1.48305466776062089274	     17.91661013682601222285	     -2.19384519703678426694	     -4.09951682801041350501	    -18.74378554548828290649	     -3.44128347051240535137	      0.51999173844335178085	     -0.66592271535522340464	    -15.15888327225041720681	     -1.81933314739248919167	      2.08122072880719644061
      1.37478240411758512174	      5.29303550611728290676	     -2.19559474787782482608	     -4.66590829619410829565	      0.59865766795506447639	      1.01733376630555572007	      0.02872003719616368980	    -14.90908527303867003866	     -0.11503632655783087302	     -0.27621402926753862994	    -37.09620382186673737124	      2.58535002551867254539	     -0.13664245165298249951	     -1.80001552039759582513	     17.75089679261018815737	     -2.07040403875399592337	     -4.11418444537811733852	    -18.85358765016007609461	     -3.38848038496298320510	      0.45994394790592268984	     -0.89085339684243425307	    -15.15737058937016357163	     -1.93692326269836323505	      2.02087043902315555144
      1.37726112569653835749	      5.33199487405579208854	     -2.10918686443574099343	     -4.66053616815567384180	      0.59900420142051757910	      1.01762270123975073766	      0.02822599656156265027	    -14.54197929148221923867	     -0.31642334264885824124	     -0.47959768088366117045	    -37.98260283790477842558	      2.01166269137730813199	     -0.17832783050013609194	     -2.14299492843538086362	     17.58106979931805469164	     -1.94486955834185115677	     -4.13073840688518423292	    -18.95712574340363332226	     -3.31074402849092086498	      0.41669103025428455567	     -1.11973054034961783110	    -15.15579324858063792192	     -2.05502032100920617452	      1.96127276072670508889
      1.37995506999469630394	      5.37434378664253920022	     -2.01495934036701251912	     -4.65533924908816221233	      0.59936677672371929670	      1.01794156031067295487	      0.02768306015206166079	    -14.13393852303699382844	     -0.54028287287826326502	     -0.70063452465478692766	    -38.94969744377664255808	      1.39861057644186193016	     -0.17401163296060348507	     -2.52428172866389477491	     17.39172952347442446808	     -1.80821061449582409786	     -4.14938920714587045069	    -19.06412794317364856056	     -3.16700765858002686315	      0.41084582364150429301	     -1.40615149785245030500	    -15.15519027588955403019	     -2.18142129635260895171	      1.89663597685601659215
      1.38136579021589644967	      5.39624911881354574206	     -1.96561675263899982014	     -4.65293237634883372067	      0.59955047296911101462	      1.01811002804486250284	      0.02739659910149284602	    -13.91625378556380709938	     -0.65926117291684172006	     -0.81599854192952381293	    -39.45783278188195453140	      1.08634654103136285563	     -0.14895331615721221774	     -2.76554905094009928490	     17.29096952813455345677	     -1.73674724524681844962	     -4.15944306106520311772	    -19.11812141043989043965	     -3.06545096896019364507	      0.42561715874595440479	     -1.56528278287036282101	    -15.15506050435581641977	     -2.24666423417446381450	      1.86290081228517334644
      1.38354392174686990913	      5.42865162381514210210	     -1.88975641867536947593	     -4.65012609066981763561	      0.59982421533885832421	      1.01837046184374502289	      0.02695253551806008757	    -13.57269678122546530119	     -0.84456866770026450819	     -0.99262241774980175535	    -40.24766335518740589805	      0.62519224628630920559	     -0.08525184286546860779	     -3.29824670746482162542	     17.13446592185326267099	     -1.62700392543255611955	     -4.17550020482579942183	    -19.19820350610573100880	     -2.88460804924796931914	      0.46360328329626382393	     -1.78977493551961175378	    -15.15408234786238139691	     -2.34580762530085307205	      1.81147994801157397049
      1.38596689573866571621	      5.46419613591383690476	     -1.80599360487280491405	     -4.64712835481421127071	      0.60011535365283064092	      1.01866420594623763307	      0.02645465563806950401	    -13.18319280239118107545	     -1.05231083515178025500	     -1.18860978706243303193	    -41.12854086098008821182	      0.12152739694655839697	     -0.00646238321587007652	     -4.04429081123415201660	     16.95686327312490604413	     -1.50508162404782197541	     -4.19268884204505098978	    -19.27949553292951279104	     -2.67618431128619604920	      0.50723976182110241950	     -1.98205963798747308857	    -15.15362285181381274413	     -2.45354823796566767768	      1.75412915310169981176
      1.38844782443328096377	      5.50182537309328711927	     -1.71992420766717124536	     -4.64362429189775482996	      0.60039976972082609308	      1.01897350496066962933	      0.02593975029351855768	    -12.78000167948676235596	     -1.26760299839970125291	     -1.39043350273814780849	    -42.02751217690833840379	     -0.40224797052661809271	      0.05141918639606255642	     -4.87755697790071529596	     16.76843590149964313696	     -1.37850632230400926836	     -4.20887410401973838248	    -19.34988921558156604874	     -2.49216759029309375961	      0.52651736899799628233	     -2.08611215526718529745	    -15.15572757828252115075	     -2.56221850939721118579	      1.69442679643360127884
      1.39036061451019343771	      5.53204582360056296153	     -1.65262700010441054843	     -4.64047519303947453295	      0.60060993697555331572	      1.01921896188869265387	      0.02553901523965811451	    -12.46735062171663876995	     -1.43600257509156703506	     -1.54737700957121115941	    -42.71601104109586799495	     -0.81768767986396373448	      0.06542212074164074909	     -5.50758304675573739928	     16.61806864290323559885	     -1.27864625612345639283	     -4.22030463109940257027	    -19.39377338110049109332	     -2.38902372711553478979	      0.51193300675564645807	     -2.09337781094764485701	    -15.15944857650453059250	     -2.64567706893790122180	      1.64737078195804120817
      1.39238466649234493566	      5.56435969227367710488	     -1.58007971350291342993	     -4.63739688426048779490	      0.60082300819812484161	      1.01948381101309126784	      0.02511254307221841633	    -12.13363610142784665413	     -1.61691323158048549935	     -1.71395566595046333624	    -43.44157523485780103556	     -1.25712698293775604341	      0.04952120377485886432	     -6.20332296521028858649	     16.45524474558800775981	     -1.17067870927796535696	     -4.23231862109369405545	    -19.43086523581581914755	     -2.31880824247279448969	      0.46984872626921586614	     -2.04374339672765170661	    -15.16444527611527348654	     -2.73426785257952831287	      1.59711548642356637728
      1.39426109918548890576	      5.59437009023103470895	     -1.51205839938190966798	     -4.63483338913045983531	      0.60101185896535314068	      1.01973334998945741603	      0.02471539872734480198	    -11.82162890981695646531	     -1.78653360924043203006	     -1.86832614398330765226	    -44.11139982185594021757	     -1.65589677514960365023	      0.01159682038069688448	     -6.88468451285510685267	     16.30146966798013608013	     -1.06922666054655679524	     -4.24366238774030346548	    -19.45818965223683605359	     -2.27744755054700531716	      0.41681382620959106511	     -1.96948745825648408037	    -15.16979250463226236434	     -2.81615031720534458870	      1.55024565094704414037
      1.39623606766988550554	      5.62590730492500501470	     -1.44057131850573938436	     -4.63199044095334500071	      0.60120200051234196081	      1.01999973418234657352	      0.02429542919058652953	    -11.49111895475075684203	     -1.96587900749126842648	     -2.03048362301765017435	    -44.81193024356122833751	     -2.06629384407544192115	     -0.04633043413128527799	     -7.60936616796757547831	     16.13717793635030872679	     -0.96220536728613725863	     -4.25563650852750274822	    -19.48196031765220226362	     -2.23519586565296668468	      0.36384052898886448668	     -1.89580936426491009072	    -15.17608256398888855188	     -2.90099389940362373252	      1.50038541860784935267
      1.39781468529070651563	      5.65093600869538903453	     -1.38400216397372433086	     -4.62932440860188698650	      0.60134798338450701216	      1.02021492310166528306	      0.02395821227369173551	    -11.22573322457974853705	     -2.10919837852878533369	     -2.15965247806843274603	    -45.36768074032706010712	     -2.38409012940076614484	     -0.09902858896525421062	     -8.18373427867929592594	     16.00445832082462516155	     -0.87716783664950648269	     -4.26515594562917588206	    -19.49894887299838686090	     -2.18453204139042789222	      0.33625845690973538149	     -1.86278405842648497881	    -15.18143939525396390877	     -2.96722160365660947434	      1.45996371191249774135
      1.39998827533416769775	      5.68495636123882519541	     -1.30715228986572351566	     -4.62465526784957337014	      0.60154096918100208313	      1.02051371042551908275	      0.02349138116590850436	    -10.85933608575830611187	     -2.30620411159302829418	     -2.33657004893574260507	    -46.12571735622749002914	     -2.78862349695537403704	     -0.16255599328847400442	     -8.98475426119660447455	     15.82016869450103868644	     -0.76115737820566287120	     -4.27809227459414831429	    -19.52125448290861697842	     -2.07078041773285814742	      0.33298303562896680585	     -1.87526916614498295743	    -15.18903466996848194981	     -3.05578567392108402245	      1.40308792140910210122
      1.40158661069330880977	      5.70938755185381019430	     -1.25159156020666606501	     -4.62074503421429927386	      0.60167667257730239605	      1.02073507151061004805	      0.02314666601911263139	    -10.58855840464627817710	     -2.45065997991507567022	     -2.46531404209443882891	    -46.67787264502484134709	     -3.07578442994078482542	     -0.20058898772294347923	     -9.59241494422045271051	     15.68384752979984320120	     -0.67698143952904155096	     -4.28781875177633331475	    -19.53733435306094889938	     -1.94995709608446166072	      0.35886041723762934774	     -1.92503637984060715915	    -15.19451910188839072191	     -3.11881003427028735686	      1.36065066251580857326
      1.40336410134705813491	      5.73587784084956719965	     -1.19046681266663401111	     -4.61654119217880332116	      0.60182087485623858569	      1.02098291446457767329	      0.02276263960072047801	    -10.28542417538559483603	     -2.61133223377240275553	     -2.60629451695596170424	    -47.28768818090312464619	     -3.39006081280279492063	     -0.23047103002435645469	    -10.31778143600565478266	     15.53138561431934938639	     -0.58424128860629609417	     -4.29938403471163521630	    -19.55407227213705922964	     -1.78614254451577880722	      0.40955098381588150858	     -2.00226653022969447449	    -15.20040956702444567838	     -3.18724674453663414653	      1.31336448592692067727
      1.40503672134314006037	      5.76046186528648718195	     -1.13325348319100771555	     -4.61272730247768514289	      0.60195009487693906802	      1.02121857643141500382	      0.02240045832145051707	     -9.99871773662918528203	     -2.76293582376285762336	     -2.73677047556007080331	    -47.85699718732931984277	     -3.68337810611728411203	     -0.24430390266955226419	    -11.02838548056194056812	     15.38648906253104797770	     -0.49717277565439876863	     -4.31074016141720406381	    -19.56701097613371231887	     -1.61976805936104972794	      0.46622939123422862950	     -2.07451439069319754083	    -15.20608697720301449863	     -3.25044541736194636528	      1.26869040845691549713
      1.40701399865558740565	      5.78930810029414466555	     -1.06558309373226989258	     -4.60831259924456837496	      0.60209468757047235332	      1.02150096667509338033	      0.02197098711899709428	     -9.65840169917551172318	     -2.94305028564862514173	     -2.88840398082091143195	    -48.52396016421478464054	     -4.02680601515776448451	     -0.24267884627320868152	    -11.88113172873828737863	     15.21283620872218378395	     -0.39361109153936241212	     -4.32415539473807086779	    -19.57631978183572485364	     -1.43131609239806212308	      0.52583153758870426753	     -2.13249264087723533478	    -15.21319876874801302336	     -3.32410698594078102275	      1.21545914896502549318
      1.40934699999874424314	      5.82299296288742951333	     -0.98543316527400182103	     -4.60302086093587980997	      0.60225371642469760491	      1.02183983800015276699	      0.02146210744295599590	     -9.25517130571621748913	     -3.15677964095822360946	     -3.06402533376374019980	    -49.30209523610209032540	     -4.42627130439974791898	     -0.22159568961501543982	    -12.87223147017021318561	     15.00441957744591192636	     -0.26971493554616249311	     -4.33894910205563810734	    -19.57624964438881320916	     -1.24888721544102754279	      0.56181820845417029808	     -2.13658734017488338708	    -15.22211429989517661454	     -3.40979723200764661684	      1.15178120201901368347
      1.41063974522920010379	      5.84132570135859108262	     -0.94094553452813434191	     -4.59995488454764611674	      0.60233627721185001302	      1.02203008441095355430	      0.02117914296022713888	     -9.03085729909006396099	     -3.27549507996651412256	     -3.15996060521025778911	    -49.72912866203324711023	     -4.64442638609209179634	     -0.20544286142081241708	    -13.40069093035986114160	     14.88749840126734191870	     -0.20020999415025247936	     -4.34630832227671692891	    -19.57055424285619693592	     -1.17447648774110513514	      0.55885464169865972650	     -2.09974091499802462124	    -15.22713642377072496004	     -3.45661520286277790248	      1.11601204420285426977
      1.41254668378237302484	      5.86746301043984708201	     -0.87550058042425982219	     -4.59505033068365875693	      0.60245049037867748343	      1.02231305104776515336	      0.02076054592440273669	     -8.69835989947543986034	     -3.45035346213677041050	     -3.29985413787569248356	    -50.35412460453988359177	     -4.95831043776925195488	     -0.18079266172331087681	    -14.14100001381032178926	     14.71397729810201404632	     -0.09689224797956261237	     -4.35579023038311863303	    -19.55521421761155664854	     -1.10554390759247112008	      0.52197087194879632222	     -1.93985134185800878193	    -15.23418161010932969646	     -3.52445823007048231190	      1.06248342873810130982
      1.41452244279210970213	      5.89303869112810474462	     -0.80857888493823326659	     -4.58898064437096042667	      0.60255930637857657572	      1.02260808677834802438	      0.02032529708649869621	     -8.35185722057499368987	     -3.63007845680479190875	     -3.44295527614529195404	    -50.99552508556202212731	     -5.26474500658927357932	     -0.15591985475452208032	    -14.85744865729513186636	     14.53381985557482103388	      0.01025303449504627595	     -4.36361580755094635720	    -19.53279027270023959773	     -1.07132703276838414652	      0.45378455278481483193	     -1.66333768912582069532	    -15.24068125212185265127	     -3.59240853801473791762	      1.00572652448995403240
      1.41645546121781640281	      5.91644436520179173300	     -0.74486948730376745242	     -4.58181231924440446335	      0.60265653562916088326	      1.02289777694135120001	      0.01989852181829169370	     -8.01115991081744560631	     -3.80312307955640438450	     -3.58093358658728577737	    -51.61674661200860469989	     -5.54005035412307300646	     -0.13471663256104854378	    -15.51120931354573073691	     14.35788651179385766454	      0.11374480811016286774	     -4.36968465677937700775	    -19.50756342912699992098	     -1.04662967394052319747	      0.37985469721454173664	     -1.33559474282850754179	    -15.24615271187290943544	     -3.65562146055561276725	      0.94888795981462492612
      1.41841499959093386707	      5.93871132557351355530	     -0.68288408195341587792	     -4.57341072951804150648	      0.60274598169463700081	      1.02319238579665960920	      0.01946605646246287250	     -7.66453614673648431221	     -3.97454243514060712172	     -3.71828463081372140309	    -52.23949208354392226283	     -5.79759782070080742500	     -0.12171270432147741902	    -16.12788157853644221973	     14.18003080304154650548	      0.21582016553187510777	     -4.37520424405070684770	    -19.48156662097519742360	     -0.99985419799009211950	      0.32351309682293849512	     -1.00313052016875792205	    -15.25101386086273080878	     -3.71564395373070555095	      0.89025134413651063614
      1.42003098809146921511	      5.95632372833772905096	     -0.63404757527103894343	     -4.56588463236910069298	      0.60281302138140258062	      1.02343660247665968477	      0.01911043001741905348	     -7.37822032849976672253	     -4.11245741075178461443	     -3.82929180077774500290	    -52.74697567777411677525	     -6.00173680306565948683	     -0.12222496644271536870	    -16.60203101716411211441	     14.03339450945283850558	      0.29713755540749986483	     -4.38013933682768374922	    -19.46102519140647402196	     -0.92905787437441034182	      0.30596653092060649426	     -0.76241245975242422084	    -15.25488324768789105690	     -3.76187860130839935024	      0.84145441557960720669
      1.42221553953116974789	      5.97973164035223980761	     -0.57114561524824469796	     -4.55536663876486613844	      0.60289428334195982462	      1.02376993117098491481	      0.01863223652978911529	     -6.99128618938832246954	     -4.29416769276664833654	     -3.97556053463414782456	    -53.42294558907052959285	     -6.28317778684017991253	     -0.14397291199582434862	    -17.14856083371057238196	     13.83428316501596810895	      0.40281891420864324171	     -4.38849572516500163744	    -19.43448014304094684235	     -0.78319003048529911570	      0.33288837741613908072	     -0.46832077265585259074	    -15.26059567900445124167	     -3.82011093092844911112	      0.77530961325090030911
      1.42463418335484726107	      6.00558605030656345036	     -0.50446626600222888026	     -4.54384301752650632267	      0.60297197672897506759	      1.02414427357953741193	      0.01810693246166163867	     -6.56368798303313205622	     -4.49041122023697703014	     -4.13133806370336387204	    -54.15781665999735139394	     -6.59666967329396403130	     -0.18484711715657534126	    -17.62176238181543297401	     13.61162896202318073335	      0.51560951060162596438	     -4.40041269066738127691	    -19.40390516548645649664	     -0.57884988128014469577	      0.41715521504339553305	     -0.14234146610764703000	    -15.26794275965802150097	     -3.88041980154654675417	      0.70207547843424300549
      1.42683663982260977576	      6.02950292692772205072	     -0.44489704239526467466	     -4.53345068378847848578	      0.60303204608835969669	      1.02449092818017795103	      0.01763162860883524252	     -6.17617653798514254504	     -4.66649859233472952269	     -4.26712831999314445852	    -54.81495934610227749317	     -6.85369730249924558052	     -0.21240430869171586514	    -17.99581510161383590685	     13.40575422822520579302	      0.61696738918469296031	     -4.41253416868106373983	    -19.37044989822868146234	     -0.39519734317033589077	      0.51021583150325133804	      0.18160721412690322696	    -15.27589135914080742396	     -3.93326469102850806436	      0.63496217121724707333
      1.42907012642914588163	      6.05399399775660373990	     -0.38450356068391378095	     -4.52280599084403611698	      0.60308281302453914385	      1.02484807957595980277	      0.01715143463811750341	     -5.78531453304692266926	     -4.84391312783712102430	     -4.39888677368943170620	    -55.47043992914688459450	     -7.06182650979538628633	     -0.20895653227586402645	    -18.37085724160925437332	     13.19365723712855142935	      0.72057962476972881039	     -4.42422068099625409587	    -19.32715128511197733019	     -0.25031037713342868534	      0.58278906442868561033	      0.56125633938657393252	    -15.28495187532768362360	     -3.98593600224362987205	      0.56600651976238092189
      1.43049368765791617975	      6.06955719927475723097	     -0.34611276184033284986	     -4.51562694351545701466	      0.60310990593624047573	      1.02507861464256833095	      0.01684566018494028025	     -5.53729880230462967461	     -4.95620933989700684918	     -4.48022189264659775887	    -55.88194645953048222964	     -7.16958249484658782791	     -0.19162610036201652153	    -18.61190893155745484933	     13.05690297041659242439	      0.78733543580247833393	     -4.43028321168456429291	    -19.29380351386362590915	     -0.19010450122798028261	      0.60441325231135967222	      0.83524520255919676437	    -15.29108856515152936595	     -4.01880835560848215238	      0.52128690964103396865
      1.43273645279412198406	      6.09445399647980057267	     -0.28706733455775923503	     -4.50208718163852417149	      0.60314519786593379091	      1.02544794859471433135	      0.01636244933249989333	     -5.15011781603930884899	     -5.13003631243825175545	     -4.60627788508797397782	    -56.51573555942940174646	     -7.32172098683744554393	     -0.15848259409058376712	    -19.00141186158461437117	     12.83869669198671203958	      0.89282340893140332838	     -4.43537720719100558853	    -19.23244119456785128364	     -0.15164604038458778801	      0.59035634799185343624	      1.38092148640402134774	    -15.30196615665570547549	     -4.06777387293483894126	      0.44840042031603744022
      1.43490798123796459151	      6.11833275357317063481	     -0.23283508097099531176	     -4.48576893639391904856	      0.60317088139960628457	      1.02581133651177092148	      0.01589273720909857926	     -4.77889601990538004372	     -5.29292722802192283638	     -4.72634736997306070805	    -57.11160282947772515172	     -7.45929731623422753728	     -0.12696299164440288942	    -19.37736793653762035206	     12.62558688359834668802	      0.99370945434834345722	     -4.43448070070643307616	    -19.16588138184448197876	     -0.15464760899255797222	      0.53534868926673373490	      2.00460249873974483137	    -15.31326227759742941714	     -4.11036807868621245632	      0.37474125724944074012
      1.43720674626891309345	      6.14189868273096273299	     -0.17998613225664403248	     -4.46538678766700414258	      0.60318871100146687070	      1.02619888665452752008	      0.01539544562759358019	     -4.38786694008315425464	     -5.45738322964843458607	     -4.85070422825783786891	    -57.72383506683623721756	     -7.60438890734841521635	     -0.10640979276436891843	    -19.75012145343741920556	     12.40054119814685407164	      1.09654099193777687660	     -4.42863184041035307104	    -19.09320472120812084427	     -0.14977489060135557031	      0.47097427717226475474	      2.67060487807865509780	    -15.32444046658409320116	     -4.14884382797025264011	      0.29417130258747298255
      1.43954590271875981777	      6.16296721000711222871	     -0.13161276837667326700	     -4.44255587676223573368	      0.60319667224930462179	      1.02659329152334422020	      0.01489265391170586234	     -3.99012166512124677453	     -5.61514789555280025013	     -4.97296052533867172230	    -58.32881118296272404677	     -7.75337911757549402836	     -0.10902903623792239984	    -20.08772969666105012720	     12.17394062170261648248	      1.19495090573177398241	     -4.42052838585641794111	    -19.02147671779971460637	     -0.08811057045348502648	      0.44187086861940177984	      3.26014805581624322883	    -15.33367507804070051236	     -4.18075655184053385227	      0.21079597259620735938
      1.44046919406967077748	      6.17044149146057829824	     -0.11389967989774475721	     -4.43327735556094015834	      0.60319700538851528382	      1.02674868565758581340	      0.01469580192616640885	     -3.83303964352992654341	     -5.67485124692941766966	     -5.01963889809035457290	    -58.56301059377668849493	     -7.80938035059751722855	     -0.11556919658674862095	    -20.21256003386191579807	     12.08522214866307464831	      1.23194740898356891456	     -4.41748306519529165826	    -18.99419743561827189637	     -0.04235351382301071055	      0.44727224966423378971	      3.45564868949549586219	    -15.33664448866565876983	     -4.19159065623098392450	      0.17778455334855983172
      1.44274586834292239956	      6.18760829402205825289	     -0.07215657803072607346	     -4.41005781743205194090	      0.60319204293292361108	      1.02713163103277183019	      0.01421436784506059821	     -3.44714049715207915270	     -5.81790687224872105077	     -5.12865708550372989549	    -59.13103145262988391551	     -7.88449486288569278969	     -0.08717081728137415775	    -20.61522434365273070966	     11.86707051308655103128	      1.32020270617903512367	     -4.41126074610729812520	    -18.92819368412751757091	      0.11440829288832314592	      0.50211685300821606859	      3.88165601447848551686	    -15.34296292212655110632	     -4.21575477931864650571	      0.09608340435519456546
      1.44475754526558319846	      6.20191196458759463894	     -0.03709358639611623487	     -4.38953117093082312294	      0.60318071418631824532	      1.02747133086447695050	      0.01379425359528060370	     -3.10827120016746816233	     -5.93982404852558332209	     -5.21807360419998467194	    -59.62115593775547495170	     -7.89222576568562939059	     -0.02382431173268294983	    -21.05694377920473314703	     11.67390483151411650908	      1.39537810613019841455	     -4.40731063242408893643	    -18.86874772926378796001	      0.27992725583614180840	      0.58505567361559096540	      4.21624425251068846165	    -15.34804050832796740167	     -4.23478545294299291157	      0.02382531834638098797
      1.44691195492225777031	      6.21663276747749815598	     -0.00133763783689531783	     -4.36768804095981710844	      0.60316062347881593819	      1.02783824142354052178	      0.01334987752489607410	     -2.74708724177311847114	     -6.06557172489486262634	     -5.30813046258875598227	    -60.13253351179616146283	     -7.88566741272390725470	      0.04403744575139018763	    -21.54315754681390160385	     11.46579598321689275053	      1.47368588067046468737	     -4.40353843609705908335	    -18.79998229770800577398	      0.44216747094419012187	      0.67665241090036631899	      4.57596525190053693422	    -15.35340195591688861043	     -4.25292614433866766888	     -0.05347849640389527176
      1.44946422775654037984	      6.23341150575227409547	      0.03859855411717891260	     -4.34187380989965898692	      0.60312519270363851298	      1.02827855577911142504	      0.01283021955880277003	     -2.32064563132440282445	     -6.20774646208104119438	     -5.40933405706888859044	    -60.71920387540656349756	     -7.91326869269086330405	      0.07650225333172515352	    -22.04122722407452528159	     11.21700097110496940900	      1.56454176788322207869	     -4.39734502824729567294	    -18.70715236099074729736	      0.56228505432012076959	      0.73967746891239916085	      5.05913636006893963071	    -15.35998636169670561458	     -4.27134412695676868310	     -0.14504343402004024610
      1.45104749712054581501	      6.24373860358586441066	      0.06208146287715458206	     -4.32543475339565564042	      0.60309708627034142037	      1.02855520953841228504	      0.01251071105613640010	     -2.05749041931807541417	     -6.29218068784224549006	     -5.46986708249962738648	    -61.07261695826044700652	     -7.94613386409967503710	      0.06845715917704189857	    -22.30764630591712105456	     11.06106575142430337166	      1.62041329809357637082	     -4.39122363076379418345	    -18.64224443169221601124	      0.58406231780694850553	      0.73639171094122912731	      5.41103954022526512091	    -15.36453973965940988933	     -4.28103222904067237664	     -0.20229178205393255618
      1.45325088585650363804	      6.25900767589707918148	      0.09280313988682580006	     -4.29984009235865283216	      0.60305255769764620766	      1.02894544560380585274	      0.01206674964119060396	     -1.69713264527365059742	     -6.40446632448308150742	     -5.55209791992718315612	    -61.54981163668349353202	     -7.93678782877424460196	      0.06842766630650164161	    -22.74797264633405191603	     10.84116005720208342211	      1.69780037970739505759	     -4.37734013978584535209	    -18.54352927854326082979	      0.55447711186058035171	      0.67589463172610420028	      6.00505632540032596722	    -15.37253207192331494468	     -4.29155583898276482557	     -0.28457665983375518559
      1.45535010004871834255	      6.27323079628223556625	      0.11865688487164749443	     -4.27245475394445417550	      0.60300416536856238370	      1.02931975655751517529	      0.01164533573806242860	     -1.35844713098555680553	     -6.50393405250264589057	     -5.62784328480609463696	    -61.98952051566116239201	     -7.87201494259835587997	      0.07916140837265817076	    -23.22797327017415369710	     10.63072433947290384992	      1.76897804640788369746	     -4.35897307889360074995	    -18.44498751148045556647	      0.50546720611223927566	      0.58751790069782017234	      6.61239080023044056844	    -15.38054423873714071647	     -4.29690972874603893672	     -0.36548268151438795259
      1.45732908024132901126	      6.28495264587107538290	      0.13871413129897081085	     -4.24456806476944947804	      0.60295267661372387025	      1.02967172404683116049	      0.01125144007330174806	     -1.04077735876384003255	     -6.58917921647226201287	     -5.69609640240199244232	    -62.39130621467404580471	     -7.78741192865981712856	      0.08660992503163876532	    -23.68793207832233704835	     10.43381952855548355785	      1.83125621691652362699	     -4.33903512482968167774	    -18.35317489889208886211	      0.49251172828629319334	      0.51877845923863630251	      7.13446834340206859082	    -15.38693187917350435612	     -4.29653066199701783034	     -0.44302923324786463999
      1.45967429978379636957	      6.29594440029434299078	      0.15637738671898687715	     -4.21000935806824916341	      0.60288369660627294522	      1.03008562326170793888	      0.01079160557978712208	     -0.66413907643072067621	     -6.67847667630337404887	     -5.77192657582380252990	    -62.85183499704066889535	     -7.69572558251140304009	      0.07670129122168070634	    -24.17831141870877331712	     10.20373718824298236996	      1.89692390006905542421	     -4.31495325537237750524	    -18.25004647407522995195	      0.56705673084194185840	      0.50254466667183717021	      7.60217891346014873477	    -15.39215218504967630508	     -4.28885620051930605001	     -0.53524819685916258383
      1.46086557000055150546	      6.30070169635756283100	      0.16298197547780973737	     -4.19184412295314778873	      0.60284567424903756638	      1.03029498740116620681	      0.01056120064537026566	     -0.47336653052466232117	     -6.71916364829748058440	     -5.80842708647220007379	    -63.07895446288540597379	     -7.65023916687482063992	      0.06476845495413556530	    -24.40760603389411187436	     10.08778322694469942178	      1.92690098943195997627	     -4.30296466523617837652	    -18.20025176262628363588	      0.64707888861845808126	      0.52990352422634934282	      7.76748036884886339237	    -15.39420767798316447283	     -4.28222976194329252309	     -0.58224953241237742407
      1.46275824166433343620	      6.30904148764512484604	      0.17072936810204700220	     -4.16047443424079244068	      0.60278355538515682177	      1.03062973285654435607	      0.01019741654793661530	     -0.17612037285605117165	     -6.77796217338295292620	     -5.86574088431462481452	    -63.42725833330484874750	     -7.52437350503085067288	      0.05274625712388604504	    -24.83457304671627241532	      9.90233885186510498500	      1.97093009230922988628	     -4.28266557077148313226	    -18.12291145024271443731	      0.81702102042381807845	      0.61697137485568354087	      7.97019969482958945406	    -15.39867124516077545593	     -4.26834857097875186582	     -0.65891487529020320579
      1.46433199715916662065	      6.31660496773833379791	      0.17531060174888898895	     -4.13256724785711426762	      0.60272988842412433819	      1.03091037083937120400	      0.00989732124404329484	      0.06639997368893543750	     -6.82231548451713720738	     -5.91234947530760912571	    -63.70518492515785879959	     -7.38867140697474678035	      0.04422320026006744398	    -25.21833865522164686013	      9.74681477175777288835	      2.00516057568155803281	     -4.26466411902298059289	    -18.05793083338181403974	      0.97282386646782492701	      0.71232869452033054092	      8.11365398783184410547	    -15.40336470526655432423	     -4.25453841922879583137	     -0.72417570728662905566
      1.46596168513433910974	      6.32465770545403582759	      0.17895888022328984568	     -4.10262016510308136219	      0.60267165144635947982	      1.03120329840262492382	      0.00958912970608852971	      0.31462743881826055192	     -6.86479971425319401845	     -5.95899803392250859702	    -63.98170868700893265668	     -7.25028648081011795057	      0.02773161595517906197	    -25.59435747878425715385	      9.58456955852837033660	      2.03943484083686188413	     -4.24480855183112293361	    -17.98712086446234437176	      1.11512805094209266343	      0.80648704960280781506	      8.27960490714884578267	    -15.40873883815394762564	     -4.23889927632333396446	     -0.79267208029354296883
      1.46775250286775760244	      6.33333337397749218667	      0.18231378327100747350	     -4.06911021471740941280	      0.60260379667484365029	      1.03152791072486849089	      0.00925354522430482315	      0.58557775600639960789	     -6.90828694726606862275	     -6.00769104313861479483	    -64.27231822554520590529	     -7.13264394468788243131	     -0.00641656495073028403	    -25.93278792970972901344	      9.40503492603603241662	      2.07689728766409231753	     -4.22109104735616735837	    -17.90227750321005828482	      1.21511179586530460028	      0.87369421245209744065	      8.52581924658625212032	    -15.41477538108204470291	     -4.22088171716886328966	     -0.86853229438660262129
      1.46989329745840469066	      6.34309564562163341606	      0.18599026588629766210	     -4.02860309516877901359	      0.60251690213527231421	      1.03191930807188914088	      0.00885624302715239987	      0.90823791700280942507	     -6.95667854824500064836	     -6.06155919339673232571	    -64.60234525538565719671	     -7.05451992147847661840	     -0.06449620435058846246	    -26.20721781542232875495	      9.18889740985462566414	      2.12264543311798137282	     -4.18911579275573320302	    -17.78879836089792831899	      1.22764466400404992363	      0.87141726844955125220	      8.94308213277843933042	    -15.42176159752675168590	     -4.19880200827585436940	     -0.95976020684841034658
      1.47086335928403499906	      6.34727981175092281774	      0.18751641828195164674	     -4.00995665036649118207	      0.60247564927524788203	      1.03209748612227114606	      0.00867746417059159052	      1.05382633956625837435	     -6.97727170559836018526	     -6.08445462411335658004	    -64.74624926594864859908	     -7.02938797307796736646	     -0.09183310641398659269	    -26.30105129551936471444	      9.09049019679004288719	      2.14371962127227400075	     -4.17312648473770320123	    -17.73333657217410674889	      1.19838561899290807489	      0.84151744754370116919	      9.16172177673372623019	    -15.42480752918381803340	     -4.18855698037753487739	     -1.00140256400011962157
      1.47265661230112976376	      6.35457639263385942741	      0.18955770666749127695	     -3.97449988680630017512	      0.60239715183153641487	      1.03242692904569621781	      0.00834925903729567473	      1.32092372446950445664	     -7.01223122600967130325	     -6.12499983507121115167	    -65.00426053747675325667	     -6.95451136481734799588	     -0.13653049514898266126	    -26.48813224053531101276	      8.90817029402861670917	      2.18212718269323735498	     -4.14146687474787267291	    -17.62685352847877240379	      1.12012388450247857286	      0.76764375405297358146	      9.52795387258491111027	    -15.43014343750082772999	     -4.16859400908440491662	     -1.07921417372765038323
      1.47442134262430157854	      6.36073118428788131240	      0.18959202959030349578	     -3.93838194607321279150	      0.60231712295219397291	      1.03274946442675741309	      0.00802979524807284628	      1.58172954489941708367	     -7.04133402618677362028	     -6.16185650230181281017	    -65.24907216679474686316	     -6.83403720241107404121	     -0.16331165744837397580	    -26.70311360160759761584	      8.72924566534595669509	      2.21768935090104690744	     -4.10805680466424938402	    -17.52041785106696636376	      1.04767942260849400427	      0.69359069379640658770	      9.79365979781519158109	    -15.43452213934547856411	     -4.14657782818277187431	     -1.15652712045053807088
      1.47603994754299150394	      6.36499816440078891588	      0.18679355835958044718	     -3.90434162768633674645	      0.60224111867246610252	      1.03304227319532748730	      0.00774073995128821916	      1.82001791971597137731	     -7.06188775989236194874	     -6.19227207928586942387	    -65.46618464766856959614	     -6.68809626604169960018	     -0.17056595976139746207	    -26.91828935616407036946	      8.56661147972336145529	      2.24659286990681472673	     -4.07616359321249177583	    -17.42489064327883241390	      1.02190226086829416552	      0.64956778902495115879	      9.91133622374478129302	    -15.43729061150630599286	     -4.12314904232032741760	     -1.22761197182278647411
      1.47813196759268805636	      6.36835799659581613952	      0.17826188452159069664	     -3.85936055717143400301	      0.60213884079196899890	      1.03341534824816005944	      0.00737381196774791053	      2.12763505276404218947	     -7.07857564559067675702	     -6.22630398070060486759	    -65.73655786551309176957	     -6.47056568706431978200	     -0.16032646594276944718	    -27.19152577030298445493	      8.35923758686555373743	      2.27709868695927575288	     -4.03425972528304033204	    -17.30794794900421607053	      1.08387256533575793149	      0.65357499458144785454	      9.85238039469550130889	    -15.43893726702798296913	     -4.08741217200486062211	     -1.31917091031065414342
      1.47996211507326425050	      6.36982601818688998208	      0.16662717351732478366	     -3.81925706250845520273	      0.60204547851912870726	      1.03373720158923410040	      0.00705917033197769102	      2.39634626591884458691	     -7.08466857542475736409	     -6.25158377222297456655	    -65.96405840556177224698	     -6.26740830506636648067	     -0.13848833172694663407	    -27.40952690282597004057	      8.17995183468462805365	      2.29777228327172489131	     -3.99744505167523112021	    -17.21207629642661274261	      1.23076169704867566246	      0.71799702732860615217	      9.62360337731579562615	    -15.43917873328904732944	     -4.05162628321003026599	     -1.39891636101623761945
      1.48087347845027705873	      6.37050149340194327152	      0.15954933722913589023	     -3.79889663154908019393	      0.60199764369459962676	      1.03389694997680159361	      0.00690430763333783892	      2.52959000795633048853	     -7.08506278055551330652	     -6.26333359931443567348	    -66.07337400208515987288	     -6.17662378841007342345	     -0.13242554214885154940	    -27.48892405852049236614	      8.09080230161798752420	      2.30637136890975824599	     -3.97867846515457079803	    -17.16575751934340843263	      1.32745520506616543344	      0.76344526108005950071	      9.46406106631393306827	    -15.43941213789129207612	     -4.03240933296690506893	     -1.43867175068574670860
      1.48224152463551939185	      6.37224931798933003080	      0.14735171095758747839	     -3.76745651553351823537	      0.60192425785956404916	      1.03413834828304462832	      0.00667314713936275217	      2.72794602703886512884	     -7.08256612034320465199	     -6.28142485934008476534	    -66.23003953590099968096	     -6.08575236962740451219	     -0.15048500922263741142	    -27.52079900481893304232	      7.95599449859464424861	      2.31771673580318271490	     -3.94881270021230257328	    -17.09618262647597219939	      1.48222863772831403573	      0.82894358506578336154	      9.19165340467369951227	    -15.44085836092201269309	     -4.00178024474342741712	     -1.49878495408748491080
      1.48359489254317922224	      6.37518360156843399977	      0.13437816695347812312	     -3.73525687799652539312	      0.60185004603337699525	      1.03437950372746745309	      0.00644551410703235721	      2.92162401310831265633	     -7.07776007497185855044	     -6.29994152090721915016	    -66.37721380584588359852	     -6.03065654481313551116	     -0.19088522344532293795	    -27.47726638294073353563	      7.82085646840399384416	      2.32839130003851746409	     -3.91698326053072243269	    -17.02539510437381053976	      1.62557612837081388868	      0.87759937825558775870	      8.92018104938695799433	    -15.44389289944338550242	     -3.97041881209195146596	     -1.55907170978254661087
      1.48492934147310551296	      6.37945815921560299699	      0.12170821677089317669	     -3.70244002569622221444	      0.60177559127163249286	      1.03461975301566533325	      0.00622169200480977846	      3.10960604965924058973	     -7.07208141153585145844	     -6.31858379446742812746	    -66.51598762770572648151	     -5.98451336084935636705	     -0.23890002813269051174	    -27.39859421852618481807	      7.68539131990460422372	      2.33970525799234785325	     -3.88317006805060094266	    -16.95167421384952533003	      1.73457783104898943805	      0.89684616060300070828	      8.68924367959080434787	    -15.44859453945006855236	     -3.93957197841149797668	     -1.61956480906424871158
      1.48641722039888013462	      6.38572417564223560049	      0.10849135170558828201	     -3.66465246445153525201	      0.60169130951861982126	      1.03489008955472927553	      0.00597270744969945633	      3.31557489828225193662	     -7.06560144141116452943	     -6.33926802606271344587	    -66.66473163954205460868	     -5.91414856591575865963	     -0.28593648217615341700	    -27.30974468416404121740	      7.53169647889723048451	      2.35417208106750486252	     -3.84259613446898562472	    -16.86328368295792401454	      1.79872541851096068299	      0.87551254261465505380	      8.50834221425020587048	    -15.45563100996787575525	     -3.90611006938167992786	     -1.68836996536187755602
      1.48806412743026950096	      6.39381450667251360898	      0.09513377792628213703	     -3.62148971750292414384	      0.60159651891232590604	      1.03519087202161785832	      0.00569810780109374689	      3.53975708650857789905	     -7.05830397701157430390	     -6.36111062126502435632	    -66.82341326970794170848	     -5.78869288330053421987	     -0.31500892980842593039	    -27.24498845042319317145	      7.35907986283688231310	      2.37242569139102510434	     -3.79453036954425515503	    -16.75749763897088229214	      1.79180668241989615730	      0.80056057735256136443	      8.41870921438484032251	    -15.46481204697074041121	     -3.87037989390894798802	     -1.76606688337810879830
      1.48950556535637557154	      6.40093765280697368780	      0.08400913799967106577	     -3.58273740324602618657	      0.60151211557983097489	      1.03545353726187583376	      0.00545928211449483395	      3.73388660355237744781	     -7.05096593733575183194	     -6.37850841150782343902	    -66.95783125181610273557	     -5.63089776239894135301	     -0.31488930348001004100	    -27.22810611040698702823	      7.20713142711916976424	      2.38931391763556533192	     -3.75045533305018086168	    -16.65936408273363156241	      1.72965864708433492147	      0.70375257513960975952	      8.42366784663520462573	    -15.47299032804859386658	     -3.83965187622414161339	     -1.83504744665298513695
      1.49018713311131345556	      6.40402223653456559305	      0.07867857937719190120	     -3.56415669378510546750	      0.60147166569011345505	      1.03557694818660794844	      0.00534709006433836589	      3.82541855081944737194	     -7.04681644268161022637	     -6.38599561846842700419	    -67.01997901137404767269	     -5.54227206619639911622	     -0.30694138243608204419	    -27.23131533130421999545	      7.13543304046751902803	      2.39715773210140881133	     -3.72922362838662735385	    -16.61182243437010086495	      1.68871444043072327368	      0.65358772667618592056	      8.44401842354449350125	    -15.47658144889052067583	     -3.82502213457967554788	     -1.86784746775909993310
      1.49156942644341916626	      6.40913388183861965075	      0.06654593225692784220	     -3.52623089986622639813	      0.60138800263372882426	      1.03582496942154400621	      0.00512173936679516904	      4.01199369916235593081	     -7.03553217543111930610	     -6.39971880533964920801	    -67.14153432755186656777	     -5.38172810177127214359	     -0.29615570254223505531	    -27.19007484263214635689	      6.99126394672452367018	      2.41111312309725844827	     -3.68600557183807220341	    -16.51548129181754731576	      1.60976289767608427006	      0.56020136299955725079	      8.46007453723781921440	    -15.48276660767615631187	     -3.79387937753921056228	     -1.93414254634537030597
      1.49347535381198848192	      6.41303013876675720439	      0.04592636582810528251	     -3.47361263003149289830	      0.60126893347042253968	      1.03616024225726066632	      0.00481675554143982856	      4.27232656732371296471	     -7.01234153747164867809	     -6.41531232176123467070	    -67.29910071604044219384	     -5.21427482234512673642	     -0.30025247655027387239	    -27.01442410134536942223	      6.79640140516986690500	      2.42439993270684395199	     -3.62709647200862006500	    -16.38637369203453886257	      1.55067988806221834786	      0.47776737655333895161	      8.36341217048421192715	    -15.48820187616840193812	     -3.74667892604845009785	     -2.02457687598244895355
      1.49522268838331884311	      6.41347861166745492056	      0.02306126396463507519	     -3.42491831340076835488	      0.60115646143442091898	      1.03645976422789343196	      0.00454314707212858260	      4.51362492098032497267	     -6.98334412078192023898	     -6.42636496276116098159	    -67.43454833096805600690	     -5.08863358930381615153	     -0.31312276498028063232	    -26.77621996662718117932	      6.62198149740426433851	      2.43025453395926138711	     -3.57423151588574761206	    -16.27417986232407898228	      1.57550106680513346546	      0.46712666952291936884	      8.12489007188300149664	    -15.49007914154038090260	     -3.69910956196949580743	     -2.10661483904214907881
      1.49694556090691111017	      6.41180777738776264130	     -0.00237867133510513478	     -3.37623660640522738063	      0.60104307418180169531	      1.03674828724869816376	      0.00427836730711471727	      4.75256039522262963004	     -6.94872345145321990145	     -6.43463657465697913551	    -67.56090741061510129839	     -4.96022268285150946809	     -0.32105658759631661159	    -26.51613119007883767608	      6.45303166252548621173	      2.43124164321717017856	     -3.52277401182829219550	    -16.16915306307711119871	      1.67456012743348869876	      0.51322470822239196764	      7.76268418331724152637	    -15.48985456327750220851	     -3.64909570072852362799	     -2.18714483514744850723
      1.49877933250402817222	      6.40906129561362014613	     -0.03121296566918793647	     -3.32344806778935275560	      0.60092021885785951163	      1.03704995473207817192	      0.00400083628424815433	      5.00603973269321489425	     -6.90735632463057136476	     -6.44117334836882982074	    -67.68856156836264403864	     -4.79363039968417847803	     -0.31301987080475479619	    -26.24980662600065173251	      6.27461490796374565804	      2.42929098101610252414	     -3.46761518050118944245	    -16.06057136739231694378	      1.83107756247568875807	      0.59773053388907115835	      7.29855233083181698106	    -15.48877442338789478526	     -3.59401244844474332396	     -2.27306862500662765214
      1.50001894374429323165	      6.40738271240953505270	     -0.05098241372539506766	     -3.28710066977651971243	      0.60083608910341190779	      1.03725207644675032626	      0.00381507806332706013	      5.17594260049044230243	     -6.87785397591903802095	     -6.44462060375986478533	    -67.77115608321426520888	     -4.65664409364447884343	     -0.29516957993564929552	    -26.08734840479237604427	      6.15368957483799139396	      2.42747362458200210966	     -3.42936836069675976546	    -15.98683304004340044457	      1.94243178447126996211	      0.65661999992412822813	      6.98317790327368648207	    -15.48836069603853893284	     -3.55651507866315297335	     -2.33155469329447573301
      1.50168799072749203916	      6.40623015407493134887	     -0.07722518084645972614	     -3.23729131030306982453	      0.60072142359983260462	      1.03752401133183114190	      0.00356659601844610012	      5.40202708144389465161	     -6.83729741860448747559	     -6.44819935960512147233	    -67.87729586235232659419	     -4.45196502320172715628	     -0.25550815583195857217	    -25.85479592978555984928	      5.98898752842866066715	      2.42569946185964235852	     -3.37581167624697586760	    -15.88377980439017456149	      2.06315965099442566455	      0.71379628490047541955	      6.60108682142623237610	    -15.48920114596137587171	     -3.50649121559087717515	     -2.41100845221830573095
      1.50412217346961796238	      6.40756850551426460072	     -0.11423589838896515414	     -3.16251713798263578425	      0.60055120669822126267	      1.03792226257288611180	      0.00320628781621715240	      5.72561959836963740855	     -6.77739017251632436256	     -6.45242290553783437446	    -68.02064725038856352057	     -4.13648847018327714409	     -0.17667844146926622861	    -25.43189065622158295810	      5.74361351635991113085	      2.42559623215133868257	     -3.29204474323507456646	    -15.72211964881272017180	      2.13531598115471243915	      0.72286096080264050645	      6.19137932887097264256	    -15.49419385789685854604	     -3.43491659078526634374	     -2.52872557873414560703
      1.50588224910905954523	      6.41031531638966889375	     -0.14073019576773143635	     -3.10648319562924157822	      0.60042590032759002305	      1.03821046121317839273	      0.00294692833214475411	      5.95552076583406719834	     -6.73280080772072331285	     -6.45614571113332758046	    -68.11525899661738492341	     -3.90573757084915662574	     -0.11875101009537182561	    -25.06726712282333480175	      5.56321517362344053481	      2.42645310472396102952	     -3.22698181971359510101	    -15.59846164739771801067	      2.12298818204283268329	      0.68157416936860804046	      6.00282278017391224267	    -15.50013500458703319396	     -3.38332782206894089327	     -2.61534401934801108425
      1.50745212540434914139	      6.41322617965135677309	     -0.16506986236081525043	     -3.05499170770770556160	      0.60031249120456653401	      1.03846583954742244238	      0.00271672744133452789	      6.15864075572583846707	     -6.69098890361146736439	     -6.46057912677515044919	    -68.19288661462033473981	     -3.70579349133781166259	     -0.07699251281536481639	    -24.70362362107731968308	      5.40160524714670753355	      2.42644957794020710296	     -3.16624791285291129483	    -15.48646204283517491263	      2.09738789036662875986	      0.63085848743834072039	      5.87463590258401424649	    -15.50622244524439885538	     -3.33639075232120907444	     -2.69350477465152016165
      1.50928613397379107752	      6.41620783950222772773	     -0.19523870608559207307	     -2.99321768455767589501	      0.60017793698928434409	      1.03875990351273372880	      0.00245000535802916350	      6.39489533863494230559	     -6.63846527525019425298	     -6.46710040730483193272	    -68.27534313521327646868	     -3.48555027814342466286	     -0.04863655117137276329	    -24.24013142603491033356	      5.21358534096205428199	      2.42397136401159229990	     -3.09313615106871298011	    -15.35712448507973171274	      2.08769127006910126809	      0.58018287749688779442	      5.72416364701408042492	    -15.51319760304194872447	     -3.27950318692543651977	     -2.78544626031974340563
      1.51107489580468379309	      6.41794618216601708838	     -0.22689795419314329195	     -2.93181793917553301654	      0.60004445933188865769	      1.03904053412268315704	      0.00219330487921960910	      6.62536739298772481277	     -6.58267602115229877313	     -6.47408644714452563562	    -68.34731878415045969177	     -3.28798374247810043514	     -0.04561150770195078474	    -23.75171114629660706896	      5.03211784257382443997	      2.41805688604895774318	     -3.02082123150280468238	    -15.23469300806903703460	      2.12364462441082579858	      0.55673319571746315848	      5.54657800091746278071	    -15.51901118614012098362	     -3.22152287557704752885	     -2.87512224147083950143
      1.51302788787764042056	      6.41838687685593622945	     -0.26374191552900033697	     -2.86421510242141907909	      0.59989617438067188715	      1.03933956573590768890	      0.00191788269817268816	      6.87750655776857300339	     -6.51680211438748635544	     -6.48101023124072028736	    -68.41663703826085907167	     -3.09144964381847131563	     -0.06371866608980447655	    -23.15842258026903266455	      4.83616724580874368655	      2.40777709733218481247	     -2.94174981687131875674	    -15.10485157740440165242	      2.21225224857607383200	      0.56154108313956163645	      5.32962696702036975438	    -15.52403772643587487323	     -3.15583603384089084187	     -2.97237062746929359136
      1.51477901775980683396	      6.41798027169986262663	     -0.29795087156907484882	     -2.80336941951748697122	      0.59976107766138642141	      1.03960218595369169314	      0.00167507601571617311	      7.10346126339289707374	     -6.45452354974538700105	     -6.48613025040314106207	    -68.47073234900936711256	     -2.92476318978821181460	     -0.09014771147009383034	    -22.59315836610683803087	      4.66145235439740002192	      2.39634148869295415807	     -2.87076448988467980428	    -14.98935315631625542210	      2.30893810322391068723	      0.57842378096961122314	      5.15006847343014229068	    -15.52788325503811961426	     -3.09581928967938146968	     -3.05892256554352659492
      1.51666566164757044000	      6.41740486884005001400	     -0.33491275835873829392	     -2.73756502940755952480	      0.59961348861402330446	      1.03988082640335566253	      0.00141704942810492399	      7.34578949705843342599	     -6.38572415564921325171	     -6.49036888264894429312	    -68.52069162791990208916	     -2.74427639695838010425	     -0.11659141803673658822	    -21.97496475624366496504	      4.47296822779509017920	      2.38334039847237777465	     -2.79364567862681489885	    -14.86259066122398664334	      2.39472833665291595651	      0.58883368995817519931	      5.01853574140942271242	    -15.53208839672825014588	     -3.03120985751052041124	     -3.15177209438735284053
      1.51864421568849028432	      6.41723765237878307488	     -0.37299349367574330394	     -2.66807375937610080641	      0.59945671520396492937	      1.04016936057072428845	      0.00114945466301075551	      7.59775322693901244975	     -6.31299387560250835350	     -6.49342638074991729269	    -68.56400333784057465891	     -2.54313870355249616040	     -0.12836805651515389992	    -21.34025979001088302311	      4.27405049132752434815	      2.37015700210396840220	     -2.71141402210553472685	    -14.72485409310518633674	      2.43941027258846698800	      0.57634976705943630204	      4.97567272301429319725	    -15.53720790638278970164	     -2.96432524350020587534	     -3.24907470488032013023
      1.51999999809453045785	      6.41751617861805101484	     -0.39863213306850003859	     -2.61999689655533218868	      0.59934825302016692117	      1.04036499510621194275	      0.00096747090051314648	      7.76882501298088179453	     -6.26302162876117485268	     -6.49482065318288448452	    -68.58836076762966627030	     -2.39449639368852862376	     -0.12176710563597009651	    -20.92206958690251283883	      4.13686972270447927968	      2.36147626598493420857	     -2.65409577080658776183	    -14.62766290191809837040	      2.44346894711817252954	      0.55418070993678525404	      4.99619802701154913649	    -15.54128627728008460451	     -2.91902043360280893936	     -3.31587358512611540817
      1.52102985749234842494	      6.41793735448857294301	     -0.41796845716152331018	     -2.58314849434036641895	      0.59926534106084350384	      1.04051235630577143532	      0.00082990577728159480	      7.89787344793045154034	     -6.22489483026189915904	     -6.49562098201702919908	    -68.60393751016695773615	     -2.27609055996609388473	     -0.10861754100709138104	    -20.60993088056874711356	      4.03226853208008861884	      2.35490687540526977273	     -2.61007848767484329500	    -14.55270960818688230631	      2.43601902905884681871	      0.53263538133274290765	      5.04127439501796015264	    -15.54469406652215290876	     -2.88475583088800169307	     -3.36672160072762016725
      1.52271347580596327909	      6.41888203253140421367	     -0.44966810978723309455	     -2.52220662193357281211	      0.59912880187590855652	      1.04075049850995027256	      0.00060632019914625497	      8.10731786407879440048	     -6.16185014933011210303	     -6.49675294575883466308	    -68.62381943997968392068	     -2.07631444407062470958	     -0.07582816577262052604	    -20.09645097612305875145	      3.86088734418394263770	      2.34366881779466540436	     -2.53751164891448732774	    -14.42925940387310745905	      2.41570679373568486525	      0.49652688739598865864	      5.17391697847585252390	    -15.55070696088456827511	     -2.82861988527228147561	     -3.45002983425331777312
      1.52441027092898040429	      6.41983424621714515723	     -0.48221345680894950325	     -2.45986676254571268174	      0.59898987981347084908	      1.04098612849039362516	      0.00038283269329882069	      8.31689625825121403579	     -6.09682893473875608947	     -6.49804364573433179686	    -68.63665730732601844011	     -1.87260467638600847096	     -0.03497392356380293887	    -19.57177867301439277981	      3.68836833112082151942	      2.33094244146572027176	     -2.46402184618076214306	    -14.30561531691312637804	      2.40602349293182360412	      0.47197280208082947883	      5.34303958995828409684	    -15.55697687099072190620	     -2.77135051519018782429	     -3.53411311169774089436
      1.52637577665774615276	      6.42050297417885218465	     -0.52113594184235156881	     -2.38657619168464707471	      0.59882715625895732714	      1.04125247801282294624	      0.00012662978419397994	      8.55842906886959831070	     -6.01907806573900572289	     -6.50025511504882658187	    -68.64213796846607351654	     -1.64414290307433419436	      0.01006488019032336124	    -18.94900542705205026550	      3.48962222558470847034	      2.31366683010215901106	     -2.37897158647543571774	    -14.16546061430458536279	      2.43152942296072938078	      0.47210042937512913808	      5.53484076328457863525	    -15.56403191867318192010	     -2.70363428117748183510	     -3.63144671361218618344
      1.52883081549917965170	      6.42038031899548933268	     -0.57153625019339926450	     -2.29374830652619765559	      0.59862094402263410498	      1.04157460494711928689	     -0.00018900945593301125	      8.85893898151716463474	     -5.91843986231830943012	     -6.50473179614133112381	    -68.63431526515097402807	     -1.38583689451030855899	      0.04473324800726463657	    -18.14341292538931327272	      3.24345830357471864858	      2.28831506824919728160	     -2.27310029367957344704	    -13.99551798823830495166	      2.52514288802042052851	      0.51662460576625235387	      5.72884371718595808431	    -15.57219523982061204492	     -2.61709870600142613384	     -3.75257719339799278302
      1.53006865676082215444	      6.41998017799962727992	     -0.59739983172739419270	     -2.24656716066073824933	      0.59851567124825644228	      1.04173280351399233368	     -0.00034633768706301694	      9.00999244693203138468	     -5.86663920663067361971	     -6.50781054813149850702	    -68.62409059971578528803	     -1.27040773116759475592	      0.04911361163367432281	    -17.72743915992240815171	      3.12000578256438521052	      2.27441142298270237987	     -2.21968631597533061495	    -13.91111326236673129131	      2.58919359708350382832	      0.55053652828388521812	      5.80798858022344699492	    -15.57610525143851276653	     -2.57299674266505196130	     -3.81337250193199484016
      1.53232152845561797605	      6.41896173597176478154	     -0.64444305184249994767	     -2.16032837286826051582	      0.59832180260106115899	      1.04201431241646824688	     -0.00062983170777011473	      9.28390770193225023377	     -5.77168727995605390646	     -6.51464424665449204355	    -68.59465309510910913104	     -1.08917232534488572782	      0.03480551739454653543	    -16.92665148268221742001	      2.89575886390257331016	      2.24843964039228172425	     -2.12186664635932142886	    -13.75714094584216162787	      2.70401597357596967797	      0.61048148821925418694	      5.99431530772332887835	    -15.58317984367892350406	     -2.49283345936628686346	     -3.92345803350383981467
      1.53456519147805869885	      6.41773414287901911024	     -0.69028897861858051765	     -2.07422972217876377954	      0.59812586783449128713	      1.04228684532627968728	     -0.00090897048972266102	      9.55517677506822593614	     -5.67767183030083266715	     -6.52248092466755480245	    -68.55185858386482777860	     -0.93579822327311401597	      0.00361313275042254162	    -16.07977430271845165066	      2.67249491157687302234	      2.22316520388640492811	     -2.02304877801806570758	    -13.60112263474642446681	      2.78838271759108291548	      0.64763101244697418579	      6.27671566755309395802	    -15.59032275704377212833	     -2.41419539796640192364	     -4.03235238290317443699
      1.53678295783146290354	      6.41640787522547295652	     -0.73415250476295779158	     -1.98898609000208592690	      0.59792963169539337098	      1.04254839914813768331	     -0.00118220205344610912	      9.82137985149017644915	     -5.58610067133903864800	     -6.53051770664277508871	    -68.49704882977712827596	     -0.78940640849175669480	     -0.02307439437003470581	    -15.23762164170943300689	      2.45167545346899462544	      2.19945059389398300809	     -1.92364010908432270242	    -13.44374816055677790416	      2.83598912908974165603	      0.65551928068158116236	      6.62808160413546865186	    -15.59755743190600263404	     -2.33812187526289916306	     -4.13929546405354908956
      1.53884708159171212927	      6.41513945782437033927	     -0.77386285603123106114	     -1.90945402205997294409	      0.59774494029482327928	      1.04278444511969348163	     -0.00143430083422520466	     10.06699858062046715190	     -5.50203962696023207712	     -6.53772360770795479823	    -68.43539617071552072503	     -0.64080317750111170927	     -0.02689661450686037236	    -14.48429288240684265077	      2.24607539870349848243	      2.17822459463990147910	     -1.82970559343830463384	    -13.29534510781951084368	      2.85927859020348584806	      0.64355948067170853921	      6.97909552215510409212	    -15.60450989670540167253	     -2.26856266232047421028	     -4.23820759809168912113
      1.54038623158412857350	      6.41421268560385104962	     -0.80305575393811812202	     -1.84999178809407260893	      0.59760602161289611001	      1.04295562037750322304	     -0.00162087189779512998	     10.24862382239308011833	     -5.43980986038463409926	     -6.54274223156526346656	    -68.38292284297941137083	     -0.51670429482116297937	     -0.01044993635875836845	    -13.95578306306953031424	      2.09277095379889876980	      2.16250106227715743756	     -1.75903292829405621944	    -13.18420517720866236289	      2.87229856741385169983	      0.62895634362628782821	      7.23270107433869746671	    -15.60987922825925622305	     -2.21715713782054768544	     -4.31152087924181781631
      1.54262293870105859916	      6.41304393241887105148	     -0.84530686126749776665	     -1.76342846171397615862	      0.59740230430387497584	      1.04319704186962991521	     -0.00188953223819963816	     10.51003686140496817814	     -5.34952819689323089136	     -6.54937875985905382237	    -68.29676625075811102761	     -0.31619993458888961957	      0.04389358394971938637	    -13.24704406113015053847	      1.86993224846321814958	      2.13910937287123159578	     -1.65605847785208970535	    -13.02268540000951979607	      2.89199957288099129826	      0.60644112850579801055	      7.60699442594426145092	    -15.61814672034414819279	     -2.14267842773043915017	     -4.41715771169600746049
      1.54509001719802996355	      6.41179331602596036532	     -0.89211247200370347166	     -1.66822483604281401881	      0.59717473658851538687	      1.04345280273250806680	     -0.00218159281073098494	     10.79549298802565537869	     -5.24958820544758886228	     -6.55605693214781837241	    -68.18764913446163689059	     -0.08458528503537085519	      0.12914742615128266268	    -12.53421933552118616717	      1.62445189664109790328	      2.11182753162378178402	     -1.54330104634464948532	    -12.84557441052205462029	      2.92719104101733140766	      0.59045268184100463404	      8.00976504452977344783	    -15.62770103434471558046	     -2.06045974346911897612	     -4.53182794680937117704
      1.54754894225242778383	      6.40988676747336150186	     -0.93904007491434515753	     -1.57428246879290845150	      0.59694432585231171906	      1.04369559049943982920	     -0.00246730644668948038	     11.07843906892186325308	     -5.14950154350390931768	     -6.56293898924842444842	    -68.06338722531037888075	      0.12620624943724870204	      0.20789414379740558947	    -11.86152625681538985702	      1.38108697001134883564	      2.08282842667357215305	     -1.43295797466907526285	    -12.67114722168641094413	      2.98745546864502786732	      0.59278377555043781921	      8.36480284788661521134	    -15.63692939425335737269	     -1.97848705973931049407	     -4.64353227721157146846
      1.54997322416133953560	      6.40702169232686724598	     -0.98524733238312811601	     -1.48308703531276608878	      0.59671319010548462547	      1.04392264782249699628	     -0.00274326661003572794	     11.35673576600699874461	     -5.05080799293755866586	     -6.57097703993828385904	    -67.92512197430927756159	      0.28900861350729367683	      0.24936203115161062471	    -11.20200997693420319479	      1.14286128504177120213	      2.05283572009563286542	     -1.32678151465250859786	    -12.50126286969595135190	      3.07116408126653173127	      0.61368646662309456197	      8.65240603996640977869	    -15.64538870085663369025	     -1.89809138724170467505	     -4.75074145913963530319
      1.55212792692953338580	      6.40383780575737926455	     -1.02576259567436123277	     -1.40344020388341284011	      0.59650433782652523274	      1.04411453789583674734	     -0.00298380765438884324	     11.60343565207995020216	     -4.96380247863398604835	     -6.57966751189162835090	    -67.78905765638386071714	      0.38823917773399069242	      0.24393831408486099654	    -10.59623079360267539073	      0.93226917573278877960	      2.02570355023479775625	     -1.23463126108087140054	    -12.35131361512935832536	      3.15683892022366974217	      0.64186577019902024688	      8.87350628383829409529	    -15.65258802694896722585	     -1.82757489026026975765	     -4.84351257335950613481
      1.55445292229218767766	      6.40012693358904627416	     -1.06813536834611033655	     -1.31898526866917364941	      0.59627552481864654066	      1.04431166076292591960	     -0.00323891929882369348	     11.86823157925318028560	     -4.87184431010847163179	     -6.59067090057460358565	    -67.62890905844733424601	      0.45892002640919465906	      0.20104428593988532548	     -9.92326651324336950211	      0.70570220859471821662	      1.99699019201045246952	     -1.13714527270743182008	    -12.18966222510314345584	      3.24691285265512386005	      0.67247991789098338078	      9.10624373701656075752	    -15.66044903114094033469	     -1.75328391737422983887	     -4.94115827522381501069
      1.55668125356352793354	      6.39666979997941709257	     -1.10682971955023301547	     -1.23912783247239577378	      0.59605323258934650443	      1.04449123674956090291	     -0.00348020790976330411	     12.11960396790964189506	     -4.78671683328873154295	     -6.60255747804892312303	    -67.46334187662229453508	      0.51941490015204472286	      0.14880734358133551609	     -9.29783570469538922509	      0.48878350434981759909	      1.97091218629658748718	     -1.04476240006559684126	    -12.03428774666929612636	      3.31966495494763336183	      0.69330439022166090446	      9.33145844696271709040	    -15.66845718680390042721	     -1.68437578273589561029	     -5.03286036560189753430
      1.55902336899719240471	      6.39327964356901734533	     -1.14520037742480251808	     -1.15584930692573495392	      0.59581682580543371408	      1.04466995119969241479	     -0.00373166993581603443	     12.38040527845613780755	     -4.70122571742866934841	     -6.61607956444013911579	    -67.27752301829067960171	      0.60649070250372161262	      0.11409229046979681155	     -8.70656505784558731875	      0.26095699840172348338	      1.94549538928313525687	     -0.94782703367075604728	    -11.87050983927847447319	      3.37779913535854614537	      0.70099147310513643117	      9.56877746261495154556	    -15.67750237423297576811	     -1.61450291530665479556	     -5.12780727190189367093
      1.56092710052086447448	      6.39059745181341121167	     -1.17476290454968257393	     -1.08840653935428011145	      0.59562268855970557091	      1.04480725277807096063	     -0.00393504658516673125	     12.58964626660052132934	     -4.63489497276641415624	     -6.62765286468338565840	    -67.11794686144506272285	      0.70722032892472785903	      0.11770743857050412762	     -8.29394188438591761781	      0.07613361872419276144	      1.92625961329295436464	     -0.86872230109877213167	    -11.73738623903377131796	      3.41300732620142843743	      0.69600915463395041094	      9.75800928287945268380	    -15.68520296035469563378	     -1.55941538302859750154	     -5.20411152063935134038
      1.56304889009526792876	      6.38736614709481198560	     -1.20634033510957383584	     -1.01346090750780937206	      0.59540405843391164264	      1.04495129005013875911	     -0.00416077630950550947	     12.82034260913004786175	     -4.56406221923882338132	     -6.64129028059302939369	    -66.93093359865061131586	      0.84574480149328457035	      0.15758082014217233979	     -7.88435706622375498398	     -0.12895276864509894188	      1.90589025630336705852	     -0.78029252361828860263	    -11.58968484682688959708	      3.44449983628553235704	      0.68113333858482216776	      9.97379188515701642359	    -15.69381755266143585459	     -1.49939399994187438914	     -5.28818924235751985918
      1.56535923913443575373	      6.38296895540676789693	     -1.23975271878823600780	     -0.93237464339243714129	      0.59516280503584328976	      1.04509647553606122017	     -0.00440484476488970517	     13.06956862137519514988	     -4.48982728578647538598	     -6.65774199527854904090	    -66.71551174419215612943	      1.00331728383563145712	      0.22499805946316181471	     -7.46894410100330574664	     -0.35021848407934202951	      1.88404468590849583087	     -0.68462727340373386031	    -11.43108295022829068444	      3.48281675004461677148	      0.66340886560889233969	     10.19533186665621116163	    -15.70262344020954614621	     -1.43498889939153628781	     -5.37817174711553480648
      1.56765439124280780980	      6.37723625330450882842	     -1.27268699978568444742	     -0.85288611790500590271	      0.59491925171257797889	      1.04522813406591397190	     -0.00464435556763548568	     13.31617269190934038647	     -4.41798180629649195339	     -6.67666195565414710700	    -66.48825051811074615671	      1.13351017288531652483	      0.28522147251395713052	     -7.05163970275844853575	     -0.56718526122677859203	      1.86161424880330805820	     -0.59175830603605050761	    -11.27706968350658200961	      3.53930135366656406504	      0.65586954959913867924	     10.37656457882139271476	    -15.71032179914796245157	     -1.37130000210189439969	     -5.46525453391153615001
      1.56999596340892955126	      6.36994950867038589593	     -1.30638846192216551145	     -0.77356473527074509633	      0.59466635836984771402	      1.04534973354707294568	     -0.00488437626537361128	     13.56724250069346027203	     -4.34592773555443656619	     -6.69927866494740698045	    -66.24199746850396763875	      1.21303225322215935122	      0.31022742079218629252	     -6.59430754752750747372	     -0.78561242581789780814	      1.83743595980935570111	     -0.50070518379229145278	    -11.12373444523903742720	      3.62117063622541612844	      0.66490826248081380534	     10.50854779531687555050	    -15.71709609958525710738	     -1.30640118620117151593	     -5.55098806125790655841
      1.57163978589557173926	      6.36415980881201015507	     -1.33000588351827286893	     -0.71929547685153949477	      0.59448610182464456386	      1.04542784271990862877	     -0.00504974905918121730	     13.74307229607616065437	     -4.29610882070373634178	     -6.71720860912122752495	    -66.06036911474124906363	      1.23078226491947284593	      0.29753858900758550776	     -6.23821870593376726077	     -0.93755177878965501037	      1.81981353903381037895	     -0.43952357518459844732	    -11.01781215906478372801	      3.68973408761883270301	      0.68032604672677021718	     10.57620293245739873100	    -15.72142187221897202676	     -1.26109015780409028373	     -5.60899903343783279297
      1.57375890032821708076	      6.35620166133295327882	     -1.35982206123410231946	     -0.65114212974153784508	      0.59425061805781353996	      1.04552025120163372129	     -0.00525930006051780578	     13.96863940554153060702	     -4.23358302204107683764	     -6.74268603594478399543	    -65.81600887298932889280	      1.21700089857153326278	      0.25027172844157968834	     -5.73364676502622394594	     -1.13227688888240507481	      1.79708607824900945538	     -0.36388765723064525615	    -10.88229520062017385840	      3.78001247940742590714	      0.70464741000257014036	     10.65490462999000520483	    -15.72682021472588509425	     -1.20362985793626053876	     -5.68121956123248672554
      1.57576847410646769809	      6.34836725694287551391	     -1.38666972116103259793	     -0.58820932208146903264	      0.59402447679912329104	      1.04559946473769760367	     -0.00545495337996714826	     14.18060537666568521331	     -4.17718671133454400035	     -6.76888249876186165466	    -65.57456108179269449465	      1.19374912669950794530	      0.19463415877895121064	     -5.25234331040339608165	     -1.31610304269880162842	      1.77656853397211156320	     -0.29485365729155216252	    -10.75400362427294176371	      3.85486054036557224123	      0.72396338075074861962	     10.73649318365356819527	    -15.73196571356815631759	     -1.15091171837895744900	     -5.74743935963556396018
      1.57797703833669333839	      6.33956870367127667265	     -1.41389282960559858893	     -0.52061828521508191070	      0.59377328017085539980	      1.04567693730620159265	     -0.00566752787000409514	     14.41050839719208198630	     -4.11956422863781490662	     -6.79925744372557083750	    -65.29947351478674022474	      1.19443262977380171286	      0.15337232410100845592	     -4.77983959076735054339	     -1.51735673960585848441	      1.75612839895879724317	     -0.22100475825484960923	    -10.61287510294695835000	      3.91669334030251370393	      0.73383074533527437033	     10.84329474834362549984	    -15.73774803402507593830	     -1.09559459692984306756	     -5.81819735196717058301
      1.58001084627289456463	      6.33132437443059448157	     -1.43670875361792926839	     -0.45957574316112564938	      0.59353979915284738045	      1.04573916479080519792	     -0.00586165428320535500	     14.61889466836616335854	     -4.07091702244173880842	     -6.82821079081407233957	    -65.03781973233095925480	      1.24193583314825439778	      0.15599288555242940557	     -4.43501091125795454673	     -1.70192350360755195737	      1.73950169503015428241	     -0.15413068695658505014	    -10.48307905174411658322	      3.95579661183463926477	      0.73072409532416637834	     10.95384270703651985457	    -15.74319955777073509751	     -1.04714114016520465356	     -5.88179042337176483102
      1.58182709857951042665	      6.32385137723840440316	     -1.45552996290872238561	     -0.40596817136121199354	      0.59332957105168349088	      1.04578726407073885341	     -0.00603381717821728416	     14.80220166491511157858	     -4.03080523947238322791	     -6.85477055894786690970	    -64.79740776059611562232	      1.32333040801069889980	      0.19627427511418540917	     -4.19919084103634165928	     -1.86604387817263073224	      1.72613129159098721566	     -0.09507471930817168460	    -10.36781993979914417991	      3.98214410741260760318	      0.71999391175480209615	     11.05783106089893408353	    -15.74817865533364802388	     -1.00555302035987903508	     -5.93731386344461409266
      1.58356020381752782278	      6.31654883203984507389	     -1.47252918741894966992	     -0.35565633979187860625	      0.59312724844121555989	      1.04582658142257312051	     -0.00619684199725049119	     14.97492382273461508646	     -3.99496879772795709940	     -6.88112610171393868086	    -64.56152202239556459062	      1.41982449090068874042	      0.25815613068260923058	     -4.01222829540388481462	     -2.02182528288090201940	      1.71415900116707331513	     -0.03944923314075456100	    -10.25904250286466989905	      4.00669448881354384184	      0.70681801878816374884	     11.15571135021301429902	    -15.75296935304219303475	     -0.96691043703959356215	     -5.98903889148808676879
      1.58547583616409393237	      6.30793536944424371171	     -1.49070636263706779445	     -0.30123765838373262049	      0.59290120317917893722	      1.04586228525169611103	     -0.00637499579207666082	     15.16417052424528222332	     -3.95742181367000345205	     -6.91210700980879799715	    -64.29248308241400877705	      1.51878023186533761546	      0.32976770438103347738	     -3.81057191112397486421	     -2.19251010416475944353	      1.70118436650403914712	      0.02067154236323196295	    -10.14097588978947683813	      4.04085827862446045344	      0.69463115408895803604	     11.25013567894888311116	    -15.75796871605374782632	     -0.92491961991043059044	     -6.04445288032814431745
      1.58765014467034282220	      6.29702603956275641650	     -1.51104397713174409823	     -0.24146414076904851309	      0.59264096236300001230	      1.04589263226838680154	     -0.00657353670161080119	     15.37795357609341273530	     -3.91654562359950197958	     -6.95045989935436381302	    -63.97539070319327692005	      1.58372351907426600626	      0.38075342409605861249	     -3.53897132588674745435	     -2.38370293556739243357	      1.68614129123138023481	      0.08626791794524331369	    -10.01036147454347968733	      4.09546491694444103615	      0.68965868523151108160	     11.32835852577292534704	    -15.76283100960811012214	     -0.87777651692563640751	     -6.10455911257686612004
      1.59003081528757150842	      6.28354755861050850996	     -1.53311938809973336006	     -0.17905667325000954038	      0.59235119461255714146	      1.04591356629096488007	     -0.00678521378208792828	     15.61137477774343018666	     -3.87329841983158429386	     -6.99692677877464053182	    -63.61314351566368685553	      1.57006691964588562804	      0.36803393040798820790	     -3.15531997167125854986	     -2.58985570971731293710	      1.66904944478883865422	      0.15382520296495311163	     -9.87132481066128519842	      4.17568399049441563164	      0.69791555542903704890	     11.37442105413312454232	    -15.76703223744409321228	     -0.82678420682878916992	     -6.16637889865860167049
      1.59186914517194644247	      6.27227783432354168980	     -1.54973803993712744287	     -0.13329274839510188433	      0.59212421972813933380	      1.04592132064676035519	     -0.00694419178626056073	     15.79074655743451494061	     -3.84114670625921839076	     -7.03586267913607876778	    -63.32286180198394731633	      1.50488365521268097069	      0.30688320013621089855	     -2.81478878292246337267	     -2.74725836641186393905	      1.65576921228203177705	      0.20258663887666156223	     -9.76605979312330951814	      4.24886746420338656804	      0.71273520206349283423	     11.38740855527415973825	    -15.76971579329699935101	     -0.78825068965141109611	     -6.21112001330195173665
      1.59366124038158418763	      6.26089663027295717512	     -1.56496118414256746298	     -0.09058672215525767624	      0.59190079819236685044	      1.04592220844002459224	     -0.00709585539911403423	     15.96398358433142838919	     -3.81165250761503626720	     -7.07596211519496076647	    -63.03164301793811574726	      1.41986975015772265429	      0.22168885640563867900	     -2.48746471190272622209	     -2.89977922153835221408	      1.64354511966603666906	      0.24757751078216674867	     -9.66433310807735246328	      4.32213164405456051753	      0.72949009517591834051	     11.39349480617075016653	    -15.77217462347151766267	     -0.75203953155361069616	     -6.25253247197195172191
      1.59562121355075081652	      6.24820372747424190862	     -1.57978649142116411852	     -0.04562448335921652498	      0.59165470503595662954	      1.04591572039246294423	     -0.00725899280368769422	     16.15063035527585810769	     -3.78260250073431381068	     -7.12164245210958490873	    -62.70479774327254318678	      1.33929246519246514247	      0.13182072277942316618	     -2.18470517410535736147	     -3.06589614096777562935	      1.63193102190091088310	      0.29470028722181140779	     -9.55331919661433026647	      4.39392317072519666965	      0.74341909819993912123	     11.40674112051947552970	    -15.77483856363344827400	     -0.71463817660046446978	     -6.29594956892518364810
      1.59786583525778591586	      6.23344185898774760801	     -1.59386017550880199067	      0.00417322010817726755	      0.59137143175269557549	      1.04589849787965372130	     -0.00744359314876295863	     16.35978386845237864122	     -3.75449645023311928682	     -7.17543346427923189879	    -62.32099439118901784695	      1.30724554899927225549	      0.07732322903213333098	     -1.96517506382035422874	     -3.25541648427596674864	      1.62165532283641811162	      0.34704189582026839789	     -9.42602334181889389697	      4.45755727943139934411	      0.74722033113156571815	     11.44035783792930871527	    -15.77787267616056077202	     -0.67508272665729429640	     -6.34397822395782373661
      1.59982010096672366828	      6.22038522025204532184	     -1.60362776179762289708	      0.04630007421816416391	      0.59112391358314997358	      1.04587481551531791268	     -0.00760294668153835458	     16.53750444924498097521	     -3.73467161653296120249	     -7.22297185282486697844	    -61.97909422583876448698	      1.35046614652521013156	      0.09736274495013937103	     -1.90327516710303279446	     -3.41977516168792305962	      1.61534528880153560593	      0.39166949017331154081	     -9.31511454923136739126	      4.49648730343219416028	      0.73856920899643352385	     11.48504355231033180473	    -15.78045355402045224480	     -0.64335819225086265938	     -6.38456960523531069640
      1.60115877337898271371	      6.21130972937931158384	     -1.60925853241013983030	      0.07448161752711827954	      0.59095388501701084927	      1.04585392395292942069	     -0.00771131487953644317	     16.65693012574780240698	     -3.72326481484593108107	     -7.25582885567204094457	    -61.74061220860021848011	      1.41575762400754223691	      0.14991354488695096681	     -1.92603989817616083613	     -3.53196761738162345878	      1.61211915992638643580	      0.42170085577212140793	     -9.23928858773555639061	      4.51695765379827651742	      0.72756521458938294700	     11.52098315390257532442	    -15.78216633388504064328	     -0.62277498414074750066	     -6.41163559311035058386
      1.60269724750850506290	      6.20064055829818805421	     -1.61511206353779024347	      0.10619987200520497606	      0.59075783524621483522	      1.04582522054644866394	     -0.00783492647754352803	     16.79210992330375873394	     -3.71178428291525763782	     -7.29428859989771982697	    -61.46169511479819647093	      1.51360595491028759874	      0.24055729913968038058	     -2.00342776132127253774	     -3.66031808272881775679	      1.60896848277303528008	      0.45553768003664868447	     -9.15261990123183544199	      4.53796677681462412579	      0.71234406639334468814	     11.56493797100284126600	    -15.78397968186026112392	     -0.59977744337577343359	     -6.44189557190995376601
      1.60425275389491361899	      6.18935609319504376202	     -1.62075954318464843240	      0.13743573696475064327	      0.59055856837817821692	      1.04579098758596322760	     -0.00795853779635330091	     16.92712126034232156258	     -3.70137220986105841547	     -7.33460089614503019106	    -61.17362963344426418644	      1.61384919998681031217	      0.34546139629232386348	     -2.10052237106445760517	     -3.78908350653387326901	      1.60588890033326014972	      0.48868804990476483185	     -9.06590804428940977289	      4.56026874399724491127	      0.69714528260924413239	     11.60657955427135590298	    -15.78541700597680197404	     -0.57683160485438256249	     -6.47137594046393260783
      1.60583550776118055836	      6.17711538055720943419	     -1.62657698994836907858	      0.16806731120546195002	      0.59035431019507345063	      1.04575068684574579159	     -0.00808218230930979852	     17.06349522238717852929	     -3.69134208335157820713	     -7.37776074952285920716	    -60.87342151002417978134	      1.68920474942389309270	      0.43872561295195677822	     -2.17521685770293249362	     -3.91871630820125460559	      1.60241817603221448074	      0.52076051404719736482	     -8.97898027589156022543	      4.58801613801343322052	      0.68523656419581657762	     11.63996369260535246326	    -15.78624090529305945552	     -0.55350354984604899222	     -6.49986392259077572220
      1.60758987048901835770	      6.16248962551568979507	     -1.63336058145133633523	      0.20023626346996389880	      0.59012575949400114528	      1.04569957856383721762	     -0.00821572336109662425	     17.21411289136839073421	     -3.68019335902311084396	     -7.42869543672507326448	    -60.53159786050979818128	      1.71458995632959942945	      0.49542392270773516483	     -2.18776866396266145287	     -4.06056564831042798858	      1.59784607018735314021	      0.55365547597641184829	     -8.88439077567504931210	      4.62852014478458695379	      0.67952794477129940809	     11.66033117586156997447	    -15.78625899130072873788	     -0.52752844012336941315	     -6.52920189365550207583
      1.60978016118770250742	      6.14274795724622713067	     -1.64226978156397462882	      0.23718502585922154879	      0.58983710163234737145	      1.04562654088852169387	     -0.00837596638410552374	     17.40161222171909116696	     -3.66568692088435721388	     -7.49713571632018727087	    -60.09124840591801586243	      1.64322316603322460260	      0.46568569472918786012	     -2.06976254223164168877	     -4.23514169193118128476	      1.59111297630164205685	      0.58999466574826398002	     -8.76877571025932311954	      4.69521109848359063932	      0.68576511855956256980	     11.65752025647484835247	    -15.78506982659792434731	     -0.49518170073249878627	     -6.56200643322771526300
      1.61074658498276956919	      6.13364436310655047890	     -1.64616462943135366537	      0.25227943167952776582	      0.58970870681787346257	      1.04559117725491668160	     -0.00844427770748621548	     17.48394219887596889862	     -3.65922907917415951573	     -7.52877648210520789007	    -59.89247838714107530222	      1.58122522216451422139	      0.41940224002116555102	     -1.98092543133857068582	     -4.31149104698090290810	      1.58801437429365566167	      0.60431269389564035155	     -8.71847348791461662643	      4.72978046465798485087	      0.69292888986530165596	     11.64698105220109702884	    -15.78425012433040386384	     -0.48117502025734903981	     -6.57511841108828942737
      1.61240111812200415109	      6.11795992716188408167	     -1.65209607480894882237	      0.27660187794695295649	      0.58948798804038071708	      1.04552656386355913298	     -0.00855856723599158348	     17.62339138438185059954	     -3.64916993124658883829	     -7.58377618543662990191	    -59.54700018324761146005	      1.46127745505309669660	      0.32764057058234180575	     -1.83842715721618277236	     -4.44188604118880014937	      1.58336912853135358681	      0.62680234992769123803	     -8.63292705827242379257	      4.79343034402368761704	      0.70924352043325644690	     11.62106551215961935952	    -15.78288876709626897821	     -0.45825612872113496987	     -6.59600935348673456105
      1.61393448945211237522	      6.10370941992098892115	     -1.65629184636046944412	      0.29770633598394713459	      0.58928290676259198477	      1.04546253119597509773	     -0.00866206426362428270	     17.75006448429298799851	     -3.64163799072939031731	     -7.63541788966753198764	    -59.22166405679995904165	      1.35671469919511200608	      0.24537583378551833246	     -1.74580411163911453087	     -4.56293180337001569313	      1.58038524545353764594	      0.64589102469251313821	     -8.55380582953915968858	      4.85235084741013800169	      0.72562569825957945469	     11.59517620003142646112	    -15.78207279041535926467	     -0.43866427117294159999	     -6.61401179831156227351
      1.61572971618324956466	      6.08760293562981669169	     -1.65915732955775285795	      0.32113157373938272521	      0.58904278308070578962	      1.04538262183478480871	     -0.00878120137709423321	     17.89438368031069970243	     -3.63577694615000357459	     -7.69645377952167919489	    -58.83530433843296236773	      1.27246434884844150659	      0.17806314245677720698	     -1.72099468070306604872	     -4.70523441421494759140	      1.57908432828405342896	      0.66695049434706799030	     -8.46085721578909399909	      4.91380489898447958552	      0.74141991391352346508	     11.57306927731976919915	    -15.78185556883893347901	     -0.41812182999575020492	     -6.63402494243402784946
      1.61805436274035696620	      6.06750304479853319606	     -1.65935556236247094830	      0.35001706243860714052	      0.58873248709657743927	      1.04527070539067290511	     -0.00893337357473784205	     18.07441685800279174146	     -3.63352011867654089983	     -7.77613341955090664470	    -58.32715367025353003783	      1.25799682149687885868	      0.17149268338418058311	     -1.85325249195801533553	     -4.89027272665533985219	      1.58126116800633154114	      0.69333455286810141693	     -8.33965897368284281299	      4.97375241991246763718	      0.75040763499217644217	     11.56818908497311859662	    -15.78249204424294482862	     -0.39544189426258324893	     -6.65893128818906809840
      1.61995137332435290567	      6.05124741663205156783	     -1.65691567632819181100	      0.37251017042017198211	      0.58847990374745207109	      1.04517156034060243464	     -0.00905599258281354104	     18.21609702358711757597	     -3.63578143613720117244	     -7.84163985900675708507	    -57.90593712738382237148	      1.32799172321253999840	      0.24326440591447257011	     -2.08617658582376686027	     -5.04130271015799102940	      1.58593017424323878828	      0.71452561228888988865	     -8.24026359951621856226	      5.00568622669568874528	      0.74626817621734564678	     11.58462421148446175323	    -15.78321773424386087470	     -0.37978923572152256671	     -6.67849262803500209884
      1.62110805572573535294	      6.04113485613014944420	     -1.65468110199870244159	      0.38561924012494686043	      0.58832600606208607097	      1.04510737202837145077	     -0.00912963595930767202	     18.30064600783413197860	     -3.63829241177906181903	     -7.88216894901985565269	    -57.64574605091510761667	      1.39495699782486815010	      0.30799347583629721470	     -2.26108043034646311042	     -5.13306193012967248990	      1.58959221435012021395	      0.72715270429926348594	     -8.17967521789215368244	      5.01984970100649174896	      0.73942763357003604696	     11.60133700780029286648	    -15.78346858317159551177	     -0.37110336584003017490	     -6.68986540214834946028
      1.62287880821320618097	      6.02485774405775487139	     -1.65108598489080526939	      0.40453296637390301349	      0.58809014405644555179	      1.04500318985001938721	     -0.00923968893903641571	     18.42830895912575783768	     -3.64222431170033633663	     -7.94621082232530095979	    -57.24117327610693450879	      1.50286865095350385957	      0.39906164971376884010	     -2.52907742199442120423	     -5.27238471087135618376	      1.59530425993281821384	      0.74557716082147507120	     -8.08745745661858173037	      5.03922926275928872997	      0.72554902909762464258	     11.63116286291207757131	    -15.78305004106713482770	     -0.35815240389656727293	     -6.70598304165037362168
      1.62476903352988610862	      6.00595563922791519929	     -1.64758297658760310966	      0.42286327469197787510	      0.58783758136957553475	      1.04488368171447243427	     -0.00935284189733883581	     18.56319314970151523880	     -3.64560623445966225376	     -8.01746793656545975182	    -56.79983406317379746042	      1.59373417728871125121	      0.46171452031466669874	     -2.76774576588404785937	     -5.41894312261275956644	      1.60087643270041590782	      0.76342587989834642670	     -7.99035996142933768738	      5.06488740778259671771	      0.71078845336933726973	     11.65644332890160406180	    -15.78105579628428323247	     -0.34425155281091973647	     -6.72103621721714272752
      1.62676736038239000415	      5.98419772907774039084	     -1.64447189071927035720	      0.43975015477352108473	      0.58756932541483664068	      1.04474827769442746295	     -0.00946681396416341504	     18.70476773206525678006	     -3.64768425295185361179	     -8.09602580694821050145	    -56.32154374123005169395	      1.62908507725184925619	      0.46347858304451722278	     -2.91884703382121957205	     -5.57135975351699119784	      1.60590580105777935849	      0.77948093696685039067	     -7.88965765737181268236	      5.10638851325604203879	      0.70090266256714028881	     11.66187980643745092380	    -15.77718897273881637489	     -0.32934769942994929215	     -6.73410959184167801084
      1.62871726511792669356	      5.96164820488649294106	     -1.64175833137481075319	      0.45360788565249504645	      0.58730636344041031727	      1.04460804921766414743	     -0.00957222955333091215	     18.84153028151828124237	     -3.64840316932165187325	     -8.17554547274063381224	    -55.84288273976061844905	      1.59003067175322265747	      0.39233171574305386597	     -2.94874654827405979773	     -5.71816559423208659041	      1.61025132974283713416	      0.79198159586642258301	     -7.79324166274026630674	      5.16461852935278198373	      0.70005202158722001915	     11.63957420538318032754	    -15.77217951993928579668	     -0.31493896740790244815	     -6.74398368352692312300
      1.63004877039909090719	      5.94586222761546778770	     -1.63978506690468894824	      0.46165189203397649642	      0.58712633577632167281	      1.04450825568586691539	     -0.00964114865295334460	     18.93360963820168052507	     -3.64855488474608646854	     -8.23114683498659260863	    -55.50946031721863960229	      1.52642802780118880257	      0.30790007056241591732	     -2.91122199785805202410	     -5.81781803884001025295	      1.61325096272097212591	      0.79877204822399461293	     -7.72816339002248486878	      5.21286561487127642067	      0.70433001418136298444	     11.61030580606698947577	    -15.76844745283010773562	     -0.30549307804066677674	     -6.74923728901340069797
      1.63160694943109874089	      5.92738451390599507818	     -1.63685450914480568052	      0.46981109790010661120	      0.58691556178807136046	      1.04438780103636941199	     -0.00971924674612087251	     19.03931649359204669736	     -3.64917453383122580846	     -8.29700771936526138006	    -55.11315445182982131200	      1.42936719960925917583	      0.18994763378918610996	     -2.83460923403002418297	     -5.93436988136478227318	      1.61738295422940958623	      0.80525223553172198265	     -7.65238615970827762425	      5.27480381582183444067	      0.71288939215679125727	     11.56440681498888345402	    -15.76417103525115948059	     -0.29532787577499958198	     -6.75418457024784668619
      1.63310511494640686614	      5.90995393828833393002	     -1.63272811211598800618	      0.47668509414179294215	      0.58671322777962209294	      1.04426859659973669814	     -0.00979254983285889405	     19.13817656523012900038	     -3.65126546956796005361	     -8.36069903276154313687	    -54.72666020129989306042	      1.33285108635774851571	      0.07863767989116039747	     -2.75947073504424666979	     -6.04683452087339379233	      1.62278202079007516367	      0.81050420516756616074	     -7.57949864320959143527	      5.33529702028560048888	      0.72221393390437149673	     11.51390444873832841211	    -15.76049565914338401740	     -0.28711425007281526911	     -6.75819816490416336308
      1.63470063151069955332	      5.89192243903194690091	     -1.62650363108433193560	      0.48333725763053247970	      0.58649857347497391657	      1.04413808919775896733	     -0.00986948876573922815	     19.23988634694456223428	     -3.65584426601550926961	     -8.42866870580721894157	    -54.30987667345120684104	      1.24891375024251960468	     -0.01460214243798993623	     -2.70869311655120448279	     -6.16729442328703392207	      1.63056339969935892853	      0.81561277832084477790	     -7.50146289164567647845	      5.39481082829391311861	      0.73010772350647168416	     11.46206434466926715743	    -15.75719319606232993181	     -0.28040836898497506491	     -6.76216104967200326570
      1.63655913720554746504	      5.87164071536486886771	     -1.61674340649456849128	      0.49064568970990929397	      0.58625016662824136482	      1.04398131593162246666	     -0.00995844698474936639	     19.35324273087400825943	     -3.66466144350707034860	     -8.50778028929616780829	    -53.81836630039650515300	      1.20006030118180961885	     -0.06284288641027262201	     -2.71975807310670747441	     -6.30858657955051072008	      1.64243337669115807564	      0.82156934026761574419	     -7.40971577852570195688	      5.45190084576096101188	      0.73316626535629803030	     11.41365787349832672248	    -15.75411309270244508696	     -0.27527767187311352748	     -6.76684225174073450404
      1.63873674488013931771	      5.84867846103238431255	     -1.60229072401044825291	      0.49890039706542887998	      0.58596181698660076975	      1.04379074187301568166	     -0.01006213293016901961	     19.47897074257767613403	     -3.67937681405232464016	     -8.60024415074239101386	    -53.23454648531303234904	      1.22532626367960628677	     -0.01484054964108043502	     -2.84646157033890201404	     -6.47529132224939907303	      1.65970776520896268202	      0.82899031280026524993	     -7.30096072967604481363	      5.49885120991272469126	      0.72618205777979549786	     11.37999419127575428945	    -15.75128312307530009662	     -0.27239336556412963031	     -6.77261909912600312822
      1.64012626952517570622	      5.83427772801899191535	     -1.59182295302014553684	      0.50391554703596430631	      0.58577939292525171844	      1.04366500308142673425	     -0.01012763844722446537	     19.55548436187510930040	     -3.69054054977086387623	     -8.65915351286894363625	    -52.85730422643855064280	      1.28356487321547496627	      0.07291103828583798963	     -2.98322625417910813894	     -6.58208576944436352107	      1.67209944531232679310	      0.83386347274357774939	     -7.23098868236819836142	      5.51888872725718826473	      0.71644654816531183616	     11.37084653654687471658	    -15.74968015770265594711	     -0.27184074528303880935	     -6.77628872525253367343
      1.64172019360894050344	      5.81769272239438350880	     -1.57946085167988625741	      0.50911302734162044992	      0.58557146138122884160	      1.04351652690333462914	     -0.01020093665388047827	     19.64025930547606790810	     -3.70343206406545411014	     -8.72734593925583190810	    -52.41911012941328351644	      1.37219834485809588642	      0.19697845850199488527	     -3.17959559557471260760	     -6.70463205497608072392	      1.68662490343982707230	      0.83908549600486914688	     -7.15045993668817558842	      5.53681441475267099861	      0.70294187771948801746	     11.36612092637801119110	    -15.74770167281648269864	     -0.27164687631779060872	     -6.77997040900673031416
      1.64345683933477970662	      5.79897469605840232276	     -1.56667851184882733762	      0.51364213280076842505	      0.58534614026943720955	      1.04334906737429333745	     -0.01027702941113087937	     19.72999731833756698052	     -3.71557025115883421407	     -8.80297192700508013274	    -51.93365875810115284139	      1.46480068167360300002	      0.32086129391343354289	     -3.40594256041207232855	     -6.83749014112293096446	      1.70151868192171273897	      0.84354876101526088394	     -7.06293718918886614944	      5.55687977292495105530	      0.68966438976585009435	     11.35898599287612498188	    -15.74476707252788543201	     -0.27090971847910466641	     -6.78262655426514005086
      1.64532012245565151254	      5.77759959755206686793	     -1.55419996820878503208	      0.51659680871483426579	      0.58510529783590847774	      1.04316229061269094558	     -0.01035295187588749360	     19.82440107445408727926	     -3.72526090543378396447	     -8.88555221264640948675	    -51.40237450941515362501	      1.52465719576092628706	      0.40542688428738637985	     -3.60849083243019430611	     -6.97856790616271194239	      1.71592124480462837610	      0.84606233248608697650	     -6.96989823909300110216	      5.58621052592629041555	      0.68160120661314160806	     11.33980484941756827766	    -15.74015799568486428939	     -0.26920987873106294597	     -6.78325143572279021242
      1.64745727447930034870	      5.75132517931825404389	     -1.54102345649925642768	      0.51711948429325482746	      0.58482982702487640303	      1.04293902725902021267	     -0.01043190884825402967	     19.93090612493924496107	     -3.73211376908805148034	     -8.98190479848243406025	    -50.77901726314937036477	      1.51369393832646070841	      0.40570687673541450113	     -3.73851391865054116792	     -7.13832347299329139645	      1.73095637608523711393	      0.84552248189855994109	     -6.86477260612179485122	      5.63689385259716058130	      0.68403670291849516527	     11.29367004470372393143	    -15.73293696012627762570	     -0.26673576671328153020	     -6.78085194922830059028
      1.64914392830447864569	      5.72964309409034466825	     -1.53060884700731447694	      0.51549415457660063833	      0.58461314695363342242	      1.04275651140734071376	     -0.01048851779483416131	     20.01318146083960769488	     -3.73533064657789193319	     -9.05902277281732892789	    -50.27679897710945766676	      1.44564897027614946978	      0.32700048986018626085	     -3.75718979425323684751	     -7.26330269497110503352	      1.74272552687680892802	      0.84282083947363839460	     -6.78297245129711612321	      5.69108085870084323687	      0.69466481640782395957	     11.23729291915200079188	    -15.72620551825023227366	     -0.26532818521652740129	     -6.77696526137374988252
      1.65025263429538826543	      5.71519907737070909093	     -1.52330733287801689535	      0.51365772237473716899	      0.58447127929678355240	      1.04263379131752054185	     -0.01052352168207315586	     20.06597312193048665563	     -3.73707636306605461840	     -9.11015684197930042387	    -49.94212741734012439565	      1.38062219492635240847	      0.24325143430811949075	     -3.73727631968932660911	     -7.34525745741218205609	      1.75094089694138510538	      0.84031556975362586837	     -6.72962463414205736001	      5.73286982082593432608	      0.70478699211161588423	     11.19153080712896652926	    -15.72156377887678502248	     -0.26510012586097531084	     -6.77377511129392662070
      1.65177271273618431202	      5.69552543637021724265	     -1.51190822146262204839	      0.51058334200168442596	      0.58427789751269776364	      1.04246232384664527792	     -0.01057003109316930270	     20.13601043303581761279	     -3.74055661113478343793	     -9.18029613036587477382	    -49.47839252575785451427	      1.28401531046627415122	      0.11809270532454360647	     -3.67833106955909006075	     -7.45783353999612153018	      1.76377359200549310714	      0.83666012625701169370	     -6.65679237166263959580	      5.79654750981578992253	      0.72059305207216772793	     11.11968756824091819624	    -15.71530991171775681892	     -0.26641059149514345616	     -6.76921226908278583778
      1.65327797533170040012	      5.67664768009558873274	     -1.49822299573306083609	      0.50740462397351016044	      0.58408810153488521788	      1.04228937273748845094	     -0.01061571565252177919	     20.20187790502811608917	     -3.74669615020276802753	     -9.24967624807804789100	    -49.01443185988772199835	      1.19931006557001662571	      0.00745158481916662497	     -3.60452997527390017751	     -7.57012825738819561394	      1.77920780520325139129	      0.83358466476939818701	     -6.58464943325070262148	      5.86281054236752030562	      0.73548266803170392336	     11.04392314905549099535	    -15.70972120891913270668	     -0.27029788787267733374	     -6.76517236757063411545
      1.65481473598656569912	      5.65830919715716174068	     -1.48153503582220191781	      0.50446603699244718655	      0.58389650838398376997	      1.04210997606811317517	     -0.01066289234322467978	     20.26486258521052263859	     -3.75636394255631200778	     -9.32055781584172748921	    -48.53638856458106687342	      1.14121473629200487210	     -0.07222513195868250635	     -3.53876551781814940867	     -7.68603468596199501661	      1.79804611680176229527	      0.83163717759872568536	     -6.51055062745317680850	      5.92797585963943340914	      0.74671188967247614787	     10.97038641669276337609	    -15.70494756235286182289	     -0.27707799822141604418	     -6.76203542503224497295
      1.65685048570845316895	      5.63551015730364746048	     -1.45564378100983882192	      0.50134490314883872752	      0.58364660306265137013	      1.04186801787202165670	     -0.01072669357002749117	     20.34132782946097606214	     -3.77416484925904160974	     -9.41435690809539593715	    -47.89669233051046148830	      1.12500396231759536292	     -0.10123971044221315163	     -3.49735626204500960057	     -7.84171027545415011417	      1.82728700571705893196	      0.83130772658539608955	     -6.41115297400815897788	      6.00276298506876671013	      0.75170493754655598462	     10.89066614156875090202	    -15.70005760078676360081	     -0.28985099330908958848	     -6.75959640691651930666
      1.65899740184681543376	      5.61273645978140756085	     -1.42511882871950890106	      0.49860578288837603678	      0.58338813743541850787	      1.04160686224570486758	     -0.01079448940226291481	     20.41410483625018912335	     -3.79703289083113793012	     -9.51227814429955031983	    -47.21384610613036159066	      1.18137504076515598150	     -0.02636102057999506823	     -3.52382581250285298324	     -8.00804338736367427032	      1.86177763478566249411	      0.83314502642623566864	     -6.30442382471490514462	      6.06254453711546403838	      0.74332729641386530162	     10.83625641903275926836	    -15.69597091915107611726	     -0.30649068711643073781	     -6.75840175140165833056
      1.66016730013131752486	      5.60052039938872425751	     -1.40783101658642140208	      0.49696152593077630444	      0.58324945285440488174	      1.04146156248931975874	     -0.01083068885813018301	     20.45095362088991919336	     -3.81002106382597283130	     -9.56473269841598927599	    -46.83781477914189395051	      1.23508991884618191115	      0.05482807097673363106	     -3.56390096005126810752	     -8.09927305320484336448	      1.88132159743023907872	      0.83452469641937587763	     -6.24542910743868873169	      6.08717893991417113853	      0.73362692840617949042	     10.81922419474143204354	    -15.69379892966580136715	     -0.31622148196753629978	     -6.75778728284061713794
      1.66195539667992830957	      5.58157103047153313469	     -1.38202983987080840755	      0.49338395686692376740	      0.58304009729226069503	      1.04123495343615912745	     -0.01088226821812661622	     20.50448276896050359142	     -3.82740858033624364865	     -9.64380505407266497286	    -46.25612006927944008794	      1.31668057778293068338	      0.17839826361742802674	     -3.61341193842564090133	     -8.23897953837182583925	      1.91046138269542864485	      0.83586462410968065395	     -6.15425650108885680112	      6.11762105000893363638	      0.71492670188715645718	     10.80775421664715452152	    -15.68996096974884579822	     -0.33064877350548704804	     -6.75568458321418496837
      1.66389078217149410932	      5.56013386519790842044	     -1.35637523487410094347	      0.48720227794768145024	      0.58281673723794302777	      1.04098302183811108890	     -0.01093051106663125126	     20.55962479235540740774	     -3.84006303785119973426	     -9.72737264595185990856	    -45.61548578762968020328	      1.37313939520159511432	      0.26698156232242181707	     -3.61177947985168268374	     -8.38994955853380197652	      1.93938297393271619207	      0.83492274697453927601	     -6.05468114721341610363	      6.14835644122209945550	      0.69463758143327503092	     10.80534846512924751494	    -15.68449919874902498407	     -0.34438719554612157170	     -6.75064551254849831707
      1.66571209454827151575	      5.53893471541860726859	     -1.33416031720818373252	      0.47901435008186998843	      0.58260935214743447830	      1.04073944402005036380	     -0.01096834534848553817	     20.60927232531479802446	     -3.84616774555176776929	     -9.80359937610802489871	    -45.00176205050753708292	      1.38047832049375962526	      0.29190498224016847573	     -3.54466355938331378894	     -8.53146670098798054482	      1.96437289955571436906	      0.83144043398078670837	     -5.96089087330982270174	      6.18377222436581686082	      0.68038534526536942337	     10.79913703929844359664	    -15.67798412643130490096	     -0.35585838943599168438	     -6.74319743779534164219
      1.66650495036114998371	      5.52943136949088831500	     -1.32480936056010767388	      0.47478285053054808396	      0.58251982666965529400	      1.04063148723794185457	     -0.01098270498807288505	     20.63024120262254257341	     -3.84743042121973211067	     -9.83604109864360509619	    -44.73136510226574813487	      1.36620621345936732460	      0.28269897198721316567	     -3.49117556049261335005	     -8.59288498169632575241	      1.97487585611611682346	      0.82920897013961569755	     -5.92023283686178203311	      6.20309541379311824016	      0.67663167499432441687	     10.79211160303846384068	    -15.67478635145627130498	     -0.36068918130153981849	     -6.73925915709553979838
      1.66825830205279213025	      5.50807209317165114015	     -1.30401404784849273000	      0.46437707127689681341	      0.58232348482209650431	      1.04038882945785893241	     -0.01101086412036336379	     20.67491591542302842299	     -3.84848829294033167869	     -9.90642790699436126545	    -44.12698411196682002355	      1.30132902517288817634	      0.22238239150979788317	     -3.32822678734504551201	     -8.72847121446458729110	      1.99818400159311604369	      0.82326058296020121485	     -5.83098219306905640735	      6.25685275085507530690	      0.67470111177867486685	     10.76247471886726891910	    -15.66722591306820433488	     -0.37180601538573310183	     -6.72964477864957100195
      1.66998328764336467778	      5.48710798124269061304	     -1.28226482169049726956	      0.45356124823128202150	      0.58213291166859815196	      1.04014526740060397891	     -0.01103555546451877659	     20.71565597878161213430	     -3.84918321060431489755	     -9.97445093097776869229	    -43.52480722151040737344	      1.21478374215535223080	      0.12490836506702578113	     -3.14088027766366417737	     -8.86202347191169081952	      2.02245608158397205401	      0.81714724909395464181	     -5.74421320891822695387	      6.32552732643087800568	      0.68123611260540861689	     10.71190023094848875473	    -15.65967896172067774785	     -0.38435581993093287378	     -6.72007372448456496983
      1.67160180553271331405	      5.46799618314609947589	     -1.25940862586298241155	      0.44382179681385969250	      0.58195685119369955363	      1.03991280910515615510	     -0.01105853676632922653	     20.75010167624682111409	     -3.85222212113814110879	    -10.03751191348337634679	    -42.95452627737123663110	      1.13790643500827459711	      0.03820089343876405252	     -2.96586012944195065444	     -8.98797793627301722097	      2.04788212163916716335	      0.81248158075693810432	     -5.66373704838069969014	      6.40367138480725905936	      0.69372437551594778871	     10.64134135243347500932	    -15.65304998494142374454	     -0.39869504051277343537	     -6.71222993913956500478
      1.67358518330392591622	      5.44597902290917179613	     -1.22644021922567092453	      0.43353504993644670362	      0.58174517442482376328	      1.03962350398427139098	     -0.01108960051884250349	     20.78626571777036247113	     -3.86251550892344441834	    -10.11418986061899261131	    -42.25054892952599061573	      1.07770168165839219654	     -0.01087731639193501021	     -2.77910006704966550117	     -9.14388414062854693043	      2.08448814368128498842	      0.80987560483684661872	     -5.56598366160452240337	      6.51077024995254127759	      0.71255678122701837651	     10.52859631967986331347	    -15.64624946155650064838	     -0.42117171078958143271	     -6.70563365249928988732
      1.67544574076422181363	      5.42692390660810097813	     -1.19069357839579281766	      0.42574871422940979704	      0.58155098503410851407	      1.03934818007802620698	     -0.01112193508200480865	     20.81379156669236962784	     -3.87855661691358699628	    -10.18580542513453579545	    -41.58515688392724740652	      1.06201259165289663144	      0.00460915030418144415	     -2.64536426947159242218	     -9.29206539449298318800	      2.12411672439714571681	      0.81096175730996755693	     -5.47432008338806674885	      6.61056135715313519796	      0.72724075898552653641	     10.41560834869460805407	    -15.64138354081602599877	     -0.44694298383492470084	     -6.70262306681136355024
      1.67736135237349581750	      5.40862958013374228727	     -1.15046062269763660346	      0.41899883771986912162	      0.58135568984432306472	      1.03906069825993729872	     -0.01115674806475625697	     20.83611487504037285134	     -3.89906652134517939245	    -10.25854402563920864111	    -40.89441093295873486113	      1.08008666307904999115	      0.07159553705374999133	     -2.54710729321865425590	     -9.44655669582016344066	      2.16868626486019122623	      0.81491410805651598448	     -5.37900635957204809046	      6.70121295475787981388	      0.73382867295561771126	     10.31157040935946511695	    -15.63753583640714595049	     -0.47679596071921709344	     -6.70176051077637069397
      1.67928079837022226073	      5.39108161937980234768	     -1.10860481929351806230	      0.41230685267357969348	      0.58116477607138794514	      1.03876813059702466369	     -0.01119013375909024000	     20.85338905342836213208	     -3.92010389013343374387	    -10.32885179259742258751	    -40.19560955157312065467	      1.11552311990298269606	      0.16739777656218499113	     -2.47296004047856454733	     -9.60302920921861868919	      2.21507130916759731321	      0.82020896856981917455	     -5.28173803390077534203	      6.77245910537451578648	      0.72890217832201475989	     10.23408424688821405368	    -15.63419362561309000625	     -0.50829252222887166823	     -6.70149655778915587234
      1.68065986553868174092	      5.37862952419831152895	     -1.07860939472607486600	      0.40678688024267495305	      0.58103051741275946185	      1.03855483308751583849	     -0.01121133084920850932	     20.86331654276585467755	     -3.93351493659965045779	    -10.37673360323347715450	    -39.68893356360499069524	      1.13948773038471751207	      0.23819423196573338841	     -2.42200742342443930966	     -9.71627903728506936432	      2.24835242850366601175	      0.82386214256981771253	     -5.21049691181771557069	      6.81035934345312909954	      0.71825986444433964628	     10.19812437773366120553	    -15.63172765217825954664	     -0.53099103755317211828	     -6.70068712639196562009
      1.68264084097084154479	      5.36026080172469665541	     -1.03708048744520353601	      0.39680418424684049672	      0.58084177443410145436	      1.03824293945266510342	     -0.01123513971632283080	     20.87516628070044433230	     -3.94757374826215512442	    -10.44022392548709454729	    -38.95383031107532900705	      1.15463019608209127576	      0.31966908777535946173	     -2.32483762269574167902	     -9.87947268188063176808	      2.29452441033844278806	      0.82754926438927955967	     -5.10634935711939252911	      6.84984780811146087842	      0.69581436238246063830	     10.16416722280719220350	    -15.62727582899168154995	     -0.56241741173404824483	     -6.69729190273644370279
      1.68462614695146850607	      5.34055202391291494735	     -0.99774716778152061636	      0.38404624508085916101	      0.58065723752949760517	      1.03792263934189055163	     -0.01125015648493905840	     20.88526314764121494250	     -3.95459443951668854211	    -10.49684998344056907627	    -38.20839877210369195382	      1.13742453769606255420	      0.36166651539129929249	     -2.18948115988291736045	    -10.04258210349042101939	      2.33835596850759541709	      0.82888071729920476116	     -5.00087133021657859189	      6.88126337477063643178	      0.67065563730616395421	     10.13909234672747139427	    -15.62091971528486489262	     -0.59215963165682639069	     -6.69086546051466246610
      1.68656460621222437091	      5.32016657004684212495	     -0.96056424087075653606	      0.36977972789330898484	      0.58048135567748060382	      1.03760232759720927298	     -0.01125782027988144612	     20.89316001075463447023	     -3.95626238376078687153	    -10.54617631477482930791	    -37.47252811942244932197	      1.09173610605869608747	      0.36012649975664712265	     -2.02666163695209844420	    -10.20106442919328770813	      2.37975550462148266462	      0.82876356194554845480	     -4.89836494035117642198	      6.91761215274188323576	      0.65090467864284129451	     10.10591949832073233040	    -15.61303807220126849131	     -0.62040830739576791064	     -6.68277297290243676997
      1.68855110126960084038	      5.29891860800729030956	     -0.92207739948759936954	      0.35483443399927971917	      0.58030559507328616231	      1.03726717468853579796	     -0.01126154229276073518	     20.89794701425798706396	     -3.95563001371889821911	    -10.59241860808817214945	    -36.71103763766378591527	      1.02893509277047723316	      0.32213653652913726289	     -1.84764658505191015081	    -10.36309140700163844429	      2.42236392381329546097	      0.82885012515473488470	     -4.79528053295392098221	      6.97497965750298920540	      0.64260831581953570257	     10.04398699184615573188	    -15.60418202709928259253	     -0.64996675198539566320	     -6.67452138183713739039
      1.69038761780300217374	      5.27985415905079502608	     -0.88473858263677507274	      0.34205966702915602262	      0.58014737879125655162	      1.03695214842835681246	     -0.01126406001661281291	     20.89803276297569567532	     -3.95562727597363705812	    -10.63296218206490451053	    -36.00139895646477583568	      0.97308182511422214311	      0.26625229767584368545	     -1.69333723698007543312	    -10.51326639459212763938	      2.46333694765340416311	      0.83058854641474999525	     -4.70254291129005430605	      7.05577455149605725637	      0.64968800611318455740	      9.94843698394140574237	    -15.59631178946437835009	     -0.67904667811786356690	     -6.66857664186076259938
      1.69258207260363824354	      5.25871996933666174812	     -0.83601491343123068845	      0.32943917485432860914	      0.57996397502941410274	      1.03657023509777213022	     -0.01126910230754399160	     20.89142959678239463983	     -3.95977700774603924572	    -10.68017727135581829145	    -35.14794873532634511548	      0.92961605582208295395	      0.19393081347598478681	     -1.55606497231949014726	    -10.69405436086677774199	      2.51629826837654668736	      0.83648720775587981358	     -4.59524338256954933968	      7.19318541148618439962	      0.67717573573306888424	      9.77135631353779210428	    -15.58834503326490228403	     -0.71769929746495431111	     -6.66535905580798804237
      1.69454822888231415590	      5.24161844315606817446	     -0.78714946709775424072	      0.32100672693666920665	      0.57980485816678517530	      1.03622367007920024307	     -0.01127707728678759708	     20.87907448822825173806	     -3.96950420999030795244	    -10.72151468365432336327	    -34.37921335975166670096	      0.91979104734653971409	      0.13966279633460318421	     -1.48950012490034633394	    -10.85769858288260358847	      2.56909671183556431728	      0.84642313295363369452	     -4.50137609888715672923	      7.33731666995991904656	      0.70907281571590019542	      9.57850936659750651359	    -15.58291514198634253319	     -0.75732438423841785813	     -6.66684987049768373879
      1.69636089629046593608	      5.22737215860331350115	     -0.73795034731394981709	      0.31518565309686041864	      0.57966257878187099628	      1.03590106189993358399	     -0.01128687626862216048	     20.86247660845586082701	     -3.98316040181259234387	    -10.75793124519396570804	    -33.66710461150385924611	      0.93139740085701905326	      0.10775576485271350091	     -1.47200159691739584922	    -11.01027287704302182192	      2.62217473256642419344	      0.85938029712892860523	     -4.41513236887109350448	      7.46430355671138467955	      0.73219086331724791972	      9.40905717466480773226	    -15.57932023543807531496	     -0.79785695203088635719	     -6.67138929058076790568
      1.69819012436565364155	      5.21415127269215794570	     -0.68536250351880045883	      0.31028013723564729087	      0.57952334615932921125	      1.03557256465825608949	     -0.01129756733629827883	     20.84129550518579421237	     -3.99982373321185669113	    -10.79159240241083672629	    -32.94492874964935680282	      0.95364815393300361723	      0.09828602864323734978	     -1.48540602109451413959	    -11.16591973243919966308	      2.67898554193650273447	      0.87522412382294745292	     -4.32699622040177978022	      7.56884305013112079763	      0.74042116782506084416	      9.27474299958108616693	    -15.57668132943752503650	     -0.84163107984710949783	     -6.67786781958295083683
      1.69992357365876434194	      5.20223223103202858653	     -0.63412313665958308651	      0.30553607545423244751	      0.57939544524786679158	      1.03525821209985080529	     -0.01130657417292748115	     20.81794883680879948429	     -4.01627363843705875723	    -10.81919498349445696306	    -32.25701163833526408098	      0.97330001436014523808	      0.11187230443061156604	     -1.51185895179771523367	    -11.31475097153972875219	      2.73451414511398249729	      0.89153718847442731121	     -4.24164311625568402064	      7.63743288586747759439	      0.73043051606676756560	      9.19580271981399555159	    -15.57455180697231611475	     -0.88454304930189475709	     -6.68447233948935526371
      1.70098803181927071826	      5.19499722526685925317	     -0.60259004260658977081	      0.30218763859727854060	      0.57931886469641602488	      1.03506345022024337510	     -0.01131068058115930475	     20.80239478855023449455	     -4.02570141452655239078	    -10.83350445681094953443	    -31.83278010194014129297	      0.98095436705952232526	      0.12796968796568386484	     -1.53986615949420824201	    -11.40663915213333190479	      2.76878657752314172313	      0.90159854092096625156	     -4.18822608106445581910	      7.66485694799091721308	      0.71603704042126992135	      9.17120705301895888795	    -15.57317217010071352945	     -0.91101594652908746141	     -6.68822305016048002102
      1.70274623840632810534	      5.18264233727874401580	     -0.55142458531215055029	      0.29544244729951690820	      0.57919563719939015645	      1.03473796608288171051	     -0.01131364760127307779	     20.77542589818630247578	     -4.03840151601282659755	    -10.85193410039132722034	    -31.12891038363243723097	      0.98333038479623846584	      0.15583435467574185962	     -1.63442732879626517750	    -11.55862304282785046894	      2.82453512215313384814	      0.91740225289091981153	     -4.09870664223141289995	      7.69209585427846409544	      0.68246664668166701073	      9.16159660391897823217	    -15.57012969946060110260	     -0.95397066629235305335	     -6.69318537776305610976
      1.70433171191792731669	      5.17049925147155331473	     -0.50667395039604878892	      0.28798503707004791119	      0.57908784791242673418	      1.03443932555882200930	     -0.01131188888640118594	     20.75053092240018415282	     -4.04628354975306780972	    -10.86274397646889156022	    -30.49110923451793198069	      0.97157146652325976355	      0.18007801553966545915	     -1.75936959085202992981	    -11.69502063568537586491	      2.87338692211981339142	      0.93036941281512874902	     -4.01765392473673887963	      7.70897047107319632886	      0.64837898270356730812	      9.16932438325038923210	    -15.56592167617831279358	     -0.99147058320212388960	     -6.69618321140812255976
      1.70614691551681318948	      5.15525754703527638867	     -0.45691763171354837780	      0.27833138224923004156	      0.57896814712474753417	      1.03409082312060363051	     -0.01130531950525284594	     20.72157495885598876839	     -4.05153715045830242758	    -10.86876325497733120073	    -29.75779724424673844396	      0.94253623215858228779	      0.20331724293985928287	     -1.93392694483168425812	    -11.84979367354142176794	      2.92764420806206615566	      0.94385016183936920608	     -3.92613376363188004703	      7.73806465758799522092	      0.61545866417203431986	      9.16949400217652055289	    -15.55921530673904484843	     -1.03303184739857667473	     -6.69841401115777834718
      1.70791481766308428369	      5.13950415899050128132	     -0.40935549214401728557	      0.26868670487393725432	      0.57885530783507121999	      1.03374504174651260513	     -0.01129562759208570591	     20.69224309280516038712	     -4.05390352035820811238	    -10.86909512444973202605	    -29.04095546726734511367	      0.90326200184028071494	      0.21732075065360903499	     -2.12345270119861728730	    -11.99922039109652160960	      2.97921981046898931567	      0.95626996549454190699	     -3.83975463550613005381	      7.79372439058874544315	      0.59937717044272464939	      9.13449448630227855972	    -15.55129218436288418559	     -1.07259973820956555635	     -6.70038424295579027046
      1.71000395200088584069	      5.12095317350658429945	     -0.35301747114087012047	      0.25832463988841380953	      0.57872680934997444702	      1.03332997252633518315	     -0.01128222277079258401	     20.65452469565329352008	     -4.05526409601117077131	    -10.86402089031895989990	    -28.19138715775050130219	      0.85371145060140518623	      0.21721246272588959347	     -2.35691589394115386114	    -12.17515671161973145331	      3.03968117232102930103	      0.97145723494238278573	     -3.74216100989481637029	      7.90699049768615402911	      0.60767763728524504252	      9.02829466183739448581	    -15.54156849225626935151	     -1.11931610196824471437	     -6.70406588043265205812
      1.71174295686529842619	      5.10665029738027431705	     -0.30473365134999014225	      0.25151379251608596554	      0.57862402339820717678	      1.03298075195982574925	     -0.01127145601980832426	     20.61921436687863007364	     -4.05736777976164919579	    -10.85661203020527665331	    -27.48319344981367251535	      0.82396353186746928987	      0.21061581629663744808	     -2.58237832070050998823	    -12.32223469497750478752	      3.09089980049826440478	      0.98591015785121816073	     -3.66447469003170578361	      8.03988046131197187094	      0.63609816298298038628	      8.88510863881958457000	    -15.53442112496291294121	     -1.15933217733297433405	     -6.70948991290106633301
      1.71345063620244775215	      5.09406222573875044901	     -0.25492979352315398023	      0.24687412978835365784	      0.57852677980214262110	      1.03263541357011723321	     -0.01126251758645227530	     20.58062864293524185655	     -4.06207205973576535030	    -10.84707237278283820103	    -26.78783179935308922381	      0.81413669289321000111	      0.20678597825865888127	     -2.85505550795501106265	    -12.46777631843605504969	      3.14329894207721327604	      1.00290347101479904168	     -3.59052748400007448737	      8.19100911630357941817	      0.67481233271271834351	      8.71435732782192040702	    -15.52877566766586703295	     -1.20076607817080693863	     -6.71763110785239270228
      1.71513718157493477712	      5.08297367963777535493	     -0.20298361674826256862	      0.24408458577754332808	      0.57843418748715969002	      1.03229232826954553381	     -0.01125517818924962922	     20.53904336969810984215	     -4.06964032267695063894	    -10.83490349464283220016	    -26.10155248069549571710	      0.82068634347705804455	      0.20159406729460516150	     -3.15707408943658984768	    -12.61268061518595828829	      3.19771726531563338369	      1.02294434863129501956	     -3.51857331088875513458	      8.33897288591109564493	      0.71147082856609011881	      8.54832868582685101444	    -15.52447766408945817318	     -1.24427486944526433099	     -6.72833438892814861276
      1.71686852910932552518	      5.07277209251969285475	     -0.14694584539699043213	      0.24255044302665385025	      0.57834255310860549493	      1.03193825803571725963	     -0.01124845380356607853	     20.49326663804332682162	     -4.08000005778793806144	    -10.81868348170269555908	    -25.39761232590817741084	      0.83662999885240907361	      0.19089955552621024060	     -3.47944971773238398427	    -12.76263442709705664413	      3.25637037848527599593	      1.04687972577759746962	     -3.44455926862659422838	      8.46829118151421411653	      0.73569560100620934318	      8.41260612549340791588	    -15.52116658954960293215	     -1.29155894807278226466	     -6.74153571736200607489
      1.71891767725051347604	      5.06201748872989654160	     -0.07785705313138641115	      0.24163870358560116114	      0.57823842412843373673	      1.03151710290572329320	     -0.01124023329099802307	     20.43560553613646746385	     -4.09441511892586884613	    -10.79350144420022417080	    -24.56497121171867448197	      0.85363143469778235417	      0.16819166925686926395	     -3.84626222118751348589	    -12.94172410238326875742	      3.32879118122891037856	      1.07894052513705140939	     -3.35545637470958224569	      8.57133736183049954604	      0.73600466442720624549	      8.32853598404758876939	    -15.51843787615574576932	     -1.35024706396068694403	     -6.75904548483532607861
      1.72044717225405552341	      5.05487281262142396088	     -0.02507367659056415968	      0.24111777725644714665	      0.57816371928279841619	      1.03120154733379609802	     -0.01123310202943157178	     20.39028373939887472943	     -4.10574415319224161891	    -10.77004163637871414494	    -23.94362361547044315557	      0.85623968530977456748	      0.14530206047091603905	     -4.09271442147992825511	    -13.07660712060364183174	      3.38423443565884385364	      1.10476596585853603649	     -3.28750050288171413726	      8.60804407696176987486	      0.71401047603478418058	      8.32764037271763868375	    -15.51717899868123140550	     -1.39525293946948036883	     -6.77278954658952514478
      1.72229929126875669354	      5.04706010340732724728	      0.03930736398648165819	      0.24038631528793652503	      0.57807671868558319073	      1.03081785326992392271	     -0.01122269634317105136	     20.33304351869017168042	     -4.11908875959956066737	    -10.73624137670940825728	    -23.19141704084114508078	      0.84472745951782135521	      0.11544875092063139332	     -4.37613006172312690722	    -13.24109637479983270225	      3.45191387021179307837	      1.13723720344784529068	     -3.20400240932684754469	      8.61412035563912503733	      0.66668199450224696623	      8.38975901430401549419	    -15.51633031767978998516	     -1.45015984052109336844	     -6.78969139493358042614
      1.72365820487187471066	      5.04143240178272389329	      0.08639192126131343963	      0.23978749371535595936	      0.57801521814189149584	      1.03053428576553574025	     -0.01121371057796705269	     20.29001427883928343476	     -4.12821563748693254325	    -10.70785483225793299766	    -22.64000173283413275271	      0.82648759441102048751	      0.09648226185862446291	     -4.57589999124784352347	    -13.36182503941189025909	      3.50133850819139302857	      1.16130869239655876157	     -3.14295523304080637317	      8.60524270807516522552	      0.62536769325347840720	      8.46009217001488877941	    -15.51562500546289768977	     -1.49020423055412765123	     -6.80216472989636233848
      1.72517970300649614579	      5.03471016528030901327	      0.13866911215092181386	      0.23920558591399337933	      0.57794858524996417515	      1.03021355548552917547	     -0.01120239427079988692	     20.24149981072942239280	     -4.13763540415785957549	    -10.67275034340468486960	    -22.02374791874989767848	      0.79922890385896083743	      0.08276768314425234085	     -4.79084814802218872387	    -13.49611977409590224397	      3.55598720945398660831	      1.18797579036143363673	     -3.07629345611464222188	      8.60055287050826322570	      0.58344935336499936795	      8.53544381468283219760	    -15.51415225045752244171	     -1.53445440990457915298	     -6.81628336320994510089
      1.72683506770674610742	      5.02655972919686089284	      0.19486677534689827995	      0.23894756596889915601	      0.57787867129560233082	      1.02985976577237736684	     -0.01118882751101500823	     20.18879723272160831016	     -4.14696693146035588740	    -10.63091228675107835500	    -21.35551729036596668720	      0.76718116471218555930	      0.08075922906265743662	     -5.01671896301654296479	    -13.64045707302202181666	      3.61427037763434189088	      1.21621612415168933730	     -3.00736822578184792576	      8.62323549101933473082	      0.55565304097865653166	      8.58056936681289528224	    -15.51135329572075605142	     -1.58168645949310571197	     -6.83205422959433317232
      1.72893742063647093410	      5.01504717357456097915	      0.26528965094763867771	      0.23960880316566240955	      0.57779374766700242194	      1.02940280249770510501	     -0.01117013030156807987	     20.12203861816700012355	     -4.15773670611110901518	    -10.57259954586650607666	    -20.51165954666821988894	      0.73383014777164179421	      0.09964561044271751100	     -5.29742293825018784048	    -13.82088297356433237439	      3.68637101911285336442	      1.25068228315705254339	     -2.92679842579323334917	      8.71858093599729322420	      0.56132843372517871039	      8.54364309703391811013	    -15.50610710314651008446	     -1.64031896711253177834	     -6.85312836261540603289
      1.73068201030912893756	      5.00514425527383544079	      0.32325641749255151769	      0.24119263001810489766	      0.57772668506136892752	      1.02901801542799331557	     -0.01115354919850009875	     20.06619549770488930562	     -4.16611824945244357821	    -10.51962326744125064693	    -19.81647036256674354604	      0.71989392375758343157	      0.12983291680850478356	     -5.52856845780817973690	    -13.96892663316308791366	      3.74488127226570011175	      1.27844942162042340961	     -2.86569705610975233867	      8.85846911407245407588	      0.60219913647769363063	      8.42447541222246343295	    -15.50103471092044316038	     -1.68817528886376355679	     -6.87177120665317797688
      1.73235870412564274545	      4.99617879138199949551	      0.37892045218354525327	      0.24353975593039475789	      0.57766533162901079201	      1.02864506090409246752	     -0.01113661181020633370	     20.01126393890672616749	     -4.17395101395229772834	    -10.46430149765362216385	    -19.15311920117776267602	      0.72082868692659962662	      0.16510110322937146532	     -5.75313296546352059835	    -14.11105308575499783785	      3.80047428753115523747	      1.30514152857084098081	     -2.81048429755534234786	      9.03215326492286507687	      0.66363957193578571037	      8.25112384317599811823	    -15.49650225699528860446	     -1.73390353548833298092	     -6.89070128440963269867
      1.73416920699060650435	      4.98761924130344880268	      0.43944899463228465075	      0.24664210242777420690	      0.57760249982644551459	      1.02824046295057702771	     -0.01111681697347706617	     19.95013928684691251192	     -4.18237409593095499361	    -10.39872100483790084979	    -18.44218108550999701833	      0.73268041075790635297	      0.19867485874678011970	     -5.98956067091174659822	    -14.26534483016299326152	      3.86057306765818220029	      1.33502382629014704207	     -2.75243702416099944585	      9.22976614217895274805	      0.73489519711157436088	      8.04753393426481800077	    -15.49258037955824285348	     -1.78358485570451352764	     -6.91204937700204258277
      1.73605723830149072384	      4.98008479042079610366	      0.50360041929032239860	      0.25015465490462063247	      0.57754053713916098101	      1.02781775446947221120	     -0.01109422757411690497	     19.88440664180975758768	     -4.19146311086533174262	    -10.32294945931977991904	    -17.70650974068987437704	      0.74642655011196890058	      0.21556197200407692383	     -6.21285675869893694312	    -14.42766899845388728352	      3.92425477902773067740	      1.36873000539739808623	     -2.69126985391264961223	      9.40468708277485099245	      0.78989815444039424008	      7.88044874369346182164	    -15.48977946698317076368	     -1.83641018524403132339	     -6.93512505262436285136
      1.73775544019483407787	      4.97457034173571432945	      0.56247468699850089457	      0.25342403558666504182	      0.57748766913475213514	      1.02743775004134496598	     -0.01107222048062632067	     19.82358158428276695417	     -4.20014467236763788804	    -10.24815622740338838526	    -17.04953530393613192473	      0.75038667765312538904	      0.20703206666939372171	     -6.38022031088686070177	    -14.57511780900768627589	      3.98288774483842855645	      1.40217993656692452298	     -2.63435922578886660972	      9.50702825756452796213	      0.80669233922151850624	      7.81152599750635889819	    -15.48848123190793657500	     -1.88511689545905891663	     -6.95653405427146420692
      1.73984404225753297446	      4.96946405093848753154	      0.63636842794753678554	      0.25770204981218747253	      0.57742610255340964809	      1.02697143188114292656	     -0.01104333299503266336	     19.74651052644052384721	     -4.21165858903629963805	    -10.14828554681763783663	    -16.24741917323577666821	      0.73507177590838812531	      0.16323584794452983271	     -6.53230203040793444558	    -14.75832356515483034798	      4.05674600066786528174	      1.44784893657420132840	     -2.56151819725610696565	      9.54596257281248483650	      0.77676755163846444852	      7.85599389900405764564	    -15.48855709136902802925	     -1.94646348445251127224	     -6.98381227527100101327
      1.74092016020054063397	      4.96751864448696345278	      0.67493824553079462270	      0.26015670298832982432	      0.57739578763317589427	      1.02673164741439237879	     -0.01102791463250609241	     19.70584079109599429103	     -4.21797982239453705944	    -10.09403249716515560408	    -15.83670570372240682389	      0.71683877756882075083	      0.12850855536980576588	     -6.58294737186125278328	    -14.85335739031921242770	      4.09533324181519819973	      1.47321480231750623346	     -2.52317375516299380322	      9.53201808479699508325	      0.74181071700644307665	      7.93022299199544633552	    -15.48928764822510473209	     -1.97849139391770401097	     -6.99837248200058770209
      1.74244341963991811184	      4.96526956010877995595	      0.72993466756569691523	      0.26423971234195836599	      0.57735436822644303767	      1.02639218266425502613	     -0.01100597165541974086	     19.64749905965926046747	     -4.22751315176641373483	    -10.01493285800371779715	    -15.25870290465135425961	      0.67973758797062766579	      0.07112456354303862971	     -6.61211546546059736329	    -14.98799795371728471594	      4.15021906571294607602	      1.51092832188917958192	     -2.46913585179534988967	      9.48636403367567027090	      0.67772119170337496996	      8.07758623233493544546	    -15.49081160462657003052	     -2.02403719743089860472	     -7.01983015943498678268
      1.74400534184613853483	      4.96297716255895782211	      0.78654135028322325063	      0.26953663059991861406	      0.57731354177391713822	      1.02604267059779497018	     -0.01098384093374932778	     19.58753655433097762284	     -4.23809982954387987064	     -9.93211053644306574029	    -14.67116089937923639752	      0.63508794469508622615	      0.01271626175436099161	     -6.60321149530124174021	    -15.12506813385902404434	      4.20628943205691907536	      1.55111295047745700870	     -2.41597175264747932033	      9.43183187152539659337	      0.60853082866245788995	      8.24410545126864136023	    -15.49230246490325413333	     -2.07060802271239152716	     -7.04314876325932814893
      1.74549899855999801623	      4.96020903324009587720	      0.84050619613847710188	      0.27591677571013123460	      0.57727592449644338224	      1.02570560889906836621	     -0.01096331225067212999	     19.53092069325508006727	     -4.24894081765889186642	     -9.85224773475513160292	    -14.11546345831143689509	      0.59585226413281622282	     -0.03079287118239276699	     -6.57525730565998234312	    -15.25409727211156152293	      4.25907043992465794702	      1.58998816728990277625	     -2.36934644077544831475	      9.39998937401098899613	      0.55586766078987559503	      8.37601262125547307846	    -15.49299492730392735496	     -2.11455677559627686080	     -7.06684921271640043017
      1.74705023069362308519	      4.95635743686015217691	      0.89599420467945167790	      0.28401644058579417207	      0.57723827767243129916	      1.02535154248685866918	     -0.01094267114785438255	     19.47350971263543328860	     -4.26076204907334243899	     -9.76929399690302524562	    -13.54596486936064891893	      0.56835287948635360156	     -0.05255865995046288958	     -6.54394376693020340952	    -15.38523217412761923129	      4.31241339738305828888	      1.62980568567560246684	     -2.32693264551539336082	      9.41264901359408590054	      0.53013906670870725168	      8.44701023435683318041	    -15.49251587773026628270	     -2.15915533406850856935	     -7.09291684274296585500
      1.74892580294852906242	      4.95035532769575148393	      0.96193570398220773487	      0.29567760368140200145	      0.57719478107054367211	      1.02491763500026933364	     -0.01091824423758775732	     19.40623083468062759493	     -4.27545616826442298475	     -9.66918817606281244537	    -12.86890752585633102001	      0.56236061721248165046	     -0.03831995348696090598	     -6.52292244014240729655	    -15.53979635112386148421	      4.37439450665371776239	      1.67620152255818433140	     -2.28460509551842250175	      9.50883662050253342102	      0.54896999363060638988	      8.41358541371834256495	    -15.49026261385983893604	     -2.21127493718272027934	     -7.12616920688508237447
      1.75006123700949633992	      4.94624018536159137938	      1.00114568523664604349	      0.30353737261793045654	      0.57716964322260633224	      1.02465228128777430250	     -0.01090337507083772618	     19.36643346775119312042	     -4.28435012443689089423	     -9.60841276006989630787	    -12.46532178897100529014	      0.57459669877689334427	     -0.00784451495918167888	     -6.52484208701472123693	    -15.63166590229367614029	      4.41051990490568268655	      1.70318855058744156317	     -2.26330721958987268749	      9.61023280145367664318	      0.58610626372656526861	      8.32859388118169974291	    -15.48825512831794704027	     -2.24180932716601688526	     -7.14700546785134793737
      1.75177635922601382390	      4.93977927175072561994	      1.05921840290393909356	      0.31601232847054944175	      0.57713359722319435008	      1.02424869004731156075	     -0.01087986773155314411	     19.30720054448878286735	     -4.29724170049934262039	     -9.51532263630252472808	    -11.86429640045855826713	      0.60902140704918517056	      0.06191519027873175485	     -6.51955427344457660865	    -15.76898213690484773508	      4.46315183798744463672	      1.74247003894054608431	     -2.23563603233582508523	      9.81351777682790249457	      0.67001909224622080430	      8.12322090698241439100	    -15.48477011070752418220	     -2.28645487014076120857	     -7.17892392445175619997
      1.75333236998311625676	      4.93380415439634134600	      1.11075305295755821788	      0.32708317615290294356	      0.57710304338073992181	      1.02388057468885840251	     -0.01085610746911420607	     19.25438904009589791144	     -4.30785173657376763146	     -9.42770542175199821600	    -11.32753370604416787160	      0.64625901807748831196	      0.13646540416654834305	     -6.48301971460094339506	    -15.89282999490874459525	      4.50932749352556783151	      1.77697414102263184787	     -2.21256820535695908347	     10.01960459229149691396	      0.75635942133418732070	      7.90158980705859992355	    -15.48126208682298887709	     -2.32568110929138338605	     -7.20750999671513881140
      1.75500825287867368019	      4.92755957561039625858	      1.16556078826485287614	      0.33792451806872680908	      0.57707246680572976683	      1.02348363383063745147	     -0.01082682113898509289	     19.19830775199514860674	     -4.31810144495327108416	     -9.32781634585114005631	    -10.75786920960726433805	      0.67952396552419980225	      0.21046983817784525872	     -6.39955522384509123412	    -16.02650755728301135150	      4.55840376014713832831	      1.81401992848729598506	     -2.18638165809213713686	     10.21462047385432647673	      0.83233314733307572908	      7.70028193397481164340	    -15.47746236041500544900	     -2.36733206481096036811	     -7.23724617990810603629
      1.75657167654055368367	      4.92243575806098832004	      1.21655638763546214420	      0.34670033531053023879	      0.57704612240558106340	      1.02311473179417200541	     -0.01079567010888371481	     19.14614678494520205732	     -4.32679482221128974828	     -9.22818424883202581555	    -10.23369200262269806956	      0.69300324169362070847	      0.25832682109137472537	     -6.27254749448040449522	    -16.15253409165701370398	      4.60437681104283047517	      1.84957882309307408697	     -2.15816487900458486848	     10.33118157866821640312	      0.86645184112660433851	      7.60859195995092996156	    -15.47450754102687575653	     -2.40626464299311493278	     -7.26382242213743456460
      1.75850104427208808744	      4.91790171747755344711	      1.27970275083737750066	      0.35598474439691241145	      0.57701650172539942218	      1.02266369756535158153	     -0.01075250695176760592	     19.08080420622004425013	     -4.33672753561907864395	     -9.09632834895555042465	     -9.59574673518141807449	      0.67639140362046634714	      0.27428065068295998108	     -6.04796175851677286772	    -16.31095700771154710651	      4.66179729046475177512	      1.89595377596264280662	     -2.11679801641683074109	     10.35818812555422319122	      0.84607263914858610310	      7.66904326320899976110	    -15.47265357609734515165	     -2.45478087391962951358	     -7.29540010224672297312
      1.75999879804418202234	      4.91622292069967592454	      1.32883042702592168993	      0.36264048088195471875	      0.57699566618809239316	      1.02231776811529972981	     -0.01071622733555564061	     19.02855856449738780611	     -4.34400993398414403401	     -8.98806352797141272504	     -9.10710271097011947461	      0.63696033388413908494	      0.24944565231743365263	     -5.82875747099951890817	    -16.43640456272159866558	      4.70660385786589685608	      1.93423600762927594410	     -2.08049562750376759723	     10.29475833399751039110	      0.78668823986187386144	      7.84131092562214337960	    -15.47315338966081910144	     -2.49259798710996482995	     -7.31957593678578799512
      1.76116012694297729979	      4.91610718251623080022	      1.36683569749240296787	      0.36801667885211053477	      0.57698074754288664057	      1.02205203712649983494	     -0.01068714347759199511	     18.98691189405128199041	     -4.34951146093426466166	     -8.90158325613048084790	     -8.73236049258554736241	      0.59411042457532214911	      0.20975477182588789238	     -5.64928059866947229750	    -16.53488290758951961834	      4.74108764416540839903	      1.96530989721411519788	     -2.05124885329618500407	     10.21141773567879162954	      0.72376618847392615308	      8.01867635758596009055	    -15.47481647432095286376	     -2.52172585085447753528	     -7.33860736048389128428
      1.76271803647706337692	      4.91710180430616272673	      1.41757076579888541268	      0.37642486904850092078	      0.57696218336696736273	      1.02169769917239161572	     -0.01064811386237759540	     18.92999905281584105410	     -4.35712769175298131330	     -8.78406132294869124166	     -8.23628204594299795360	      0.53005373584123194330	      0.13903455788215282607	     -5.42646716553055696863	    -16.66738062452794721935	      4.78646224965318012323	      2.00874141103237002781	     -2.01347202916074907719	     10.08772468120088205978	      0.63529361634153935778	      8.25266364683467656960	    -15.47830039459966933180	     -2.56019269180475106396	     -7.36536148388779299268
      1.76415104378923803807	      4.91836908360017499575	      1.46372364900203311144	      0.38605345144354524800	      0.57694626443397867277	      1.02137197110183230997	     -0.01061317624129806854	     18.87769258314133580257	     -4.36464664913704858407	     -8.67640442525717325850	     -7.78818275218691713491	      0.47625750301711644585	      0.07080418109587897912	     -5.25538431596338906360	    -16.78797020225011138450	      4.82667565064974635192	      2.04988889117472838919	     -1.98342055829598895578	     10.00026610405633853418	      0.57057236045231540800	      8.40838472949148041380	    -15.48188969802744807680	     -2.59452126911299263412	     -7.39179012922103328975
      1.76593644538802396760	      4.91924490237622169531	      1.52008302664453576192	      0.40112014670904866387	      0.57692761032241046681	      1.02096359807081693560	     -0.01057169594969647672	     18.81437582421796861354	     -4.37486919083182801415	     -8.54529569954988410529	     -7.24342190217021908438	      0.43457078969971985050	      0.00503555776003273940	     -5.10979829454190959126	    -16.93427866458326391808	      4.87391722730810261766	      2.10172963761337783239	     -1.95623220963932986649	      9.97613232798971694137	      0.53809761461697780405	      8.45275263485042138711	    -15.48557219271807205985	     -2.63526507076957328124	     -7.42753024386777038757
      1.76786146214260009302	      4.91839561401035307853	      1.57906874361376736715	      0.42104393020355895816	      0.57690876190512541122	      1.02051802729465013186	     -0.01052941440386361178	     18.75011417271475266944	     -4.38697456134300090014	     -8.40939321049173038602	     -6.67554003871402557024	      0.43833449927570627969	     -0.01709886980876870397	     -5.05326755396895865857	    -17.08569134425145463752	      4.92088260239436436905	      2.15741847287585475357	     -1.94180116130824798049	     10.08665164878767050993	      0.57636306098846690205	      8.27499267695470841488	    -15.48751252740749073666	     -2.67630540980128506234	     -7.46930749247693892556
      1.76944710053054454768	      4.91627928608461317594	      1.62626753684599911765	      0.43956479134995601887	      0.57689435468403249541	      1.02014707586166175624	     -0.01049555212719465586	     18.70074204298238385036	     -4.39766532878618665592	     -8.30146854596069694310	     -6.22390781804667003740	      0.48260975691501839524	      0.01186743366599882568	     -5.08172247737475490936	    -17.20584254371085464186	      4.95680369163280953870	      2.20301419599603098831	     -1.94017555587695755825	     10.27356852380150442627	      0.65487482205353397813	      7.97473019269033489564	    -15.48746819172295907663	     -2.70801349083832665343	     -7.50549976279350250508
      1.77082085682946255289	      4.91378210034348850144	      1.66623450086551216920	      0.45632410551604074556	      0.57688295193656280446	      1.01982392934368282233	     -0.01046580252984897520	     18.66030320684455290348	     -4.40717761611986080794	     -8.20969774902489746182	     -5.84418261253776893938	      0.54563036422120925195	      0.06897160328032751753	     -5.14911293403133996094	    -17.30767122086886189436	      4.98638070071398065153	      2.24251876183221687810	     -1.94375983373883465255	     10.48075701938243931011	      0.74059064971569610325	      7.63966287995258497290	    -15.48660362548269375793	     -2.73422505496419931958	     -7.53737519911224485014
      1.77233953529892507284	      4.91085448202681273955	      1.70930215571640164995	      0.47451829240759035855	      0.57687190407115840340	      1.01946644425132282308	     -0.01043077990041563208	     18.61756056799228176146	     -4.41717954794323652834	     -8.10798795573481179133	     -5.43596309740439131986	      0.62925382050770450881	      0.15389690157547944449	     -5.25241044506394505476	    -17.41930247878085324942	      5.01774886697790289958	      2.28635036964982063523	     -1.94967833106369603513	     10.72375420100375009724	      0.83354018645222771600	      7.22746974473544234741	    -15.48530555491427129766	     -2.76195645206068185473	     -7.57207580005397407064
      1.77370250389687367232	      4.90866445502764037201	      1.74699267189266627121	      0.48967040672955008951	      0.57686371277879155972	      1.01914729334640208336	     -0.01039612338751308082	     18.58023690390646009973	     -4.42516409222192041995	     -8.01458404518054834398	     -5.07872252084496533797	      0.70135245243120258873	      0.23427996647161022925	     -5.34640202540840547840	    -17.52011658188076026477	      5.04512758054013588094	      2.32605632892793767752	     -1.95332631070695339481	     10.91290905726340554338	      0.89414394648929995668	      6.88470649692704839140	    -15.48444794097971310975	     -2.78595773327453288815	     -7.60189894385640752006
      1.77509321244967455122	      4.90740486122770569466	      1.78468171283337340149	      0.50348604933157292685	      0.57685726884350563282	      1.01882513270403896044	     -0.01035683991676984717	     18.54236080912405526533	     -4.43207838637952189487	     -7.91562549099225343241	     -4.72171447529580579072	      0.75631521192026529565	      0.30343177507413560123	     -5.41929283948497264589	    -17.62481777578318897781	      5.07270232200128567968	      2.36719028127408526174	     -1.95266623049698728742	     11.04027037606821615157	      0.91711198824119066764	      6.62204236671323709373	    -15.48447186080689519372	     -2.80987444624416982109	     -7.63060847861419411231
      1.77677006644609836172	      4.90759339129358540532	      1.82923304497868377538	      0.51783541307289582267	      0.57685219410632337933	      1.01844294239963417681	     -0.01030388139079483831	     18.49621062509967828191	     -4.43855252227223662231	     -7.79007455034588680576	     -4.29977383655506883997	      0.78089129678716107108	      0.34878002903063454188	     -5.45082927621523527506	    -17.75431227024198932440	      5.10562440634904657344	      2.41771153419525486328	     -1.94416985398149955167	     11.07667250335058284350	      0.88329414855719012856	      6.47199104227043608972	    -15.48616189862470982064	     -2.83812634025488419454	     -7.66285649824426151611
      1.77817291062907756327	      4.90904261234634198274	      1.86569720785973958144	      0.52830006607340262992	      0.57685010631585964536	      1.01812847925783223069	     -0.01025523015737290003	     18.45716469716084162656	     -4.44232208452690713330	     -7.67972919275243981474	     -3.95339995661435272822	      0.76025368314818131399	      0.34352505411667427770	     -5.42009711899920176847	    -17.86497995851724596150	      5.13261050929824236277	      2.46050737131482399889	     -1.93124154050806406957	     11.01109933626237591398	      0.80926427437620451766	      6.48752426492810485570	    -15.48883764992845257780	     -2.86113745478955294743	     -7.68821252284814526945
      1.77950912872205346815	      4.91102196327940987430	      1.89956211025195398356	      0.53764331572273804660	      0.57684969641691985487	      1.01783236379477992628	     -0.01020597092468637779	     18.42009822857375667127	     -4.44454574666883939216	     -7.57102333090040424679	     -3.62940438931385767063	      0.70835159792061597184	      0.29952813397703914600	     -5.34550226704863540306	    -17.97120744761576105475	      5.15730530833567080151	      2.50127291796555439873	     -1.91627564985396747765	     10.89128461625212018760	      0.71557052141000754286	      6.58897307197971304760	    -15.49193562412506253168	     -2.88219911543444329283	     -7.71159005327167168531
      1.78039608121156733844	      4.91234253730392111947	      1.92147637250289826660	      0.54390763322187529738	      0.57685012529029822126	      1.01763687363491217575	     -0.01017220742899711469	     18.39593376393762724774	     -4.44538623658002940431	     -7.49778062635698638871	     -3.41798956310894164190	      0.66103544107045997258	      0.25221697727727476757	     -5.27763805784931161469	    -18.04142723739642306668	      5.17285881493223342886	      2.52810407327280906031	     -1.90641287838245410136	     10.79801472348251856204	      0.65076989881793800841	      6.67619067000327603978	    -15.49395312432895543964	     -2.89553315465348237723	     -7.72704460314323515746
      1.78161398182503361021	      4.91374352411143444641	      1.95089981155736591489	      0.55327806060162343371	      0.57685142358761498649	      1.01736866861237595927	     -0.01012567034002391855	     18.36389609858433757950	     -4.44643072578327291922	     -7.39858542638915572809	     -3.13369982620218978653	      0.59342482365070059469	      0.18382375868093117632	     -5.18081852077954607694	    -18.13645460979243040356	      5.19293501114776745453	      2.56470623083309545720	     -1.89520718743455884869	     10.67930754320860309292	      0.57264543732733230730	      6.74865868125835177693	    -15.49623661462961088375	     -2.91290840667777350959	     -7.74885777145528198417
      1.78293544823428651291	      4.91434471117253401928	      1.98194608059685939416	      0.56524131302478575201	      0.57685352884472151924	      1.01707687392348455901	     -0.01007612097062921507	     18.33113723721349330731	     -4.44788548316004384020	     -7.29463125929050981711	     -2.83422582017955404510	      0.52874762526753693592	      0.11683877733023034784	     -5.08777482699199001814	    -18.23670127861585399387	      5.21271779582302219325	      2.60415534883776489394	     -1.88859346906478764438	     10.59153686648071435172	      0.51676611537674588259	      6.71951197901960117775	    -15.49769728646048250198	     -2.93036038938522125363	     -7.77405100125012715750
      1.78468122332033685140	      4.91322076594732681798	      2.02143817666452685344	      0.58477662381634742950	      0.57685717770228284174	      1.01668876479691205894	     -0.01001344173161363739	     18.29182014315913207270	     -4.45072799964037901788	     -7.16532679879786282839	     -2.45486871549073581988	      0.47621743069823585515	      0.05673928968300873121	     -5.00992596298856085468	    -18.36331766871104065331	      5.23520076645147014460	      2.65598455140218003834	     -1.89185190663969726721	     10.57837798123573236353	      0.50543144185865773732	      6.46469480464246259999	    -15.49754340800803831257	     -2.95085959920047669058	     -7.81054997600672429314
      1.78656924095012237252	      4.90957869390439771706	      2.06224575543635602060	      0.61069986724753999585	      0.57686230460668541653	      1.01626549987954306609	     -0.00994944183544189086	     18.25479416195031134862	     -4.45527098205925842223	     -7.03681219883572595108	     -2.06744798464663270821	      0.47904690344493094933	      0.04625776561830006323	     -5.00644124371565446552	    -18.49275092332285552743	      5.25497420812985005512	      2.71219075957012067946	     -1.91132576558667222066	     10.70550265561863945152	      0.57099034860824882109	      5.91817091003697726137	    -15.49474022104696224744	     -2.96978461757585332492	     -7.85415131920375753083
      1.78821672949381560436	      4.90502567047097759456	      2.09658469870525721035	      0.63627020277914891899	      0.57686824690365590129	      1.01589485975543225571	     -0.00989548059638937702	     18.22674210397540406348	     -4.46048657930711556219	     -6.93277648772886845308	     -1.74926323707480446679	      0.53340993579684359283	      0.08796433716605882303	     -5.07277933489713106496	    -18.60099655251289973990	      5.26932080055624574300	      2.76206470911387480527	     -1.93842607200920125088	     10.89995449967232055144	      0.66798069203069665445	      5.28639726561244849279	    -15.49076089250787546803	     -2.98414034574951925194	     -7.89470253778132935452
      1.78994106439276956522	      4.89999442489056402650	      2.13171105186995690772	      0.66408072359716152633	      0.57687670546644886915	      1.01550860405759824090	     -0.00983840564249355287	     18.20059646628820715364	     -4.46684084282474280769	     -6.82839767110393314198	     -1.43517627743215592240	      0.62915973120157342446	      0.17405198386827638868	     -5.19326101552847507747	    -18.71239933320186921151	      5.28279957358596874428	      2.81572011752365858328	     -1.97082881409237686832	     11.12083327143159117156	      0.76888234534064703318	      4.59182049726575769455	    -15.48619458760198597247	     -2.99789447853381574305	     -7.93793406831406933577
      1.79096142179091200042	      4.89731130233857303580	      2.15206821548674831490	      0.68020534814297983761	      0.57688311423542470990	      1.01528203632137659085	     -0.00980301835956708979	     18.18617820814426977449	     -4.47043584318935938171	     -6.76631726310825509785	     -1.25747614153912001811	      0.69280552045254895077	      0.23176540824755695325	     -5.27254631866300371712	    -18.77852602068401566271	      5.29033059761537227672	      2.84817293856912456818	     -1.98954481251918213758	     11.23580103885971226418	      0.81437616377345645180	      4.19990180934206946972	    -15.48371645772980897959	     -3.00556997584618157404	     -7.96307845441411643606
      1.79261359974016287744	      4.89390620912688945054	      2.18362004117604113773	      0.70450112048461044356	      0.57689617250530911274	      1.01491977213616491049	     -0.00974071316188122351	     18.16383849564914854113	     -4.47412226655464895231	     -6.66078092919278308415	     -0.98065973534309569537	      0.78165136886865926868	      0.30151770125948990087	     -5.37661673050441368815	    -18.88727420204999063458	      5.30146153024557875710	      2.90121379189690342670	     -2.01625639024530789456	     11.37206244648531239250	      0.85212298720853651979	      3.61712611606193767955	    -15.48048111717025854261	     -3.01677665357707924798	     -8.00165859366796716756
      1.79466396314889853336	      4.89148169486198014511	      2.21972571582520261657	      0.73048992931497525039	      0.57691735713796610252	      1.01447928097569195494	     -0.00965309099684901438	     18.13759028856208033176	     -4.47385313862645705996	     -6.51984376272009225062	     -0.65461075778762645161	      0.84581919069784461396	      0.33202915888380457599	     -5.43499708368200895592	    -19.02591382291786459291	      5.31313487243911364288	      2.96705912400740867696	     -2.04089481121398153007	     11.42847222719016997416	      0.82620058867492873755	      3.04590541489244515105	    -15.47791641771701165453	     -3.02811257749982987164	     -8.04467662688770168700
      1.79635351968118572863	      4.89056798940846526591	      2.24661174252626993919	      0.74893146354969541978	      0.57693873744503232359	      1.01412343087730594249	     -0.00957293107581168833	     18.11748371971665605429	     -4.46949080655815045304	     -6.39672278614919243012	     -0.40004831292586695568	      0.85156119854023615279	      0.30654271569057206515	     -5.41320443346265545159	    -19.14226101994997009115	      5.32038193566076245133	      3.02081289638597372260	     -2.05579049592807372449	     11.39534032880847114200	      0.75573492670416964057	      2.69866059665750102070	    -15.47657226248166040250	     -3.03484155654645126887	     -8.07644637219432581787
      1.79792060101358441848	      4.88993944777242184330	      2.26909109464649061394	      0.76492543267959078879	      0.57696126505355083136	      1.01379775454146980884	     -0.00949398038272747900	     18.10061539005831932059	     -4.46260642203571844533	     -6.27978469607942635378	     -0.17570024902574635228	      0.82343036811899106286	      0.24883571066011350714	     -5.34415773315265774102	    -19.25008243186185907803	      5.32448169889238176467	      3.06993482542062645635	     -2.06913579238854650200	     11.34017184997168214977	      0.67469957728209606351	      2.42810229783523467972	    -15.47529665361065731588	     -3.03853818922228846588	     -8.10413561085130673689
      1.79954228334638544062	      4.88887246378477247077	      2.28997116229695052425	      0.78179467092740073664	      0.57698684810861955441	      1.01346364533397670371	     -0.00940974457531659411	     18.08554940321968373951	     -4.45352583016660030779	     -6.15948492410207748549	      0.04368112631974441912	      0.77342072578223253210	      0.16829408877204476980	     -5.24269298389027760265	    -19.35973072865755284511	      5.32556568183332501576	      3.11975623878251306920	     -2.08668686404989323080	     11.30208917591712136641	      0.60119751797341680621	      2.14269208934066757166	    -15.47333060546927896439	     -3.03959552343276317998	     -8.13239964944706628103
      1.80078929386612340835	      4.88753096170109646579	      2.30465485496916633323	      0.79576678332043138120	      0.57700790262144452392	      1.01320814146428417324	     -0.00934444878527599873	     18.07581993156859212490	     -4.44597485104329148697	     -6.06955962063073961588	      0.20293724849661481935	      0.73037628516430275205	      0.10227669722561039123	     -5.15530609125998662279	    -19.44192201267882680327	      5.32417087857511450721	      3.15729428767640030173	     -2.10474481276672653607	     11.30597500586246617615	      0.56502220142223091859	      1.89277706601970741040	    -15.47116796385495085531	     -3.03862722767662907231	     -8.15468716523579573163
      1.80260020146482191628	      4.88499277809877696654	      2.32497305418955457768	      0.81886790646880447397	      0.57704049799832024537	      1.01283971051037235966	     -0.00925111733271113783	     18.06417334579137090600	     -4.43614873977045398590	     -5.94605835888573341919	      0.41882343726117271521	      0.67557311694345978381	      0.01875032100513381039	     -5.01418260844210461613	    -19.55783431721764387134	      5.31941031821998588924	      3.21139074941454616408	     -2.13924890429502623235	     11.37097029088421074050	      0.55290671946896197131	      1.47215391441445841991	    -15.46737575205920833810	     -3.03538888019976083044	     -8.18942562636287618716
      1.80446491117989071817	      4.88237508080676452238	      2.34596854337866433937	      0.84673193281381020636	      0.57707692576853353295	      1.01246529568991561199	     -0.00915831993829724009	     18.05448179022042864972	     -4.42937210392199087750	     -5.82981638671701318799	      0.62096709780277337121	      0.64660492409794267932	     -0.03215072906476268422	     -4.87825999091022399767	    -19.67409595237410968593	      5.31234385405466991159	      3.26766405798789749682	     -2.18326299815769164780	     11.48501170897270995397	      0.58178087406845579999	      1.00934029210800302323	    -15.46353084631813956662	     -3.03105204148343743142	     -8.22905397447919995102
      1.80619565923770686311	      4.88052691655476245103	      2.36608597661568120785	      0.87549977167608872275	      0.57711403973825059488	      1.01212397756502947566	     -0.00907442770608773985	     18.04725496744904233992	     -4.42656570187293940677	     -5.73185477516069763482	      0.78935656588999092431	      0.65375503158478920351	     -0.03537022163019914317	     -4.77934158153483323872	    -19.78083089748523093476	      5.30478338729871268242	      3.32089591269168771248	     -2.22793420286559573640	     11.58738030012784214762	      0.62408776524108167116	      0.62211144011517438557	    -15.46059805281645971320	     -3.02686062901820740478	     -8.26870136273501188384
      1.80824302027334571363	      4.87911116364370567311	      2.39028286135520984246	      0.91115419724998425455	      0.57716288001874860303	      1.01172881188389696128	     -0.00897516999525919089	     18.04141745308767141864	     -4.42631637867708960243	     -5.62562199248708338928	      0.96423770380232520782	      0.70027812464378780266	      0.01510484261842208985	     -4.70025276376214939944	    -19.90693533515258195621	      5.29504455213575297989	      3.38498134817505125227	     -2.28092532126356006827	     11.65385877954259719047	      0.66378836082299086385	      0.29064941387335407885	    -15.45778686970334980799	     -3.02167489267611477644	     -8.31709851446494852212
      1.80993980960572709016	      4.87795974329021220228	      2.40957047906030830120	      0.94046539337338541653	      0.57720772675613485347	      1.01140761073557960970	     -0.00889031233293953969	     18.03987528493171055288	     -4.42658010133521262475	     -5.54210220037296696916	      1.08953066710616974788	      0.75697185306193659482	      0.08996583463223642441	     -4.65684272046574143644	    -20.01107259133408433627	      5.28584969829161366306	      3.43843933816861113684	     -2.32368985236837088948	     11.65424312342550905441	      0.67480548419281283223	      0.13203901742673801456	    -15.45515836160726230730	     -3.01634038132942938759	     -8.35658352456310282719
      1.81101275576167464187	      4.87685496220722924932	      2.42074003723062070037	      0.95836843863386345088	      0.57723813172523386061	      1.01120675271517601601	     -0.00883442577573277828	     18.04097855280394568922	     -4.42587320179435295131	     -5.48976582190108963744	      1.15989928592619850889	      0.79367484000069221661	      0.14465886920257800541	     -4.63077712941331043339	    -20.07626231204292466259	      5.27902558125806287137	      3.47200479381518212207	     -2.35061824299682342598	     11.63643607503258259328	      0.67090944029248844593	      0.08253223915425017543	    -15.45286717759555727980	     -3.01187917941347960138	     -8.38056108961435164417
      1.81241286114353661318	      4.87466159880260363479	      2.43321689641417870931	      0.98055328723832146931	      0.57728016743914312148	      1.01094660007813108571	     -0.00875787814015644393	     18.04522344169103220679	     -4.42258889226598306266	     -5.42050285711827051216	      1.24190716084803920438	      0.83358703897895047863	      0.21399441478436712072	     -4.58419055065505620661	    -20.16003882299527205646	      5.26814725673767458858	      3.51485662671726917239	     -2.38656412348441193672	     11.60670391889098951310	      0.65673383083757141954	      0.07272359360011425300	    -15.44873870961188444539	     -3.00391986761504181658	     -8.41001842812363697988
      1.81374909191763067362	      4.87157686957151447871	      2.44232643134991667111	      1.00042315977987272824	      0.57732266806541565618	      1.01069990257257913413	     -0.00868064770008132938	     18.05240618048041412180	     -4.41616392655122602662	     -5.35264083961252357113	      1.31028024685066557531	      0.85664708462561633961	      0.26948269890897008638	     -4.52014267614258891115	    -20.23815258492965796222	      5.25509025564422760368	      3.55439446369690603689	     -2.42291786877939596678	     11.58881934744186281705	      0.63948546496898406311	      0.09173214925109166029	    -15.44336060031865720532	     -2.99345738243317649463	     -8.43597982901236598252
      1.81531349857072155096	      4.86670875675581093844	      2.44928784026238011151	      1.02234490760627916295	      0.57737524937946071990	      1.01041290838257213913	     -0.00858523886474982928	     18.06457896559850340168	     -4.40425962114364377697	     -5.27051620783391605585	      1.37860797855312688931	      0.85958833546062352049	      0.31120894608311611140	     -4.41616031589972735105	    -20.32697611585859220895	      5.23613965549822069079	      3.59893355768634837233	     -2.46936497264593413092	     11.59922560808940339427	      0.62222195297986526707	      0.11503993115993597918	    -15.43527095028576212599	     -2.97735591837758306610	     -8.46390993429738358600
      1.81726380536226095330	      4.85929748755367452162	      2.45295131158108681291	      1.04841850417394399919	      0.57744508900082880398	      1.01005888930320986141	     -0.00845982748425587808	     18.08451079093109470364	     -4.38359538373131929490	     -5.16417942631945514620	      1.44657369627399345902	      0.82770471519442034847	      0.31857519856430827065	     -4.24668439569892441909	    -20.43415095115800639292	      5.20729979811055887495	      3.65236503722288441409	     -2.53392348301728986826	     11.67024045983658986358	      0.61219952313260783683	      0.11573137162926350197	    -15.42316987003824912961	     -2.95194506955028401762	     -8.49592562267165263279
      1.81894169290636353864	      4.85274160225898398835	      2.45291279135390771771	      1.07052083752046267584	      0.57750931060776311554	      1.00975968253701320343	     -0.00834757588451461204	     18.10447149775546193951	     -4.36234959676652689353	     -5.07020065506945361022	      1.48972669471483354364	      0.77886075319403003103	      0.28529285464408965511	     -4.08064718123370440139	    -20.52449899702625657483	      5.17889144373176790737	      3.69741568599033643139	     -2.59448378137013513367	     11.77080084471439569427	      0.61302615400157511871	      0.09414901574737269407	    -15.41217513837723096515	     -2.92654828025780755496	     -8.52210512016944399249
      1.82000745008272657444	      4.84901029094638591488	      2.45203410376070651822	      1.08474313234288821661	      0.57755232170207615461	      1.00957328495994658191	     -0.00827486055832185770	     18.11779910278077210251	     -4.34811662568112833327	     -5.01010399862135535898	      1.50965422922906422620	      0.74439830209368151870	      0.24820124605208099267	     -3.97507166897303099162	    -20.58174043192798663426	      5.15970132320193641817	      3.72604583117853360719	     -2.63457443776140642910	     11.84269003009734610998	      0.61593000590480728729	      0.07894817948124366325	    -15.40552073209467032200	     -2.90937589788543737868	     -8.53860202735335604984
      1.82164691583625937277	      4.84464795331334041606	      2.45042198865046012557	      1.10765324695255173992	      0.57762217463174536647	      1.00929366257074781821	     -0.00816233066405316031	     18.13823541155530350011	     -4.32667813397551892507	     -4.91924635242861896245	      1.52876432817371488149	      0.69772269684807242118	      0.17754659160260449768	     -3.83006975195958521141	    -20.67056195643302984877	      5.12926243467225617678	      3.77134790456004242998	     -2.69763384325624722138	     11.94656227759070254990	      0.61946797598356062586	      0.10395794364373026064	    -15.39664510584360535006	     -2.88231770799597963872	     -8.56479451237779265682
      1.82367655446554999266	      4.84240305756237798818	      2.44945077740825611912	      1.13945971605368234769	      0.57771518095200680154	      1.00896150589221722527	     -0.00802505237705669269	     18.16199171342920593020	     -4.30338947344809508166	     -4.81456830216384190635	      1.53286187636093340636	      0.66674093945075874057	      0.08931127037087994991	     -3.70340172064262596052	    -20.78275639011445008464	      5.09098055873035715280	      3.83168557967149592258	     -2.77722112514107566383	     12.04153864740695034641	      0.61795767871316631403	      0.26473074065268542565	    -15.38899305243113957431	     -2.84890074921511970985	     -8.60061802045345658030
      1.82566073955248442395	      4.84309624975992569773	      2.44991217727454202446	      1.17488218194918414561	      0.57781323680199259130	      1.00865139638257206300	     -0.00789437407464107371	     18.18409488312989452652	     -4.28493793404772649325	     -4.72504081321520441605	      1.51542691911871374444	      0.67315717377713912839	      0.02579198837860949625	     -3.64725740134240261625	    -20.89412844615710795892	      5.05302264036157389171	      3.89537541063406855812	     -2.85684672117495797039	     12.09244526313189993516	      0.61196084700068886786	      0.54400281342718292965	    -15.38453020393401615706	     -2.81647915450488373068	     -8.63991145109269886859
      1.82731206780171961945	      4.84453473531390343965	      2.45069619817630890424	      1.20697957597165617116	      0.57790013289556663167	      1.00840216641876523340	     -0.00778737129887048692	     18.20347672798232707692	     -4.27202062518182490436	     -4.66135440329918537827	      1.48445000109321778581	      0.70170600302927566005	      0.00254058707314884936	     -3.64641918838012646376	    -20.98645999082162205696	      5.02057182941052815295	      3.95060681672925717578	     -2.92525464241949917366	     12.11242090282226513409	      0.60858923729467528929	      0.83615058497686078898	    -15.38153004709714899434	     -2.78909954448340435817	     -8.67496016058392527270
      1.82893093105487181127	      4.84537170043031917288	      2.45092203203239389353	      1.23962589154427615945	      0.57798985981289252578	      1.00816333124704771151	     -0.00768225379486583721	     18.22522570660799345887	     -4.26016414128027687269	     -4.60753651409834219521	      1.43973170378568182670	      0.73912646920285596241	      0.00937539871402081650	     -3.67180303327656032408	    -21.07507684629655386743	      4.98748496029987453682	      4.00500872647956995820	     -2.99494268016531384191	     12.12501914600075281214	      0.61123414374971873908	      1.14145627327608067958	    -15.37761849819355219893	     -2.76119629267533772676	     -8.71000248094369311502
      1.83004101401405860905	      4.84506175820331375093	      2.45031271890568769223	      1.26202842083727140299	      0.57805393115963221717	      1.00800174769824124610	     -0.00760902418135418410	     18.24248930136935697988	     -4.25177723636552684638	     -4.57471074603358740518	      1.40114127252067355300	      0.76317475665472511714	      0.03150557067189676402	     -3.69479622217801972894	    -21.13413029757214189885	      4.96385216912068916173	      4.04161893725090504148	     -3.04447020697860804006	     12.13528740603479683102	      0.61758934562247869149	      1.34665557703656402211	    -15.37370586416890816395	     -2.74111261270799966283	     -8.73364314324628132624
      1.83181671655918787422	      4.84234968393720865976	      2.44726555787210475756	      1.29679550897831452616	      0.57816063411104312575	      1.00774575908960017934	     -0.00748773907193378465	     18.27528276369758941655	     -4.23617272938787259307	     -4.52378335076464832554	      1.32621850561823473313	      0.78483225862377092863	      0.06667084989858787503	     -3.73273256229297478725	    -21.22496769855676390648	      4.92404743047152226865	      4.09847334546163910574	     -3.12660045763655025652	     12.15659890023390055092	      0.63316386522214762600	      1.69648859757250258795	    -15.36448224438633580746	     -2.70683572915343706455	     -8.76951133655918901866
      1.83403947511752840605	      4.83536694185346682673	      2.43861910769368206431	      1.33741867555364701836	      0.57830188552662298296	      1.00743001885562710740	     -0.00732654120712016455	     18.32492670234382003969	     -4.21056862891442928998	     -4.45790422567007560417	      1.21108682383654553405	      0.76662156279728266295	      0.07995848587090446935	     -3.76810523678513975554	    -21.33284777578999680259	      4.86990317081624191076	      4.16609632291432863127	     -3.23421017005367739117	     12.19649626018113863779	      0.65766981291030124357	      2.18374321449502639680	    -15.34797038758201814801	     -2.65910239747226295748	     -8.80970172499882586692
      1.83593218260242907469	      4.82748652051682025643	      2.42692594108154979793	      1.36988928133981802127	      0.57842945290460812124	      1.00716736548670149354	     -0.00718185748826136953	     18.37262852648551003654	     -4.18357136442703314572	     -4.40148150336111498859	      1.09609094664531148133	      0.71360151947551542229	      0.07148151133903951626	     -3.78416957749951121670	    -21.42097311344439702907	      4.81990223301784048715	      4.22114768465465584057	     -3.33009733189581336177	     12.24702575676389493253	      0.67966484683846728476	      2.61124700332085124543	    -15.33090737779780710071	     -2.61396564302740186392	     -8.84021697261945682556
      1.83781164364320281912	      4.81925211593438973523	      2.41219380330878374608	      1.40115435610069405392	      0.57856330054892080028	      1.00691445437237092619	     -0.00703321714703592209	     18.42284092577597220952	     -4.15341475934515180768	     -4.34725757298995407751	      0.96697401590287990203	      0.64344906396022216732	      0.05622750462566972890	     -3.80076786348901674017	    -21.50659750692218707968	      4.76734486364413267978	      4.27490786868671790444	     -3.42909028268190407829	     12.31170185402745254066	      0.69914541773278093828	      3.02571744306544765379	    -15.31279309299384827625	     -2.56568678958048357330	     -8.86832623770181172063
      1.83973316676048725959	      4.81158046564904662290	      2.39519594866359808449	      1.43280178141756464605	      0.57870793355658201040	      1.00666587868745027734	     -0.00687759272049389726	     18.47575684391544115215	     -4.12091760877564716736	     -4.29476209303987488397	      0.81850801187390564984	      0.57733099729214532037	      0.04313686156660738458	     -3.83865347508006138355	    -21.59355680112878417276	      4.71180153721380445830	      4.33007260122490933441	     -3.53387876980495940771	     12.38732712267247038085	      0.71339869558781521253	      3.42507360587616194181	    -15.29443575170073010838	     -2.51397176342715722441	     -8.89584417464168453193
      1.84096519107585665509	      4.80754846406407487791	      2.38391312890559525783	      1.45324297430263094100	      0.57880493363436347209	      1.00651261474529674089	     -0.00677664615503397860	     18.51003589644987812335	     -4.10018319183125878880	     -4.26372023707756220290	      0.71381524155374986851	      0.54927546434603879977	      0.04574931252411676419	     -3.88643582575250290390	    -21.64956571186625922110	      4.67583024262656632430	      4.36639616286800613665	     -3.60282447942011030406	     12.43725771665280888101	      0.71813350853267010621	      3.67378316981757535586	    -15.28333369696896859580	     -2.48016758613093957209	     -8.91332520740843747831
      1.84265893195028374052	      4.80359004052174309862	      2.36869400945108043999	      1.48228301094867109811	      0.57894383857876774435	      1.00631067750827085661	     -0.00663814395589551638	     18.55680131542425925772	     -4.07338927225970248713	     -4.22808443304319858669	      0.55786345075928223114	      0.53829464367393264901	      0.08971311899411223145	     -4.00003459376237024969	    -21.72733877832306959021	      4.62656032712373566085	      4.41984085589360642388	     -3.69976983310975970909	     12.50096697362525866026	      0.71621601652348043654	      4.04572466366471239496	    -15.26948436727233193722	     -2.43349275970509415501	     -8.93807609569631367208
      1.84432867054416771424	      4.80119891963321965278	      2.35420567129033697640	      1.51179063057376228407	      0.57908700916444533213	      1.00612118152134222271	     -0.00650151250160522012	     18.60288038693849443916	     -4.04876714647794866409	     -4.19917164788245411700	      0.39085474438137851605	      0.55094952984106371208	      0.16219020895588845410	     -4.14959114221938119016	    -21.80453606204919125844	      4.57842012793490926725	      4.47565006987257429927	     -3.79783147815425170535	     12.55650124968864389530	      0.70744535472318614833	      4.43761981403932104229	    -15.25710871495955345267	     -2.38752076097472132332	     -8.96313606979916777107
      1.84611967528003040329	      4.79982213869109397564	      2.33884455055674145285	      1.54398141295413315888	      0.57924741107845911792	      1.00592794611619540390	     -0.00635373741737009761	     18.65267320477120094324	     -4.02320663352614982244	     -4.17166897156758764709	      0.19872129810425234742	      0.56893457586605777898	      0.24058619860299448878	     -4.31611886501455366272	    -21.88732658702029709730	      4.52690777067246408194	      4.53723272565748025897	     -3.90592210297062525370	     12.60878823011753091521	      0.69580532520239313232	      4.86989506917026648836	    -15.24466601219633510311	     -2.33797682550288277170	     -8.99019217665677139451
      1.84787726396703733123	      4.79915351411030322026	      2.32321755908710692040	      1.57567587358579097589	      0.57941164857431914914	      1.00574780249225659290	     -0.00620622433596268973	     18.70223018955187299639	     -3.99743454436195655433	     -4.14482245788721304081	     -0.00081118568165838086	      0.56613022130176759994	      0.28580536236190079435	     -4.44732358537796024223	    -21.96788124104616102272	      4.47575048395581731597	      4.59748972689167434424	     -4.01526654091026902194	     12.65680785071062075531	      0.68880650253949338158	      5.28590623085552202554	    -15.23266556104683466799	     -2.28847366040637423268	     -9.01627307137639100176
      1.84994012112532790759	      4.79860391504526706541	      2.30318546008512248235	      1.61249847282273561788	      0.57961304347714726060	      1.00554754104995502928	     -0.00602849061716301607	     18.76170747318242604251	     -3.96447265374169566243	     -4.11045857072183640213	     -0.24664302188628176027	      0.51329096696495912777	      0.27004565013378234450	     -4.52461909401826112287	    -22.06068853660118023186	      4.41395924002861939073	      4.66567339091454780231	     -4.14827672443981931849	     12.71490224921896228238	      0.69372077129486120484	      5.73728405387187478937	    -15.21807061980974040694	     -2.22834390822237349283	     -9.04550885579309316142
      1.85119248608809994217	      4.79804316808797270966	      2.28986098759238343447	      1.63461756787998391260	      0.57973982819141167688	      1.00543130630700461303	     -0.00591797711418045463	     18.79891977921846191180	     -3.94263782604602752713	     -4.08790717258865488049	     -0.40177159718666455301	      0.45177662811508340068	      0.22196756504826908873	     -4.51738014041655588926	    -22.11562041466249439736	      4.37526598785351161780	      4.70585206962820290499	     -4.23176185587269593213	     12.75217343064880992642	      0.70412880988235848623	      5.99592136984674262123	    -15.20852979637273527658	     -2.19049918955025058054	     -9.06241668175241521510
      1.85273960310679619568	      4.79636927154299641529	      2.27239579043616668486	      1.66186827833136274712	      0.57990102336617987966	      1.00529198502211669641	     -0.00577920099902978681	     18.84712473713858571500	     -3.91422442825207461681	     -4.05969519402169787270	     -0.60044905641317702916	      0.35246891874671681943	      0.13431869402932869462	     -4.44562366384759055649	    -22.18100506740886501689	      4.32653520512659106600	      4.75577458896024829471	     -4.33816894857675894315	     12.79931381626487940650	      0.72155897944024149915	      6.32012372757926943478	    -15.19520910415096714985	     -2.14255443900619768627	     -9.08263684830120965330
      1.85425650145897358279	      4.79326296130603779488	      2.25460241524730298224	      1.68852470375800112201	      0.58006396437969509616	      1.00515901476515989721	     -0.00564114342681107557	     18.89759571507095259335	     -3.88561529337514510729	     -4.03403843935952099997	     -0.80437596012110235133	      0.24825121111602171942	      0.04027780234955457422	     -4.33513156152780698704	    -22.24188459836405584724	      4.27830489971941396732	      4.80518669652216523502	     -4.44635454773748062252	     12.84758788471120993790	      0.74217601168626590180	      6.63540207271558202251	    -15.18004227547230478024	     -2.09470192416274159086	     -9.10186986155343014104
      1.85580003759300815602	      4.78878162346977820363	      2.23621783959012443432	      1.71582472121679363575	      0.58023489670150163455	      1.00502739146289177263	     -0.00549947532911555358	     18.95221115075977280640	     -3.85669880979404933186	     -4.01313976046854126167	     -1.02266735589447144150	      0.15734569875994250387	     -0.03593509694900082901	     -4.21692773155134315033	    -22.30068595880845450097	      4.22921332582516829035	      4.85632046688285345937	     -4.56051042495806591148	     12.89913548926138275874	      0.76462102476587801014	      6.94633873071649166064	    -15.16266036146453188849	     -2.04549657494501557764	     -9.12118368284807345958
      1.85753652767707300164	      4.78284670011304413606	      2.21552354127873396550	      1.74704832978698454404	      0.58043368568853892508	      1.00488463838888719692	     -0.00533964273337849543	     19.01679001543860536572	     -3.82533242947410867529	     -3.99892543457676241658	     -1.28228420754762906242	      0.09480830596821410161	     -0.06966345677842239459	     -4.11493640233485180602	    -22.36384236824140714361	      4.17429100142403353146	      4.91525623745096584827	     -4.69375929454837059751	     12.96002367406752853185	      0.78876207703069589616	      7.27621810278634661984	    -15.14153572033812444886	     -1.98973943773267958335	     -9.14299230820267538888
      1.85965262445293721960	      4.77589394397438660178	      2.19042484526487202245	      1.78599519613721957612	      0.58068573319087024576	      1.00472076708198754247	     -0.00514499711596105337	     19.09777508761629505329	     -3.78936533974078715303	     -3.99615948447285740386	     -1.61807861957812426645	      0.08694715530647080526	     -0.01590359222601020125	     -4.06851763875019045713	    -22.43840656868780314426	      4.10794359726760571760	      4.98909955200514687590	     -4.86247122543975507369	     13.03555604443759641242	      0.81156222136548383794	      7.64194223002586259241	    -15.11527393409895836385	     -1.92121489017439461833	     -9.16990241026251418077
      1.86102716526979361511	      4.77244843231262017014	      2.17404259684023015708	      1.81181774068077849904	      0.58085545811036853880	      1.00462189024005077442	     -0.00501867626817843488	     19.15022203631824027070	     -3.76709952520534940845	     -4.00160952175406769982	     -1.84592323104578026616	      0.11415337269463655956	      0.06905727960566077073	     -4.08615429467283775011	    -22.48653512538217924543	      4.06503020870680842336	      5.03823528651842078574	     -4.97539100881905849150	     13.08319558099075763380	      0.81977122297701998654	      7.86143016148586681879	    -15.09891200232794084002	     -1.87615062409106303498	     -9.18754314278971939700
      1.86255448569619019850	      4.76989367414196241413	      2.15563184446983280296	      1.84080466085334482074	      0.58104960665750293725	      1.00451970233800569332	     -0.00487796183636070128	     19.20759637060103486306	     -3.74281860727034754177	     -4.01142248463438289008	     -2.10590737611056022516	      0.15637295446982391045	      0.18841420783174178677	     -4.13736344791725940695	    -22.54006427055683303706	      4.01745643613496117297	      5.09422648532664457122	     -5.10375466019268486662	     13.13207705083012655223	      0.82045507902357994734	      8.10724053149311352229	    -15.08168901198487610316	     -1.82546178007613479899	     -9.20707112003954897261
      1.86413398031103128005	      4.76845053744485536384	      2.13619180494738847287	      1.87054906628438177840	      0.58125635780013396037	      1.00442240211894073809	     -0.00473091021210529650	     19.26588026823742083593	     -3.71734682258621829121	     -4.02209993949640587374	     -2.38001080940179088330	      0.18899840495605546575	      0.31000031896699625777	     -4.19457470661782405585	    -22.59518873590561938158	      3.96839758170594381070	      5.15280363878475977657	     -5.23979608521446138525	     13.17771689535911505686	      0.81260271393374350346	      8.36054945834283635975	    -15.06469737485720905568	     -1.77233285504214421735	     -9.22659020829024001387
      1.86599004096489395899	      4.76804932810136428145	      2.11236810759683102390	      1.90473640850383429957	      0.58150678780135445223	      1.00431884956909422968	     -0.00455480032042620848	     19.33282962791491144117	     -3.68551354421715693377	     -4.03107555844156362213	     -2.70566041174486349163	      0.17898164169202981921	      0.40709439395814317475	     -4.21983046681846740711	    -22.65920263275358692567	      3.91053356678041463823	      5.22114416558844762761	     -5.40432147773570115135	     13.22738443436661093244	      0.79696518973418628562	      8.64724405158402831262	    -15.04549977061498466924	     -1.70864395950779912603	     -9.24806899570645413178
      1.86814382124210420777	      4.76897637479944069838	      2.08280301718026095159	      1.94331379859880848393	      0.58180717097393142012	      1.00421292074055545918	     -0.00434503110205283934	     19.40834339514911022206	     -3.64448009257980753972	     -4.03354216854742730902	     -3.08528233002972385179	      0.07170011215155983053	      0.41282570111181399186	     -4.14510527520649318944	    -22.73169987461137608875	      3.84231871165957183933	      5.29812982700449097706	     -5.60247061242491550814	     13.28789654041954193531	      0.78089015799004013463	      8.94399558254819382341	    -15.02386506856995040948	     -1.63249110918356898914	     -9.27079626154252167680
      1.86997460463540599029	      4.77059075982208113942	      2.05598527652262408338	      1.97552735014201830133	      0.58207060088098061534	      1.00413418617225924656	     -0.00416235245034067385	     19.47106454629271254930	     -3.60597174956995480954	     -4.02947417489107717614	     -3.40928638515656512453	     -0.09801874238142777029	      0.31775539436226030165	     -3.98857869669831455184	    -22.79111331735188983316	      3.78310955756992184362	      5.36078333282049346309	     -5.77781130047294055885	     13.34778510736303402950	      0.77771450900838967613	      9.15029378819629357622	    -15.00563341930836713800	     -1.56576903128987421354	     -9.28857230019939450472
      1.87105767229069774871	      4.77172882312595803000	      2.03973519340810138800	      1.99466290705449234011	      0.58222992188181144080	      1.00409199508552693381	     -0.00405317433357266568	     19.50793178309903908030	     -3.58244970014035635231	     -4.02671293754773262918	     -3.60286255944930333683	     -0.21555658041867059582	      0.23652630986828260262	     -3.88308414858809136661	    -22.82498988328196176667	      3.74780726644783124257	      5.39703761111057733757	     -5.88481923938592998979	     13.38797340291597670614	      0.78201541790506057250	      9.25120951274439207168	    -14.99473304232227555133	     -1.52573377971318846491	     -9.29882809322315928569
      1.87276339825870419276	      4.77355122433705414409	      2.01487818263098894533	      2.02557158919091540028	      0.58248598953506780518	      1.00403131943990131525	     -0.00388159793757755387	     19.56639498213072414501	     -3.54693268643605641444	     -4.02709136331161410283	     -3.91381512041401125046	     -0.38682871786043282469	      0.12308912023567522565	     -3.76709233411944444114	    -22.87595379372336523716	      3.69308596018968327002	      5.45461443899063791463	     -6.05867815063650816398	     13.45623058859139931087	      0.79641458808816245618	      9.38616354007878683774	    -14.97717459629951619604	     -1.46308052726150594758	     -9.31556146361760539776
      1.87458080286895811817	      4.77530710003338221270	      1.99039219975120373896	      2.05940741064294119411	      0.58276580350000095621	      1.00397368240086559688	     -0.00369971835220108585	     19.62990666786848237280	     -3.51265466838924167448	     -4.03529700537359126145	     -4.25542446668789065001	     -0.52472657568645475479	      0.04944605550002382360	     -3.73635833584461485302	    -22.92676786538245181646	      3.63719860163179253831	      5.51696074019147086887	     -6.25090099727468651025	     13.52807260491831087279	      0.81778101301721473071	      9.50732108687497401434	    -14.95769997644971915918	     -1.39798786431580146505	     -9.33430647221330822561
      1.87642712879037620866	      4.77684651985943897756	      1.96799401549972641234	      2.09422537527575780558	      0.58305771893210645018	      1.00392211190712932201	     -0.00351560943349501359	     19.69603288981382860356	     -3.48213823209860917629	     -4.05204017085516277064	     -4.61459594976061548977	     -0.59932692861317615751	      0.04641415808946661864	     -3.81744950148294970305	    -22.97481728471875683795	      3.58365822721420501651	      5.58114709540656050990	     -6.45281119850981443875	     13.59003531487845428671	      0.83923357418285693399	      9.62101510637165091566	    -14.93701210404012691413	     -1.33410830629775145617	     -9.35392399990617207095
      1.87810220611535783064	      4.77814992182178599478	      1.94941777136453842090	      2.12570665084835486169	      0.58332946738328406155	      1.00388149748633503933	     -0.00334843062969015755	     19.75718393967574826320	     -3.45754635642797847339	     -4.07325502853778509404	     -4.95045380877808227638	     -0.61201459386300005594	      0.10780690203677557870	     -3.97754467443240811164	    -23.01560537774973269620	      3.53769113358737863351	      5.63951030898521654677	     -6.64107182539964746582	     13.63112830403868436235	      0.85362532207734675982	      9.72477964902414449000	    -14.91753429729466695619	     -1.27774975084772224321	     -9.37164145178700103145
      1.87985943484190332065	      4.77956116500607119946	      1.93077291038523779498	      2.15821184065845272926	      0.58362167907505324571	      1.00384551664000576388	     -0.00317195825751475291	     19.82197755362689051140	     -3.43339187657649702601	     -4.09914186829117266342	     -5.31091237231667534502	     -0.58903896977381386968	      0.22139433590734172719	     -4.19889745752318077621	    -23.05577903126835437320	      3.49128820280131657583	      5.69998612599107090659	     -6.84331567773931670473	     13.65788052910392913475	      0.86073661796952705139	      9.83718669003362577996	    -14.89648215760665372898	     -1.21931260531202112496	     -9.38950868498889867908
      1.88083053996517679529	      4.78042559677274780938	      1.92033082032000024242	      2.17585224806414467835	      0.58378626922236998009	      1.00382872999189998175	     -0.00307347914724711863	     19.85774632237230719056	     -3.41983919507402944760	     -4.11336002606623107880	     -5.51233965929963343200	     -0.57418183761810437371	      0.28950141280870356209	     -4.32569253909025430715	    -23.07690228312685221113	      3.46591734216976865568	      5.73273660509667681850	     -6.95715020186373234168	     13.66763784287290661723	      0.86121573768716774833	      9.89635645384832862703	    -14.88463296106393229934	     -1.18679748614393387740	     -9.39884562285018887451
      1.88273307509323428732	      4.78293995208489963744	      1.89813042758994621195	      2.20944761840313397272	      0.58411511434272100907	      1.00380353774372399478	     -0.00287690677251878227	     19.92618512717039536142	     -3.38993725394525613481	     -4.13588226056642938033	     -5.90717851399263604861	     -0.58085569759929733813	      0.37590332708903945180	     -4.53762980932345794116	    -23.11675724055297820314	      3.41523923364957182613	      5.79477621160978539905	     -7.18451397485560949718	     13.68492915207059290594	      0.85719122805634828666	      9.98329839254143891480	    -14.86165324851716640353	     -1.12116372224237981214	     -9.41537585821320099910
      1.88484474047544292574	      4.78702462646524029566	      1.87063199559974946418	      2.24535061301871863293	      0.58448949973739805497	      1.00378760305237846318	     -0.00265318940297602172	     19.99900235085858213324	     -3.35123923010687718715	     -4.15290440062603583016	     -6.34299385826027162238	     -0.66079457732869750775	      0.38556049019604787809	     -4.68612928046014687311	    -23.15814764854692953122	      3.35736680605863480054	      5.86067465311989455046	     -7.44493791420484729571	     13.71096935724036214310	      0.84740154923631649808	     10.02502001770130313218	    -14.83658291187180999771	     -1.04514050530293189922	     -9.43107653938204215649
      1.88655079423479588030	      4.79083286103123473509	      1.84705315631866540116	      2.27384007458056780493	      0.58479859208170281715	      1.00378302586353052028	     -0.00246944812900035679	     20.05583441735603145162	     -3.31714072614583699306	     -4.16287189263468260236	     -6.69303305781241686390	     -0.77429372294740073102	      0.33568661444071479227	     -4.74313831395619533993	    -23.18827439351052177585	      3.31015768336376536851	      5.91261869575762233353	     -7.66305473425672722954	     13.74264705895870442021	      0.83769329450031948525	     10.01360801585180482220	    -14.81620811723357178380	     -0.98209720485358786846	     -9.44248535850655557056
      1.88821680745275100044	      4.79453895679914232630	      1.82389737821862696343	      2.30173013113978974786	      0.58510574316343832990	      1.00378468373549978310	     -0.00228881597897531838	     20.11030966001325737125	     -3.28324062137563776886	     -4.17211547550030381615	     -7.03452136600537691891	     -0.90712788850089465242	      0.25714316566622219540	     -4.76786250403734612746	    -23.21394319037546338791	      3.26464760619822680354	      5.96303151819922216959	     -7.88361637058196063066	     13.78237606653519975453	      0.82803159971046003118	      9.96876548777300897086	    -14.79577792648596634706	     -0.92017446476037911829	     -9.45330151951128883070
      1.88993237188282448002	      4.79808427611948040692	      1.80082189239941969916	      2.33086138105731599524	      0.58542727015223339215	      1.00379200588390404825	     -0.00210267648203792817	     20.16595157168580598750	     -3.24937451114405462249	     -4.18355561749910531688	     -7.38774825012315794481	     -1.04450882528600197396	      0.16675155608990982481	     -4.78746118648187035660	    -23.23601187894950470536	      3.21922099045382958948	      6.01494510900762513472	     -8.11881987746551203600	     13.82667835753505869434	      0.81864848316462102140	      9.90111977952962440952	    -14.77395577850631802619	     -0.85694662572489421759	     -9.46466964589050796519
      1.89109669595610596637	      4.80029803999291448946	      1.78593306603295132184	      2.35096855980551522336	      0.58564842116054760535	      1.00380002398695533650	     -0.00197666742308543657	     20.20363355677787353670	     -3.22763033385354303206	     -4.19335672994510577638	     -7.62920881246278614896	     -1.12955112777075372676	      0.10865161912559360979	     -4.80491190751296670669	    -23.24838541667731206530	      3.18949731804104974486	      6.05002401226052644034	     -8.28309154581641315929	     13.85605047323942429216	      0.81350631857681554582	      9.84389085870205171602	    -14.75867293858680540097	     -0.81467310488897348719	     -9.47269795098188005511
      1.89287220232337549675	      4.80340659159127625344	      1.76504872728671813320	      2.38234541762360541028	      0.58599002041934222795	      1.00381696724968572099	     -0.00178568645765950131	     20.26101403867778216750	     -3.19742829729199007360	     -4.21233871422385952599	     -8.00075511903360236943	     -1.23830706807217683085	      0.03580721803705728956	     -4.84108142363747173675	    -23.26316630262393658768	      3.14643016375042083865	      6.10310243080557146556	     -8.54071834328415846471	     13.89467378714349798940	      0.80807674351029346038	      9.73595952997666636008	    -14.73471787457174464464	     -0.75182272853701581639	     -9.48577047777657433869
      1.89476137168206038019	      4.80628156765942460282	      1.74566762556413257457	      2.41645029960566848359	      0.58635910954191827749	      1.00384109737617266411	     -0.00158401453891129072	     20.32207967522080593881	     -3.16978110137437685268	     -4.23767053038159779987	     -8.40064723481458841547	     -1.32113147638922123761	     -0.01096814417379109174	     -4.89841023075392012487	    -23.27337054508268820996	      3.10412689239252070905	      6.15883773600421857708	     -8.82386426646629473680	     13.91594234315217093467	      0.80281952726222727268	      9.61730845162613867672	    -14.70831036220429943739	     -0.68759998066173666498	     -9.50067096022306500913
      1.89680699540150565774	      4.80906580928847748879	      1.72746218857571842697	      2.45364852130867960867	      0.58676522672187847451	      1.00387447424533005069	     -0.00136659120056941861	     20.38782043672441091076	     -3.14429978499688189686	     -4.26991703798918997848	     -8.83787728436691466527	     -1.37717653694117814211	     -0.02046385080829395131	     -4.97892095042019455775	    -23.27819581491113964944	      3.06203482340910815296	      6.21747380941832528123	     -9.14060037751359821812	     13.91001040912573039066	      0.79611958868692311864	      9.50187070562672531082	    -14.67882260833124163923	     -0.62067385079355008592	     -9.51727957214135678043
      1.89864517874645688522	      4.81182060513176512728	      1.71233910916769116461	      2.48703088416911866076	      0.58713578271347099946	      1.00391160775234355995	     -0.00117129397529929262	     20.44548539416045684902	     -3.12370906110992718752	     -4.30192610299835997978	     -9.23241912198248826371	     -1.41248994976846375948	      0.00381945405091323707	     -5.05311247550247344407	    -23.27749956059783897899	      3.02622617351491385307	      6.26776229520310845800	     -9.43447933766923618748	     13.88578064926424104897	      0.79139124044357445076	      9.40701100069496298772	    -14.65210410884027325551	     -0.56153867830527182115	     -9.53203954032399458640
      1.90001913924738641271	      4.81445918655297422362	      1.70099528905942554147	      2.51193180788387016023	      0.58741608865252981087	      1.00394437136622816098	     -0.00102504329024332634	     20.48692094241107497510	     -3.10867477890892640602	     -4.32697552419510866883	     -9.52689556657275105067	     -1.44128910396976706032	      0.03706897351586209421	     -5.09813846686072213998	    -23.27420031282048640264	      2.99980311850947067853	      6.30347647724132276181	     -9.66025761242703850940	     13.86282989353326300375	      0.79078231478892435646	      9.33544386297125505791	    -14.63245498356525864381	     -0.51706650246071561572	     -9.54274234446276281574
      1.90203710470569564706	      4.81953725269825383748	      1.68309984644035881551	      2.54791590982087878814	      0.58783266966608815896	      1.00400046206695292561	     -0.00080854422602138533	     20.54460675767492716659	     -3.08533692881195653612	     -4.36364344685534621959	     -9.95692184256570911316	     -1.50519263679486492435	      0.09803589168887671956	     -5.11916105717441372036	    -23.26518089239333164642	      2.96037330658922037685	      6.35118536477653705674	    -10.00210587965533548527	     13.83520294699914288117	      0.79891407972454320241	      9.19670976546328589052	    -14.60440739898024808952	     -0.45016297523997961250	     -9.55716320325978330175
      1.90404257586322334106	      4.82514589384350589540	      1.66341798839859178472	      2.58203082280079687649	      0.58825190977206887055	      1.00406392415041745281	     -0.00058968378632184349	     20.59926154487819260908	     -3.05953642749364540521	     -4.39743341779662433311	    -10.38050433298041674846	     -1.60421505869428293600	      0.16000250648813138521	     -5.07047419130656518149	    -23.25002843169099620013	      2.92045194335867019930	      6.39204933585152978992	    -10.35485279718928808279	     13.81945564292757566704	      0.81626694402510835413	      9.00633521302142803222	    -14.57653885858365683248	     -0.38161011383188608859	     -9.56895063671161594243
      1.90586582391135173076	      4.82983700863110687607	      1.64488033702640046307	      2.61139461942085393531	      0.58863697170755846511	      1.00412669758098482831	     -0.00038732467216171391	     20.64781433706309599074	     -3.03463232263574944625	     -4.42423984017965032933	    -10.76265376491562442141	     -1.71970655143047435054	      0.20794578271495622879	     -4.97627753647567683259	    -23.22956409041753289557	      2.88489449589128810203	      6.42503739041683363808	    -10.68733027281532521613	     13.80552044644749898339	      0.83173093358477911963	      8.81018912660111830348	    -14.55029868722945884940	     -0.31874013073074280999	     -9.57752164394699079253
      1.90757824923784435889	      4.83376435735295029161	      1.62790954300091716966	      2.63779963300966668882	      0.58900176020821182199	      1.00418966139060983345	     -0.00019485128676165073	     20.69261712488424009848	     -3.01100242886194724434	     -4.44548724975280862282	    -11.11971604960494630632	     -1.83724489378179600685	      0.23930436517992606515	     -4.86363460621870391520	    -23.20427619258103391076	      2.85321007125365699864	      6.45397638653341587656	    -11.00967570791339866787	     13.78225169472871058929	      0.83885084331347448128	      8.62760734641803317402	    -14.52480245593485719269	     -0.26031030937272991999	     -9.58422885020344139662
      1.90978986190849142623	      4.83896357631334872451	      1.60744756187160153793	      2.67112036361417848340	      0.58947736669600048209	      1.00427760897284112929	      0.00005590413476707117	     20.74824688905316705245	     -2.98111147943520027326	     -4.46781311746456122336	    -11.57914569404222682181	     -1.97908093256506600888	      0.25218088545827310742	     -4.71611511948530370830	    -23.16385289146417392203	      2.81519411297837995889	      6.49016950956398197548	    -11.43957518989970623124	     13.72650947236644292104	      0.83258799758151547099	      8.41863577596515710866	    -14.49161598621374835716	     -0.18646921275734004708	     -9.59205985891761869766
      1.91123640763560631584	      4.84302967902878034323	      1.59498414544877276100	      2.69298474148546596041	      0.58979123142711487038	      1.00433976553155690503	      0.00022058024928044422	     20.78244697793274298192	     -2.96207147764241307542	     -4.48001865414691557987	    -11.87885866691349079360	     -2.05591896709300048229	      0.24016988190396740266	     -4.62105639033378423619	    -23.13339868267123478063	      2.79176320234216124305	      6.51322578739175561680	    -11.72860780042782380406	     13.67626596392256033141	      0.82158139409170105605	      8.29308786847860446301	    -14.47041011440328261983	     -0.13908057986458535749	     -9.59721560519376915011
      1.91344779677490794967	      4.85048304350584480460	      1.57708228551663687256	      2.72723406475910090663	      0.59027526200695557002	      1.00444176204560009502	      0.00047245512810710152	     20.83051085027825521934	     -2.93376758960135219922	     -4.49670568862942587884	    -12.33457575265067163173	     -2.14431169963840240200	      0.19090741198727845251	     -4.44619566091954609988	    -23.08089140656583282407	      2.75730483600878439887	      6.54648341381014287066	    -12.18256111210230052677	     13.59213976737446394338	      0.80421275737448094656	      8.08034916225265575918	    -14.43897975609392148044	     -0.06761954033435195466	     -9.60578484328570070261
      1.91624642519668353380	      4.86212989398045980494	      1.55649298063413410453	      2.77290710578592358715	      0.59089421496673699696	      1.00458286715139633039	      0.00078971778256981537	     20.88288700546123166646	     -2.90032583309890767964	     -4.51780385768962133852	    -12.90421351354603807238	     -2.20865935562882675924	      0.09595857359582267432	     -4.19298355198463479354	    -23.00359605454521627621	      2.71564473358489966159	      6.58602734228751085510	    -12.77924238901087328202	     13.48239402562249900086	      0.79007014516841822527	      7.77232924200791419622	    -14.40106031075026571386	      0.02120751103003622531	     -9.61871113298893121168
      1.91863933825771337816	      4.87360807923257866037	      1.54093790033963773389	      2.81363042124646955955	      0.59142735093001808089	      1.00471366306205656116	      0.00105902072983021225	     20.92050720242122352488	     -2.87512712840497952627	     -4.53874030809177853030	    -13.38316601202022582129	     -2.24154101212772260965	      0.02446448809619947845	     -3.95844734102947537480	    -22.92670701929575471922	      2.68225975567590646520	      6.61791822076675373410	    -13.31029295913238286175	     13.38105565571295763050	      0.78459781034945164091	      7.49391165385113389164	    -14.36995948741880546606	      0.09546619588502434917	     -9.63126759430221568437
      1.92011421347474264820	      4.88109879748583619374	      1.53217761930617002442	      2.83904844919468324349	      0.59175688650358448939	      1.00479869752422801277	      0.00122417727948509339	     20.94083850475322705620	     -2.86144345624871343503	     -4.55389443060995180446	    -13.67397831256162810121	     -2.26532025118790780738	      0.00239823966236318766	     -3.80664415629713515088	    -22.87379206570556533507	      2.66282866196695922056	      6.63641933927748617350	    -13.64743487433402790998	     13.30806473491398556064	      0.78189476106604394179	      7.33123498411968288480	    -14.35116351300977477479	      0.14053422935248377490	     -9.63922301404503656386
      1.92299898056696028092	      4.89581343311135785967	      1.51609026468828433920	      2.88788587230870597011	      0.59240254501946121302	      1.00497266335314261454	      0.00154819150104751726	     20.97606540583112177956	     -2.83706810183621715993	     -4.58499407898503541503	    -14.23417908161779443788	     -2.32102060334796878038	      0.00137030349819974276	     -3.51569719870160435349	    -22.75698932391059159386	      2.62688231506204861176	      6.66650889590762218972	    -14.32857856424443276921	     13.13756513113739643472	      0.77901094553269534249	      7.02527674677674696113	    -14.31431228651222298254	      0.22754130624848178943	     -9.65353407755786285804
      1.92596270681273273873	      4.91016118697825731942	      1.50017458066818565321	      2.93563015829807305579	      0.59306640848136116251	      1.00516011181500308780	      0.00188479813135322802	     21.00640998599188691287	     -2.81362030689596975819	     -4.61568073934064670993	    -14.79439595895788350788	     -2.40572424237913429224	      0.04926656277666748018	     -3.23048631206689718098	    -22.61768134609332747686	      2.59211422997761564702	      6.68710813179552232555	    -15.05749779377342534303	     12.92518639659874324366	      0.77962885495845957173	      6.72427088665831984571	    -14.27543063304988102402	      0.31583438065899516189	     -9.66513168996958604851
      1.92868910118989256297	      4.92199606446316995090	      1.48557025659576047438	      2.97692576346986736979	      0.59367670839664243854	      1.00533835714201802425	      0.00219924906372053006	     21.02961048251548703547	     -2.79204250916558960327	     -4.63959494325093313449	    -15.29460444103900229607	     -2.51178088685027534055	      0.11466481615686363593	     -2.98132483755379995571	    -22.47188081285692717870	      2.56147699326086231153	      6.69711913493763688621	    -15.75223101340401044013	     12.70670731703693334680	      0.78309733615449728106	      6.45269005717023347302	    -14.23804952873617324371	      0.39633129652103121776	     -9.67249018016256734143
      1.93029302001181246595	      4.92840679858271446534	      1.47665250264687819559	      3.00006730271941091104	      0.59403550899481982750	      1.00544531437369499827	      0.00238695132423312082	     21.04123958900559898666	     -2.77845393270054019652	     -4.65041517604753451565	    -15.58296582740071123396	     -2.57830456107177807823	      0.14702140026611512647	     -2.84639447605317785772	    -22.37862835284226292742	      2.54350130682925978931	      6.69904545369022308421	    -16.17041313411958114443	     12.57006175146089788086	      0.78590659920080685463	      6.29465164114894815128	    -14.21538726596329382801	      0.44365660637136006272	     -9.67529424485275413303
      1.93300776896998138810	      4.93828291659019935622	      1.46058671192814748530	      3.03863613922735797956	      0.59464157100019676694	      1.00562953781983077661	      0.00270670420016193465	     21.05723087322790121334	     -2.75469437657134985642	     -4.66683225291839143267	    -16.06141217134712562142	     -2.68478356909403848007	      0.21860405062894203154	     -2.69392570244483930963	    -22.20787581252204390125	      2.51229911296944141696	      6.69845335222924997964	    -16.89418137983706458272	     12.32743973084834188114	      0.78918964900135313290	      6.01372527788128152793	    -14.17589124289661839384	      0.52448229307475802141	     -9.67868287506519386909
      1.93545823142545958540	      4.94648906262524068467	      1.44535777260084086215	      3.07321993888180555743	      0.59518701199864421092	      1.00579945118684244143	      0.00299743905751870699	     21.06679904932539670881	     -2.73249384159139641071	     -4.67920159996823148418	    -16.48261054789594837189	     -2.75659580581049379333	      0.29044954074525641818	     -2.65778142301665543101	    -22.04019581358781110225	      2.48329265208343041849	      6.69433943229345373993	    -17.56379917757502084896	     12.08698817419158899611	      0.78685615657465302064	      5.75920631324654408445	    -14.13943546810019036286	      0.59782330211735401626	     -9.68077337324622533288
      1.93771518562077904591	      4.95405654756129099070	      1.43144884515473780340	      3.10493726576813555695	      0.59568743380430655421	      1.00595946576513095572	      0.00326761780570656744	     21.07078253795449995778	     -2.71140295008933085441	     -4.68676889884699399147	    -16.86220103445164042455	     -2.78894956039998742625	      0.33580189457559234123	     -2.69994987341033265693	    -21.87484670347337711860	      2.45638628096025835035	      6.68731263161425903974	    -18.19423795701788293400	     11.84051469694662728216	      0.77880178819352274822	      5.54032140408824513855	    -14.10596434812877397746	      0.66475904230097371261	     -9.68212116982820347744
      1.93957361786608628584	      4.96084144087321021743	      1.42022502605445666291	      3.13100947151626662901	      0.59609742845958813007	      1.00609438494454672686	      0.00349204026835948879	     21.07005679555834021244	     -2.69338731636826933524	     -4.68985160174315840464	    -17.16909738363980864051	     -2.79089872461589649788	      0.34356681604277472530	     -2.77102182469019719946	    -21.73117763797462131947	      2.43408613326904665897	      6.67889744905432003463	    -18.72377151910098547205	     11.61866342336488067133	      0.76891123835289032495	      5.37612685671575007973	    -14.07917683905916383935	      0.71924525084083501536	     -9.68289060164837600553
      1.94077581538964838437	      4.96570119607243309900	      1.41299755769763080160	      3.14783993992900246184	      0.59636133325483053902	      1.00618343509413099568	      0.00363823301657863587	     21.06749702319966743858	     -2.68126383151914104985	     -4.69040164957705485449	    -17.36494024483564757588	     -2.78303464756359719701	      0.33022538844660159763	     -2.82681101924766542410	    -21.63474271067592624718	      2.41946324314160365887	      6.67198759620256254266	    -19.07161033801050820102	     11.46704386521735585802	      0.76182585207321218412	      5.27642037572099109610	    -14.06248221027510147962	      0.75426986485936342586	     -9.68318537251565203405
      1.94271195747737124293	      4.97439236628466829870	      1.40139158990823897710	      3.17480588575704292253	      0.59678374450063553791	      1.00632990420568901868	      0.00387542421358079599	     21.05977393671281205911	     -2.66092808820646054002	     -4.68923457512124119972	    -17.67525490074028837739	     -2.76325152851570132739	      0.27568691676668188872	     -2.93563842409001551914	    -21.47377224173963128351	      2.39553008348085949564	      6.65815532578166902056	    -19.64048846621452071304	     11.21318437390720035296	      0.75072322849800676714	      5.11456948789144139056	    -14.03678635373342409309	      0.81031222783463907611	     -9.68323011270275380014
      1.94489614280184519579	      4.98533743489241931712	      1.38866248419599824793	      3.20516405994572872729	      0.59725555251826045744	      1.00649958288560781305	      0.00414495161272040134	     21.04557779756544988459	     -2.63762331765600066547	     -4.68647551718075661142	    -18.01637467485847210469	     -2.74043006121219301363	      0.17725435927751687082	     -3.06599351546234855093	    -21.28337829175880102639	      2.36822524216337537695	      6.63864118073380637952	    -20.29566529096369364993	     10.91466151929914296659	      0.73974796421822819337	      4.92855663261443766032	    -14.00950630488213555225	      0.87266994705157285850	     -9.68283471856606325900
      1.94763101972858310162	      5.00022381921439684760	      1.37345578175942595323	      3.24335920932723631438	      0.59783757274576565521	      1.00671801184124443118	      0.00448372864629220918	     21.01987992302179364401	     -2.60965778368417655741	     -4.68468906989926825446	    -18.42876486141099690030	     -2.72104072665412966003	      0.04696894304144860754	     -3.21701687173447803403	    -21.03059146703716564275	      2.33373492286301731369	      6.60856607364156456441	    -21.13769216126540229084	     10.52683831529848212938	      0.72974300839409111941	      4.68918667781526998795	    -13.97747874397909662036	      0.94933966791011203945	     -9.68194876526131054106
      1.94999307145221201232	      5.01341302545066103136	      1.36057925864847129027	      3.27638667007126604958	      0.59833106135407210235	      1.00691077550656959971	      0.00477646170020465909	     20.99164615013276247169	     -2.58766639056881064818	     -4.68752197832966910340	    -18.77232168057966887886	     -2.71244252515135819692	     -0.01592652448395927636	     -3.33146633172869588435	    -20.79820345602304243471	      2.30334708189760917207	      6.57727742815622562489	    -21.88515644118271197271	     10.17904491151865897791	      0.72411703375397218352	      4.48219619822240211704	    -13.95100805108375929819	      1.01476476844337226701	     -9.68059977018110551228
      1.95168464952114550925	      5.02227867619577228453	      1.35117803364733135574	      3.29964797942957677179	      0.59867874716927083067	      1.00704931816613951767	      0.00498689194472372744	     20.96945864168277395834	     -2.57280872257923176605	     -4.69136568469522430291	    -19.01352636433150777862	     -2.69330163223236951353	     -0.02012434196723965688	     -3.42652147552306551859	    -20.62265112241589193331	      2.28091058524289813647	      6.55038685551919019900	    -22.43275734953925848458	      9.92191542652341595954	      0.72223053149648730464	      4.33547813875098331238	    -13.93188454424534938880	      1.06136351297094666535	     -9.67882820255325349024
      1.95352296786202184187	      5.03065683146359621247	      1.34051361206006758309	      3.32426448125158557900	      0.59905088551574170452	      1.00719860719610743161	      0.00521747442949202500	     20.94462982731410605197	     -2.55661812089501427891	     -4.69554990902364099981	    -19.27262985453754851051	     -2.64430843621020628120	      0.00419195235949406698	     -3.56228369817104040251	    -20.42213146789554301108	      2.25547153753036111468	      6.51529056606354028958	    -23.04046707053757359063	      9.63463688056767253443	      0.72295853577323831995	      4.17694486952228327681	    -13.91015512702635348319	      1.11185885419132413077	     -9.67579246894261935097
      1.95541017090228175235	      5.03835367097488351362	      1.32843514993668998514	      3.34879216936634671598	      0.59942647857559472335	      1.00735157351739745835	      0.00545667580570704473	     20.91743890772655944943	     -2.53896562149150462062	     -4.69961935906579242328	    -19.53323717025436323524	     -2.58059860679858754651	      0.05005430437832226326	     -3.71067369911645572600	    -20.20637082569055209547	      2.22736008883628011645	      6.47278124852310376980	    -23.67724754396034114734	      9.32794208387814194339	      0.72545049726276844559	      4.02186194604926061658	    -13.88734469503918056432	      1.16422797210445727600	     -9.67126616245520587256
      1.95722781714489624250	      5.04565427656158593805	      1.31512197427216159795	      3.37165870258581801266	      0.59978193130979817749	      1.00750018612258562811	      0.00569003370052523997	     20.88835986946848422008	     -2.51982794672884979903	     -4.70276375009395586346	    -19.77685917001858584285	     -2.52610597781481560631	      0.09570942205672423875	     -3.83175295873735022312	    -19.99021286772020289391	      2.19756229721682627698	      6.42571804930458601035	    -24.30176623496993926210	      9.01995856792285088943	      0.72853836616017841887	      3.88287338476135523990	    -13.86574100010755827839	      1.21581069362465910011	     -9.66534386847316540070
      1.95944988102206596459	      5.05513620483130221572	      1.29619137196546274637	      3.39838971532671996201	      0.60020795517625347149	      1.00768500386833204097	      0.00598024210204968747	     20.84795625394286844312	     -2.49233200148671230068	     -4.70435471843982977447	    -20.06312727638497150906	     -2.48896730493815843133	      0.12606502916537204451	     -3.91704065588858130198	    -19.71622572561971153959	      2.15694425991723282010	      6.36055464810875736958	    -25.07811215555312500669	      8.62503454137741165653	      0.73152058808660380684	      3.73014032652762006492	    -13.84062255753061521091	      1.28076150885094453002	     -9.65569487097256740071
      1.96093278236983881158	      5.06168691174284290923	      1.28208666009681060416	      3.41548024274382866494	      0.60048681892891120349	      1.00780994002526136377	      0.00617700939503882957	     20.81832072561650903708	     -2.47152311752067932460	     -4.70375049125341870848	    -20.24773903365367289098	     -2.47912103299122765776	      0.12758087151136709991	     -3.93904175662584954409	    -19.52738254548086871409	      2.12741729387966493903	      6.31282822272060251123	    -25.60377629234788798840	      8.35039970298672606930	      0.73245045118720830679	      3.63891369687584864678	    -13.82454363792014895296	      1.32505005754011584429	     -9.64781947846065079943
      1.96353043263429682952	      5.07165886271109478400	      1.25583519580447644515	      3.44526297627244249000	      0.60096280846940330900	      1.00802745424993167589	      0.00652475862562941489	     20.76404976271237501351	     -2.43352654370114196425	     -4.70234277575419756801	    -20.56409576758587931522	     -2.42956245128297920743	      0.15237335757954639792	     -4.01193678593451963366	    -19.18060741770103305726	      2.07218085273251650946	      6.22108756864379408569	    -26.54617938135911359154	      7.85650890180114824801	      0.73461075376021689465	      3.48895747853431270613	    -13.79571354203167388164	      1.40316376879508508679	     -9.63281205895412462326
      1.96576443090670771596	      5.08031905355926571843	      1.23177375326651761256	      3.47047726483284568744	      0.60136025283875838010	      1.00821580340491978589	      0.00682769734127135902	     20.71255635603658973309	     -2.39878803258236583673	     -4.70034605281548056865	    -20.82746349515994666035	     -2.35350068430463021940	      0.18334845665468574305	     -4.10618180535212395910	    -18.86941336437370964063	      2.02103751972040557305	      6.13487174700986503950	    -27.37430962848182147695	      7.42000758693831752311	      0.73577164348255330584	      3.36654474243317514137	    -13.77199557022482778734	      1.47073095984664847791	     -9.61840893396072971200
      1.96801302556592272452	      5.09055238595291204007	      1.20609987119094252961	      3.49493378903005025293	      0.60175005009531767897	      1.00840922453273118542	      0.00713740605771559511	     20.65411841709823193014	     -2.36109437094819352154	     -4.69693151099037198293	    -21.08236888776987072447	     -2.25939828609815807070	      0.20421646773177878909	     -4.20576695444080517206	    -18.54752356492429754553	      1.96602978914626569384	      6.04200014223601300500	    -28.21908112031510995621	      6.97255233401783147684	      0.73580318631287022768	      3.24319444351115393488	    -13.75067520469078274914	      1.53906625605856617334	     -9.60191762307361607043
      1.96997862507058862924	      5.10065252304892435831	      1.18236851948891974473	      3.51512590526377177724	      0.60208266424437850706	      1.00858161801546697411	      0.00741278495922985739	     20.59775938242156811953	     -2.32549120717421908822	     -4.69250460231364474595	    -21.29632110397315969408	     -2.17468013847082008994	      0.20390596747276443224	     -4.27645702886462153458	    -18.26007511231676971875	      1.91500483403342114386	      5.95622705333329260924	    -28.96334063677123893399	      6.57510082540243701033	      0.73474766542378755485	      3.13410761381431379746	    -13.73400054163774974825	      1.59904262559831100710	     -9.58541890846116473313
      1.97138064568712656488	      5.10730541643838353849	      1.16432830369532958059	      3.52956274565749383854	      0.60231390023378594822	      1.00870482231764713177	      0.00761068760449074271	     20.55596351445944236502	     -2.29865841324861097661	     -4.68971163751203423686	    -21.44315709345614706649	     -2.13053553656708327679	      0.19192175333428826423	     -4.29274289419018284519	    -18.04920804090716401902	      1.87648194707408699777	      5.89306699666678124316	    -29.50039267478085847074	      6.29163696092836755014	      0.73547219106600469907	      3.04319365511952311110	    -13.72195207196092958668	      1.64246400537229408911	     -9.57305943778549384149
      1.97294309780531973431	      5.11313976914869705581	      1.14263272336189025680	      3.54690720523224367611	      0.60256392713500139813	      1.00884093762197468713	      0.00783077478177735854	     20.50884392614668527699	     -2.26758063121360020631	     -4.68881930798011303807	    -21.60007599257746946364	     -2.11312284144968831612	      0.17103352119130418862	     -4.25659640381317938562	    -17.80567555154718561994	      1.83073464502828087141	      5.82150615239439961357	    -30.10964525584643780576	      5.98035883275938573433	      0.74026728444755263148	      2.91367092428742857635	    -13.70731174183922185250	      1.69223592049023285888	     -9.55975685988570766938
      1.97424964733254304505	      5.11723140665142661732	      1.12334826861345504767	      3.56236028879904731426	      0.60276727232737403739	      1.00895447855835107553	      0.00801454079383423501	     20.46839665492758086884	     -2.24082368809445009461	     -4.68991840605644672024	    -21.72641546750807250987	     -2.11255072133753030172	      0.15426914255951815202	     -4.19873689616697021165	    -17.59618870881627117342	      1.79027920530130035814	      5.76077186317039124930	    -30.62624060330047015555	      5.72151616625980796726	      0.74643890123505474143	      2.78828819453615839308	    -13.69459926304282326726	      1.73480863934397477877	     -9.54897653528831291680
      1.97567523564443048301	      5.12143595708715437809	      1.10142272352962988791	      3.58002306076338161489	      0.60298377526669189042	      1.00907878214945201378	      0.00821500306505695659	     20.42254584632020453228	     -2.21113087568875155142	     -4.69284428209383097652	    -21.86011409037740449435	     -2.11035669190329411293	      0.14492795608997857681	     -4.12915178702290575075	    -17.36277156664420573406	      1.74413981028988218647	      5.69358422962348420526	    -31.19554633160193546360	      5.43777860038885663130	      0.75393179180614611212	      2.64063452886280813914	    -13.68082807500466913098	      1.78188776345381882926	     -9.53745479982138100183
      1.97727950316496858818	      5.12638319116488982985	      1.07610039415275560160	      3.60050680567689029843	      0.60322143285197171725	      1.00921980630272534185	      0.00844105812691238293	     20.36827736140291023048	     -2.17744470588362659669	     -4.69770049177571813459	    -22.00666793555494393786	     -2.08667014308445963877	      0.15368580090346881106	     -4.06899862669796075210	    -17.09542533044874801362	      1.69024747908572470223	      5.61673855357358142726	    -31.84106432069158287845	      5.11349484350820837619	      0.76134199720302586645	      2.46938804127847078007	    -13.66602300725860708042	      1.83507272253473607826	     -9.52450750963494741086
      1.97933186308779340834	      5.13357188442407874618	      1.04335497578618774384	      3.62660881585816774475	      0.60351731456876289705	      1.00940258158101880959	      0.00873250561332595751	     20.29445027468987561292	     -2.13407043364141202346	     -4.70463450460792209640	    -22.19001466598524885399	     -2.00188541323519686443	      0.19799982443737934590	     -4.04863752710751612085	    -16.74814850750964723147	      1.61916079790002842564	      5.51602571990402079649	    -32.67044493143622219122	      4.68408393120802468701	      0.76586627086894665251	      2.25908683206605775950	    -13.64870039844222482373	      1.90248425052620762088	     -9.50710988117100797012
      1.98016107265257157444	      5.13677128398152937905	      1.03011317450329853429	      3.63679256578017584545	      0.60363446586192892607	      1.00947721145549107469	      0.00885149640734597155	     20.26330694850483382652	     -2.11634433113581943431	     -4.70710762876393395970	    -22.26307562255619743041	     -1.94867879629329321389	      0.22402441188354152435	     -4.06013340074976092353	    -16.60652518531777133148	      1.58994090598597859199	      5.47436901824356603186	    -33.00570068049764671514	      4.50430089684981549425	      0.76542710679026815246	      2.18072884102721786803	    -13.64223663835941735556	      1.92933297573505746492	     -9.49951897341317952339
      1.98233056396598272819	      5.14384064222175396708	      0.99439529996350772834	      3.66401204569427552116	      0.60393149560606951276	      1.00967113678759190520	      0.00916484312384199633	     20.18072966955408276135	     -2.06801911446736008671	     -4.71282956746903369805	    -22.45010476328693016512	     -1.78766661956633132746	      0.27248174268187852487	     -4.09865297639555858922	    -16.22722620100831392165	      1.51089179031022791122	      5.36391666261325372744	    -33.89191525861198073244	      4.03194840675987098422	      0.76548366089862274197	      1.90132767571235206105	    -13.62459056154741254829	      1.99976877120690099687	     -9.47938480391987070561
      1.98465297437231891209	      5.14993339265235938740	      0.95348641302376158091	      3.69349710984310064532	      0.60423407289180564028	      1.00987813217866917448	      0.00950491135121863708	     20.08970133652323042384	     -2.01142082481650064096	     -4.71719009181877613202	    -22.64116064305295950021	     -1.61067126292315410119	      0.26915958034122156040	     -4.11459067184636584358	    -15.80836308711913495983	      1.42100310750594904796	      5.24241808782481211182	    -34.85388166650212582454	      3.52936946476266744099	      0.77109040814203666514	      1.46598472717055172687	    -13.60521726530931196919	      2.07640922071293587692	     -9.45655415489570039256
      1.98715985756027646580	      5.15701292850241710397	      0.90594285728068901786	      3.72414006684285459059	      0.60454438787719089188	      1.01010554498885851693	      0.00987931689711701692	     19.98550400869133980564	     -1.94407882956429323151	     -4.72004055448884241031	    -22.83413548705269491279	     -1.43747831989061469748	      0.20761271012998969154	     -4.08396324060261495248	    -15.34656644621453125410	      1.31751531345500083603	      5.10588960438168371070	    -35.89983964428498808275	      2.98810566056618220898	      0.78149538883869029693	      0.88210333480222258284	    -13.58615444094289870236	      2.16074632206573724602	     -9.42873642645628251557
      1.98954167431873307770	      5.16515995340382438883	      0.85793857332679146488	      3.75098718590610991086	      0.60482482229889511505	      1.01032785789429446766	      0.01024264626845961153	     19.87971312876192087060	     -1.87508941228482894914	     -4.72206963321482664497	    -23.00427568257017085784	     -1.29770119089242963462	      0.12112040584993523373	     -4.01315085929537485043	    -14.90191305406706590020	      1.21353771645006047741	      4.97021259587832808791	    -36.89415267124221742279	      2.46957533003198292931	      0.78983496413661391511	      0.27765973271492350172	    -13.57082114111061699191	      2.24187840743881805494	     -9.39822206103817237022
      1.98999999999999999112	      5.16687873991667157014	      0.84841802352605644177	      3.75582341826467080992	      0.60487726172432698668	      1.01037138782297519768	      0.01031342319997017969	     19.85863090856490131841	     -1.86135752402875387368	     -4.72248350291884122498	    -23.03560922742592964596	     -1.27373817422363755369	      0.10407374947638088625	     -3.99565856059686597135	    -14.81585001692579872667	      1.19294507607632072066	      4.94337957464006283459	    -37.08505547591979478739	      2.36867681867440449395	      0.79067814222826238169	      0.16173718235809184107	    -13.56816789600673800464	      2.25755814350075212360	     -9.39182774085764293659
