inDegrees=no
num_controls=115
num_derivatives=0
num_iterations=435
num_multipliers=0
num_parameters=0
num_slacks=0
num_states=92
objective=65643.672274
objective_excitation_effort=65643.672274
solver_duration=3348.514950
status=Solve_Succeeded
success=true
DataType=double
version=3
OpenSimVersion=4.5
endheader
time	/forceset/glut_med1_r/activation	/forceset/glut_med2_r/activation	/forceset/glut_med3_r/activation	/forceset/glut_min1_r/activation	/forceset/glut_min2_r/activation	/forceset/glut_min3_r/activation	/forceset/semimem_r/activation	/forceset/semiten_r/activation	/forceset/bifemlh_r/activation	/forceset/bifemsh_r/activation	/forceset/sar_r/activation	/forceset/add_long_r/activation	/forceset/add_brev_r/activation	/forceset/add_mag1_r/activation	/forceset/add_mag2_r/activation	/forceset/add_mag3_r/activation	/forceset/tfl_r/activation	/forceset/pect_r/activation	/forceset/grac_r/activation	/forceset/glut_max1_r/activation	/forceset/glut_max2_r/activation	/forceset/glut_max3_r/activation	/forceset/iliacus_r/activation	/forceset/psoas_r/activation	/forceset/quad_fem_r/activation	/forceset/gem_r/activation	/forceset/peri_r/activation	/forceset/rect_fem_r/activation	/forceset/vas_med_r/activation	/forceset/vas_int_r/activation	/forceset/vas_lat_r/activation	/forceset/med_gas_r/activation	/forceset/lat_gas_r/activation	/forceset/soleus_r/activation	/forceset/tib_post_r/activation	/forceset/flex_dig_r/activation	/forceset/flex_hal_r/activation	/forceset/tib_ant_r/activation	/forceset/per_brev_r/activation	/forceset/per_long_r/activation	/forceset/per_tert_r/activation	/forceset/ext_dig_r/activation	/forceset/ext_hal_r/activation	/forceset/glut_med1_l/activation	/forceset/glut_med2_l/activation	/forceset/glut_med3_l/activation	/forceset/glut_min1_l/activation	/forceset/glut_min2_l/activation	/forceset/glut_min3_l/activation	/forceset/semimem_l/activation	/forceset/semiten_l/activation	/forceset/bifemlh_l/activation	/forceset/bifemsh_l/activation	/forceset/sar_l/activation	/forceset/add_long_l/activation	/forceset/add_brev_l/activation	/forceset/add_mag1_l/activation	/forceset/add_mag2_l/activation	/forceset/add_mag3_l/activation	/forceset/tfl_l/activation	/forceset/pect_l/activation	/forceset/grac_l/activation	/forceset/glut_max1_l/activation	/forceset/glut_max2_l/activation	/forceset/glut_max3_l/activation	/forceset/iliacus_l/activation	/forceset/psoas_l/activation	/forceset/quad_fem_l/activation	/forceset/gem_l/activation	/forceset/peri_l/activation	/forceset/rect_fem_l/activation	/forceset/vas_med_l/activation	/forceset/vas_int_l/activation	/forceset/vas_lat_l/activation	/forceset/med_gas_l/activation	/forceset/lat_gas_l/activation	/forceset/soleus_l/activation	/forceset/tib_post_l/activation	/forceset/flex_dig_l/activation	/forceset/flex_hal_l/activation	/forceset/tib_ant_l/activation	/forceset/per_brev_l/activation	/forceset/per_long_l/activation	/forceset/per_tert_l/activation	/forceset/ext_dig_l/activation	/forceset/ext_hal_l/activation	/forceset/ercspn_r/activation	/forceset/ercspn_l/activation	/forceset/intobl_r/activation	/forceset/intobl_l/activation	/forceset/extobl_r/activation	/forceset/extobl_l/activation	/forceset/glut_med1_r	/forceset/glut_med2_r	/forceset/glut_med3_r	/forceset/glut_min1_r	/forceset/glut_min2_r	/forceset/glut_min3_r	/forceset/semimem_r	/forceset/semiten_r	/forceset/bifemlh_r	/forceset/bifemsh_r	/forceset/sar_r	/forceset/add_long_r	/forceset/add_brev_r	/forceset/add_mag1_r	/forceset/add_mag2_r	/forceset/add_mag3_r	/forceset/tfl_r	/forceset/pect_r	/forceset/grac_r	/forceset/glut_max1_r	/forceset/glut_max2_r	/forceset/glut_max3_r	/forceset/iliacus_r	/forceset/psoas_r	/forceset/quad_fem_r	/forceset/gem_r	/forceset/peri_r	/forceset/rect_fem_r	/forceset/vas_med_r	/forceset/vas_int_r	/forceset/vas_lat_r	/forceset/med_gas_r	/forceset/lat_gas_r	/forceset/soleus_r	/forceset/tib_post_r	/forceset/flex_dig_r	/forceset/flex_hal_r	/forceset/tib_ant_r	/forceset/per_brev_r	/forceset/per_long_r	/forceset/per_tert_r	/forceset/ext_dig_r	/forceset/ext_hal_r	/forceset/glut_med1_l	/forceset/glut_med2_l	/forceset/glut_med3_l	/forceset/glut_min1_l	/forceset/glut_min2_l	/forceset/glut_min3_l	/forceset/semimem_l	/forceset/semiten_l	/forceset/bifemlh_l	/forceset/bifemsh_l	/forceset/sar_l	/forceset/add_long_l	/forceset/add_brev_l	/forceset/add_mag1_l	/forceset/add_mag2_l	/forceset/add_mag3_l	/forceset/tfl_l	/forceset/pect_l	/forceset/grac_l	/forceset/glut_max1_l	/forceset/glut_max2_l	/forceset/glut_max3_l	/forceset/iliacus_l	/forceset/psoas_l	/forceset/quad_fem_l	/forceset/gem_l	/forceset/peri_l	/forceset/rect_fem_l	/forceset/vas_med_l	/forceset/vas_int_l	/forceset/vas_lat_l	/forceset/med_gas_l	/forceset/lat_gas_l	/forceset/soleus_l	/forceset/tib_post_l	/forceset/flex_dig_l	/forceset/flex_hal_l	/forceset/tib_ant_l	/forceset/per_brev_l	/forceset/per_long_l	/forceset/per_tert_l	/forceset/ext_dig_l	/forceset/ext_hal_l	/forceset/ercspn_r	/forceset/ercspn_l	/forceset/intobl_r	/forceset/intobl_l	/forceset/extobl_r	/forceset/extobl_l	/forceset/knee_exo_device	/forceset/reserve_jointset_ground_pelvis_pelvis_tilt	/forceset/reserve_jointset_ground_pelvis_pelvis_list	/forceset/reserve_jointset_ground_pelvis_pelvis_rotation	/forceset/reserve_jointset_ground_pelvis_pelvis_tx	/forceset/reserve_jointset_ground_pelvis_pelvis_ty	/forceset/reserve_jointset_ground_pelvis_pelvis_tz	/forceset/reserve_jointset_hip_r_hip_flexion_r	/forceset/reserve_jointset_hip_r_hip_adduction_r	/forceset/reserve_jointset_hip_r_hip_rotation_r	/forceset/reserve_jointset_ankle_r_ankle_angle_r	/forceset/reserve_jointset_subtalar_r_subtalar_angle_r	/forceset/reserve_jointset_mtp_r_mtp_angle_r	/forceset/reserve_jointset_hip_l_hip_flexion_l	/forceset/reserve_jointset_hip_l_hip_adduction_l	/forceset/reserve_jointset_hip_l_hip_rotation_l	/forceset/reserve_jointset_knee_l_knee_angle_l	/forceset/reserve_jointset_ankle_l_ankle_angle_l	/forceset/reserve_jointset_subtalar_l_subtalar_angle_l	/forceset/reserve_jointset_mtp_l_mtp_angle_l	/forceset/reserve_jointset_back_lumbar_extension	/forceset/reserve_jointset_back_lumbar_bending	/forceset/reserve_jointset_back_lumbar_rotation
0.53	0.9628770677952118	0.7751685027910847	0.01805083129987155	0.6074988498346483	0.8135234781241366	0.7394701250279954	0.9996474215137818	0.9990660406842656	0.9994816399185436	0.380141221545126	0.9095979896672766	0.01540155729445804	0.2105103990997726	0.3635434779749515	0.1184819711464272	0.01131595923389542	0.5729945886021084	0.4681891453191596	0.3597916956921646	0.01185259848245476	0.0107215256104151	0.01048304284087516	0.01051494138362544	0.6360702071620571	0.9991459224308374	0.9982654116574278	0.07199172993509481	0.9997974257615415	0.1936059495247826	0.144999495781635	0.08025148194107445	0.02923078598494218	0.08279803701341945	0.1079164013466603	0.2124742461479573	0.56706120277909	0.5358739090453978	0.8259625791653684	0.5166017356907147	0.4811189192840709	0.5852126243597792	0.5216114706107221	0.5022804143324683	0.6981775782916535	0.5902414170220229	0.01970011193774795	0.6443005623680658	0.775770048050923	0.7547098878503469	0.3970675151108493	0.2369989803598228	0.1025191838254532	0.8139605181581564	0.8665473837290127	0.06937222317496047	0.1211541366082366	0.02719719275598146	0.02096854308036572	0.02250919852587674	0.5172374172292169	0.2552088548425056	0.06271639497503012	0.3252669619522305	0.01083214868493619	0.01047303230980494	0.7821520637772408	0.7355734354999844	0.01103837326805076	0.03340533138319073	0.05951184970749686	0.7248714023753773	0.09729285914351736	0.08682103592958072	0.07076925993918103	0.8679428130106036	0.7677872942912318	0.1291772499307891	0.5543061662812364	0.5168669771561197	0.5016270913113894	0.6899903456668427	0.414385809183581	0.3536106265817169	0.5085911946007796	0.5680590329364901	0.540925456590889	0.9998503116853615	0.6020783435904022	0.1131829665006461	0.01000388057003467	0.01004780184835061	0.3888939016968336	0.9628770677952118	0.7751685027910847	0.01805083129987155	0.6074988498346483	0.8135234781241366	0.7394701250279954	0.9996474215137818	0.9990660406842656	0.9994816399185436	0.380141221545126	0.9095979896672766	0.01540155729445804	0.2105103990997726	0.3635434779749515	0.1184819711464272	0.01131595923389542	0.5729945886021084	0.4681891453191596	0.3597916956921646	0.01185259848245476	0.0107215256104151	0.01048304284087516	0.01051494138362544	0.6360702071620571	0.9991459224308374	0.9982654116574278	0.07199172993509481	0.9997974257615415	0.1936059495247826	0.144999495781635	0.08025148194107445	0.02923078598494218	0.08279803701341945	0.1079164013466603	0.2124742461479573	0.56706120277909	0.5358739090453978	0.8259625791653684	0.5166017356907147	0.4811189192840709	0.5852126243597792	0.5216114706107221	0.5022804143324683	0.6981775782916535	0.5902414170220229	0.01970011193774795	0.6443005623680658	0.775770048050923	0.7547098878503469	0.3970675151108493	0.2369989803598228	0.1025191838254532	0.8139605181581564	0.8665473837290127	0.06937222317496047	0.1211541366082366	0.02719719275598146	0.02096854308036572	0.02250919852587674	0.5172374172292169	0.2552088548425056	0.06271639497503012	0.3252669619522305	0.01083214868493619	0.01047303230980494	0.7821520637772408	0.7355734354999844	0.01103837326805076	0.03340533138319073	0.05951184970749686	0.7248714023753773	0.09729285914351736	0.08682103592958072	0.07076925993918103	0.8679428130106036	0.7677872942912318	0.1291772499307891	0.5543061662812364	0.5168669771561197	0.5016270913113894	0.6899903456668427	0.414385809183581	0.3536106265817169	0.5085911946007796	0.5680590329364901	0.540925456590889	0.9998503116853615	0.6020783435904022	0.1131829665006461	0.01000388057003467	0.01004780184835061	0.3888939016968336	0.008091149093603766	-0.3000805060695002	0.3835546106052415	-0.493544869326745	0.1143410201744174	-0.1305265391331956	0.528289796408601	-0.02773642473943211	-0.006679323497224238	-0.004575720488502627	-0.0007093555243518861	0.0003160787617934521	0.0008148986714269681	0.01308102185712468	-0.01077930589103652	0.0003750791880040966	8.207087745505758e-05	1.284655528829483e-05	-0.0001424141460799225	0.0002853628467159429	-0.6278707217610437	0.4301435018543352	-0.1834619613527023
0.5473809523809524	0.9998400987402021	0.88663209271393	0.01018939659020428	0.671691695152286	0.8771199526791718	0.8040712960583604	0.5989882523383809	0.5986401003735273	0.5988775403668523	0.6138172363614253	0.9729785238080896	0.207819762915802	0.1046372250284423	0.1987755460402401	0.0400495526551499	0.3458468387795257	0.484947401072333	0.6329161179457951	0.2167797529818264	0.3591071974432227	0.4233334096351107	0.2324562937840793	0.4126656528298603	0.7716707817465522	0.8901915664625172	0.9292366483665681	0.01018142049887914	0.5990266904193758	0.1378592799443444	0.1186004968917289	0.07528445305216415	0.1326285169335562	0.1618980464966788	0.05642547760216105	0.1114927173240525	0.6253707100511698	0.562674573355842	0.8882596466762029	0.4923379309957092	0.3759378052838392	0.6699137520087167	0.6372891660794362	0.5304699284688822	0.8028170415214788	0.5078889415857685	0.01487724313419014	0.7556379685884307	0.8450435811420416	0.8151152244745301	0.2181916700360628	0.199977322338489	0.04372364029038053	0.856345824339375	0.8894385588037474	0.1021518151502854	0.06390297608022814	0.01056105057285427	0.01148168510803987	0.01065506055879412	0.5110938678398448	0.2789539091246609	0.2228327957352361	0.3079099724157115	0.1493869234762303	0.217175306530283	0.8059029143660645	0.8181666047116105	0.0392931813644805	0.01671038533976304	0.03316133111440353	0.8233799730569148	0.06273414843343948	0.05614456377389414	0.04636120766590633	0.9056222737439893	0.826566446410661	0.1482415993938487	0.5713739037658558	0.5130710174344443	0.4995202159810229	0.6736009518440357	0.415435095536581	0.3558460570196318	0.503657768375386	0.5586369527407501	0.5390947768410159	0.5990379863472155	0.3225018486599491	0.02834352853412268	0.2049422566267229	0.1010891315017591	0.2321046481340031	0.97353743525079	0.9915546377903333	0.05275731071925134	0.73692728820919	0.9042975606468961	0.8382124438699746	0.01017967725081398	0.01028650055694756	0.01018956156869788	0.9994815711935743	0.9993556773039596	0.4078558989175098	0.01052111327890435	0.0104426280088491	0.010384141538385	0.7950132662719344	0.3828531614671418	0.8515524623216654	0.09982897960704784	0.8125459760261393	0.9942331140833749	0.537257465349801	0.9998946327068814	0.9999095182386315	0.6322700435223649	0.7432428945592936	0.01152722864989931	0.01005888326093163	0.07127702094934457	0.08445165833281371	0.06611694080805168	0.2413316443697263	0.2544841526312344	0.010495415553937	0.01102133916835769	0.7213854853804393	0.6088584792912325	0.9978192773249349	0.4593899942904966	0.2385754995233648	0.8040034219410721	0.812836835849381	0.5695187765862156	0.9885051332632313	0.3622152788902736	0.01133892629872679	0.9544593120783083	0.9707705263975055	0.8982027931206364	0.0108084721187114	0.1512297854351587	0.01026743846601755	0.9272155379075739	0.9362221272431634	0.1263803610087295	0.01073761843605171	0.01101373125233287	0.01095127273810101	0.01050438893983565	0.5036355619481701	0.2860884455757918	0.389302631152085	0.2935322796667244	0.2910605756748636	0.4477175743682775	0.8609794733104996	0.9673746221756208	0.0612967614490209	0.01073920814984162	0.01207365793062889	0.9980185475071348	0.03018680430393044	0.02765140747199434	0.02421014466890472	0.9701727980097137	0.9249411303735956	0.1680602714634481	0.5935834858393387	0.5024535222978314	0.4922822028959458	0.642344229188182	0.4197367800143604	0.3627506969692063	0.4971438007951979	0.5493331674826599	0.5373107812968791	0.01000719210572259	0.01000112531041663	0.01000040483779773	0.4071087080317098	0.194806044108149	0.04024940397449463	-0.003732920254892728	0.4943940524734803	-0.3956599930468465	0.08159259106304736	-0.8467133740238846	0.278473845105526	-1.064358506327417	0.01399733408093966	0.003487588180752865	0.001625566011949626	0.0001849586654916057	-0.0001410546520079346	-0.0002224704999800369	-0.006747177945730475	0.005371793110305247	-0.0001415140489966982	3.70300041876863e-05	3.519069605851225e-06	7.311814553374993e-05	-0.0001112643400644613	0.3194254773721661	-0.2106822993825526	0.07137910662172085
0.5647619047619048	0.723591904129516	0.6958262539030952	0.3568700827202531	0.5870427916141925	0.6540788986876168	0.6013133105795228	0.467073941888191	0.4669441320689073	0.4670426036277664	0.8832597486127816	0.7477920268605257	0.2577961433783206	0.08644867979477057	0.084730880307809	0.2341529236675295	0.6544306636572143	0.5289787642194743	0.6144923770138119	0.3600776533346223	0.5999166376307122	0.7394996726899139	0.6270446805050802	0.8707145083924531	0.904527323630691	0.5370550565943948	0.6275251963887615	0.3289161406018542	0.467130219663196	0.05013301831410722	0.05589574129158622	0.04328648761712102	0.2274624485148596	0.2628882671986222	0.01859856581351889	0.03937762409761453	0.6869879297406677	0.6023684369504685	0.959449869814144	0.4859053121535405	0.3304451554279293	0.7333146582922723	0.7036132049884073	0.5384923506233925	0.9353164810555495	0.3621128882791274	0.01384458891636363	0.9071040627679394	0.9397469057679145	0.8055000376325014	0.1070432221555313	0.1402347306020915	0.116262019252267	0.8925778923341544	0.9382868775049495	0.08122094737075371	0.01396674792612101	0.09699563052038067	0.05511298736729398	0.0688428144768365	0.5131421688055575	0.1929420183425996	0.2461337360767679	0.3307727567114385	0.2342863661205575	0.338171713834473	0.8811461134273784	0.9305997004697609	0.04583060288794615	0.05795064329412244	0.02175525876172956	0.9455649211259611	0.02884833042463373	0.02596325418200372	0.02251405171643445	0.9423262650390408	0.8784356661021613	0.160898214648944	0.5691874167342813	0.4912836790888938	0.4820651214367374	0.6426792428111537	0.4277051834134025	0.3741015435038424	0.5031889052856972	0.5707693287712265	0.5414808824764578	0.4671332684819782	0.3751161456668568	0.3265578000027196	0.2572289568242087	0.2030823798462177	0.10068518172939	0.01020552979617644	0.01101886879929136	0.9992928207497339	0.2630362420620306	0.01105315505015211	0.01103967941059212	0.9996020177803914	0.9994003546146759	0.9996072988251645	0.9651660667622296	0.08907436215660117	0.0107793159338877	0.2009792314682519	0.1510203549494813	0.6728345618840383	0.5972113627592468	0.8031123369289128	0.2110566000954653	0.8837839200362748	0.3679082974232778	0.5216701057027026	0.9994399753381146	0.9985245690260459	0.8982293778969368	0.01150042919455336	0.111111921842636	0.9995983974535666	0.9999272911972595	0.01090380415219937	0.01077297664636172	0.01064935855582431	0.2133621858719694	0.3003413195441457	0.03409759360314	0.07372520507707366	0.6943342042761825	0.6302458782071469	0.9799052630875937	0.5224524063359585	0.4393361063308336	0.6854404437959033	0.5932293388570101	0.4959027905965013	0.9993330374103058	0.2415833858959489	0.0180970187082669	0.999153629697865	0.998191959292735	0.64594145353598	0.1991937957312534	0.1071669183867979	0.2966951953266326	0.8784651566909272	0.9979399966333288	0.01072381368996539	0.02217360279781324	0.2341388050007336	0.1204089995365807	0.1573226524268131	0.530190748900763	0.01819045506178105	0.01220128939746358	0.4043241832815613	0.1447258352676574	0.1781716388546959	0.9990051135025844	0.9991493262028279	0.01947258421202047	0.1295692460410768	0.03883544706328459	0.999993377028122	0.02963176237650967	0.02653579973892929	0.02315720335031146	0.940083519874046	0.8626033607840693	0.1512795231337261	0.5279857386248589	0.4541771044617159	0.4505771372643884	0.610768156335555	0.4499149350756812	0.4045779937995406	0.5124362056319195	0.6167742034081515	0.5503798375654521	0.9999958521916226	0.9876868320189977	0.9999992057450258	0.01000069921262554	0.2205153643057257	0.1349590746403123	0.005578235025700696	-1.010211614878757	0.4220908451835624	-0.1196937558500479	-1.0183655504917	-0.607189990272352	1.084928892570294	-0.02694097047398591	-0.007211033456210139	-0.004061002349930624	-0.0006701505590833025	0.0002240272395069473	-0.0003043225251312714	0.01378934756916644	-0.0112017977525116	-0.0001154734711351674	3.631510482015633e-05	5.114046667619312e-06	-0.000141198156586207	0.0002316516062197905	-0.6748669875393518	0.400235977768529	-0.06159304846969089
0.5821428571428572	0.6956948290286196	0.6843439999399883	0.7793626919867951	0.6120693030560149	0.666474130767667	0.6374896569777937	0.3811640536888798	0.3811453677933524	0.3811640681355506	0.9439378893424415	0.6816434441421217	0.4789187641820264	0.4884619138014469	0.3077175527325439	0.2538204784013567	0.3870946468948593	0.477872264646163	0.6694048810385889	0.5653836683715151	0.7244027870799709	0.8166689254637308	0.4817224008143194	0.9575458749099862	0.9711288926009788	0.4773260465286588	0.6158035459203496	0.7723974815599632	0.3810471528089889	0.02688285179628127	0.02731867455944904	0.02197915920766329	0.2936434029471326	0.2969711040690147	0.01588999517910549	0.03267425398795649	0.7259382560539881	0.63048667397346	0.9789774994820816	0.4968176250561906	0.3303721497125392	0.7682871186215726	0.697958466434119	0.5268737675687744	0.973075858263186	0.2160872857134005	0.08509431735992475	0.9613965811519554	0.9744007580894822	0.5721126134227343	0.1394019819274688	0.1140852608852322	0.1761051576856197	0.9115753570975202	0.9739123597078445	0.04097661368523751	0.05074414060208648	0.1329699866472026	0.09483893353466877	0.1206820347973345	0.5152875014037898	0.08657123468152278	0.1104361839676985	0.298335843285389	0.194997407937637	0.1997467750278062	0.9509020633229504	0.9711953418512844	0.0430356762899841	0.1150313128916755	0.07599393462603944	0.9773770659389208	0.02375838789821379	0.02172721605297238	0.01933397099981692	0.9560380846451713	0.9022846382524549	0.2130038871255742	0.5700574036608218	0.4917302936173511	0.4851169785696052	0.6158275311418584	0.4418802275218019	0.3949148720570728	0.5067147564744734	0.5704654515806464	0.5370990893909855	0.8259866075939152	0.8101445598880151	0.3483947503537249	0.1652863047874844	0.07841127163967562	0.0323034227852733	0.9996971719173399	0.999799483357152	0.9999045386480714	0.8036250770055714	0.9989580830864702	0.9996984289910251	0.01042318832658656	0.01054828213783289	0.01043630152429234	0.9984419407293949	0.9252898624706603	0.9998998754256399	0.9993106890727566	0.5761242635483368	0.0105673007618086	0.01064120004947358	0.253978193049316	0.9991033517005498	0.5360261219175945	0.9995487838081464	0.9996855364662386	0.01074485868236899	0.9998456395592812	0.9998466847048828	0.6554670951274441	0.8966582699664	0.9998671821761481	0.0100372474262551	0.02818072413950573	0.02714744959109867	0.02187937751464294	0.3788252694786455	0.3229280762577455	0.01000439967020611	0.01127028768234064	0.7751101899697562	0.6553057645248938	0.9970428592599926	0.4938563965759906	0.2800346966596686	0.8382650527525248	0.7373155315214857	0.529920017327466	0.9996478815218292	0.1244462353123147	0.1419762090416438	0.9994875164702111	0.999045966015078	0.3397726014466807	0.1055964124613954	0.09886870830774028	0.1106753670977127	0.948329294993033	0.9994834023691749	0.04198758951487697	0.07403783465033528	0.0744530033738839	0.08489214822550856	0.1066022268980089	0.5232353773660771	0.09925774113427312	0.08024247408847669	0.1900402311558257	0.18527593058734	0.1077527605112131	0.9998795279095001	0.9999062215850339	0.05327963754437349	0.1162749268262264	0.1089339656943353	0.9994825698297907	0.01998285722746189	0.01867780573962218	0.01696810758368148	0.9771832353447678	0.9472762824312603	0.2791190848729141	0.5930107476971579	0.5122686755363919	0.5065049810860928	0.5895649263116989	0.4501055247448645	0.4076999441100961	0.5063074547286524	0.5438431207440051	0.5255151060454968	0.9999960374994281	0.9999989758864402	0.01000042065286251	0.1917614244683657	0.01000019144959088	0.01000785117247104	-0.003084341390898704	0.8982212596101242	-0.4079325609657682	-0.07121294504967578	1.705506022729607	2.262783704379395	0.2652545271208696	0.01347240221343548	0.003771644002475181	0.002322674619225474	0.000436538442614242	-0.0001425074066495368	6.125910168040019e-05	-0.007026302380181489	0.005422616386568921	0.0001591492229933802	1.339810053276426e-05	5.790673491966685e-06	6.902459415484942e-05	-9.02592790138106e-05	0.3400175628637828	-0.1620094060413537	-0.03052735346925722
0.5995238095238096	0.6831807747315443	0.6789788810406983	0.8673662224491296	0.6016747445303281	0.6731594073705068	0.7248998228278107	0.3696584840932035	0.3695793585059761	0.3696514105079007	0.973298844780115	0.7424934889651078	0.8902517116015309	0.8625789437106981	0.6103076181585123	0.1181572892184962	0.08774201892034884	0.3943545013915499	0.8660880579057237	0.5741183428743015	0.6645535118829712	0.689941788174825	0.09872415182448181	0.8941207744068069	0.7270036174733638	0.502469308507024	0.7864201745219284	0.8851766206582361	0.3697169926004321	0.02417619196958994	0.02380095894690479	0.01969585776732246	0.315047446523352	0.3310748456689762	0.04237364903627022	0.03618918101656828	0.7200886758608641	0.6323982655787562	0.9797203399420723	0.502111174175582	0.3508419536303961	0.7562534403407191	0.670308505783747	0.5159224834921111	0.9881125190609558	0.2432850182551968	0.09168833249725673	0.9829320576615262	0.9885422904277759	0.5975102646480317	0.06245218861547028	0.0663642672846631	0.06279358146271373	0.9200719350289277	0.9885251810292407	0.03410976278162097	0.04862996549445013	0.04048335985437321	0.04934154538537279	0.06154134749412397	0.5678352395243438	0.2564390637886693	0.06694074232484454	0.1382493604659385	0.1275183564633436	0.08828558168197818	0.9784978374306796	0.9874113901454312	0.03830248175747123	0.06852421385332887	0.06920550458696484	0.9898789358627678	0.02564826456934969	0.02357895664740415	0.02084707998419008	0.9571282085734075	0.9123063999261833	0.2559223056373547	0.5746763385437265	0.4973831990186115	0.4919251839872888	0.5954227211952194	0.4488027395729359	0.407787285328201	0.5053741268893722	0.5586721622537427	0.5319102120615492	0.7196416606544899	0.6334692145074945	0.3491048480311842	0.1949313551486592	0.3261940741939958	0.3240432404360317	0.01026771536334828	0.01049604831792218	0.9132415407575198	0.197423392207643	0.01423218208287308	0.2350625151043411	0.9989225390628429	0.9984712986017655	0.9988866865109122	0.9835360513516049	0.3762308595069662	0.9996777884994864	0.9991621299721266	0.8905561197527672	0.2799593533765161	0.01064172802832356	0.5852893324154513	0.7712934614952793	0.7649046613844032	0.01046379610490462	0.0103384065780752	0.01027423521506527	0.6773206129744462	0.01264633232458092	0.1676017620472153	0.6720764676205047	0.9993028837170967	0.9998593087211224	0.01099419229010532	0.01084968600371028	0.01057028364466351	0.2179089926618754	0.3712361415575771	0.09364298158851642	0.0823075995943129	0.6269903072237425	0.6032601807810897	0.9569579121326389	0.5273744896489193	0.4995489158446441	0.6017296210487288	0.511821965822625	0.4751841027767594	0.9999346549207367	0.4251430267198721	0.01008063903434791	0.9998951633570378	0.999858679456055	0.9997402559393063	0.01001097941924525	0.01002453203612571	0.01001058355460302	0.8818087113767448	0.9999037278208253	0.01008968132625379	0.01002565759450581	0.01002733610750958	0.0100267659265435	0.01001466373966386	0.6923796190095861	0.5347112484658801	0.01012236979342471	0.01047533475113322	0.01012298064238173	0.01006039531715322	0.9999710307443535	0.9999769218542456	0.01007400999324329	0.0101835045029973	0.01022904891899791	0.9999265843861972	0.03448395811171612	0.03114239490242383	0.02684444604333898	0.9258496106283413	0.8646773861386255	0.2293356875890672	0.5414330652966077	0.4709410794898795	0.4680232214103988	0.5779581485809273	0.4567709372620456	0.4235650050777438	0.5045403396750722	0.5800649777891373	0.5390745630451544	0.2756389521862219	0.01000019148068717	0.9999995961008672	0.1616500104066509	0.999999700151515	0.999995662979445	0.00551198790189983	-0.4038335392570995	-0.260476666054759	-0.07125363267440943	-0.1654746159265314	-0.5378386330754881	1.26762753820535	-0.02681397536778487	-0.007802081034473121	-0.004879762126026252	-6.312401469481069e-05	0.0001661357736800695	-0.0007304759506281496	0.01023389189075221	-0.008230493446484287	0.0002004456669836057	6.653079459749215e-05	-6.832375094309554e-06	-0.0001533352500357531	7.580782811625718e-05	-0.5152320389222947	0.1915341674720051	-0.05414752037542177
0.616904761904762	0.4815033942570553	0.4379093342904072	0.615821371333788	0.5356410636198338	0.4874691660443201	0.4518642880014632	0.5076657809322747	0.5479853301518085	0.4793360282777572	0.9623413938153835	0.6337786986230817	0.5735139486433919	0.5598059544343389	0.437539324681647	0.208732958365631	0.01063444908465559	0.5087572172219229	0.5827487405086108	0.5824368126179132	0.629060002043612	0.5511819041899814	0.3309229677399315	0.7298004815234451	0.6578244305435876	0.4308236852853827	0.6446848579607108	0.6597164524330682	0.4458188156742865	0.02702535090506981	0.01716813962747127	0.03028550330955561	0.432152763904999	0.43261945893716	0.03746609588460334	0.05801624291430816	0.682556632277818	0.6232703545130647	0.9765258906674682	0.5043837139592492	0.4072263931874404	0.6817170971054702	0.5544497992148266	0.4869088160946689	0.9923481663116068	0.2398395205542681	0.02823767418216388	0.9771755468578244	0.9646528935246667	0.5355201207754955	0.0956743983478352	0.0548458027755454	0.0412924930436487	0.9062114825851788	0.977651132803419	0.01023132962778806	0.01040272718881573	0.01189991585771337	0.01594811224935234	0.02325606519140325	0.5750867992876422	0.20484477634651	0.01613418841756594	0.1553542356922714	0.1044826945553855	0.1239064443342257	0.991162926094839	0.9947294848167182	0.01330955392143577	0.01522937478552524	0.02271429605371702	0.999429143459576	0.03305414288429073	0.03003981347328837	0.02632798462158744	0.9451396598718548	0.8931417600477521	0.307502557328261	0.5681253163722636	0.4920097924133641	0.488393772750596	0.5748628857230453	0.4584769019936481	0.4243153472168774	0.5048683179443931	0.5575376810855716	0.5301385567159723	0.7390227199953996	0.6581751520038965	0.3520214452233659	0.07789020508765349	0.350808738261986	0.3681739650247448	0.5041360856651463	0.4476524884921232	0.2158330114609274	0.6362030998943692	0.5624115754857707	0.3314527705863557	0.2450601245327181	0.3576547023396841	0.2027798063773889	0.9391176226329642	0.6797256844634429	0.01046957777813972	0.01072062018872431	0.01073331759225375	0.1858133133047832	0.03050299331975451	0.5523651010018352	0.1983231271987175	0.4630626120144466	0.8915666319087602	0.694536509218183	0.7050446811721919	0.6141957392933323	0.9586406159483056	0.5131140646459359	0.4829670337300037	0.2407613482792142	0.1063100983079147	0.04195207224605731	0.02709234424426174	0.04598939111905748	0.631139496827107	0.5396661583326112	0.01127334223808022	0.05404657231146654	0.6701533328812198	0.6222623828540459	0.9763120045286018	0.4990022726498597	0.4087627962228179	0.647995801635141	0.4641005021690155	0.4657216010629256	0.9878756244525262	0.1267802464359047	0.01758514796930839	0.9586773714474408	0.9195690552711038	0.1942170688724633	0.1524035003319269	0.07306799153110762	0.04978952037993479	0.8946080965658574	0.9488618875273299	0.02261023509474726	0.01325109565116984	0.0113870079836578	0.01232211899129876	0.01865411567740987	0.5074228660619911	0.01654735879008829	0.01749459066761907	0.2578104671728486	0.1401034300324897	0.1980822116165331	0.9871670109547867	0.9875409057095309	0.01427808206170931	0.01636259427369329	0.01871242982817284	0.9611447197575185	0.0372488630451791	0.03381975001488628	0.02951275759309005	0.9325269588248249	0.8723230959416539	0.3949290330991128	0.570570806934062	0.5000491102426701	0.4979201346108489	0.5496699085522444	0.4706604940824559	0.4436638401161793	0.5043769097868006	0.5394167529428494	0.5216450812494342	0.9999993392155596	0.9999998337142528	0.01000019770310854	0.01000183672181613	0.01000016002693501	0.0100002591929305	-0.003069483003000852	0.2234368497879432	0.1415069853522671	0.02707606786808133	0.3259904833684834	1.069325203847245	-0.06173615403707161	0.01345876594175139	0.004305978187625016	0.002675973957922355	0.0002504288063433654	-0.0001762608984727797	0.0001441802529299316	0.00534356678139064	-0.003658256812901127	0.000129275229682606	-2.748702259561784e-05	-2.58809164265654e-06	7.720304350913946e-05	-1.50004505880762e-05	0.07858904515078655	0.03465509028636729	0.1270224784600648
0.6342857142857143	0.3870783221591081	0.4977389931915949	0.5015000837950855	0.5124112290558326	0.5392946884707094	0.47670038078408	0.1901341013767217	0.3140245440752382	0.2355362235329311	0.9541678816530825	0.6993454103447571	0.2873045588839185	0.2918937331828428	0.1471321497790281	0.110679795267882	0.3073371105827753	0.5036071506124106	0.4220787331598341	0.4571078890786104	0.6127999111048535	0.5875138786876172	0.5755721542735506	0.7628167577606907	0.8513169227684035	0.4847253824998815	0.5654715238694118	0.4845686119891951	0.1077410687844237	0.07017335752523232	0.07555893423818615	0.05298473619951679	0.442280147464984	0.4456265899434927	0.05746422348980088	0.07969628526282389	0.6595427294733767	0.6119573932003788	0.9521879775313256	0.5211116708494853	0.4525209264196633	0.6596737753050294	0.5091268361949227	0.4715414879136449	0.9761713447373859	0.1588813168447683	0.02879905778456394	0.9711339720834077	0.9470121696893583	0.3214899314120155	0.1029682184499222	0.05345844781601864	0.03826906532430841	0.8684577426300314	0.9517129770469739	0.137432051367138	0.09571762288326063	0.04958267839716675	0.02879361601798625	0.0188961458602921	0.5210881350831218	0.1985889810061907	0.101355891633058	0.275557621321462	0.1017568237800202	0.1334567613524986	0.9512753412122232	0.9549913502973472	0.05056484644983916	0.1071433861596046	0.0429444518292111	0.8360587738282322	0.05518159349830681	0.0499732284756875	0.04195989377921043	0.9068132105928913	0.8334066817064217	0.3785419300042902	0.5480207315595408	0.4989705197658048	0.4967702084893132	0.5512959270794923	0.4742417513160048	0.4523609229444232	0.5038941470803974	0.5353347279175736	0.520291124623839	0.7909634409110554	0.6695553343860917	0.3521624179895916	0.1622114209164678	0.3319372980008469	0.2093418987478811	0.0125458714970284	0.5075427389090323	0.8226044416886783	0.2141157720654272	0.4231141191416045	0.6423973731857137	0.01183497617097269	0.1875231333342057	0.218321751664099	0.9708031206386855	0.7276530612258292	0.4239776298751349	0.4575987173747303	0.1657307761157766	0.01134299106987155	0.8560502476227467	0.4623193549621962	0.5812472617060815	0.3680730811950891	0.0109762512320807	0.3153221000083268	0.4624040676636019	0.9942967353486708	0.7350625578515956	0.4152372271085413	0.5914248276545541	0.6881573863138323	0.01014871536329327	0.1068917597698655	0.1445472246607357	0.0580301480056494	0.1163097561498663	0.3111688650182129	0.1410601103103599	0.1301429468071767	0.5999674148430097	0.578262541314522	0.8807937292717151	0.5767426472530782	0.5908037200171059	0.6247716028197556	0.5074366716918004	0.459614862506333	0.9410209265811025	0.2069862627961306	0.03246112387426906	0.9874383311995193	0.9726858117080427	0.3881019010039688	0.01043348473326539	0.01123528336653246	0.01041668422055765	0.7755549468213755	0.9284378153614774	0.3236581587145422	0.217934239285793	0.09928826562253747	0.04522495218682635	0.01092004218038146	0.5155334983182424	0.5263451322730438	0.2241336404938438	0.3027604739580957	0.01765636950740854	0.01053148449361904	0.8518410793271283	0.8592887837712784	0.0976064567288419	0.2421640572417048	0.06772282099694774	0.4495191836857663	0.08277675211471279	0.07443412814752332	0.06042353061007852	0.8150876997317095	0.693302264518842	0.3859283491697375	0.4863444633034246	0.4980381234015672	0.4974227176615502	0.5277537760530135	0.494738291932018	0.4917377267483172	0.5020900386419666	0.5121491321472288	0.5105346777720261	0.4172125623815479	0.01001546187410545	0.9999828236722716	0.4278630959288695	0.9351224017841819	0.4967750250377409	0.006482894926839624	0.3627540187379972	-0.64418583589641	-0.1736454150002834	-1.462781801970569	-0.3961560658988223	0.6789759050830066	-0.02706903020279043	-0.008990599692641313	-0.00530195184038074	-0.0008229791611653895	0.0003597920372010871	4.354956569517258e-05	-0.01067217690488108	0.007317955921214188	-0.0003768570543100032	-9.041359488386816e-06	2.277096152877932e-05	-0.0001723782501342059	-7.673225732142581e-05	0.2101461498958606	-0.2914777378295366	-0.2869593440035927
0.6516666666666667	0.2228558154233544	0.2970450467106703	0.3499845971952807	0.6492903180537269	0.4696593961488738	0.3009703982478013	0.4844592048082502	0.5722355713614028	0.5553229303810723	0.9823375520695234	0.3969483787697144	0.1840747844609713	0.2782194442747103	0.156796856016241	0.421578899755999	0.6456131076185789	0.5209847703079459	0.2817259397873683	0.6572604048484064	0.3298662157415782	0.2951715556331667	0.7363673069195156	0.4927867078561668	0.4664032578706947	0.2611725752124327	0.3779497086082775	0.5677792670971099	0.2817723294035014	0.04339566988958418	0.05422582384618551	0.0285396135150934	0.4906244606004432	0.4796065948219416	0.05930993417814072	0.06505742123833785	0.6749301108840655	0.6268653539449323	0.9572032434391641	0.4974814941072263	0.407122514589051	0.6615904630955498	0.5119443367694938	0.4726095743758849	0.9996680139174359	0.1390182462164364	0.01933603835064645	0.9908624908765149	0.9745643019479516	0.1974451590872346	0.02150798439145989	0.03118263016622383	0.01450368031246971	0.862715036444296	0.9573878475566882	0.1129474959232653	0.0755457331487467	0.04317190174926595	0.02365943263142492	0.01684521956772663	0.5234013531581811	0.3569565461238224	0.07866977073487577	0.2379815960571336	0.1201201627994153	0.08543792925707348	0.8980319324905564	0.88100897246596	0.0326673896271622	0.08842650370182432	0.02908086140444038	0.8141360001991008	0.04511257426357092	0.04072837688201124	0.03389108406853288	0.898732626705015	0.8159724012893148	0.4412424164381166	0.5566829850104418	0.5109962578297871	0.5083118637959431	0.5391448087520146	0.4734637498003906	0.4542158900138827	0.5003920607475069	0.5106964557682402	0.5114857899537049	0.8142361164106265	0.5070143275091171	0.6551229090449997	0.1334680847334343	0.3467764059341619	0.1628952007534318	0.1966611341230726	0.01090493822308617	0.0105962034220414	0.999282867750746	0.4180460077625031	0.01098561740914669	0.9993030169095185	0.9988970829403896	0.9991647785893701	0.9991134576165321	0.01081063573941738	0.01070210194093285	0.1412703016778626	0.1443645000291498	0.8964495726075163	0.7106012887482901	0.5883260550761328	0.06075889410861076	0.9696353746608247	0.2241914648435717	0.02907315328709862	0.9988080648916762	0.01017871351382006	0.0101662942478117	0.01080766886835871	0.139956548574342	0.5674259447775178	0.5873414393067368	0.01026047984381386	0.01022951063149302	0.01017508993896809	0.7218194567539093	0.5915739924895086	0.01065092890058413	0.02604367613669259	0.720495679184712	0.6569770096064806	0.9979875329827813	0.4248300119800619	0.2573503847311729	0.6775466361639331	0.5254261151182087	0.4876947039533117	0.9988123546197314	0.08271124304240215	0.0106219321551644	0.9866289331891206	0.9598990059335715	0.01293564437091361	0.01368378316066854	0.03448544058661984	0.01076163469719107	0.8929085541708802	0.9832206861410944	0.01011273125109013	0.01022761948611446	0.01024300467130826	0.0103730775528434	0.01932238655665355	0.5284357190439307	0.3846767239307533	0.01060327094203034	0.1844659799815013	0.1802604877610968	0.09976765917622474	0.8780423177293359	0.8264909159872519	0.01013144616923585	0.01072698796296763	0.01043041159763135	0.9666435098710096	0.02619389499605081	0.02397398910638454	0.02038243637715908	0.9231629498355585	0.851001875473302	0.5343036828216902	0.6016809104527742	0.5293537357479341	0.5251255243382866	0.530726687249372	0.4624708527583715	0.4378864471818728	0.4954013454033132	0.4835632482730166	0.502930481622099	0.9999997710970097	0.6478008994351394	0.6068553578660898	0.01000009816828764	0.01000164434804148	0.010000080508695	-0.003173424386812956	-0.4448747703267143	0.9937232771060169	-0.1197383275642918	0.4059204805861508	-0.133723235968556	-0.3094167196215311	0.01355312220459118	0.004458456341302192	0.00248302112390217	0.0001850899912421811	-0.0002315846961001234	-0.0002131261947734592	0.005547167490865462	-0.003691723714009909	0.0002570939478906261	-1.198328072192246e-05	-2.445388881041522e-06	8.912176986701143e-05	5.752937594933204e-05	-0.1079323867892699	0.1226006960291644	0.1270182135334061
0.6690476190476191	0.1537641532256998	0.05579744621203376	0.3121209283658751	0.6860021263234215	0.3960144600705972	0.2311181267822668	0.6179037293905113	0.6241867584448468	0.6151456615951408	0.9287449354554171	0.3999367012467893	0.1313768710957279	0.102658834687558	0.09256077144882316	0.5534763848152311	0.4548598678851161	0.6129482963654231	0.3133889367134244	0.6252501341508713	0.2006579735305262	0.07699687961639171	0.6617877748368367	0.4215210773940575	0.4286583219622844	0.09347648184794134	0.3813850443738778	0.5510229285648971	0.5533620509866894	0.07325206761643784	0.09175082729722062	0.0411052677572006	0.515501155355232	0.4832882176267152	0.01030330110290385	0.04760316431567819	0.6549210859917834	0.6008024329297275	0.9498547978908607	0.4418681298238901	0.3022164701445591	0.6466408445580969	0.5464517820466738	0.503122108599059	0.8181093975801847	0.05791683282287401	0.0180152389091198	0.9058492672418916	0.8304808396689998	0.04381398470753672	0.1040893082451917	0.02849026369464222	0.01333884591473166	0.8348520584807979	0.9783897733490495	0.1694024527138004	0.1414306245298048	0.0204986959913626	0.01353891513605826	0.01657761604235533	0.5204557889826819	0.5305950439387039	0.1406957968295867	0.2325505230634622	0.1267035763502337	0.07350660719035192	0.9216703081329661	0.8942902546494308	0.123376035793862	0.1135641133149038	0.05308813642178976	0.7868804943406416	0.05997237454544128	0.05536521895999008	0.04424584607574576	0.8646012206011072	0.781091735244828	0.5173093203316221	0.5668026648317135	0.5197106022383877	0.516657553575285	0.52360671223035	0.4744739407404094	0.4585631306118687	0.4951291631840489	0.4856419524861879	0.5039699297845528	0.6977866606878455	0.6941369038278542	0.4018130609860586	0.3169237738129235	0.2147122053375753	0.3217015438911188	0.01060485989702933	0.01130654148057901	0.7871912958199608	0.1416303400131657	0.2812762012531459	0.53473092981273	0.01127412388349396	0.01103716448979449	0.01569666620988879	0.7573232089309883	0.9989614821035112	0.3130730416801546	0.01055320762951838	0.01034616020104752	0.01058408495405785	0.01573175075748183	0.7313170264885832	0.7589128370130452	0.01099224713805975	0.01088458030540368	0.01053409808971244	0.01451254423645282	0.9997694993504442	0.9997710891370272	0.1229331097991962	0.7626593820236047	0.5514218535160017	0.6105511280126373	0.1820600089178887	0.2399919145159069	0.09015764685954052	0.1258605908081061	0.2827628850932909	0.0290819499776998	0.0913573329223915	0.517036074014826	0.4781455890617904	0.8500132346821895	0.4312319046135959	0.3194206835087184	0.5747080226941216	0.61161550081699	0.5518997688142038	0.3127366023240505	0.02180504334306022	0.03080381097701358	0.681341495348994	0.4627426279252379	0.05241267922490801	0.2343230308075972	0.01150595710896375	0.01250641467184873	0.6916125509487155	0.9903721627219266	0.4836353799277961	0.3953675887855702	0.04851658310157449	0.02378869860659873	0.01066503086566173	0.5039005395791155	0.9986493107622431	0.3916803142635003	0.3112659897216142	0.02179260671110626	0.01057541348667502	0.9989594953914684	0.9989409087643163	0.3277779599007897	0.3094015186429969	0.1246564129437538	0.3899804258656414	0.1187651376984634	0.1094558969151574	0.0849246276822809	0.713365837661727	0.6021578397379737	0.5532152931978708	0.5077572400972318	0.5118466505811814	0.5106474089005452	0.4932561767525702	0.498613333021391	0.5031062445616137	0.4896990977616174	0.4621758855004885	0.4969683063544644	0.01000025118398425	0.8201892515203971	0.01000145428100908	0.9999996865218175	0.520455516585136	0.9999997605862926	0.002777574764843306	0.9845640966947244	-0.06863729886227866	-0.08514176999030323	-2.400561724420132	-1.083435168564623	-0.1637550328733049	-0.02757253634901395	-0.009010561958549993	-0.003172899130700053	-0.0001551245323989943	0.0004328237757679816	-0.0004947222000861513	-0.01145480217940046	0.006896916834608021	0.0003896001527586599	3.819315780954154e-05	-8.768239745965637e-06	-0.0001875918000138703	-0.0001974656484986861	0.6689701008973887	0.08363947392342741	-0.10001159044102
0.6864285714285714	0.2698722950874057	0.3330153161518436	0.2930083526974165	0.3785982857375251	0.4199753748584661	0.4016842366494903	0.6517222292226152	0.6543361972299757	0.6514428106996299	0.7044138899852475	0.3672576679739779	0.1047077021236886	0.4510858290833105	0.4520390009928254	0.6247033824954321	0.2331192984171352	0.4536038453973651	0.2808330049625509	0.6470704029714077	0.4322975346716293	0.2231389400157918	0.2444334908340774	0.4091502367715749	0.4086915938586062	0.4662496372734553	0.6467835786733771	0.2879466176554941	0.3722094297768417	0.1589024612213266	0.1403040090374074	0.07996800487684051	0.1980987889883284	0.2450239967087756	0.04896724986373339	0.1311343851460285	0.605922453021967	0.5580833635291503	0.8914433054900468	0.443022729121317	0.3337348524049226	0.6215376920119011	0.5755172957649032	0.5261814155172034	0.7451788078340467	0.05797155405814303	0.0393020686220504	0.8860635057580457	0.8073499614013607	0.0403645429051754	0.1112921038913303	0.02394031701287592	0.01359868963192153	0.7874214323462994	0.9877531484087764	0.1531289944919447	0.1644741061228329	0.02759969438797275	0.01653698753930244	0.02847686364318114	0.5536448118298324	0.8196030451121826	0.1279723866633466	0.1495297655613271	0.03686922404294309	0.02088696825472975	0.9638002741870239	0.9229234843301253	0.09577304717163998	0.1223167164130372	0.05450849799882508	0.7473296529332859	0.07774300563973409	0.06901928969081998	0.05576280616566471	0.8009287638714463	0.6982150469876606	0.5331728391784285	0.5283441417114422	0.5387452576251127	0.5337089466097125	0.5032027231021456	0.4959783874425422	0.4935972441263035	0.5035970779250096	0.4465174505866887	0.4836501571122005	0.3913342107131563	0.4181149527297633	0.3367572298606884	0.3853551615867323	0.2167826405120563	0.3916786986981855	0.5139080691027464	0.7426116594823404	0.01031054481829677	0.2398219595186117	0.5405835084523725	0.4682696971233362	0.9994409180581374	0.9995665902482421	0.9992113708307591	0.4430351245170303	0.01017905795607621	0.01016067215072638	0.9995276077553022	0.9997117897367157	0.9995193122963879	0.1599557924080306	0.1502677077911797	0.01079025806754371	0.9991816459251096	0.8542941682378972	0.4216035865655551	0.01082762237311993	0.01002738364332181	0.01002622324800767	0.9991187954759262	0.804890623681663	0.01050915443157006	0.06059112325039983	0.1919888466020441	0.118400911019748	0.1079515673490161	0.01462192797274196	0.05815976093628709	0.06756426706882405	0.1873940216018234	0.6023745783259096	0.5573222689317627	0.8508335879563022	0.4493150297732283	0.3616974190676555	0.6196505213174145	0.5859266985608687	0.5342183200453119	0.8546500483410426	0.07514519039481897	0.0472336310023458	0.9892891142458681	0.9958089379294948	0.03056004502896774	0.03397066044255228	0.02889186111385665	0.01403349806437704	0.7805948807188452	0.9971217014126456	0.01004017389517631	0.02128977212914324	0.01591128888888571	0.01259158672560711	0.04026031551832554	0.6497631823774016	0.9997584834460652	0.01021481757746827	0.01152591671123316	0.01051599674995532	0.01011406349337855	0.9905034936013287	0.9148808071142538	0.01003954321047601	0.01036947159420351	0.01248655992435024	0.9346038288383135	0.06357813389291504	0.05389510162032026	0.04516623815338654	0.768178656437826	0.6557773718965787	0.5323550797191562	0.4989532606987206	0.5719715041774285	0.5631267952397258	0.4892604911162404	0.5156148189139012	0.5219700283069056	0.5188953466437616	0.4009580634495972	0.4570198900036744	0.3610382615753439	0.01000156215202887	0.436147799376668	0.01000028930830147	0.0192674780848058	0.01001078050521318	-0.0015213655900034	-0.8682662343667923	-0.4182931302020113	0.07426240445858991	4.884235471801672	0.4793858525622955	-1.703806992599685	0.01442529478647228	0.004262892716627278	0.001369808505940008	4.670295548056592e-05	-0.000167966999066457	0.0002008591646127015	0.005987564321337989	-0.003397777223471822	-7.256931110804739e-05	-1.856646940165523e-05	-2.470606354007022e-05	9.443287098165345e-05	9.654485079351514e-05	-0.4751132056919582	-0.1595107290196954	0.004194400551272529
0.7038095238095239	0.4551983757280497	0.6277522665737565	0.2185256155262532	0.3730612768997522	0.5573236736916585	0.5740608849425805	0.6670141439319559	0.6680781778435578	0.6664725904107396	0.5966771720237373	0.3262888717669699	0.2033970795112464	0.6791551668202411	0.6443000602017995	0.6580612492690483	0.1375362775458942	0.2823114292799291	0.2433429936828106	0.7294597431615656	0.53742267782715	0.2721268972047728	0.08408895913230977	0.08020301999977432	0.09753284501225247	0.8432630219054236	0.7108921548955028	0.3669807701998339	0.09879426738137824	0.2500850429636851	0.2275914399926042	0.22249104693966	0.1351038858724417	0.17036192884167	0.04547856127477425	0.1741257434456125	0.5883375690847417	0.5429382138896794	0.8682778056303279	0.4411470024891512	0.3363416569134801	0.6094061140708101	0.5925870449397046	0.5359333400743601	0.6185344970446429	0.05252152512371633	0.03123887245368942	0.9549673689928495	0.9461734248656319	0.02064155867297103	0.0163479692592731	0.02281742020664766	0.01243054540963044	0.7498174497561376	0.9943345379504415	0.3172942022958375	0.01007179414312244	0.0100816276190739	0.01021284542500537	0.02917841589297893	0.7196563366741084	0.9174565488829847	0.2398385069806306	0.01462656297068303	0.01549175253711892	0.0136997493879513	0.9806630440105431	0.9344222746256848	0.3151661892263339	0.02196299690012039	0.01007278783673316	0.9175379954469786	0.09075908396553538	0.08157301105491319	0.06506588598953081	0.7400708403390173	0.6453394196415945	0.519666755179592	0.4983068031230207	0.5547579900889011	0.5489441225672103	0.4935092346436782	0.5120119076429414	0.5170203233569854	0.5098237081703954	0.4151643261658119	0.4679675393502816	0.5844861093512502	0.4021627367817348	0.3066673184520473	0.08339140532876757	0.01842296262112786	0.04500245919422313	0.4021705459284434	0.5877738597598575	0.5608287816126583	0.4870340865298336	0.6727760587937972	0.9737539979565739	0.01023304982054109	0.01051287410739431	0.0102665245770288	0.6872427257957503	0.8747955285980882	0.5974923644095208	0.258538107056436	0.135140887895963	0.01063644459361308	0.01050980661958892	0.3568435385572134	0.6486219178219044	0.2406713314955761	0.01144828936310074	0.01077142224097784	0.04330200521176798	0.06085453116995755	0.1045016556714045	0.903352406938395	0.7150135128713627	0.9933311663241282	0.01006483415323461	0.4023824367745773	0.4724299669503224	0.4553322601697574	0.2359625954127764	0.2710595655277921	0.01485434746718861	0.1673628913341652	0.5215324202318189	0.4817477417013536	0.849612598338703	0.4244496331180473	0.3006775739678442	0.5665844003532204	0.6332445151124378	0.5575690295584004	0.01004078192381145	0.01002020972026693	0.01005092412679147	0.9343450673322489	0.949587763006028	0.0102042371930222	0.01000278330609304	0.01000681945324828	0.01000256237185578	0.6304983243176164	0.9999163201039291	0.9999911461091469	0.01071263758475028	0.01007545814117537	0.01001848013623878	0.01000475255479592	0.997499976077316	0.9999479216742369	0.7258018034391421	0.01004932828814618	0.01001331111533729	0.01000420283699513	0.9999783372640479	0.9999829267075786	0.9999097267878785	0.06111503352147909	0.02412257318486721	0.9998815041495377	0.1470680846753398	0.1372554326583741	0.1048495029765772	0.5976092677818751	0.5379542882105507	0.4942759380174559	0.4585957316380668	0.5403428555450566	0.5389927457277718	0.4857366503493676	0.5252764322373259	0.5388645228437211	0.4996887489723291	0.4079938711379051	0.470528893071427	0.9999972905175161	0.9999996942359257	0.01000033031057224	0.1122886311957183	0.01000033007812541	0.01000042142636508	0.003457093831602448	1.139406360299429	0.9194790119131153	-0.3161906289744753	-4.083878894261215	-0.719523737698024	1.251801355328023	-0.0318322400576697	-0.007879563095534737	-0.002837610209417945	-7.517999636404221e-05	0.0003092050681668547	-0.0003041724345500888	-0.02607126157883313	0.009423175897946902	0.004609197242718561	-7.122470414216468e-06	1.777425099365656e-05	-0.000200694484497511	-0.0002791834258216498	0.9163551796074946	0.4207274628484612	-0.1498992624249683
0.7211904761904762	0.5007782113486122	0.4993115418433545	0.2166848422063924	0.3046109314793064	0.6059923004345213	0.8268442715773867	0.6718951746322694	0.6661282625744045	0.6313789635182829	0.5141997096562655	0.3471379429470845	0.237187576650131	0.6116385242477925	0.4789095119734774	0.2052164912349423	0.0278421672890639	0.4036617806783886	0.3382306749649675	0.4211947436976388	0.1508184652855688	0.05048156245670551	0.01015232392422815	0.0372729146682417	0.0538736192865666	0.8592873066526104	0.7835568357115276	0.399799142233979	0.4572083377441439	0.2976683607039825	0.2843174410582381	0.2074615500923045	0.09550921335442625	0.1193294556314734	0.04703035759611129	0.1756361782525387	0.5812677700295682	0.5330021360834761	0.8658243259636506	0.4112107612728763	0.3014724976699251	0.5992332974309246	0.6115633001017602	0.5507757974264207	0.5922782677282392	0.01000803680604078	0.01000366842243058	0.9999880086791337	0.9999768742992373	0.01010434025337004	0.0107831189651711	0.01001902852406549	0.01012809411095065	0.7142016181428212	0.9999919983503301	0.8048844743564032	0.01003451768974629	0.01002656525889678	0.01002144220491485	0.01000496402537896	0.8944979015472728	0.999975461682163	0.2865167486765229	0.01042357595601161	0.01068766781401049	0.01045434291748223	0.9999971819828933	0.999997733903347	0.7250037182839066	0.01011158151587457	0.01001438766759231	0.9999899183466574	0.1060202546205307	0.09750940231690142	0.07448462860602525	0.6546174571167843	0.583183733732824	0.4470184346907293	0.4547208547730455	0.5716766905560979	0.565208461644638	0.5087504542803513	0.5303123057032425	0.540687084588895	0.5277655407060038	0.3819707698609773	0.4457520039394559	0.4213214696330075	0.8082875393166323	0.06913572733244812	0.221048170658794	0.290019663171768	0.3622338919304385	0.5878729894943716	0.3262030525814483	0.01045850683559205	0.185053962047073	0.6109464763029333	0.9422719815436792	0.9991225631279889	0.9830227577427254	0.8955152474372695	0.3560888633199085	0.01273939137079244	0.01073479695439322	0.6943036640035769	0.5280930263879983	0.01024163869329173	0.01015469038294921	0.5100587832305004	0.1790617828885864	0.2622651405261788	0.01024440652915891	0.01009126180870706	0.01004972271695943	0.01011867910426755	0.01013455313206217	0.8621339519822606	0.8665302284440064	0.01590617338277013	0.9998473204195002	0.2807820587732794	0.2220646826731177	0.08647823636308374	0.01358104070323587	0.02612267175209002	0.063432295411294	0.1883458285170205	0.60129474339371	0.5462990182172738	0.8708793226794732	0.3756524564806696	0.2705664338981797	0.6036942436796354	0.6220961415214443	0.5631824509049363	0.8467661483513141	0.0100320165895179	0.01468265099864608	0.9992944205833687	0.9994999102615216	0.03470328894523868	0.01000237408059634	0.0100058547520071	0.01000216298957052	0.717984478379654	0.9997935552777376	0.9999890735617294	0.01003093645593356	0.01002651428353515	0.01001369740745278	0.01000442593411651	0.9661477881284345	0.9999262624171991	0.01028159178582345	0.01004527640627043	0.01001354264825798	0.01000430249577098	0.9999635023408696	0.9999718577969118	0.7960786859815769	0.01035730906204388	0.01012242316148793	0.9998581614212069	0.09162753442818698	0.08448700564238003	0.06330570590428508	0.5934221034085496	0.544177001872214	0.3619148492857506	0.4166124915346725	0.6059104865702533	0.5959708360597882	0.5313627219219252	0.5483888605345967	0.5619216643478742	0.5559553287034731	0.3289889163932141	0.4106139827484918	0.0100006745002774	0.9999944257346669	0.01000075642198648	0.3407063545322481	0.6095920442790392	0.7820426027238176	-0.001786286409093686	0.2217003168602018	-0.7916908617287194	0.2220601320544615	1.679179813059256	-0.6996743839564968	-0.8724350786600935	0.01590629003454136	0.00383809634310028	0.001196075869616939	0.0001202457910305339	-0.0001277792410297345	0.0001354690772238364	0.06745785699703144	-0.02323766252733541	0.001157152365570426	1.514729300668791e-05	-4.972389181109283e-06	9.48282186840189e-05	0.0001028594006146458	-0.31933456685712	-0.2940676381392423	0.1088812968437442
0.7385714285714285	0.505934060336023	0.4037532910049421	0.08620881058248521	0.3580900935533319	0.5991253020088553	0.7264491741965564	0.6741395274851443	0.6654486887378454	0.6151946480533114	0.4919056301266712	0.07480392953403592	0.01372859988364027	0.5042357414310592	0.5849804245937963	0.3540644466928655	0.1065799514807215	0.4071723658706236	0.1751927740220737	0.4613253764053763	0.3531088202857517	0.3025813472423766	0.2551956971405309	0.01009574020573168	0.01006950583384588	0.8944607988873267	0.7210067653265306	0.05700380069841651	0.6099741319844604	0.3480414650184927	0.323608991234678	0.2632074054793995	0.09068105777310842	0.1129541298441303	0.04651665996606541	0.2167793137005137	0.5674661576240794	0.5177139488173271	0.8631524641403936	0.3825899941251778	0.2605738294824113	0.5877762573586615	0.6310263967328842	0.564540015130675	0.5800097252363529	0.08492390306221113	0.07762483356457425	0.7366116235293549	0.7352411765403523	0.2036322592281231	0.01053990937246011	0.02931278473874605	0.01205199213024501	0.6944522762885311	0.9807166503484138	0.6242600662107073	0.01250105733888984	0.01027931299069484	0.01022357454594491	0.04016024909924296	0.769983747486916	0.730956252068812	0.02237382811217839	0.01244359965865228	0.01043017032589868	0.01027516162249833	0.9367857643545633	0.7861637868300405	0.5066949857687703	0.2083547273034876	0.06169795159001817	0.730760199530439	0.1158455639872281	0.1118965467535177	0.08444637218984187	0.6072363485322031	0.5539198457677813	0.4238092615630805	0.4449927329483924	0.5881576294143412	0.5806078538925422	0.5046049325485921	0.5332227700469344	0.5448299852673358	0.5262013712064725	0.3129382408513952	0.4219065814296093	0.3892854015361337	0.7216879447895553	0.2384804740937875	0.2128004887520938	0.3798052602782601	0.4826530498289444	0.3667927844498708	0.4321538825188145	0.1997003969954751	0.6942451819216837	0.5969859519237699	0.3562429932662649	0.01028297562815211	0.01118051136954811	0.01040010073054093	0.700569368562221	0.09618321519945959	0.01029163263603717	0.0225521619543383	0.677200402750832	0.9228373817417437	0.2439422865220048	0.2593215394573663	0.160533951275949	0.7269699505426762	0.976007294329223	0.8648468991345579	0.7297411918856304	0.01111760246459761	0.01566154030055756	0.998691091079569	0.4202568475675554	0.01551132051515822	0.01011115790810325	0.5212627985820761	0.5644806191214129	0.6243644614184088	0.2292055527887444	0.2653424980439397	0.01330231185886053	0.2736960588253975	0.4867549137811858	0.4460081692042155	0.8439956983181813	0.369093643639812	0.2171526792810171	0.542518688269358	0.673302078918115	0.5841558381589006	0.01022488712510837	0.1930326785356392	0.1686600436980502	0.01223482835037992	0.01171820008931997	0.5078657867039396	0.0102134594712241	0.05367156302371068	0.01434848644435874	0.6119901048193355	0.928920470396484	0.01012999912838378	0.01594552595581399	0.01061546104676247	0.01046681708230839	0.07936330725152321	0.3726536299789115	0.01124345090558012	0.01077894031143678	0.01485237673941421	0.01008288426487067	0.01002320995246633	0.7661956859107731	0.2118129517000304	0.0104206971216125	0.5901780376545827	0.1418867156758557	0.01058549908445272	0.1673158851649822	0.1687297463122933	0.1265326113597984	0.5527211588745273	0.5202054507770166	0.4972523995578235	0.4743636314385951	0.5726016583500112	0.5686659119480971	0.4564882055022837	0.5142516334160561	0.5256895084920443	0.474994040930492	0.2412848509482001	0.4211775500311815	0.9999997091545323	0.324250682162845	0.6356365626941703	0.01000023511561166	0.01000293403749016	0.01000024896535362	0.003783324693436561	0.03305991852664953	0.3836844312997679	-0.3940251192216214	0.8057385058651909	0.2625467301017745	-0.2374526372029991	-0.03186517785495596	-0.007866915203207481	-0.003404396443739999	-0.0002729830301287317	0.0002381849358598618	-0.0003506338546830877	-0.04451447222489929	0.01034984483653229	0.007432098732741236	-4.639227131921901e-05	2.315081561508338e-05	-0.0001976760344375129	-0.0002207650494302697	0.5222271814958291	0.4781083457427008	-0.2131157418357659
0.7559523809523809	0.5046972607224275	0.5711098507702344	0.1630099577342144	0.3633574973867691	0.5894590968327577	0.7504001755752208	0.6750695422013395	0.5278233325301005	0.6501842428515446	0.3926054312917514	0.4709157079425889	0.2241052566378716	0.2990607004561807	0.3652157058129886	0.3306665388412143	0.08109796686374757	0.4984483355167047	0.4005574122955404	0.3202947505800618	0.3463222908944741	0.3001389131673088	0.2473057908424694	0.01513563781031579	0.01362819571248542	0.569205101604541	0.6799263179933402	0.3039301224699675	0.6483242840134227	0.4257532670043248	0.4192756688172886	0.3806951943001112	0.08575669638964126	0.1070713105834199	0.04767665212722749	0.2807084603229592	0.5416780063381955	0.4962185444626381	0.8348897601145178	0.3565797737243459	0.2317433924311791	0.5598262599600526	0.6328021329387357	0.5714443720024653	0.445732380367828	0.04818566697227532	0.05093219080494703	0.7015057445606273	0.7007252500243288	0.5681780948545375	0.01022819413746309	0.02548271291000017	0.01005897795878122	0.6889619019960495	0.9998340752279912	0.6542678404147948	0.01306285679373306	0.01125811893042167	0.01075667499418233	0.01005989094849941	0.5915243318086763	0.698780681321622	0.3459660412506014	0.1098087588583363	0.4178946089943982	0.03901307025350922	0.9279481811381169	0.7660742709706622	0.1801109353621057	0.2143438774740485	0.1819696807274055	0.698739782380725	0.1246696609902244	0.1377813851891387	0.09881174705043216	0.5743418176850859	0.5363267605893837	0.4213629861962545	0.4439025528431422	0.6014452459852071	0.5924545030911775	0.518190828628691	0.5230285026880671	0.5327391634313815	0.5202831418409901	0.2520230064509369	0.3973817381961303	0.7827163220540152	0.7324528828543433	0.2132310237612579	0.4369203596365693	0.3249623046403575	0.3400027587078433	0.5710127989757962	0.7961077027365197	0.1597550154535886	0.1872452973203134	0.5910356685469007	0.9990105636562671	0.9996430450761851	0.647993154183011	0.9989393364345479	0.1499720812538278	0.9992247144034019	0.4506849241411059	0.2516166232722795	0.01095980638471696	0.0102313674284918	0.01018951500177931	0.6991808662294232	0.6862731989045885	0.01100202311485711	0.01024678737463727	0.01009453433917682	0.01004739964025997	0.01815027914341525	0.01298231843063537	0.04892136931690154	0.7802965628628354	0.6232494413097373	0.9998842559018365	0.4478135633276514	0.4219362162049287	0.3325373736012335	0.01280508642439394	0.02672877063084981	0.06634877691229918	0.3392527918607981	0.5453374927399653	0.5038728920718564	0.7901887315596618	0.3345868673887197	0.228830110081909	0.5402942633975374	0.6090335162939838	0.5690537200315566	0.5857627294101995	0.01018018506621758	0.01013218191600557	0.9996997284178198	0.9994451218905341	0.8375846986095261	0.01016388333193257	0.01011635695654779	0.01015347187633445	0.720251186345776	0.9993628794928859	0.9997987865964272	0.01137342087776969	0.01175201736786155	0.01099357981801947	0.01005220063966278	0.5295741842852106	0.9992199019574022	0.7492691247347524	0.1942120275550372	0.9425161955433281	0.06286547644535995	0.999928689396918	0.9999443296088339	0.01915214089001005	0.01218007357029394	0.2413499890250951	0.9997039726358432	0.1090159159464053	0.1372964173152946	0.09230924512972555	0.5454747634592484	0.5243015905943623	0.3550405370390942	0.4114134977229161	0.6300046307390539	0.6166259859219884	0.5733205482281148	0.5252564676687422	0.5337769944327792	0.5480267628921766	0.2222946434856414	0.3629502921916384	0.9999618598932701	0.9999962876785126	0.01000064048790432	0.8562970558359284	0.4288034289258801	0.4173860622920848	-0.001891236758744596	-0.06947969285117971	-0.05507146842389796	0.2981037155079022	0.06964475322289729	-1.013052225412951	-0.6673890597378503	0.01544844510708581	0.003888931128990764	0.001573759970603534	4.807138525883287e-05	-0.0001013205607231161	0.0001774724852294866	0.02306608440894223	-0.005427881467759639	-0.003753111517010119	-0.0001755477601943575	-3.779189753619476e-05	9.763773645821571e-05	0.0001476275637467734	-0.1262121741116762	-0.1371531644170797	0.1634478427970068
0.7733333333333333	0.5008444818867116	0.6414951692268239	0.1093959509165723	0.3274414165642844	0.6396878502299234	0.8630010669220773	0.675621945541876	0.5133004674293231	0.6665156310673749	0.3071404784503036	0.6841864386225271	0.2841975203015942	0.2026772349145799	0.1685135819325581	0.3324615851590032	0.1818529351527381	0.5254962226225806	0.4290426374069942	0.2226373551930114	0.3432914696739919	0.3376132985310269	0.3304434542609813	0.01503708804940605	0.01136034362168586	0.4669776129339571	0.7149568936396918	0.3911319697116658	0.666137871715839	0.5017483315885921	0.4874869108826981	0.4548632188646881	0.09132314769570442	0.1159533074505033	0.05568188961722451	0.3707568673715467	0.5337329618090308	0.4963759952242999	0.7860614926585175	0.364974187791511	0.2605752621910294	0.5422413749829169	0.6145109720908833	0.5648019119901672	0.6394882548821653	0.3148173471678102	0.2019986533892186	0.6855477258698193	0.6851908728965275	0.5444430903238821	0.01015103866421243	0.02210583498063846	0.02892720540105874	0.6812344970228679	0.8125795310158519	0.6681548151089367	0.01051116665593374	0.01111743495735751	0.01066816405587932	0.2921131883887749	0.5566088000090988	0.6841863409221752	0.4616687398866925	0.1250674056827235	0.5693777746730737	0.05477796947894083	0.9262344989104632	0.6948582900716603	0.05295587201566226	0.176593366681277	0.1464796627981034	0.6844625941890234	0.1405566302399808	0.1708242416762468	0.1171023264244475	0.5306733948904767	0.5151928556056606	0.314807038811952	0.3784826693579764	0.6118260326597812	0.6007300639420657	0.5693612932665146	0.5464621759122381	0.5609583278760518	0.5586762191694383	0.2585519598016612	0.3767951683670013	0.8947810467390757	0.9343829935442219	0.3264328581828597	0.5392138597578775	0.2998200328804951	0.4863105452567148	0.3565815855654362	0.4598472807601113	0.04923667756928521	0.581711309063913	0.7682868743367094	0.6908727045446956	0.01068905567684911	0.1586646941187806	0.01087912036145844	0.5130290064575139	0.3115626858050585	0.01018248092368445	0.01096372509024708	0.2680616907531365	0.933660251974055	0.525382789811862	0.2299681432286338	0.01074353317019046	0.5052092776910234	0.9672954600072466	0.9878189425208291	0.9995140191919997	0.01028544964188006	0.01047498156550825	0.9990233002075374	0.5865154037862989	0.01052245423402259	0.01030047908361085	0.6908883860507938	0.7041661113860572	0.7965035701261287	0.2436564735718438	0.2891972973218105	0.03030278260614165	0.4865710741606232	0.4919156424753984	0.4703419514779365	0.7203983190553063	0.4166068887699625	0.3157237891532522	0.5197783928186396	0.6129915410164565	0.5555396197229727	0.7877929439237622	0.9862132664132762	0.5868660903758001	0.01142606747814261	0.01144390516746906	0.1288873264816969	0.010085749323467	0.04656318476679534	0.05555467041334635	0.5940580171840861	0.2876916516689922	0.0102576854727165	0.01047421388236459	0.01020660684520032	0.0102196422615519	0.880632504565218	0.4907617887814817	0.01069518614321066	0.01065081336981161	0.01089464614401969	0.01013489786081772	0.03845253718536733	0.7720936953697407	0.01078997895461407	0.01033175566287619	0.4779787421020013	0.01108395654824389	0.01082800184852562	0.2044019149791041	0.2441876807480659	0.1672613058895133	0.4550868777288616	0.4746739295300601	0.1929802603485515	0.2830296421792778	0.5898146821532738	0.5809642352482729	0.6001568975263883	0.5984362205513466	0.6273604077386797	0.6010090702025754	0.3061189412027104	0.3836081812130163	0.9999983780098597	0.9696242002889883	0.9999990574301647	0.01000031265618341	0.01000100234911766	0.6154878906565141	0.004035205429098907	-0.01331480369035429	-0.06039792774945082	-0.1125408311367212	-0.9759951457915255	-0.8443246132388151	-0.03951007209407776	-0.0302448517028732	-0.007549827598153543	-0.004108604645651414	-0.0003180733893030872	0.0002341246985283729	-0.0003696435531707878	-0.03674750416480707	0.007581144420866296	0.007572225629118259	7.182393280409211e-05	6.623296142683309e-06	-0.0001775070062598033	-8.258841548154701e-05	0.2124869209270864	0.2051335088782053	-0.1604261114752631
0.7907142857142857	0.4669712554200039	0.3030979958444171	0.01019444298760572	0.3938054439039463	0.6138648262675723	0.6627287738627627	0.6757581498099364	0.1930857363021446	0.6139410195589364	0.2490175778772415	0.7457923259998815	0.05385245244883202	0.03065052551949413	0.08584666093034653	0.3422009744887154	0.209019168703911	0.5622704150384717	0.1230106073662833	0.1772340903087301	0.3403833599157662	0.3460996314340293	0.3489345949925023	0.07369784207796333	0.06451740555912794	0.381539308022837	0.7004047574159303	0.09000452026782346	0.6718352535069262	0.5117941237223821	0.5064816074525831	0.4801150530689983	0.09375945891239151	0.119747779510126	0.05609063119567288	0.4262906384941215	0.515952630994492	0.4844041991645777	0.7545276959311426	0.3702565682633207	0.2642448787759369	0.5254660584635426	0.6006524012715486	0.5597652159155847	0.3864642688344018	0.3475846941511522	0.2570059826629881	0.6479250891412086	0.6476324931103093	0.5862876362938347	0.03265791490545145	0.01017514126793351	0.01008286111786303	0.6649052979647928	0.7605792378739265	0.3990580806900311	0.1027513541177949	0.1582598796176245	0.05294587094554711	0.3130889360603447	0.5205521715195097	0.5376291140098846	0.3545670548707104	0.2569449106474541	0.4723400527139326	0.01004555639067467	0.919256618819679	0.6608822020365891	0.01943951041650199	0.1933284919708201	0.1245655827274224	0.6791754176648465	0.1621882803904783	0.2382141536804706	0.1528893743305167	0.4857654166289128	0.4945091416343947	0.1977875950893718	0.2799632020133778	0.5914131318699881	0.5795429896125124	0.6180649950540883	0.5570519332822795	0.5770641549915662	0.565152815953391	0.283176924846744	0.3909730990556184	0.8583994458889368	0.9999993401817407	0.3914214414104547	0.1577849033711247	0.06023936098675126	0.2878467850050556	0.5427096489280058	0.01041119177912425	0.01017818079415828	0.3731288982089832	0.5315035770776294	0.4736448664062734	0.9995801802437561	0.01361156365866488	0.8505718847933041	0.07362482894286906	0.9991557974222218	0.01021361379311307	0.01047809960165034	0.01047741702521522	0.01024634121087299	0.01070053830814483	0.7617134848181797	0.01394662068457174	0.01064167287325426	0.01013198816609718	0.01006637728829643	0.01005321828254282	0.1246400542228028	0.1077881066598696	0.01108934781070045	0.7384704899374471	0.01029379473393936	0.9998735448577639	0.4358130515449011	0.4263048705735817	0.3402070047524857	0.01206095119128824	0.0312960277396433	0.07714703132398863	0.4473201056066648	0.5149790685905334	0.4847861948900422	0.7361028936929156	0.3515696832873815	0.2426973965930936	0.5123929958364248	0.5771129145968306	0.5555872781342077	0.01015473447531237	0.01039406430009019	0.08660081158292185	0.9993573793094727	0.9989531662224426	0.9227596028110362	0.07084924364143644	0.01091771363228985	0.01008369459553153	0.6708431052861621	0.999564824940569	0.325308951563533	0.1833002686387853	0.3010013449440146	0.09507852549843418	0.01004616211007374	0.5089710235843207	0.6399900161773076	0.4214207302690343	0.4784281161218601	0.5973806781939708	0.01010619822503703	0.999830794637487	0.9998810295951676	0.01469072084745188	0.01368181346285922	0.2259261334565251	0.9988500456818081	0.1735212566544272	0.2908828897576463	0.1847472249832248	0.4528250321612564	0.4836238222367837	0.1223979708561068	0.2080892791542964	0.5698473449168151	0.5552355573202998	0.6797399708560321	0.5416835142798562	0.5595189979352236	0.5521536133578502	0.3110468418838742	0.4158464805434524	0.6603691791809213	0.9999995766440556	0.01000136597214904	0.01000038582698809	0.01000021990998435	0.01000904899796782	-0.001969338393521409	0.4069902620284255	0.02252213524486684	-0.1852667756865806	0.1707560467902656	0.3083032525667557	0.2209165731336612	0.01492219444206864	0.003634154743425014	0.001631674471020421	0.0002331515878564324	-0.0001279770288716044	0.0002375607601056833	0.01671513446431063	-0.003404857632858872	-0.003110991527248465	0.0002264347065612207	-4.528639713565445e-05	7.989785852888725e-05	8.517769670509405e-05	-0.06235380493247562	-0.04423345913245225	-0.06097591954528202
0.8080952380952381	0.6586634845879484	0.3810641192460685	0.3321163219758343	0.5405305573667325	0.6762196700692416	0.6819490339488898	0.6757634321018057	0.222073973898561	0.5893857447592844	0.1827529630248078	0.6781733987162331	0.3100136986083952	0.2782583625536349	0.3085195642694019	0.2448454649851113	0.01016473970990335	0.5757104754168001	0.2140292301475227	0.2530257255208741	0.3500657965495421	0.3500843010851086	0.3489159702581803	0.08192968255458911	0.07104101074066206	0.3683277999654196	0.6808914457833172	0.346265554846859	0.6744270902176858	0.5388624579529763	0.5294759649583551	0.4993284937661631	0.05955108535717314	0.1040499185799713	0.1084352744104435	0.4790311368492797	0.5217383588696464	0.4953741259445508	0.7310953305412846	0.3747359401792346	0.2751123177725543	0.5169480153786976	0.5801519544035734	0.5518802463491294	0.3911206371706707	0.3108088388548923	0.1852652753483835	0.9360612494038187	0.9357273531730085	0.8698874899672538	0.1807919396995434	0.1607493260977326	0.1959786852892232	0.6112202107918192	0.9561020572456952	0.2731292210429573	0.1183426223859888	0.191959622175683	0.1149095734853046	0.2718219537341586	0.5329180269717771	0.4685112472263614	0.3043761567663052	0.3332081391038124	0.4262047537690238	0.1813459804351955	0.9668146616536789	0.8641811639008067	0.01556539490232771	0.01044364726352676	0.4467526311726703	0.6768562890782698	0.2911072696835135	0.3487627819018871	0.2907408521967078	0.4386347447396224	0.4781211330889579	0.1365861673604129	0.2464400444611566	0.5729807739021667	0.5583955347106975	0.6594375727375091	0.5447559688195783	0.5561488564002706	0.5637713743061883	0.3992704011422349	0.4375676442742157	0.5327611118997281	0.7332599135034173	0.05195978652549588	0.2993526676956791	0.2998062976895212	0.2942844030698467	0.9998455092855704	0.9998273288903451	0.999845089375642	0.999227891686809	0.9991973029021926	0.9996115179367234	0.01050987599683778	0.5126707809621924	0.01047618901467164	0.3479830213799018	0.01143897920655879	0.889326345663364	0.7863572094068711	0.9509659175479386	0.6239417704328343	0.01196927443541648	0.2227194852301925	0.5157825932206517	0.7414446164237378	0.9997383642604256	0.9998004303681045	0.997265167099075	0.01009312271707251	0.01010388880987381	0.9926223277445403	0.5423835009095228	0.9997108378764014	0.01026982809438632	0.766878501478464	0.7592495173726209	0.8379667730818632	0.1576198392337953	0.2477119471420663	0.1515363817936543	0.5981059130999935	0.5295177723902675	0.5167058802442869	0.6842881720552862	0.4252541331602266	0.3435632337679353	0.5120018515965292	0.5643888971552654	0.5366222253979767	0.9997773680917658	0.8630163466301676	0.3720996837293142	0.9993542702955587	0.999103149961493	0.9805733694852271	0.3720915002584717	0.4309993964471756	0.5463933666117282	0.4440588685557537	0.9989781062666987	0.01004172143487172	0.0101579491676659	0.010189544420047	0.1416606762942549	0.7468649276739677	0.5697003129281757	0.01027336917384184	0.01035849062073925	0.07979212001548848	0.01082190279614535	0.4880230504233274	0.9380738142126953	0.7158393110478253	0.01006165744807199	0.01160014172236197	0.9417872330639016	0.01109083209209471	0.5544333298439933	0.5180409615759701	0.5311714224244337	0.3623117522847168	0.4471987288670168	0.1207062342955417	0.2722214972970558	0.5555328424520378	0.5390417679237104	0.6750793893214291	0.5484099264949284	0.5439099085318583	0.5894876494330158	0.6284432420977378	0.5090844846271078	0.01000343358812553	0.01001848778568395	0.025784758204481	0.779255208370129	0.8506885637167119	0.7563245296764538	0.004147557826831625	-0.2530092288550981	-0.1233370522499583	0.1008411668529806	-1.110917166104672	0.9858935200886146	0.1900596276012727	-0.02869993579614312	-0.007609761277092785	-0.004360012785709947	-0.0003011661586834637	0.0002885628801265672	-0.00042878290888704	-0.03117676369514431	0.006856015499574294	0.005364374647804057	0.0001612627585852303	-6.60257680447131e-06	-0.0001310316286693667	0.0001477111171427941	0.3220975116256273	0.01619741648579304	-0.1327749147765862
0.8254761904761905	0.7487034463566821	0.731651117108444	0.3494742506442753	0.6434009066823336	0.6594146152921228	0.6152148710004405	0.6758883282328848	0.6394516248551703	0.6397560175345566	0.2354895679251062	0.6591920184072887	0.3091355279858844	0.290834558727599	0.3476951232185937	0.2546375516402431	0.114816103163529	0.5179873512684495	0.1818544958337971	0.2717647881187023	0.3522874407994185	0.3523303460202424	0.395336669745913	0.3903479486553645	0.2120356080730568	0.3572040731183292	0.5891551175765816	0.4515440282281263	0.6751892067011828	0.582494190909468	0.581221784499628	0.5814920753364837	0.06763772499605399	0.1634980422141984	0.1072808367009821	0.5338015541841399	0.5186811558978103	0.4983093087849583	0.704181250515493	0.385026571782095	0.2921741161820863	0.5069355602179152	0.5618694034289429	0.5448750545787053	0.3609285489065462	0.3013014240525076	0.1410383860894869	0.832948819180321	0.5744601162531957	0.543328714963063	0.1541785393426337	0.1591919560854605	0.1882403924221281	0.596751757827967	0.9969760916970847	0.5130263563746916	0.03108378766260008	0.05224748018034261	0.06822795152207618	0.2555036545007887	0.6585816368338087	0.5884206185548899	0.09102410478102235	0.1080345164193255	0.1396311511796053	0.1764069148897515	0.999729195023415	0.9111830714955236	0.4399952716820651	0.433707628724432	0.4810201087273449	0.6648560545115038	0.3793591081643346	0.4246694167360117	0.3859010760636478	0.3580004944976008	0.4383064183052608	0.0869642293597974	0.1889557924664871	0.5301793884660869	0.5070502192714923	0.7385898314839888	0.5202514016818993	0.493855360108488	0.5808450844079566	0.5477667664951139	0.498670492851593	0.1475723513614147	0.5154317289104082	0.01001823957480657	0.4209023032890191	0.4031787486352405	0.358155315720961	0.7081955425761722	0.8743973214451486	0.01057560324557841	0.5495665634458714	0.4715808405358564	0.3597684924060329	0.9998574407113268	0.9991943213573421	0.9997661824017892	0.1922951615807319	0.9547629124665588	0.01022858824608838	0.01072506003357273	0.01074622258596876	0.01622051277966932	0.2070915675456393	0.6200754016248974	0.01065048265531771	0.01143916161407227	0.01031412360304553	0.01032529763427058	0.01061218944775057	0.834651091796883	0.3991858775381877	0.0108394989687436	0.5133588946212986	0.2177444439382953	0.9997317769372794	0.5232591752762165	0.5313605844746531	0.511920354263024	0.01939916432002964	0.1373842703637841	0.09410232176602915	0.5503344402584257	0.5115173282410354	0.4929907021093904	0.6826133886203687	0.3731550756471613	0.2785798456598088	0.4947022724640022	0.5395573281351494	0.541224423555548	0.0100247108321249	0.01002392219643362	0.01002459763937803	0.6291091870812877	0.01072580853174382	0.01037659945962541	0.01000322012433363	0.01000856690199515	0.01000366358265957	0.6554543955839637	0.9999613230355553	0.9999694901131203	0.01006376088474633	0.01002419957091443	0.01001478795111272	0.01000712966257638	0.8165800502656486	0.9998933456650639	0.01009498775829702	0.01004799634788691	0.01000871333064138	0.01000419736727594	0.9999860508245831	0.9999883898639863	0.9997105990892929	0.9993007549264711	0.2402973872316793	0.9997502578227665	0.3417028595169664	0.4317340871845453	0.3703941891714897	0.286565633480142	0.3965401494152953	0.04788769245050127	0.1154839541185965	0.46773126632291	0.4342862127822205	0.8523333980693123	0.4792721860394126	0.4055843292886627	0.5895412194745455	0.6355801060087144	0.5502954199411169	0.01000106738483907	0.6185450100117107	0.01001286398372611	0.2320324226626801	0.1434948197838916	0.1151353436733495	-0.002014942227571473	-0.9530850170991404	-0.3495184933076957	0.2617054597194112	1.632167686297375	0.02702956340081494	-1.073885115441994	0.01385636495225056	0.003296322617827713	0.001907591520938576	8.577874404407965e-05	-0.0001453164680413692	0.000218042111265769	0.01258789744315243	-0.003765370273070681	-0.001234079704226171	0.0001244335697547707	1.287664588513472e-05	5.304143077857538e-05	-8.059951525184636e-05	-0.1619606126338266	-0.0201540926112	0.07702586948342965
0.8428571428571429	0.7799221530454041	0.8250638657634987	0.3500793343881922	0.6732968228688693	0.6538863574468273	0.5943944891670959	0.6759211811073748	0.6061952808313752	0.6631350978702562	0.1961888099402983	0.6539805557232549	0.3423750092091064	0.1865531310741056	0.2203660234535764	0.02725880411301011	0.1330367920348577	0.548881721090935	0.231308868099268	0.1861581994159457	0.3523219317894677	0.3522385895071905	0.0493047486388831	0.5161716656632285	0.2580614306836401	0.331034744843336	0.5181473918569057	0.4635560739550275	0.6759720969215249	0.5806939593250039	0.5789526757826837	0.5768788740012326	0.04134890667989017	0.1542396483687276	0.1621410142150487	0.5570294662863098	0.5214159566954775	0.5044394596836372	0.6781059556253011	0.3904765558627585	0.3036791554668501	0.5004039601036759	0.5401915881458659	0.5373313935611251	0.3555641258566495	0.3353811001188036	0.1356601498942031	0.7456829613894157	0.4283565662388187	0.3944101961112078	0.02109561594167162	0.1138896636874107	0.2363872342358186	0.5807052279532834	0.8775583058506363	0.626665095094628	0.017250131156682	0.0197525432178814	0.01411894724854064	0.3328043160130717	0.6763780885646529	0.6576941841788591	0.02993477989397242	0.1252569840752921	0.04308200798984796	0.1560856165069597	0.7860828301950988	0.726890646289913	0.6021215231530946	0.6604988013769943	0.3903748179669825	0.7691840458108089	0.3868497178920087	0.4401435390105882	0.3982405991644434	0.3062015046142275	0.4098550166460556	0.05499398510768982	0.1637553873478287	0.4743101672420627	0.4479177132731285	0.7770552288502859	0.493101901603327	0.4411535103339664	0.5761942870558809	0.6159552938603267	0.537338811053419	0.3588849970143316	0.733844397348811	0.1345840742228238	0.1640617767599655	0.1131257163103418	0.09245054919611968	0.9997892838096945	0.9996780510005036	0.9997139908576462	0.9987996007039397	0.998995140142189	0.9993667088236066	0.01043400690395253	0.01102907991996665	0.01035322183502578	0.221255492946788	0.02232512669344514	0.9985894876723771	0.4675217807509988	0.5469288011911381	0.02067276516179969	0.01020563028718428	0.3910980030314282	0.6680073473540519	0.4804556107114872	0.9994778807846253	0.9991179878176936	0.01020813635644827	0.01052955680588757	0.01105090726380285	0.9093078237806926	0.4312003244266	0.9994233000637937	0.01164528405666038	0.7167449883713147	0.6995451630951883	0.746043654749767	0.09487890364555433	0.2102671179512561	0.29233954824448	0.6142946272447857	0.541292583235623	0.5324838861658104	0.633735956869828	0.4323194249605067	0.3643128584466247	0.5027023745896346	0.5175191638828676	0.5210366525573161	0.9901663936820658	0.9756275441645026	0.3630885663030991	0.8431476125728995	0.8983692862495193	0.822052316899509	0.04287966483380599	0.3054567352583754	0.6935040584171848	0.4119354387901408	0.5520632452862824	0.01391386012417675	0.01356215139082888	0.01172517902698887	0.02741924606829156	0.9989153818452575	0.4751393779864553	0.04936839625965566	0.01962875033749035	0.2747251885792526	0.02455919015661683	0.4294821017303944	0.1928225365448791	0.05292891377254423	0.01209333535213025	0.2240408745963525	0.6338115899899542	0.3619774771441098	0.521922564800013	0.5022266839602449	0.5050212625857778	0.2895636887237055	0.4025258432541597	0.06321824746026912	0.2351255880776516	0.4309494411909582	0.4139726589565048	0.7009254088313668	0.4912129269610915	0.4488161338212996	0.5555024834003132	0.700787544486987	0.5658595621211662	0.9999997678858051	0.9999995128893931	0.3401512579211762	0.01000020969917802	0.01000029009607705	0.01000017490130518	0.004129992058374604	0.4482158867352658	-0.0693500394098214	-0.03818542864949476	0.007346950715496552	0.3060031168809828	0.2768161437700902	-0.02786426385896876	-0.006083723419451514	-0.004016438137109904	-0.000219415259771559	0.0003185319276887161	-0.0003358581916311261	0.002433936516552636	-0.0003297135082806349	0.0009505382843192032	-0.0001633961717939864	-3.085916539822953e-05	-9.170633169908535e-05	0.0001933299366149215	0.2013327159200286	0.007090224246806677	-0.05992643331359966
0.8602380952380952	0.9102861871080757	0.9282193779078767	0.4515045894126153	0.8694536158564812	0.8614667921666107	0.8403360783648082	0.6759314640347327	0.6466301565566758	0.6705693713489257	0.2587007430139009	0.6470074374976401	0.3641994545552945	0.1803149652256455	0.2031007735194298	0.01020959930356476	0.4652867364165248	0.5269250091836613	0.2367256470181797	0.1734198597532325	0.3526561325646163	0.6071783965261445	0.2978084622201387	0.6092257058199433	0.4829135738901458	0.3193751165825531	0.2542036482036797	0.3955844995256139	0.6443255620080531	0.5457675919967349	0.5450662766188432	0.5345726074640367	0.05457738298523546	0.1989456476283768	0.165538446129955	0.5743874367901114	0.5218765968793514	0.5071459408666277	0.6663665486537119	0.3969745627605158	0.315108664007712	0.4986536339334158	0.5362958023970836	0.5353233324295877	0.3513951608156883	0.3508908210931118	0.1645993888163455	0.4706561799659977	0.4396477110509403	0.461769120046464	0.01862978241938186	0.1108812910560815	0.2563650900735239	0.5104477820497774	0.8609261074807846	0.651096656726961	0.117976441247177	0.01199184265854007	0.01038133045983711	0.3613656944607043	0.5671284195632358	0.6268631655453539	0.1619825581105945	0.09979536470685822	0.01026944761770542	0.1654903124559773	0.7417192133270262	0.6866438174440026	0.6428121605291433	0.5676750898727613	0.5238981381977793	0.6433771196604214	0.4997187322726165	0.5001085782995325	0.4988191490346393	0.2374508282173304	0.3624177364213236	0.0500270137287023	0.1578279243951082	0.468167613729647	0.4369091602234805	0.7877199132259226	0.4809374226421076	0.4117092703123999	0.5828210200073984	0.6647717944916444	0.5561358761008039	0.3723150345795184	0.8923744425206721	0.3599741002284756	0.3378812918716045	0.2083925301454535	0.2096958765204352	0.9997234965915353	0.9995356739635112	0.2162453286504385	0.995066572302061	0.9984746450258193	0.9985050520371648	0.9999089968380703	0.9991686733375988	0.9998577195003865	0.3163669799992183	0.999312258657593	0.01009160257335699	0.01018809065215921	0.01023500053205532	0.01130868903953425	0.9963771151986101	0.5789876799464002	0.01065520819753322	0.01053075361744727	0.01041683906185632	0.5780265264835119	0.6164184225524908	0.9995694514204143	0.9996146678688729	0.01034306275751718	0.01930091203714004	0.0106178810505726	0.9997727662279794	0.4278506091664394	0.4362368473759117	0.3904846412322124	0.03814385060255129	0.217040488039247	0.1079976701438007	0.5674705315076639	0.5143080974108027	0.4987264006951317	0.6690015279314695	0.3857200071786503	0.3005843390795437	0.4952549772722696	0.5382464288824711	0.5389378085192367	0.01144693532136628	0.01204349002673006	0.06588073259935218	0.04758521691533393	0.1996203559105698	0.3066006023772366	0.01016759152722438	0.01048205979299018	0.01021892746565595	0.4827189773586947	0.9963210865825062	0.9913483012260491	0.2253380157150275	0.02125532117656016	0.01548543036585878	0.01050432347845377	0.5095822208456113	0.899808336487356	0.3128216974774428	0.01613034343939175	0.01202209160691636	0.01025959214394325	0.9990968287726751	0.99924243820079	0.9939206446667563	0.6556823332970613	0.5545231663603627	0.6643406685382343	0.5892889442137614	0.5546124769437757	0.5870032456609789	0.1633629651061398	0.30107153006029	0.0422578942400897	0.1160094972601422	0.4846711165074013	0.442493352306327	0.8403391656417415	0.4662669431266864	0.3719635751151941	0.6019729357017265	0.6862162502461381	0.5658490697186772	0.01000865464476099	0.999997463229398	0.4704346367648619	0.6436379905953094	0.3679843927241117	0.3826494196600206	-0.002108844090190747	-0.03888163108312995	0.05191980997236253	-0.04202036709238876	-0.9359443828123561	0.2823248560171339	0.487950859641955	0.01414588733689096	0.002552578835345814	0.001835746087209985	0.0001314336422348132	-0.0001434804794842968	0.0001546610149852897	0.0001586561398714189	-0.0002080685814919693	-0.00050239923131707	-8.812858267162107e-05	-5.019084357444331e-06	3.876379756351181e-05	-0.0001395585429209411	0.1324699831248859	0.0821015112625325	-0.04401934983101558
0.8776190476190476	0.9602240084049483	0.9680788984363076	0.4632074759625264	0.9217034913163397	0.9368560648299353	0.9272932783381022	0.6761849577924324	0.6654961679108196	0.6741011823175748	0.2810388643552675	0.8517162728787129	0.2559713499188045	0.0774897615030629	0.1545393445652735	0.08066392109836097	0.611272156647356	0.5396423974106236	0.2285607927826131	0.1674341951122852	0.3527180448705994	0.6593557010880342	0.3885031637743427	0.653063313537111	0.8532071780395398	0.3460512184065491	0.319038266418058	0.2630669261119457	0.9338523278031982	0.5312632818145757	0.5303865340508951	0.5191973023979459	0.06152900561177978	0.2184750527557618	0.195103147288248	0.5697548390962585	0.5286863150090328	0.5153533046082589	0.654620254637083	0.4050076590725499	0.3298171442035832	0.4986981931516458	0.5202401788699152	0.5281887081405836	0.3489769900374613	0.2936250564377783	0.142894679191452	0.3892827804168837	0.4041524399679216	0.4205812206622213	0.04779659362630868	0.1092970242616625	0.153246483285995	0.4426220303984527	0.8517154647038461	0.677752199831268	0.2210180779422178	0.08901440437319622	0.1132091646471354	0.2660092538809654	0.5367936681101708	0.7052066410663554	0.2787695801137842	0.1628818445440083	0.1254733807410063	0.05578026795983263	0.8478351316666416	0.8388785017258524	0.664539557769028	0.580870552257415	0.4847333570919822	0.6338110926172208	0.5659836505584122	0.5362427389244058	0.5597985606313224	0.1900504185122849	0.3255694771325523	0.05068807020209092	0.1546026903585799	0.479027381701714	0.4468472130571595	0.7858793115100645	0.4808073862640779	0.4123756457757968	0.5824562472375986	0.6548990925788406	0.552937769738819	0.2256759620868654	0.9523892186612424	0.2859845942158669	0.4119827454897335	0.2413684587158816	0.2490510351502787	0.9994418098310333	0.9991741834626066	0.9990987804277873	0.931962754192216	0.9969919418750686	0.9992481439200152	0.01121965704451245	0.01145627641798618	0.01077764559926732	0.2384646110852023	0.6914587061409405	0.6492870414368969	0.1897800320193028	0.407547985574261	0.1864044193590198	0.01079676613928533	0.456345625678637	0.6426538635781817	0.4636281221594945	0.9996244025754104	0.9995854839890401	0.01525804683087272	0.01060212641940439	0.8601675950225705	0.9988177175210015	0.8253311336212135	0.6094009313099913	0.995079050820089	0.7067438728159557	0.6882968119469982	0.7393147583642115	0.1096841135998434	0.2391380376072512	0.3720059713970298	0.5804533438567986	0.5619279641141328	0.5549907830623435	0.6105224482282805	0.4502822000034579	0.3979459066828611	0.5047036277806052	0.4722907238767074	0.5011884979743551	0.9829697315264799	0.7878236470173855	0.3013448910964218	0.835480922152533	0.7787076240364111	0.6495898632274292	0.1091814561043532	0.3012013900986889	0.3868987804558169	0.2899714283349382	0.5438331233036646	0.06240276795257589	0.219481616618461	0.1911688506211745	0.2752484559185462	0.6887751935871923	0.5126840085146515	0.3403766438718099	0.2366268974002313	0.45058023598025	0.310622930190868	0.1397735689174304	0.5990456169396874	0.6018370161065225	0.02107000389129052	0.3875800217426223	0.3922959135583177	0.496434447352237	0.6173036280017059	0.5516934179740395	0.5932277054049319	0.2089512056199044	0.3380754989912547	0.06571114744907561	0.2289436588262473	0.4704061066204484	0.4550031679375518	0.6812139930455935	0.503544428754782	0.4787075176318513	0.5466647744982365	0.6117509740162292	0.5350074758337897	0.5358398781104029	0.9999997787802068	0.01000026612845817	0.01000523582605261	0.01000015401734441	0.01000177863327812	0.004287036601910859	-0.5407412229219324	-0.5316560995223018	0.1702306408880891	1.9440886161052	-0.1904764600110723	-0.391975299071412	-0.02850417910480662	-0.005498882628083758	-0.004440466551384356	-0.0002732206989016991	0.0003005610130446566	-0.0001351253303717563	-0.0001006672361009109	0.0004377483633915687	0.0007223268775308432	5.153029838246415e-05	1.615640336394196e-05	-8.330086844303624e-05	0.0001227903201038323	-0.4102694992296825	-0.06247392695457426	0.1597619417083357
0.895	0.9852616641920625	0.9865853303466892	0.385216480382009	0.9581334697526624	0.9842959106317755	0.9894824127983008	0.6762166427072224	0.6646144291600659	0.6752086678945329	0.3908398704419497	0.8833071095755856	0.244010358864455	0.07429402890050919	0.1471754198171655	0.06439732119016033	0.6482860722103028	0.5398239838491641	0.2326723334500538	0.1604590792619748	0.3527211767238924	0.6364249673404295	0.217652398834869	0.6664362712571162	0.9087327505399345	0.3586534134842382	0.3043058852300946	0.2308202724720596	0.9888222603694777	0.534151104820225	0.5348457283577132	0.5340395654212566	0.1621128366935688	0.2833141014679426	0.162423909474796	0.5696372093196824	0.5338782945782055	0.5209864215576667	0.6682197049977945	0.4087851657552025	0.3340591590571044	0.502853581391083	0.5258535293528646	0.5283384669665004	0.3530574573700409	0.3353978067369405	0.3168329300585793	0.4420012369714384	0.4680723025762991	0.4839767562489238	0.05573549836878858	0.1395682410780102	0.1504912742790135	0.3534601443633256	0.757159733753746	0.5591281731304524	0.3082882553469898	0.237453183551787	0.1885861387317578	0.2624384220289265	0.5220547664075705	0.579723479022432	0.3259643820527973	0.2944934049931741	0.163040862492133	0.1084824161691387	0.834884542089542	0.8369978220708446	0.5860100774487755	0.5175567670342525	0.5119450800943335	0.5752302501136319	0.6403954335496929	0.5760161969591973	0.6238949784067053	0.1618339955730642	0.2893970787343998	0.05260729656095737	0.1704478780213595	0.4931751689552966	0.4630576530711416	0.7769667108282297	0.4912401509382407	0.4350644739604795	0.5827724174498424	0.6445816959835654	0.5457025005979107	0.6329327894756424	0.9803862367015731	0.1180947015189443	0.1151504876270485	0.1429386323164592	0.43295858717939	0.999891493171746	0.9997382530534247	0.0210955325732398	0.9994743134090583	0.9993261914793399	0.999203302457168	0.9998657174345078	0.9813788136637062	0.9997674656569616	0.5622151650481281	0.9992738582390986	0.01007826412007442	0.01010555508740795	0.0101077791226454	0.01014851685075892	0.9984988959089708	0.5823946646487408	0.01066594361281456	0.0102853262158687	0.01031678390566234	0.4312026166034414	0.2534766500918442	0.9998796994781108	0.9998974935800603	0.01009695061919286	0.01043343651471304	0.01027421246862881	0.9996845134212508	0.4461369630439015	0.4583559551722857	0.4405007606830825	0.2326949359132869	0.3535591330941346	0.0493443804302744	0.5663022284973425	0.5264151826306382	0.5109296321410181	0.7108785798744428	0.3903284380946731	0.3039659113698134	0.5052453583666723	0.5541939741935422	0.5408769827136187	0.0186183156049601	0.09644951529177592	0.4075432736262766	0.2615016161994717	0.3424754147403937	0.4381224118477993	0.02926520413709519	0.05969963562108231	0.02230424101113463	0.314413448519997	0.7724469337195378	0.7027443246691478	0.418853995315268	0.3376823222513776	0.1719868665608969	0.02544282381713477	0.5137837344691373	0.5835482387185967	0.4088730159595093	0.2608950623158039	0.09528178738999864	0.1090415525985304	0.9532127556214627	0.9673054023219874	0.7808087734709316	0.5249748237445659	0.5902024082857259	0.561731930103919	0.7204574707941651	0.6242175190287497	0.6985956622884886	0.1233964455198113	0.238774846775549	0.04697928423936713	0.148028228999508	0.5205135243452542	0.4842912146433527	0.8148946171375037	0.4948119465955693	0.4326344205337691	0.6012497111027092	0.6466671494468909	0.5426017443521699	0.9999817394057441	0.9999992997501665	0.08004302187835061	0.01006471666785119	0.2045687876399779	0.8138509971192546	-0.002294715359348304	0.9099463422133676	-0.2001534701199601	-0.333561146223776	-2.285948929436803	-0.01633880450512104	-0.0624177894101126	0.01458006333674978	0.002406822572756378	0.001607046570661854	0.0002096087469763861	-0.0001495921645907442	1.546707004910816e-05	4.365002603904489e-05	-0.0001409985331910533	-0.0004102873431214033	-6.082633648923509e-05	-2.135329593839872e-05	4.290175652375187e-05	-7.781930010593115e-05	0.3988625972834962	-0.08706780499835585	-0.2339860946838552
0.9123809523809524	0.979137061383373	0.9938446887752649	0.3746994289135271	0.9376496693415393	0.9040248218129733	0.8376412867894907	0.6760284927859178	0.6641502541316343	0.6756891758788611	0.4615907367337607	0.8506426026515715	0.1554952126225223	0.04336332143987733	0.1394864695223631	0.1303898705129853	0.6671214958083941	0.5432014384438911	0.1905236029515796	0.202479731194589	0.352747837203869	0.6292543002590916	0.4898055243876743	0.672500136949212	0.9611941325755362	0.2997428378296513	0.2389864744160931	0.166436845848248	0.8583223806456453	0.5227081364884477	0.5253908114059144	0.5308760301340439	0.1912630632604962	0.3319304835793269	0.183911221123384	0.5777744545977149	0.5429932705970327	0.530528109229593	0.674794412455597	0.4075434147431174	0.3315076890747045	0.5029367586979818	0.5145130034921037	0.5240014412361551	0.3409336962673236	0.2554209486484306	0.2896301562568587	0.4110880842044611	0.4408138530297216	0.4584886837475442	0.04825541728559688	0.1166261034165159	0.1180370461344814	0.3300782171672315	0.7472677704240317	0.6029039104229656	0.3633911088824768	0.2910712423730188	0.2004910493598727	0.2018958718538755	0.5183938334272036	0.5732323810851542	0.3581730086089631	0.2667533711473618	0.1474538305811475	0.1215720593947209	0.8809219437142276	0.8898421391832561	0.5635830802483418	0.504909269161111	0.4982112784623534	0.5676252239965467	0.6576099621178948	0.5868074739876706	0.641041705130629	0.1471670264555812	0.2689072337568502	0.05555527324480253	0.174884602467959	0.511819080763137	0.4821893597860719	0.7713036519317767	0.497428415554538	0.4476391012192547	0.5834801872341346	0.6254833730149093	0.5363758489540846	0.7269920195051999	0.9914100853283481	0.1238753472519176	0.1969636991309339	0.4304740677008168	0.5180226923626866	0.9466640014700325	0.9990677021505542	0.9985441799295048	0.8170173570669002	0.6705832152208315	0.4184274888354149	0.01057998418348245	0.01126555528918882	0.01070166443758881	0.3326091769135782	0.5427450063258962	0.3902908202485366	0.1149001598491246	0.3860413418184633	0.360563641093372	0.01616401360473054	0.4665667829703924	0.5155319458561581	0.588063652845115	0.9997120586604716	0.9997427070710238	0.9992511895092714	0.0104044083283736	0.9611507007532401	0.8052673831899166	0.6236836039713194	0.4252069528179778	0.4936198383420848	0.667857379251107	0.6541027755575237	0.7150700842603458	0.1395493908008283	0.3254946193247356	0.4395444285831966	0.6061815463010122	0.5847206514715196	0.5786409129881896	0.6148490399417494	0.4431337243664317	0.3873470426717529	0.5005199690280089	0.4311670621820878	0.4876358228888144	0.9423817246563232	0.5323525227188225	0.1270744185860554	0.707043640094931	0.6481004643871663	0.516151083810939	0.09109418153901959	0.2386643481552198	0.298235312170071	0.3118226384768718	0.6354200006131876	0.3613439010356621	0.3006145599550918	0.2608184913433627	0.287217472653271	0.5063537279861013	0.5176507052573022	0.4807848752843177	0.2843679240863533	0.3285586696350808	0.2631803337017549	0.1618472860566802	0.7671853564685136	0.7778084650151721	0.06380701308234052	0.4242660748044083	0.3194593163316116	0.5429332867594007	0.5845171150318424	0.5401657352851713	0.5724399920509753	0.1846985122675277	0.3077078456760847	0.07200834788164653	0.2342437113236877	0.5124065950272197	0.4964969730311188	0.6742466413443557	0.5116191227906992	0.495363531208346	0.5485181207372348	0.5635047694389892	0.5141663659925516	0.4560241825977085	0.9999985991326145	0.1513863343948485	0.4726371292049601	0.9146770266350174	0.01001040812918705	0.004554166780443627	-1.020477044363922	0.3186207818848804	0.462580928104784	2.411301728677786	0.3117560888927527	0.9424939415872376	-0.02912173375511047	-0.005905125787144811	-0.002518730254291502	-0.0003844424536212054	0.0003069373501983202	0.0001089424021646952	-6.041443473602655e-05	0.0003858519446729235	0.0007404334558673197	8.257317855234764e-05	3.397475238924934e-05	-8.894820438891813e-05	5.837220007121078e-05	-0.7673846115653278	0.1694973355551259	0.4056586121455626
0.9297619047619048	0.9998929896019109	0.9971776659011432	0.3594233116870741	0.9337581846073384	0.9020886877216088	0.8151861235015376	0.648850384455448	0.2235019773131111	0.2763507849420592	0.6356901354964415	0.8497393976480516	0.1227104511161603	0.04850431291327272	0.1536557654117351	0.1402167409335365	0.506545260043519	0.5580408081818271	0.3327387678581673	0.2132447911067265	0.3527568581732324	0.4389330127755806	0.4340861087124871	0.6425552688626798	0.9750618318545574	0.3206948861498664	0.2508243843342194	0.1334099051063875	0.8434395807545747	0.5096680981481185	0.5139783831042912	0.5335538011696442	0.3083837656937606	0.3934582583463123	0.164148260666766	0.5342341122830838	0.561660973139865	0.5471501151979261	0.7425427581488013	0.418907749227467	0.3394904606469701	0.5230647620704275	0.5357329941284042	0.5239998726517097	0.3726120540431552	0.3310977143292064	0.3569257677540376	0.4869774480338285	0.4983203627766721	0.5045981917087277	0.04571886276979241	0.1245938628643869	0.1171645384206928	0.2719685921819546	0.7236247753511573	0.5121861980455835	0.3437426011912591	0.2809773140619	0.2337191667151643	0.2050959784987557	0.5188172418084078	0.5383251800020044	0.3234136530601071	0.2783011749609744	0.165917558728401	0.1223210954635451	0.8734309320379592	0.884557846304353	0.5787429404805736	0.5856097935655535	0.5760257208372506	0.5640839171973593	0.6863693793686129	0.6023251115211241	0.6662832767143488	0.1269645559192297	0.235026682751087	0.05833839839445914	0.1842270449051816	0.5202709535043545	0.4922365258558546	0.7644587566214766	0.5047859637657229	0.4644141071456045	0.5836027712670054	0.6121578534505634	0.5295574557175122	0.5703374191688499	0.9964592766176988	0.05773513508033983	0.1924246712630113	0.375567185013019	0.4284448138462791	0.9999117985113074	0.9997687515478459	0.01561527536793021	0.9997319939541788	0.9995823543495406	0.9993569978898703	0.9545870558869097	0.01029687350600657	0.1294657341613122	0.9756247119922716	0.9996388781664881	0.01025878709370581	0.01010193584782893	0.01008529286508012	0.01009383398970557	0.6599444884700707	0.6213674165880582	0.3113400920423876	0.01021718849539364	0.0103056608492716	0.01076797733360009	0.1049870639089945	0.9999634693171718	0.9999654419520824	0.0100395785908383	0.01012093495745857	0.01022183153694315	0.9996632417484607	0.413042502508303	0.4287321648150081	0.4390359490076925	0.4906427158280621	0.4843963955556332	0.01147934406624193	0.457703214661919	0.5642820779941103	0.5432920060622739	0.8773203751798556	0.4157464197695324	0.3206551101810196	0.5531316461481703	0.6139877832534221	0.5443719058973177	0.07652367208314681	0.2567331141442203	0.5243071598444056	0.4208069212249739	0.4586247585413422	0.5307976051815436	0.02686086809640248	0.06839386465657431	0.02654550580968526	0.2120368895889932	0.7482906313110562	0.497010805093034	0.3440836290233728	0.2761437786932562	0.2180784757389322	0.0457952245719894	0.5198790726823679	0.5365708989089576	0.3157965865442536	0.2586972682843296	0.1216867652783218	0.1044185758382138	0.9254620365853219	0.9397432373775542	0.8763623960197272	0.7569331280232232	0.7847326182890988	0.5742381101536554	0.7671569398087881	0.6492777988528396	0.7396846694581312	0.08687337058809837	0.1755710329214306	0.05324721451241926	0.1640963867624475	0.5337099389301408	0.5006933913688506	0.8025767216277401	0.5080832672616522	0.4633997370661085	0.6014973548608064	0.6216901268037284	0.530260183239346	0.443079643682515	0.9999997493211669	0.01000303470691311	0.01000043573525315	0.0100002049374378	0.542248680265212	-0.002466122074413292	0.8644638823382648	-0.2471969056954206	-0.3163805245865985	-2.489375182775988	-1.081604686238253	-0.4480820427792777	0.0146575599558663	0.00261890299011451	0.0008227542950436024	0.000177648655550644	-0.0001489277149416641	-8.812023005156565e-05	0.0001118421977558526	-0.000161319077536372	-0.0003656367170653871	-5.319252049299487e-05	5.893160365165367e-06	4.378541860229953e-05	-1.028150145921473e-05	0.3886451547587211	-0.08045603870663455	-0.2209333411285801
0.9471428571428571	0.8397333329621589	0.9985981263966249	0.358570025514694	0.9731383231406081	0.8457460272303747	0.8457709416379954	0.7276157261468403	0.2391503873788224	0.4251438524855997	0.7673206617973399	0.8430249212624606	0.2966987019934784	0.01049521270497578	0.01018188179619058	0.03755365055846299	0.7475596895618259	0.5779971131108751	0.3783657371305748	0.163929993358917	0.352697814253104	0.3975113660051062	0.4245631685871527	0.934702314994608	0.9922370062928388	0.04633682890121437	0.01879548004434886	0.3161529725719265	0.8309305653763494	0.4837321159525751	0.4919414166847646	0.5154153631139911	0.4112519600620645	0.4498017419375973	0.133396093180648	0.5149076049932874	0.5573073098888853	0.5412651227085445	0.7763904162849261	0.4222353769284201	0.3401976220046798	0.5328315340443271	0.5685017998243647	0.5325427722964291	0.3345840451480112	0.2938268472396255	0.3753843916670404	0.4642523982249931	0.4765247110095847	0.4896986971560002	0.07523992104733362	0.1216629317231799	0.1288758488598756	0.2471288587183919	0.7317053202258619	0.4647808523246755	0.3110177144423411	0.2410281765890332	0.2119743294339617	0.1829456584135425	0.519344114295954	0.5340035108429942	0.3075564913099068	0.2748724491096717	0.1582621539726837	0.1319293399794408	0.8944103653843231	0.9084361575210905	0.704803192213286	0.6682867587608566	0.6289278960781552	0.5736919350666301	0.7017810608201557	0.6120106726369059	0.6815512964534238	0.1053440474932288	0.2092454649859868	0.06498155201882531	0.1896362486115174	0.5306093687894251	0.502805801356868	0.7624188537387623	0.5082138544711347	0.4718614745737865	0.5846503565875064	0.6004993289014201	0.5241851471358907	0.3991601742835847	0.9984487823653996	0.1605682069830239	0.01000323657180657	0.1480223498541079	0.385674293874759	0.3920081057907451	0.9994197997280496	0.9993261920075478	0.9520248360642686	0.4879810675936927	0.5485299660948466	0.2995063358404944	0.5110781148871423	0.9140121644737631	0.5271804459586761	0.5219344251817684	0.9249588283863022	0.02895684376794005	0.0275747516574292	0.0985527100347284	0.999193820808602	0.5112671891434465	0.5971478697134081	0.4425570719545774	0.9995151328920263	0.9997709350195021	0.9998060615422738	0.9997822866767727	0.9998051173932003	0.04294836629017778	0.01064569971856395	0.9948252426641273	0.4724373537286262	0.5997715252797036	0.5967727637102406	0.6553750293856555	0.3185075665120876	0.4323339044296472	0.3546707184924298	0.5927716639921009	0.5504245575430705	0.5422032436919549	0.6381535450969752	0.4423717430150413	0.3830747610563885	0.508568612899573	0.50791418999213	0.5140338376357095	0.8118364191347919	0.3870773927706797	0.1042753924931055	0.5747900092179838	0.5284312760517459	0.4228530101977271	0.1614876097398946	0.2297222910803	0.3298636700263801	0.2863342014501144	0.6916300901286742	0.3272455790208677	0.2273005444500606	0.1621059140032196	0.2119359184322686	0.4417666814794971	0.5188167971849709	0.5077518850446002	0.2712336341387801	0.3113678362660978	0.2375250374826673	0.1855149712525199	0.8459635216864464	0.8633077480750766	0.4372209330852683	0.5868253377374173	0.3852177517556764	0.5771075390478163	0.5979576637015031	0.5522289187672368	0.5899455219330847	0.1383530022532416	0.2582898429685783	0.08662574058763747	0.2441619083247183	0.5351641353263685	0.5183539922552365	0.676390573098418	0.5143280445051168	0.5013610517702122	0.5516659245774095	0.5426707248057984	0.5051363827398425	0.1338817509342746	0.9999960538106201	0.4373603612974677	0.01002881826499638	0.2605873529459081	0.01002589670145837	0.00423458572344896	-0.4383221293346501	-0.111123577159663	-0.1045767861505279	-0.03122193711460273	-0.3875281722623856	-0.08959205713602909	-0.0276551754915839	-0.007313819933476021	0.004230625042305504	-0.0003026520967384754	0.0003026537121537722	-7.098408008858664e-05	-0.0002015364632179139	0.0004107098144074666	0.0006886535467662682	0.0001110597282595393	9.08275870928136e-06	-8.744579075992323e-05	-1.497713951636302e-05	-0.5317166855983557	0.09056130329432246	0.016624249123678
0.9645238095238096	0.701999928093049	0.8434338526732015	0.4070251536222105	0.999493019659995	0.8526911552169898	0.7599751443909828	0.3486627409895465	0.2586896625328654	0.4226525360640725	0.6870690025806464	0.7589054605406456	0.3599608694282338	0.01631829178349661	0.01169889341361227	0.03919735912795238	0.5312360368526456	0.5424475510408353	0.252676746229711	0.1488465780871924	0.352672699885395	0.4021870955220794	0.4098036090307454	0.6127822595130432	0.6364232551769551	0.01005749234388993	0.01039895290528895	0.3818030440941556	0.3924960373055323	0.4423137878266261	0.4451378970350185	0.4372183304979062	0.417894094073128	0.4711876459825025	0.1677418178742768	0.5560991842154305	0.5568531915264362	0.5434174740533331	0.7131506415254124	0.423321367763656	0.3524321084044218	0.5172138500639416	0.5285005157644586	0.5223474621511219	0.3239905146945561	0.2933358013789863	0.4023892259274598	0.4995901449144488	0.5054513186207636	0.5146514988360176	0.05599388865826443	0.1030126411691767	0.1218313910816385	0.2605941085297995	0.7501581334767357	0.4581353906937347	0.294207256209412	0.1867628974260218	0.1468865882848294	0.1714542013390852	0.5199600713025567	0.5255749523209129	0.2819655428763974	0.1981912323200101	0.1154728731846972	0.08289930752587449	0.8936585574951397	0.9022410973406316	0.6147869198899705	0.6470476684961096	0.6759192032448524	0.5726221818051087	0.6910900141970791	0.6049288124248097	0.6718812299563105	0.1049120641614766	0.1935380554002483	0.06144962144749897	0.1859317948768575	0.5316887801877624	0.5033292732495598	0.7670419079426042	0.5074407841620611	0.4706246665748781	0.5866314497986895	0.600627190951281	0.5248590952657798	0.2861620334531526	0.9236628867038127	0.1502837886550719	0.1455076814659264	0.489493436846633	0.1059277938562884	0.6768526591627113	0.5129470983796602	0.02946922487212058	0.9942554836543501	0.9993683104725173	0.7270074612786649	0.0176425148190546	0.09522150540837458	0.08406805318178412	0.6830741232342373	0.8253256780946756	0.01007336939988362	0.01020425632888135	0.01015856228776654	0.0102626902184467	0.01093254185968196	0.5245219966831126	0.01041289042517218	0.01041831978971091	0.01017539435652341	0.01015065195514987	0.01041885423590236	0.01078169565970849	0.01040504814509773	0.01563921463905345	0.03405384367730307	0.0307079553637694	0.01187917175118837	0.3010879243294873	0.2995943002751571	0.2210842400044386	0.4896445319408969	0.5175564673965525	0.07924384782712068	0.5777000041052173	0.5555752606396959	0.5421097752027572	0.6813956405710238	0.4126587074185069	0.3427185430157562	0.5056877561654739	0.5038761947239438	0.5187657205195441	0.06261959237183731	0.2710253337113726	0.6190148320245414	0.4953907431284564	0.5270946936665063	0.5996115357529169	0.01510067970483873	0.04263129871722702	0.02126975004002046	0.2379955627720894	0.7838946424877753	0.4940714738901564	0.3169745723456167	0.1765716969715441	0.09316140513098638	0.0314084626910239	0.5198199411627179	0.5170336471320975	0.2713113677237947	0.1221627303819732	0.05848789734218187	0.02856091095464111	0.8936136352686578	0.8927587753753474	0.6064316393233271	0.6438741980134534	0.8791959392330939	0.5678053758092999	0.742386045515473	0.6343215184791559	0.7185965597391891	0.08302971463662412	0.1449851761800424	0.04897199883228858	0.1566858384034543	0.5302336502270066	0.4959945087196383	0.81388160420331	0.503987838291071	0.4555388203681761	0.605515024473166	0.6287564584494675	0.5350611495864863	0.259806978648	0.8070021177911475	0.01000103439062624	0.2911751205499001	0.8501146199180583	0.01000053272329407	-0.002349153966717869	0.3754036682395757	-0.02339257706699175	0.01692037843410321	2.865293356218267	1.058155519236683	0.108857580356104	0.01433462076063401	0.003330474906667576	-0.0001189157846124146	0.0001140048907314527	-0.0001426555948396295	-5.158064936445514e-05	0.0001262986578726098	-0.0001432450999105553	-0.0003034533239172558	-6.244000205556909e-05	9.319786055384523e-06	4.704728462119625e-05	-9.177784594848799e-06	0.2864357161583544	-0.0569641979367715	-0.01665506511039033
0.9819047619047619	0.5203869443658189	0.4676274709317191	0.06160526213602678	0.8128095917095102	0.7084246807718202	0.5535135144800917	0.09552845718829005	0.067406006270004	0.1005542658146378	0.6507901292942223	0.8550877930680988	0.0574945582317395	0.01037765639492505	0.05573495360495587	0.04380176269044146	0.1231715551398214	0.5281646033003691	0.2199739107345068	0.235079074822082	0.3522247141069935	0.08330746860636265	0.08334648267294055	0.162663279085642	0.1853044367758575	0.2204654698562113	0.1941472878991636	0.1776191461717255	0.4160262289296787	0.3161530910788273	0.3068704791014294	0.2405209807241912	0.4889555451297185	0.5121167171212568	0.159344221434942	0.5814427236049062	0.5413676030409725	0.5294825680920192	0.6720785874490084	0.415580191309583	0.3425975148779474	0.5050289516030366	0.5215186856420112	0.52444205151805	0.3150353915415978	0.4068609549296672	0.6078855567994637	0.5258528260291199	0.5462690363255691	0.587585292594021	0.1584457016055417	0.1528246808659723	0.163250669250241	0.181097348466486	0.7064281839665247	0.3644446718933635	0.2963700029299289	0.2180672338754142	0.180541561303451	0.1822926475537201	0.515334210218736	0.4852617016028083	0.2806192438985287	0.283750250593762	0.216824249265401	0.1478418351299863	0.8128026140829511	0.8215499535329759	0.557550640067042	0.5946008761070879	0.7363232708725492	0.5663475865216699	0.7435430123906694	0.6391010448096318	0.7245796962672382	0.07596711795965592	0.1485539021651396	0.06823280316915878	0.1944120644780004	0.5294281513960333	0.5024455033797065	0.7577493677112396	0.5097815959981589	0.4755675891420797	0.5856900380817448	0.5973905904746051	0.5241108271730535	0.1929576670067742	0.8943206811544763	0.2032145551847674	0.2729387328983539	0.5162272392609372	0.1826587288051004	0.01014495114109782	0.01024120874579554	0.0102179586655234	0.3033157079361258	0.01077229319486846	0.01082862397245844	0.01007747789141022	0.01028422444708093	0.01008850933387393	0.5142985395273574	0.94700405400496	0.05962514638076146	0.01577286731111874	0.1273167925882553	0.1092051656041411	0.01016511451550361	0.5076314219503268	0.5524033812302563	0.7017028949103764	0.9980375580136923	0.07928040680427707	0.06729041071340344	0.01069599609854987	0.04066979389623486	0.6075552231946247	0.4794549363769008	0.360213109424666	0.998984096787877	0.2655204367847617	0.2341055007868705	0.1548139150406619	0.5245055454092559	0.5347013958470972	0.3279114161594127	0.6278058903410032	0.5027441367866387	0.4965982057633916	0.5861114061136921	0.4182972534769886	0.3447075105870402	0.4882274236042266	0.5313823831763689	0.5317548937818466	0.7863838396469987	0.7274806125408064	0.6911943795207123	0.6212994357677397	0.6250842010009832	0.6210912965214009	0.4351593505082858	0.365528446670242	0.4459387900330412	0.07260127730515431	0.5270356861334866	0.0674437333400789	0.2478552965882918	0.2805893093320475	0.3313281094370863	0.4740958673561211	0.5038734072300041	0.3938668154861998	0.2877492204498878	0.5988917483832623	0.5303998713326902	0.3668829640197679	0.5816997169079324	0.6064359889308687	0.3726169487179414	0.4471437422650467	0.5166570422217515	0.5586435053950327	0.7810781386043315	0.6692711259761854	0.7719793226941254	0.07042294689619347	0.150541721986887	0.1030725477881505	0.2683142220207862	0.5269691727367584	0.5150795271766186	0.6402714463510978	0.5223696811740289	0.5177022397455213	0.5463906611475489	0.5323281946163164	0.5020795828210934	0.01000234750490495	0.9999978629867178	0.593477244546087	0.2589640707951402	0.01000540196715968	0.4338481750779374	0.004700717559567693	-0.8873242888393266	0.185802202077921	0.3531286947434934	-1.840935471291665	-1.407146269716128	-0.1430393728128358	-0.03003361066527905	-0.007128171460794124	0.0007471681834770424	-0.000160487855402326	0.0002871802719262727	5.499217029875512e-05	-0.000150478112762144	0.0004100707999854155	0.0005805123029682481	0.0001408728911718908	-3.174085531587261e-05	-9.899035107112939e-05	-3.136693373604109e-05	-0.6004730541598662	0.1062242759714879	0.1993400694627971
0.9992857142857143	0.5800216851105932	0.5652914503158559	0.2316997523857129	0.7640635735273636	0.6641482451418609	0.6082018355515033	0.4563039235161529	0.4477798585235595	0.4573143799775809	0.5784203510824091	0.7252289271799751	0.09950396331911653	0.2177650899275692	0.09089676033223441	0.03225440694246201	0.02387362467271321	0.5169872017354833	0.2606635195513421	0.2469709631850693	0.3520676133468392	0.0133136070784041	0.01006330850291964	0.4508617764827986	0.3145991211266843	0.2368208755725642	0.1940198947944914	0.1305167932271508	0.8067003165150288	0.3251604443991993	0.3128208003863684	0.2480278198546872	0.4595306406707036	0.5041692230879713	0.2173704826131806	0.6151089323658209	0.5278459786374463	0.5182194330730502	0.6416648572505567	0.4033612072413286	0.3296639470777709	0.4938514338496228	0.5199027157383949	0.5283510235400329	0.2916535154077166	0.2945981447958952	0.4225590816461599	0.3872133268040439	0.451332099353552	0.5336489966484659	0.1550416343795161	0.1347199555658514	0.1624738966932829	0.2198484895056125	0.7792252189960346	0.3119907831244097	0.160153193753921	0.1355751822472811	0.1381929008674922	0.1764432230175982	0.5376073656274855	0.5426302727766169	0.1574709107950815	0.2229253673698987	0.1856618694495014	0.1363761113932773	0.8550802282231789	0.864327226070065	0.5656796219605752	0.6534506639128137	0.7903833571315935	0.6723596828601228	0.7006779899975222	0.6099330963380784	0.6815286639765055	0.08163922343046588	0.1374138885725122	0.06869897115507502	0.1982221959061307	0.5411270861068334	0.5147262758414862	0.7572856176996918	0.5139405301450788	0.4827020072405207	0.5887977664772389	0.5844067603473451	0.5177609998923305	0.481882206903836	0.9870497220531613	0.2115863728980217	0.1083663789245232	0.1405518176420111	0.1382300841441545	0.9999001235035775	0.9996005614848976	0.4856797015653728	0.9993590166884077	0.9992430883774962	0.9993165557385439	0.9996880248476322	0.9947575718108548	0.9989347879252835	0.5455119637043703	0.445083379161741	0.1894818622951565	0.4329043520237251	0.08983420815482328	0.01065091417636296	0.01063303095941625	0.5112106496040741	0.1392096607378502	0.01084185684374471	0.01020792776163125	0.01008483812626325	0.01029226428037253	0.9988564742774213	0.6210431416468739	0.01026525762941715	0.01099847574755753	0.01107064943648476	0.9990982558795161	0.372117570586291	0.3679466980649758	0.3155387324245086	0.4047896942931268	0.4827562897244277	0.191448091299016	0.6400884795881139	0.5307244544610029	0.5214997728568541	0.6420888933459304	0.3867807771054195	0.3139801530636729	0.4876129836159464	0.5111010591963069	0.5292131696739378	0.01393372016843418	0.02363423349034553	0.1461989145149675	0.162993158868209	0.2909505937000846	0.4544042969391732	0.01129209037361351	0.01264518577419737	0.01207565161640095	0.3298766335577774	0.984816765448627	0.3837159143253936	0.03482559586474138	0.02175651834664135	0.0186323844402993	0.01488687682302639	0.5746798755394564	0.6558522805367796	0.03389468479511305	0.02060337407760059	0.01400783625296391	0.01258082238318148	0.9949113691822844	0.99559218447301	0.6793793262621717	0.8187503412361918	0.9875153388693085	0.8293174919793523	0.6085864011254785	0.549957610336574	0.5881219895775184	0.0910941888932318	0.1299276867823835	0.05032999624125314	0.1637252572236574	0.5601668178460733	0.526526984133305	0.8161070330240372	0.5134983767771982	0.4712351201957703	0.6132084616839545	0.5955308031851448	0.5189072468283742	0.9912670452032261	0.9999997536444138	0.01000073016955634	0.01000013867063254	0.01000013287801684	0.01000013130740198	-0.002303162982708285	0.8337762468615422	-0.06529615904309241	-0.2047037792985876	0.4046634421184467	0.7180386720815218	-0.1950011349010086	0.01600916274955359	0.003258469841705793	-0.0004797631947000181	7.079045233919014e-05	-0.0001491633011623924	-1.19585133612273e-05	-5.177881246103545e-05	-0.0001309336838222671	-0.0002562883515405955	-0.0001474792529620914	2.091149154147011e-05	5.078789936699307e-05	-1.494781446437543e-05	0.2878828522216268	-0.0603891584790625	-0.09207526818522428
1.016666666666667	0.9152265170984907	0.8511603167004853	0.4683997333348021	0.9561993421325086	0.8826223000209816	0.7950278132542637	0.6097172555291854	0.6046884686405166	0.6097514483660165	0.5703969405846316	0.5419750433399455	0.4327161251783385	0.2756221800084484	0.1414312239203059	0.1612595689607862	0.1107989981050808	0.511619079057963	0.3291433090575833	0.2443451573060677	0.3524980782042121	0.3279554909345657	0.3291812834259246	0.8479852650146249	0.6805972446362516	0.05841425927055381	0.01687799400342976	0.1846426913854957	0.7544489386986825	0.3748584200530857	0.3667216618550977	0.3283355411103946	0.4599003122485477	0.5047946863391004	0.2561324123036658	0.6252879342734196	0.5333604053610469	0.5245342069732558	0.6402357864444057	0.4019664341629313	0.3305672262552583	0.4931617575114616	0.5131728935859802	0.5260647319727181	0.246674441157468	0.3228916128062762	0.3995789243761974	0.3429929435907389	0.4427302059409666	0.5652603993637679	0.1631808175287939	0.1365194710650712	0.1424612441356519	0.2920739081585319	0.8242428761353965	0.2759450161786559	0.06958114885787436	0.07609082195474259	0.08985155663522507	0.1441072133633044	0.5452091548953231	0.5091452631295685	0.1332019232313579	0.2846791985527908	0.2600884640692915	0.1199666055289878	0.7289020231518553	0.7334214999487758	0.6077361500590325	0.6910249250958241	0.8284767164947988	0.6977652930886794	0.6520175571693246	0.5902400785780484	0.6454452044240159	0.09407398116575301	0.1570950770057025	0.06100100732223381	0.1939987257545715	0.550164478222374	0.5230498872172956	0.7606418312816241	0.5156791309331903	0.4850226050366034	0.5910402686809846	0.5705407580733903	0.511856557909778	0.6134349242288024	0.7528880751074585	0.1904574810990267	0.3308110714007955	0.3571094549088132	0.3190456614843419	0.9993747923191592	0.7777826980607866	0.5206808837482783	0.9991308447880966	0.780756184401231	0.5255727108988851	0.01056502412849879	0.01173278702851096	0.01055092388355382	0.5758066523038879	0.5141806991441802	0.9989543093617363	0.01968888873334596	0.2475464006168252	0.4478660603353114	0.2565198070329763	0.5033558682795337	0.7522738788050406	0.6932754253592706	0.9994890269151895	0.9997591491978022	0.9993848517781554	0.8686553129830242	0.9987646636928854	0.119264731982803	0.02587693227269796	0.52054655358797	0.4427074943141497	0.3993009294457511	0.3811434251889891	0.3682370350715558	0.554747919220556	0.5450253755355804	0.4158235806029135	0.621233086139873	0.5349754291957892	0.5285863658636782	0.6187908963833121	0.4256954960907162	0.3580209121602445	0.4980930071227126	0.5123492625484757	0.5203992613192858	0.6503588295177312	0.8656694500893469	0.7820310867498103	0.5993461111422939	0.6873175549457333	0.7792723859061967	0.4585549510480978	0.3714821391798293	0.3891590868389789	0.2278358343833878	0.5777572892497813	0.03193192443787624	0.09302780941034618	0.1551879431877536	0.2117015938179662	0.3822754257261045	0.5024935187581242	0.2246569326672178	0.2792629593160968	0.8043821287295811	0.7615332855108639	0.3223700753148092	0.1155807060786488	0.1239225904904504	0.4935953408741504	0.4915276079168857	0.5693160496110832	0.5092926483925688	0.6759832149756908	0.6402563182916647	0.7071170124181495	0.09737911409541632	0.2048976619967392	0.08514623561263469	0.2553360868924588	0.542038993478263	0.5275399097529795	0.6517662572106249	0.5232618550462168	0.5175384015341858	0.5497909104396723	0.5042516104210921	0.490886604404275	0.01000009608314268	0.1117646388958534	0.5300842085445163	0.9999998073530596	0.9999943933273402	0.9999998730683196	0.004648853582303789	-0.2210981140924793	0.4308235601559058	0.1264882695534575	-0.6149381482500643	-0.3385824787968514	1.126441315276349	-0.03276218809111328	-0.006263093398333227	0.001540462198295767	-0.0001315017933957256	0.0003074481663351974	4.422905365130102e-05	-0.000120050161959536	0.0003561495713513343	0.0004142073618480148	0.0001317217468119851	-3.81435722773322e-05	-0.0001125538720737208	-1.744048050554152e-05	-0.07005070196552948	0.2699083378084023	0.05285310792739273
1.034047619047619	0.9649617684779692	0.9214474338393661	0.5546028558982895	0.9816352712430454	0.9010966701235595	0.8218064616910453	0.6481915544813553	0.4171144998681395	0.5766953696557222	0.6109537561956906	0.6140927997792475	0.8038485781247174	0.0974511040085288	0.08834767649202502	0.1793908093505475	0.1814122005005374	0.5163145763284711	0.449035049718965	0.2495550551605564	0.3527857910337521	0.3489287129730355	0.3843815850006577	0.9411357070221442	0.9021214117168106	0.0240812067375881	0.01332425774982853	0.208097310938702	0.6982477546402455	0.3974651571654054	0.3938243696719945	0.3709948867102669	0.537128088181534	0.5389793672221532	0.249482505224114	0.6278476278208246	0.5380463347893339	0.5289307431295193	0.6459519090426841	0.4010939693981447	0.329113281459916	0.4940879715209965	0.5108787744801764	0.52501130606133	0.2387736384252694	0.3409625496817273	0.6019081246239083	0.2812222590502576	0.3937797714857502	0.553898484645681	0.1660593435314726	0.1381499153764084	0.14529420543389	0.3446472152116496	0.8267270223493697	0.3087881354903828	0.1120821014138431	0.1105952572331217	0.0935823048623369	0.1460607011277336	0.5325303062553725	0.4902722923384777	0.1544184504260956	0.3100305468148857	0.2824982745313709	0.1226561224622552	0.7105774457209301	0.7147332028020557	0.6800275904317258	0.6527368021582927	0.8329746562384212	0.6877864009508481	0.5791615082657499	0.5360986388998558	0.5637724023401565	0.09918037999572209	0.15526812474164	0.06782145542799849	0.1995218963980017	0.5675969056291826	0.5409473508412306	0.7599636025800605	0.5207542996450107	0.4952911863530184	0.5928804156912889	0.5402459145084709	0.4983157675184963	0.6087616651691717	0.7131593968691986	0.1880001959191153	0.352115980711841	0.3534809097094307	0.3473584520531267	0.9999468199766873	0.9997903778871396	0.6041605168966516	0.9996168923807782	0.9995467688536893	0.9995840205928676	0.9995474066793375	0.4284113361045174	0.8161125696643975	0.668082740534818	0.7512863975281853	0.9993707319651433	0.03490426715105861	0.01121432984525462	0.01181112295045962	0.1487791524744389	0.5271073043639891	0.3607122342940823	0.01071089781216313	0.01030320917479884	0.01012385003757113	0.01011266242725156	0.9997325006524715	0.9997000080473527	0.01010350746568445	0.01043927761348768	0.01144056577959705	0.772090998449684	0.4044571122933842	0.410846508613106	0.3921711393551678	0.6062276246236252	0.5718879109652163	0.1611680560677994	0.6344450146831403	0.5426020555871653	0.5318480708913043	0.6615310895396987	0.387697078470504	0.3130534403854158	0.4920516148552405	0.5074708974456467	0.5264111506169764	0.01643437977445576	0.07420879724342042	0.6795893204005612	0.08404281075540396	0.2071047551639039	0.4306987576001883	0.01259832772217256	0.0250234840243642	0.02001512118460275	0.4635610154848543	0.9491749488834099	0.4760102774399771	0.1449214565795014	0.1075264582538533	0.04052973206783944	0.02723312380960582	0.5357563393407481	0.6114750645826326	0.1065750832441763	0.05693908342404648	0.03767599160742593	0.02423439618379773	0.9838378652217703	0.9850039302056927	0.8461378293398639	0.6951089787878167	0.9780228675323321	0.7604569659895342	0.4536772998930488	0.4332147142181778	0.4113038155919136	0.1023315530965617	0.1310113209243099	0.06116874188354578	0.1736682346526889	0.5974833951753543	0.5647437212108101	0.8146306712671484	0.5243300770031298	0.4934389442731292	0.6168654603793023	0.5287883078760373	0.4892728761839232	0.8943481926119569	0.9999998517379963	0.01000022535733603	0.01000021907919651	0.01000011116789908	0.0100002103922262	-0.002168623916293088	-0.2191467847281422	-0.3302744094961168	-0.089865819780911	1.139970905652906	0.2470830657051064	-1.393553851955977	0.01688701355969021	0.002869837956346293	-0.0001724039077856707	0.0001015994751143241	-0.0001641863115387536	-1.295139030273005e-05	4.722814566035462e-05	-0.0001406392493728444	-0.0002334189672797928	-6.6098454080679e-05	-3.10984985292144e-05	6.191630645891655e-05	-4.249515976137856e-06	-0.304979695339995	-0.3748184142703587	-0.2067178996108802
1.051428571428572	0.9846089818937412	0.7146579345923901	0.4137819260949918	0.9916421091307895	0.9745941298781374	0.8410913055508672	0.6658589996611093	0.3278590887179794	0.5609663265006612	0.6292216782393867	0.7082132540383517	0.8102772651892129	0.03987460865155418	0.1846271502442236	0.01054644567995932	0.08722842623637528	0.5183705028711593	0.4457594593889953	0.2130930208190956	0.3516248077995971	0.3469328467299139	0.1024924739972914	0.7155377596882729	0.7136891874781219	0.2952452852246738	0.04236107251243597	0.01036258036470425	0.6952969111485011	0.3646205794605605	0.3592370667433471	0.3342186189896657	0.6025298405328935	0.5708015567229324	0.2462749098215453	0.6317933229770898	0.5349825342375615	0.5258096178838703	0.6350475456001153	0.3992242036863484	0.3262944823525756	0.491129790611759	0.5076641309894823	0.5248147913741646	0.2136207956950064	0.3474823302015582	0.681698127410569	0.2606708628853026	0.3692378374646316	0.5531634592117961	0.1514597628075782	0.1732594686867696	0.1432312423470884	0.4523217771184312	0.8136123274680522	0.3438022500884244	0.1637345064874618	0.1668490272246373	0.1296905575846221	0.1576882087656537	0.5275394559347143	0.5175486159424033	0.2033741112186947	0.3005241894182157	0.2827744645427516	0.1412941426973262	0.7084047445420424	0.7098862216793225	0.710796685101717	0.6413983440703523	0.8670934359236866	0.6629745252895854	0.5212169808683189	0.5106093110966001	0.5158150054384297	0.1021980046033272	0.1628333035410953	0.06914249702159295	0.1983096625154186	0.5772050609031945	0.5503262449797052	0.7648087966750668	0.5236137034875852	0.5002447683663771	0.5962768394555648	0.5245686255636165	0.4907662335092976	0.6065752236134113	0.8222086613377836	0.1888346696742108	0.3281971730024396	0.3532778216155124	0.34810621763982	0.9997404453809142	0.01165875410334776	0.01028973999545757	0.9990954939576628	0.9990137597294356	0.5531121089181482	0.01011668669002455	0.01041158369040076	0.01011475179277963	0.5860045877369939	0.7279751328394803	0.6465907359157459	0.01102961534795846	0.5225295999384768	0.01959479900406914	0.01019105529468189	0.5045625930667067	0.6706845079960383	0.5812186557141303	0.9955989221154937	0.9908014003203227	0.1607692351594297	0.01118422393483968	0.1120452676793081	0.9014679666449325	0.09088651938969282	0.01077940406496508	0.5070572206302587	0.2836548736676424	0.2568291751470341	0.2273812583318234	0.6786983362629989	0.60724963763051	0.4098169552222732	0.6307603903625145	0.5202784681180853	0.5141046217998995	0.5771743447366253	0.4209732739734776	0.3511521569227156	0.488058810060796	0.5049306760676002	0.5209483930606046	0.5746301919102994	0.8823962410147367	0.8546673230982569	0.5647886626572676	0.6460610052342106	0.7881974600237184	0.4167596230520439	0.4712088956163891	0.3833532728177084	0.4903997201548847	0.5316243159051588	0.08752006915289942	0.2051610050363133	0.2918959942694326	0.3057038280800764	0.414917298215812	0.5013403751824819	0.3301925136904712	0.4087185792268614	0.7702909523152981	0.760436555717121	0.3735065527403453	0.13431950160021	0.1345719877120066	0.4998010775165783	0.5041996225464618	0.6752393685651737	0.4430021157270278	0.5750709547184841	0.6180839125790176	0.6441168133881804	0.1027172015428591	0.2250724781836345	0.08672520869019118	0.249432334624771	0.5521947492385886	0.5368120071396848	0.6683823735337682	0.5265894982173276	0.5220597067119803	0.5583168230185191	0.490350233700437	0.4823747859242301	0.01000123159542535	0.5202239835545325	0.5325912428390347	0.9187229841661874	0.9999964654339205	0.9999907602088365	0.004806759449499232	1.242255306431326	0.3518953096550558	0.005792852069663882	-2.528871906509869	-0.3337053583761245	1.518873691205874	-0.03521863932604447	-0.005751515122852639	0.003258711330291967	-0.0002493636921806315	0.000310469841863742	-2.2162707300826e-06	-8.662024944354128e-05	0.0001490608226841742	0.0004085278834420018	0.0001208512167169824	5.036368015892078e-05	-0.0001401154499732676	-2.069540438771676e-05	1.104658410067859	0.5902435507317549	0.1092161501243676
1.068809523809524	0.8706824094983999	0.4631736163411314	0.1364808820903715	0.8832199902324965	0.8720922184358013	0.7074936044271209	0.6714574631172935	0.3309739631482878	0.3916913551556302	0.6137190747362388	0.7404013465580289	0.4692386127612412	0.09458561710442377	0.2110042408583178	0.01261638146020732	0.025036647150898	0.5124444793940227	0.3048358028445761	0.2039892706625614	0.3512983567035852	0.3487034390588734	0.04027952728091948	0.6742970505277865	0.5611415743715386	0.3290203859157619	0.1895428472916455	0.1449475419847254	0.7667175356599685	0.3223108839812672	0.3117756667064473	0.2717347153845709	0.6189303116872207	0.576535858022593	0.2471845883679228	0.6154724350999534	0.5264410019600921	0.5178392908249325	0.6134200995405278	0.4108502419861333	0.3435995975647116	0.4911175098556498	0.5080807824421714	0.5229462820834052	0.2046875718300759	0.3471041150736033	0.6231928386598532	0.2253536637019189	0.3269648948467266	0.5021244453110645	0.161734434750562	0.1920967166114309	0.1747963445075992	0.5097578387090603	0.7937707153560369	0.2399068825756965	0.1710737368392141	0.2014245388082289	0.1489595505742375	0.1691047621959438	0.5222069884120225	0.4954426662620369	0.2296066821289738	0.3393355802392131	0.3198056621809155	0.1731525429724796	0.6816642360154681	0.6861764301256401	0.7382748902509357	0.6226683303356279	0.7892715694742116	0.6803441959305767	0.4531377723831362	0.4411935490402822	0.4228042274062633	0.1047604904207138	0.1799896602290721	0.07050506649148036	0.1945077611740571	0.5886818044260351	0.5615416577066265	0.7680742598448682	0.5249390683073125	0.5025170429308899	0.5980304638840177	0.4974094262974726	0.4795099556550906	0.1795151039526356	0.7983131240807011	0.171919858105907	0.4550042258140553	0.5520413720547394	0.5074958723280797	0.6616759009018892	0.428529996142764	0.01287738397760904	0.7118543552709855	0.7015240583852392	0.6594476819906712	0.9992966261694305	0.4894748387499621	0.4126418807226104	0.6165602826222625	0.7748588035191377	0.01057576115163759	0.1578968403750385	0.01705490912116957	0.01162512495388946	0.0123120967916585	0.5112047554333743	0.01184868159849111	0.01083456814029851	0.01041268073687831	0.01010743778825091	0.01007756014703638	0.9528474260750034	0.6596124928078213	0.01038840995229271	0.3057919328288083	0.2885863777168514	0.9989974492732708	0.3018070986901864	0.2948330006993899	0.2421819240893618	0.6122481385165965	0.5712292495837502	0.1680566318679479	0.5912256733019386	0.5232189062469171	0.5141280740975966	0.6094440393589354	0.4158901043752352	0.3538733767689968	0.4927939169291055	0.5073850608290565	0.5211945213923155	0.01276688717833393	0.05727381089243134	0.4543518215482963	0.04047369100535666	0.1354907563307747	0.3041622797275379	0.02659640842627228	0.05126174714107046	0.06562258561691578	0.5882555062715894	0.9015600991864332	0.2626617260171798	0.1708254396740205	0.1765105987361541	0.0796078578742556	0.04654776052037691	0.5280811775060161	0.5673267518099053	0.1584703620532551	0.1223839636244444	0.09374255712500081	0.07720925311863107	0.9553641403377987	0.9646055372618009	0.8787285571034072	0.663176367656109	0.7820878674717363	0.8054905298811674	0.3232222128415227	0.2900250870320872	0.2273752085195222	0.1062120714631555	0.1630474699763685	0.06349517079715004	0.1631279393939556	0.6178233719772824	0.5841669236146654	0.8255386151996054	0.5254075588629189	0.4943953758503974	0.6209940272454166	0.4803047320797387	0.4691497606089663	0.0100003252091521	0.8660369150538043	0.01000059509490097	0.1989820093724076	0.3727146203671917	0.2525123509602742	-0.002359401750369361	-1.379287074800772	-0.8240162053633682	0.03881941033646295	2.814946665600812	0.2273119052920877	-2.091399380393222	0.0183831031292042	0.002296333281528642	-0.001131228525013183	0.0001141055597487731	-0.0001535618742004533	3.898227498525283e-05	2.625052541074856e-05	-7.356928231821025e-05	-0.0002298833470157085	-6.721037998751929e-05	-1.22775649386093e-05	6.822228049519985e-05	1.642756878092304e-05	-0.5362080918400748	-0.3103603485514455	-0.08701359634928107
1.086190476190476	0.7378384323277546	0.3474253874442082	0.03922293071166755	0.8410187432532379	0.8321316521811496	0.7007800963570242	0.6740427976042642	0.3323659785165726	0.3117220747189684	0.6226623070205924	0.737568716555878	0.121731953971617	0.1048299137301887	0.02079852390857388	0.02772459515054562	0.01596496111783558	0.5108758667512565	0.1794822696715646	0.230261169149555	0.3522318621980059	0.3514398834957245	0.3221196834637568	0.6558796470795218	0.6341262502920852	0.2154522119170306	0.2153855546126878	0.2677734711060303	0.8990349627549438	0.2735142465700988	0.2577659390664082	0.2174727816345453	0.6535096098180373	0.5963404505528629	0.2619647079884532	0.6060458640423284	0.5289269373115526	0.5211405967063326	0.6013316873946917	0.4181478559626616	0.3557739540087673	0.4917278125853126	0.4980544298649914	0.5182108667410036	0.217812123300515	0.30969632240433	0.6128031216373044	0.2375358554222108	0.3036573805664483	0.4462436304380447	0.1304570710279462	0.1849192046380603	0.1220366710390244	0.601435114503327	0.7800584829029742	0.3252233182546175	0.2434100323146705	0.237001698333752	0.178195428729762	0.1752458291164221	0.5214275039544819	0.529311318437274	0.277897227414574	0.3037337239020642	0.2777309048558262	0.1653651971274852	0.7955213772888398	0.7990145674995514	0.7265055189035498	0.6159693617752083	0.8184138837750793	0.6502899513531919	0.3840188665339855	0.3954952983743114	0.3516273238357669	0.1019854968657715	0.172752069370102	0.07511485716655907	0.1841356784807079	0.5930535488986581	0.5650320792781289	0.7849344810413124	0.5257880012646663	0.5020164332483003	0.6041246194904871	0.5017580237120735	0.4789953616879903	0.3676590134908821	0.6286607224887839	0.3194745318236291	0.1527450816072296	0.3191956227786474	0.190400813161976	0.7100859896853731	0.01778413407399694	0.01388027392698596	0.9992749330454805	0.9986042785437435	0.703454317189554	0.01020643430125592	0.01033875636543956	0.01015844463354072	0.6328773316190274	0.6786937749085001	0.0106513064240476	0.010532819799595	0.02803006237229493	0.05226111110096893	0.01048482869173789	0.5061913483754946	0.3755574760796746	0.6617868382476432	0.9987432075537109	0.9995608507491565	0.9995897829969792	0.01203411720252138	0.5469516299402936	0.5436081190881298	0.08328527949840261	0.2481150234334007	0.8456426694602565	0.1878208888898592	0.153661473433559	0.1367910065265507	0.7707758345033232	0.6634317224652788	0.4517021780349198	0.6199561858855205	0.5374150983140705	0.5330302098271299	0.5648155130760134	0.4316858564044858	0.3716757282675742	0.4899383524315283	0.4737281705605977	0.508367530835641	0.6147966575340761	0.76316793118097	0.885036257980902	0.6091501471445646	0.5973590401008982	0.658464892481502	0.3295584881467083	0.4491158238497178	0.2382872500692392	0.7160651085264065	0.513232292825216	0.4222058825630977	0.3970655461898715	0.3761208080502114	0.3829879860926157	0.4315615757607628	0.5048437551375805	0.4596731260356892	0.539765079458453	0.6482753580758911	0.621909101084939	0.3484685265199285	0.5381065846091126	0.5311419776070478	0.4258127084754731	0.5062456439412845	0.8714418369407521	0.3250993946578722	0.4314701324915195	0.5408520185769463	0.5067920729920582	0.09525260854299542	0.198921023871277	0.09708587675402884	0.2241248543289755	0.5525306037152763	0.5349285621771589	0.7190992769198016	0.5277686861314237	0.5181189927032039	0.5754773714345612	0.5331732730232331	0.4926208441331494	0.999999636759064	0.01000102572363597	0.9999996007419728	0.01000016216941057	0.1845965084796844	0.01000033588884758	0.005155816962444578	1.098298958218003	0.5013664858235449	-0.03751423245562919	-1.21143309447886	0.2349979192053082	2.695808016020809	-0.03800770553267059	-0.003923811997455738	0.002125926831432378	-0.0002205427276918883	0.0002846797140586887	-2.420004165517588e-05	-6.120197923578057e-05	0.0001019854603990033	0.0004117693889831512	0.0001465444951124153	-3.086255943650673e-05	-0.000132124391545162	-5.812301754442463e-05	1.006350273450474	0.4924333940988811	0.1876857938393192
1.103571428571429	0.8241821026881371	0.3757861563273371	0.1220720897856633	0.9330377891380106	0.8010996938566914	0.6096683842534646	0.5091190194553603	0.09435156321041729	0.4117193592714712	0.7029723888844074	0.826893676009158	0.448557435877574	0.03666446564193476	0.01663592393722637	0.025445618096495	0.01037069147077841	0.5159298629814113	0.4843283737751725	0.2464673303617823	0.3527410530300196	0.3524104059071775	0.3477199609599636	0.6360370191025054	0.7466874851031355	0.2196088425022078	0.0791953766901957	0.1411492760650054	0.9227169032935499	0.2570441183329433	0.2458625586812365	0.2130236031690555	0.7531263595631135	0.6560904395212914	0.2399437229166835	0.6047800320857928	0.533137965840887	0.5251996101928856	0.6313701969677933	0.4145289158026117	0.3469204326303064	0.4980585658555398	0.5140627538948311	0.5229097677892803	0.2546732280314236	0.4437410467661172	0.5797963602775813	0.4193990801859523	0.4613460650152833	0.5376901596973302	0.3624911028973324	0.2982961872467583	0.293281081169755	0.6193048875261778	0.7268119995622619	0.2668901437592074	0.2724447114511511	0.2757694720735364	0.2341566238466192	0.2394905325441071	0.5174086471648185	0.4817434663372951	0.3291033738892346	0.3530692843450272	0.3296507151701829	0.2130918332828674	0.7317827346087232	0.7459757792703421	0.568328052675474	0.580566685514841	0.6957485538522326	0.63096012500008	0.3674618556555756	0.3600363867009828	0.3242742088317098	0.09860882130994732	0.1696498718360279	0.06770835274101761	0.1793175654851423	0.5883632400646853	0.5587179015365049	0.7869327401462377	0.5214791943317139	0.4924848385802936	0.6039552563480058	0.5074318589596027	0.4834612868215287	0.3555395635530033	0.6541549133954869	0.3474152449643251	0.4239733435898398	0.1760580482702807	0.2221827063840564	0.9955422865310477	0.6502410537583754	0.2307456740209713	0.9956523635016915	0.6703969102316863	0.5002856794994048	0.6624103105550762	0.01047159705037914	0.7055535214636378	0.8163902173672439	0.9991343005297791	0.999221177305572	0.02515131514320747	0.01058611646296042	0.01054763780962682	0.02386306901367651	0.5256927626386759	0.7779727372175989	0.01088892057340124	0.01097010177791601	0.01019247364048423	0.01014815108013682	0.9998966303483334	0.9999070735208638	0.01018100120108678	0.01067133577421824	0.01080168182463357	0.9992468645569906	0.2866040186043869	0.2909658746292655	0.2555659282871535	0.8346615824012155	0.7054447322602778	0.128553780086284	0.5949650456170147	0.5333330024957279	0.5235091001282038	0.6935042982455982	0.4041956856834906	0.3300851397287429	0.5082270703915576	0.5517606087608116	0.535237161219445	0.07565090910372305	0.3405612624864157	0.3615095116394695	0.430019172544752	0.5010054479151936	0.5413226977616392	0.5087658928846562	0.2617290840947001	0.411761631172912	0.5946827459378071	0.7836396863463869	0.1332164341242088	0.2067248520557595	0.2250391842666109	0.1667741033482563	0.1518960558852698	0.5213429915757498	0.4433062763525529	0.2399113729697701	0.2084917402727158	0.170579519087518	0.1411406888146776	0.758719095966202	0.7917321095929998	0.4617996043278826	0.5693166316525357	0.4670088126383603	0.7596374915728562	0.3126235023051089	0.2314266125840942	0.1994820229024904	0.099869417637585	0.154288066007524	0.04852423004377939	0.151605989059559	0.5998191161342614	0.5623381672335832	0.8273936831638713	0.513357739403175	0.4687209774042285	0.6188763864946691	0.5060494534390297	0.4852083452639093	0.01000021153491792	0.9999947839828631	0.01000079288776872	0.8724662125795543	0.0728168146411589	0.3488723448503218	-0.00240033881909002	-0.7198857093617824	-0.2961460924133396	-0.1340744709342198	0.7665924046250988	0.004082274803542776	-0.4842707175507358	0.01982953149753309	0.001476212350247566	-0.001173071352848913	9.607649035736057e-05	-0.0001362945518096368	6.066349654990537e-05	9.386654451874353e-05	-5.418622385689859e-05	-0.0002488418220380436	-3.506483022594163e-05	-1.518497977556321e-05	5.997305672568196e-05	8.345447012904562e-06	-0.4238739431794425	-0.06825006033461024	-0.1818464635580958
1.120952380952381	0.9461904620509437	0.7085926166324378	0.245874900484282	0.9688004965825939	0.7895523339289587	0.6682229204629964	0.7499232310812156	0.09985939769587378	0.4735518246735558	0.7281622632845945	0.8815827313450016	0.7537100406551055	0.02570026308459049	0.01999674172295205	0.01847141484044267	0.116057750895511	0.5191188830532714	0.636573110657066	0.1409063817006743	0.3525849103138828	0.3524623380015662	0.3485081534783172	0.9323266305410951	0.9295138791828297	0.01448659167438464	0.01759434779664086	0.01871558521640385	0.9778862317799869	0.2820457799212431	0.2780827578761321	0.2490978393523484	0.7587618683094067	0.6614160364542141	0.2691506661122178	0.6005595339428347	0.5290074585708864	0.5212060313690235	0.6415869118887279	0.4180769955186107	0.3528890269291821	0.5023118080155374	0.5319556611797921	0.5277138855501798	0.2424409806870232	0.3990082791363695	0.4432082429605831	0.4686669072228454	0.4982475455539775	0.521923926578075	0.3936817400446657	0.2607077227427608	0.3094208705360151	0.6523168985302118	0.726979785590092	0.1568726859942085	0.1955925022322456	0.1869826024721629	0.1711340000243748	0.1827448912155141	0.5208875256119788	0.437403546747259	0.2971433459174088	0.2804751612215414	0.1906647321365466	0.1115385102639227	0.6948406452813223	0.7041782768810512	0.4289597738155276	0.5145705556399618	0.5851022046991038	0.6146152426618725	0.3186169795232179	0.2977660950589401	0.2531974891629912	0.1031449581832105	0.1730858702930464	0.05235073188164458	0.163250043837624	0.5793521263380007	0.5475144186748817	0.8037588660716687	0.5157469269150204	0.4790961942340551	0.6070918352838209	0.534510223425725	0.4946159027824832	0.3547638518044637	0.6851488157818566	0.3481643405922419	0.5434094488658153	0.06382475600341052	0.2344452175550999	0.9998075618657903	0.9991468528596071	0.2790302149691007	0.9991754410151947	0.9988969186318905	0.9986382737896088	0.9993577329418203	0.1962874435645119	0.05319950377303608	0.6147639616149104	0.7420770413368512	0.5274241233937328	0.01256964975628778	0.03577116500458749	0.0371511686043318	0.2626087408154874	0.5105171750842378	0.5848026371175056	0.3518393227836402	0.9981374824944838	0.9995657605412075	0.9997343579298816	0.9995428790493581	0.9996399725561644	0.01224458071058663	0.01057037839944198	0.01053692806133943	0.9968116758456589	0.2686715440536089	0.2492612374362577	0.2341122348043027	0.667174061069045	0.6099765003186687	0.546234671197818	0.6080564624407946	0.5199875557213653	0.5162628223276897	0.5609507490113577	0.4456937960468499	0.3964155862476444	0.4962079333472378	0.5111838406565253	0.5180459528155167	0.5734556968636224	0.5533535022015909	0.4888754996128563	0.6626121298376275	0.5935179240999416	0.5213089493310624	0.2783157504055184	0.298821213436785	0.1791530918897793	0.8020047318738337	0.5833323553533449	0.1594002324960932	0.1745690147256199	0.1193665729321829	0.195595415595201	0.2589233481600963	0.519995029899656	0.3776949003588146	0.4199670853457975	0.4099325377837921	0.2078170643961635	0.07499784660432987	0.5021949245005061	0.4658682396575536	0.1994105055547802	0.3448072386514978	0.6608575009157908	0.2994609418615592	0.3049562330650956	0.3841738569264198	0.3206903878717355	0.1071685717296256	0.2092103876434191	0.06355063483504297	0.1851697690522353	0.5297412839931948	0.5072578993596607	0.7714966611258277	0.514749549450902	0.4871192729382256	0.5855933574911939	0.6112857300919584	0.522131020491853	0.9999998757912726	0.07073853531809197	0.9999956297506353	0.01000015467209878	0.0100006875079023	0.01000009201498224	0.004717909134162693	0.6511295135193249	-0.3889765389642663	0.1134505236670463	-1.209667547725644	-0.1856871558093885	-1.161524560768949	-0.03937507979138095	-0.002679091850712214	0.003423543059775758	-0.000180781461827848	0.0002642929359352509	-0.0001538112081320932	-0.0002179649528128259	0.000233818953628618	0.0005081557140334749	7.322878317833185e-05	-1.002682561739787e-05	-9.907149808083896e-05	-6.918485534571211e-05	0.6340367245669305	-0.06875310146949276	0.2770241200322367
1.138333333333333	0.8041504992311785	0.4755497114554951	0.1473970863468067	0.9868338582708139	0.9138237702929974	0.5049420380808667	0.8999719090649418	0.08305557146502264	0.5431608345042668	0.6647555549261331	0.8967748628934458	0.4133472772876811	0.01295174346487534	0.01902359310738845	0.01989626468969137	0.108046429983714	0.5239177180632413	0.3566120330737163	0.1282944798529378	0.3536792912429759	0.3525870153478945	0.3519245636300141	0.9719885244357384	0.9709417387723726	0.01019726726837274	0.2825651583774665	0.1641237303922278	0.9900806722733437	0.2607831041675846	0.2482454614167954	0.2072136867147609	0.7100522936912129	0.6455673047560901	0.3394786535945143	0.6129467450751702	0.5243014605735481	0.5182732536238722	0.5985045312748908	0.4209233280353413	0.3609793463019097	0.4939263118780034	0.5105006508006993	0.521887512192411	0.4943415049974529	0.462975232920507	0.3933004005180303	0.5453364872644763	0.5337811189146613	0.5043169491224861	0.5199648832975137	0.4374015186246444	0.4389412386161118	0.7111547821171503	0.6348768980719388	0.1765903180770256	0.2358277612341743	0.2187462199693139	0.2335034333563301	0.2593958926449664	0.5139020128071159	0.4336553238433015	0.4186168267749935	0.3751108026684898	0.2226080564553398	0.1553372362822066	0.4869655277490372	0.4964556495644629	0.4316377021496695	0.4905905578515359	0.5149931929244322	0.408977398264049	0.2436105340623136	0.2458899652697795	0.2137428424040457	0.09741874530090629	0.1606499664012223	0.05085701677692202	0.1602228714218618	0.5751403466553494	0.5398128907289683	0.8113605267751208	0.514754620817286	0.4734619249568013	0.6141909297698103	0.5565359328131717	0.5039163980912579	0.353045349227646	0.2597450794068856	0.4083059773742824	0.3370423926078359	0.01867291240998729	0.199060336399571	0.5596192025964148	0.01189977202274676	0.01802140636073202	0.9996275755459496	0.9994862707035216	0.119183250726639	0.9996624897524976	0.01060360525660815	0.849757063886862	0.6260895180006709	0.9994233895931898	0.01013369963091123	0.01017346388196222	0.01014063872073111	0.01021270568588638	0.01053102761762588	0.5349076946473864	0.01083070964709273	0.01044020720839231	0.01059498300393233	0.01011554844805911	0.01009868978387659	0.999873657995317	0.9998624603516877	0.03428251036421238	0.59090217890671	0.3115141410215432	0.9997403791898024	0.2361696195114162	0.2225546549805187	0.1654421711129252	0.6806979048990388	0.6516258920799233	0.2828745334098652	0.6284216804974154	0.5212364823590475	0.515953028057182	0.571392639235943	0.4110355962793225	0.349940445194704	0.4846852314775844	0.4898517627498041	0.5183081396657083	0.6205553112978694	0.4652619431039268	0.3123918913705509	0.545486867605512	0.5368026179911998	0.4874170073096726	0.7460937863700249	0.6315789497525098	0.67624255079505	0.7296436719198802	0.5976819960637703	0.1854765501247864	0.2794697764623241	0.2806623742891822	0.274272024080827	0.2839506540331175	0.5077173989448974	0.4498175232242	0.4793616614386806	0.400524724803752	0.2337292824163997	0.2129458015752324	0.3249237377553716	0.357925275460568	0.5431551918099347	0.5652069810892838	0.3946200043433726	0.3000466814848545	0.1546346432285624	0.1288705939218596	0.1233991530197747	0.09318348282257675	0.1342003374272515	0.04238821287073825	0.141298775999018	0.5929402832688049	0.5468518008625768	0.8461672676380784	0.5114757155723467	0.4561349966863449	0.6370854530256402	0.5543871549989735	0.5052261519818387	0.01000039253615626	0.0685134040313474	0.0355178418264999	0.320878726563063	0.01000085461942996	0.2665340653840432	-0.002002073320276227	-0.5471724292442354	0.5445095719913909	0.02054072004614449	1.131357809386702	0.1365079218629024	1.499922245902946	0.02028320485394535	0.0007898585071101041	-0.0007644501958588427	0.0001307061222374409	-0.0001523539010914907	7.44094009186773e-05	0.0001600527740194216	-0.0001866410348893343	-0.0002594386031658398	4.401321173234762e-05	1.143760092253047e-05	6.180964994592461e-05	2.941850338247606e-06	-0.03383912186883079	0.2606329058117982	-0.004528394912523289
1.155714285714286	0.7501706186498314	0.3865058983540693	0.02107174465523911	0.9939563464840513	0.9616385217728333	0.4616856885510776	0.9427846676627319	0.01452773930210034	0.5615313242925235	0.6401271528930743	0.9358859442772258	0.1061548728901179	0.01145329064643737	0.0168740411523401	0.01075375774739249	0.01014533208409885	0.525468233423015	0.2189466717411637	0.1249948121534176	0.3436424993944136	0.3523597221720475	0.351813181717124	0.9876683688964866	0.9864792873672226	0.1972984187280204	0.3688011395943078	0.1992318383627154	0.9955884931257537	0.221693057657609	0.2098131125886534	0.17327451931273	0.6864732155087178	0.653755292943595	0.3975060227207811	0.6218960086102517	0.5189408366543907	0.5145941287005417	0.5669310715695026	0.4228030244586692	0.3669215149964706	0.4882300924456442	0.4989255953823162	0.5189028401605406	0.5354647751647652	0.4726846313911763	0.4010897047519499	0.5476189001057751	0.5527661312777802	0.5260142963147598	0.5253697207871679	0.429756488863413	0.466493643569085	0.7565226461703889	0.7041490914704803	0.1311085009497174	0.1921404214273191	0.1930789707538437	0.1833631862242428	0.1890797198815643	0.5233809295916235	0.398038396034905	0.3371382637523663	0.3073594093179151	0.1611953926523932	0.1421437338062839	0.5553720829685393	0.576808584652947	0.4122296818816389	0.5780043513659027	0.5472480175249594	0.4202891124935818	0.1668531793856833	0.1484224527601784	0.126623637559742	0.1127246484073711	0.1768308629954001	0.03953792763261429	0.1328103447443233	0.5703975451703959	0.5290737080631408	0.839064049315092	0.5052200925999496	0.4493917792933902	0.623394987939581	0.5847103287922834	0.5158904400146284	0.3529517914214079	0.4141242895232949	0.06340848754915558	0.3104813315725809	0.01320831064671357	0.1854890533344556	0.9998092278902672	0.9011626693257448	0.01181801951457244	0.99923196849771	0.9988608370320371	0.9965506913984589	0.9521217673840132	0.03710612354965155	0.01034505664752757	0.6145620138935366	0.8510715888717438	0.01412058467443044	0.01134236726028518	0.03120019208819284	0.01733303212037145	0.02850385997283177	0.5100268012525971	0.4095221512364885	0.3431545921807271	0.9648415537841504	0.9987920436791251	0.9988038613945497	0.9998071402869417	0.9971517096205225	0.4905480704245136	0.01062283902430441	0.01036052326470954	0.9991287771188229	0.1799979897592677	0.1693471211954996	0.1718660406266205	0.6522630985898371	0.6554131332382859	0.6860955032801285	0.6219597264232112	0.5085962989752529	0.5081107590501237	0.5130929060572986	0.4486055578741979	0.4069076658305756	0.4877017252682265	0.4989370937043208	0.51521473638636	0.5171379176645058	0.5252749058588132	0.5565033296770362	0.5938501880482141	0.6157174746085534	0.6075015355502976	0.1418499967525539	0.1028788608910708	0.1076819917122313	0.8799555810555806	0.9205423680503602	0.03965602375602505	0.03773960651435555	0.0330628491117453	0.03214313539978024	0.0348661668057649	0.556904518271403	0.2774723985531981	0.08703859100259911	0.1481601432118989	0.0363634947216826	0.0195963234049059	0.9532035079368036	0.9612247544544922	0.1407729085482284	0.6433053812023719	0.8354239672210853	0.5640654160466013	0.1528132235573191	0.1531611535778834	0.1156906235492611	0.1458585158042703	0.2567387363314833	0.03870131890027129	0.1187417642700768	0.519824343133222	0.4827566320127614	0.8525564385362391	0.4864938963866525	0.4201892401717269	0.6063704911950577	0.6763119901070827	0.5492722152063381	0.9999994799428574	0.999999712113775	0.01000020451525412	0.1882421389685434	0.01000017629809812	0.0100002287036949	0.004400300822412396	-0.2270542314656358	-0.6127555039788101	-0.04524072558577807	-0.4894859212772619	-0.1704813796995128	-1.325697687965549	-0.04007552405001163	-0.002296879856198889	-4.222273711059983e-06	-0.0003160498423437317	0.0002808793186249697	-0.0001103117134869277	-0.0003385803163182953	0.0003181336104637983	0.0004943753993839134	-1.842146530185987e-05	-4.019132727094614e-05	-9.755744078988241e-05	-4.684021694692065e-05	-0.04559802949529776	-0.5459719591581729	-0.1479671172771756
1.173095238095238	0.7594092952560227	0.3481430291495453	0.01007638597690221	0.9971164792415377	0.9820432564799172	0.3844469552178713	0.974705536410974	0.01074581563222462	0.2737373733068925	0.6690936146390659	0.9400199795825107	0.02944584678301695	0.01086867953857186	0.01785145075644359	0.01262412531132148	0.01494454226538821	0.5251767087962093	0.2402794049005339	0.1283811926445922	0.345190812788329	0.3523272376474124	0.3565073689185161	0.9978751235877154	0.999857719157657	0.3610962420657937	0.4226210227040088	0.04305174241828955	0.9991303562111299	0.1665121797175182	0.1487102471232626	0.1218912690550234	0.7511673401471357	0.7022582564459485	0.4121095658363451	0.6335780553668749	0.5130571472170944	0.5093930169180211	0.5533057172645663	0.41704423261565	0.3591894279277186	0.4835959013032666	0.4967754976952696	0.5198774525985788	0.5081973935922118	0.5039254787567085	0.4371994162495824	0.5446446851984205	0.5262674192771553	0.4663194881347842	0.5894390915887823	0.5534830043725221	0.5524020253328877	0.8559173414222906	0.5743544591100926	0.1229037113904272	0.2044000881530924	0.1947627426033292	0.2183435269097474	0.251782491296281	0.5028303173275656	0.3681230340734701	0.4456784236765743	0.363356385113382	0.2403772953028509	0.2243174834136616	0.3995470564814318	0.4095322628543903	0.3595969139441189	0.5079456717668406	0.4755633867711336	0.2410585309642405	0.1040859436173964	0.09846946485964403	0.07952803808051902	0.1298737902785284	0.2050318596222162	0.03204796405753728	0.1160451583327872	0.5796248973145907	0.5274771922100021	0.8788027504954212	0.5032822124485763	0.4358317552945165	0.6513948186057305	0.6194939020858771	0.5272973296044817	0.568701670134199	0.7880974406836366	0.1398585649044111	0.1021848863096336	0.2225839902916942	0.0342625175329262	0.6473908651940223	0.0102643856229623	0.01290977052559127	0.9993814094456793	0.9950334970474339	0.01073506745083571	0.9995758236819802	0.01052158872801052	0.1624448002093299	0.732873042565534	0.9994523374928684	0.0103473975885859	0.01045833412838245	0.0102854869205487	0.01031879703143763	0.01015713484388812	0.5327003402367199	0.1326160055493874	0.01064318811504414	0.01070265724219363	0.01016697346812417	0.01017989115465415	0.9998914220167502	0.9998490550225809	0.3501678131365218	0.6753788583966251	0.01024640008031084	0.9996703878193827	0.1306319552878019	0.1084551942434268	0.07487407811090631	0.8727302704547558	0.7803597265754753	0.2947786116909427	0.6536498417793138	0.5117756840996166	0.5071177405127864	0.5591488555599179	0.3955150928230407	0.3281364626554028	0.4767812900155426	0.4901857024474409	0.5220166123445508	0.4517590613058873	0.4834751006193514	0.3633624517858071	0.5182234562078228	0.4610731424801213	0.3509570238641047	0.8647837133576641	0.8928076623389006	0.8500660529170933	0.9514377975543783	0.2885001779480817	0.1581230102305576	0.2924777911827335	0.2735861126143898	0.3322516688675952	0.4023478148833184	0.466442588878625	0.4019432020034377	0.7181294369946905	0.5048423024203428	0.3942662349185526	0.380383859407261	0.01387852280687074	0.0134271400492233	0.4102875904804743	0.3922462256651663	0.2461891283622869	0.01131045195514762	0.04609636910919937	0.04376659033201606	0.03862520835467415	0.1363016917636345	0.1977643540453421	0.02625288085377128	0.1029431105124004	0.6268340132853936	0.5538889055746179	0.9403592562373562	0.5094021388466404	0.428071233290481	0.7084905717190932	0.6251784685095846	0.525170680654001	0.3945697721434986	0.9999956163901412	0.2426129684790291	0.01000132870815197	0.4663677394630331	0.01000046772522145	-0.002034224420211036	0.4932404322409662	0.6098321133705519	0.1106059024801026	-1.433049675718436	0.6186944105078761	0.6554722892959147	0.02120657835102001	0.0003137374926142247	0.0004740374078088396	8.743916117065905e-05	-0.0001427550938216615	9.174852106785124e-05	0.0001436854900235597	-0.0001101292372095318	-0.0002238806814903435	-2.372220299793118e-05	-1.509184133856418e-05	3.740753148569601e-05	8.057891072159775e-06	0.2484167629838668	0.1982049029590864	0.1112897310791784
1.19047619047619	0.7624888021799909	0.2195621300594644	0.05308088687065655	0.9983588162516233	0.9899116055579592	0.3299535821820348	0.917820067919049	0.1085308285736269	0.1899287986203801	0.7088462726230556	0.9786905893853403	0.01514722536133896	0.01044726991281821	0.01034246096430041	0.010438381413578	0.02308224500401574	0.5259136686412484	0.09671168435959943	0.08307682902755022	0.3137945511871142	0.3524515025600583	0.3227920438778514	0.9749498887128089	0.9514862937013682	0.2533590524320153	0.4510194359816461	0.1365032193815678	0.9894516856651587	0.1513667872841942	0.1357142744201769	0.108859265941824	0.7988340283886537	0.7435088025848869	0.4675129276406834	0.6487371824548596	0.5177513175031114	0.5142034735797559	0.5427802704004199	0.4107128174161839	0.3507446626249205	0.4791582654669582	0.4820277069081778	0.5161326195718423	0.3929310215119035	0.372350730272238	0.2837565722202848	0.5471536562370233	0.5295816523379294	0.468720006636677	0.5811632351550763	0.5825994351032489	0.563373691221436	0.9129800805853526	0.5565317438033468	0.1103124956760849	0.1983150832605767	0.1864380833505885	0.2226849099834938	0.2666059364714494	0.529443639736044	0.4137535751832673	0.4712488759019318	0.3364675746741273	0.2593926881827557	0.250393282560721	0.384106689284316	0.387868176950016	0.2927743173613389	0.5369640932231037	0.4952568181309376	0.3494257638406252	0.04215252684410789	0.03818368272131027	0.03345327625041125	0.1761454470126047	0.2369642528322322	0.02719899418014261	0.08550413087806527	0.6153530968849965	0.5482127935526723	0.9188389111804873	0.5005227919058558	0.4144343642052554	0.6881871743628979	0.6374521458616567	0.5262667988224377	0.2758516900556944	0.8987210911616169	0.1597144399940862	0.3356103200262303	0.3776506404338324	0.1807134740519229	0.998978240479401	0.5143945985747285	0.1093068973230337	0.9992209469934846	0.9983026706446215	0.8524606654351128	0.7229430464401564	0.2735940452733615	0.1121385212103699	0.706908633187332	0.973290778076409	0.01025138550662829	0.01051824309999349	0.01500981188430836	0.01250238845287404	0.04586078146022463	0.5126269856848082	0.03425675187893549	0.2230990343464104	0.8622617854576448	0.9992088028832766	0.8875414223747822	0.9108440943798931	0.8200763819764703	0.1126515297093997	0.01882042109610247	0.324395356418728	0.9625669286397832	0.172876044718023	0.1687921304664931	0.1601224224284921	0.7251313395651947	0.7288822284671631	0.8504252840497695	0.6564416875198036	0.5294924548648114	0.5285763153807851	0.4960720333150833	0.4351812330782306	0.3888690936698285	0.4790345793524726	0.4562012452160561	0.5025986291712309	0.2040351682524861	0.1078115963954768	0.09011541163922933	0.6049333258354793	0.6539807815779829	0.6723321029469544	0.02808804790259482	0.02000564792506111	0.02231627137657481	0.941747404779919	0.9943972985822846	0.01599101850320209	0.01280660930644317	0.01192642390532124	0.01180117698000261	0.01187139537284895	0.6614109213082353	0.4408526605149414	0.02135543684630126	0.01532983199457401	0.01171801118651852	0.01068258934069079	0.9981806493335283	0.9982732662040347	0.02124400465735729	0.8070694169242034	0.9584350805920236	0.9990006862348273	0.03201743607483034	0.02971568382857975	0.02558782625883017	0.2571661900785588	0.3296626712709694	0.02944891896378425	0.05439827748318683	0.6216287636294927	0.5488636221276123	0.9331005771987182	0.4801393653278734	0.3704468125792182	0.6903824136448775	0.6941249998370415	0.5337927362253021	0.01000097407231143	0.9999973112008984	0.01000058816276866	0.9999992053716622	0.2677243290735783	0.4626622266246139	0.004468104461598688	-1.082218420165612	-0.4714154897537089	0.04240421153086316	0.877831505096216	0.3092934153593247	-0.350325482545482	-0.04142039802471968	-0.001169457279171763	-0.001854145375308139	-0.0001206456138042259	0.0002656375751940714	-0.0001175559549125579	-0.0004001712254793796	0.0003955457927283987	0.0003552253366092283	-2.505988389787187e-05	0.0001070674566044593	-0.0001010174587391948	1.633140080597058e-05	-0.4724480933483572	-0.3585921826998786	-0.27307085046351
1.207857142857143	0.9029163621045385	0.1752070757344756	0.05204002011276904	0.9987593513882107	0.9460995340658105	0.301727521787612	0.5137744402050427	0.09372111949760759	0.06268198069999305	0.8214304427714729	0.9856356934487845	0.05137872733230029	0.230767617882201	0.1515171409767025	0.08549757220610171	0.01024189952606832	0.5145788429245166	0.07183644712897826	0.2435975777022279	0.3201977742838665	0.371947080697141	0.3351476192606423	0.9741712276225523	0.9725615258503885	0.1581941849391939	0.3526089617864832	0.24098767127105	0.627682706363787	0.07637753390392617	0.07140897645715416	0.06418644238336255	0.8618524786411659	0.8420217346303589	0.4867667010612245	0.6459446054520879	0.5199741403709491	0.5157111812755895	0.5609160365391349	0.4098714304907307	0.3487125590605131	0.4826686154362367	0.4918186951973668	0.5181187287803604	0.4047944005141628	0.4206632393442545	0.3829669749965803	0.5421773584818228	0.5332612201185762	0.5107774020129607	0.5974611331940376	0.612785271194157	0.6007464606773157	0.9485976630076507	0.5672440266315988	0.1761137304662077	0.2281371101829006	0.1720690685391843	0.214715515127221	0.2762350185037863	0.5086228245156704	0.420090243439676	0.561236380275116	0.371459509965466	0.3076509865006576	0.2076131389638784	0.4128968946426177	0.4012326836739863	0.2399126315334699	0.5476910739862285	0.5697836270737815	0.3529608747479633	0.02172500901690195	0.02038466528385693	0.01827319377112466	0.2555342291991539	0.2914858476909152	0.01900720089522494	0.04129344132230344	0.6770687827004129	0.5809675880675953	0.9480189979859999	0.4924428800029658	0.3557608243590019	0.7625235458677125	0.7005889201323271	0.5298268183168968	0.5141448760198114	0.9683577343410708	0.1222193796933409	0.3497606609380846	0.2349942100635829	0.172635697588211	0.9989948495555326	0.01014162892632404	0.0239844373183164	0.9989981179306732	0.874045708641795	0.01070836720122514	0.01006487589507429	0.0101256681873848	0.01005900844062493	0.9967292448377546	0.9995658415670493	0.08234052076150597	0.4673036676963503	0.2875503487092587	0.1623944242484604	0.01011316483981863	0.5004765621003719	0.07899897312791995	0.3086291951497386	0.01091988870571026	0.01026190833361073	0.01028496929981819	0.9999233868430767	0.999848169093973	0.1173014311808665	0.4226566928579201	0.2164835956944131	0.01052779905462141	0.01059297244051616	0.0105247853950143	0.01041103335829863	0.9992792646494962	0.9973989979943036	0.3224791625541594	0.6387310947130157	0.5183089565562269	0.5118508799003743	0.6115970178400686	0.3966470355408532	0.3274067077489166	0.4878634214067964	0.5179787836460845	0.5273667047563141	0.5125891043417508	0.6197431480325786	0.6159387451885653	0.497571645542815	0.4675842439354771	0.4549933570562689	0.9039461385376979	0.9373340268903715	0.9260516005095104	0.9820018710417786	0.3536800346980187	0.3000359097500025	0.3572553407894918	0.2428503036592676	0.3092177910304679	0.4138485092431651	0.4094837653591407	0.4237344198892246	0.9231567123916828	0.5789211062722548	0.4935164980151583	0.2732368128160171	0.1194850318531205	0.09349999038824576	0.345632135864386	0.4119406971717725	0.3994938892437659	0.01181869794293909	0.01312125749337523	0.01276943527234941	0.01218448093280454	0.3102698393288563	0.3135852120093917	0.01208217198776461	0.02245844179990164	0.7652392593299507	0.6305698995694444	0.9817292626935622	0.494372997907329	0.3119973605791027	0.8671677139220675	0.7495828446545155	0.5260936283483443	0.9999996988184696	0.9999155393609592	0.1711280908800414	0.01000042058886851	0.1253440835898108	0.01000020887544825	-0.00201945273145166	0.56470533833755	0.2030533533207007	0.2228870815324664	-1.769990523697776	0.2773661537291829	-0.2801613025930023	0.02165327985572976	-0.0001662988820746254	0.0007265354828049129	0.0001021077890345925	-0.0001339900684448526	8.240507008061685e-05	0.0003051421995518542	-0.0002253053898848143	-0.0001573442289374649	8.720177843143907e-05	-5.120089309731842e-05	5.60081354597348e-05	-3.01528115765827e-05	0.2288554467123636	0.1232733050503634	0.1804174954859519
1.225238095238095	0.9568583234831474	0.2851739520667168	0.05850304839989642	0.9990851402362005	0.9291332577325676	0.3383848145703994	0.3021376821849719	0.1577494581230748	0.167622251001732	0.8722624352767889	0.989951068502801	0.05540446809911532	0.2939705880400389	0.2062892689315267	0.1880381469607985	0.1530203376700514	0.4918095640618602	0.0561440454315664	0.1850685247131788	0.2082866565805759	0.2182206938869572	0.172957258521637	0.9561771113552545	0.7336162450210495	0.08714267757391049	0.30376257600999	0.1300908608487125	0.1724835316812875	0.1046181083473706	0.1061951044020284	0.09743926234954921	0.8983977422093088	0.8689431096870687	0.5228140027707879	0.6476592085250582	0.5249952906009485	0.5209725955576098	0.5727400503285363	0.4101035229699473	0.3494081912106521	0.4851589110736501	0.4942240425231695	0.517697650027633	0.4033741550702928	0.4471666286224307	0.4347209860256981	0.5078253748948489	0.5039204425540684	0.4908904464956004	0.6529660716274167	0.6434326696568392	0.6357507964022888	0.9368581329737652	0.5577435447891218	0.2275283122827348	0.2498329040751845	0.1746683870611325	0.2165767685863475	0.2847002398623356	0.4854718459238088	0.4585023304964528	0.6242546376681729	0.3970447862801218	0.3330091592328513	0.1926455501426602	0.4128256764642589	0.3996291963485112	0.4116040587850526	0.5022142753305656	0.4799954922021153	0.3512434660297759	0.03004109660446578	0.02756996843770745	0.02456410196173538	0.3294141599987195	0.3432139775716848	0.01902763547933469	0.04253067370859706	0.6991575269437239	0.6035982824837288	0.9442494984170228	0.5009694167146858	0.3737139301877678	0.7663281048885733	0.6646537148406617	0.5121711931220331	0.6258579392062299	0.9066336768041936	0.1932057471009257	0.3503196592465689	0.1952500657215903	0.1164835559986081	0.9999522882075519	0.8597360684484079	0.1246391815602926	0.9997752526177942	0.9991754303201741	0.9771846209181295	0.4923220966946137	0.4505614090651759	0.4390533710528954	0.7286719837903781	0.9784988535751044	0.01002327909615982	0.0103843909138575	0.07344094574179837	0.2336827054887265	0.4080851322547078	0.4551485628771748	0.01009464155755783	0.01040445957668963	0.5150128916070069	0.5132001848563394	0.3921249639146293	0.8524704224718843	0.01007780886827544	0.01005055742898071	0.01046929342926006	0.01014562319031515	0.01006276658985728	0.263350643627223	0.2711199365946666	0.2508567980732366	0.7631517307035393	0.6898544315898872	0.9518086111207034	0.6652564890793082	0.5426331131685314	0.5432299286853289	0.5118730495151957	0.4366573586587368	0.3925583525535973	0.4829412778597696	0.4529480395867031	0.4991215756413929	0.1865917952361425	0.1234670658766469	0.1182482075481699	0.5036407774718872	0.5587921631463502	0.5712197303966264	0.1769985911560272	0.07150825596169824	0.07658703285140393	0.8567734980989672	0.9542040811395689	0.09087357102365204	0.03774579276042937	0.02971509596255073	0.02374915392173931	0.02287469850027687	0.6097127411304339	0.5508501659577771	0.08436202195909247	0.04111879442355056	0.02268755290464165	0.01492434245716274	0.9873189574536639	0.9883185843300728	0.5553122250878959	0.6532339772354746	0.6117030941795505	0.9927234029543714	0.05371001590753132	0.04828133475335411	0.04158757916093695	0.4162902675552397	0.4415686794903671	0.03055907218976008	0.06876114669326826	0.6171278563092597	0.5823277845946588	0.8827513380968212	0.5149612126028948	0.4765231345802267	0.6087350022757128	0.5023897280884029	0.4754261880160219	0.01000210715095623	0.7062341917551208	0.2083284503240267	0.9999925691084093	0.2670030721098141	0.3063432000774354	0.00254349201761541	-0.2691621646273261	0.2400411670099674	-0.247771907302184	0.4744449718909843	0.7594211462068503	-0.9111499561252056	-0.05029599817376777	0.005507617954137322	-0.003593912841110831	-0.0002148549385700883	0.0002308048617621963	-0.0001555583375641911	-0.0005761782861153434	0.0004347466613697806	0.0003051412205536792	-6.509453149865197e-05	3.697907467331629e-05	-0.0001145064286012681	-0.0001235137810828365	-0.2778431446687173	-0.1052456074092408	-0.2232550839936792
1.242619047619048	0.982212040315623	0.2954237523239991	0.05218152123387335	0.9996002785848191	0.9998524639738081	0.8006470310725542	0.1834788538587668	0.1787807346010213	0.1679227942223615	0.8978629830750878	0.9997095256416222	0.4471325261779583	0.08753008580639046	0.07335604856346672	0.1136633522356886	0.1631309399521661	0.6883917417665324	0.4472939620912099	0.05025198031135556	0.1687319861816186	0.169735884090102	0.1232965889167638	0.9739967080800344	0.6868704814484838	0.02365776364430504	0.09122493309120269	0.03424549132185935	0.4586262276603076	0.09454508597565875	0.09677749574191512	0.0914256223691837	0.9128985871539768	0.8849648576439942	0.583659856169773	0.6585142125929317	0.5348260900698945	0.5306915730708063	0.5768706884411123	0.40196736451483	0.3374288961174853	0.4824361167727216	0.4809598994922246	0.51519093108904	0.3618130837336636	0.3894850983955255	0.3462678331276613	0.5048972214435973	0.5173267019503038	0.4878183644262673	0.5618451203797603	0.5586124665996341	0.551309316662859	0.9201278100695504	0.6728604600360646	0.08140752911460321	0.1091111369661843	0.1072777436263963	0.1485575529894902	0.2456109818845105	0.5237915993768141	0.4485183715491027	0.4747665206831323	0.3861843523535007	0.3998170667138836	0.3762748266216198	0.6742225780980365	0.6869464353429205	0.593548346717504	0.5199655178980873	0.3440156201813892	0.4099381096200182	0.02900293010745845	0.02660843259748155	0.02307324706260129	0.3480317393046895	0.3871856805921906	0.02853029509685329	0.08544599579733224	0.6599133405358554	0.5951931608838615	0.9151161031292995	0.5092694915870103	0.4301689226130899	0.6972925513471604	0.5762805818374885	0.4918107866055337	0.4852999485614282	0.8940468548310614	0.09869610257989145	0.3522370702225867	0.3010293021562664	0.08792011552354601	0.9999843953253289	0.01002492164651043	0.01000866874130889	0.9999800732421251	0.9999676111467235	0.9998751324162797	0.01000187025253702	0.01000452471424629	0.010001863764219	0.9937883468912757	0.9999831407562215	0.9999805912046681	0.01000865531218272	0.01000890858201046	0.01000854276287879	0.01000300683913896	0.9991307686766484	0.9999529282553844	0.01007190087821045	0.01004392820069579	0.01001463173138341	0.0100086026406734	0.9999955463813179	0.9999964128805965	0.01004051763836953	0.0100546071613287	0.01002055374024211	0.9999845379116661	0.01071316435262617	0.01065374260257604	0.01049550579433258	0.9981452076832518	0.9920163221146348	0.448639828613828	0.6698549993291507	0.5389855325460672	0.5328199140428151	0.6091457451780307	0.3777739962532184	0.3012301581535252	0.4786577833188894	0.4821722406887442	0.5210869211033352	0.4321460045832455	0.4743492977497268	0.3728302910737322	0.5006614664578906	0.4942246189439484	0.4115028630551285	0.6770114201850508	0.7431710780509215	0.7270675857968077	0.9173475820254714	0.5837249096828475	0.02500730858778841	0.08624192381111787	0.1116404634208388	0.1803075307437519	0.3600113189280814	0.5012274480248398	0.3867928113190885	0.5569640535436866	0.5752557355104667	0.6782720680266683	0.73665859056107	0.6942254008499553	0.7306223233769479	0.7575906803833025	0.4466175465948109	0.06298846005252737	0.04371336441596953	0.02070073344392898	0.01931228492365788	0.01739688444667051	0.3246615449918467	0.392302021410857	0.03127455887392419	0.1131912616189805	0.6413215098675281	0.5937618427793664	0.8914010821217588	0.5153152687077771	0.4542075783042104	0.6694746106513478	0.5205455568730323	0.4795677512537836	0.5714856858716584	0.999995103869638	0.01000208853773606	0.01000476080777641	0.4056578634585414	0.01000057146369679	-0.001180010177147336	0.4602488655185774	0.366193382879463	0.2061779902717488	0.9669865981440185	0.870904623850269	-0.1088328379707331	0.01784074694443285	-0.001483890815534012	0.005165154728770985	8.822390142008175e-05	-0.0001224066657650732	1.38566871215784e-05	0.0002734366419209235	-0.0001886735639667081	-0.0001664241335394065	2.118266074201526e-05	1.218169670586926e-05	5.124691161935072e-05	4.176908568279438e-05	0.1356363834887964	0.05294783902850105	0.1063363387214088
1.26	0.9921831465112918	0.3381870993807362	0.02370856772060253	0.9995443067825686	0.7686248702783235	0.6273137983541169	0.3241267584254988	0.01028757552642264	0.0741033887523521	0.8541507086215406	0.931962940950162	0.6059358135108016	0.02510007191368754	0.0167167140234189	0.0100296062908834	0.01009166230039728	0.76211996940256	0.6060378580307574	0.01874935938296696	0.3214262084022431	0.3226139791311352	0.3182947233418051	0.7950075071218496	0.7890134775433633	0.01435850307967718	0.025998857057989	0.01650203184893596	0.8059394323528886	0.1187487801313724	0.1235489235460805	0.09976431591797237	0.9020181333313023	0.8665000657471932	0.6138626277037055	0.6774674674199428	0.5351880125369883	0.5328247150157348	0.5632985384829261	0.3976659498893793	0.3336147258472454	0.4769789895552594	0.4721069690560012	0.5147861596061173	0.4291016003619228	0.3965584326592498	0.2770379768209157	0.4951447659420176	0.4679636040759583	0.3637756658451819	0.5987569685235176	0.6570916876495284	0.6369965479558277	0.8547920811716185	0.532963778868893	0.1388685824278119	0.1851912896369943	0.0951612147913414	0.192783670927536	0.4033105855567563	0.4895393946148399	0.4369159246231963	0.5725408162979445	0.5149090261382284	0.5673329285113911	0.5522612976362785	0.6462636416207146	0.6579085066330184	0.5911794599367425	0.4448783279854649	0.09333296420026478	0.07180750699928908	0.05846012936257663	0.05254512151449159	0.05017393541162012	0.345249969607107	0.4016489901019095	0.04050136638138126	0.1274235012487366	0.6417595148028072	0.5926472643109667	0.8712205110025996	0.5181016007558449	0.4620124060573378	0.6644405199175094	0.517879709555539	0.4755879088844469	0.4184367092818643	0.9781393756097628	0.08781655090967891	0.3523367490451924	0.4269429447529399	0.315264344157771	0.9999052876871656	0.9993975755997591	0.05954908144053587	0.9989200836546549	0.1478364361047401	0.01042224595836398	0.9688293227811524	0.0225123506656171	0.1870852805700852	0.5514949350389579	0.742214407688766	0.01003392900001913	0.01002946999125053	0.01003005343132412	0.0101160152364241	0.02379947416753773	0.4426612182258078	0.01021195003749729	0.01011301442121865	0.9991898615516118	0.9994927757892855	0.9989175760482989	0.2409437547538366	0.4049821006176795	0.010042031614603	0.01039278771998738	0.01068963312837597	0.7058949903529762	0.3281413769835219	0.3431682926899091	0.2727579901752094	0.7083583143801623	0.608151832002533	0.9959019489339106	0.7131343789314971	0.5329919181599153	0.5392773281636828	0.4647067140766541	0.4313985447791786	0.3911166115024464	0.4691833245471119	0.4403498611534443	0.5006242461902862	0.4268565546733813	0.2125005421927544	0.03414344080620636	0.476893057430318	0.3940715664363595	0.2077789759830945	0.4133278467273188	0.4958186457218786	0.458837076061157	0.6636352263018799	0.3939478138185178	0.3122320622977273	0.3284371361512132	0.04351634615139706	0.1849438565259671	0.5006508128021812	0.465444044044927	0.5248137558835076	0.5810129273839878	0.4303360695999492	0.428364358498534	0.296688340040245	0.6732999964771748	0.6494512748339051	0.3511473953766647	0.4058516422152285	0.02623051666588926	0.01905899795620429	0.1213816361829421	0.1073222480625382	0.1029857328353238	0.3938655181745936	0.4477609214576554	0.0555822849892917	0.1570983994916137	0.6074022185326061	0.5841105202962292	0.7761081486217556	0.5333256200166736	0.5219167001781978	0.5906295827349096	0.4273954737730471	0.4480246073577991	0.01000054683512712	0.999994486485331	0.2098790253043161	0.9999988187085765	0.5565580565362142	0.9999992750502004	0.001213655715175206	-0.5193544534665177	-0.4489634056634977	0.1672883974055669	-1.848838245813324	-1.147986130133505	0.8657888644629342	0.06307185175736146	-0.04709199185420139	-0.01011560758147221	-0.0002003554898514289	0.000227256391724406	-7.551893005223946e-05	-0.0005986633854900697	0.0004345043321896937	0.0002703985644688107	-2.755215930382536e-05	1.73358291130744e-05	-0.0001227425555876567	1.3849814051018e-05	-0.21281168280215	-0.07834814856463249	-0.1535454451783526
1.277380952380952	0.5956758067916579	0.3518319532344705	0.02782726533427654	0.5987545249018477	0.2840635050837926	0.1887509694539545	0.4603267570295468	0.116173394704003	0.1833616672063914	0.7470799017410846	0.9120042525660472	0.1796648479668033	0.09273599323342564	0.03976951641594487	0.07056402150705557	0.1318157445629483	0.5439442360352718	0.1797980534428408	0.01179688153325557	0.3918166028784897	0.3997436308124083	0.3910483705535792	0.7430928856429002	0.7771886067587015	0.01056625425018986	0.01238835842397762	0.01104472798369895	0.4385439793866386	0.1487261733261721	0.1373963071987626	0.1065888105819485	0.8470088353306	0.7637611473840598	0.724514313621431	0.7193549535131656	0.534372516818887	0.5335767583478751	0.5123700965623075	0.3707059707378784	0.3054747233877935	0.452660941605109	0.4358621150459819	0.5110132967223023	0.3154534865380448	0.3706714114275491	0.3311569341272618	0.4511328608828516	0.4145848714177118	0.3262865115786927	0.5515342797796757	0.5995923741067875	0.5579151076014837	0.8159746352772448	0.4871520202046928	0.2567076970726092	0.2415609669324146	0.03668778010517919	0.1407087084652428	0.3221849887925036	0.4729833227166921	0.4697539360042753	0.5596200746456761	0.4944391955625046	0.5109401541059369	0.2808186337725463	0.585257505680662	0.5838330640590361	0.4425002151425979	0.4949175223829554	0.2544642216059291	0.04920059209323482	0.0655139573717879	0.06005386810914588	0.05144874293096555	0.2956172872056398	0.370799702836488	0.04273939567935817	0.1352827479262348	0.638718719412577	0.5933632843420531	0.8556415532611247	0.4996525515486505	0.4419751405413758	0.6454581769787918	0.4830278234892971	0.4712428714007555	0.5311631398319919	0.9909876294984081	0.06005291903226149	0.3841752802722548	0.3044235672095177	0.3468740245977146	0.01009972925476154	0.01003016674002853	0.01004860699237615	0.01019169036823142	0.01006854962121139	0.01003768159176457	0.1766532373324499	0.2022864069501809	0.2089621620483828	0.7327721484640732	0.9981562970712892	0.0107324412856168	0.1594730213079324	0.06081877228974869	0.1199012027058308	0.2340013764045118	0.406410868275918	0.01081415089667925	0.01112118469770086	0.01093439644586082	0.02647239318904757	0.01040144013895202	0.9999062024403569	0.9999147761274014	0.01003373402823524	0.01025310396173645	0.0100231981597231	0.01009609212840344	0.06425520618662547	0.036482655023125	0.02849800478713608	0.8623139559457648	0.737914693142503	0.6902529015360628	0.7712072073400217	0.5372141506044027	0.534254002037294	0.4885658800908035	0.314921708683189	0.2365110312119396	0.4212872688323309	0.3953113086464083	0.5113174436358564	0.1815617840081817	0.434417153856699	0.5351470176880595	0.4058347560390256	0.3905123894007042	0.3752428274503223	0.5658519480189036	0.5803767918727211	0.5215348388893322	0.8419250125195312	0.5205780905941266	0.2872700989774766	0.2313955146689108	0.04723875922017577	0.1204946220393757	0.1793523663411594	0.4672480198320332	0.4685574521876645	0.5250277498135575	0.4920246300575178	0.4698273703926505	0.08711935608810618	0.5103055676000622	0.5095727721722686	0.3708244384655562	0.5898469038673556	0.4974899457305498	0.0625339357602251	0.04466681626108917	0.04184374966491836	0.03106940871769091	0.1885657444110335	0.2857137339455357	0.03665968256901891	0.1284741309713828	0.649003526311979	0.5952336893068658	0.8856349026799762	0.4609394953698599	0.3751002466058661	0.6546925689555875	0.4931026681547738	0.4852030845636596	0.9776012073934874	0.9999921795649259	0.01005902320084162	0.07284476635254607	0.07748713766583784	0.010006366949354	-0.0007308253742072482	-0.2364566955920647	-0.4062227788307447	-0.01892678479119396	-0.1111431921374439	0.2632994097668436	-0.7530642120634223	-0.02752863130777086	0.01765977279772258	0.00688047721199534	0.0001065834936229622	-0.0001121204410922783	8.421803371546019e-05	0.0002667184798667534	-0.0002579375170625277	-0.0001533822836197455	2.997728890058836e-05	-1.432961105954448e-05	5.138132119660182e-05	-6.318223284803186e-06	0.05843608238301492	-0.005893129229230696	0.03481628084758984
1.294761904761905	0.4656969976523268	0.3378697277259691	0.0100142204573909	0.4671257229474564	0.3941990533896183	0.3703513759382954	0.1405728730532192	0.1285613893847394	0.1239953958357689	0.7038778891837265	0.9822275642522089	0.3679771763108717	0.1046195007815089	0.04209499492514801	0.07853220640500529	0.1482114893544581	0.5545605226311657	0.3680269644746599	0.01133777882326654	0.0454992302923569	0.05444324678335662	0.04469043704299393	0.9533428186433919	0.9537254726801524	0.01034277964526345	0.01126154593612041	0.01043217623304881	0.4189129404531861	0.1509902061675924	0.1470002331097366	0.1380033387953275	0.8385822311411322	0.7356309939821005	0.761105779760053	0.7598930706707007	0.5450821493258053	0.5446706123269448	0.4912906388216049	0.3410935302353164	0.2652188894085675	0.4345321230916776	0.3923173809973282	0.5038864001687058	0.2925565505580372	0.3934167574598316	0.4107066711349288	0.4560930008399842	0.4386015995507437	0.4012262045742039	0.5007070500389511	0.5246102471984645	0.4930036051842997	0.7675759051477453	0.5836265477458856	0.2965728333067199	0.2835611498551125	0.2468553947479762	0.2700021641632921	0.3071581220765883	0.4864548070891957	0.4779910144702015	0.5101960809261187	0.4257177908452959	0.3760671070082969	0.2860564328946045	0.661472180372894	0.6631748130809325	0.4585890524131856	0.5366225505212645	0.412138206889617	0.08568749483881573	0.1017338912097677	0.08516289020280624	0.08588126970995119	0.1696627619794336	0.26364856239386	0.04160839995568456	0.1419110135111323	0.6288883857130717	0.5808905292559131	0.8725122581232848	0.4715970006665461	0.3942280327617281	0.6405844136940946	0.52391234548913	0.493909288543748	0.8862134486882127	0.9960416296101943	0.253093899614277	0.3864770880118258	0.1816521415206689	0.347611381152803	0.9999691502307284	0.9514467846612389	0.02037445812473353	0.9999512409345297	0.9999330505166589	0.9998686442513749	0.01000579580502997	0.01001327099986767	0.01000559595032929	0.5514800537213127	0.9999474740063916	0.9998230718907191	0.01001990436027794	0.01001955240290981	0.0100179540611313	0.0100086098220684	0.7404452996800146	0.9997706500284865	0.01010876249401006	0.01013448409998748	0.01003871208835701	0.01001934573112703	0.9999845861798102	0.9999876372434707	0.01004169580422474	0.01015418351816947	0.01010175646830641	0.9999448531667243	0.3321722879234254	0.3692930177183486	0.3574258773847231	0.7524705456940662	0.6501837122335821	0.9946912282680793	0.7931862273003562	0.5672274324917866	0.5729927230054209	0.4578088281399553	0.368420824511258	0.2981926073702161	0.4392572636582488	0.348019866419604	0.4828396843427362	0.4496491360985609	0.3052498127954956	0.1891774274858293	0.5367616236735605	0.5204161637998551	0.4606024171025648	0.3153352104105936	0.3338907821020183	0.3546002154989438	0.556544103190258	0.7471767682111079	0.3732297077907452	0.4204516918121957	0.6249102919052746	0.5690263366245685	0.5134642374403287	0.5240276871498863	0.5181459229435469	0.4423247570709751	0.2486288784629077	0.09838189391756677	0.5580868291635046	0.9883292653067351	0.9902905202633436	0.5678215688521017	0.4779827783554259	0.3068509503614451	0.1094376971486705	0.2093507064895477	0.1666450441239462	0.1858654299725954	0.09304054433415317	0.172894412312545	0.0526951779423304	0.1705274966486263	0.5798023320116512	0.5440336312729772	0.8517800155636112	0.4668916618118561	0.3980134202365325	0.598324065704013	0.5918890027549983	0.5217625174868999	0.9762014412049324	0.9999630338947457	0.7679265428042245	0.9997806973251792	0.282418570977467	0.9999855182678374	0.001350014320998042	0.6574322587903098	0.1571145134314982	-0.2247182788294957	0.983694804578396	-0.2007576632737255	0.252510663352169	0.04058294655458988	-0.02783760543565151	0.00107489652328669	-0.0001261245916081737	0.0002072146098719291	-0.000131557413876179	-0.000627904025824429	0.0005271568197705275	0.0003347673367896257	-2.582151632989704e-05	3.350316255440217e-05	-9.910472915994667e-05	0.0001127408714992221	-0.1099716037544139	0.007782854318588612	-0.06591816071159243
1.312142857142857	0.8007231060321452	0.3801180595695456	0.01401837290499796	0.7940618168304472	0.7146281187151818	0.3607899448603709	0.131025122812097	0.1055635090134541	0.09787498448910241	0.6906594819487127	0.9046267477932394	0.7562054747576937	0.1321410748552712	0.06181555167322523	0.02918107156318131	0.04824150101137231	0.5730513085802966	0.6365873768940521	0.1783952846758479	0.2137152755753456	0.1264192667813247	0.01151614380099884	0.9380150441579276	0.9407849674673349	0.1043747839921423	0.1896807313808568	0.01047227162472886	0.591503829216433	0.1972696115935082	0.1802123481206884	0.1351757691187336	0.7909118211440065	0.6813207729081938	0.7013952655068596	0.7152503097514258	0.5542723243823391	0.553701556175503	0.4896660018934395	0.3807143737889825	0.3199640231450469	0.448338739688908	0.3726805653443092	0.4885205831034988	0.4426050662994147	0.4637003826193263	0.4683328352811806	0.490689558863894	0.4924756469188263	0.4811909218278058	0.5758387466598074	0.5669491257358298	0.5691390136524269	0.7379318771467593	0.5652373325956773	0.3869164080434827	0.4069093183449104	0.4002354792619551	0.3896820417611468	0.4242921327585381	0.5078026909332282	0.4902781421085884	0.5260299998904209	0.4636282602814831	0.4259651891833331	0.4112469203976682	0.5185117299616507	0.5079906386901835	0.5518692876970079	0.508275660793246	0.4444008244516205	0.359093351928573	0.0936715361574275	0.08168273352782641	0.08020384272280764	0.1156029436648747	0.1907428388097656	0.03577774624863038	0.1142665125071304	0.6262443368779557	0.5678448793088151	0.8887432837091138	0.4404086811103461	0.3488634787681663	0.6488060156084983	0.5696703662752357	0.5192578235125984	0.8316647286287169	0.8523779579843661	0.2815678028039496	0.5824016805038692	0.2820324529912498	0.3716442419924893	0.9992069148909973	0.04226075303864042	0.01539011085758601	0.9806170303803896	0.8235690986950583	0.01899846987201104	0.1854323482854693	0.1414671126559258	0.1286071750396091	0.7459841625467949	0.7706699737080774	0.9418809677368574	0.2239941079278805	0.1185392005061827	0.03787787451122766	0.02674780259815715	0.4857509333328578	0.6315195171393864	0.3694572910045717	0.4221823913540819	0.2181979203406084	0.01339413780077337	0.8906866487310809	0.8974302291654939	0.1869877742604965	0.379373881138976	0.05174093564866637	0.5055433351370697	0.150139795152058	0.09957799198193566	0.03057282065168433	0.7538359026084815	0.6377472964441299	0.4954278071101767	0.6329523083384265	0.5586661862876631	0.554933699088865	0.4986216149280536	0.4168604065661569	0.3690215400571454	0.4619897249792276	0.3604702762237919	0.4747064549685869	0.5741295156625894	0.6171846764118913	0.6691341403280389	0.5058008502221396	0.5321140635131743	0.5680976116228376	0.7570258762515049	0.7073962405889359	0.7278234995989601	0.7917464423463845	0.4671292559316106	0.4593645443729488	0.481192075293181	0.3771857023271554	0.375074110714437	0.4501197725740309	0.5172590846229006	0.4853651671526319	0.5745684599386683	0.6028745661441256	0.627190105714216	0.416778589164084	0.1610085323338707	0.1351020350180084	0.6105142514799873	0.4985105008319785	0.5564115103661946	0.6778014928953674	0.0390092067440818	0.03998599579472093	0.02694154465366428	0.09765468105277002	0.1504579264320705	0.02474728858688144	0.07528179962060887	0.6453800829241108	0.5644901066339236	0.9270024358312714	0.3936517582423659	0.2797202393114417	0.6817209744157171	0.6079422935326653	0.5451402568614966	0.7049970108343198	0.628745276854586	0.01000524572830493	0.4126482078274512	0.3162152354738899	0.01001600982392442	-0.0007270939092788285	0.3866638272698874	-0.1522990815525985	0.04284999795128999	-0.06211743918702882	-0.6608161949011737	0.5677508047664992	-0.000113215596960995	0.001681948332246453	0.0009892482803840964	8.890644333759903e-05	-0.0001098569166664976	3.223845712732126e-05	0.0003532848779324433	-0.0002838618018440555	-0.0001967604196926026	3.067611002398679e-05	6.292569163077861e-06	4.828721945084226e-05	-7.11499777191227e-05	0.05540107214371299	-0.004591533848267482	0.03207948296878226
1.32952380952381	0.9063828769144117	0.1598055961242618	0.0410880043433326	0.8946290824119232	0.7961899724170333	0.3589659582812311	0.1285912837582704	0.1012968729739459	0.09148339835944307	0.6838391424257183	0.8569542567273104	0.8565745696795231	0.2360834070074495	0.2202690400262066	0.1257338065877615	0.03518283686738309	0.507955296094638	0.6554086055485947	0.3455075747328902	0.3031835353161811	0.1445399956035906	0.076376455963155	0.9311147684629836	0.9351236800381985	0.1208913961055084	0.2769571716030759	0.3068274493249674	0.6257669521898035	0.2257305602956095	0.2150070495625065	0.1899495516715421	0.7478319741487707	0.6440253565845367	0.6804247811689234	0.7037055917356607	0.5668079897753101	0.5668363551026261	0.4676831087680825	0.3929296087137529	0.3395540457267076	0.4432209970717036	0.3281167374063932	0.4710534002825959	0.5801106221367984	0.5409589198339695	0.5307958538449022	0.5370109397723988	0.5419263286299428	0.5447334406202491	0.5258348351359583	0.5230201496302855	0.5191689196193149	0.7058899909795879	0.5967951440658563	0.4108481664854477	0.4105314541089177	0.4597224371626246	0.436270741235227	0.4085523893489039	0.5108083881390685	0.488476329783849	0.5023322363775597	0.4725596008199932	0.4252193303795809	0.4374657439789417	0.4824689077438494	0.4691812903875403	0.5245153290817443	0.5013312441760036	0.5192514799149415	0.4435357680110095	0.1282386775310922	0.0940570304906575	0.08900446758430355	0.0824232571172257	0.1400304947019636	0.02744705703867837	0.1074066228864036	0.6199016480383237	0.5519214349471787	0.9049245736989168	0.4003408982929359	0.2883385569870339	0.6506149745169957	0.614586557722021	0.5458401711450324	0.8179820249850839	0.7968087371868499	0.1761765402529918	0.2922616874684466	0.1991237495864296	0.2144437597514489	0.9993198233276125	0.2807023197520238	0.07977035064621506	0.9920767496571232	0.9871272822293812	0.9960326373388981	0.01094551969509987	0.01420333954496943	0.01074740608498728	0.5464688020085581	0.9429141471369425	0.9872803737698118	0.2487489424253078	0.4006910992704211	0.2567302711133033	0.02800161306832681	0.5174662375457583	0.8640031740730419	0.3435582999392053	0.107723588824723	0.01205838596872131	0.1654264929480593	0.9970727607107331	0.9980763330915143	0.01064286759268553	0.1147527394642897	0.8218697282208151	0.9828065066652816	0.3985281285459897	0.4626348027331915	0.5139433772749025	0.673191455719981	0.597975119899259	0.9942307094595019	0.8101820602499956	0.5962901663352074	0.6041709332787814	0.3930673176211831	0.3684566007370496	0.3099942123070472	0.4100383633679459	0.2400709089855602	0.4460944163923306	0.7445432813046227	0.4596660172088014	0.3040176708015394	0.6457891269865098	0.6192601059052382	0.5747142561156302	0.06875465323210149	0.1475456174540827	0.1092797824864663	0.4918424687926757	0.8674755574699986	0.3655307437201288	0.3299126051708058	0.7319974468375903	0.6400323649937405	0.3761253802349001	0.5107766386865504	0.4999693837859396	0.3520703012644598	0.2300883807772097	0.03385341745126517	0.5533111448120919	0.9959834624679466	0.997001836380336	0.384850822036495	0.4881361002873558	0.4966293195421873	0.09542696918798924	0.3003565505797798	0.1978412659884129	0.2084399934156901	0.04405816538805561	0.09583105651843617	0.03527708140208595	0.162693069595307	0.5628787737891867	0.5093804906919378	0.8840313709711723	0.3785624799869428	0.2650272940182561	0.5940831896421247	0.6833700837276063	0.5770204011100331	0.9999963416251028	0.9999988206117352	0.4472592980316903	0.01000138442921529	0.01000057111909068	0.5030490545910931	0.001223041440325721	0.5419111310807574	0.02299359884934185	-0.07931030122318215	0.4204668131757933	-0.176529787362181	0.238578493103336	0.000212764853703439	-0.003439833812897305	-0.002199660867612776	-0.0001896480335029186	0.0002002842544178255	-0.0001935035553896741	-0.000676051406569198	0.000701234001059836	0.0004598090408964537	-6.202101860080214e-05	3.715431771067282e-05	-7.26653611043673e-05	0.0001686864088552207	-0.139362063492224	0.008778624339212336	-0.006244209537117236
1.346904761904762	0.9589183878462191	0.1135688877725119	0.03098414736492828	0.8622721771884516	0.788045091758232	0.384314010489383	0.04548443426754815	0.06338931500040558	0.0389076475903251	0.649659312478752	0.8701102514229069	0.8725159144461817	0.1500216482784534	0.157241594667588	0.09510063648105585	0.02304822505223825	0.511881575160814	0.7547898857478625	0.3458791218708627	0.2997983993809409	0.1769560854233825	0.06653159686214015	0.9205621384758534	0.9247764979149584	0.4003807752374835	0.3351698631036106	0.2919828991005543	0.7081873274388334	0.2237040443925737	0.2127721953103978	0.1895522570713195	0.7041106167314909	0.6138022743059171	0.6796061215299111	0.6941975686934629	0.5868740689177798	0.5863790186240869	0.4532869109812791	0.398788671805611	0.3465917967264489	0.4423560682800494	0.26679815568354	0.4409319068248785	0.6474080630786552	0.5538403809620239	0.4856014706769883	0.5643677584156719	0.5543334899747686	0.5299478987557511	0.6162363770783301	0.5911059097795778	0.6047815120352154	0.6802350445381896	0.5704584017071453	0.2987329257863446	0.3743264499098311	0.3877379230008786	0.4445720371323684	0.5390354104916404	0.5230700372550466	0.4588569319948913	0.4967129238703316	0.5162778633922143	0.5013883926578706	0.532634253309387	0.3905979888100705	0.3855866908640914	0.4041720033160569	0.4815631877122128	0.4527259595364603	0.5886864718396159	0.1562512018017224	0.1482810675101436	0.1132500183917256	0.05876453858202353	0.1122201209866773	0.02749250622967608	0.1074311079912823	0.6213985817464932	0.5408435770007376	0.9106485530797995	0.3403651662566352	0.2269378536743513	0.6466743383302969	0.6614823724496853	0.5798101355850108	0.5181969125881249	0.5089228233306869	0.1443485014218531	0.2416011823079584	0.194259962349444	0.292874465652335	0.9937835285232922	0.03540320834102773	0.0121019690912818	0.7641412426561276	0.6803707406033369	0.07284561513953927	0.02973354377836449	0.07293367035324165	0.0343595060819002	0.6755902064502565	0.8493345123127719	0.8296278775046408	0.0461174859324291	0.01441089830154605	0.01207246785646874	0.01683058933485113	0.512405691594865	0.7783561512725498	0.3527083520281978	0.3896021852505649	0.2782461784255236	0.01099076348340814	0.8713326392445866	0.8773143572271368	0.8344362700883631	0.5057480230910286	0.01082012535156443	0.6344758881963352	0.137553351023054	0.08787638149092306	0.02784242846147983	0.662762850859578	0.5852772347728683	0.5030794405634775	0.6057133155826693	0.6012155138596093	0.5952346131084082	0.4722478879335414	0.4288259738578227	0.3849768972908291	0.4627033957983977	0.2311930958056854	0.4073377378177989	0.6787267514002369	0.6268699498859821	0.5432354067382295	0.5543958759306519	0.5381004840536465	0.5003942129042448	0.9749011979276186	0.8685585317430303	0.9292044861364992	0.7414100604415793	0.3861749683853481	0.1996033447480551	0.3650166950347887	0.1516404266325198	0.3324320132089956	0.7099487790045048	0.5370186109304872	0.4151006930051666	0.5620155044768105	0.6999551788177206	0.8053473588289031	0.5590923579182956	0.02110022187095401	0.01883064339470507	0.3139827570182988	0.4547609413495798	0.3742985135107909	0.9751276144697733	0.1007662886016091	0.1521643914276912	0.08048327297219374	0.0574368709735971	0.1062948519500626	0.02310467286058316	0.07942479653465384	0.6509162769257615	0.5449289741968618	0.9297499003336998	0.2745587072368355	0.1685346361122157	0.668109771183279	0.6967864008633922	0.6135414403036401	0.01000225946875551	0.01000639268560474	0.01000381544085718	0.3148453349856498	0.2812115476584164	0.1781791646319058	-0.0005804685821586238	0.3135322053393144	-0.1436049712983042	-0.08209058943369639	0.331695134940145	-0.7235817860608339	-0.3347771230221525	5.439504826912349e-05	0.001631074259371742	0.001373312987084135	-3.949339888661873e-05	-0.000109077339102135	4.367526320003499e-05	0.0003758265555182283	-0.0003287272416553692	-0.0002667307079918359	-4.712991638711227e-06	-4.055606949284198e-05	3.281736673199278e-05	-7.709004072944115e-05	0.1157306981076535	-0.007017662172138787	-0.05622894394352853
1.364285714285714	0.979582165585936	0.2225857586485105	0.08221223964970244	0.8513546797102067	0.7870507218935383	0.3859287445064616	0.02954484078352734	0.05860743433177939	0.03030339954218825	0.6683293270051388	0.882261276454539	0.8720236127028023	0.05168678974776825	0.1630195729262913	0.1297900668624704	0.01613436082946564	0.5125871597679994	0.7227214323295804	0.3691917287317321	0.2902966487127697	0.1874438375680019	0.04419891958646146	0.9167657283275273	0.9208804255172154	0.5193825257364727	0.4230960182137133	0.3019307689780829	0.6944446720276508	0.2416230904766871	0.2330770345139076	0.2220094230733381	0.6421975887318935	0.5761873804236567	0.6205305938470124	0.6158108118067362	0.5952015758865976	0.5916680449023651	0.4542618995392843	0.4428763148925082	0.4128735405519597	0.4619270707247534	0.2172612604515591	0.4083229448169401	0.7333779292556616	0.6118683857057863	0.5089598401709406	0.5976185492684285	0.5781200878596351	0.5482066881134864	0.6430509314823416	0.5841610315020153	0.6166271977746099	0.6479291755519847	0.5231924766296948	0.3246456458869763	0.3523246845340939	0.3251699945712107	0.3709091831954145	0.4732401684432503	0.5150489949853904	0.4564991132958638	0.4902245699922355	0.5369621801332601	0.5352558573836171	0.3912651257705361	0.375060710447118	0.3721617958886676	0.3723566279700926	0.450355926107624	0.4316780722837965	0.6347350237078248	0.2098099749076203	0.2111995166573639	0.1674878718401607	0.05158254341657987	0.09561443901749164	0.02403888404575056	0.1062813189182528	0.6178520365974125	0.5316250549162026	0.9121890169898578	0.3124349018769567	0.1980576880553084	0.6418431443329236	0.6820205439674211	0.5949065885988419	0.4321498900058205	0.4281267102116433	0.296485968544503	0.2204008919355027	0.1924553088364256	0.1146050691807504	0.9994768004052739	0.599602596934801	0.2035469578010806	0.9972781688556845	0.9937991411852712	0.9946833323054322	0.01237251276860204	0.02032714588311752	0.01126054841538663	0.6488326402590039	0.9661228060660528	0.9653878738715803	0.04598201215223593	0.4298671582302862	0.3523610123962925	0.01517286674420117	0.5154182719693654	0.6415764806893944	0.4106529375574767	0.08625710948695375	0.01104179653403625	0.1124861269092728	0.9981762565709841	0.9985951579567147	0.01075244488262389	0.2989948854349115	0.8559818361559411	0.848145021453236	0.4503383491005136	0.5223917500860275	0.611192670254783	0.5293133983485001	0.5153165170499177	0.803361774944219	0.5700366931766853	0.5997097418186126	0.5986971757313044	0.411396108060607	0.4939554893845243	0.4974453057825572	0.4697928593992424	0.1585414854994599	0.3794719656245305	0.9473542538015169	0.6265304195065157	0.428873853570027	0.7218584206916968	0.6809146733465171	0.6478523778292778	0.02244211648674949	0.03241238456123405	0.02529010077359917	0.4221555105854265	0.7421578537382368	0.5319892297591655	0.3020298737691535	0.5874425844553719	0.4113558380158032	0.03030246953793664	0.4726584646773891	0.5226001030057723	0.3390955421935886	0.2369405888881472	0.02767713994736962	0.04063231730398909	0.9886779058814624	0.9902464596698907	0.4145575485108425	0.4144833149704902	0.5003007380806225	0.03271535356367575	0.4441230645783188	0.3498614316630267	0.3483723187907054	0.0359099630075634	0.06986562601116045	0.02778156746356757	0.1598611607417266	0.5498485680648835	0.4933922997817869	0.8816785192306362	0.350006355804741	0.2285673699558837	0.58350016488733	0.6939042841903954	0.5860227639522552	0.9999995453254812	0.9999984476359954	0.9192057603474494	0.01000048888681722	0.0100005850922097	0.01000040232226296	0.00138343035633692	-0.3470854395564162	0.07220064840081561	0.07494573788706405	1.164054047555899	-0.8001191617969031	0.04057872507300786	-4.291543579670605e-05	-0.003220397475607314	-0.003340246955916709	-0.0001938045490207465	0.0002393758009778753	0.0001574138766461758	-0.0007207001457057558	0.0006153247528879474	0.0005506093131532317	-1.357410913766988e-05	3.022281409474196e-05	-6.867675856430039e-05	0.0001131993513561027	-0.2947492562873216	-0.02235390482218802	0.1382374824152703
1.381666666666667	0.7472174408513733	0.2066718665646707	0.0800120285092832	0.7963639672578081	0.7078815284292712	0.4172508886019733	0.02675942138271348	0.03037391329645812	0.02033230755445442	0.6165051338721935	0.8172985753986376	0.5479268934651392	0.1183824648269684	0.1522563162966513	0.1233086008102102	0.07942688936955536	0.5120453912864614	0.5513191677150229	0.1904215530822952	0.3444527374295014	0.3413289255364954	0.0352515811829357	0.7596543616725298	0.7581042411573534	0.1542855894229018	0.340538942938049	0.3348680120644266	0.6265677516726946	0.2347868203272526	0.2426660911197305	0.2166673599025445	0.5699785199929571	0.5367280700739101	0.5426520818427939	0.5331474895174146	0.6038807246598006	0.598465614461378	0.4806111220764854	0.4878192059373408	0.4824776270326599	0.4903063733654311	0.2110755254211202	0.3855119212515802	0.7973447626534393	0.6374743897966744	0.5308347651569637	0.6348752514390122	0.6192063834423999	0.6037717986148461	0.6029091243349209	0.5316488405084979	0.5513437944498907	0.6259982461674238	0.5538028994019059	0.4095673273630451	0.3557104519165369	0.282763236098033	0.2517752610049064	0.366557436011707	0.5188256628680126	0.4582384378637206	0.4485220568304772	0.4963192304032107	0.4372516879953342	0.1161503899486384	0.3574128458584748	0.3558798638928039	0.3526568651101892	0.4406066769797816	0.4796490922946194	0.6213738414652622	0.2767504098069009	0.2733629670488717	0.2277812886933708	0.06011452114599371	0.1082349907204024	0.0263106947383554	0.1425809303498327	0.5958302560246008	0.5160977155115064	0.9071866690952316	0.3004676455513464	0.1871126049107637	0.6161583572420942	0.6948653413875366	0.602901452479762	0.6295390875788154	0.8251954440168817	0.3557636785784536	0.03917592763204839	0.02918422042963071	0.01007099581966472	0.383288999826321	0.0106191900726619	0.01038925992125862	0.6188081364486925	0.4575307729278956	0.09050333680185282	0.03679742098023679	0.04451721588456003	0.02378186247404702	0.5497987606547087	0.6531505100769518	0.01190319215871972	0.1796070774832723	0.01159279369486449	0.01180617551564007	0.1323549557518195	0.5087491824922626	0.3403503320973713	0.01332472156841862	0.5259788062283022	0.6335503427179336	0.01058372799117315	0.4799629683613212	0.4716994847597461	0.01081703131532968	0.313845928593501	0.01251534660468924	0.4308237532349666	0.1369808440918327	0.1147139743610264	0.02148062146384921	0.5180671277511294	0.5091912172700125	0.2952963132840575	0.4190419901057595	0.6138023714664615	0.6038625309004896	0.5408672943887896	0.5300859572958055	0.5431808615864535	0.5314559869574973	0.2362941629443573	0.369692048208094	0.7892652764069805	0.6871517963202186	0.5888102935711965	0.6431432912392578	0.6392517798340395	0.6357991921695136	0.8417686955663811	0.7197963667536438	0.7379243033364983	0.6962240648753379	0.4720451235407781	0.3667102343244817	0.3681348739755696	0.09957295533607527	0.1129597358871486	0.4479010582275373	0.5450678394865608	0.4173765975549751	0.4646569377877374	0.6033463459989882	0.5616672796625383	0.02703257401508558	0.01707104570906554	0.01449799637673308	0.2892716556298013	0.4290975594478294	0.473317229186405	0.8931275453653232	0.2267309082601844	0.2756149689039466	0.1980620845864453	0.07526166943510694	0.133644239907232	0.0269680006183508	0.1577957160246937	0.5950521533207568	0.5127684991707242	0.907807527707422	0.2708118239443396	0.1650919587121522	0.6043306156773633	0.7038451354280424	0.6172072028903269	0.5890861536144082	0.9999917025148906	0.08570423159260479	0.01014140466410983	0.01000139357515405	0.0100078176038112	-0.0005229991144048937	0.9466678576468344	-0.08654127193016115	-0.1669404855006323	-1.814040781273302	-0.5038589656987889	0.9599145105636159	0.0002363814361695351	0.001477840732449577	0.001840216880066232	4.209993012124428e-05	-0.0001238285261565484	-8.326481182398932e-05	0.0003290044803526817	-0.0003342616114449661	-0.0002629832066918689	4.313896840322191e-05	2.161343818415383e-05	3.405554736909426e-05	-4.153207546817313e-05	0.2549883718087481	0.06370071561338221	-0.07117868058751227
1.399047619047619	0.6602313930192528	0.2675594445366343	0.04051405882451936	0.7032692766948858	0.5782580312592978	0.2629651795070119	0.05125159503900991	0.1459281297005318	0.02930230803113276	0.5955492882900449	0.7131756573364042	0.3488118490873303	0.1181704686417155	0.1775086969861513	0.1639882229832994	0.08662535334134934	0.5075271985089681	0.4742866460779091	0.2790680875331454	0.4070715769153758	0.4079932611768234	0.1410995295608545	0.7009881161867585	0.6975094156010422	0.2621044754559948	0.3885716501493115	0.08163170852810928	0.5302215287347115	0.3067533358899706	0.3019072504400626	0.27333841130042	0.531985275292594	0.5161804461097329	0.3421433394138544	0.4303353270175841	0.6055076670212701	0.5975058382536285	0.500114484798441	0.5302976127058855	0.54532763909621	0.5242114239341119	0.2234314719072149	0.3748666179180677	0.8320414174209344	0.7181962668388914	0.4891572824719181	0.7098337391998971	0.679947903705486	0.6333691454093368	0.5832457919135271	0.5093865039467119	0.5203400574385766	0.5854472855379362	0.5158732067396494	0.2699478040998561	0.2846082432840835	0.2517485669490115	0.2832253909317985	0.3937891079486537	0.5193784419585886	0.4194832332811406	0.4295828295801211	0.5534387439259253	0.4847982388712664	0.2712016721045836	0.3569375147440291	0.3558972966497932	0.2702542217955188	0.3720664679167689	0.3536765413314878	0.6148163356218501	0.3056116072819001	0.3206163098759813	0.2661848271853244	0.06352129864225818	0.1168194831672083	0.03250693178117534	0.2019604616045655	0.5783311303136613	0.5083078703041478	0.8812200294585556	0.3110399807767441	0.2062931264900546	0.5948714512015451	0.6843573686533961	0.5993637361069942	0.670215760637371	0.6425369152290811	0.3831877206411586	0.2425045265517467	0.2556370100100059	0.233665223941817	0.9966641229008011	0.7900593321530124	0.1076448720225991	0.7608556498433644	0.6660538527655893	0.5018573143409543	0.06664445063230565	0.3096404711440984	0.03241296343643104	0.6430779701183181	0.7075051568707046	0.6528313877802898	0.01730799686538149	0.5031779824426486	0.467347865095903	0.01105272499428355	0.5020920855390841	0.5923777519658886	0.7685370385358874	0.198600865523825	0.01097116356402004	0.3860826952125013	0.9973106849766108	0.9982032809198708	0.6539699649148157	0.519009189536325	0.1266998353143215	0.6157378634214303	0.6672981604819476	0.6991472863312493	0.7881969109551842	0.4960685065832507	0.4964865578478118	0.2709749990855162	0.348276033611879	0.5947497639483688	0.5877900572814673	0.4418968559716449	0.5787645171214229	0.6223913130425114	0.5439040954117305	0.1947820626786433	0.3699698740042116	0.983350778316424	0.8562187258729794	0.2774594479359775	0.9219724892461121	0.8296190462109816	0.6798347858714818	0.01945753175272124	0.03972580871358632	0.02444901648645971	0.323474970170637	0.592845646361458	0.07806639769580084	0.1046728342008094	0.5133496296974769	0.5789991314803069	0.2398248202901551	0.4701362782975119	0.4044167566102388	0.329516346163665	0.4620040257258367	0.2972573567421558	0.6956469806870424	0.9913858680925278	0.9940760333440731	0.1999379935306751	0.2251139334811996	0.08857122017287881	0.03154358014167667	0.5006662180440963	0.4506227823277852	0.4349376541491957	0.04096934179123408	0.08439439549345218	0.04093042810775871	0.3005484751920476	0.5210420467625042	0.4866242358824422	0.8026829417813394	0.3889160786886601	0.2849871385759076	0.5469711916447882	0.6443697187358666	0.5654968585810388	0.9710857017618163	0.01000424224072211	0.9999944476453644	0.6617219254590766	0.7097890918376989	0.6422384613096375	0.001361120283664914	-0.9910173348029681	-0.09437561698353052	-0.0205082415671992	1.865750022431731	0.7778141228917735	-0.4965884837864871	-0.0003818134027458666	-0.003032317062007967	-0.002871895251467498	-0.0001134397577716664	0.0002409878665329484	0.0004822860101397639	-0.0007295950569362507	0.0006745707175733143	0.0004967682267739875	-0.0001211708679656703	-1.947907989002338e-06	-6.50221806888961e-05	3.293893389658648e-05	-0.6051124435511787	-0.18067462246495	0.1098976965000389
1.416428571428571	0.7565050462135884	0.4280867508025452	0.1088707239478288	0.7166757864617396	0.5528650166975968	0.4510721412868358	0.1027053762483072	0.1351814558853269	0.01979989734601447	0.5799778219878615	0.6564264237173757	0.5752392869544076	0.1722912460198994	0.2010765755913111	0.1738822950437755	0.2623591309235074	0.5097691045091975	0.4820298104963145	0.2694510667264436	0.4240632726036404	0.3185152585810443	0.1384771950883705	0.7875416310975394	0.7640780692393512	0.2645871473350921	0.2379475274997555	0.4908041181518304	0.532436960930176	0.3739337554557144	0.3863624782282239	0.3674147668749335	0.4751247770945597	0.4923176283590535	0.2448822950802851	0.2991108169282681	0.5848501014724271	0.5720764185231899	0.6337020331843978	0.5488553409110442	0.5638796724466699	0.560205859726107	0.3215523120994405	0.4067896058395172	0.8455143832099238	0.7453192996095092	0.4727321032721531	0.735500308357817	0.7035649686595079	0.6518082722540726	0.6010591098775026	0.4785928018121599	0.4919825627833114	0.5509388064603427	0.5832262736280445	0.1988508887120736	0.2257898822412948	0.2395097421316914	0.292308128290575	0.4372374319864184	0.5237411578499778	0.3855030012994121	0.361008058032573	0.5308495406405538	0.42510708397304	0.2906928489986956	0.4980570385151568	0.4548774842761366	0.1636849560064621	0.350880875386322	0.4392737669995468	0.6177341379931531	0.3715109858746919	0.3556752645517346	0.3174710085283286	0.07396587309625113	0.1308873749385337	0.03458977726099966	0.255737368225455	0.5676616459886575	0.5101985341676932	0.8646180829848346	0.3350505811657855	0.2320663969575879	0.5757987039087479	0.6651529361455285	0.5863375295982339	0.8923005970570624	0.6570772598888249	0.3630563004771482	0.2225499334637439	0.2406021341950453	0.2147428894076286	0.6390845976809982	0.250954573420401	0.1226124886260458	0.6401372124464663	0.4130513293544794	0.5141242759191802	0.1478010675373727	0.05337250781195792	0.01541914744090622	0.5083555300202781	0.5452590225890811	0.6737192661666704	0.2809195048658755	0.011778883182769	0.01138699045194479	0.5096444946463121	0.5133698932340259	0.4349313198169588	0.01220838484755858	0.5338597950513747	0.3879455461731718	0.01036724963605582	0.7673674324760758	0.7111422459551014	0.01037163882817567	0.0131388778553686	0.9980624697839057	0.4870254831436979	0.2766123578882286	0.2824341059898862	0.1978409423839367	0.4087345075810128	0.466928021067063	0.1523187263275673	0.1781931923696252	0.5507933553576582	0.5301377570638809	0.8730453527207569	0.5441632579972143	0.538567435707516	0.600419273367751	0.4871974898437789	0.4649107871148626	0.771309975071153	0.6844569827071345	0.5354120038593249	0.6428938898048193	0.633638170962687	0.6217773201718004	0.902475648910932	0.6708566800436346	0.6891742577822874	0.6425543190183736	0.616450971802599	0.2257313001003572	0.2386615691753084	0.05304109830834712	0.1026401776179631	0.5548668787578995	0.5524329760915325	0.3536128721730724	0.3334266101303873	0.5361893975221675	0.4271644948435838	0.02998274190406343	0.3032663385895722	0.2068815654161732	0.07714824047154968	0.3946887388856602	0.6944146066456911	0.9053565850292951	0.3458664019632507	0.3344830643261916	0.2906072817175617	0.09602393529835054	0.1643262365387018	0.03336203093953684	0.26821107456232	0.5799590469228053	0.5237429814677008	0.8741626481572926	0.3266923862073177	0.2227724295249935	0.5709424673124087	0.6538832826916469	0.5829955060656209	0.9999999250683735	0.9999997893789774	0.01000107656615214	0.01000008199045355	0.0100000861979547	0.01000006772896638	-0.0008188117484898431	0.488379998272624	0.3433384588114929	-0.1669358768545462	-2.396066718207719	-1.171973077914563	0.4450354541322298	0.0003602623910249057	0.001459202095833825	0.001167106886490998	8.299880749277492e-05	-8.893629461420474e-05	-0.0001093064447287755	0.0004065846926999739	-0.000395805315443114	-0.000196005019663591	6.942578535740506e-06	-6.871130716889804e-05	3.570247183587678e-05	-8.407948382777507e-06	0.2204492137762432	0.0631707005056043	-0.06505204842486685
1.433809523809524	0.4757054482736371	0.171064286549059	0.07282807586015318	0.479869404810143	0.3198312972520581	0.3279937399662744	0.1620108140693792	0.1897888477140824	0.04723544901299812	0.4797284874702044	0.5276044258100826	0.4754374072520866	0.1895770497448434	0.01118023627577518	0.1084467043883922	0.3289985819435324	0.5019506688112909	0.4926431947475067	0.3038875161398283	0.3638025833233544	0.2776577297452956	0.1374812471196219	0.8192584160193759	0.7880289189224077	0.02729976973782287	0.201097614181375	0.5995243110588657	0.512322055894387	0.4528506505806669	0.4457029824311199	0.4152788481083494	0.4316971331920411	0.4754168948793523	0.1404448911839221	0.2519503522469515	0.5417174283306496	0.5246393111606965	0.7352847864323009	0.5308411593894421	0.522429678207352	0.5692482329105734	0.4960168199912832	0.4757006569168895	0.7843936229182906	0.6411230192759468	0.393823620227058	0.6598289018070307	0.6061942306685104	0.5355935629414945	0.6097838020041944	0.5059161879627929	0.4770265617192497	0.5876949555269743	0.5184240728028341	0.2519264541100888	0.1775603999364302	0.0473541043194403	0.08768675717650379	0.379022021339586	0.5176073459125594	0.3923840186008718	0.3863267997831146	0.4924203056406674	0.3693678687376971	0.040867939039279	0.4447046198063163	0.3974762058327269	0.07807650068068052	0.3383371514845185	0.4893835213245734	0.617738129401304	0.3745690384897405	0.3782230296120916	0.3392784766232193	0.08766711669126616	0.1554670144501424	0.04456360009132511	0.2951249253350358	0.5604696056742297	0.5111710307465057	0.8440008995245429	0.3523355687114553	0.2560534317222282	0.5644032751107955	0.6483850056261919	0.5764520963926864	0.7066508704848382	0.7104894991173943	0.3276978173220208	0.3274100580638758	0.3300739024836087	0.3259693395643642	0.01040915858492928	0.01068936125902091	0.0109624191394683	0.01074503330735975	0.01110262143682179	0.01098737054464122	0.1926329558885591	0.4636401017906329	0.09515448785181697	0.3508397060974586	0.3700917748049505	0.1428889067179545	0.01783875591086355	0.01502622529371611	0.2853630655032309	0.01868544039526823	0.475669765590926	0.6178152383707466	0.8800211412857257	0.01125495855211162	0.01115593820168105	0.3832850285241117	0.9988595354706858	0.999058173724423	0.02134804599635318	0.4844904813373707	0.01306191946832152	0.5508392054259966	0.8810519160612913	0.8443158523136967	0.9142775344595633	0.4244817447207845	0.4703709696808122	0.07422161210241013	0.3242643621492642	0.4836513917624444	0.4689994176687871	0.5999511545909932	0.5025565746076718	0.4732636473665541	0.5317181827388521	0.6169029527348228	0.5457364358828526	0.7659988023128182	0.4881333441698304	0.07000175635774585	0.6468497905789969	0.49041211374431	0.2945370366685922	0.02062228692808121	0.1620130136153812	0.02018217084612807	0.4809266842445459	0.3180967264059198	0.2765809783854987	0.03661730895142226	0.01968343081409587	0.03220088586237414	0.02666602510811603	0.4463866112326094	0.4563677116589496	0.4700407970268559	0.370678004219329	0.203255551459408	0.02015772334593011	0.7516174457668264	0.7703212157800033	0.05271928872412695	0.2117037071819854	0.1239025288171064	0.02737212148788291	0.4641532187761063	0.4912664158564391	0.4672095320465721	0.06830260056690067	0.1365893961631953	0.06273081608339598	0.3798791462812059	0.5110281968606725	0.4875418487092876	0.7565213991031386	0.4207071053841837	0.3367267216674409	0.5334913451233432	0.6141602204200559	0.5496250756887943	0.09360566687850644	0.1581274396393004	0.8894155156806276	0.9999989247631714	0.9999192226125049	0.9999968558852644	0.001727970670774909	0.4223375289294061	0.2677710696776996	-0.1460285050182265	-0.7296389693998449	0.7230379487107081	-0.4043992118758867	-0.0007138976390468026	-0.003034798313482385	-0.001257257789796183	-5.493909990156456e-05	0.0001307078427551899	1.626808368938674e-06	-0.0007166297688936519	0.0008353690325759889	0.0003162624651778376	-1.36034719516763e-05	-5.438826826286518e-05	-6.544739541854064e-05	-4.439004421173807e-05	0.5213252473920369	0.2684981720932181	0.06968859842309007
1.451190476190476	0.5923704006143313	0.3748077784648592	0.2707882253607001	0.5854990436874939	0.5281503170817639	0.5324573315848866	0.09373207922597014	0.1826023021304807	0.04515731725687028	0.4661301673042155	0.6576974669198692	0.6031135890229687	0.3729216014314722	0.436158096947149	0.3082794603318239	0.1583932514272275	0.510267483353719	0.5818564103137828	0.427453928087326	0.4045155190070264	0.2102824686082952	0.140696850973537	0.857193417374697	0.8680244283476358	0.2882955761372923	0.4164112802492463	0.6029418109890659	0.5375511907873234	0.5261068070280306	0.5187578453722886	0.5220678578238993	0.365109730546181	0.4319153973032543	0.07404893097383305	0.212114881663868	0.4819990898840241	0.4557335399271899	0.7501659990162621	0.4942072870963314	0.437142284623488	0.5685656596165796	0.617867267606685	0.5389102391223619	0.8486205842723772	0.7186896433670419	0.2049166398430007	0.7622628243775418	0.702109760288921	0.626636326794566	0.6217082527315227	0.4803241029717505	0.3713129804046074	0.6254952899683009	0.5038572106104128	0.145258360982938	0.1028286168507199	0.09349330759628049	0.08212321243056377	0.2078897506460762	0.5208892629982418	0.281659855342446	0.2817382470347541	0.4530172845387274	0.177114316955882	0.03200634231334457	0.4237331036290407	0.3221438187141003	0.05855925687535566	0.1850067491843125	0.2543441545984139	0.5865437496554339	0.3799158107063018	0.3821318327056217	0.3523835533894874	0.1154389309838421	0.1918086451960297	0.0440162922729719	0.3137101096739275	0.5482054547496826	0.506948135410603	0.8310242919623294	0.3784701367151201	0.2815694616774414	0.5561595493709716	0.6384734184246249	0.5656932945853449	0.6745309492667567	0.7227827348190269	0.7406406651938801	0.3521540511563068	0.3741919512563982	0.350709943883167	0.9993091816073169	0.7309269094814898	0.5370261588211617	0.9929928086692466	0.9938483935889245	0.9961810102402839	0.01322017208032091	0.01698058563844178	0.01540503687352985	0.4833796974065223	0.9304500030645175	0.9936942661030677	0.7483864159405409	0.9977976839393899	0.4458288541204727	0.1235791852520228	0.5358497538940008	0.6395627424714276	0.2310794270564682	0.6342127535410169	0.257809241751112	0.01094785767331264	0.8244275895960965	0.8835005033832606	0.6236617408825227	0.509280182718347	0.8926573907750223	0.5540993046492241	0.401748447376968	0.4074169864611417	0.3924413866431484	0.2655930656400238	0.3665798653507475	0.04680784342051889	0.1326751032400932	0.4235460555987647	0.3845429318580861	0.8480631680031578	0.454760419829066	0.3409724118338892	0.5869845871920141	0.7342652138262246	0.5926604739397886	0.9751948775745285	0.9462947740805568	0.1561350173601491	0.9455809684239339	0.9341696525229799	0.9201610796587555	0.9262587729092546	0.6077967603127153	0.4414786055761143	0.7401612213223669	0.5926213276937593	0.02746865796783222	0.1009929796877635	0.1496216136687793	0.1070001413493001	0.1671154873050021	0.5647492116415573	0.1149855388091349	0.1141079231676994	0.4763295732920761	0.05245077554712114	0.03525921275166128	0.218898090186835	0.02894987001501952	0.05482076018272779	0.07277195819508883	0.1381698553170572	0.8344474696619488	0.3406227689000002	0.3326086511972349	0.3043974983547572	0.1550253799978003	0.2476473666504582	0.0355955582782545	0.296976057809994	0.5578773528850739	0.5158630342208669	0.8500333165659845	0.3782543420511583	0.2724838821462786	0.5589996047391361	0.6352767667152959	0.561562256033714	0.9999994247751068	0.9999971523836833	0.917907376765617	0.01000041975052222	0.0100015031724596	0.01000044573544276	-0.001097396416181064	-0.8842475982488333	-0.2791646621598161	-0.1734747258692812	3.213154255044264	2.036578489190966	0.5479884361104819	0.0004484757295413965	0.001632049507419776	0.0005568029326029758	-1.950690680661474e-07	-4.806595540896099e-05	3.454747467910639e-05	0.0004286706070674407	-0.0003845812854400077	-0.0001640492866101132	2.303015654029067e-05	2.675675636794298e-05	3.402475192750327e-05	-4.25757163049621e-06	-0.2222104064814529	-0.1217938615649344	-0.04693067199615548
1.468571428571429	0.648128959416384	0.4639621649113718	0.3416862062678186	0.6977582097164905	0.6299850829314187	0.6292135691001048	0.03827313529267417	0.08769893935004736	0.01762604595482706	0.3516545356577615	0.7067571999819215	0.7854951581878435	0.633600293208208	0.6432157862561798	0.448507731929281	0.1613619380119274	0.5164936543657692	0.5955468280919196	0.3580631766135184	0.4236511131684201	0.1833437104340964	0.1107047386288632	0.8692300282133295	0.895792732143221	0.5176281012257726	0.4472554966247348	0.6038217355339442	0.5483973611796202	0.5557598727585298	0.5398387546888439	0.5372901159139866	0.265102869275481	0.3773663202335795	0.05550323577400023	0.1911102877446725	0.4431745459769568	0.4129045510938095	0.7838201658554779	0.4708284470693942	0.3857758585770746	0.5708473269858155	0.6736452488822655	0.5649088129745723	0.9388937153374483	0.8708868190561893	0.2482975832334791	0.8784425689194518	0.8470601427493968	0.8038284431965316	0.6264721107797775	0.4563808177343727	0.3205314980405737	0.6608253697710225	0.5400872389750414	0.09891210898984647	0.1029374517541561	0.1094362285371501	0.09532016141551665	0.1384634980626466	0.5365433852146475	0.2147124727507511	0.221869999047605	0.5076622160374478	0.1487635707444372	0.02944474139509453	0.3300942546052785	0.2188989299149938	0.05408157425595815	0.1069742571727483	0.1876170362309369	0.6080438308793108	0.378250535430599	0.3945554984392659	0.3609398925469708	0.1463619878906086	0.2452134966322299	0.05120812342328216	0.3388254801976435	0.5533562134579956	0.5170461451268752	0.8095507021119568	0.3935743105434141	0.3031126651065934	0.5501529376566492	0.6141279817869389	0.5539728497348768	0.9393338407362813	0.6816748823250138	0.5773234008164857	0.3239845411414891	0.174512966558379	0.3323638437308907	0.01215912005262598	0.01105646810486739	0.01054485349648997	0.2067398195238127	0.02178060363601812	0.01124257859976627	0.07771521570557037	0.2065298636580573	0.03364075636189703	0.04011601547494115	0.3563507042238592	0.5448656943339628	0.5655211922913334	0.1657726814585747	0.590054699249586	0.1726613218444407	0.485646042963546	0.5643452720901393	0.6182631303098551	0.01106276778910438	0.01089113887636828	0.301170012215554	0.9908085772700121	0.9901882071838112	0.440582519800925	0.4421815531388808	0.01084385398253073	0.5571809204641264	0.9191520299051033	0.8538861236999529	0.8884013112414997	0.2011253748839714	0.3514995515133261	0.05857156503963562	0.2872138329407767	0.4300659479785748	0.4120675641035914	0.6900849829254623	0.4704342600371468	0.4058880217722342	0.5396466990070002	0.6577030508891524	0.5589563264037359	0.9801065437398516	0.8827498909909733	0.361871433340564	0.896450175622258	0.8375072913416879	0.7418855822579689	0.01819822085835021	0.124924475202097	0.01645972133558165	0.546003553145445	0.4462085621819274	0.1992301413750685	0.08134036424929422	0.03616018684399974	0.06435303494980714	0.02326522755416228	0.4908653106340912	0.338245296428959	0.3648759187959915	0.5807033918906104	0.2614487479996588	0.01664555714291645	0.4807695433786118	0.4873853957685417	0.04856143610511094	0.1170244442961347	0.1775308036220257	0.1378484480159357	0.4548129796645903	0.525294420154145	0.482823288705593	0.1295110411234796	0.2525886976763158	0.07909314328992544	0.4391223482531839	0.5411126751326889	0.5232535759082253	0.7030260661514161	0.4430385014803941	0.3808963341599141	0.5241804774472587	0.5488066338824754	0.5253495291324287	0.9999355088882058	0.01002504942803964	0.01003825022538366	0.904627066638871	0.3793333009431265	0.936842810413694	0.001943971119261486	0.8877919050177243	0.5286024872904395	-0.06794036809037846	-3.703801851901475	-1.163310642882274	0.1290959240477299	-0.000941518866389732	-0.003319097286458681	-0.0009551217714228256	-3.123276993591356e-05	9.589707364635145e-05	-0.0001061645868332184	-0.0007368469599019494	0.0008453420928735395	0.0003983890762585381	-9.783968739533989e-05	6.618308180137812e-06	-7.305102774574647e-05	-6.091182732187762e-05	0.5825055495042846	0.3209267494065701	0.1156991342270588
1.485952380952381	0.6498618891619056	0.3812863555326117	0.3763314399709592	0.6166548094673669	0.5581407691395464	0.6116892395464306	0.03689443548272254	0.08828587909298918	0.02331235850532712	0.3047288987928078	0.6945695505297937	0.8068279683058939	0.5788761490084968	0.6462463119169118	0.4786514128228918	0.1707282602838106	0.5146869280065242	0.6267943505137276	0.3433976692538158	0.5573399811533678	0.1737842903274678	0.1079279925657703	0.9314013592067909	0.9501853080112601	0.6929884106436273	0.5230441361583784	0.5456540440526126	0.5583618664550536	0.6816461078768388	0.6494736924407726	0.6619477661226258	0.2304157206128748	0.3258480683777518	0.0458198075729665	0.1902608807981258	0.4440748022055035	0.4116614611480579	0.7842023446848168	0.4584540177317091	0.3605938523612485	0.5707406277863288	0.6839362941682315	0.5713305104656937	0.9602207440834908	0.8777028118835343	0.2911907488520615	0.9013584551083319	0.8579930960998082	0.7717758568976887	0.5373609663985381	0.2809196279427521	0.3410903326420356	0.5991574385580027	0.668794309703041	0.1138908412124073	0.09012945826748392	0.1122215175639837	0.1119499376120506	0.1238258875759114	0.5280822785716207	0.2478237269792084	0.2230856444979926	0.4332854515945549	0.185764330755249	0.1789215737188799	0.6478138869125085	0.6260284457011387	0.1204906907356951	0.1707038381004774	0.1997963211134703	0.6670552918029607	0.3418172213163835	0.3347211877625952	0.3026359191385074	0.1433811266775406	0.2530443871333887	0.07010933767521392	0.3729451365803324	0.5389516235378469	0.5108212376377719	0.7662559095204591	0.4179470464631012	0.3419152588043359	0.541874236631698	0.6000256482726843	0.5461735616798027	0.5720541038342398	0.2127327205468675	0.2156988711485466	0.3607701806068491	0.2594317477760783	0.4312982723875174	0.9616339411886864	0.4894327734096688	0.6082417087205667	0.7252661699395835	0.7593361575892629	0.8894894604364839	0.01273028388287537	0.01855187469651312	0.01853677716450557	0.3953136605715916	0.8540123315841702	0.9976352234633319	0.5461015718802846	0.8712814242477827	0.4044375460613479	0.1614966025096617	0.5272845009258217	0.6983987177977065	0.1917848954905981	0.9628515022366735	0.2487067517543436	0.01383151247793488	0.9666229102062417	0.9870228109676165	0.9965376369865615	0.6467656936207318	0.754091258035455	0.567302375648676	0.6663606169740024	0.6341693330239817	0.6482691926672476	0.2134394248677345	0.2637313391096913	0.03724690332308386	0.1420152590485701	0.4569679982724954	0.4158024270893251	0.8292826723760354	0.444112163729278	0.3237233801015111	0.5860738350188038	0.7012196988664169	0.5810337170288891	0.9743370605178745	0.891623937094979	0.250653765811473	0.9366067183512303	0.8932090664208036	0.7677636657446122	0.7606423004145814	0.2640806116325582	0.5412906032753929	0.5531271406127801	0.8778182724237901	0.06105626740794486	0.08454986444407217	0.1493477251205683	0.1390721267663352	0.2189721650183928	0.5414058869251152	0.1925002664293486	0.1235899150800679	0.3180354135066949	0.1966206151486628	0.3364898581576875	0.9914468316617728	0.9917533761886731	0.1808552583345154	0.2196365998418384	0.2038991307111918	0.9808366138019035	0.2594198641349963	0.1957791179913388	0.1705062819661287	0.1456989079651748	0.25439453212463	0.07506892896135905	0.362714548671052	0.5238174666550849	0.4987041385716485	0.7475241488012925	0.4271079015615368	0.3534633129164875	0.5429458267462406	0.6102229413335087	0.5483650105815076	0.01000122972781109	0.01002214590298558	0.09943375291912641	0.01154353672194743	0.2055834036534507	0.1328564906844995	-0.0006572635696781634	-0.7195206633621928	-0.1701273936544816	-0.05811362570688251	2.704030983854193	-0.2534401150464053	-0.6932867894593921	0.0004385611523443298	0.001841366366456986	0.0005678362684883407	3.859052225468975e-05	-5.519981160579537e-05	-2.810595410351018e-05	0.0003578645214689211	-0.0003663106811115529	-0.0002419077997326812	1.301244444849779e-05	-1.133870658400051e-05	3.720371788506668e-05	6.673396945458189e-06	-0.2799487462007534	-0.1524942883067922	-0.04727738599921262
1.503333333333333	0.6502831504421771	0.374383575642128	0.4874186922164297	0.5521356964396438	0.5877983584431919	0.6225564730713883	0.01419348281556502	0.02927727849835652	0.018258957415976	0.2919951618207559	0.7083799193069407	0.9506624142975085	0.6061798751939513	0.5984702841749092	0.322416297430523	0.1055567154023599	0.5130289370695796	0.6758534911825477	0.3312510670027717	0.6210303140301343	0.1765295965214723	0.138205493991899	0.9558827627955716	0.971125474857535	0.769033346606288	0.6093452286177432	0.5579361764540823	0.5587755572673635	0.6908498203413195	0.6485846395884789	0.6650325281026012	0.1734879420720428	0.2586290497743326	0.04756680740820099	0.1958225796973439	0.4649284036215841	0.4330767591321808	0.776368522594544	0.462810813812096	0.3722291812644063	0.5703771336409803	0.666006851388896	0.5643733448379349	0.9744057284019229	0.9129746260985279	0.1651753607264321	0.9411514856159776	0.9098462650946241	0.8089238842408634	0.7448687960417919	0.4348100294035391	0.4564796277162925	0.529867972827042	0.6087672335924279	0.03529855228921085	0.0571773795801729	0.1019391185453635	0.09391155601043298	0.4245864773385269	0.5346366865578547	0.1287256092521632	0.0875862303006494	0.4854029268189304	0.3655206554800033	0.2153146476093754	0.6544656369091782	0.619308128857861	0.1161583500014723	0.139489993677078	0.1337518650843456	0.6644311003120613	0.3312337103749712	0.3079837921916814	0.2684350202792082	0.1250822605592549	0.2378197491199621	0.09794253295905304	0.3775184454754618	0.5305276592147546	0.5072729119120498	0.7293767950840232	0.4358892472172194	0.3724665901978894	0.5383575018051001	0.5883093429290847	0.5395842659624015	0.4554527463218388	0.3778983780466572	0.4178833918742778	0.0418061346072018	0.1269224666441241	0.1148827176844916	0.01097951984410473	0.09784151287943878	0.2829604986479704	0.1181752719920054	0.2135836369028788	0.07001714108851913	0.02757348376809246	0.06551826457918662	0.02213237586207905	0.05973604686398468	0.4168271784647741	0.9892311208652943	0.7162383243534296	0.01341910251901327	0.1092681754703346	0.01328000115700148	0.4825450115476563	0.6833251710078938	0.5898711317888482	0.01136746296016489	0.02513009569224764	0.3840876090185462	0.9914995905602474	0.9889149556487852	0.4595854490657819	0.6266593097263324	0.1300971273627087	0.547279610344251	0.816632932227002	0.7367350824805607	0.7694316842936385	0.08222844120678985	0.2085818842843476	0.06445495402584056	0.3025250155597113	0.492093611679722	0.4771896363027962	0.6640760319069781	0.4962627106694299	0.4617573865851772	0.5386322569877641	0.5875962574579836	0.529850495559852	0.9992295449736052	0.9901719194057881	0.01079575878702586	0.9980125510516588	0.9941396471204336	0.9042290671814024	0.7971904085269325	0.7633312596389006	0.3159259369610095	0.4042685709381575	0.09437211189949382	0.01318469552001914	0.012321453208913	0.01168523967410317	0.01624409486517306	0.8816157781794869	0.5206748140155274	0.02070564158103648	0.02345343107548793	0.812590929811187	0.7724312899931793	0.01143950237114636	0.1444010461586308	0.07473528829961307	0.01047026532792768	0.01119574464777931	0.01095436840139066	0.0464012272505683	0.4517628442473213	0.4877572896940062	0.4208377746632749	0.08704626463882706	0.2066573264834705	0.1405727011909578	0.4251375467938517	0.530977971373962	0.519003360427974	0.6386805007261498	0.4740862803843529	0.439645585817272	0.5225775872039321	0.5287514487070719	0.5137011490113301	0.9999985209240976	0.9999987561318894	0.9999850913242065	0.01000048551394698	0.01000058565011071	0.01000080372679984	0.001185512543606528	0.493778267560565	0.4957537799287138	-0.01847998374406543	-1.567209167006689	0.2892418622485015	1.026496801105063	-0.0007096111612397066	-0.003642288516492342	-0.0009185080794185249	-7.78585419216006e-05	0.0001086581099096296	-4.927648522415475e-05	-0.0007737366769952445	0.0007805737907081098	0.0002009230482671012	1.89924273404356e-05	2.627216300890424e-06	-6.740840983511096e-05	-3.178140541290319e-05	0.5062760667773289	0.2744491314205469	0.09064695575596031
1.520714285714286	0.3962577740843145	0.2585809739211886	0.3510139495132887	0.295127805441724	0.2388713569721354	0.257640378569794	0.07495281590817424	0.1066318685559891	0.07046989325121354	0.1077984141551769	0.4269087448949262	0.8307138839931605	0.3838603338181326	0.2170886866463925	0.1233299230086026	0.1971336353010894	0.4946216476819092	0.6396061961264264	0.2819312823922178	0.6524791573086212	0.3203706372403994	0.160929469767142	0.9788286169480439	0.9845208473796798	0.4037663721190455	0.4106629729159791	0.4829050304728121	0.5557567632512519	0.8022271267560382	0.7448609867342545	0.7697473015928142	0.09009292977855951	0.1803524743698952	0.05944435493151728	0.2348931562345953	0.4916554749543506	0.4647680159768204	0.7513546391374591	0.478940233942143	0.4116810496289546	0.5655126492145514	0.6323075245821478	0.5485860764181152	0.6904697748955095	0.8822407977730344	0.1600564598956472	0.8857980665075674	0.8262677152870856	0.7017220167154435	0.6530518503340318	0.3437944673825636	0.3687346324650456	0.4677926513156678	0.6417306195521087	0.01636838957919795	0.01993575421220309	0.02902275748749943	0.03031618492055592	0.418419821939663	0.5329666307537656	0.05247770696001865	0.03286933877422745	0.4689022249301606	0.3808504248993747	0.07372233223260634	0.6900871438295499	0.661397051941373	0.03097506180678437	0.04550972238114335	0.09699549227034129	0.6642004819746565	0.3011787835080241	0.261213068296629	0.2316363573228576	0.09031328316007076	0.2135944687371898	0.1388170263485024	0.3825420910757278	0.5300430675061779	0.5111532843115152	0.6951935090630998	0.4557249079481297	0.4066234717008276	0.5354214592729785	0.5677224460175595	0.5291883990784687	0.37755905313666	0.5132800712253894	0.6321657663897072	0.3398576067784704	0.1206172119734265	0.1216974482619734	0.3360195817762235	0.2676900809249055	0.2738724475713655	0.1870627251358665	0.01453660285148269	0.08548062511239403	0.1159918337992733	0.1489777075042208	0.1100468086683036	0.03784919875874344	0.2054499224287478	0.6274924994731882	0.01224698952046527	0.01077906243421709	0.01111341255955094	0.3448423800942962	0.48402614021173	0.5873644655946132	0.07896441652432652	0.9980808302431569	0.5809555614597773	0.02273881374665452	0.9972197255616936	0.9972408009202167	0.01065515528191618	0.1157605074433566	0.597109436143161	0.5592746026099983	0.8982040714452646	0.8379075518040099	0.8664120832419818	0.06091088449798115	0.1238260021738329	0.06028273754991849	0.2214510222807912	0.5171748027219323	0.4877109759049722	0.7683866547565306	0.4849127460224862	0.418552765720171	0.5744429550105711	0.6178735310996192	0.5417715505760595	0.2363722949264156	0.7705861615575545	0.2304262161379433	0.7573644248791302	0.629633103852122	0.4546335975374756	0.4902485861378785	0.06899005716108877	0.3287548626363559	0.4579267504545601	0.9603579655249991	0.01399359896900389	0.01418884777145071	0.01286327699129939	0.01727908572811895	0.1499533739090442	0.535530290708963	0.04706275041038043	0.03112510496659156	0.2672261651479717	0.1817912696710218	0.03379078239093006	0.9964697921555473	0.9967303425364558	0.01057896620265272	0.02476562346989686	0.1214980339093269	0.9790313434157423	0.202081450556865	0.1178875486016438	0.1132849542071514	0.08544209307566573	0.211976427563915	0.1515544544602816	0.363645334560338	0.5273126994948298	0.5089651793256467	0.6899374044877145	0.4631253516868138	0.4162370716737468	0.5395453625229107	0.5708369171971878	0.5284855974004004	0.01000126401279733	0.2656323536854258	0.5217551746292644	0.7259688497473266	0.1718586010259283	0.1803785212296764	-0.0005801515997531724	-0.3013734697583678	-0.1980163143319205	-0.2402295779596997	1.075445394150599	-0.1407849499839375	-1.432039576782111	0.0002349009608111332	0.001821587456448851	0.0002980498255614534	2.769670144022105e-05	-5.342457825823068e-05	-7.46918146685272e-06	0.0003175471112721479	-0.0004830748728607112	0.0003422101335544001	8.030796150102726e-06	1.370998502530572e-06	3.532626942642025e-05	1.460947007317128e-05	-0.1885084915051197	-0.1169897469100813	-0.09516466610587124
1.538095238095238	0.2774950147750669	0.3089640257032167	0.3101107689128639	0.2919225140961983	0.2380231933837834	0.287748793151915	0.07450335733274416	0.09280121908023396	0.07185728193170288	0.1061299253508902	0.4312261423925603	0.7865468633793534	0.1828251973321968	0.06109582015965853	0.02647262375262378	0.2266942064797223	0.487109614372104	0.6439494479007252	0.1851595708523795	0.6670584374025703	0.3753691517181023	0.01083916919900719	0.9899883208736207	0.9926930651748267	0.1057181858869102	0.2500644964651534	0.5145291433415309	0.5624924139368546	0.8108078247990306	0.7557533680859074	0.7785332201494917	0.09450157160709605	0.1632153254323152	0.06107902592107133	0.2473766662700195	0.5108979455976413	0.4858260036559277	0.7388481156037615	0.4878137820621334	0.4316305990721399	0.5640029712460813	0.6063407782109043	0.5371115532247178	0.5385241368001218	0.7810699688957173	0.159210948939554	0.8137844316978904	0.7027871545352032	0.5244294924436798	0.6162220285956513	0.3058879530370534	0.3626023624268099	0.5013093067207736	0.7181636882826393	0.01952000904422257	0.02184891839598074	0.01884653432726453	0.02832849812229725	0.3197980767557749	0.5245485323141604	0.09763929846449759	0.1014611671716664	0.4124950653528261	0.3620433100489931	0.03778540207227379	0.7102687346949389	0.6957528320156727	0.01684399277032678	0.02809540900786957	0.08803118719363635	0.7161290030336414	0.2745874797762179	0.2361836607867715	0.2045072350528206	0.127647695762134	0.252051272471718	0.1318301844507407	0.378647977242714	0.522923011645403	0.5059470588640261	0.6858367602978825	0.4627402685077902	0.4169681205819459	0.535852736900128	0.5719035556782727	0.5294559468071415	0.3678953874496387	0.2421445165159757	0.3766930406572709	0.4501107128299316	0.1188393671081111	0.1235820785145263	0.01144106433136902	0.350873195398691	0.3045432272381628	0.3845466229469778	0.5264454431947386	0.5408545873607091	0.01071661926191449	0.01219686659632966	0.01084124338031109	0.1785310823545498	0.736651696449396	0.9955943051325379	0.2938801130246975	0.01094518760298841	0.0111875999544291	0.01142723940747943	0.4794575348400827	0.7401561641424278	0.3320081767697851	0.01155492399099282	0.01257856430574811	0.01126359210152373	0.9985049947260989	0.9984669864137946	0.01079874571378763	0.327527513983541	0.3227988960432884	0.5717633860551354	0.7059033843787831	0.653686909791339	0.6684835326763817	0.1325642103052004	0.2110912929124573	0.06567033876710306	0.3170613441299823	0.5232154413910722	0.5096110331686075	0.6555100153734099	0.5068727982682023	0.4866796037314144	0.539509001828551	0.546212672723591	0.5121063040986902	0.8359930955388412	0.6976024362628251	0.01277878707099249	0.8321632790297493	0.6957319892829699	0.4653921790727456	0.7854951646575971	0.6927582540481169	0.3860633872878944	0.5757618082112149	0.289576829404849	0.0234017595899669	0.02546853679316081	0.01516013431754187	0.03287041715555094	0.5776863099857579	0.4964953990133229	0.1595580589207736	0.2024256306242513	0.6485648865019107	0.7059956763767854	0.01587487868915686	0.1585836103560269	0.1232011446378273	0.01213423008047775	0.01525156383520707	0.0123231138508029	0.2115761180314349	0.394446469086542	0.437640855094336	0.3606276932852189	0.1917253489962654	0.3262525491716824	0.1087090260834294	0.4093283477241524	0.5094777066843048	0.4988180028874333	0.6513402441506081	0.4756752792784085	0.4397986025754935	0.5271884524399528	0.5658322186935543	0.5261072006788551	0.9999995726165107	0.1243413388529499	0.05563015771466532	0.01000049503567006	0.01000232603842934	0.01000028036862458	0.0009331933074923166	0.08988424162426698	0.1777807709935394	0.1841202034431298	-0.8332832610719995	-0.8460963142506479	0.3769258128092592	-0.001022890324420243	-0.00374238445067083	-0.0002909409157647141	-0.0001071799586517781	0.0001249893415516738	7.546591469095717e-06	-0.0007489512539282603	0.000800626010933942	-0.0007442580986550223	3.314635194986436e-05	-2.396686531834334e-05	-6.647263240266955e-05	-2.029994675388128e-05	0.3137410038540134	0.1922197161996179	0.1480967813883779
1.55547619047619	0.1628790154887291	0.2870395850384772	0.3093776735780555	0.2487267606362626	0.1795388325763572	0.2004511592185368	0.08689244994038503	0.09015415794583008	0.1156881693643108	0.07357715571873288	0.3873940162204181	0.5202449190428099	0.135442465562862	0.01995590844212782	0.05018019153747775	0.2219869096371769	0.4900824258567483	0.481496892798827	0.1622179474471113	0.4765048283131695	0.2856659933688036	0.1134695808984189	0.8883699662856508	0.9288229114913931	0.01294683677026569	0.3403585242838751	0.5210434479978224	0.5786072289357895	0.8577039930656996	0.8167585835963667	0.8352592645972793	0.05853373549272182	0.09825119184345633	0.07865869003755646	0.2729453718081886	0.5293100239200603	0.5077500733369132	0.7204139731868225	0.4978318179442487	0.4560698721240865	0.5605523729144567	0.5737025415872882	0.5234111029493478	0.6758067954042384	0.7156142710799471	0.147135165228432	0.7922874529043524	0.6783654523100926	0.5016170206361993	0.6130965363735731	0.4129775556499547	0.378626192126795	0.521572634473816	0.6146030540820809	0.02916820611234581	0.03150408819666963	0.02625245634322653	0.04531038988818523	0.4233516253065737	0.5167793744441833	0.1639555610833919	0.1543692377180655	0.4085452547570441	0.3305856986454749	0.07441362338632992	0.7039790138528988	0.6917869314903198	0.02027424006765945	0.03413517367711712	0.1116183914447686	0.5947609666264255	0.2676273460687272	0.2418421781095818	0.2136473960136848	0.14080233375772	0.278773998605709	0.1356538381572522	0.379918402350334	0.5192284560313198	0.5042799573012894	0.675726471200032	0.4696559443654387	0.4277011282146255	0.53490435841735	0.5704784245445775	0.5281757612110568	0.788289102911937	0.391230261138172	0.3378902387198749	0.1336519187744143	0.01017390529937963	0.4214331190421365	0.1717693023992866	0.2118041467680998	0.2857837203796865	0.1909114332819409	0.01215583658907458	0.01448670088233345	0.1298622985132384	0.1274315897543868	0.1881942028521006	0.01144694943499595	0.199966711313332	0.01105394614184667	0.01771591682503943	0.0126672018988839	0.076694228896191	0.3213990242371246	0.5041915771196276	0.2221203793948894	0.04271086165138657	0.5075448211296572	0.3417234344399766	0.2046377113459121	0.7270232135847825	0.8270478627255664	0.01102835407440979	0.4402630190485369	0.6059608579091678	0.6178269685178946	0.9820863590976192	0.9612616634036469	0.977751417731867	0.01197983919252989	0.01998151325417065	0.09100775307966119	0.2661820674622723	0.5492741869531036	0.5266518631105133	0.7339434121995231	0.5028269500635986	0.4622503864986756	0.568080340999788	0.5558458851622287	0.516248985864224	0.7338516201169708	0.6779640856572741	0.2123204065423839	0.7633679954154551	0.6692846371312825	0.5220257085625588	0.4589473717506196	0.2927214135420014	0.3553752745436197	0.5094224000904547	0.6956940303531235	0.03365283084264829	0.03611103158645451	0.03360063768183837	0.05523892097686339	0.3723739438961815	0.5214485164254185	0.1870704568775624	0.1357079654863567	0.2844754077960412	0.1232701864935331	0.1336250647608323	0.9842316300338477	0.9837871576234468	0.02543654593394041	0.04958013036390951	0.1761974298681472	0.6787609113929225	0.1882796883303434	0.1299384198473286	0.1266212250032644	0.1224026699021104	0.2731187709548848	0.1534167645750227	0.3657373198085008	0.518838854195382	0.50383549868137	0.6752252660908021	0.4735985237307627	0.4324834537819063	0.537735375429975	0.572744664460391	0.5283529880869791	0.9999795007198984	0.6397704672547235	0.437113772741554	0.0100157136948613	0.01003206114710571	0.8879107850936726	-0.0003941959137158795	-0.01075817911785067	-0.2178248605398533	-0.1142062760609893	1.303335800857169	1.403817354527565	0.3431559477157595	0.0004348672414288795	0.001917898103952976	0.0001254066462590415	5.095722161780553e-05	-6.914406096530209e-05	1.958246861881809e-05	0.0003263332232903288	-0.0003617130711704056	0.0004296578301678181	-1.589044390515297e-06	4.63945029086108e-06	3.283013372641681e-05	1.075648137550492e-05	-0.0574974262787757	-0.02665006733741664	-0.02696328770289714
1.572857142857143	0.1832456075559553	0.1498206414965298	0.1959988292066067	0.4023639255988826	0.3206121953555318	0.296797162062675	0.08923618634996355	0.08866813611664663	0.1259562376758701	0.0644011919234595	0.4603719293402618	0.3144542037380118	0.0134457905360985	0.01497197958848508	0.05276450507824996	0.2196816522863541	0.5152129501569673	0.4684032400301146	0.02849874604988981	0.3860919250645587	0.2448988710843674	0.1316357429348302	0.8490398704001925	0.904085130137364	0.1875500109926247	0.5071213865555861	0.4495448290928817	0.6619426919678727	0.8747854840102415	0.8399528517290981	0.8581496726131981	0.05450157399664133	0.08937816763645921	0.08160846387679792	0.2801254561609446	0.5370913061985196	0.5173875813343459	0.7128995337594271	0.5042123223606119	0.4695255292665118	0.5601896616302924	0.5594534321674437	0.5171237840729781	0.7704970013194046	0.761152747489341	0.1773932963438576	0.8301624715087096	0.7550525296320693	0.5821260113909714	0.3770249428372922	0.2735542009747604	0.2511421910818639	0.5181351691819126	0.6732733414438761	0.02537290180724965	0.02734560384797183	0.02708620455111682	0.04175250838181045	0.2759852969385032	0.5200165519568286	0.1400860929429142	0.08954502396714942	0.4115288978528079	0.339456771917965	0.1875114197778615	0.7726981426917693	0.7560073182626401	0.02269871816591411	0.06472455663537754	0.1418528141364813	0.6223572403860466	0.2143358451359532	0.1742900832578715	0.1353218661374364	0.1550965771525802	0.2953140084939495	0.1508174137874181	0.3786297622077158	0.5105249662345065	0.4971623768738941	0.6623881571108454	0.4761406749499346	0.4398262754034565	0.5339547757113217	0.5747345332735249	0.5288727806406495	0.817039724620085	0.4102985380962393	0.3033444358688192	0.1768566668323631	0.2441865808057573	0.5498205545138763	0.1599143142651897	0.01282468841089874	0.01081604277266703	0.876146607186672	0.9785215341730972	0.8626454186311009	0.01007753663434014	0.01026218362593802	0.01013652440704202	0.1602043364047565	0.998763608696002	0.5867925571956556	0.01080111812567481	0.01077102620029222	0.01042380212068757	0.01034617587994296	0.5535828633684476	0.8543876621835618	0.01066686553389074	0.01078879721662097	0.01030564266751235	0.01015135185888463	0.9995445444796608	0.9995828303672358	0.490452362948267	0.7588156860664156	0.1035531672907809	0.8191570056280578	0.7007526200750304	0.6500773604183582	0.6694261315229453	0.1286550179380241	0.2049834554619355	0.06727705651615894	0.3205022517926171	0.5271709513841635	0.5159513486510142	0.654498306559506	0.5159078962919356	0.5036457137063357	0.5423183207066015	0.5396539838571454	0.5078478588778793	0.9960613587598258	0.9280867331412015	0.09314758004227941	0.9836428776762294	0.9749284324484359	0.7427118246068294	0.07653672558427227	0.2288670675884772	0.02588596445665713	0.5439598634346663	0.6126069639000394	0.01377695070195987	0.01497519204227118	0.01569501689058309	0.02176156049338832	0.08774247234211112	0.5150577762601537	0.07592763978139674	0.03263805545784307	0.6606859952030398	0.7482208784916052	0.27751206001257	0.3884758546677377	0.3346657559830701	0.01676568523467879	0.08174703907332596	0.06830296925399708	0.4604184886086257	0.2517632104571941	0.2498420557818813	0.1517197901357692	0.2237839181472172	0.3551568446374501	0.1437521734472268	0.4044309479429019	0.4867272061831762	0.4787950917463503	0.6209695229946225	0.4882983940316332	0.4657820506209329	0.5252956021815718	0.5808222429114006	0.5296750755020699	0.7113228432250622	0.01071208328704517	0.01002497061441038	0.3966829628245327	0.6772344805652016	0.01040160799990409	0.00208957039308706	0.1810710072910317	0.2116024312836114	-0.1211546109646208	-0.1417476402986601	-0.6507172607955987	-0.0538264812240393	-0.001108684332768279	-0.003641496857750294	4.017984721610078e-05	-9.282541681732369e-05	0.0001240074870808725	-5.572014634000632e-06	-0.0008636130924024581	0.0009299673215059711	-0.0009224562192154771	2.242770154589515e-05	-1.174535505489722e-05	-5.945492123658157e-05	-1.568725253696424e-05	0.1185319691327571	0.05728878556176648	0.04740435488939177
1.590238095238095	0.09306610522473809	0.1063644496638343	0.1242991180020102	0.4629716133051378	0.3580293999283056	0.30428301140788	0.09276775881378214	0.09069654633613981	0.1009071434110149	0.07109599922971897	0.6390915526377843	0.2526876661585501	0.01109430987026465	0.01138691094366068	0.02518573052113688	0.1167878410669216	0.5191285549882343	0.3538709340570733	0.03136610092538301	0.3367489535472818	0.1897978291795006	0.1020444366533037	0.5321596100700058	0.5566478162672721	0.2399859482432498	0.6190465810683364	0.1419840241343071	0.6457211382834291	0.8341004227050615	0.7861255476714454	0.8098804295707092	0.05918377363535697	0.1060741451014019	0.08001890359921449	0.2830248319141362	0.543955437286771	0.524773924215278	0.7162579532575439	0.5060674493061131	0.4725737701725699	0.5611739646947279	0.5508440722821483	0.5131903740584323	0.8172208976838821	0.6659021120187438	0.1771804677826705	0.823419516296046	0.7026227723095071	0.4175772437522247	0.3555833351619095	0.343814461467204	0.2740493640946443	0.5396923683044941	0.5477171518112889	0.02193986031252468	0.05577880611479723	0.03628760716020662	0.07961779452943486	0.2622718234181017	0.5149970497650653	0.1109658593734352	0.1525671835117337	0.5051959720485962	0.442911550598904	0.2321193623311286	0.6384948186873016	0.5504457589526559	0.01348536102406976	0.04011630196962809	0.1402873453288952	0.4084133049791284	0.2117343516034519	0.1752589804373157	0.1397800353232864	0.155656306881357	0.3157610594399201	0.1783000384291752	0.3894584165399322	0.513807101163415	0.5013384219521162	0.6477731585663522	0.4815779672483326	0.4514754384942029	0.5317514051757325	0.5627361812439267	0.5230436697073229	0.4448712971347599	0.3206412137728991	0.2372742732904564	0.2609856371197655	0.3517441448724816	0.2527758158805721	0.02430866150617343	0.1311105851055784	0.1397257217569139	0.2877268668688229	0.03914451483323148	0.01133281094341676	0.1352930166495061	0.1314223168549697	0.1333619603752365	0.03278592325371729	0.5977657167048617	0.01030459898566167	0.01075322253303973	0.01091251215405203	0.0246048705322414	0.1097394070813452	0.5084340885469315	0.01145148227487291	0.0424832760308221	0.4502002471049259	0.2391306177962146	0.1326095148980654	0.01081128074146441	0.01087858102018367	0.08917106165487926	0.6289696716981705	0.01237845159531456	0.5577998277044637	0.8499964111075492	0.7921960053947342	0.8230555335004753	0.02606099078421655	0.06231905692038821	0.0849545088581688	0.2640612280531255	0.5585582229904916	0.5355802350326644	0.7529819282248283	0.5028944046456914	0.4595412868256343	0.5720871637436206	0.5497853580221728	0.5126428888028467	0.774296603269893	0.4235613701573059	0.2145505290003063	0.7361187585656831	0.5148553456887736	0.141598933358403	0.4668647129081729	0.4353990140146058	0.4122024887746134	0.574641589693235	0.4298164001650638	0.03003077527033199	0.08461450715843345	0.04875305814030212	0.1213066713919878	0.3311098508076209	0.5116190255408383	0.1454289870304233	0.2441115714646976	0.4476644793808631	0.2845031600165729	0.2098121784338901	0.6763393488883752	0.5078959003104835	0.01479915078310371	0.03505196884437161	0.1999864446645577	0.2422203154959933	0.1897939764485653	0.1389859628200741	0.1386557538211542	0.1405927190432311	0.3206398650567362	0.2022787405957211	0.38673234167533	0.5310426312703761	0.5167135611533061	0.6509130567239585	0.4823038483087116	0.452486881236467	0.5338671134626423	0.5436632326816184	0.5147526748184997	0.01000261127571378	0.4654133141373168	0.3093143037089461	0.1963463551475954	0.172373084835602	0.1209208419384448	-0.0008877892275449916	-0.5830459955687466	-0.05832995992862762	0.07419766676882039	0.6417750194695484	0.5232417014742593	-0.2026324456808518	0.001038239953932053	0.001568487137901908	-6.014622757724086e-05	4.792819195724854e-05	-5.423622779841682e-05	3.830430296261989e-06	0.0003161270054445141	-0.0003416498854306707	0.0005548536758526581	-6.892190460598693e-06	7.604855130697784e-06	3.03430854929301e-05	-5.886282237989786e-06	-0.05697393651718977	-0.02823955740746053	-0.01828347723793299
1.607619047619048	0.07427261364497691	0.1007589923390021	0.1072874426739311	0.4717332735122277	0.3438951668594575	0.3012657493798324	0.09358017272425671	0.09112620158036772	0.09434419117938946	0.1050411491807979	0.6866286983442556	0.04884427435553527	0.01097131093800788	0.01098670018883481	0.02182141353338873	0.08438188311503857	0.5323481114693359	0.2673643878519719	0.03181467292488772	0.3138730181336233	0.168832974295247	0.0941535756713173	0.4384181458251226	0.4490339067843883	0.05691246554090926	0.5860473823615251	0.2976843001433684	0.6936414412834618	0.7898455861056776	0.7447695489048182	0.7681790584600819	0.06565197450382666	0.119706294407099	0.07446515612579055	0.2747486902228236	0.5461147384013854	0.526380457378383	0.7265500516844983	0.5071378859530342	0.4734021288297634	0.563707420177899	0.552705193846709	0.5129814206129912	0.8336062164959471	0.5671938180248863	0.1554893970439516	0.8207734318759877	0.6860700063809925	0.4353007572574603	0.3213875016636332	0.2862282174231666	0.2775303243461784	0.6141684825872984	0.6225734685790731	0.05553993308101391	0.05782684384219693	0.03527363493697641	0.08104011265473209	0.2261991005382605	0.517643312456017	0.2808878100512988	0.1647022930811229	0.3307276052028925	0.2020651209500545	0.1336859607408355	0.7731683933751625	0.676859562371832	0.04825101731097041	0.1833250301433229	0.2776308325245622	0.5084846487848962	0.2088325946792396	0.1801666105737652	0.1568996574350038	0.2577447838955403	0.3704158002800975	0.1465853672449089	0.3780500027364604	0.517908197737819	0.5043760280786704	0.6572901712596686	0.4810580861231429	0.4492980745115319	0.5343644515372656	0.5625469716956886	0.5220372051285517	0.4211878906140448	0.6118281850379724	0.2720477550329989	0.121246637544468	0.1174261193891078	0.1246173362246475	0.1463724799876545	0.02702586087045388	0.02300379058003377	0.8669954316049341	0.9269748321144171	0.8521673992243012	0.01007246785637545	0.01019101979640681	0.01012127672500788	0.2452756679967953	0.9989764673630747	0.06222649335487056	0.0108270872330164	0.01037829538773886	0.01025475116204035	0.01022565675776194	0.5905219109571611	0.6397361997956488	0.01099639097426287	0.01050560914906043	0.01018283695641667	0.01010110521731035	0.9997150260079386	0.9997329230247182	0.01079365077082658	0.5378095030484344	0.8046353773409052	0.99333097575848	0.6091512534691421	0.5855676275542571	0.5963532505116359	0.1438142244472422	0.2377016863426988	0.05522066709696279	0.295551345286672	0.5261887018477805	0.5128144092340382	0.6835584910963337	0.5172234023427729	0.5030872329897237	0.5491160055879347	0.5551933335098533	0.5114843857029069	0.9926005980497826	0.7173650364138937	0.0415527599380427	0.9833513314118678	0.9809910070702678	0.9355371178671508	0.01057079482933279	0.01131900903572791	0.01058660626387685	0.7554329855063555	0.9952877474647779	0.08885109316001266	0.01159990375880731	0.01154749022613131	0.01140620440173453	0.01074243237454615	0.5286873890918994	0.5474819911138796	0.02195820514395334	0.07072987722461659	0.01142825798896538	0.01049046564519112	0.9988833258934253	0.9990836764400707	0.09531567917776514	0.4588997850072051	0.4306521003143909	0.9970940881310606	0.2455114631649955	0.2623773617384176	0.1926763629597102	0.5059516834213381	0.4987694236500316	0.05205899274061825	0.3613530561019644	0.4957356095743328	0.4835748630535842	0.6691495367298735	0.4810593240756502	0.4476606502370862	0.5358412741514197	0.5937304489947056	0.5329202672241042	0.9999995371303534	0.9999987283155921	0.1673281593992597	0.01000029946388404	0.01000060902055745	0.0100002957629796	0.001795749623810862	0.3486584041783407	-0.2259786353340941	-0.07677254027750012	-1.708066440554232	-0.5857365263483595	0.1636566773863627	-0.002447561240674901	-0.003438725383282069	0.0001689641116485735	-0.0001047252913472683	0.000103681594649213	-1.321282638303532e-05	-0.001076225716361789	0.00105234117826855	-0.001023953094439719	4.500488074205418e-05	-1.059232460377164e-05	-5.771653358106388e-05	-2.023643801931036e-05	0.04711644215133148	0.02713729242557974	0.04562604156864313
1.625	0.05497458581315578	0.01026638213550327	0.01033614303987162	0.3586516104173894	0.3384332295860647	0.3017025505586614	0.0209391507040543	0.07968625145872919	0.02592338480334518	0.1831610991235477	0.7181891296069542	0.01944148108169124	0.01336053407431234	0.02271069735937762	0.07781109746536326	0.1093237496660056	0.5354084101851079	0.2316869293401417	0.1154946693326742	0.2288096440349333	0.1111481097117034	0.1691481790358949	0.3728399738853392	0.3758553061525563	0.04597224452694071	0.5397328639499634	0.2793168668120082	0.620917873646777	0.7148537283827121	0.6814198129294752	0.7031525828722475	0.09361806540850168	0.1503338960203568	0.05850338019683375	0.2586541869837748	0.5509065282267974	0.5292102345379907	0.7491498772530689	0.5042888653548959	0.464748987745762	0.5691284716819059	0.5568029571535152	0.5138104473501179	0.5930788067170468	0.643274048098132	0.05712797036414918	0.7186803213823467	0.6381939826483808	0.5038426956326323	0.3020136300626393	0.3169165920736116	0.09087531423690724	0.6842432066172989	0.6285147186042105	0.05070942143422196	0.02735951280317377	0.01655045057027657	0.02588409220091142	0.06957480345510315	0.5140206467342205	0.3181252236295563	0.1361391468217824	0.2752276847371165	0.02687887630184541	0.02268414511020092	0.5632710508240584	0.4614757729034463	0.04392517604583743	0.1898931837298272	0.1993751472316665	0.4610838971702069	0.2029742330275956	0.1883663865252455	0.1552155964690314	0.3659170049530439	0.4308376841147748	0.09643260379371661	0.3742599111693297	0.5075029087318113	0.4932643256929233	0.6734147610768654	0.4748990535547826	0.4369884436902621	0.5359771310224203	0.5828336686820376	0.5303918047758398	0.4310321964943294	0.4715733508918128	0.3753359317745737	0.0193026723736203	0.01000496543303568	0.03083432315975322	0.01033071796063791	0.01335877030909548	0.02286216521356787	0.02080010412306888	0.01299107135925436	0.01075648135627879	0.01038156827330531	0.1092533022682424	0.01108757618356601	0.1895517157410743	0.6064472210815303	0.01066567691525197	0.01511112353873887	0.03154378987849071	0.1308851750962005	0.1701972088657461	0.5104555295064779	0.0114394404038847	0.2029995794969623	0.26955119568603	0.1297930746803466	0.2909824359184395	0.01045936354843549	0.01046354574883116	0.05986321609669393	0.4723082370580808	0.01075146510655587	0.365626195472465	0.6859659429750298	0.6612867640323464	0.6856930474908819	0.07480831271607555	0.1166949121394308	0.05558602163910714	0.2289747361397786	0.5688039146334485	0.5410176003884758	0.806589609653333	0.4955924565471232	0.4385365773035783	0.5847007811092678	0.5602540449441988	0.5150931385956942	0.1501641795219563	0.6668893104938196	0.02475802060657034	0.4781963600429177	0.4019707704226686	0.2888427438554527	0.4282197491141154	0.4973579638792481	0.02636411112084478	0.706003509306082	0.4241873007084929	0.02560800688923593	0.02655466717694125	0.0148170745496874	0.01665557761336679	0.0212451521435688	0.5014559472357578	0.1897251215912852	0.1815289140911747	0.3736527718111196	0.01245938344454609	0.01069551313689844	0.1464272448519684	0.01504078981036943	0.01221563956244435	0.0203429252525909	0.01830479578140773	0.1257307890367377	0.1781672607008589	0.1524294700584572	0.1335891301030769	0.3604694753958484	0.4425823255881806	0.09987019035746357	0.3781095918487205	0.5067214878852189	0.4912177612500219	0.6852210307399458	0.4690484764931404	0.4263233465335509	0.5370822602199443	0.5901838017874028	0.5342107477106893	0.0495598005066256	0.09191817660854948	0.5497727225651854	0.01000118177841116	0.02425990323409256	0.01000157355285817	-0.0008550443396185646	0.5141313327174276	0.2009810254762895	-0.3076756854608815	0.2075332536544918	-0.0814904820194346	-0.09542906627182045	0.001819866047763831	0.001232214944808887	-0.0001326916625864062	5.442605138550685e-05	-4.415919753235733e-05	-9.018417473286425e-06	0.0007124368206630102	-0.0006132221444443933	0.000515339384646206	3.527641324487492e-05	5.139575914760823e-06	3.009979456487837e-05	-1.729772947010505e-05	0.09965768479216494	0.04203184506929247	-0.03889928428069502
1.642380952380952	0.08897400253281493	0.2685960297162481	0.3410816214684654	0.3063411290330113	0.2834305458436033	0.2973752564631726	0.06207951632975164	0.07742086857209632	0.01556684873928249	0.2409321154144225	0.7290769613292644	0.1487735138372833	0.01339184357824542	0.02354659853964706	0.08652821578013273	0.1156384284642127	0.5363323632473975	0.2462136960294	0.1327263457118933	0.1939857943465558	0.09472631072963675	0.1922249235142196	0.3654168175843666	0.3670684974694645	0.04442987060656961	0.4267388750851753	0.338291622436069	0.5975574696028404	0.6688260030682932	0.6435612185866082	0.6625566990756588	0.09033307962357007	0.155064883206487	0.05987083250503211	0.2482642001778191	0.5568846204392851	0.5342112378871127	0.7637896863070899	0.5044284947834313	0.4630837418297792	0.5730008864227826	0.553996493337254	0.5117157576135202	0.4576221118973156	0.6319866408402315	0.03718714657244997	0.6605933010400481	0.5564595027596216	0.3689819415091629	0.2984907803981244	0.3542717087423182	0.03612884019892606	0.6735421703605388	0.547330666873974	0.01917595582300047	0.0260021261496283	0.01777566999297285	0.02555450655125499	0.03370541637011904	0.505090874811242	0.1908186809619601	0.1573156362497615	0.4512010002260344	0.3308811852866079	0.1543180150151656	0.4735406418286752	0.3984314677850862	0.01098065307739145	0.0265250404933171	0.04384046861936849	0.3540607181579101	0.1995439719218814	0.178102525218846	0.1437247660188266	0.39394491378082	0.4482404647356576	0.1117469720311854	0.3744669537481334	0.5140750835291905	0.5007867615901505	0.6570134747084398	0.4827632690919914	0.4525053133686288	0.5349199319141331	0.5673882381287684	0.5239872521483553	0.08321606433125936	0.4319625580685364	0.3575220433539955	0.1499302883851708	0.3447526408605983	0.03625184200758275	0.2325807688795415	0.7612839487586407	0.995449619966106	0.7574824268827828	0.7515426100942376	0.8381744848948454	0.1266360500664725	0.01067184794986038	0.01058054541405337	0.379239384666303	0.9991051262276738	0.3939582554400843	0.01060267110635667	0.01038665076282714	0.01040857934301948	0.01069616452736896	0.5901363173219621	0.6897492457589653	0.01088990791231104	0.01149288076049604	0.0111118811895129	0.010322017646954	0.9997456837101315	0.9997585561325412	0.01098716363586204	0.2487472458186581	0.9990528451753965	0.9920441231765227	0.5569174132206103	0.544480926792441	0.548870340694478	0.1313545963739334	0.242263624820777	0.06287184988458877	0.2780464685197805	0.5393896606901742	0.5251674726233314	0.7024800593378842	0.5206896080416648	0.506700308968883	0.5550355584099329	0.5418235363200143	0.5041325473011785	0.8051168430420643	0.5955861325517823	0.04014402252162469	0.9136203746518478	0.7671965932617218	0.4710115620501987	0.02371367541420555	0.07438079122993692	0.0140766565595072	0.6392571758542374	0.7279232521686094	0.01951469974810615	0.01682853309243653	0.01768294699828992	0.02757677340003	0.02373743065131971	0.5050624603881041	0.1759309964383993	0.09157072564770644	0.6349214828820989	0.9696153498231705	0.3843823377511266	0.9138353908123062	0.9619522793958867	0.02232564811969436	0.03970086216738795	0.05755032081534219	0.6860020643256286	0.2395993402287369	0.2319354017266559	0.1645060909227418	0.5242729860296734	0.4983647026193144	0.1138032248454093	0.3654472757182123	0.5273330091283207	0.5185927332646934	0.5971103720149805	0.5114666589434105	0.5067474691700724	0.5307771191609311	0.5223072711007672	0.5039655536352368	0.01001173698114276	0.9767806743140536	0.0100247253820474	0.3733781221776621	0.9999896838699854	0.05857582652037519	0.001630908818080803	-0.7101277497084125	-0.1305288512776217	0.07327592464080804	0.8534606342684171	0.4988477805053719	0.6465754379788483	-0.003947770615487233	-0.002628193999606768	0.000384398270759463	-0.0001186614481986912	8.767159795892853e-05	-1.353272454692658e-05	-0.001516758842289699	0.001310526798075358	-0.001040322968618625	3.562656944437231e-06	-2.563033403810299e-05	-6.210614620046033e-05	2.344815552822679e-05	-0.18806866735232	-0.07563714791065795	0.07974171956828946
1.659761904761905	0.08936111324510314	0.3137038360072739	0.6345757729197791	0.3609797410375253	0.2733805294851027	0.30206332992864	0.03884917737137922	0.08706990632296963	0.01576787633385362	0.2374265549748558	0.7494510471868339	0.1986232326149986	0.06398821735105475	0.05394860857285728	0.1432567810197447	0.3034033119819522	0.5356635893080095	0.4505446461806882	0.1714929292433528	0.3008446270314634	0.315480097655531	0.4669044897509528	0.7772678141379173	0.7773727462589436	0.01674418133198971	0.3370639682560814	0.6118303839298116	0.4250726701812725	0.6555372719281966	0.6368797408769495	0.660111779411282	0.08477616596986454	0.1532488969704678	0.06596884153483003	0.2494161920770741	0.568177957606389	0.5460926336516209	0.7632144982023797	0.5090160654041925	0.4730337318819569	0.574128571678471	0.5325377909339285	0.5024271061278628	0.6132768447674817	0.7113289843490783	0.1415664983705604	0.8009778795232299	0.656020153153437	0.3743912561542919	0.3424308680254963	0.1920383276974541	0.1879527706792065	0.6250157843692834	0.6948372618610852	0.01532153501932543	0.01621170897817323	0.01381339174877309	0.01695428904516589	0.05465959578864572	0.5125094819402204	0.0933779347019266	0.05718445460116828	0.470149154095667	0.3495934707715677	0.1227280586737927	0.7929853458182143	0.7852374237721547	0.01432899684957803	0.02737780539010763	0.09018823664377013	0.5382347004176965	0.1587167058593585	0.1430928133582619	0.1140618953171427	0.3613472776091155	0.4367994953868655	0.1604650996405603	0.3741283721125511	0.5108901527252988	0.4991558436635551	0.6460105511217565	0.4882424025337641	0.463539488687335	0.5343800772999876	0.5665497124624408	0.5234537141356833	0.2066731634036876	0.7922854920682264	0.4198113221476714	0.1493141718580966	0.5047058740734344	0.03256759573121731	0.02134932742539994	0.04985864218486216	0.5802241617446504	0.1864634720904682	0.02863878276919926	0.01307978075423733	0.01025480040915486	0.1290483252728319	0.01992976652354767	0.1651700989959511	0.6435507078023476	0.08272792222847583	0.106236116085939	0.08492885533345985	0.2389914764817592	0.5917535583025612	0.5144338653051707	0.3962053630551264	0.2741933042913864	0.5289606558770884	0.6346522316649811	0.9522281233764748	0.997819777196256	0.9973299240009836	0.0126639736176305	0.3438337303891891	0.5810791525990181	0.01188824165551354	0.6884600451057018	0.6734860316225554	0.7095570199957139	0.06405513943180946	0.108657413615577	0.06707415004324148	0.2357991034517989	0.5933569515427963	0.5675498578198079	0.7953791409675793	0.5065950006754197	0.4633731252685291	0.5850482151471627	0.5087855145727673	0.4935027090862648	0.6355279046320634	0.8035921676874452	0.2358795908647273	0.858332534455888	0.6683221395978228	0.3113877086459371	0.5360650707657224	0.1638039304042281	0.356872547973087	0.5725813604049249	0.7935813530794917	0.0132098157367958	0.01415073535612797	0.01164795201635884	0.0136734606995237	0.09382800979517272	0.5220043052600842	0.03284244413320415	0.02494377580099472	0.3946285821970828	0.02029249744314536	0.01082248569350407	0.9901240807554619	0.988681442295294	0.01066169918898466	0.02457048363692016	0.119497244646066	0.5655625204664325	0.09714306286753657	0.08079504225292113	0.07551574705264599	0.2654232337017001	0.4014729980566369	0.2073477766004443	0.3816079516553306	0.4967393625616016	0.4852493291736152	0.6596819279314359	0.4800817701507125	0.4489337409528394	0.535174296814941	0.5917700112263481	0.5343776417130593	0.4144403456392016	0.9998889639486024	0.6788438045046785	0.01000169952363752	0.2473539349034174	0.01543700325409274	-0.001030542653909871	0.348929634966776	0.004046615044055929	-0.1091419303869048	0.1418636658953397	-0.5458500714259116	-0.5157017221668188	0.002478502551144167	0.0009829392782071253	-0.0001580720778383163	3.197062188730987e-05	-4.056787241581334e-05	-1.742219843269921e-05	0.0007741919380740646	-0.0007011379425889809	0.0005798748500255729	-3.132188052879913e-05	5.182727013096297e-06	3.170264559608921e-05	-2.479363046501577e-05	0.09191895468659816	0.03639736829907464	-0.0357565101068159
1.677142857142857	0.1179986594433104	0.118586447485382	0.435327651464191	0.388418388360515	0.3133358210713196	0.2663304574918834	0.1704792172015717	0.08907892665509601	0.02660917773002464	0.2435243047144114	0.7566616149205098	0.04792782548520483	0.07030635919565031	0.05775060867383356	0.1590315490633978	0.3777189618450587	0.5608189108588504	0.299500102729336	0.184165809450384	0.3458835204321575	0.4014828187108789	0.5916643087077302	0.8897750969294702	0.8897744180897896	0.01581177089702466	0.4585024942183835	0.6163349495873756	0.392023237389581	0.6398302649649024	0.62410299032891	0.646561193256468	0.1105664826071522	0.158688255415328	0.05208492767413186	0.2499883334090529	0.5732148857935124	0.5507098788641949	0.7716494703093547	0.5081524405637839	0.4716599580251576	0.5757513080951256	0.526611432585873	0.4998444952236845	0.616671279818061	0.5791441636482553	0.1520470821279479	0.7634421558289808	0.6027716486911026	0.3001283031477106	0.360557777641456	0.2722069755188362	0.2309939367383335	0.6137703754898216	0.6568006291033806	0.02079162986991153	0.0188581995598438	0.01786474182968163	0.04376185524443233	0.170664745070142	0.511859701139411	0.1819716143438233	0.1752573191704325	0.4480871426734263	0.3167916974083878	0.2818067218770232	0.7746049482453962	0.7680873539706931	0.01225400441596954	0.04933026883850217	0.08097069567350854	0.4430921122969544	0.1362056244048634	0.1185362240135705	0.09794280459178051	0.391027221848007	0.4525769885747112	0.1739202353079878	0.3883159594481095	0.4978953695315077	0.4879819983836437	0.6422831749945714	0.4851947938812298	0.4588066835657821	0.5322270204744142	0.5810479559832127	0.529671542436672	0.4206036525074786	0.8520349502192069	0.4492868549605767	0.02046910735260344	0.1868009271937204	0.01000435055010779	0.3079152720088671	0.1943945334284093	0.1809645524296851	0.8236046920996453	0.8807676646639865	0.7241413293758842	0.477809529830052	0.01052416576489545	0.03380688774920684	0.3980512660175139	0.9989354655251703	0.01030920821640034	0.01031472120517499	0.01028067449139674	0.01029204799725825	0.01053142849835384	0.6698605080913408	0.1486113600310809	0.01075406230526208	0.0112701642707717	0.01052443462554303	0.01027315496788699	0.9995876610901907	0.9996207562961037	0.01482873330344782	0.7022865810667869	0.8372557301150217	0.9990375140832759	0.5235075780029251	0.5122420401675943	0.5088159847608015	0.1959664510589206	0.2570733648937998	0.03046147997268858	0.2788544336353051	0.542187023961241	0.5261791674679694	0.7306734695236468	0.5131308033143405	0.492505666513444	0.5588279922313431	0.547141653447014	0.5061795329926592	0.6658797156540345	0.08070913127287289	0.01537903494516822	0.6222236681153429	0.4879383475802118	0.2543206915017993	0.01951168366154086	0.4360200810066207	0.01739375192944176	0.6610827494487944	0.435918885484186	0.03176903685488017	0.02398223732262488	0.02685004808869462	0.08838108147368691	0.301211604674869	0.4950261344997697	0.449897418265934	0.4373599209891773	0.5502352823893109	0.8599088351829081	0.8693155901097707	0.5075632727598955	0.5299275534482366	0.01758173851609669	0.08885225491767772	0.02307207376762466	0.2432867470683022	0.1988341275693934	0.181978351297546	0.1352993611916098	0.6388853581223312	0.5572323845360976	0.1220541642537822	0.4071725247901745	0.4907778078127	0.4860657639372324	0.5986493858031839	0.4964701889579047	0.4815090341609012	0.5246967094868278	0.5687137122640252	0.523785366441373	0.4892498788172477	0.8088614801043561	0.0100039878287951	0.04995390038453938	0.01002492518802517	0.01000336216570888	0.00155731361372821	0.1149342669449177	0.1205856542384946	-0.1153575396151069	0.07372850862472215	-0.06023602594564542	-0.05226744289439429	-0.004976253554049011	-0.001762419048781385	0.0007707766463422038	-1.486004610341294e-05	7.727764867927178e-05	2.567269779652977e-05	-0.001460976717262576	0.001196125404934115	-0.001000989418559849	-1.172702895745943e-05	1.423039349187291e-05	-6.282608608209355e-05	7.810860705503762e-05	-0.1747182870629389	-0.06253738875381416	0.05172339579678677
1.69452380952381	0.0916864772934361	0.08662431217797696	0.192472891222472	0.3748836109643502	0.3144212677627531	0.2550532023678077	0.1513801886057731	0.1033575829982581	0.01038914016535744	0.3404417498313461	0.4918877315292935	0.01597428671571679	0.0979102761064993	0.1874646917956667	0.2499076101207748	0.2306624688750896	0.5380209840355654	0.1199983784747041	0.2912143073117839	0.2053861621367982	0.2380544530002891	0.2825625611914374	0.5502852147747229	0.5500608118524372	0.01038365292118213	0.3294071866432978	0.7185972952948724	0.3608028154400112	0.5899834853755437	0.584235442749849	0.6038085788175578	0.1007590488280821	0.1478136623206298	0.0605053262538309	0.2405150292256909	0.579504845752718	0.5558463399817442	0.7773126731921374	0.5093754345804737	0.4729107648162146	0.5796285598972792	0.518881340767775	0.4956873284247485	0.7673576862054047	0.5282233239531964	0.170752347407962	0.7727306247513193	0.646882161286781	0.3891845165778493	0.1021341340141869	0.2236682790384887	0.06046726754121919	0.6548843057921808	0.6197162235846587	0.1082900755192623	0.1276745960433656	0.03601247286795104	0.05128152270123674	0.1226799872879289	0.5050342235633184	0.2884652976036307	0.2879628065820241	0.4262236209737617	0.3135738456790827	0.2999695564852206	0.6914659997058971	0.6765818673123066	0.04953732265365657	0.1518896952654321	0.09485735069189574	0.2102940814513903	0.1267851673612978	0.1127167138159501	0.08995899627413188	0.4957855725312692	0.4985911530148457	0.1541549946123969	0.3912448551601663	0.499212045281143	0.4904778956537823	0.6362593453115755	0.4868399019565212	0.4619228693630389	0.5307634929545554	0.5766793692784737	0.5273725417094817	0.2248153127932068	0.4851559850789708	0.2186893801973966	0.1377808431259376	0.243655977544248	0.09365983868419504	0.01111997576651064	0.02085021175566591	0.02236535374781798	0.1335091688104443	0.02005331985491443	0.01239221037590543	0.01019288461018423	0.1570562608266272	0.0326585020968137	0.3635702746623213	0.01129488662831069	0.01040031221608983	0.1534855589360975	0.3491922177722845	0.4341860033506881	0.2215008773548786	0.4470996651569704	0.01321303119966097	0.5137133577666649	0.1945039023419548	0.2172371227360336	0.1443845539905885	0.01018113739241951	0.01016297958564828	0.05491553528024198	0.08145597317991149	0.7023359002330611	0.01046966947205776	0.5763879167307457	0.5830076128023884	0.6107279546911594	0.04772690039562601	0.0863281148403814	0.07926704242525304	0.2169420824153931	0.6043378549454905	0.5758567892826754	0.8045669766918523	0.5087664032225659	0.4646505784258541	0.5932468802799222	0.4962853345185814	0.486300435447334	0.9985990559637099	0.7244766714010449	0.2584825657099817	0.8892223466261044	0.811825903111942	0.5452904974999708	0.01470839666195459	0.09199322506398844	0.02175435855234613	0.6931797489857432	0.6763089026444338	0.177746344768476	0.2415105518404517	0.0668986507322978	0.05293884851872433	0.02547538293558026	0.5028967519048193	0.2281155875313507	0.2573785848666976	0.3455939152119781	0.01347471586228474	0.01098494292018694	0.7069701112106725	0.6719210070857374	0.07577835112786345	0.2219347276465439	0.1356459681282067	0.02026095925548384	0.08783770611438517	0.07686527714034738	0.06690065291632349	0.5120167538361974	0.5123209737260812	0.1636160652660136	0.3853309974310949	0.5042031047081444	0.4944769322729138	0.647165141073186	0.4843378120767862	0.4563538498212614	0.5324407967695328	0.5763455161449121	0.5269208791771701	0.01000110036879239	0.01000148688088787	0.1593448614185743	0.2249283449484508	0.4002308803601859	0.1653807770819061	-0.0007762170313017679	0.08277809681321195	-0.03425133362772399	0.02690390791389356	-0.130566020248141	0.9092429580977079	0.1219799575757109	0.003096287188640233	0.0003496313842187146	-0.0005121718795791203	2.996600011238664e-05	-4.407763761007451e-05	-4.162963917000762e-05	0.0006728005876073359	-0.0008031278559897766	0.0005632726241669126	5.721607279392221e-08	5.640344783128824e-06	3.051802307011146e-05	-3.013942301203677e-05	0.09580617011450412	0.02782315120951644	-0.01291945741295429
1.711904761904762	0.2941430219842759	0.06762261665688461	0.04681119474597334	0.3684362991193713	0.3309452881357317	0.2840776583635667	0.3172780503680456	0.1132797997193497	0.2768000037481827	0.3282524444054686	0.4208513603822165	0.01295883305461071	0.1042121430378677	0.2260750847328804	0.2854788823051805	0.168765361002645	0.5138837801297842	0.07837604789673151	0.3360059686813664	0.1486210641676226	0.1684275385851675	0.1459736832905381	0.4437042200417213	0.4452294272889239	0.3554884071260722	0.3980113536436924	0.5584179693819039	0.3581862565773945	0.5772203278680821	0.5745521955893826	0.59331360193933	0.08733429385712588	0.1342801730243512	0.06831148337927756	0.2436816907112379	0.5828062902981435	0.5593259437105585	0.7729461829559796	0.5105044002507304	0.4752277863417918	0.5794646607340067	0.5102690525140059	0.4923576999702546	0.9268073980392226	0.6245367798950122	0.1756025899353421	0.8897475209836083	0.8186332525329235	0.4947522675737071	0.173396547750289	0.2110548414140634	0.1567505014337311	0.6758347585417676	0.6149611171840734	0.1160047575381735	0.2480282108630616	0.1862199926206425	0.1731363988477115	0.1614466568958808	0.4985895299965461	0.1893982131084329	0.2832665091891175	0.4155520558432607	0.2643724008511331	0.3301108690764442	0.6931385745587372	0.6976505964780663	0.05450538671143224	0.1499371985717336	0.09303644700974883	0.04698232259453818	0.1296043132391947	0.1175779349795693	0.1023797573885987	0.5553842209935285	0.530653419075712	0.16890591396246	0.3912949186353389	0.4981689260510625	0.4898164714079391	0.6267776600263566	0.4908589427678019	0.4693245777998775	0.5301445663206918	0.5743050150042484	0.5259332844361204	0.3110703731774817	0.4315185707156013	0.2253059419605548	0.1403282447063147	0.2661871567250788	0.1070631905264589	0.9194998998297829	0.1526517698510776	0.0116329933172581	0.8095024842498577	0.9344599960032413	0.8172461137787286	0.9990697664143893	0.02497428630863554	0.764318184962802	0.2988638678902736	0.9986931278243835	0.01084978769138703	0.01069123260001753	0.01077544671580693	0.01059239900764613	0.01045516458521706	0.6177782290512913	0.1481153584819412	0.01131961753964404	0.01108854331521135	0.01036113817466745	0.0101777239307921	0.9912873120760453	0.9971507576660705	0.9886089281073851	0.9991595120248392	0.2132737255559872	0.9988442282960338	0.5433105129585519	0.5296644461498035	0.5280251234429023	0.1643915707202541	0.2251228387793946	0.04514146621652933	0.2934273400560692	0.545224221729437	0.531171299280628	0.7092319573703647	0.515293246280724	0.4982878643765747	0.5538327050381869	0.5288022215483187	0.5003713336177718	0.9989767792394876	0.4470381932250204	0.01219576232035273	0.9936613816662077	0.9885230442186131	0.4759843168294833	0.40224927737898	0.4197160480233368	0.3613927972795941	0.6794735835810641	0.4679679569376309	0.01750178917596873	0.2750402854125655	0.4008104941153079	0.4007314948140599	0.4167483313729645	0.4826589361042191	0.1438631843664772	0.3824929295343231	0.5372544551325845	0.7043195723688235	0.9671206507411853	0.6203785286867308	0.7147196941697739	0.02040309329300134	0.04285868120820097	0.0125406888242533	0.01123424005261698	0.2088087398854331	0.195666618398493	0.1675476191923412	0.7345958261900204	0.6108188254685775	0.1700306852718574	0.4046444145395708	0.4861693585884304	0.4813994146922856	0.575787621204897	0.507050331151057	0.5008631305125509	0.5243962931996964	0.5662767949289387	0.5218602004219277	0.8637160442992355	0.9999992004484265	0.2633865112833277	0.0100007212724903	0.01000045074686318	0.01000857453963198	0.001261973853250695	-0.4305834507013238	0.108224038829363	0.1122329118881542	-0.1315824074871256	-0.763503544953687	-0.6929031514699758	-0.006858656880965378	-0.0006352595686785194	0.001440545533637094	-6.815473293639597e-05	0.0001009768737989001	0.0001109783662385573	-0.001971279797206505	0.001507958463906876	-0.001037879637591174	8.168812086116298e-05	-4.672372218073361e-05	-5.598443201047153e-05	9.274416640838674e-05	-0.2786644676221152	-0.0656507534523766	0.1228649913628292
1.729285714285714	0.3174293524050635	0.08938854442060146	0.03354448510277125	0.5458748101756076	0.4998009790693732	0.3254717537552383	0.3469503486145399	0.01218747837102639	0.2623029374403169	0.4591388759008963	0.4614008579190617	0.01045744472712049	0.05193266035911413	0.1131803880100487	0.1902885737171545	0.1632774221755353	0.5200392195286224	0.0831786400347555	0.2920516630391926	0.1915997040378108	0.1538227631851386	0.1322058010248496	0.3717678231268825	0.3739271745006925	0.3735915892900614	0.3624618030647479	0.3128327074868674	0.3534339530238826	0.5205519514170167	0.5189972860396816	0.5237995009713166	0.09199844744829479	0.1411122414440889	0.05878410773359143	0.2281291254391516	0.5819337216388654	0.5560621345470252	0.7886778936522837	0.509317267478321	0.4677275106999583	0.5865500130243931	0.5264474036922328	0.4984155434510218	0.969565255803122	0.3385728638145552	0.09083410017939438	0.9531034524001245	0.92301745927539	0.7010465193254174	0.1266617424497832	0.147742024438754	0.1214410581820376	0.7125895511722495	0.7222654859866834	0.08466879396580361	0.142496232203572	0.1664236635537205	0.1633971233445517	0.1513709907382366	0.5468796765937867	0.4306780529242726	0.1823906502527111	0.2507341177002118	0.2645425088655053	0.356974299340293	0.7872199467650304	0.8120442279755627	0.08146204100445524	0.1438187876592314	0.2753192976614044	0.4219801229212649	0.1079282445225079	0.09897650878887171	0.08484780169241977	0.6606337997095593	0.5933930189147306	0.1531861650521413	0.4040221930408575	0.4979107931549242	0.4885763252222419	0.629506641172895	0.4850947592524491	0.4605891986937147	0.5284575749545175	0.5762160601321724	0.5277619308484531	0.5835241398126984	0.803907197501105	0.4688575960996138	0.02152160356285182	0.04724894022845905	0.01761654524613292	0.01099996953388777	0.1094960395086283	0.07523298830254609	0.5518482626654777	0.3760053883178833	0.09516237814763261	0.01020647274156524	0.01060512871877609	0.01038436376039814	0.6738987808835121	0.205933379812369	0.03924702669274229	0.05208682027904573	0.09877064620926222	0.2101914656645223	0.2349641384357131	0.4800968348255862	0.08539472988297903	0.391314744715975	0.3083212892347235	0.2154786821377696	0.1846090481959954	0.01038362477234795	0.01032326058014334	0.01055054306700855	0.01078375194014119	0.2180905558250725	0.01021166404538744	0.4433929839612688	0.4481467472457398	0.4377412645919989	0.05341411398164784	0.1011565994337262	0.06465474923985311	0.18423809990994	0.5998925064653312	0.5655125354302151	0.8471502355771459	0.5049753783758396	0.445106194576593	0.6101387728695792	0.5408129740027755	0.5031275955274347	0.9998042171840992	0.03578007528438217	0.08936689579507569	0.9996217427744035	0.9995134029550072	0.9988764015998041	0.01006004255888363	0.01014125150241179	0.01006658110448415	0.7677304949055805	0.9996371338267486	0.1113841692226153	0.01034672502086257	0.01056571162011462	0.01027827137075759	0.01009517719764511	0.624177980855488	0.764996075559407	0.01097916386686745	0.01128280074814961	0.01045104012837653	0.01021501961681912	0.9998974132479294	0.9999109955338472	0.1257861573981787	0.1910168593190159	0.5356330240333862	0.9997393673704874	0.05118883199473518	0.0454444257455514	0.03889304062677908	0.7301408606183425	0.6491130237063901	0.1404651722545549	0.4210496337393013	0.5039249959767967	0.4914745946102888	0.6594250888888575	0.4666287436563333	0.4292332727766781	0.5280228055857368	0.5825818291994961	0.5328389130158798	0.5481895443627716	0.9999988212766613	0.7508650869999368	0.01000063624899573	0.01000051971737261	0.01000287573386212	-0.0006592980177071778	0.7269457005729237	0.1638040119415942	-0.3521163796349736	-0.6944733236231143	0.6326553534956444	0.4536791882786175	0.003656760589287249	-8.852747677501885e-05	-0.00109349065560679	6.142375774447159e-05	-3.473412156392305e-05	-5.218799145142367e-05	0.0007833804990037062	-0.0006985468403100664	0.0005608300489986525	-1.43047330466455e-06	2.546402635301284e-06	2.904106066979988e-05	-2.968700624438561e-05	0.1879254309464056	0.02275094441455905	-0.1602660267407729
1.746666666666667	0.3419993395374716	0.3719218580321963	0.2685667651780978	0.6345006826492779	0.5410662301149788	0.3817156253881938	0.347733081588537	0.2533088183795797	0.3341961846188705	0.5992852884388995	0.4680029552184953	0.2229239602448025	0.04206392720428371	0.07802196026665746	0.1535614529135689	0.1615303684248437	0.5369616201565441	0.2889314729537869	0.2733424125406069	0.2070490493184638	0.1491035698856898	0.12808133680367	0.3658187370426262	0.366259945975948	0.1880853873803649	0.3588576752077933	0.4830950981426117	0.3534044982713342	0.446351351606191	0.4425040867158727	0.4229130373129038	0.07263799724805563	0.142341222049724	0.07136734755899425	0.2122691061512091	0.583357761130657	0.5551045106834808	0.8039760354521497	0.5077572424642165	0.4615060907646439	0.5911666266090968	0.5360849025358525	0.5019322571951308	0.9866160884192425	0.1587183393320135	0.08479891012322097	0.979608340651169	0.9667848765184689	0.7099830093703848	0.3181539515009858	0.2489850356096888	0.2277778821945923	0.7330043255887692	0.9135018897261742	0.1237306720026198	0.01618458075895908	0.01077591247101652	0.01397530498916154	0.1386854681386587	0.5677190122004794	0.4780213858328344	0.0403057135916251	0.2100794373441351	0.1550014339721482	0.2173072086752443	0.9394983191900557	0.9332287513296809	0.1090869629699981	0.1458647486654271	0.3424651855875896	0.8405974387038802	0.1107151489752503	0.1012302958148874	0.08666370868634146	0.7268005840822699	0.6399050463840288	0.1661528709723905	0.4380037488404048	0.4992788820025076	0.4896975233635383	0.632230923111038	0.4734706583558723	0.4425929001641535	0.5242886210498673	0.5754393519706421	0.5302128501649574	0.3577801528494757	0.811838993378847	0.4684486905338965	0.1796373175970457	0.3122846948530589	0.1301140595096789	0.9991750569867454	0.9758281325339085	0.6382107864740829	0.9583588263876509	0.9825600768945678	0.992055474601125	0.9991769206584998	0.7123831138347686	0.9991321238206841	0.5846906381027618	0.99886632629578	0.5632905255573297	0.01117579786329492	0.0110030722686107	0.01087768572783466	0.01070078484221515	0.664509564781801	0.7264526443813906	0.01336904615639497	0.01203879065122804	0.01059360792768243	0.0102559277627657	0.9995724554556945	0.9996059062497129	0.4124065287412548	0.9973861410667112	0.9953417888005991	0.9996454411539151	0.3792775698234085	0.3583873146019972	0.300528679976775	0.1169649471289564	0.2263442635519389	0.07637753360738331	0.2596128607231228	0.5507149974290604	0.5319085359385468	0.7389828068566985	0.5117651830528112	0.486964305400976	0.5600873590610297	0.5410914455614039	0.5047272452750895	0.9997677279329379	0.1962644841233265	0.04983417156690737	0.9991919958567731	0.999402593407957	0.2435844506304729	0.9987192593570874	0.7328399637035841	0.6762757513022701	0.6999844131217114	0.9517044427178067	0.1240644862421549	0.01083994972603888	0.01538496458940723	0.02722114697684089	0.3813308061560358	0.4924471559589078	0.0123555068287469	0.05910075376470238	0.5038998354917423	0.3798243891493217	0.5252767989690179	0.9982287784119639	0.9664518042868584	0.07199712940689812	0.05163173154623471	0.01111811007667916	0.8731478486022451	0.2206116085978261	0.2049250625156044	0.1751241172543358	0.8294032862156988	0.6881901540492709	0.2105003962330679	0.4940516204035074	0.4906381421000199	0.4861415489657835	0.5811408513879811	0.4775699058242727	0.4551294477704637	0.5133552240315938	0.5616455797675689	0.5274386447215064	0.0100195195638859	0.651986245872796	0.01000459842552637	0.4637377229057482	0.9005191682935714	0.3153966551510584	0.001271710661144741	-0.3150810600830343	-0.1013371512401916	0.05772505353402234	0.5926334501552742	-0.3019031381663951	0.2238847517582232	-0.007960640893196206	9.994964505579597e-05	0.002927122374517303	-0.0001300712048329193	9.523297966283119e-05	-2.542968537463215e-05	0.001317291861434904	9.164083569400506e-05	-0.002605635412221325	7.315730752225938e-05	-8.383118627354123e-06	-5.379526730810398e-05	6.705018939061432e-05	-0.3478860112838743	-0.06198519630319634	0.206539550629961
1.764047619047619	0.7785601162050635	0.5380514457656055	0.2597320787862392	0.6272855599429621	0.6194843613742496	0.5613037282512039	0.3517858721816822	0.2418434846293892	0.3496849246070277	0.7388126982461589	0.6780587812876172	0.2087215162609972	0.2044234475782047	0.2097213484066836	0.1910567075494272	0.277818876388198	0.4989065957645258	0.4700821989433768	0.2972512286770758	0.2127448065937296	0.1543862432295734	0.1420438016841524	0.408755867303746	0.381543945921082	0.4535443635951231	0.6632744336084577	0.4584809299873632	0.3527521458753545	0.3183801518657007	0.3111999809235291	0.2845588983756892	0.1046234630626776	0.1706429691589302	0.04985710039346371	0.1737133135976489	0.592436368788307	0.5545859308986837	0.8414253542947874	0.5000432046324891	0.4331266879019803	0.6129192304542481	0.5707305358435821	0.5138391582852717	0.9944202883012282	0.4540942033277091	0.03486494837945146	0.991381604490115	0.9861325390683928	0.7082074651589919	0.4745001335710254	0.3839850135382515	0.3561597169879116	0.7754677623476735	0.9532009843654977	0.05453897356713507	0.02800582934134289	0.03016391846315015	0.06530734254417343	0.2503232680243888	0.519344141616778	0.1251647509893452	0.0335408471823122	0.2809322388955894	0.2612752365905808	0.2980763109569926	0.974641612421722	0.9647302417594713	0.04664624958074459	0.04996368556912433	0.1055261501061325	0.9052495384178614	0.1343358768860947	0.1238723117151378	0.106479120297304	0.8188459700484317	0.7195860269725094	0.1718652647160024	0.4974128469407853	0.5002024816963971	0.4913788894066926	0.6247839214331562	0.4577818330790837	0.4206352028648899	0.5154288329502442	0.5685314329580547	0.5319026420735099	0.5452508840819011	0.8548005466398847	0.4801689919051697	0.1476222103270792	0.3130451542346359	0.09245790119420787	0.9547938219577818	0.3738252262335629	0.05465907164572327	0.4351379359590323	0.4770841356457162	0.4377679201511567	0.01044790384170538	0.01090597453183463	0.0107068611473068	0.9806880244801579	0.6662482419570771	0.01114839118703865	0.3941763315228943	0.3896917258038473	0.3040563418997714	0.4981585618420732	0.3849780537103962	0.4252167040280188	0.4846707893162696	0.3149810279340137	0.2282770657105732	0.2148476661926077	0.0639592573505092	0.01163315169178541	0.6224511816983618	0.6513421234551585	0.1633433155790099	0.01012530122574882	0.1655944657394682	0.1634579418869535	0.1534073895855037	0.1138264372437353	0.1607668674257972	0.02938640866862525	0.1059738916191433	0.6243634973278817	0.5662778853709661	0.9446243883524154	0.4865290170052364	0.3791345848395635	0.6639951145622511	0.6224838748323755	0.5302514742516009	0.9999715627897714	0.8050426239805878	0.01006675576029632	0.9999238921085424	0.9998853320564505	0.9986708678811975	0.1883980614602445	0.2004513984157554	0.186667349632566	0.8762011658383941	0.9998146698849276	0.01003452047698613	0.03941646635442955	0.04172910971189417	0.09790858028951252	0.1953303226644077	0.5232115405464924	0.01011670797063208	0.01589071175231456	0.154608181770064	0.2151125308069667	0.1730305217132909	0.9999111121086529	0.9998788510139496	0.01003329507329202	0.01014096898023116	0.01005052718080213	0.9998645384767081	0.08436526034819823	0.07698507737517263	0.06666517776272243	0.9192925793392538	0.8350210834049212	0.158448368300177	0.556486502543027	0.5069263967684303	0.4964847957016896	0.639126984216679	0.43225415572633	0.3820296498255211	0.5075222695599373	0.5637619359328532	0.5355305201953454	0.9999996779138636	0.9999992475800836	0.7197823081331801	0.01000010586218394	0.0100002594776436	0.0100001376306167	-0.0008051065437024925	0.2460022368478724	0.03771962881991573	-0.1634481606132774	-0.680388427427876	0.3105887435096025	0.1378269543759696	0.004400386041314527	-0.0001097245895052061	-0.001458101103031943	5.932523989452549e-05	-3.843549331698888e-05	4.208121968411738e-05	-0.0007290557628231004	-0.0001039727412235614	0.001418166875097659	-1.695976156830661e-06	6.536080061483992e-06	2.724556863043324e-05	-2.444796569275306e-05	0.1637810386130365	0.02501619409993595	-0.07424155404245111
1.781428571428571	0.6923403749198788	0.4011222651133392	0.2347597425658813	0.5614518588861833	0.5579717082316706	0.5179149042149932	0.3518698876444066	0.3288649152170068	0.3499906111410803	0.8795194633221655	0.6560630359485592	0.1617066686680865	0.2537456474773759	0.2525634901061034	0.204332750794691	0.3247477375990033	0.4939567919868668	0.4083258888348875	0.4414684310429641	0.2145800374897436	0.1560730628952878	0.1462646122911751	0.1967224423283231	0.1787217599742984	0.3866422427862412	0.5047238311145205	0.4524700481834038	0.3527608743453884	0.1581273342479684	0.1509189625735421	0.1375746353090055	0.137444730497027	0.2094439577800997	0.03928566696081351	0.1316882588266914	0.60493370084592	0.5576015489781148	0.9019894202059077	0.4941027006325537	0.4087818155921009	0.6349471745155001	0.6010402937474808	0.5227694701110421	0.9975570594107656	0.4946624382762776	0.01079026600207372	0.9962540202980384	0.9939202578695746	0.9392670772146946	0.1476423170623556	0.1362701544065777	0.1236634656458523	0.861155888186682	0.9834401087518349	0.1141186998107919	0.02860674526963683	0.02907681544094167	0.0629207843473176	0.1158556020144923	0.6354222138290566	0.3532703641401596	0.01057912622063186	0.09960407572376537	0.130279059356784	0.1119534960478053	0.9890042649812104	0.9872923877945933	0.01065055535329221	0.0142543755700601	0.03562313357443154	0.9690707784658946	0.06061167386320077	0.05446835626151787	0.04574632031391266	0.895498770922421	0.8230437835709147	0.1907010571424492	0.5424175707946868	0.5048845058209197	0.4959006539880546	0.6213346042619682	0.4432883644964971	0.3992077203017029	0.5085276270087687	0.559465963037323	0.5319811964877093	0.6341730801911178	0.8685542851152642	0.4857880881597094	0.3184880903051751	0.3433296458269252	0.3162641896578787	0.3448745931236302	0.449956313774753	0.5645807768925111	0.7535887919324539	0.7121212990108555	0.7374614509461965	0.9987936989651511	0.9942562492407793	0.9981475081413307	0.8667601305412183	0.7344615462377787	0.4271171433529138	0.0144424611080491	0.01084350264887049	0.01105664889100655	0.0106402398709148	0.6860627509548073	0.4319564111777079	0.38740171476388	0.01120074105561755	0.01055605128103602	0.01025779269854486	0.3403750304395821	0.3736387747387397	0.02078830583968938	0.2716101148977726	0.9907413778910944	0.9997896437105885	0.05938367584039839	0.04543949312959899	0.03529679071557951	0.18857502808956	0.3187596376720462	0.05698483656369322	0.1687567287717087	0.5794480036352123	0.5419063521780666	0.8894710799364088	0.5017374959376547	0.4412439202258193	0.6039968246935435	0.5968041891334719	0.5193649968489169	0.9999680576567644	0.01062052145894758	0.01004366984372443	0.9999591702037156	0.9999472530347444	0.9999104796761887	0.01000479646283209	0.01001062104102421	0.01000473143997367	0.9263672281959976	0.9999659091580103	0.2907303689487167	0.01001366428368798	0.01001547487423129	0.0100138878605066	0.0100067968682657	0.9159982622622844	0.9997313696219661	0.01007203465121064	0.01013422904322816	0.01004095059363483	0.01002581656100095	0.9999896682850375	0.9999914963357256	0.01016744047749712	0.01013608198842791	0.02616449235386665	0.9999760750098001	0.03931111467833021	0.03600018970524302	0.02999202329432997	0.9653571214726082	0.9273208735604349	0.2570534455200625	0.571461946672611	0.5040163756110685	0.4981961496278998	0.5791614831363768	0.4497050607553431	0.4124060897494068	0.5017520505429314	0.5411662645934719	0.525816861391172	0.01000027048807718	0.640709085494457	0.01000055081246378	0.9999997336061724	0.9999991777896331	0.9999996849545699	0.001646218674780742	-0.002684410118617471	-0.02745815084958004	-0.188732537565924	-1.051387261301753	0.05224675244111381	-0.0346593480011117	-0.00874582158911426	0.0004597458647697534	0.002749084339902385	-0.0002003788786002852	2.923669925123912e-05	-7.350875194683911e-05	-0.01489796668081167	0.006100407136765718	0.006891026437441009	3.792776604081146e-05	-1.12104534735593e-05	-5.089449179197412e-05	2.092658875918366e-05	0.0986399784156249	0.2065952019650548	-0.002439292745001671
1.798809523809524	0.756630199877865	0.472905998855277	0.206376699333982	0.6150964123770609	0.6450331386125209	0.626519951797994	0.3527067629361895	0.3472757130777264	0.3521376914959793	0.9181759993936067	0.6710100587932039	0.2672295590846183	0.3281511101481333	0.3360519805295077	0.1334890148148918	0.1338809849253509	0.4112938538402177	0.4887039582359776	0.5617330313225346	0.1055640903166726	0.04341878844092915	0.02875799070094423	0.1517578953187609	0.163395519477158	0.5585646549176904	0.6609294389334126	0.4599522800196672	0.352665390493584	0.05919793064472261	0.05274393576458507	0.04529116710455165	0.1885122784753385	0.2532612461096162	0.03233675603724896	0.08592004935106418	0.6713972934332483	0.5963839237878483	0.9322374168174908	0.4981897032873928	0.368760657198257	0.7137347676456997	0.6614830996285733	0.5281544797392518	0.9989762383003052	0.2617828724692818	0.01263506308090221	0.998428468126238	0.9974547416423563	0.9745441488861901	0.1302453056114763	0.1028208438070247	0.1064798693715012	0.9055409288974139	0.9931452320460289	0.1265762319488645	0.01348655204142416	0.01960323712653336	0.03618182804789239	0.09912243160517198	0.6832373350953511	0.3967560504180966	0.01084769879115475	0.09373853769105688	0.03385469668228289	0.02986901993380599	0.9954503091323326	0.9654907984184143	0.01030851820028184	0.0150071225053562	0.01940615021991718	0.987231276784315	0.04008435820304043	0.03649451600085739	0.03093719530867019	0.9371527603537354	0.886036647513066	0.226568583875667	0.5732199712149957	0.4952850527756223	0.4885652686840705	0.6063225771089582	0.4392780461265173	0.3963272860800119	0.5029322081821358	0.5622536757100959	0.5346004341684588	0.6266822286493453	0.5162276445809691	0.3647561454927029	0.3472848208261359	0.3949793504793914	0.3771817965607449	0.9989248331852147	0.5071380507631089	0.01082164208052279	0.5624042037799023	0.6590903524690336	0.621473848670172	0.01105079983373327	0.01079746937499072	0.01099862328927191	0.9955618912931344	0.6046786850989911	0.1927942335202984	0.5448965470287501	0.5921265197329357	0.1901248896399937	0.08106156437796629	0.2060585575657863	0.5493374466482251	0.798921294216838	0.1127103662338995	0.02564986753912061	0.01040680243268557	0.01514214812106042	0.02295387198527623	0.9991485879382528	0.9982072473077102	0.1860375653572998	0.01008336377867297	0.01659728447941376	0.01550243275413561	0.01368657963239877	0.2377329399756198	0.2556864289900082	0.01532965837690306	0.01904892724499199	0.7942551078637956	0.6682827555573599	0.9944766099627507	0.4980832511790284	0.2917474376512694	0.8587381569610201	0.7599588451690921	0.5371411130941753	0.9999740402043867	0.2035846479887674	0.01431873049571321	0.9999506310281939	0.9999259468837881	0.9917372134906788	0.1797657238234097	0.1317461120455272	0.145495725592773	0.9447149564198443	0.9999408343044986	0.02461571674446476	0.01166658800150594	0.02204307609759219	0.04064120772983296	0.1350781085505922	0.5977357493932492	0.01026223641136538	0.01129721726997376	0.1327554545216029	0.01143524045980025	0.01075026339519041	0.9999587383502987	0.9253097543252496	0.01030045484385765	0.01760379256336002	0.01116603951026598	0.999951444984992	0.0330102070421204	0.03037136199382215	0.02645063454180262	0.9674071270295324	0.9336572717682904	0.2404993947929356	0.6040356983180976	0.4828262426559997	0.4779620452358796	0.6037750895910714	0.4308840735825576	0.3868422015161448	0.498299330909972	0.5740908107086329	0.5410070029235812	0.9999966058942471	0.1522669751297356	0.4573288988855484	0.01000032343178544	0.01000141803597098	0.06979068040188383	-0.0002292650101943078	-0.4161632642702367	-0.1754370211697633	0.06544480894343084	1.101521567044353	0.5725931914241777	-0.5057820108601785	0.004559586076754828	-0.0002939617657128158	-0.001333014285763653	0.000105750479134997	-2.341150071952685e-05	0.0001855367110962167	0.03351164764342509	-0.01947503188981445	-0.005973490973022351	1.125724832674167e-06	-2.523774339445714e-06	2.258436405879296e-05	-1.716516701256118e-05	-0.1958501425477445	-0.2425850574195113	0.06652494556108085
1.816190476190476	0.6794838899035524	0.3492588206944384	0.1977521758039748	0.5168080105704386	0.5526336394391942	0.4895476518986754	0.3527637921640285	0.3492688506521643	0.352403224450698	0.9722992264235439	0.4995122917772886	0.1169037879567721	0.3600012496782033	0.4845473388232834	0.3272058346807651	0.1206013094519859	0.3715044964424709	0.3717683193352806	0.7514013545157556	0.1970205435498414	0.1022329656795453	0.1231547488124388	0.01272271219675775	0.0152496386831756	0.6386029199129437	0.6698470079661906	0.4505128051354491	0.3526166872636502	0.01906130705304155	0.01871868600932131	0.01742112789269606	0.3282522413520172	0.3197826647956868	0.01078752263314561	0.01470794460831037	0.7378536756486154	0.6399814815590632	0.9758979266619728	0.4921568324666157	0.3120939969736661	0.7839166122450493	0.7095460694216784	0.5290021307893213	0.9995394480806512	0.236971800745326	0.0127701394513021	0.9992874973720199	0.9988483523951782	0.9634866241018087	0.1250251373958506	0.09386032728161116	0.1019141935628542	0.9343100463128806	0.9969690708428139	0.01003343007656399	0.01229820223121816	0.01877821009580466	0.0323748265736888	0.09488248546965627	0.6538418255454538	0.0499015540253514	0.01091145645247515	0.09445937396563747	0.03036737911299217	0.01704784417325755	0.9979868682470565	0.9568620162281086	0.01022514748073891	0.01504545816650631	0.01065269457343959	0.9943841408655465	0.02740338194478377	0.02530714099694111	0.02234220803595936	0.9560851496969632	0.9206963854344085	0.2853279515626322	0.5896022039405802	0.4933325990079382	0.4884529572934314	0.5946559809191961	0.438537726331145	0.3988002606871771	0.4999839351763858	0.5584093508618591	0.5341368391864486	0.9296055207678423	0.5062054725852613	0.4563916950514654	0.3480347859280665	0.04817326441523376	0.3799548769107365	0.01070247207371499	0.02524314854288941	0.5420186999227976	0.3887173480481073	0.3245666922253578	0.1989178627981761	0.9988363819638081	0.9986992722372474	0.9986611332623729	0.9950726410941458	0.1833168614841823	0.01056382550189595	0.01155788680688071	0.3290752989424374	0.5888645424373899	0.1331159954676709	0.6280153096245031	0.01219756639306884	0.8468333855643976	0.3170640008219361	0.2030584283152181	0.2903431020870815	0.01025351909465037	0.01023004427614348	0.01729395658087141	0.08874760120039528	0.9557084175125333	0.9996452192411871	0.01130038627773241	0.01110861035112525	0.01086229243232597	0.5528104829420348	0.4840434537871255	0.0110735851338446	0.01530597944937974	0.7114057247458012	0.6343645469576058	0.994207775515245	0.4789312955325082	0.3120576415338707	0.7323558549767347	0.6774961891728052	0.5160576350492887	0.9999805498995585	0.2010134917083814	0.01010572452498944	0.999965400985289	0.9999484858974571	0.9175918907475739	0.01005082437786713	0.01010745382934808	0.01002920383879961	0.9639825623396621	0.9999614822274482	0.01004181319574152	0.01003928494504428	0.01003783851507693	0.01005280370519475	0.01004323472248184	0.7681203717120271	0.01026141317617114	0.01017576375007102	0.01479712893093865	0.04147987273763858	0.01270028141170566	0.9999755741959911	0.9998480354705227	0.01003027316565861	0.01011411584564819	0.01006845643169947	0.9999674906084881	0.016772228578816	0.01588703592220021	0.01456475362729293	0.9739143136564817	0.9608971956966059	0.3994897140617966	0.588197098786618	0.5082228619900355	0.5055760395383273	0.5601162037037554	0.4514546486734279	0.4223698408763518	0.4987161524342127	0.5259844840705488	0.5214751181664319	0.999996855226909	0.99998560131584	0.4278575954290949	0.9999982365417659	0.01001822387289417	0.9999951210541157	0.001301632493148947	0.2773308423501493	0.3195023097008927	-0.3768409050784066	-2.305344668393444	0.3145758297129668	0.9246333390374558	-0.009102009187959273	0.0004404752169657504	0.002349466013775632	2.090235610010068e-05	-2.388846958258077e-05	-0.0005985986951890859	-0.08425797574435497	0.04830262420600172	0.01258785856140199	2.64761722650943e-05	-2.879479514124635e-05	-3.679697809995216e-05	-2.682005508300763e-05	0.423572003339253	0.5309180974780341	-0.2548164291745045
1.833571428571428	0.4525462046796415	0.2990831721222303	0.5142614465643605	0.4790483350349669	0.4783367789051353	0.4466629997581651	0.3590306753028819	0.3530699544161607	0.3531640552581672	0.9779995103214558	0.6344461120554922	0.4539816758131087	0.3252852307453699	0.2391348905978375	0.2329210567908175	0.03812943456028282	0.5153457524556619	0.5387229711787439	0.5839859489738101	0.3410725243348061	0.1223080794827074	0.2238951401622714	0.4160383923182172	0.4231122745132192	0.3761628710714139	0.4579186284775429	0.6130784319511992	0.3966964100309234	0.03644021110854962	0.03482844616371475	0.0377105817542072	0.4188582223485631	0.3988497505164629	0.01112671305420636	0.02808681069724662	0.7119754276049579	0.6358763139918802	0.9826692426202795	0.497252612772248	0.3558353208898655	0.7353264299562364	0.6316595532330179	0.5068677993480812	0.9998036136580594	0.1066608468872881	0.01037231617539147	0.9996971809921265	0.9995122900979041	0.9999444035343057	0.02250068392020596	0.02518434866053807	0.02707019162731501	0.9392475218254511	0.9987849460257034	0.08871315408369267	0.01029183099988266	0.01112339647686992	0.01309821090495068	0.02540861940549092	0.8227716696742077	0.4460838289023346	0.01017698097238587	0.02664778058880221	0.02274907467635117	0.01013384784541321	0.9999928879132728	0.9999966469687536	0.0100443839257052	0.01066719092167552	0.01010666511913133	0.9997472334612603	0.02454309965693302	0.0228288353853107	0.02022427215739373	0.9588177692385272	0.9245743000180281	0.354050787577014	0.6190935967549198	0.4993250300229571	0.4954235715004418	0.5832131832151185	0.4303681857291415	0.3909569478230315	0.493615734487683	0.5439007013954356	0.5319459512779263	0.8748267215931471	0.5206822833043898	0.6511754016803741	0.6795233609875533	0.06524393110854904	0.3914963446616183	0.4476267421729412	0.4611284641762007	0.747718341561875	0.4977666854066408	0.5069569022920758	0.5787208690873407	0.01214725509633664	0.01112781063079118	0.01132987870703038	0.9658182429153676	0.9970607662501813	0.998942502076083	0.481926995913571	0.04786783787016988	0.01533755956903108	0.01444564737431119	0.556763378188208	0.9944728416755205	0.2810176019436985	0.4945850582400751	0.1347604349086368	0.2789499105484725	0.9996597739335534	0.9996872423730473	0.3001755294866576	0.4210618975775308	0.5630401611598072	0.01044550314767299	0.06261208464577421	0.06066716049918054	0.06400538425934332	0.3814263116350082	0.4005040874592251	0.02079863870201011	0.0494207198362436	0.6764870979472669	0.6284348332643039	0.9724515166612994	0.5168656370916301	0.4294800755936468	0.6737301604486206	0.5105852161905581	0.4767592243003202	0.9999926639223229	0.01001519108681529	0.01000489895209202	0.9999899329755275	0.9999852558770179	0.999925794933491	0.0100011047727604	0.01000252146195391	0.01000107355210696	0.9203929182525131	0.9999909830918191	0.1554715875985901	0.0100034660919491	0.0100036411145387	0.01000330890727194	0.0100015938515907	0.9990863276727155	0.9999379587476103	0.01002059341861537	0.01002931966632537	0.01001050248154363	0.01000599624912966	0.9999969649863881	0.9999972316146483	0.01001407079360244	0.01001904886223211	0.01001347351797865	0.9999931995045507	0.02952870479074217	0.02725177629604724	0.02379030075605447	0.9456235943156112	0.8956752541203816	0.391077935311788	0.6675645928693118	0.4997263610933195	0.4959662133882684	0.5841664747027553	0.4113764887805298	0.3664810535624011	0.4845167100422059	0.5400030315355644	0.5359004744588255	0.7550474640220425	0.2708169519030947	0.9999960768263411	0.6696654741505625	0.09880196192073196	0.0100030651867641	-0.0009040011283904804	-0.122888922318058	-0.7170405055590214	0.2428498879609613	2.620152117021928	0.9673820684968727	-0.4315810203087633	0.004378983146242204	-0.0003983414944260824	-0.001150205144048288	2.858518954250292e-05	-3.721143526125075e-05	-0.0002924006024882569	0.05503749994755045	-0.03600069079401579	-0.000445682848467417	2.313527050553592e-05	8.408352062606785e-06	2.157562357834221e-05	-4.9542640772939e-06	-0.2033075878099599	-0.2633519597503956	0.1334008859627389
1.850952380952381	0.382685405245195	0.6037755654241386	0.728890568314712	0.4968946666443733	0.5357826432002478	0.6333652890347519	0.3147511528967237	0.3467428561537753	0.3511773587317799	0.9467416621446305	0.6973731685773574	0.6865643572837526	0.4660494700396046	0.2602477697803849	0.2498473873552046	0.3272697015418063	0.502666328584043	0.7238918981076141	0.4753271395429656	0.5957320537531789	0.3919971552906021	0.4705829299646538	0.837605208031674	0.7699244191392657	0.2584619073224452	0.337599976474189	0.6458778651913717	0.04991972801010214	0.09929968091987981	0.1029389832024926	0.0904582717742235	0.310883280402022	0.3753169671997973	0.07993285592889729	0.1104359600026539	0.6673905065811144	0.6189648355342184	0.9451219552426297	0.5221329830623843	0.4521901135308531	0.6682478815600353	0.5223494738294493	0.4770111950305212	0.9999066375360334	0.111920798047713	0.01019941845565778	0.9998446858318667	0.9997488585500169	0.7378008136968471	0.1259554126412899	0.01468570530763138	0.01500901218996954	0.9005996606643993	0.9990990998535039	0.1008461520387946	0.01016869849975098	0.01061647805341376	0.0114849471662558	0.01468325749863443	0.8071772789679322	0.6053507540865577	0.0100827263749891	0.01464162707987637	0.01019447965873663	0.02841899333618368	0.9934335275850362	0.8590902948234118	0.01002909157981073	0.01038743908238077	0.01006709477224683	0.9834912982102658	0.03685550616672686	0.03345387807489725	0.02871712905760394	0.9302765467548533	0.8745941571012041	0.4305585991862256	0.6474272755132598	0.4998291935705106	0.4960152196443361	0.5800340979425205	0.4206578673367427	0.3774972682337133	0.4877117678652003	0.5407888016647822	0.5338950138924565	0.8533862889076661	0.4740885502931764	0.9025673582067762	0.4381168519733371	0.06807225065929347	0.1264006560718695	0.1116242001469663	0.9982459055945373	0.998976021140733	0.485627800004686	0.5887238917090915	0.8293496469139556	0.8531631613241666	0.9771640276620411	0.9919593962024598	0.8845027756085535	0.1948568589235884	0.2823263104080448	0.4543318744972159	0.5804914521405089	0.6710809539634492	0.9968945486199496	0.461808601832067	0.3464385494248309	0.6799106565641175	0.9944132162536971	0.9988471110200619	0.9990342178935241	0.8742048739971954	0.6214246253468885	0.02710658454905991	0.02315703751345732	0.9238305425474587	0.01030496040670627	0.1513181652269338	0.1642704523630772	0.1257930673270816	0.1756349890982614	0.3536347795414072	0.1687323222614757	0.2055647222869716	0.5999348089689494	0.5854727226462786	0.8614864376744983	0.550066355317928	0.5575219721853678	0.5768999360174262	0.4262234545611364	0.4486070553217611	0.9999768927368377	0.2676504901195135	0.01002693487152729	0.9999192192210252	0.999865457848524	0.01055284772970279	0.3013550364766605	0.01016333312269277	0.01006895609353467	0.8301815151040191	0.9986355048101684	0.01001089069545229	0.01001632812091974	0.01001700854134555	0.01002098812262871	0.0100392544953879	0.5046609125294369	0.01007793642059243	0.01006032424766443	0.01092236138825194	0.01528792558580362	0.0532087781956475	0.9757101898033256	0.4793171610041551	0.01001823548261056	0.01007584231200321	0.01004672400236961	0.9393223290920318	0.0439924753341145	0.03927833753295912	0.03317375590441714	0.8762063949877515	0.7912712983652564	0.5748865120238933	0.6434502916850942	0.5034280676243064	0.5000528493359885	0.5634531179715762	0.4303869712278252	0.3899783208895168	0.4874063987309524	0.5327050296545204	0.5299499594333802	0.9993913803428994	0.838951181819077	0.9999976811063601	0.01000993256282096	0.01000221990907866	0.2086623058054082	0.002195963799058561	0.5635512062570813	0.7032958052560363	-0.4610612287516347	-2.546337531855072	-0.7089285710014306	1.510358389685966	-0.008522768718390019	0.0006139249107814196	0.002591482863597879	-0.0002936830049261571	7.694445998867429e-05	0.000883915442397686	0.05500437938618413	-0.03060350102247189	0.01167671348629945	-6.099078702797142e-05	5.175736905391027e-06	-3.706450730880838e-05	-8.55457771951133e-05	0.4132549863719149	0.5352868293562357	-0.2745259316656625
1.868333333333333	0.2177069077624969	0.5843271658430014	0.6909176793317171	0.5694720245914706	0.5668264092509794	0.5931942461495856	0.7296047893453036	0.7681171089383947	0.7731594900255118	0.962676329801309	0.6702527419712488	0.3917351735769929	0.2486764814180318	0.3235670737323188	0.4677578406208099	0.4223593770012126	0.5432787384364904	0.5315250081001575	0.6402873818650417	0.6746956751083522	0.3783828359259683	0.665087344806633	0.9144193097627863	0.8318944768712486	0.05203456262423888	0.2782660714110581	0.6619604708487501	0.2687205757716499	0.06082905648934084	0.06553038148204804	0.05352328669292931	0.4721349683340743	0.4643795208790684	0.0697004310541179	0.08025750636398249	0.684794576510555	0.6316588799024176	0.9519446397058589	0.5354954542458897	0.4608200936835795	0.6977000168842963	0.5331596791992788	0.4667129721348293	0.9999500710669589	0.1088065735747154	0.01002319826943773	0.9998246923581791	0.9435041390985012	0.2665631726577457	0.1257516010900148	0.01067712881989173	0.01065194291417182	0.8727834700928589	0.9990927011683458	0.01236666415882423	0.01006683541539502	0.01005313279893088	0.01022708886141417	0.01061522733818867	0.6361810991615875	0.1879642249220587	0.01009855573741932	0.01047044803801084	0.01137239707459409	0.01003493425480674	0.9916799637927367	0.8228034344690479	0.01001118400778772	0.01004567883308574	0.01001713305378755	0.9789996747710181	0.04420447795687399	0.03993726820541912	0.03356930709535224	0.9031794297610787	0.8333860345231923	0.5073586388578873	0.6574009124813637	0.5148539214532607	0.5104726673568967	0.5593499477034903	0.4215670513995494	0.3786616936101523	0.4824977416445806	0.508657465069829	0.5239186122942991	0.5336642042565667	0.6927422637246554	0.5556697772886035	0.3676786578411645	0.08079434520152623	0.1124667039249018	0.1939918393973729	0.3564157569622296	0.4989083402749834	0.6676835941430702	0.5799227935345949	0.4402396851051523	0.9992145091541882	0.9989722320813261	0.9991357669923172	0.999121163398961	0.8705451965246825	0.1744667276911599	0.02416647064821744	0.2501019906679146	0.5199152834236326	0.16267682865474	0.6173629525835092	0.4414310148614488	0.77105631793608	0.5837468627472425	0.04549734308001497	0.6547817810853958	0.9988600513919748	0.9989887080198282	0.0113195057451805	0.3955819288209584	0.5502651738388975	0.5439022944210177	0.01036262461138291	0.01031996926841883	0.01024042119563971	0.7632747590828243	0.5933783547004584	0.01017070613341419	0.01098329184050312	0.7453687277708889	0.6674524289526624	0.9989359211999279	0.5358742351590583	0.4115071336032712	0.7861062353613774	0.5963996163694377	0.4681191090599625	0.9468416499315191	0.01002564577050227	0.0100173001283141	0.9996315109550804	0.8561951729188242	0.01006508382743713	0.01523144488795653	0.01009467142735462	0.01002482634626282	0.8613120654403861	0.9993310212637957	0.01013472596497884	0.01085460788431684	0.01047461044490222	0.01014177188588547	0.01005910474862779	0.5293858759013281	0.02522223915865548	0.01400320787278017	0.01058499913954906	0.01014773754231117	0.0109953522801261	0.9999150017916146	0.9999326036766816	0.01314957344195213	0.01060858167748044	0.01004991593094938	0.9993561748139987	0.04686475351527952	0.04242899368843464	0.03532116159660906	0.8853787516827052	0.8056435541141055	0.5486893927234877	0.6727433657371067	0.5346426997648563	0.5295068617946537	0.5341178896655289	0.4199561623100863	0.3773664552518289	0.4749011564018445	0.4643819298154767	0.5105212329265753	0.01000112222696844	0.7402596266582591	0.01000087198586262	0.4747793928463617	0.1457984448476536	0.04471842988386068	-0.0009694348795802245	-0.3077204828304854	-0.6314875608823763	0.09874467561210004	1.570676651455919	0.8004278484393437	-1.442900846291369	0.004352435012396228	-0.000163067644663163	-0.001292435933714412	0.0001456887130149844	-4.568916882271876e-05	-0.0003513309326734349	-0.02173836233669471	0.002229058106743012	0.008740373772190226	-5.184547736473063e-06	4.366316657226659e-06	2.15151991539694e-05	2.894181742896579e-05	-0.1946155436479962	-0.2508121974512675	0.09736444392145874
1.885714285714286	0.3693244017714195	0.578700626695863	0.6779159289476533	0.5538021175836435	0.5615035359028477	0.5903481520008421	0.8521221346307236	0.885595264394095	0.8875248223759687	0.9015168039989753	0.6433035866295821	0.2564305940109751	0.2644147203825349	0.4514206201529991	0.6096242221911652	0.4309032314011197	0.5427984310401428	0.4836372188515359	0.6993877453126164	0.7009410947973752	0.3771965335470275	0.7194231127993377	0.8888728582795465	0.8474695034059742	0.2859692228446047	0.4493000443883746	0.6883620172308794	0.3438971625957519	0.08654196458444496	0.0859254324389519	0.06479239439891211	0.5271737067620937	0.4856591430854309	0.0240346063607234	0.0860772021111848	0.6945205096303119	0.6378467737204871	0.9358763138044502	0.5235955350288952	0.4335481440692178	0.7037837367063897	0.5372497540507143	0.4681988161980285	0.8152400625853373	0.01031206216040965	0.01024145150015138	0.9993826705038408	0.9212580641782205	0.1773609902882854	0.01001826694260205	0.01045853773700728	0.01038467837309671	0.8490974578948796	0.9991473683037568	0.1726425159917696	0.0156974599378724	0.01374932923009515	0.01065489377280338	0.01045014922195867	0.5724635225510044	0.3738186780987195	0.03804489634486187	0.01892567023078679	0.01502905747645093	0.194299506485262	0.9982700957828916	0.9664044626540924	0.03265560073107104	0.01468547526984127	0.01042959361149893	0.9954604596847026	0.04917878157591852	0.04400883110774648	0.03653412945532375	0.8825315098072167	0.7967530978930319	0.57577949168978	0.6560200505713316	0.5227024125664389	0.5192833522201782	0.5371082862350628	0.4302340135506009	0.3935681682974491	0.4783258741163091	0.4838632825742524	0.5151398862637195	0.4388922967662698	0.4982824197853739	0.4483656894286738	0.3345637664541938	0.2362383955050526	0.02618842842473518	0.6999610629431668	0.997933501548011	0.9989164212230722	0.3533508343370605	0.5376932764641567	0.8623948430233815	0.8865495160469454	0.9932321688996513	0.9970244003420003	0.6620847225310951	0.1474564364720071	0.2213618480537022	0.645369805230079	0.953867921974287	0.9959815365385802	0.998438255970906	0.4137451830794413	0.437364982054035	0.6889844585525623	0.9985392485714486	0.9991528739815241	0.9993917976267332	0.6906383391435437	0.5910398788921496	0.8080939276615745	0.5759411936805798	0.992500879018424	0.01038679412550454	0.2206832468408416	0.2202503916013309	0.1585369482536189	0.1423553900467728	0.322003908956271	0.06222448290477051	0.223521581857677	0.6094367632030212	0.589861153269579	0.7995896346923358	0.4986700062034643	0.4666962900494838	0.5591908838633654	0.4261739087615348	0.4639252730023603	0.3921613586298148	0.03100713780146356	0.01050765112373606	0.9984859605190488	0.9994360214039295	0.2742665166853842	0.02105132612549542	0.01020347834194908	0.01005436941121524	0.7884053505442354	0.9988243082697037	0.445287295886265	0.02200345399610343	0.01792326597924713	0.01107091378567472	0.0102005268888544	0.518537139640924	0.9889544424634327	0.07115649622340661	0.02951024586922563	0.02297225993798167	0.5384338374517194	0.9997486257032321	0.9998482578766279	0.05920925246257013	0.01997099280734586	0.0109236762992577	0.9995097051577978	0.05362340339098653	0.04706988194446798	0.03883706751987635	0.8433934680119648	0.7245247299499805	0.71400863488501	0.6269996455005725	0.5113217994752005	0.5115713028366792	0.5175422036626381	0.4553973946391192	0.4327115785653473	0.4801524608150479	0.4910547873928692	0.5137278285660453	0.9999996066899005	0.0100003863265063	0.9999996970269693	0.01000011860384085	0.3961541376338124	0.01000026900602827	-0.0004545133892653121	0.2587538400244204	0.3013410135062527	-0.02817990940791851	-1.180185624217104	-0.7718535653781664	1.246395860522164	-0.008012637579789452	0.0005369456023173923	0.002802940859676741	2.936329620687435e-06	1.506265351194923e-05	-0.0002261251909159833	0.04784294210100002	-0.008462685276530815	3.592437511092948e-05	-1.687774007810185e-05	-6.091297725521562e-06	-3.816149779421801e-05	-0.000234731377297789	0.3551400732745445	0.315556483291491	-0.03589414132519966
1.903095238095238	0.2631428926691621	0.4190761033934748	0.4585544026748278	0.3668067435840944	0.3762473126805297	0.395968229711282	0.9122036600151575	0.9266548333624218	0.9524556601076399	0.8304488338672544	0.4842034181999212	0.2511308561928945	0.2512512453462729	0.4841201703366567	0.641029775958317	0.3705473911344633	0.5530550375254791	0.4927551847575257	0.6024628566179285	0.4679038551239959	0.3574824641006119	0.4758258541477482	0.7845006667968685	0.749282876428973	0.2891619432762321	0.339151169054787	0.652733139113861	0.5396974716751344	0.0956763507110982	0.09384380782835951	0.068632963058819	0.2953758172564765	0.3506271651748492	0.04011442180931917	0.15658456589857	0.638651754021974	0.5929225815697144	0.8840613867721685	0.4913620491902553	0.4097560899215179	0.641488243836296	0.5226551948529017	0.48881084907589	0.7253117255893838	0.02270859497025534	0.01039273129575277	0.9992785398959004	0.9673448472297376	0.1313800428417924	0.02745690311186046	0.01065736468261774	0.01039156930573214	0.8147325325337291	0.9991256676083683	0.1406125569679155	0.01016336022444397	0.01020167202119327	0.01054978402345117	0.01034580918424334	0.5536918435605248	0.5554922859774789	0.01402473490001195	0.02443132986404462	0.0156457514153241	0.2014116113321298	0.9991705949790128	0.9860931605897583	0.0107699207155898	0.01223685492283194	0.01062655967835332	0.9969241120120624	0.0613733528828109	0.0556801814388277	0.04517495607031229	0.8338826989480113	0.7347049980753467	0.5866613150938292	0.6262056175887195	0.5325331723943409	0.5291733797492727	0.5164589830014443	0.4495854879070892	0.4222945402760206	0.4823476589495629	0.4546708978445224	0.5006424790851817	0.3913585167566408	0.4767247655852561	0.419469359079126	0.1208129353355768	0.1711433879204501	0.1538379367906908	0.01033492569487386	0.01091987667536659	0.01106732805146778	0.2343160832116692	0.1621854345964388	0.02752539019914304	0.9976371177641061	0.9367198613610792	0.998274921486869	0.8361692874992516	0.4778255814084549	0.2453618959685642	0.06585873215087265	0.2668334999843631	0.4885971799647247	0.01077707478195958	0.618284217055868	0.4915159105974266	0.492536037612589	0.01089216294330496	0.01043478274549427	0.01077236251847451	0.660907751942433	0.6733015303346127	0.01580238976697412	0.1166465749640577	0.4461211933479034	0.9993837119085535	0.03876347066408309	0.03591993434017787	0.02972393141202911	0.1778324443517823	0.2512228936169232	0.03084765556241033	0.1433996024084842	0.5946135626952085	0.5468911760858089	0.875470495629993	0.4560909491490928	0.3548482876217877	0.6219012962881217	0.5710277105372971	0.5247597682820749	0.7614945620707895	0.01957929354965771	0.01034030538823761	0.999615538738936	0.9996071697363659	0.02341954809463451	0.03374305811506788	0.01091812586823738	0.01056029152943275	0.7824816098333666	0.9993252802456636	0.01005639876588192	0.01015300171341277	0.01012216383338332	0.01026494754721771	0.01039217876431736	0.5566458387814233	0.4517237579439513	0.01027382843287664	0.0219268335133146	0.01138019867963129	0.01010645291556096	0.9998452686651903	0.9999238684388089	0.01005110621204056	0.01072415831534053	0.01048284879319385	0.9971963424896324	0.07178198877380913	0.06589658320644562	0.05247573434319169	0.7685888456738056	0.6672050390215482	0.5298727307611283	0.586506269753258	0.5537069412956168	0.5487164964627591	0.4932002827574369	0.4682438000056239	0.4483722591812449	0.488387609529902	0.4075018076707606	0.4785342691121721	0.01000510168951026	0.6807411182343728	0.01000105771265661	0.04577082080920964	0.01000396349164294	0.2869137195096951	1.675795178237382e-05	0.1487912990731187	0.2317860424970854	-0.1841734623135714	0.3736437872057219	0.08118227483982333	-0.3908375152776773	0.003824541614009251	-0.0001540863936636387	-0.001437731143612379	2.584478329364787e-06	-1.328461502024876e-05	2.885163142922149e-05	-0.02219028678578628	0.003242986363976438	0.0007228111855057324	-1.843157293468305e-06	1.470859631285971e-05	1.168610688579053e-05	0.0001183539114829734	-0.1132414593095566	0.06166564192602564	-0.1346820161285998
1.92047619047619	0.3447990653727241	0.3884000640626828	0.4061691819826719	0.3717262848439546	0.3714530174225773	0.3869131005922916	0.9699174442399628	0.9444203397048585	0.9784535832019431	0.7892435024413212	0.3644111695931225	0.1681833887877437	0.3612151891103573	0.5046599126077324	0.6518005467583432	0.364381063296219	0.5051807010099904	0.3522755855873305	0.6636088715814431	0.4104618213459958	0.3562739140125753	0.4139522509154338	0.5257157589669298	0.5231599092476298	0.2830792107615153	0.1944393052309729	0.6360559319625392	0.6323751652625884	0.1236810805800904	0.1218314144167674	0.1050086451534315	0.206332910635635	0.2862706224686503	0.03090879662795738	0.1553300268892826	0.604827866249243	0.5595702694625811	0.8761432971742671	0.4681360411749502	0.3717025756750783	0.6231866740596633	0.5710117216758398	0.5174276451077313	0.5653078586121747	0.01346389644768518	0.01021686874103574	0.9994120977935819	0.9853016016383156	0.01655253011191601	0.0233650632004175	0.01062143690503435	0.01038328275379281	0.7670707758902928	0.9993665535632755	0.3178645274751059	0.06014118646230444	0.0422522955253731	0.010522878264514	0.01030379572557185	0.5580631498386097	0.5938779010513002	0.2190524140356702	0.01679730065581209	0.01055086529413355	0.1127582197170926	0.999583222252864	0.9938835775387088	0.2056453662109176	0.03246132024934791	0.01038533410219301	0.9975902032233186	0.08150442232062215	0.07357843456945072	0.05807460593489221	0.7800478271952818	0.6777486274480889	0.5809157619493013	0.5772650776400521	0.5422744897477734	0.5395043269420152	0.4934816150116253	0.4779411533186149	0.4655842430469183	0.4894020717859832	0.4279169967212793	0.4850336732234791	0.2377340231028081	0.4663888219327097	0.0650734038765448	0.07406034785686083	0.04957910226398254	0.1845491172736574	0.9989596241726182	0.9988662489807536	0.9988046997781318	0.556611569304263	0.6877516181955683	0.9703145435200393	0.9991383373966425	0.9989244075389513	0.9988820230618792	0.6202848890807262	0.01069421819817845	0.01754695042438537	0.9988874378997913	0.9993052259327078	0.999590223821044	0.9997310074171836	0.2558360733706699	0.02382726130031069	0.9990519893974759	0.999484700133382	0.9998012777652242	0.9998852549047001	0.01027674773525425	0.01025197815677088	0.7883579563643066	0.2397332512009551	0.9759798554672108	0.01013099523109554	0.293243126335998	0.2928626161122407	0.2499931694102526	0.145493225553615	0.2713736570036156	0.04026745974455994	0.2053128147254289	0.5699072687185401	0.537627672903027	0.8409607364640461	0.4622676925538119	0.3763231439247923	0.5782182674484976	0.5933792617710827	0.5297406008345245	0.0102292307902981	0.01009558765822278	0.01011927067753149	0.9990623969729273	0.9989230140411998	0.0104925537808677	0.01002619061227624	0.01010521034696037	0.01003619844796955	0.6768940192548198	0.9996478024730736	0.9998897726691494	0.136010196399777	0.08929486701125032	0.01102576128927169	0.0101236291243458	0.553782701164975	0.9995951209687947	0.6255801897004319	0.01247727636557123	0.0120525821714084	0.2879105316128259	0.9999389799457686	0.999958691580887	0.5785352798135753	0.06452040889739322	0.01039190051593434	0.9998039904302076	0.09660629072289183	0.08483191370646689	0.06578430919645727	0.7295982450197175	0.618517791500351	0.6840494333249459	0.507871250605342	0.5305998615186255	0.5326484697356101	0.4695273697967424	0.5221985931634183	0.5360556499131344	0.4974751004323678	0.4396950589388116	0.4813626627574583	0.5361644838658297	0.01000332133212563	0.01000179912747025	0.06675762499280001	0.09915392181962136	0.01001229285729354	-8.68235878908423e-05	0.5072166036090795	-0.2456440292387602	0.1613082965911005	1.10541110327201	0.09979369305057526	-1.214580817893233	-0.0073092635952171	0.0001358295457746124	0.002707753681785226	-1.928586342160938e-05	1.887851491949976e-05	-1.014790615511865e-05	0.04377594947773377	-0.007545908106827858	0.00100472918160797	-5.609246740410991e-05	7.046430323337338e-06	-3.412943612942449e-05	-0.000352757919761632	0.2279493585615417	-0.1447235362441684	0.2653907448861952
1.937857142857143	0.3603339618141464	0.3636542721843291	0.366630024130072	0.4449842588147692	0.4225856353980446	0.3791610895556666	0.9983383982504602	0.9600694433283925	0.991423381735977	0.7050896740873641	0.5353216871337216	0.04712102638687372	0.3979273514726716	0.3995406857735053	0.4478871359741561	0.7653498541180065	0.5171047147694415	0.1365316794364088	0.4755309887415968	0.3667739804098237	0.3541102349125373	0.760789339178636	0.4778177071497823	0.4980245303449409	0.3144661841482339	0.3238878985610885	0.5315647665269958	0.6575559029615077	0.1967551108255093	0.1880734300998807	0.1399406724706155	0.137117202089431	0.2236795364864361	0.03655689500805444	0.1595611874892384	0.5952593882364969	0.5478639470394991	0.8681323311948301	0.4451883004575857	0.3449850585426619	0.613347136104257	0.5901213113222835	0.5329425774462675	0.5682379736775973	0.01073324102393653	0.01013765262037923	0.9995073803248806	0.9936654840538144	0.2219337449423234	0.01176062484475491	0.01014689884589847	0.01007134833476398	0.7319397556058593	0.9996239069193114	0.6329687529046159	0.02693860891754352	0.02981061622997206	0.01046203732663122	0.0100956135826156	0.5930492862893947	0.8406332484914089	0.2072713740426357	0.01199271203620763	0.01096683037137527	0.125497963368329	0.9998012344426398	0.9974611672335826	0.1895580167482145	0.03096266221203347	0.01039125370583715	0.9988910567660763	0.08996325825819175	0.08554451555799401	0.06610522874762559	0.704776955898952	0.617175845129076	0.5022700652225875	0.5245754662156942	0.5561891847723666	0.5520962767040409	0.4999146268776051	0.4975158972650812	0.4940331095840701	0.5013885069156578	0.3945066436751289	0.4664001526014339	0.6050194080802347	0.1749466630324009	0.02445520706981143	0.01469646401374645	0.0501736885021113	0.4824426566527606	0.01137813374422554	0.01719093344151413	0.01496632094501703	0.4689159942037146	0.3356239021392456	0.05928173283339956	0.9992291011983584	0.9560932945955358	0.9989950021586438	0.6524946383384069	0.9671602452277456	0.01029373603848765	0.01059719409055087	0.01058292871074564	0.0105696822967685	0.9677904653193508	0.6688080086729876	0.05148650760365104	0.04667001950488271	0.01308350665647189	0.01152593782230657	0.9305562017305764	0.655382730935984	0.7083806513950991	0.01099235717725107	0.4500636295921567	0.2152688958560099	0.9995467586360536	0.1900536273990736	0.1738536079250174	0.1122834869166398	0.09622559225401535	0.1564882615580685	0.03573511886297452	0.143327943168044	0.5962207212271394	0.5394294795982241	0.8730298411259787	0.4123527869655847	0.3017881060448887	0.6195813301362392	0.6106960168852756	0.551318240983852	0.8418118226475183	0.01047788197390632	0.01012405941786483	0.9998895202452296	0.9998645017620119	0.4445024940781411	0.01001917178060034	0.0100656750167202	0.01002381471149614	0.719258059255483	0.9999070744682909	0.6524562654847077	0.01003919101899513	0.01003601083199585	0.01010895687706244	0.01003200986548167	0.6547872766291943	0.9996293702197205	0.01013522116257601	0.01057516163144289	0.01037573265398582	0.02472187405285838	0.9999652732727708	0.999977394154655	0.01003944686125639	0.01081098977201874	0.01037044436791411	0.9998118940914065	0.09124144710451136	0.09207687717684297	0.07017342115035287	0.6078924173924987	0.5528208277667288	0.3425247347445257	0.4841826000555375	0.5851505164485726	0.5763175761641048	0.5212225823753913	0.5018794739351116	0.4969700459365874	0.5137601940641831	0.3383803704159284	0.4401514778736135	0.929336578991554	0.1095272010707478	0.01945669094105921	0.01000042991009506	0.01948384863523904	0.9999963873268556	-9.237924693886782e-05	-0.001666410213995918	0.2251301558893077	-0.15425108604582	-0.2549610546645822	-0.6842075021784129	0.7768838827371298	0.002692424651560303	0.0002221159758905151	-0.001053721919382924	-3.035198615001701e-07	-1.804084436659097e-05	-5.613871939535421e-05	-0.01705905882026567	0.002120105993383267	2.599580102006072e-05	-4.906027423175693e-06	-3.628905448084647e-06	1.623187870938639e-05	0.0002539278663539356	-0.1176801816138417	0.07934782257316475	-0.1385053509654106
1.955238095238095	0.2919917708994956	0.3591244528592215	0.3611097129748654	0.5672048121006554	0.4933698518590214	0.3553355207000661	0.9101351915946628	0.9628369829761223	0.9884079269716916	0.6403632826194483	0.6172779032120513	0.01782324497334725	0.0527483250118	0.3315606141621155	0.4008959014081344	0.8729346280296206	0.5671302803680336	0.05835833869994953	0.3818985810329693	0.3619908674225051	0.3535226052704032	0.8607137526860629	0.4551293940109704	0.48624428204794	0.03129559977552143	0.3493119989427788	0.4930318063579238	0.6692593734961314	0.2843274026626097	0.2767912003890133	0.2427533347852189	0.1060396185604807	0.1760045619579783	0.03479136108848436	0.186710568770773	0.5822568452519532	0.5333247270249964	0.8638846230324291	0.4175256055709356	0.3029871193164804	0.6031128694834115	0.6129078703183399	0.5489395363210585	0.5695669628208425	0.01053881671326856	0.01008484659203291	0.9997515455221165	0.9970724703089762	0.2806880656018652	0.01092613423494395	0.01007934027435673	0.01004074333538091	0.7030476837389595	0.9998103219391189	0.6947672051596399	0.3209078205905774	0.113971152204557	0.01003531250136122	0.01003088359309386	0.6395623996269709	0.9279936462563623	0.3239215072487261	0.01058879815639977	0.0100405494016476	0.01000961749230861	0.999899744500968	0.9988793907779839	0.3217415827563304	0.01042929554635678	0.01023563595865644	0.9994355766976745	0.1016965470563834	0.1005057942082143	0.07648871957572032	0.6455291485045984	0.577148166863078	0.4756368239498031	0.5048332917159407	0.5736697052899732	0.5675759894160881	0.5038036761747162	0.5033333617892696	0.5025519620667654	0.5049966620282613	0.3540890286156349	0.4491131864890713	0.7107414292044463	0.4123597936534621	0.01918537041119048	0.2554327329546109	0.01000050035507064	0.6175460392371739	0.7749798501294856	0.9906091796258073	0.9927946213552857	0.8778051829957011	0.8763342524113757	0.895326045379418	0.6711535745771228	0.9877461637772261	0.9720521668602348	0.519648375769731	0.01306396317610457	0.01052977324643887	0.01398259962060465	0.8325974052198233	0.9976818466885571	0.9982464228658174	0.3934912854793286	0.01520075996239803	0.8452367233214053	0.9974904991703711	0.9982594368446046	0.999320932323103	0.01101364159469412	0.01099985849851644	0.01143994581239617	0.2077839989753767	0.9433252840373353	0.01046568899269188	0.5198579853137199	0.5263818812957938	0.5308243033526914	0.1064454508535771	0.1859022474480275	0.03548941437886392	0.2744253558586037	0.5402328650520563	0.5056671561049606	0.8373538284039954	0.402554667647572	0.2799626560234915	0.55759755324056	0.6436082589943908	0.562456124336115	0.01004874586192673	0.01001892207493161	0.01001663899016561	0.9997444787590664	0.9992872674046256	0.01014164425878064	0.01000671225478134	0.01001601599818728	0.01000659638549391	0.6279707760848016	0.999928315527805	0.9999787300766834	0.9995267518274836	0.2998627198831222	0.01013093013440401	0.01001028653421143	0.6604014064386068	0.9999162988900366	0.9996236394588852	0.01012294182085867	0.01004853095767832	0.01002403564498794	0.9999804836077782	0.9999850853238677	0.9999025592970051	0.01970154075963509	0.01006257253211496	0.999908764768947	0.1218264109900311	0.1164126813117286	0.08753634238338934	0.6318320721746605	0.5639792501873055	0.6783363300283216	0.5061953597500001	0.569474292118623	0.5668034852412664	0.4744335839504599	0.5197761261541958	0.5333992439122971	0.4957591444997287	0.3521002050902191	0.4482248474081649	0.5341102780322307	0.9999992968929032	0.01000063932753011	0.7403674010280178	0.01000111527638561	0.01000410568884	0.0001425491303948371	0.3164547842998309	-0.04579747396814475	0.01844784499847533	-0.5140256835543311	-0.7904094580030074	-0.8153235271170538	-0.005321369369212955	-0.0008667182129254645	0.001951262961922493	-2.684027063115885e-05	5.473446292253065e-05	0.0001268681686224284	0.04165459552311214	-0.01094322554938766	0.002320143461066789	-1.930787729915599e-05	8.134182820810188e-06	-3.178513360509532e-05	-0.0003059152033383565	0.2467646964792578	-0.1177586337656927	0.1264079617741259
1.972619047619048	0.2683164362797849	0.351091538096192	0.352186890927796	0.6132892963008958	0.5561807715069096	0.479699573475742	0.8872105576963563	0.7005174138949077	0.9581966180157772	0.5811555601604419	0.357681963148411	0.1202355057130725	0.09063345865664997	0.3021683145313291	0.3626788603654467	0.5424886758786712	0.546682324169412	0.1768180466357909	0.3802123958428271	0.3538208492475728	0.3523618690766898	0.5370445047776677	0.2713971172310481	0.2793316428733934	0.09276653099406187	0.3336755863722899	0.4707321070662795	0.6728840130296991	0.3882772949275306	0.3853055301111322	0.3506902566532834	0.09099686259193054	0.1659482181299321	0.03870610355269064	0.2342123999344803	0.5735871098580695	0.5245693534303626	0.860189190310285	0.3751705789015574	0.2590428834546117	0.5833538741178015	0.63124190680008	0.5644833040040349	0.5952850207624528	0.1068071028170344	0.03965740620574321	0.9336978997231306	0.9107943869507752	0.2935999342326959	0.04548711948978176	0.07016789373332362	0.03655233466402615	0.6856842061069586	0.9044883956695173	0.6669191839227053	0.4191794488056733	0.1603339968797854	0.06706109743485306	0.04518301121342275	0.5837811507165133	0.7749709261406652	0.4554611211154176	0.1616688447520074	0.06398441567477739	0.02894543448162934	0.9572216025007824	0.962754681620429	0.3984183711234089	0.1800304555036742	0.07069971117821928	0.8284821948423937	0.1174913422025622	0.1278354781608835	0.09472838513250473	0.5971606323456208	0.5494938472141078	0.4675773148598938	0.4833223057683089	0.5949382240911194	0.586950150832342	0.511648379157884	0.5135001020013112	0.5163661639129354	0.5155467628488369	0.2761548821126695	0.4111062758957453	0.3523906987191551	0.5509779237992277	0.3175212183661383	0.2708582670583771	0.0100068616645071	0.2564526893827573	0.010345309559999	0.01049421474294628	0.01050158343600332	0.5297922431455863	0.4530362932586293	0.3480739488088331	0.9993106433957475	0.2935501409967228	0.9219149659210014	0.5408397058406119	0.2797235925597432	0.2173440781942656	0.1437182153482114	0.01115063736027789	0.01089637649211977	0.01095539622728882	0.5883147934873139	0.3215761838296368	0.1492282991353337	0.01040362450364088	0.01020906904998941	0.01032441646482271	0.2414365641184331	0.2309245936664572	0.156795414548321	0.3662377317617581	0.2156815662960784	0.999112873458315	0.4051156166288952	0.3984158883192414	0.3400514071374269	0.07625480557561656	0.1478854019203575	0.0421509240463863	0.2516196240184256	0.5753146163424884	0.5206603806847027	0.8602825733385635	0.3289432180363305	0.2206397121721664	0.5744491537465619	0.6441012520274572	0.5806628273320846	0.9586462481816675	0.199550848507324	0.06549934827699265	0.8077793682235622	0.7407760476220629	0.4720627013167861	0.07376271269452336	0.1217626092738656	0.05752472925714194	0.6943714047490002	0.7433376538447344	0.4626302918493587	0.1010062760964382	0.09222726726987199	0.1179771303417438	0.07358399768173116	0.4800228334187752	0.478860835556311	0.1911191061685686	0.3288661299884529	0.1107055185874294	0.04391465928834501	0.8865622407437361	0.902491316040438	0.05406028737231768	0.3725421423878955	0.1314106444709492	0.5327407451480662	0.1236478495947597	0.1493134267623027	0.1078083534238597	0.5271817110625103	0.5133979135596528	0.3450448611296045	0.4449667871138072	0.6262241637268665	0.6139636205109382	0.5274051253478564	0.5246258060657322	0.5276328715855149	0.5378519632833785	0.1808793765911134	0.3577937327142082	0.0100072723973558	0.4140708177271497	0.6784503775740717	0.01000117915480538	0.01001112006172359	0.06994930690659945	-0.0001571950377267678	0.02235454536837066	-0.2986521472716016	-0.1422047154799786	1.456656257393056	-0.4226030570810352	-0.145200081052595	0.002393771714506669	0.000444222449964196	-0.0008099297490391557	1.340845661496316e-05	-1.917768466319666e-05	-5.754045009781959e-05	-2.930611094529833e-05	-2.684847514342577e-06	-2.737125473823844e-05	-1.471451592430707e-06	-1.355108188094733e-05	1.757842967955939e-05	0.0002001257052011494	-0.06964434518124074	0.01737309058919964	-0.09407002637246259
1.99	0.3366401927066907	0.353410647671096	0.3537762184143168	0.6649766774808906	0.6111154198451142	0.533184346089876	0.9777333210783227	0.6095073927843078	0.9546532829676352	0.5077289035368282	0.2364694974538135	0.1402970852478649	0.0964114523048008	0.2938101222843385	0.3597881187821833	0.4430429556656265	0.4833335866030709	0.2083157543087462	0.4273581247772346	0.3540384540797748	0.3527978594924226	0.4404360523455439	0.189825264985046	0.1869041232294939	0.103516524740719	0.2528865650321915	0.4831588948175102	0.674437762244304	0.4833555237372507	0.4799547982580781	0.4666620001265506	0.07883626087985091	0.1465856120336242	0.04463283680087043	0.3073877757462589	0.545248664132405	0.5008752914979664	0.8326255104833067	0.3631399746278425	0.2479314105619141	0.5650364985830301	0.6432415417449722	0.5730384779908183	0.8047166192991387	0.1691658621738219	0.06505725035874609	0.8259487809373919	0.7542969350554926	0.4357993669527003	0.05677206413736791	0.09435255492966045	0.04563741271822739	0.6694000604270014	0.8202358227041938	0.6234711725606773	0.2102079304390072	0.1105376560844335	0.1049157896816428	0.05770060016934644	0.5159458608557806	0.624028935560468	0.3042214605474104	0.3065353480487553	0.09216542674941126	0.03727690922687254	0.9250532398968705	0.9357647835672751	0.1729428491180727	0.3775106923565329	0.1498792698029595	0.6504547430287965	0.1332215140855672	0.1592773923303346	0.1159430006846847	0.55551689491349	0.5271012074921113	0.4291044293858678	0.4440900866703521	0.5968472474439087	0.5891606526477733	0.4764304284687793	0.5371767470878531	0.5501715835440409	0.5306447400410387	0.2263487913914955	0.3822818171656264	0.3952173625238475	0.5796088726250825	0.4202484676337268	0.1861647951178912	0.01000791750503491	0.1018865797490238	0.9998923722483779	0.9998395054808806	0.9998229964194604	0.9992122422155576	0.9992192073760529	0.9993234419431778	0.9996489497029502	0.9996364166619166	0.9996360812622263	0.3633485475303752	0.01027859185515089	0.01008968284612365	0.0104350271827336	0.8117676426461583	0.9992988012329169	0.9997703000380538	0.2267245831535811	0.01049711262164507	0.998532797543316	0.9998374817646415	0.9999079351730124	0.9998896584437816	0.01004753840094439	0.0100448133209958	0.01069882844672739	0.01095905469210698	0.9990887101539321	0.01014990267009351	0.7413916057159553	0.7463772981103328	0.832623715512735	0.08296320743123539	0.1424030195197036	0.04777595075142971	0.4539816157391627	0.4620689877252885	0.4426243725030001	0.7516599873783104	0.4059558360204585	0.2815468357391174	0.5232703123632753	0.6603735623144107	0.5717457863952546	0.6390842929767007	0.1167441520478718	0.05970913113132711	0.7307904235474201	0.5976680870253954	0.3904754213213363	0.02679938901931366	0.04602318104452099	0.0244683386600329	0.5973501984660106	0.8455532193484656	0.8885015972027678	0.3393978322406455	0.1651470357510366	0.078803022592576	0.02947663915593805	0.5106482769230687	0.6966791259641805	0.4859542200324353	0.2946194522146052	0.0577343225840423	0.02468489130222531	0.9492769246117215	0.9578637018267788	0.3023382900757907	0.4464519799425799	0.1771871159690813	0.635344561115584	0.154409369766498	0.1829853406459842	0.1319806817066777	0.5565559381086971	0.5252578400759229	0.5666279266057006	0.4098554765133452	0.5507276077365413	0.5513674429170921	0.3589555777312794	0.5822895715677948	0.623931493354773	0.5308459476890398	0.2706725836894731	0.3990292062027642	0.9999989746556338	0.9999986360788957	0.01000112027906749	0.4822428260474739	0.01000263534340191	0.01000049256112607	0.0006362865741041142	0.2403707447076769	0.5591740354705267	-0.0737892009917446	-1.468665370109421	-1.097313573333887	-0.2539161746294714	-0.007059536144260528	-0.001303835357940952	0.002739040134035538	-2.600970993661296e-05	6.71647732325702e-05	0.0001905122682148503	5.832253301922086e-05	-0.0001414023365722018	-2.458223312011895e-05	-5.038175501143335e-05	4.324645456174268e-05	-3.392727333486552e-05	-0.0004496212294141927	0.2403317694940127	-0.02083605981291303	0.2009913519293182
