inDegrees=no
num_controls=115
num_derivatives=0
num_iterations=452
num_multipliers=0
num_parameters=0
num_slacks=0
num_states=92
objective=65643.928019
objective_excitation_effort=65643.928019
solver_duration=3524.783088
status=Solve_Succeeded
success=true
DataType=double
version=3
OpenSimVersion=4.5
endheader
time	/forceset/glut_med1_r/activation	/forceset/glut_med2_r/activation	/forceset/glut_med3_r/activation	/forceset/glut_min1_r/activation	/forceset/glut_min2_r/activation	/forceset/glut_min3_r/activation	/forceset/semimem_r/activation	/forceset/semiten_r/activation	/forceset/bifemlh_r/activation	/forceset/bifemsh_r/activation	/forceset/sar_r/activation	/forceset/add_long_r/activation	/forceset/add_brev_r/activation	/forceset/add_mag1_r/activation	/forceset/add_mag2_r/activation	/forceset/add_mag3_r/activation	/forceset/tfl_r/activation	/forceset/pect_r/activation	/forceset/grac_r/activation	/forceset/glut_max1_r/activation	/forceset/glut_max2_r/activation	/forceset/glut_max3_r/activation	/forceset/iliacus_r/activation	/forceset/psoas_r/activation	/forceset/quad_fem_r/activation	/forceset/gem_r/activation	/forceset/peri_r/activation	/forceset/rect_fem_r/activation	/forceset/vas_med_r/activation	/forceset/vas_int_r/activation	/forceset/vas_lat_r/activation	/forceset/med_gas_r/activation	/forceset/lat_gas_r/activation	/forceset/soleus_r/activation	/forceset/tib_post_r/activation	/forceset/flex_dig_r/activation	/forceset/flex_hal_r/activation	/forceset/tib_ant_r/activation	/forceset/per_brev_r/activation	/forceset/per_long_r/activation	/forceset/per_tert_r/activation	/forceset/ext_dig_r/activation	/forceset/ext_hal_r/activation	/forceset/glut_med1_l/activation	/forceset/glut_med2_l/activation	/forceset/glut_med3_l/activation	/forceset/glut_min1_l/activation	/forceset/glut_min2_l/activation	/forceset/glut_min3_l/activation	/forceset/semimem_l/activation	/forceset/semiten_l/activation	/forceset/bifemlh_l/activation	/forceset/bifemsh_l/activation	/forceset/sar_l/activation	/forceset/add_long_l/activation	/forceset/add_brev_l/activation	/forceset/add_mag1_l/activation	/forceset/add_mag2_l/activation	/forceset/add_mag3_l/activation	/forceset/tfl_l/activation	/forceset/pect_l/activation	/forceset/grac_l/activation	/forceset/glut_max1_l/activation	/forceset/glut_max2_l/activation	/forceset/glut_max3_l/activation	/forceset/iliacus_l/activation	/forceset/psoas_l/activation	/forceset/quad_fem_l/activation	/forceset/gem_l/activation	/forceset/peri_l/activation	/forceset/rect_fem_l/activation	/forceset/vas_med_l/activation	/forceset/vas_int_l/activation	/forceset/vas_lat_l/activation	/forceset/med_gas_l/activation	/forceset/lat_gas_l/activation	/forceset/soleus_l/activation	/forceset/tib_post_l/activation	/forceset/flex_dig_l/activation	/forceset/flex_hal_l/activation	/forceset/tib_ant_l/activation	/forceset/per_brev_l/activation	/forceset/per_long_l/activation	/forceset/per_tert_l/activation	/forceset/ext_dig_l/activation	/forceset/ext_hal_l/activation	/forceset/ercspn_r/activation	/forceset/ercspn_l/activation	/forceset/intobl_r/activation	/forceset/intobl_l/activation	/forceset/extobl_r/activation	/forceset/extobl_l/activation	/forceset/glut_med1_r	/forceset/glut_med2_r	/forceset/glut_med3_r	/forceset/glut_min1_r	/forceset/glut_min2_r	/forceset/glut_min3_r	/forceset/semimem_r	/forceset/semiten_r	/forceset/bifemlh_r	/forceset/bifemsh_r	/forceset/sar_r	/forceset/add_long_r	/forceset/add_brev_r	/forceset/add_mag1_r	/forceset/add_mag2_r	/forceset/add_mag3_r	/forceset/tfl_r	/forceset/pect_r	/forceset/grac_r	/forceset/glut_max1_r	/forceset/glut_max2_r	/forceset/glut_max3_r	/forceset/iliacus_r	/forceset/psoas_r	/forceset/quad_fem_r	/forceset/gem_r	/forceset/peri_r	/forceset/rect_fem_r	/forceset/vas_med_r	/forceset/vas_int_r	/forceset/vas_lat_r	/forceset/med_gas_r	/forceset/lat_gas_r	/forceset/soleus_r	/forceset/tib_post_r	/forceset/flex_dig_r	/forceset/flex_hal_r	/forceset/tib_ant_r	/forceset/per_brev_r	/forceset/per_long_r	/forceset/per_tert_r	/forceset/ext_dig_r	/forceset/ext_hal_r	/forceset/glut_med1_l	/forceset/glut_med2_l	/forceset/glut_med3_l	/forceset/glut_min1_l	/forceset/glut_min2_l	/forceset/glut_min3_l	/forceset/semimem_l	/forceset/semiten_l	/forceset/bifemlh_l	/forceset/bifemsh_l	/forceset/sar_l	/forceset/add_long_l	/forceset/add_brev_l	/forceset/add_mag1_l	/forceset/add_mag2_l	/forceset/add_mag3_l	/forceset/tfl_l	/forceset/pect_l	/forceset/grac_l	/forceset/glut_max1_l	/forceset/glut_max2_l	/forceset/glut_max3_l	/forceset/iliacus_l	/forceset/psoas_l	/forceset/quad_fem_l	/forceset/gem_l	/forceset/peri_l	/forceset/rect_fem_l	/forceset/vas_med_l	/forceset/vas_int_l	/forceset/vas_lat_l	/forceset/med_gas_l	/forceset/lat_gas_l	/forceset/soleus_l	/forceset/tib_post_l	/forceset/flex_dig_l	/forceset/flex_hal_l	/forceset/tib_ant_l	/forceset/per_brev_l	/forceset/per_long_l	/forceset/per_tert_l	/forceset/ext_dig_l	/forceset/ext_hal_l	/forceset/ercspn_r	/forceset/ercspn_l	/forceset/intobl_r	/forceset/intobl_l	/forceset/extobl_r	/forceset/extobl_l	/forceset/knee_exo_device	/forceset/reserve_jointset_ground_pelvis_pelvis_tilt	/forceset/reserve_jointset_ground_pelvis_pelvis_list	/forceset/reserve_jointset_ground_pelvis_pelvis_rotation	/forceset/reserve_jointset_ground_pelvis_pelvis_tx	/forceset/reserve_jointset_ground_pelvis_pelvis_ty	/forceset/reserve_jointset_ground_pelvis_pelvis_tz	/forceset/reserve_jointset_hip_r_hip_flexion_r	/forceset/reserve_jointset_hip_r_hip_adduction_r	/forceset/reserve_jointset_hip_r_hip_rotation_r	/forceset/reserve_jointset_ankle_r_ankle_angle_r	/forceset/reserve_jointset_subtalar_r_subtalar_angle_r	/forceset/reserve_jointset_mtp_r_mtp_angle_r	/forceset/reserve_jointset_hip_l_hip_flexion_l	/forceset/reserve_jointset_hip_l_hip_adduction_l	/forceset/reserve_jointset_hip_l_hip_rotation_l	/forceset/reserve_jointset_knee_l_knee_angle_l	/forceset/reserve_jointset_ankle_l_ankle_angle_l	/forceset/reserve_jointset_subtalar_l_subtalar_angle_l	/forceset/reserve_jointset_mtp_l_mtp_angle_l	/forceset/reserve_jointset_back_lumbar_extension	/forceset/reserve_jointset_back_lumbar_bending	/forceset/reserve_jointset_back_lumbar_rotation
0.53	0.9507885423977162	0.7749595481705216	0.03340327826183545	0.6107725419388168	0.8077319697834288	0.7367428981295275	0.9962908315144509	0.9847360072443478	0.9949465420261115	0.392583188382127	0.8982148168418043	0.03465712727096745	0.1983720821394843	0.3520722933638442	0.1180497255760777	0.02314768977772625	0.5724004836981932	0.4656178911987034	0.3601963431847918	0.0356976864016526	0.01553846721066534	0.01392689172485744	0.01548249825229224	0.6443630565654103	0.9924052456219072	0.9802979370458363	0.0718866926868548	0.997637020104795	0.1402099656598058	0.09114494132411105	0.05256828041238683	0.03032490052902063	0.06304725251094298	0.1139087699920584	0.2084898689839167	0.5662402335028924	0.5344497092379586	0.823885692775146	0.514064602933067	0.4748633235570622	0.5879878340193632	0.5212902868031514	0.5040457609366531	0.7119923310181105	0.5774359028419155	0.02877768065358143	0.6588130162531135	0.790777068889949	0.7454787680044578	0.3847100335354746	0.231408778901656	0.1067977656772359	0.8176094313426515	0.869264596851713	0.06727070716442816	0.1132434435454103	0.03633592194151372	0.03471647343589677	0.04131299299845208	0.5178469942666347	0.245658140989814	0.06381809192714251	0.3269383048162053	0.02889187459290862	0.01435944507109067	0.7859577989128783	0.7412633726598385	0.02462029904008039	0.04339096018237867	0.05344196972743576	0.7194143753551862	0.09658842663480624	0.08640944533490216	0.07097493607587886	0.867808984220989	0.7746935998267227	0.1288300759522213	0.5519130991159253	0.517208001711247	0.5019735433163423	0.6931637156596339	0.4137160718597266	0.3523551600298359	0.5089821056953868	0.5688426205257586	0.541199285771732	0.9984255218758751	0.6028815221715282	0.1137924358404899	0.01005153338797371	0.01060252291112682	0.3874984307722675	0.9507885423977162	0.7749595481705216	0.03340327826183545	0.6107725419388168	0.8077319697834288	0.7367428981295275	0.9962908315144509	0.9847360072443478	0.9949465420261115	0.392583188382127	0.8982148168418043	0.03465712727096745	0.1983720821394843	0.3520722933638442	0.1180497255760777	0.02314768977772625	0.5724004836981932	0.4656178911987034	0.3601963431847918	0.0356976864016526	0.01553846721066534	0.01392689172485744	0.01548249825229224	0.6443630565654103	0.9924052456219072	0.9802979370458363	0.0718866926868548	0.997637020104795	0.1402099656598058	0.09114494132411105	0.05256828041238683	0.03032490052902063	0.06304725251094298	0.1139087699920584	0.2084898689839167	0.5662402335028924	0.5344497092379586	0.823885692775146	0.514064602933067	0.4748633235570622	0.5879878340193632	0.5212902868031514	0.5040457609366531	0.7119923310181105	0.5774359028419155	0.02877768065358143	0.6588130162531135	0.790777068889949	0.7454787680044578	0.3847100335354746	0.231408778901656	0.1067977656772359	0.8176094313426515	0.869264596851713	0.06727070716442816	0.1132434435454103	0.03633592194151372	0.03471647343589677	0.04131299299845208	0.5178469942666347	0.245658140989814	0.06381809192714251	0.3269383048162053	0.02889187459290862	0.01435944507109067	0.7859577989128783	0.7412633726598385	0.02462029904008039	0.04339096018237867	0.05344196972743576	0.7194143753551862	0.09658842663480624	0.08640944533490216	0.07097493607587886	0.867808984220989	0.7746935998267227	0.1288300759522213	0.5519130991159253	0.517208001711247	0.5019735433163423	0.6931637156596339	0.4137160718597266	0.3523551600298359	0.5089821056953868	0.5688426205257586	0.541199285771732	0.9984255218758751	0.6028815221715282	0.1137924358404899	0.01005153338797371	0.01060252291112682	0.3874984307722675	0.008274522290608424	-0.3000805060977951	0.3835546105584256	-0.4935448693328691	0.1143410201525844	-0.1305265392161578	0.5282897962142861	-0.02817932038666338	-0.007302242422688272	-0.004447025384513324	-0.0008012806324901579	0.000219734755268842	0.0007630003425905995	0.01327513051934971	-0.01077888843648437	0.001059446247334023	0.0001012783437621598	-2.656634718409699e-05	-0.0001533261540682422	0.0002753576021904582	-0.6278032378725483	0.4302112078616702	-0.1835847113505734
0.5473809523809524	0.9982145067260019	0.8827703628054988	0.01178373642372414	0.6697814549759401	0.8674968816721195	0.7987329243545173	0.5977097238091983	0.5901646869472562	0.5968076237548319	0.6175981464242709	0.9623947813545596	0.2060341680090796	0.1018719669056399	0.1941936108201348	0.04325935238578488	0.34200478388417	0.4877194425719035	0.6240215001936785	0.2206762341350215	0.3687046225760885	0.4222892264515207	0.2388974419865944	0.4150493356188834	0.7771183357230842	0.8888793511450128	0.9152175131112611	0.01234933312048602	0.5978632711112136	0.0968301143392513	0.07563686813290404	0.0481947986452716	0.126697884788602	0.1549164469050905	0.06011744871588675	0.1174702492517621	0.6162816356035941	0.5556309557044334	0.8807440547104642	0.4918783199671702	0.377265531360001	0.6670335500884369	0.6347870715848134	0.5330079703586263	0.8120522556561031	0.49441753738882	0.02453204766874321	0.766665099112017	0.8542331922645593	0.8047881894069784	0.2188665242251381	0.1892050358927189	0.04772019033538733	0.8578022383171297	0.8925062462142175	0.09275450419312962	0.07015065949152657	0.02508621471619749	0.02919890198927335	0.0218100521647524	0.5112942196286098	0.2651145928314665	0.2093508941001853	0.3077343810718147	0.149837494932971	0.2118096025250752	0.8198576031155418	0.8258951315278451	0.03710777540707349	0.03045949230611112	0.0376082999156126	0.8146734787162123	0.06280460577841067	0.05645622121120415	0.04716761785556334	0.9047773955476466	0.8298314987735935	0.1486903820480279	0.5695665904592508	0.5130005736350348	0.4994957658208117	0.6757157075999307	0.4148939130064448	0.3549393257664934	0.5033615625576661	0.559211643184463	0.539498062279421	0.5980922020173643	0.3230545475962352	0.02863701291841272	0.204806247518705	0.1015210585262788	0.2313624344716332	0.9894930353585242	0.9829623651681909	0.04360560046112311	0.7280438570483878	0.8906751015205637	0.8302812521275651	0.01224897941538521	0.01318469907292522	0.01231471931587528	0.9911312752417615	0.992784169781685	0.3838618508202232	0.01796318407258413	0.01632729783079774	0.0156585478415441	0.7700571888797244	0.3892223463704823	0.8338838533305516	0.1055199223468362	0.8073020823539339	0.9845623801344136	0.5479507063136133	0.9986958821442347	0.9988640354166606	0.6415040460010082	0.7374219157322672	0.01512668211791073	0.01073511960845889	0.05002293205084798	0.05727684702401686	0.04212376836176182	0.22888574838995	0.2606724425563407	0.01093910841672739	0.02510852243225795	0.6993831877427094	0.5937200344519854	0.9817948600411974	0.4615591011302068	0.2491778035063996	0.7916747871866576	0.8066845496073289	0.5731595364247926	0.989485469281706	0.3503407486675489	0.02134082293019963	0.958041036362529	0.9677748532442739	0.8866874364565508	0.02679726812545709	0.1365245898902202	0.01328551119293073	0.9251658115604177	0.9371788226888336	0.1107475958254189	0.02879889023010149	0.02758373772035778	0.02978453282802961	0.01435588997962922	0.5024042613576091	0.2691816555377855	0.3591806002959751	0.2908169583022658	0.2730130172868121	0.4300331226851711	0.8895100138215161	0.9772959495738801	0.04640664622667062	0.02587107055633169	0.0245296938012593	0.9823068407613206	0.03109426373227535	0.02873350524140436	0.02560298227467203	0.9687699246098541	0.922610716624654	0.1691062658838817	0.5927394128116082	0.501955439373189	0.4917319872747439	0.6427627552088261	0.4194392999091575	0.362359550660067	0.4955636581950252	0.5493100730604054	0.5379201182930147	0.01009694306660164	0.01001513117816137	0.01000552618373683	0.4067408134807339	0.19516786313094	0.04050055272242371	-0.004098360764464935	0.4943940525765056	-0.3956599930670147	0.08159259107685857	-0.8467133740412165	0.2784738447269435	-1.06435850633929	0.01419284810188821	0.003611561697664257	0.001693334092671543	0.0003669152639002342	-0.0001618391625281199	-0.0004940054430133361	-0.006798294151855486	0.005447593912962185	-0.0003083829723136419	-8.538921435665483e-05	1.362986717671984e-05	8.122852928292428e-05	-0.000132910800938389	0.3194972691923495	-0.210597896742289	0.07136478200462486
0.5647619047619048	0.7307671975914768	0.6938003105768015	0.3485158126301014	0.585864548800583	0.6497055700705803	0.5999792403323863	0.4664485726522943	0.4639471333952165	0.466173975546219	0.8825733389819677	0.7471866806320659	0.2496018224890168	0.093306207553499	0.09161684604904968	0.2342442759868366	0.6401584247744825	0.5293903178456255	0.6070836224846571	0.3579947224789387	0.5987535759227222	0.7325970932065677	0.6277536606901764	0.8661080947035433	0.9002469227587178	0.5451803380576137	0.6219563290377272	0.3299118682664537	0.4667425118735905	0.03637100909903117	0.03952371815733222	0.03018699094221555	0.2255310421005329	0.2694446313596773	0.0154868705956024	0.04736867595887495	0.6725784894896616	0.5933687631273298	0.9496002394377134	0.4852078046954521	0.3327057034802821	0.7246614986889917	0.6990675774633389	0.5411961005161986	0.9373466595755532	0.3542445259634268	0.02361190857699269	0.9074757198013239	0.9348131825686902	0.7968837922344296	0.1165795007841124	0.1317433212094195	0.1172435338614174	0.8926757654207268	0.9321956819711558	0.07335073303503648	0.02724794137302208	0.09865390603021772	0.06080735520451729	0.06726602173397235	0.5098909791637394	0.1867597423292211	0.2355060461685775	0.3285395299357993	0.219806322766127	0.3241844803189853	0.8952843364083487	0.9353137303336039	0.03738416257964182	0.0637237697558536	0.02884241179245138	0.9291083751208282	0.03037522851447413	0.0277307650915382	0.0244275845708157	0.9431020505951628	0.8800810009623954	0.1605463697334784	0.5681253943525481	0.4916278788452026	0.4818623482022192	0.6440347581373478	0.4275207960873206	0.3736740112110282	0.501370904718362	0.5701510764562265	0.5420195665919803	0.4668411323266392	0.3753170506436793	0.3265433767152407	0.2570055024302688	0.2032597077503648	0.1005318330845551	0.0127620619852634	0.02190229905148815	0.9928690834688852	0.2750131869064512	0.02809799541550781	0.02485161630867935	0.996013532419366	0.9946793865758853	0.9960065436680173	0.974070222605886	0.1097569777453553	0.03041849212965855	0.2096833001643804	0.1648243292071471	0.6623960005386477	0.5947128821645113	0.7918166022617042	0.2219847774731119	0.8639497329909984	0.3744962171299606	0.5150508117045262	0.9816121628180338	0.9838035314325596	0.8781553689213338	0.02670167563113678	0.1165150857307025	0.9953671288739071	0.9989829522088723	0.01609474484630688	0.01487405002965763	0.01423928418514245	0.2295670622026958	0.3084921885725055	0.02580204325990958	0.07273240058378058	0.6864161026481703	0.6290376091336313	0.9771882504659628	0.5170036789011762	0.4297330774258769	0.6766086290120805	0.5891071298617073	0.4972684935315179	0.9953371584434451	0.2464080395494488	0.02743427239205196	0.9830887234897039	0.9741643218363493	0.6439054825433896	0.2045839403421194	0.1098667182770238	0.2942784378408423	0.8804758668200882	0.969989177747576	0.01541852316142004	0.02746841517900392	0.2120796168040676	0.107081849275468	0.1491006933640011	0.5205932557352371	0.03259258908376503	0.03438645875834301	0.4015582405105348	0.1362674113053026	0.1673583231472541	0.9904604462927906	0.9922708299926586	0.0228605279722022	0.1216043732875663	0.03706588885048296	0.9731625929278404	0.03195779875139665	0.02915634305823846	0.025657037895494	0.946220260880909	0.8688795895642621	0.1485353219093055	0.5272833798266616	0.4562212681617319	0.4507735250821561	0.6127687068798493	0.4501789944416734	0.4043877922070105	0.5088827934340309	0.6140478310783423	0.5509332441137191	0.9999445146303253	0.9878077780377162	0.9999892785323334	0.01000945383798491	0.2204872591907409	0.1347091156404913	0.005978093216481057	-1.010211614965649	0.4220908451377768	-0.1196937559005477	-1.018365550368262	-0.6071899898475482	1.084928892404495	-0.02741186466554602	-0.00761178579165144	-0.003976576578609556	-0.0003114323621756461	0.0003378064992722367	-0.0006680845125022785	0.01444069530187761	-0.01138420502368047	0.0003379855808088858	3.786307828129635e-05	-2.549524799883376e-05	-0.0001574530173730527	0.0002461227235339107	-0.6749248706811932	0.4002567475101226	-0.06154463707532733
0.5821428571428572	0.6979022723392162	0.6847214804663296	0.7764500650337955	0.6086106946793167	0.6619625861486949	0.6387119733528158	0.3823312476551363	0.3820311289903189	0.3823618675768929	0.9420524195732664	0.6860948499994319	0.4806944776042139	0.490566688990924	0.3081594663951199	0.2524642630835774	0.3814701656895573	0.4804186786141527	0.6663789222543206	0.5599073506354226	0.7235782870770558	0.8109300132689918	0.4784876447527808	0.951542300383321	0.9638573485189178	0.4829371939308271	0.6108314580077575	0.7707947828534787	0.3809174475682227	0.02046034801473924	0.01976233676068471	0.01723433369290481	0.291565305550003	0.3032418917908921	0.01464010266179571	0.03672567366533542	0.7116269975323268	0.6225291101909378	0.9722318225938845	0.4960041581928479	0.3279694447008049	0.7613209649558916	0.7001282160589278	0.5316138397404908	0.9719117654702395	0.2177611199183709	0.08636090833234755	0.9562455553557976	0.9627548602639091	0.5690325099433685	0.1428616448206113	0.116095738860183	0.175110411449774	0.9132353467057823	0.9630070529585971	0.04663659768139559	0.0506948494612218	0.1229549186363544	0.08771924078132845	0.1146293873108076	0.5081321133753195	0.07630380441200807	0.1134114712573374	0.299596041131476	0.188000551712152	0.1931443738808607	0.9541561471490962	0.971116054819263	0.04429791664704209	0.1138308458817987	0.07510766852601139	0.9625615288399432	0.02549209692779262	0.02352420938375234	0.02093060122866077	0.9572230304179237	0.9041251148413791	0.2123406430439886	0.5691656849646159	0.4926482046755588	0.4846447739343123	0.6172610488692226	0.4422640448386496	0.3950906980912756	0.503749668131466	0.5690795886398472	0.5379576310682506	0.8258591620472888	0.8102133655133797	0.3483922836752348	0.1651735393259906	0.07845010075031857	0.03226299519905158	0.9966074725726825	0.997719446323471	0.9987673718828339	0.7900690929367382	0.9840033272561476	0.9968708514641257	0.01402233185509998	0.01526116905696775	0.01420835182814867	0.9882732680008678	0.9262852300854589	0.9988389207546773	0.994176873219372	0.5634413987150221	0.0161660470172167	0.01499174323119718	0.2661202290040908	0.9921724738493586	0.5353817056315167	0.9951915323153553	0.9964781088432813	0.01376942034694523	0.9983532163872035	0.9983422585204357	0.654266926986105	0.8868540150868079	0.9983609684693264	0.01044350788989016	0.0186458502865013	0.01719341196178719	0.01562826362890368	0.3684735826067608	0.3287114259054199	0.01136558540231103	0.01936199370394242	0.7575275044246023	0.6446972878015096	0.9875387786970889	0.4961762058529321	0.2804516670153699	0.8336585990275677	0.7481789413022967	0.5379472365325053	0.9968377291659608	0.131716925200753	0.1359131050969505	0.9953198792440202	0.9884980103606753	0.3419801028173719	0.105898570825772	0.1049739568213172	0.1101557361129585	0.9513543519103691	0.9943854797955216	0.05265746958060692	0.06765185248660455	0.06949778402748558	0.07871942798326297	0.1008555120676509	0.5142203371461127	0.07594106745740609	0.08225263276957101	0.1961254380890514	0.1847931007988678	0.1102242349720601	0.9984571938269645	0.9987823716710851	0.05613944519808217	0.1178786469856497	0.106811270722663	0.9946449943359724	0.02133124094168103	0.01993176010320659	0.01790548902143722	0.9757694045362678	0.9471473041496237	0.2794619140471408	0.5922719264724841	0.5129828227631007	0.5055074625818218	0.5906538375050714	0.4509337052806111	0.4085154225141018	0.5030092120075486	0.5425046803700292	0.52665334957968	0.9999469618863638	0.9999862196887283	0.01000573265429269	0.1916785048641162	0.010002677342597	0.01010446408046468	-0.004289796643288919	0.8982212594811975	-0.4079325609051928	-0.07121294499958812	1.705506022776045	2.262783704481872	0.2652545270716132	0.01371086781991482	0.003877461935060876	0.00244203559103891	0.0002541897427334306	-0.0001691565601575591	-0.0004808883381034177	-0.007265822820215652	0.005455644295457498	-3.830125297610884e-05	-9.979713289025225e-05	1.982059338930247e-05	8.886822097028221e-05	-5.184239713704497e-05	0.3399876085490643	-0.1620107243271814	-0.03047093784699515
0.5995238095238096	0.683604318879686	0.680166968653842	0.859223059880225	0.5964866037305524	0.6688134560678126	0.7241189065251001	0.3671967227547884	0.3658526009132568	0.3670982354064248	0.9653620725218309	0.7446608705079816	0.8868276643897254	0.8574988850659143	0.6004511357107861	0.1270297395625141	0.09347130810938291	0.4012717101129251	0.8591091915948202	0.5655965408661894	0.6634097480796265	0.6878877566028462	0.1007264854324518	0.8932023425664476	0.7272311952148797	0.5073960364676401	0.7802781849807617	0.883373125765709	0.3694129389826061	0.01897627896705531	0.01810999759835015	0.01611087463874763	0.3208131185219161	0.3389312103086429	0.03223105030006287	0.05667248858740655	0.7059071207311388	0.6243799480667513	0.9602885922001461	0.50475222899044	0.3569156286823523	0.749080460493689	0.6706502749661933	0.5205452106966202	0.9866957896304639	0.2504948998506986	0.08786590290102622	0.9801536512914355	0.9810724773364728	0.5964096263519435	0.06342672084655746	0.06949349133190427	0.06271154184727926	0.9220033426542743	0.9838715439085709	0.04038135043230504	0.04519743118674718	0.03869880973893255	0.04722961816147931	0.05843517400766709	0.5609763917929977	0.2350925375451326	0.06704056052148739	0.1431601486453042	0.1266884082292636	0.08869066281861321	0.9800218294075279	0.987454073016501	0.03946272872349892	0.07142350779571796	0.06933291612207126	0.9835825963839646	0.02651690401598398	0.02447501960546447	0.02150404888016942	0.9565520147638712	0.9143689280016977	0.255751885965552	0.5741764153395736	0.4979047463709778	0.491539994518806	0.5964460009649045	0.4490289283979242	0.4081074294419632	0.5035175511380767	0.5573090576832856	0.5322712688945198	0.7196762679336681	0.6334978431961781	0.3491040457626842	0.1948328655229161	0.3262092565853073	0.3240966530156367	0.01413558221207777	0.02047635830706181	0.8893808503757541	0.2072934295622977	0.03202777922183362	0.2390589043958276	0.9830441286011401	0.9770901716547956	0.9824536063564975	0.9740828997751574	0.3824686980256358	0.9949943058765163	0.9890346681956785	0.881183987417421	0.2981284932344674	0.02626404190451477	0.5865378812156843	0.7631627228576436	0.7364878144532629	0.01597243522350375	0.01436787390565809	0.01256427074057133	0.681190444152347	0.02120528200090006	0.1841958991813953	0.6722567626198683	0.9950864973321207	0.9982367485288931	0.01595988839671133	0.01527782632767204	0.0140729427583195	0.258096388022414	0.3842363239974151	0.0645340902987067	0.1202129911038904	0.6197759328521807	0.6009113992650661	0.9083461722468646	0.5326471053998139	0.5183726115374566	0.5901890310918184	0.4933834543404474	0.473922414149152	0.9992452854384485	0.4376354954515396	0.01080753583381189	0.9987847630023167	0.9983301158364525	0.9968852871002856	0.01014151597415787	0.01031452005523891	0.01013540233505934	0.8826870388202033	0.9988311536654054	0.0110885224554792	0.01032298215640189	0.01034389259760651	0.01033649496179925	0.01018687112643286	0.6875983488806653	0.5143512055928691	0.01143813263116852	0.01427217642756806	0.01142925029376422	0.01074347153132127	0.9996285283459844	0.9997025023492547	0.01079370167350094	0.01187107360170754	0.01176924950363381	0.9991008707379259	0.0349197842809368	0.0318272697092447	0.02737808093025601	0.925645177318296	0.8714416874843217	0.2278173475140421	0.5417575427194312	0.4711571644004599	0.4687759805668963	0.5785664352417333	0.4559992943682335	0.4232474401792662	0.5056291980635496	0.5782782407608882	0.5377320403890075	0.2760639153211395	0.01000267742137322	0.999994488679594	0.1615557675591845	0.9999958778294532	0.9999425699390514	0.004465065982954408	-0.4038335393177126	-0.2604766662055973	-0.07125363268207981	-0.1654746162218237	-0.537838633697018	1.267627538291195	-0.02714127757918027	-0.008065080987780025	-0.005164857359246956	-0.0001322319153266021	0.0003050540731663317	-0.001207334554794518	0.01066686190823828	-0.00827529959352389	0.0003169857239203472	1.706632357555016e-05	-3.309417930112959e-05	-0.0001920743667532021	0.0001120484306064282	-0.515266808291493	0.1914677316172643	-0.05409001570102841
0.616904761904762	0.4803636711884015	0.4444410372037392	0.618655294153155	0.53432843412046	0.4898608288579521	0.4574971812357658	0.5113552747183169	0.5477212229049186	0.4818952618073195	0.9589202145936696	0.6392567390581106	0.5736327717271797	0.5597492969563687	0.4376776111355327	0.2118772727585294	0.02089264692258422	0.5112461983670021	0.5805777349618571	0.575679789441876	0.6225124409211155	0.5458502024658721	0.3264626322491554	0.7366216256615397	0.6573058434462032	0.436211349760843	0.6440849860939788	0.6652024575826171	0.4376872529601261	0.02172383025185556	0.02022529870260461	0.01902547052691499	0.4334274432928714	0.4335571173183895	0.02888710174826105	0.08031650039650376	0.6724489272984318	0.6175881523758656	0.9555031911682677	0.5064582657115589	0.4140044716238086	0.6764220385813293	0.5551229549922202	0.491693570617165	0.9937196979129671	0.2474567186461713	0.02572185037759427	0.9798557998027082	0.9650973524411579	0.5376276586331211	0.08986077251534286	0.05312678966928321	0.03616315869596699	0.9056950635022412	0.9734166093967173	0.01155247851429751	0.01308198164694806	0.01483603690583584	0.01875262186726978	0.02631034996953317	0.5719291744924261	0.1985283498662636	0.02380598590940303	0.1555755103279528	0.101496091412631	0.1127938315887671	0.9866194326458706	0.9883650667631876	0.01398845486151631	0.0224307500284468	0.02198868627474162	0.9893573485761088	0.03255492764681141	0.02979928324116556	0.0256518786609462	0.9445752846703289	0.8953956842438578	0.3072779490252475	0.5676372763283805	0.4917857390507095	0.4878453897301413	0.5754960969121777	0.458125995433377	0.424717591142759	0.5042112229155035	0.5559605357047265	0.5296331011833468	0.7391284616073263	0.6581804796779377	0.3520289431471231	0.07785556529519801	0.3507964578001329	0.3681637054501009	0.4999706040194493	0.4565144071915951	0.2436929499771985	0.6334993516367963	0.5633981304275169	0.3426431031111519	0.2666894132334238	0.3766278007040759	0.2229325491766903	0.9440416767832072	0.6873735476577228	0.01675752624286105	0.02058537655778564	0.02499768123411242	0.179496116868813	0.03789551357067337	0.5524292605269471	0.204493470195621	0.4724646896065298	0.8745807098534394	0.6810756572363039	0.6896753884210077	0.6283046614586376	0.9536390834198117	0.5129409796067685	0.4874911638233595	0.258188431645062	0.09024706728807293	0.02975762735663832	0.02935012348158387	0.02472603726555478	0.6081455629085589	0.5296392397248867	0.01484673881781258	0.0659270062928122	0.6640191170894095	0.6177009476684029	0.9739491139929141	0.4984434759554338	0.4081379347199209	0.649218321865135	0.4754225746654185	0.4734368967333563	0.9925821888922903	0.1309126154217848	0.01468858304011104	0.9677847633887433	0.9283366611914035	0.1992550438953873	0.1408628126329688	0.06980341618082719	0.04105090765837701	0.891280373058803	0.9444632328831298	0.02223832116751517	0.01766204240552229	0.01641361753122962	0.01802389321214772	0.02562117094732621	0.5088408194194254	0.02455283854497713	0.02953258636152016	0.2529644045468142	0.1351777739952985	0.1752176519461954	0.9764907110259988	0.9741264823084819	0.01450636371434609	0.02654248007915125	0.01677539599066305	0.9455472799247662	0.03596266263527676	0.03284686664394842	0.0280133938732355	0.9321790779072766	0.8723632602434305	0.3952194839592956	0.5698000018738677	0.4990054737332959	0.4965647382905473	0.5499059173881289	0.4700756993553004	0.444444444507661	0.5037966231778503	0.5378710410479908	0.5208954124577733	0.9999910520074247	0.9999976587089201	0.01000276031385909	0.01002474685884015	0.01000225799515386	0.01000358350204681	-0.003237180008299805	0.2234368497912441	0.141506985330618	0.02707606787409388	0.3259904833144829	1.069325203844674	-0.06173615402826961	0.01371088380929513	0.004260652295802449	0.002835127352365507	0.0001078963131449533	-0.0001758006783578451	-0.0002105446731045302	0.005506925014066224	-0.004235503086374992	0.0007542485789477646	-9.27699437200333e-05	8.47015463614752e-06	9.355730115073759e-05	1.620371717223553e-05	0.07848633756453792	0.0345522376020708	0.1270189364718969
0.6342857142857143	0.3880495056530402	0.5022880284613984	0.5129187432635846	0.5124957948666362	0.5396514554140964	0.4818599324238851	0.2049417567559381	0.3325451652105874	0.2527010739946237	0.9545491807242655	0.7032704936610089	0.2897558129676031	0.2937018922879446	0.1546213234817727	0.1158413574842862	0.3029950496507955	0.5047031700103347	0.4229079791920188	0.4637325044580157	0.6079036130234632	0.57891277653613	0.5624593635558512	0.7656162801428411	0.8525848407004289	0.4874733639934778	0.566498008128391	0.4936948560976256	0.09884266186757364	0.05356959116775846	0.06373114407220264	0.03736284304068316	0.4419293570147336	0.4469013410596307	0.05965779735916137	0.07985690429337047	0.655219379209531	0.6089500495475552	0.9532847292845391	0.5209173581004189	0.4515421143752712	0.6602732331081295	0.5144635728254228	0.4760509370573087	0.976459506712975	0.1620206003908978	0.02846443559078691	0.9717669369989075	0.9471525403669968	0.3165355548799507	0.09775824957516391	0.05866748910438244	0.03526961327894047	0.8685552180616263	0.9510329138431087	0.1346614247990472	0.09136337363613192	0.05040914570397784	0.03490497883059595	0.02777606740412594	0.5207708666878365	0.199494068534067	0.1052083690799496	0.2711549791650125	0.1046665471054296	0.1206910462083209	0.9525038220278286	0.9556029175843233	0.04921004270326924	0.1108209236628733	0.04242085069484375	0.8351667281430725	0.05463035717220521	0.04961582334484024	0.04181694120010047	0.9075877761343074	0.8351897304282425	0.3778237489415892	0.5479396348075395	0.4987167813125952	0.4961011076283812	0.5516671803033525	0.4738689907836579	0.4525506644178243	0.5032190678713562	0.5341251432576519	0.5199349989437029	0.7909691528123168	0.6696096840256131	0.3521080596982618	0.1621791311699453	0.3320392296755635	0.2093593580997979	0.02367956833584289	0.5050140827729201	0.8172239387365821	0.2227054285224348	0.4247565106521841	0.6382967212355795	0.01990344028208413	0.2159068559216152	0.2392309418340236	0.9680302221612278	0.7248656905477274	0.4237439787696923	0.4504380512385901	0.1705979131756169	0.0334719594829193	0.8305946132129279	0.462444165605863	0.5776303519661474	0.3794429698835618	0.02927933712670797	0.3131213853903513	0.4461513339739438	0.9755262734833781	0.7503877594222854	0.4235411189202373	0.5899476342002644	0.6888125471217041	0.01162681817359461	0.08605823379309555	0.1125014927544177	0.05351618137169203	0.1611438307690898	0.3324369537703351	0.136195464825485	0.1154159501465084	0.6060776445751991	0.5815928869126475	0.9072559189743226	0.5756121188120649	0.5858235758426196	0.6297954989071367	0.5042745635629413	0.4575549433931181	0.9331266268592263	0.2064450106842742	0.03656474376336644	0.9724705035698461	0.9598683354640186	0.3629981938176987	0.01543084785402637	0.02831670173383865	0.01631346762268469	0.7816257011537611	0.938549568811608	0.315510337961704	0.1990858337215591	0.09391824728031081	0.05183361459929079	0.0219567947360374	0.5158394255481186	0.5233266140295321	0.2148704488478931	0.2982491845870168	0.03312423242075706	0.01489812786674314	0.8784459976838173	0.8903806741959702	0.09386328242452444	0.2352596589197371	0.06976055428413483	0.4839776177229175	0.08332987165058217	0.07505692136655338	0.06236750660899917	0.8192799304132669	0.6982340552999013	0.3828534675887116	0.4879166196556933	0.4989669130626573	0.4979743325934388	0.527992122657304	0.4944784658293508	0.4906820583693792	0.5018372414300959	0.5117702542834939	0.5106078214371282	0.4172199530430813	0.01020638253754541	0.9997715943728371	0.4277286194199865	0.9354952222129292	0.4968113191112614	0.005757901779832705	0.3627540186746568	-0.644185835925667	-0.1736454150105953	-1.462781801922185	-0.3961560658959595	0.6789759049664076	-0.02728730871008391	-0.008836775356219182	-0.005456750474307371	-0.0001428454176756442	0.000422590850506451	-0.0003014473604814691	-0.01094138338198263	0.007718687729716424	-0.0007210601693012228	7.845135308646765e-05	-3.845815953259709e-05	-0.0002043863077011091	-5.801979390621905e-05	0.2101483166340308	-0.2914622290600736	-0.286990216567903
0.6516666666666667	0.2248670863864716	0.3018219620279401	0.3555676236287269	0.643070675256637	0.4704904028401053	0.3071950190313972	0.4847178364186234	0.5802616741180552	0.5595409379202342	0.97552951787758	0.4020024439396634	0.1887966000044335	0.2826153112611531	0.1630332168000596	0.4184192175396491	0.6284485266119525	0.5195951567979273	0.2923949238907016	0.6633260677977928	0.3301533761977624	0.2941670398529629	0.719879602370753	0.4902728032342168	0.4718439914791402	0.2680439536208999	0.3861125016111346	0.5691246635767601	0.2586556613917916	0.03758484894660426	0.04523477829459775	0.02701604554743808	0.5013465316531793	0.4864478313074687	0.05932136081308854	0.05623365582872487	0.6755446714658583	0.6257738385140653	0.9570275514803473	0.4941662882766073	0.3962896539154328	0.6669473184162862	0.5225283108627583	0.4777251290830627	0.9960931332018116	0.1391327886590661	0.0214925751036635	0.9879389619591217	0.9774654127451335	0.198600116718396	0.03174442193264622	0.03674040444801662	0.01916197661195557	0.8633381287905852	0.9604340435288086	0.1098292968095522	0.06998306898903355	0.04183641403960099	0.02713219244949612	0.02287978056184334	0.5238155887480785	0.3621486664922815	0.07796460874397286	0.2352560816944751	0.1212385038294469	0.07679168540299779	0.9109494531907023	0.8947703834404552	0.03196320250991064	0.08884620656437686	0.03051658116514526	0.8211068082659017	0.04643489262723443	0.04221431321933113	0.03633276671227562	0.8993913400803374	0.8198147661072991	0.4404016257565658	0.5562608501193848	0.5115972836919407	0.5081698768005735	0.539242472006338	0.4736294666065556	0.454077223805729	0.5002116048377746	0.5102723548894831	0.5116571524744655	0.8142388962635323	0.5071341892125595	0.6551538557506572	0.133420212845419	0.3469308181566552	0.1629106084218922	0.1950634953218022	0.01917149548012696	0.01441013034264346	0.9793466095699918	0.4199234035445347	0.02157244539927276	0.9828408631639934	0.9854423149274177	0.9831858833416258	0.9841542259642345	0.01818093946583704	0.0183891329194406	0.1539148362076314	0.150638939138924	0.8674732288079907	0.6897356168367921	0.5836519859326589	0.0825199843881952	0.9732625805970838	0.2212889497927764	0.03609178382060928	0.9800167146570927	0.01229777322216049	0.01213112206336595	0.0171543606337863	0.1571348791897178	0.5642759858064479	0.5378170660089843	0.01235940721774678	0.01209643423558834	0.01170113668636751	0.7218597843741995	0.5934631825527105	0.01351012635688603	0.01897344274189492	0.7229564369210592	0.6552624976881419	0.9819406748925875	0.4183550556227622	0.2378559823743067	0.687414383129105	0.5482436073091456	0.497209722745245	0.9972007114875588	0.08252152506268011	0.01198042456739755	0.9886936088153775	0.9740731500834967	0.03105482091385688	0.02895701492759148	0.0346521315134274	0.01733723651086515	0.8914889764545032	0.9846832721601252	0.01094948774078893	0.01159779093525747	0.01170814516074125	0.01248410614365044	0.02187050726776502	0.5297199770653733	0.3974892845350455	0.01367800858798866	0.1835113824979113	0.1729501672253461	0.08800708058289823	0.8930735551456761	0.8418390886682977	0.01092157970704245	0.0137737955611623	0.01173871459903999	0.9685231205398729	0.02824526270064067	0.02603535566493549	0.02343982543489687	0.9221552235933808	0.8564254244261964	0.5344119852857849	0.5998194222740296	0.5305073151179779	0.5252523550485588	0.5304403226385441	0.4632475008479384	0.4377276169335607	0.49552436678443	0.4838656834766121	0.5035070210204945	0.9999968235156965	0.6479466510932037	0.6071151468580976	0.01000143288129677	0.01002205978294322	0.01000119723374258	-0.003242826120152542	-0.4448747701398379	0.9937232771690933	-0.1197383275582743	0.4059204806107123	-0.1337232365495492	-0.3094167195908964	0.01370802821898842	0.004466111881346681	0.002527627430691289	0.000116453429817283	-0.0002373952093961551	-0.0006219460632001267	0.005713011273182225	-0.00407550403655626	0.0008551694085444073	-8.361056672692059e-05	1.487644181843676e-05	0.0001123779671160985	7.673422769705112e-05	-0.1079190223237496	0.1225632843074625	0.1270103568437194
0.6690476190476191	0.1541428557800185	0.06662733490256978	0.309076593415993	0.6789110045958672	0.4011153012217505	0.2389947976751318	0.614883035319846	0.6222870055499801	0.6119336227898379	0.9240611065798582	0.4018282889734823	0.1383659966405175	0.1126194074295254	0.09822162294699294	0.5372279855337603	0.4447963135363405	0.6096983813353981	0.3250115633663935	0.6328972749216052	0.2009635964841565	0.08195213986278901	0.6505315702444249	0.4217956726157927	0.429867646141172	0.09690424579659823	0.3916746300355197	0.5556572568169008	0.5357590834432884	0.05385450848398599	0.07469799684595137	0.02767395195670205	0.5108948950322818	0.4806920688035166	0.01515914369144748	0.04414654711966057	0.6562631066235951	0.599480409754927	0.9449295421090519	0.4397017230626598	0.2929009887398712	0.6524929069140181	0.5610827994751754	0.5094911524282131	0.8264523639430051	0.0610585130283719	0.0177532480326297	0.9109253910578493	0.8362277313298258	0.05525915411167517	0.1000089167728471	0.0350729328723778	0.02282713569978006	0.8361141303215632	0.976056321308177	0.1743732253977626	0.1390558183575142	0.02716119799286056	0.02248277690867386	0.02029451530323347	0.5217247607419871	0.5348326345811142	0.1435314668829605	0.2291121328401549	0.1253767001107613	0.06694359569052172	0.9276707935974741	0.9009893721776717	0.1218915272278577	0.1123516311269293	0.0529546322108171	0.7973861064529685	0.06079343601824515	0.05512134752126409	0.04543008937607545	0.8659768024571073	0.7856811427948206	0.516194158472815	0.5657840820741348	0.5204315767064279	0.5172874237413468	0.523374981985262	0.4745767392711505	0.4574883791278708	0.494460592276043	0.4856082458580194	0.5038808895157937	0.6977869536829471	0.6942474315737527	0.4019586272046632	0.3169216956809714	0.2147321623404497	0.321703366230714	0.01472664182184196	0.02415333024399598	0.7622300238884911	0.1568633120947625	0.2946283109470189	0.5387429852672774	0.03002941660806265	0.02538030380759409	0.03097150833781866	0.7709453086368416	0.9883223154161404	0.3197165987888506	0.01549871447353841	0.01341891428483182	0.01526529426026037	0.02656124200556227	0.728294212853268	0.7560552206505362	0.02788460684273183	0.01881911910699725	0.01600897832741128	0.02066775110818016	0.9972076375440976	0.9972154345922164	0.1200849227184967	0.7645462415304437	0.5695885832658605	0.6471586359378082	0.1257741129419277	0.1855419209903278	0.05619270362698193	0.1123679218154235	0.2697930619676389	0.03526631160958039	0.09093732031742413	0.51939021463741	0.4785227837511939	0.8624680768765299	0.4367195303893785	0.3265380777269075	0.5754480299362036	0.6154886093265157	0.5531487892002712	0.3489884451416926	0.02902093227215284	0.02930294410636526	0.6973697337308665	0.4555233360254649	0.05562873301891273	0.1987754411998704	0.03029086155607505	0.02714373382898989	0.6990817631809068	0.9778816771130073	0.498514402624852	0.3837456006204227	0.06137908298942849	0.04248814189087032	0.01721760096987334	0.5060405449425148	0.9874555739262041	0.3923918979831865	0.3036159835721723	0.03330573305748055	0.01520279059944415	0.987584862820309	0.9897293756650418	0.3212872225746761	0.2985460970260428	0.1228450073203003	0.4253079582070479	0.117892995413111	0.1058125604700417	0.08370273751591945	0.7200545206291049	0.606799155109723	0.5492027370709822	0.5078791991188241	0.5122241962781299	0.5130213898721244	0.4927832358064276	0.4976107488328939	0.4995269162382029	0.4874242556605844	0.4621278764004167	0.4956693905039413	0.0100034740415691	0.8202770354492965	0.01001952664965041	0.999995694923912	0.5203868861393318	0.9999966827415878	0.003014994602151961	0.9845640966660336	-0.06863729874085821	-0.08514177000376827	-2.400561724577854	-1.083435167830468	-0.1637550328341713	-0.02776230528559101	-0.008810490271802069	-0.003152672709892073	-2.4948673441265e-06	0.0002860818662209991	-0.001028690922776507	-0.01187947428694828	0.006594104473869743	0.0008231766686038789	6.167443573235569e-05	-3.839674008042703e-05	-0.000192213743155011	-0.0001710784094694158	0.6689602596412416	0.08360996491378797	-0.0999524187652136
0.6864285714285714	0.2670220176465479	0.3345983906154887	0.2858500573956304	0.3818511740997934	0.4244459012458746	0.4048791947624911	0.6525700316998936	0.654944882390452	0.650002689930434	0.7390625475271246	0.36564702542699	0.1091696939688131	0.4520021063799298	0.4525444346113431	0.6160463408535255	0.2431554576365468	0.4559845966356007	0.285216468873805	0.6494037801920761	0.4295107367644995	0.2286768162931422	0.241489253365703	0.4076804011079424	0.4074634078189262	0.4630944567460621	0.6460357586717245	0.299069206007896	0.3739021767542655	0.1192805584666758	0.1033244672222698	0.0604748661389755	0.2014429417946647	0.2590154253784169	0.04963495825600536	0.1250273146948994	0.6077361937650547	0.556315983414594	0.8976954251616741	0.4423666482031627	0.3295412860971515	0.6253469968859848	0.5818828971436133	0.5308054070881681	0.7576333596942327	0.06102408253619993	0.03539281371106386	0.8883006480790675	0.8025781998209863	0.05372296236915665	0.09851623597648695	0.03075067795691964	0.02252066272461539	0.7908928383822426	0.9842594995068851	0.158996845275075	0.1597879914217558	0.03388441736698086	0.02689147338643157	0.03148063825828789	0.5526135178848484	0.8175415421215199	0.1287172901047361	0.1609387676659493	0.04323234356779564	0.02207535329558055	0.9640423940395711	0.9244084909704885	0.09376175094145946	0.1201977072719087	0.05534515030787602	0.7597097596829475	0.07713230475711505	0.06950488899507019	0.05575312782522542	0.8051405238327635	0.7019365243426141	0.5314519655113801	0.526671796265352	0.5375424631353446	0.5353981079600122	0.5026481264112564	0.4961717993913201	0.4912262504656583	0.5018924102618509	0.4463036223840121	0.4831311055861949	0.3913855894167845	0.418194996867968	0.3367888608081847	0.3853606227484342	0.2168337369738743	0.3917425722042027	0.504744068656049	0.7310454646848809	0.01426764186061226	0.2461387204798526	0.5388748613776775	0.4685022195613266	0.9945436934268523	0.9955169780506464	0.990589282469475	0.5260544490133733	0.01220955702554356	0.01156011592690554	0.9910752292939835	0.9954166894900289	0.993009781782398	0.1842844866487682	0.1605190019714394	0.01559436718698965	0.9884922848947334	0.8430811691320025	0.4291503465117097	0.01277443627448487	0.01036787515282751	0.01035106841519685	0.9906964526104381	0.794571911399414	0.01765055017355963	0.0587543265068288	0.1467319364992281	0.07930764335980475	0.08749878175616188	0.02894187551915057	0.09213899462041659	0.06425892968404236	0.1763351373408215	0.6041504884279568	0.554153907060457	0.8643660770804051	0.4464273180560211	0.3546154998844476	0.6228929899305679	0.5857879658062758	0.5389878096034942	0.8568536291704086	0.07559757604913432	0.04128987113685816	0.9813871373785515	0.982988000305137	0.04926707231209723	0.03355503754104013	0.02852575964862799	0.01899134112148484	0.783754834052026	0.9979529676452371	0.01049249882610985	0.02098942559765545	0.01800263799027207	0.01781291107857949	0.0408919287693842	0.6441587873430513	0.998390493595859	0.01235306170360636	0.03731734489694145	0.01648523988538082	0.01209212157616626	0.9915045350397264	0.9170835862171012	0.01049172328099714	0.0135057958262421	0.01488714631605029	0.9348157640691772	0.06295186513749619	0.0567831127601903	0.04556367975952696	0.7733837547740039	0.6575446046931887	0.5314369228593048	0.4959995062538176	0.5681982717462503	0.5653134134388735	0.4884565517410367	0.5165626391355568	0.5192515732866377	0.5169494870226135	0.4003159883394964	0.4567276120706231	0.361149836750535	0.01002096854705906	0.436078247188309	0.01000398099348631	0.01939599155534043	0.01014182978947161	-0.00165949213375679	-0.8682662344334704	-0.4182931301645093	0.07426240444319407	4.884235471596129	0.4793858531462645	-1.703806992645015	0.0146136877823735	0.004217361806945558	0.001267142158722953	6.305540638846066e-05	-0.0001106859109062207	-3.619757737843394e-05	0.006291493391437481	-0.003431218428786942	-0.0001613729429242687	-4.362469514890055e-05	2.475916109305047e-05	0.0001074784132700428	0.0001147098200879604	-0.4751086766596725	-0.1594777866992911	0.004212411052818076
0.7038095238095239	0.4520130845394225	0.6226206667723027	0.2234784280173935	0.376298678802491	0.5557558861411366	0.5708131756151839	0.664413701069733	0.6667080503652869	0.661834627337259	0.6430819999161356	0.3258421047355566	0.2004002395944911	0.675265521679849	0.6447788024815753	0.6556220250463899	0.1538377970630094	0.2891692158757398	0.2463313448517757	0.7275236839649891	0.5369559409110786	0.281458779503859	0.08592910060864062	0.08664443504891299	0.1042092415614149	0.8362379322015252	0.7055234259377793	0.3674766812162029	0.09592986376694287	0.1840439324938279	0.1667473154838801	0.1682537018614384	0.1385028986497328	0.1862794243306526	0.04471836794162085	0.1676266031186304	0.5895789068785589	0.5411334680477158	0.8742647861764704	0.4393110795579719	0.3319653901591508	0.6123318034915147	0.594842913107572	0.5395670018913534	0.6218718514590389	0.05235635839246146	0.02791557059036852	0.9549946797277244	0.9437729726182933	0.0336831660657295	0.01715623355192725	0.02096441123877171	0.014490278667458	0.7520300027827683	0.9940220164063286	0.3180474235310146	0.01080800711325271	0.01095988229507659	0.01213718637778714	0.02907399390800062	0.7146075196369425	0.9171314310251409	0.2502138673161972	0.03046172405593071	0.01840603150417955	0.01418124944924394	0.9820240532612522	0.9366114960374031	0.315238947332823	0.02403494820975554	0.0111454576303025	0.9194532162094491	0.09130668188072265	0.08254892494537495	0.06528242263961968	0.742945756525255	0.6468338091932875	0.5184938381633472	0.4970195229916521	0.5528097640282142	0.5504879686991919	0.4931254811109363	0.5124979693042014	0.5149955266593985	0.5093019857766862	0.4140977204534951	0.4681178229628015	0.5845405567772589	0.4021958171821072	0.3066405580036551	0.08335690849811085	0.01850259579353136	0.04507866162043413	0.4100425844337304	0.5934717892938896	0.574466060485382	0.4887971203440568	0.6690230228170502	0.9574610497856144	0.0127674902264814	0.01514862772004188	0.01309425457281482	0.6922230854524923	0.8695718758322384	0.5828589496207727	0.2592740193622114	0.1443531504432567	0.0234804240024464	0.01571045664084095	0.3625177503657558	0.6444724133640372	0.2519098852900942	0.03335068049325717	0.02493186516494343	0.04942212964415609	0.07772033870879672	0.1222581570350859	0.8914588391770933	0.710144895554194	0.9750546595923327	0.0107926880513111	0.2735431177385794	0.3483699660748119	0.3176532678312123	0.2222109346553694	0.2589368786754346	0.01868393549487831	0.168625071818459	0.5215201138134195	0.4824547551347541	0.8466671810492562	0.4248975641179778	0.3039991162260623	0.5670750735125653	0.6331282075537159	0.5574571001475083	0.01052055966403971	0.01024279757426392	0.0105604478987501	0.9468040211568431	0.9640593545179823	0.01220343564913431	0.01003772252077911	0.01009041578611813	0.0100354659367004	0.6309658494715693	0.9994362252072647	0.999881869121118	0.0134620966129129	0.01089962470224679	0.01025296332238618	0.01006540749107195	0.9892444125793033	0.9994767936515251	0.7570631435550893	0.0107124059956212	0.01018557573850123	0.01005778502004856	0.9997272518324368	0.9997698117280056	0.9989008371157425	0.06136180522506783	0.02290098421024322	0.9987432644055142	0.149179091922968	0.1344607397198276	0.1042407477255613	0.5962169980740445	0.5365595316374707	0.4926366337884141	0.460567234052174	0.5405636875962869	0.5397483862115811	0.4861323528246332	0.5250550925380617	0.5376740259886472	0.5021646642687874	0.4055968479797592	0.4717275834426939	0.9999637075010313	0.9999957982255498	0.01000452887604118	0.1121898183826221	0.01000452680347123	0.01000574537621305	0.003173819671258789	1.13940636030864	0.9194790118731998	-0.316190628956126	-4.083878894318583	-0.7195237375912342	1.251801355254999	-0.03183819198021753	-0.007994233736486264	-0.002829278767094511	-6.089286427837619e-05	0.0001812533420971519	-0.0004186571351480391	-0.02617232318479249	0.008804623892800524	0.004938223087104404	6.621254824216614e-05	-5.927327666349853e-05	-0.0001949754596403712	-0.0002564809677605564	0.9163807081465807	0.4207036145170279	-0.1498932843436673
0.7211904761904762	0.4968738649037855	0.4995719300157349	0.2240095753972876	0.3109591853751564	0.6029670889270065	0.8153147766771788	0.6691088500005737	0.6630557429773335	0.6339656586229756	0.5624290170195101	0.348954165831231	0.2401384946081253	0.604099477917066	0.4766470448615766	0.209111126024353	0.03404516483079342	0.4077371441353549	0.344316128406909	0.4295761867447976	0.1576227700411389	0.057574407439058	0.01226760323991134	0.04367590610582604	0.06046292996789331	0.8494104676668127	0.7763628419287737	0.4056010471588406	0.4559066933064944	0.2251646842436502	0.2123551369136751	0.1502442382787939	0.1016667838861561	0.1301681643349719	0.04526700505959332	0.1700073106613424	0.581960589127455	0.5317144090360081	0.8713822295499929	0.4081277567642042	0.298628541507181	0.6016878561361105	0.6123058709384582	0.5535833529241174	0.5927321733925994	0.01012423954363173	0.01005144834119467	0.9998368889421551	0.9996845894437384	0.01162980901868235	0.01077580043375243	0.01025977201441424	0.01031157316042366	0.7151327560403945	0.9998500166522535	0.804839965673825	0.0106323627486087	0.0103879054017116	0.0102626290733004	0.01006001889795285	0.8827510765294958	0.9993042062359221	0.2999849932595596	0.01214881355773137	0.01119026025844361	0.01055377617119991	0.999961660746046	0.9999700191318347	0.7181266487812555	0.01180312072120927	0.0102046896177183	0.9998559656507471	0.1033854383077387	0.09929103860680347	0.07581507414655973	0.6560164661408601	0.5837776725343077	0.4470088965369307	0.4541371216207181	0.5704939941458528	0.5658768916573129	0.509351932380298	0.5305913147881861	0.5399789161221402	0.5288949919352357	0.3813642414338118	0.4469525325249458	0.4213370283967969	0.8082664046437967	0.06913406654115707	0.2210248701166586	0.289968232788619	0.3622683403702223	0.5784017116107502	0.3295419832274666	0.01571321238937174	0.1947861066219799	0.6072446779553183	0.9269838520855587	0.993547996797176	0.9746511572122476	0.9057990866629253	0.4255456829446609	0.02126019420690916	0.026742696645427	0.6810834731195806	0.5173579850534021	0.01392360380507667	0.01234608573756505	0.5119775063839175	0.1944584503072953	0.2772979823130344	0.01355059695815067	0.01137111432420705	0.01074822507500619	0.01084813152375903	0.01076902751537956	0.8502370083918404	0.8566895534664553	0.04197822432655116	0.9978382187281839	0.2284501887806941	0.1660089076670694	0.0668184934695452	0.02969529889777764	0.04459622119331998	0.05870959894303422	0.1791206479893714	0.6020226106172794	0.5445930152538476	0.8809586466518614	0.3696276527090305	0.2656899099941225	0.6068210140180217	0.6222803938935578	0.5668831948783882	0.8443220329713735	0.01035676970618849	0.01523379842425113	0.9949825447621815	0.9962434484490755	0.03303594812254231	0.01003276382879388	0.01007827068507181	0.01003054445351643	0.718064862693482	0.9992951223325784	0.9998520176203011	0.0103591787707233	0.01033676245335714	0.01018941152966937	0.01006245787544025	0.9466164100290315	0.9993435579018897	0.01325221411444098	0.01068983335723647	0.01021585173479594	0.01006599441000422	0.9995530667003528	0.9996031906233154	0.7796544596194217	0.01315118474552309	0.01164401526285117	0.9985726713683749	0.08555124583477694	0.08900044832584109	0.06588349277040227	0.5947722783717451	0.545030231089674	0.3637131108015801	0.4155057075177769	0.6045666153072452	0.595636994794295	0.5328731790844877	0.5486806610345196	0.5625652845183575	0.5577801956773127	0.3299635387834253	0.4126855160090555	0.01000911814338825	0.9999251804927475	0.01001021831847333	0.3407389830394821	0.609434982168083	0.7820904378572958	-0.001629444142268322	0.2217003167911483	-0.79169086175251	0.2220601320411481	1.679179813037946	-0.6996743835838499	-0.8724350788264083	0.01585426584121191	0.003917301181165261	0.001227631647862239	5.362891555333357e-05	-0.0001125094883269953	7.427607472094232e-05	0.06792050383565294	-0.0231261066604997	0.0007125508798089608	-4.256358909354463e-05	2.976211390005082e-05	9.679659116077892e-05	9.947798501664553e-05	-0.3193415559570214	-0.2940760486664855	0.1089202950568675
0.7385714285714285	0.5062781207710652	0.4085777951535517	0.09774461152758625	0.3631511435674486	0.5969067637162837	0.7196779962623221	0.6713202218444037	0.662575137599915	0.6212338059781926	0.5441036438469505	0.08443789787333303	0.02457967618253461	0.5021792374572805	0.5788948351151697	0.3562380657474607	0.1175491132114762	0.4109990495951014	0.1871975821783892	0.4707425334650048	0.3536708927897238	0.3041777340297557	0.2591636763991233	0.01415867568326501	0.01558890581883074	0.8833158320601834	0.7148150633837852	0.07926272050498734	0.6089469003146115	0.2677387379783759	0.2418834651082454	0.1891963115599859	0.09689152289270628	0.1220199880033249	0.04552366906798793	0.2087111165338984	0.5687526453151986	0.516921513481475	0.8710694986407662	0.3779651080668616	0.2569645223233848	0.5906665289173161	0.6327942458268598	0.5676067157625336	0.5797532384278096	0.0863373419821744	0.07701916770317049	0.7445070813895205	0.7434599229653527	0.2027973887174274	0.01219628072479739	0.02443897000725618	0.01333964364921327	0.6957445708923198	0.9781916255112678	0.6246323898239724	0.01908148071255477	0.01266373607227834	0.01236582078830584	0.03998795473577486	0.7595583208238201	0.7320716302775236	0.02889537218204221	0.02579911988469056	0.01133323903953778	0.01050774504173997	0.939626691692339	0.7918414374083557	0.4980185771246617	0.2127639184387919	0.06748900178237258	0.731530665532225	0.1131090124081475	0.1140894735548491	0.08542266679931081	0.6085205481313201	0.5548708242998942	0.4242097950034391	0.4450071180818848	0.5866670026346043	0.5803810395118353	0.5052672388846541	0.5332098589773883	0.544346251067636	0.5274326736288899	0.3137712082620354	0.4234855820346582	0.3892971366552511	0.7216562072677443	0.2384711958339524	0.212826513160517	0.3797321417194565	0.4826882078279454	0.3889070686636306	0.4450652989999476	0.2217151416108085	0.6910319018970498	0.597500056851249	0.3659515564287321	0.01297613067972771	0.0188881246042229	0.01353731332629965	0.721999244248947	0.1100311524554377	0.01559185658971045	0.0447393695620518	0.6768651877199215	0.9233782693766126	0.270970502295128	0.2658353739991031	0.1682910771018172	0.7307525335666002	0.9709628982751076	0.8687667969985445	0.7437634098204426	0.02166849685465516	0.02924445667536452	0.9862364987367953	0.4213569092416432	0.03633830583428451	0.01152446968673046	0.3696413065476106	0.4165273394037982	0.429758919578397	0.2171354064798581	0.2541895845591408	0.01908699414532945	0.2678456312498154	0.4892399521368516	0.4476347857217724	0.8493656171671689	0.366120099471074	0.2167993385441942	0.5449465689753554	0.6781919400306122	0.5857324937015156	0.012636333130372	0.196449502623319	0.1668227249820738	0.05096313085013063	0.05098841712362436	0.506822336930979	0.0138891092294539	0.04212446748811991	0.01697673708033045	0.6152525224094011	0.9203518975685455	0.01135149214547106	0.03158553227577385	0.01578918493392023	0.0149281726032559	0.0788791984683373	0.3782161638514396	0.01703994132048489	0.01635611009161649	0.04322127772728784	0.01147001735023993	0.01040981993900704	0.777249943958332	0.2330512834808335	0.01348101317828345	0.598837661443433	0.1541448831220689	0.01502786353696928	0.170129445994063	0.1664874433382573	0.1247921878189246	0.5529125625359361	0.5210834589392724	0.4957436800244509	0.4772834190410686	0.5709950229298847	0.567606260411436	0.4559941525483175	0.5133402984666876	0.5237689524068718	0.4759646033245368	0.2426073092315125	0.4224477380004834	0.9999959969265205	0.3242559771740824	0.6355908491926092	0.01000325952555319	0.01003924248349295	0.01000344444509231	0.00344295910919166	0.03305991856564641	0.3836844311594392	-0.3940251191826545	0.8057385058711595	0.2625467290620104	-0.2374526371531972	-0.03206277987252927	-0.007869847024533696	-0.003355089794471819	-5.221908049486343e-05	0.0002959027639790687	-0.0004200359860695806	-0.04528676827028577	0.01001901718103268	0.007291619530863328	8.426681924948449e-05	-5.227435661000127e-05	-0.0001889511204525008	-0.0002933518136309446	0.5222380490164155	0.4781635442859547	-0.2130913938225809
0.7559523809523809	0.5103650509693479	0.5741187796124824	0.1866427624025205	0.369406417767656	0.5883504792985886	0.7421541110604661	0.6730671168406186	0.5359281529075218	0.6491615360744374	0.4568574039442947	0.47055610512423	0.2273093134797716	0.3056061452804753	0.3686593930608219	0.3331613982942581	0.09258815184492789	0.4976330134257372	0.4014312881483897	0.3311863041068081	0.3467922310053002	0.3026743008579035	0.2530409971618864	0.02548301050554933	0.02675706717476926	0.5663760804972457	0.6741764914072973	0.3184930381805589	0.6476174313237911	0.3335755229882812	0.3260179312416205	0.2586718954464424	0.09187576929776975	0.1100661648777708	0.04750837693711731	0.2733930343129278	0.5450141321798359	0.4970540742310163	0.8438356342906846	0.3503903524682844	0.2296857751220782	0.5633551739340134	0.6369294902401481	0.5745922880542771	0.4590172285086534	0.05064913858483268	0.05082638028046592	0.71167841774573	0.7102491783157151	0.5669854540135439	0.01262109276773544	0.02156662399924398	0.01137275318454677	0.6897271037482107	0.995280031135759	0.653979971703802	0.02439226754209877	0.02499175250232712	0.01786889265442999	0.01078616670957322	0.588117937014041	0.6981103501109132	0.3400755176115141	0.123159191181372	0.4162983679578274	0.03523022562753327	0.9313122911807341	0.7722984941159619	0.1827966192191626	0.221890418147801	0.1954720500980981	0.6987080993012474	0.1220896548325055	0.138953843653743	0.1004041768394892	0.5756557960140037	0.5378420312748587	0.4219641653580711	0.4445135320819437	0.6001880301570663	0.5918031590051148	0.5182498068071381	0.5230409555381904	0.5320283341828849	0.5212857236869162	0.2533708226716243	0.3991772246787691	0.7825383661628805	0.7324216988989284	0.2132193086508848	0.436879107743455	0.3249148188277188	0.3398929672545624	0.5726381962277584	0.7922419680753383	0.1907310986481155	0.1990902472781453	0.5894415528694579	0.9790953652054394	0.9964717225024362	0.6706146376556857	0.9885394628089399	0.2437918400012719	0.9832289810180528	0.4505054801423969	0.25743881011144	0.02393234465804826	0.01251855839048123	0.01208789578070606	0.6904113647878092	0.6763735636333262	0.02472950237601861	0.0128866394174158	0.01123195009834825	0.0105827441460778	0.02931239729055744	0.02692361064220884	0.05927970586561734	0.7712785446905038	0.631803161290091	0.9986221940527925	0.3704978887937109	0.3391873630976748	0.2115037668367002	0.02978338657301985	0.0377952565750669	0.06267189663396859	0.3295113365591692	0.5511268500396351	0.5057932850449989	0.8033752962087384	0.3255625495981566	0.2260820963422612	0.5450937800767045	0.6152991936123831	0.5731723376379989	0.617022955839846	0.01170120918826529	0.01148442468758985	0.9965699004968626	0.994458643622273	0.8375084892423478	0.01191613956795961	0.01141270488890152	0.0109151294163942	0.7193046383573898	0.9965732175031726	0.9982630455190892	0.02144733253796004	0.0322043178046372	0.02040659985443059	0.01060331811766313	0.5288695163343233	0.9944610691745135	0.727041281816776	0.1994190837607958	0.9367084787912621	0.05592384145539744	0.9991206219832228	0.9993131744824257	0.02983830456770595	0.01924322370640983	0.2603420844410346	0.9968484076742496	0.1035823361478459	0.1402495086516546	0.09607070675202964	0.5474354529568746	0.5266063654980808	0.3571537649056373	0.4112680872733635	0.6291281537216372	0.6156908516305617	0.5732765410920742	0.5256781101974861	0.5334346335413231	0.5486420091658216	0.2243983950796257	0.3653324073306224	0.9995025117697969	0.9999503798202792	0.01000866653024714	0.8561656706765804	0.4287410911267938	0.4171010187412844	-0.002104027204946883	-0.06947969277634788	-0.05507146838878382	0.2981037155270281	0.06964475322307415	-1.013052225453688	-0.6673890593631554	0.01586067219500067	0.003745712977882599	0.001545917815168554	0.000119597348210168	-0.000136308472064892	0.0001255043658980188	0.02327655987026231	-0.005358597465717005	-0.003784008214526951	-4.00566435570168e-05	3.139953874141636e-05	8.437556887269068e-05	5.134746275394441e-05	-0.1262306097612998	-0.1371282302000257	0.1634690713098389
0.7733333333333333	0.5050445066582238	0.642779065532624	0.1349124817266946	0.3346909539437852	0.636285096350251	0.8499092860375578	0.6748529090992997	0.5381679522227264	0.6631624884718436	0.3964109150060829	0.6814502657824548	0.2851584484331856	0.2083979672923371	0.1780326012881113	0.3293200883471291	0.1825821678295465	0.5231085902574302	0.4289437468152692	0.2365227528043068	0.340200324872958	0.3359478076314967	0.3305103371982196	0.02215423837136537	0.02057812114918663	0.4660127472134524	0.7079188014500023	0.397410463817577	0.6660629181554761	0.4031106192846954	0.3852822097924972	0.3171957143073852	0.1070721361376916	0.132244530868805	0.05032500208044424	0.3576001321837604	0.5383946833161869	0.4978201992463654	0.8004251963578838	0.3573653645169614	0.2545643762653789	0.5466843912970867	0.6204366673620988	0.5683387026532475	0.6572084084012806	0.3125311133184092	0.2052755125727358	0.6877098540595712	0.6877720940572668	0.5501884148317002	0.01151616633065066	0.02648602925621493	0.03090777169268356	0.6820139234812349	0.8137983583658633	0.6682704312441172	0.02142501823934533	0.02457389803174532	0.0174327729288241	0.2860898686179552	0.5547026148877674	0.6860173522571256	0.4509088250595387	0.1318722770100199	0.5665453635664122	0.05157453416365277	0.9266964163076679	0.7004015985356756	0.0602194722796967	0.1808328927809338	0.1612428908607725	0.6846345160284975	0.1375133572590208	0.1733991505205649	0.1199721986271016	0.532342508179668	0.5168014816770525	0.3166679106823843	0.3789661515318221	0.6106300508572992	0.5996159273082375	0.5698452498510892	0.5462058783619756	0.5600644094267464	0.5588464552745367	0.2622910156367831	0.3794778405255608	0.8945277663997466	0.9343637132471025	0.3264324152976926	0.5391422076632303	0.2997769725492229	0.4861507641947218	0.368017439204955	0.4703524855611489	0.06592068900121566	0.5814871094848465	0.7600928587882652	0.6863697065880161	0.0160985533372521	0.2016695811255085	0.01699817453537719	0.6101988937378796	0.3328539398700076	0.01209666041833245	0.01782098916461173	0.2780023145689005	0.915937292165003	0.524247414860149	0.2378130212528128	0.02640643609209873	0.5206689200126514	0.9506391834401191	0.9778096330641938	0.995342464673582	0.01302361989156938	0.01461836471447468	0.9842286858853194	0.5826483868160754	0.01471137688234002	0.01323859920395178	0.5254045546714791	0.5391130722406479	0.5771565984331959	0.2567108699430485	0.3144476791824762	0.02462580166804626	0.4632040370102123	0.4961772292763842	0.472014520462733	0.7420985025553308	0.410509875617974	0.3030803752092316	0.524355663804064	0.6207853562856108	0.558201498637616	0.7889969796308	0.9749464930104903	0.5948696340432819	0.02099308194606168	0.02632668488253873	0.1498076532052103	0.01149944179299726	0.05324562421231109	0.05979207964263272	0.5980161274654661	0.3008175507880562	0.01371948709660967	0.02454665822634671	0.01309290097260546	0.01330090559536664	0.857981387945052	0.4914789949726296	0.02690758045750782	0.01716126104390368	0.02569026818436188	0.01166420222106383	0.04118157707120785	0.7728913330294017	0.02865788973557939	0.01401034180620455	0.4765022979002371	0.01949816057256632	0.01701657111291275	0.2061924084910998	0.2455882323131907	0.1683261826670235	0.4563475515683997	0.4752061480163043	0.1947662439792187	0.2848886106453362	0.5881275551515669	0.5789348375155839	0.6016727321762443	0.5966553214665945	0.6250927061264373	0.599670013378648	0.3137642318669548	0.3872896022980852	0.999978235272532	0.9696659326021184	0.9999873010276343	0.01000429446207252	0.01001349302665907	0.6154871946039242	0.004948032981990365	-0.01331480386990012	-0.06039792772146538	-0.1125408311268191	-0.9759951460574728	-0.8443246133876332	-0.03951007195867163	-0.03097986826741244	-0.007656109913474879	-0.003992601352128763	-0.0001089472220423962	0.0002508471032853637	-0.0004376796376881222	-0.03682596274698507	0.007311348873054895	0.007808868272165754	0.0001191675806552494	-5.894784014881218e-05	-0.0001597033825324767	-0.0002855305609112573	0.2124590592474168	0.2051583755592719	-0.1603909267788425
0.7907142857142857	0.4678239607467354	0.3087958140476196	0.02123233010954477	0.4006108833781769	0.6166028670582588	0.6712604908631706	0.6751149731576402	0.2222097110652678	0.619491901865016	0.3368363451053857	0.7464744885554931	0.05547768574628305	0.0359669861685266	0.09305619142923434	0.3375035219802668	0.2092304207621061	0.5594796102925568	0.1310213788968066	0.1868816437052658	0.3352750680856665	0.3429981585842194	0.3484089665305526	0.07901468510267846	0.06977276095452481	0.3841470392613375	0.6981380159085323	0.09537369427837433	0.6718327928154857	0.4085485288458168	0.4013929923590386	0.3326999263790842	0.1059706461491435	0.1271033782197748	0.05403723239065287	0.4107830163360021	0.5225056181505453	0.4879745655616894	0.7684875323859665	0.3619409377169776	0.2563369500192524	0.5305453361023421	0.6080982672900076	0.5635983724457404	0.3953660101213585	0.3452875179008221	0.2524622944609983	0.6487979441394109	0.6484217537032922	0.5871626185083231	0.04037362195555422	0.01398676391937025	0.0122212301000651	0.6638048283630376	0.762899171305821	0.400210876365419	0.10693354171874	0.1540206580161333	0.05242259151985502	0.3047688469162946	0.5203674546115625	0.540734695057727	0.3528537540776572	0.2599074913674055	0.4635568053219085	0.01077348146852178	0.919523658246251	0.6665928783321063	0.03088498894387212	0.2005372662888633	0.137306900771047	0.675642737206997	0.1661960191605296	0.2398026801585159	0.1563729991066329	0.4869151573650249	0.4951446376151301	0.1974619628101142	0.2832086646691729	0.590591567859247	0.5783969238113585	0.6160036594750613	0.5570380654529723	0.5763211740734753	0.5647790580490623	0.2870739236859227	0.393263064928922	0.8583847745133792	0.999991069205251	0.3914037323264226	0.1577424847757301	0.06023420158127452	0.2878528567457294	0.5343856490448703	0.01502298245009331	0.0116712954037746	0.3830165384046366	0.5454629204585104	0.5101036055190333	0.9962340189868411	0.03068507867867946	0.8653913222092978	0.1510944990265862	0.9921579418077702	0.01170627191707892	0.01320323623882621	0.0133760429470325	0.01228691577209236	0.012568994512249	0.7533909082383821	0.02192861546138452	0.01486299882343796	0.01165988851557995	0.01084259868957386	0.01065191818847169	0.1313925369180377	0.1129684131150274	0.0238165459672832	0.7417567216801785	0.01354613457153329	0.9985223185978539	0.362148095736867	0.3496313252691614	0.2224560149819113	0.02640243161555399	0.03007963323544185	0.07587864907373847	0.4336776182620355	0.5242997711758199	0.4911559134223589	0.7458790916719403	0.3415480404048948	0.2359986428554739	0.51819633265161	0.5857515347235859	0.5602665734965856	0.01200380173919033	0.01434962247331186	0.07236842740844496	0.9933419781754512	0.9891457014283961	0.9061047982159174	0.08344543844400994	0.01310726599480543	0.01078170519696435	0.6659329293560532	0.9955817990576165	0.3261307269578958	0.1794016061528695	0.2857547163178673	0.09054035900281664	0.01058057515682495	0.5097547993597901	0.6373315158184513	0.4245231026611004	0.4718159334189738	0.5787047873766578	0.01084540099755888	0.9981397474551237	0.9986140974526426	0.03021854948980832	0.02815893143566085	0.238655505230269	0.9878690228769822	0.1811961536146765	0.2921477150122306	0.1898188351474594	0.4534534987915662	0.4833875268832564	0.1197878184905782	0.2132791130803534	0.5696852959446893	0.554380838995652	0.6736833413687208	0.5428821227597902	0.5597262426216347	0.5518565518247914	0.312979977550986	0.4170707789776994	0.6606133769004106	0.9999942308377979	0.01001833179364731	0.01000527244026802	0.01000305671775793	0.01012199412256095	-0.002178885955361159	0.4069902618761432	0.02252213531818461	-0.1852667756945583	0.1707560470510424	0.3083032518101651	0.2209165731392813	0.01528662954521292	0.003586247626332931	0.001582026038136398	0.0001130827196380059	-0.0001328586685290387	0.0002167956007234705	0.01674202579285241	-0.00331282634064857	-0.003126346058014443	-0.0001173847256080014	3.409180232075357e-05	4.746007812628476e-05	-0.0001117825905335119	-0.06236211118853128	-0.04425480614420002	-0.06095535472125272
0.8080952380952381	0.6541044584631076	0.3837402342674445	0.3320261638913671	0.5421429993475712	0.6810383340748007	0.6985626405607268	0.6753531045058625	0.2470718608272252	0.5988958722310292	0.2852917276980408	0.6761388584356304	0.3111548337934201	0.2761761584377599	0.3054574839244517	0.2403766589440387	0.01522027103336413	0.573240233429874	0.2200468451865501	0.2600270572310949	0.3491815441368151	0.3493723049297155	0.3452954706949777	0.08678091573086126	0.0749281314430625	0.368488667468148	0.6801232433668982	0.3478629088445168	0.6743355311489805	0.444761400210003	0.4313893340972417	0.3614831177389081	0.09105328348696079	0.126421575157999	0.09357541380372811	0.4645202118287606	0.528843024452237	0.4996879419788781	0.7455684393235892	0.3661362894987383	0.2666277250088513	0.5220592438013255	0.5880583902347506	0.5558197606345817	0.3941467752941274	0.3137523675917929	0.179120224439637	0.9307801327081578	0.9277429835533939	0.8575003745385844	0.1851693259229895	0.1628808017230841	0.1943427583164377	0.6114527608640045	0.9506916436070761	0.2738611339200885	0.1158202790940956	0.184238635525205	0.1118482613930846	0.2710874648817556	0.5326418572942113	0.4680803342930348	0.3061481740310151	0.3312750667394508	0.4170774919177696	0.181430689702568	0.9618127583800989	0.8636714213434884	0.02566893439892828	0.02678580606199531	0.4489161492052334	0.6761981341376585	0.2933387619608893	0.3493870263084051	0.2928715687245882	0.4397767128387366	0.4782650408085785	0.135902108087075	0.2486983972841618	0.5717865776084421	0.556747243665758	0.6574356847283114	0.5452047871107053	0.5556285532841825	0.563544665372774	0.4016079836012214	0.4392831412230068	0.5328649613121272	0.7333130333525868	0.0521204840034694	0.2994695995183549	0.2997523321484594	0.2942730686858289	0.9980880373583795	0.9979988204729037	0.9982597624680644	0.9810720722226658	0.9909489724023819	0.9960302337220527	0.0164738174174075	0.5496545518839761	0.01587925593095291	0.4926617198716634	0.01976381615606396	0.8903198298945888	0.7742890619617582	0.931634454449672	0.608381806417376	0.02138623814234944	0.2323104507576713	0.5202416773302303	0.7515968563988443	0.9972894309019297	0.9978726336555329	0.9828732052235312	0.01103633151058221	0.01111967386477828	0.969794998774913	0.5372877111019548	0.9969672233254395	0.01282733780353807	0.6313217144138008	0.6175289875203539	0.6562209133675468	0.218315039342998	0.3129903728921958	0.1134082478365936	0.5796176000142732	0.5335315074229362	0.5184613557642275	0.7080969853740877	0.4189518080822641	0.3303702621036712	0.5160127012722489	0.5718147804684128	0.5392742438563675	0.9951711973634184	0.8688542996896585	0.3766414309431161	0.9905603868702495	0.9876791259824711	0.9657481972460791	0.3630710727104925	0.4349628380099443	0.5408204139985702	0.4544776603526397	0.985155216624101	0.01058066500238833	0.01207032909921503	0.01253553819071561	0.1405260607196766	0.7489793869045692	0.5681430823711885	0.01323327929702121	0.01410106501934267	0.08842431587961962	0.01916948328108158	0.4883799014225553	0.9217378232117462	0.7136333868727868	0.01095825566462221	0.02920490979640538	0.9242836144050715	0.03166112879578499	0.5483074730639272	0.51703560307033	0.5279079047115962	0.364094938341813	0.4473049445594041	0.1227906295075072	0.2694691979792888	0.5522540971814882	0.5354981725994851	0.6798604624615958	0.5478014859576962	0.5421911602283811	0.5892113699619423	0.6320498407943139	0.5115400699212622	0.0100459156783559	0.01024453927499594	0.02616951386437032	0.779693458438932	0.8504987868931272	0.7561416855622146	0.004479828201135785	-0.253009228938643	-0.1233370522522056	0.1008411668615848	-1.110917166115116	0.9858935209960102	0.1900596276010354	-0.02911516653679621	-0.008039477111703327	-0.004396982765673708	-0.0001114984572841424	0.0002863237354574973	-0.0004529273903941511	-0.03119657590876904	0.006278479837021465	0.00576369377890325	0.0002136416381415065	-3.637973769250858e-05	-0.0001259026366084085	6.001172844969696e-06	0.3220593955007249	0.01620653081401123	-0.1327940989481429
0.8254761904761905	0.747866146326739	0.7370641936362363	0.3532225540417218	0.6453293300428328	0.6644000836885408	0.6253783591105145	0.6761945348774442	0.6513831175885613	0.6437361614846445	0.3407974129780659	0.6576853201605605	0.3110155489488856	0.2910912238349677	0.3463587845103192	0.2543825273530201	0.1179155106457816	0.517622191253444	0.1960305002281988	0.2841615603549065	0.3530671072346739	0.3532499205812265	0.391433905115191	0.3896339522157634	0.2195067458541043	0.3572551688594736	0.5850695802725742	0.4562749481358897	0.6744003142048349	0.4666288499448191	0.4634995415338106	0.4228662185853824	0.09550958280488404	0.1781706002186273	0.09637984228548249	0.5175023024243537	0.5262170731484357	0.5027689259191701	0.7220727648667119	0.3775101844679558	0.2831687259762422	0.5123594382023177	0.5696676258629827	0.5482473006000789	0.3605591565920966	0.3039669164451649	0.1404081750692849	0.8349137885253443	0.5753918383839501	0.5359210123679147	0.1510465677701903	0.1610995325455775	0.1873242640506325	0.5966920784892987	0.9911899334828246	0.5130284562216816	0.03077320723933397	0.04990952711307509	0.06640523955284043	0.2568601634351698	0.6543114771313115	0.5880685741467614	0.09275302090635612	0.1092010188043993	0.1359755379037128	0.1779700598932107	0.9935748022694523	0.9097850439622777	0.4406903624070519	0.4402709856554977	0.4732150328611771	0.6678827198553103	0.3779042904583361	0.4237262960982019	0.3842410456443871	0.3588760988733202	0.4377471290213015	0.08635817191615133	0.1907902355684149	0.5287462107443197	0.5058032143043059	0.7365436499033594	0.5205811918485691	0.49403610357827	0.5807686190131601	0.5485576450398378	0.5001849923546451	0.1476339353108485	0.5155390537848367	0.01025397575669331	0.4210691792809297	0.4031402297250891	0.3581092747763824	0.711211317560817	0.8878516976845725	0.01873012059283247	0.5628944755644263	0.4831177343910423	0.3703126324498703	0.9981436620736095	0.9905762177472364	0.9970675218059886	0.2859404657757444	0.9498373627373523	0.01210220076801725	0.01872953889949789	0.02142142673455021	0.02924026810989111	0.2057060345234016	0.6165289447849054	0.02969037213288641	0.02730751918352955	0.01340939948271851	0.01326407861936175	0.01389859266420015	0.8292417211487344	0.4140546767227857	0.02258705447517797	0.5061458603742024	0.229068951661406	0.9974356527400373	0.3994963566825656	0.4084731297619024	0.3403607125524462	0.02924328255584341	0.1240809110445505	0.09792253260701297	0.5329156407562742	0.5210716215501944	0.4988371370659641	0.700826083676917	0.3658584756172713	0.2714463892051647	0.5010833876835861	0.5473191312781298	0.5443606474738134	0.01033377332650362	0.0103318383583252	0.01034679313046379	0.643832270720729	0.02662476764860339	0.01417885719953547	0.01004452645392006	0.01011834721613285	0.01005054776490257	0.649348852417057	0.9994688418384439	0.9995836471153939	0.01090820048772754	0.01033984674476617	0.01020521491721389	0.01009782699621027	0.8070990023666228	0.9986244985829218	0.01126934979312345	0.01065799093103004	0.01012047521545102	0.01005797877732977	0.9998101197497463	0.9998407716816446	0.9973378319986765	0.9944561915769071	0.2329590010103353	0.9971766516953148	0.3417901827387825	0.4301529984928755	0.3682196919082474	0.2862262738403461	0.3950652489382473	0.0461529661824121	0.118974769800565	0.4673105807604115	0.4348887789747038	0.8466035174846968	0.4799728915304819	0.4073004579282436	0.5898010991184647	0.6334948510973697	0.5510308349643608	0.01001437221161509	0.6186350101114548	0.01016778316557406	0.2320510575922627	0.1435626305179553	0.115166608268454	-0.002342917099614311	-0.9530850170327966	-0.3495184933871449	0.261705459737564	1.632167686378805	0.02702956369568178	-1.073885115473872	0.01399198155654675	0.003516493444513734	0.001868134995775727	0.000113835122567166	-0.0001830895009921775	0.0002150359516539113	0.01269430592742805	-0.003509283200440048	-0.001741988251642962	-0.0001170902028510869	2.351880353471666e-05	4.794342880090636e-05	-0.0001715933683439827	-0.1619768680043981	-0.02016652261805423	0.07702504722423396
0.8428571428571429	0.7802369751189719	0.832018498198255	0.3536905430090762	0.6756690511378359	0.657635208255998	0.6016476146792555	0.676113191285334	0.6091598929570982	0.6639706524690033	0.3056030062054582	0.6552735061555456	0.3409313466144732	0.1875976096604884	0.2239751070584861	0.04334735085745432	0.1323583792863473	0.5471413056202745	0.2357947433250301	0.200080757679372	0.3527527013410957	0.3524928334044073	0.05097726349823829	0.5143056574578123	0.2684498455951663	0.3275056673075234	0.5108470060811711	0.4685752011815166	0.6779982693990366	0.4694960111309663	0.4646670202271507	0.4187436616129241	0.06685497208026416	0.1732763692143248	0.1509860666472774	0.5399535727561846	0.5286503511047185	0.5085200706072168	0.6971612451836539	0.3837962112672695	0.2956795586717216	0.5059894780352622	0.5478631760371536	0.5402974304601611	0.3545352410720359	0.3356440190137746	0.1447557077209331	0.7499658114562214	0.4330568247207939	0.3929006507338151	0.02996931877551195	0.1124805448215451	0.2271248198645425	0.5782183478793924	0.8774296236155621	0.6287940485528467	0.02480938296017863	0.02665455504536896	0.02334005747490471	0.3276178176756555	0.6712908142251225	0.659855414750552	0.0355121392264625	0.1303224306990263	0.05752139141643674	0.1451692867144367	0.7867647005165351	0.7313580663893965	0.604450624706351	0.6611888287823243	0.3877600360319841	0.7688029448868733	0.3891742151902982	0.4407119933541199	0.3995315533596799	0.3048915967147943	0.4090263298638411	0.05452965134619737	0.1649541480925172	0.4738435612086245	0.447987285038747	0.7745690402461213	0.4934648635479633	0.4415124236310373	0.5765333121872522	0.6152571392940168	0.5380031620178981	0.3589035661225575	0.7338997614199969	0.1346199538046985	0.1641027419682599	0.1131529023282425	0.09246294700586455	0.9977780475630295	0.9967090953026096	0.9969838155421812	0.9801824991712222	0.9867249852734493	0.9944518678669253	0.01500825419453599	0.02685596526920691	0.01417910881843101	0.3572536034703075	0.03863374895148113	0.9884807858550828	0.458536443052391	0.5435895149623986	0.04424733826817991	0.01263660796711823	0.3934682434983135	0.6429564040688094	0.4934633940351816	0.9955848043277539	0.9947052986449263	0.01276838743502356	0.0134588104610547	0.01410932557685386	0.8756266864739816	0.4203423269233234	0.9947251452837611	0.02409635221221166	0.6208985960325031	0.5929727693333867	0.6009516491983148	0.1468588619461736	0.2896601123251952	0.2487153637324629	0.5957991858969017	0.5439466878349769	0.5329176559237525	0.6569190902677505	0.4276396711690487	0.3543121414024291	0.506902693875341	0.5246481649740502	0.5230679699042602	0.984624550912468	0.973720919562529	0.3931134893908289	0.8330352402116974	0.8919919706308896	0.8198794219797001	0.06369131733668158	0.3002999119848493	0.6617588663691648	0.4150614648742334	0.5574163758205468	0.02218878386426475	0.03079295091436816	0.02884697993211768	0.04989801342486302	0.9792260515019959	0.4760559374843994	0.0603086895756471	0.03125325601358014	0.2896500492110214	0.06318634124037965	0.3944861906180526	0.2005464758990092	0.07084339461516984	0.02122879262234362	0.2358596097976806	0.6392181359003015	0.3664631806860423	0.5287426230596658	0.5070659345953034	0.5127437672036214	0.2854494088729216	0.4025170964795734	0.06517083680685345	0.2316280732616523	0.4309618624481869	0.4140781091584109	0.70457156811107	0.4908574976472052	0.4470032462876785	0.5563604526717605	0.7011847961922199	0.5658679639810158	0.9999967803996702	0.9999933792803637	0.340079889502047	0.01000292050416156	0.01000399300880978	0.01000245649059186	0.005410647911116238	0.4482158867221285	-0.06935003948696832	-0.03818542862904419	0.007346950743419325	0.3060031170639748	0.2768161439478073	-0.02798895751936485	-0.006650610639264651	-0.004194150886791329	-0.0001598116573357958	0.0003986543881877657	-0.0003597102451396391	0.001387617039244675	-0.0007460110719249303	0.001697848357421385	0.0001817081036631982	-9.019493525860522e-06	-0.0001069114530172078	0.0001958979054756057	0.2013399587974409	0.007110877230692268	-0.05993116259670924
0.8602380952380952	0.9092686070253597	0.9288835838273826	0.4558091328503882	0.86139682329936	0.8549307743006327	0.8402986942317043	0.6762912997125672	0.6489170307949033	0.6709562077010093	0.3478898043638314	0.6443732863846434	0.3618162431366195	0.1785052547368377	0.2040848933255023	0.02193633479487622	0.4605041131035838	0.5259010203165746	0.2323240544495536	0.1826980211513166	0.3536230253707264	0.6022148861417881	0.2952087722615153	0.60679827686841	0.484978169314805	0.3099985970984184	0.2554259555997284	0.397667780596886	0.6473523108850135	0.4357970046582684	0.4324545513745167	0.3747585924187957	0.06680801602437993	0.2128769098115892	0.1623534931710728	0.5566431621310636	0.5285474972130367	0.5108616023288055	0.6853499198239298	0.3912025793427351	0.307637135788938	0.5041505470694335	0.5433344633773779	0.5376449271849069	0.3516726762220583	0.3541919827993066	0.1670187114696501	0.4735139909997317	0.4408161281428964	0.4629448162024727	0.02754543184705292	0.1104298932874119	0.2448990792488152	0.5076146837825034	0.8567218952543331	0.6500866574126453	0.1282841244714668	0.02599010205930648	0.02188412355601982	0.3561809673528674	0.5653079579255501	0.6246132106750686	0.1670284220784544	0.1114872158149429	0.02538337617816407	0.1528715323981023	0.7420680409895877	0.6910083071882182	0.6399887847816722	0.5706024002722739	0.5297552456903381	0.6417588396727361	0.5022128191040166	0.5011899234736686	0.5008117214424792	0.237750441109015	0.3621335941603542	0.04965464591289349	0.1583892101346012	0.4672501952447775	0.4366686388873229	0.7861674135061886	0.4811729467409337	0.4117279205382462	0.5832830034744471	0.6634458378694765	0.5566120022230246	0.372371442851554	0.8923822054562773	0.3599050797976671	0.3378528557310455	0.2084231110965532	0.209747643492034	0.9976990550553504	0.9949076576520318	0.2250243843781365	0.9834857416353567	0.9844171734013802	0.9928781029340265	0.998866780504677	0.9945936885842147	0.9982565639409512	0.373598547528573	0.9832754686018672	0.01112118214916832	0.01209189914593115	0.01244593659777641	0.01473272978395877	0.9827342541598899	0.5770636326715123	0.01589766014508298	0.01531137938105421	0.01433425998702521	0.5686976192637389	0.6079634616834462	0.9941661505148239	0.9940607907523783	0.01289462733797175	0.03087311358690713	0.01457371883259919	0.9972907861422189	0.3162692072534901	0.3260967111847205	0.2301654611913412	0.02785818439611627	0.1947824300935444	0.1279266463694968	0.5501122190718731	0.5223825407378588	0.5037418429282586	0.685006256205381	0.3802324392334226	0.2949432188753815	0.5011411148409689	0.5444245050054356	0.5407698817348415	0.01480203994774719	0.01935416496026508	0.05030301326220248	0.05476365854211744	0.202952542017143	0.3115193274599278	0.01148101686585679	0.01353300655575351	0.01158863698311386	0.4777348398043703	0.9831028459248753	0.9829561027552167	0.2330309063212928	0.03439986005455629	0.02048113623778305	0.01326509817196123	0.5096585414798898	0.8863916543106156	0.3141436219884045	0.02672299501703962	0.01396928759215464	0.01204390501576629	0.9948317402259781	0.9956455811353471	0.9805426385991682	0.6558948111172915	0.5672105730239312	0.6583510972733704	0.5888632374610723	0.5536900064273215	0.5857272997553639	0.1670302644219041	0.3011596550983124	0.04072882602947245	0.1183280974553695	0.4829365576956704	0.4417935919255309	0.8371073540106726	0.466587709019797	0.3725007823970983	0.6023659942694237	0.6833999685784612	0.5664390157308657	0.01011442911090355	0.9999660430981886	0.4703186766154803	0.6435393973713942	0.3680357010884065	0.382761395268057	-0.002587757856361328	-0.03888163112041444	0.05191980997770054	-0.04202036708085641	-0.9359443829474069	0.2823248570539816	0.4879508596855286	0.01407350920679367	0.002851689782183895	0.001958142612707171	7.445603725709535e-05	-0.0001829814021761876	0.0001392574787422368	0.000691003852441655	-0.0001644626388385355	-0.0007817184581787629	-2.062462948290575e-05	-4.250356109096714e-06	6.677064671524748e-05	-0.0001382062044458025	0.1324413393480802	0.08210806338220182	-0.04403843720236113
0.8776190476190476	0.9582127911436633	0.963982188294753	0.4644565641430488	0.914805440625899	0.9252612936840886	0.9186934876841608	0.6781032302764228	0.6684225247163847	0.6747046978674157	0.3624632434754487	0.8466398768779644	0.2512712071041366	0.0786378259691836	0.154304459906763	0.08168651880960105	0.6049942392999116	0.5391372148546385	0.2267343386180505	0.1710025644335898	0.3537399479367641	0.6531393316404078	0.387116756700115	0.6515779462922284	0.8532467207760278	0.3393871079381877	0.3189328145292292	0.2659511409698317	0.9286953131485194	0.4270297368560641	0.422347972994673	0.3664354389569567	0.07614596345974278	0.2326113628811008	0.1894448144794791	0.5547409633614705	0.5347391383075779	0.5187995922615111	0.6709626683232539	0.4003038739045187	0.3239322303752921	0.503494046532699	0.5262851564430026	0.5301312633117576	0.3466572797735002	0.2965683920799907	0.1367632139343493	0.3922480005447645	0.4055804964800939	0.4229477478171561	0.04497597887032578	0.1138530164019198	0.1523049618819782	0.4431495727638309	0.8459760993266301	0.6769197876354494	0.2254172153312384	0.09510561979985342	0.1120282105354691	0.2606703320389234	0.5358337574858917	0.7000866509127924	0.2809921177070495	0.1701320687820339	0.1253205872411706	0.05666205483925242	0.8454367170544367	0.8373110360287742	0.6622337018360376	0.5817981886078201	0.4921514640127976	0.6308987923007847	0.5647627340565142	0.5354144699466968	0.5583727423330709	0.1921500523161225	0.3257359854195317	0.05011892926998167	0.1549713749716662	0.4780894150620421	0.4463907124202703	0.7845267569356675	0.4806272945168605	0.4118545742043064	0.5830059324950572	0.6533989914422016	0.5535118899417444	0.2257337640657275	0.9523809561552534	0.2859225881498821	0.4119475509071118	0.2414024553878122	0.249128702844741	0.9958143477367842	0.9883762255119778	0.9842151749857219	0.9292927113827647	0.9799064243049718	0.9731511482064907	0.02047627413749315	0.03058257969872895	0.01594505823643053	0.3646807020930374	0.7051223234656167	0.6329411144834279	0.1897153323912799	0.4015201966500039	0.1877434548872475	0.01613818862155713	0.4593947880112422	0.6260686944380069	0.4608549713518321	0.9958129821614949	0.9952871375107277	0.02693392576251098	0.01736278999850832	0.8688931820217247	0.9746316409647426	0.8051413145807289	0.6098661046727769	0.9795175039159	0.6229361323270726	0.5902069816383799	0.6075405503129567	0.1696345357018305	0.3262831980554327	0.3171178383890666	0.5715890007581775	0.5633032256329894	0.5549825413672298	0.6252783868361128	0.4479733780214142	0.3920504066979176	0.5068561313258939	0.4769759140518335	0.5027557504967068	0.9686543992247704	0.7843112483800492	0.3084941326837538	0.8304041494190092	0.7751929098245677	0.6492739276171853	0.1036926408306018	0.3095008380754971	0.3878425659303977	0.3030787930454086	0.5495437400560924	0.07583918854054297	0.2235301893520898	0.1904501810234963	0.2687976365431611	0.6698738352973174	0.5120761468941193	0.348171962537221	0.2439008115870847	0.4537998054628857	0.3159037990957865	0.1425315899211421	0.5981840217278322	0.6007237355492708	0.0394208180269964	0.3900022857920973	0.3944137387059651	0.4981750460611264	0.612561896431237	0.5502633588053691	0.5900336563976604	0.2089414912277609	0.3388331168706453	0.06717026000408106	0.2252595504929749	0.4708199113315275	0.4547700987219402	0.6843312972593547	0.5020619292375582	0.4756559987216271	0.5476545113061119	0.6124097737898656	0.5355136314893162	0.5358343199839098	0.9999969262864626	0.01000367219440145	0.01006985438449397	0.01000217745807637	0.01002381972193933	0.00558223612568266	-0.5407412229488912	-0.5316560994817803	0.1702306408871006	1.94408861616612	-0.1904764605058663	-0.3919752991109753	-0.02857771025528694	-0.00613791666865536	-0.00429537520709512	-0.0001871059899646157	0.0003629863010055885	-0.0001461994787449801	-0.0004710760216646586	0.0001097635232411322	0.001248307413065198	3.199146097456314e-05	-1.347842287501439e-05	-0.000135735393968759	0.0001225810659198822	-0.410267703622506	-0.06248634539399765	0.1597508796713019
0.895	0.9834496418988503	0.9820198957443543	0.3911631676289805	0.9528963339263058	0.9731925908419781	0.9759215267061998	0.678322983755249	0.6666359488494557	0.6755155710755282	0.4719991908890929	0.8815108382031457	0.2388534866057236	0.07512112209092413	0.145906087669901	0.06616160522178399	0.6379681135633652	0.5394788335355197	0.2301323658864693	0.1616753365343325	0.353330263443473	0.627908854294328	0.2254199921395078	0.6665844545553961	0.9098462210052113	0.3506940814123891	0.2999834445522405	0.232932562217863	0.9842839338378854	0.4312059691398382	0.4280161976147555	0.3896860089734692	0.1860175470195044	0.3158467436090636	0.1460985890644545	0.5590193744701816	0.5386440637791587	0.523614252401311	0.681737815295396	0.4051095318458687	0.3291447668940075	0.5063140703293511	0.5304391417926073	0.530161575589322	0.3536295258952872	0.3334682826154772	0.3160521402144342	0.4463773705783266	0.470585235207664	0.4854684804865115	0.0528440130379407	0.1407918424132805	0.1530263369752035	0.3542571533258571	0.7536265550152444	0.5567768063421281	0.3099002464089198	0.2404151797255181	0.1925672665132157	0.2590739664508316	0.5212720922744964	0.5778640169514587	0.3263226449288829	0.2958136795925648	0.1622498886276421	0.1096242738893698	0.8358807683099226	0.8362092936764697	0.5841738605757171	0.5188540015276375	0.515310447780816	0.5743490604193251	0.6386828235625087	0.5752826759735349	0.6225077797861106	0.1624257454027948	0.2899105665568165	0.0523234215737994	0.1702788594608718	0.4920608230897869	0.4622686727198022	0.7757376582368857	0.4907066031568544	0.4343460500158404	0.5832758571043358	0.6428387948938716	0.5462819182192769	0.6328920075296655	0.9803793376751425	0.118450689205584	0.115614063912944	0.1427583686152111	0.4327146827509689	0.9988284795054178	0.9966104318923639	0.03990597614002356	0.995357463544542	0.9939881409810574	0.989975502615728	0.9983263797953048	0.9746299200038471	0.9973482380589043	0.6253272772767147	0.9925354953729187	0.01100370823632809	0.01135203803834179	0.01135137202472004	0.01194019766285036	0.9777330196598812	0.5803417928794332	0.01577808265301378	0.01319710114207119	0.01333641895515486	0.4186353206777734	0.2648816510428849	0.9985174273265228	0.9986310804859697	0.01113834411663452	0.01386060853700011	0.01264745343446028	0.9963817365662412	0.3354249045030235	0.348811083219652	0.2940614616886391	0.2444198200438852	0.3683265467166689	0.04786377796878743	0.55897747704982	0.531908156334624	0.5143182809824901	0.7211120554857054	0.3864748336184934	0.3000254094661071	0.5081783577093728	0.557290387577744	0.5428669525683806	0.02855626010662858	0.09264472592159338	0.4031291610868648	0.2722504266877062	0.3489725148582115	0.4396565271727849	0.02781379070953996	0.05621377746568487	0.02634322865835799	0.3098352842003501	0.7669824409409656	0.691946117186365	0.4173870189652981	0.3424897981222931	0.1835731251615042	0.0304770096975141	0.5131124828965162	0.5804782551957168	0.4039649787100265	0.2593652599813919	0.09166346711206504	0.1095617427789405	0.9584534013426703	0.9670690695799939	0.7699669998101668	0.5262142735006068	0.5907623316962722	0.5614168378176443	0.7200330376701504	0.6240201371753978	0.6982342279124645	0.1236461813703563	0.2394901743682458	0.04587879441724216	0.1495710138449905	0.5183063921161257	0.4829227927043632	0.8118487467903165	0.4944820171430015	0.4330153427923545	0.6014670065168274	0.64380431428706	0.5433440561477145	0.9997591332497967	0.9999905252589455	0.08066938580187555	0.01072690887166881	0.2042209126792604	0.8131498315199847	-0.002689853172665427	0.9099463422521312	-0.2001534700630645	-0.3335611462509155	-2.285948929449306	-0.01633880570099175	-0.06241778946058298	0.01457067104606626	0.002573135460809697	0.001801376965478649	8.665867764641889e-05	-0.000147345649429841	7.689139736661882e-06	0.0002897990214673994	-9.03558845277227e-05	-0.0005771119461918401	-2.958456865266167e-05	-1.787989846966601e-06	6.907270093135027e-05	-8.131362385221281e-05	0.3989234333480056	-0.08708514348842739	-0.2339937578584933
0.9123809523809524	0.9761264017913591	0.984974412660733	0.3804665613674055	0.9354004459459593	0.9010098343085425	0.8335174595234232	0.6763092767773282	0.6666638775000036	0.6754469515818617	0.5355040568793711	0.8477876850457725	0.1505506824191439	0.04441998150921534	0.1393830905512372	0.1301990894036132	0.6611525820666336	0.5422449499133146	0.1887232751529023	0.204038144613148	0.3536039895335109	0.620468949053227	0.4931840426731965	0.6728834731094386	0.9638155757812347	0.2942114177634167	0.237073277085689	0.167713524586365	0.83689060255088	0.425983855052006	0.4242598123344003	0.3950555372904013	0.229835747522803	0.3599870416890802	0.1601991846207776	0.5692253644634655	0.5479201268384709	0.5334341080294622	0.6874956061876407	0.4030727094015856	0.3261840827907333	0.5058906926778811	0.5181536555735766	0.5263504928582945	0.341506792805945	0.2492113128764264	0.2884149023506649	0.4156361583170146	0.4427114368071524	0.4583246417493554	0.04633364015790407	0.1162530492762097	0.1201225562462523	0.3316912754322706	0.7455515123889159	0.6013046717899072	0.3634629375598138	0.2926284782513349	0.2031682343932474	0.1955033243128043	0.5177861326107829	0.5726485571056944	0.3561944601127031	0.265460349093046	0.1504794838485806	0.1234108641878254	0.882412568240486	0.8878784399467257	0.5614827495847546	0.5069886590194524	0.500998968387085	0.5669014386771737	0.6566652142480116	0.5865300742730649	0.6400799664580992	0.148143733306293	0.2700057444555963	0.05522583727996701	0.1752023365895453	0.5100310644479928	0.4812596864817568	0.7708782948268043	0.4969121344460682	0.4471720561058161	0.5839658667351163	0.6247541318141036	0.5374281390726918	0.7265652526844938	0.9913992888062834	0.1239184905121382	0.1967228301388951	0.4304839842203895	0.5176624760314975	0.938822287673317	0.9746677685227588	0.9831374569231028	0.8220709298678505	0.6796169426368885	0.4300918527400616	0.01379941947693342	0.03323063725680213	0.0145634165654578	0.4407043302088206	0.5487106232250656	0.3760563978633097	0.1154076631181597	0.3834030514263726	0.3566921238517671	0.04089502100975436	0.4675427026504129	0.5018211630891379	0.586295867259423	0.9967927836255468	0.9966553760018484	0.9893786725371118	0.01557584967256464	0.9735145252439358	0.7898989091506325	0.6128610809002851	0.4237485918782559	0.4219530592677571	0.6034959068356628	0.574005661401111	0.6078798328167268	0.2411806487696776	0.3935661716060919	0.3664961986350091	0.598820417188298	0.5879984099058216	0.5803657158519404	0.6304366417552163	0.4375680724274857	0.3796039394635528	0.5025268927410056	0.434521434863485	0.4909507228748751	0.927580013924453	0.5173833100882517	0.1346525422330988	0.7008123084769334	0.6413405075767593	0.5112256568377515	0.0879449621101316	0.2427923890061092	0.2977498510403923	0.3258644274970858	0.643976547933845	0.3784570212266895	0.302658959391465	0.2546042667044683	0.274258450209689	0.4794601925087885	0.5173762929319247	0.4878389762022335	0.2871629624673298	0.3244385808376123	0.2789924908837734	0.1663951423628974	0.7634908319456757	0.7717904533480741	0.08011968108803839	0.4286223706490249	0.3243092669686224	0.5426033412289767	0.5827401841174601	0.5400616475628736	0.5705366891087125	0.1864801026169897	0.3098175973234021	0.07332906469326443	0.2319126215394147	0.5109534599416734	0.4961824248167268	0.6798102220848153	0.5105508919319625	0.493207568295608	0.5495064354086825	0.5676649983336726	0.5161318286590629	0.4548430677234199	0.9999811229087074	0.1504405316437107	0.4705442368602245	0.9154309648845471	0.01013836615327705	0.005418759521756546	-1.020477044386729	0.3186207819223413	0.4625809280851564	2.411301728702035	0.3117560898169254	0.9424939415294811	-0.02933469387549888	-0.006380516858119154	-0.002513339795633414	-0.0001877920142407662	0.0002792483618894504	0.0001262020704132276	-0.0004682036945946282	0.0001532645174081471	0.0009920767792267282	0.0001055453699856795	-5.347532664565208e-06	-0.0001355267435041163	7.571246110382256e-06	-0.7673847113248833	0.1694757810042259	0.4057103777967254
0.9297619047619048	0.994900405855866	0.9873998722213587	0.3655182157659932	0.9328149853295792	0.9008300632052308	0.8141134907782869	0.651873978758413	0.2309779528235607	0.2829019516724199	0.6882580677486644	0.8480597973967854	0.1208311173978259	0.04851475335061337	0.1520857247553898	0.1392991769884847	0.4931635045895056	0.5559308599778717	0.3328003486415891	0.2142123046652523	0.3536320642458105	0.4372165317601701	0.4309131462172332	0.6437176667090659	0.978890920414714	0.3147857046012893	0.2472054122200303	0.1347830578458853	0.8180811594959168	0.4044782022175433	0.4057714299172919	0.4108579106079306	0.3477469760553286	0.4220067724008157	0.1435237997998802	0.5145014239869136	0.5668168537189453	0.549439624235733	0.7646177001580056	0.4119152708812946	0.3286279826756345	0.5276860406232811	0.5425164687981067	0.52784413820889	0.3701314501492953	0.330006998377299	0.3564424477285332	0.4900490520294297	0.4996426034237378	0.5041784146915472	0.04399939136909669	0.1264434887160734	0.1179428766944156	0.2737216297235315	0.7220812571887461	0.5106356222024481	0.3440091637986361	0.2819253694611916	0.23521166596433	0.1991233488219804	0.5177853553215729	0.5391246547252082	0.3214232356949663	0.279072805955851	0.1683137286908254	0.1253838489672907	0.8749147278038815	0.8839405593636909	0.5717124185924821	0.5828567352277647	0.5756165919055766	0.5630636732540567	0.6859808669347051	0.6024548154002228	0.6655612416230308	0.127552562576066	0.2361045836583885	0.05826822975816776	0.1838795783515045	0.5185293848423383	0.4920020035574207	0.7646650151394566	0.504401859142026	0.463745651154825	0.5839646612341216	0.6117324638215429	0.5305959969932886	0.5695689234002048	0.9964512168287833	0.05747223673512281	0.1916635589742593	0.3758116050251976	0.428007656294996	0.9990228213555321	0.9968475144141963	0.03448812445948894	0.9970433477785174	0.9957569961355509	0.9936953247477217	0.9614578203177389	0.01307881903974736	0.1388092539901883	0.9796573391146772	0.996449248126548	0.01519185498225103	0.01138365698545106	0.01096253263273141	0.01129587758739369	0.6198759352811112	0.6164386555672816	0.3211940733476562	0.01257816082677463	0.01325217131053271	0.01591459872354331	0.1017638735230832	0.9995186668721161	0.9995269414764055	0.01052811301623006	0.01160928286771776	0.01235949317709179	0.9965171364332844	0.2810676136976305	0.3016635788004333	0.3173026752986625	0.5030162628858968	0.4940465482105724	0.01932795148174904	0.4230180216730745	0.5704696763103702	0.5452686319797787	0.9119829875683483	0.4060671217607424	0.304156274122719	0.5604875575477858	0.6250845992194275	0.5494768690330111	0.07913093289907447	0.2661317168735308	0.5205535980817952	0.4278092752265774	0.4637027299939963	0.5325015121889922	0.02622496503629239	0.06924170981527832	0.02696327587236579	0.2082979408347272	0.7418729485173049	0.4870802645430512	0.3437111396929804	0.2808109784242581	0.2271663621685414	0.05177523940923093	0.5178277297951721	0.5353137711710165	0.3113234915966914	0.2634176880216829	0.1168582972539083	0.1067310507090983	0.9290095487722886	0.9430968094336354	0.8521228942980308	0.7454611956496234	0.7787234465727663	0.5724436811703881	0.767710918330069	0.6497316045728008	0.7395034108782774	0.08599022228145745	0.1762322184965775	0.05268118133301541	0.164470070531868	0.5319019443727994	0.501054429102444	0.8005580601218625	0.5082017097609695	0.4632374467084784	0.601455796902904	0.6192492361687065	0.5308656548918527	0.4423731445083091	0.9999965280099836	0.01004073745823368	0.01000586286439948	0.01000285726103857	0.5415117394396606	-0.002568453179826002	0.8644638823256361	-0.2471969056933759	-0.3163805245888265	-2.489375182777658	-1.081604685391759	-0.4480820426423164	0.01486565729795316	0.002771678597633924	0.0008283055253210895	6.248687797828518e-05	-0.0001851877824401225	-0.0001843708483508309	0.0002492715859618906	-7.363309475138667e-05	-0.0004103912416891508	1.65583693735253e-05	7.935795507473836e-06	6.700482850008002e-05	-5.243651380532032e-05	0.3886558279194201	-0.08036080765725394	-0.2209281603904498
0.9471428571428571	0.8505164991520462	0.9902012829031497	0.3680409090725681	0.9722754210249981	0.8476516910953901	0.8404769089791752	0.7352393109179965	0.2437441516216945	0.4218935329285379	0.8021099255081102	0.8454778874755596	0.2945756857379011	0.0216246773098659	0.01986713020451126	0.04020385932910468	0.7228177819784106	0.5747868726211596	0.3818840979337136	0.1648420623388353	0.3532163059112679	0.3980121071471367	0.4224876747218366	0.9338976973160621	0.9921249628117415	0.04550354212256229	0.02224249207005343	0.3139061167178673	0.8172847917516879	0.3709862947633855	0.3791318065898219	0.3962838018072651	0.4579583274331809	0.4763797421813306	0.1119942372566007	0.493781476711418	0.5618626463247367	0.5430890565378963	0.7998674505016998	0.4148081060852667	0.3269737508153263	0.5374973711290221	0.574809768920839	0.5354981758464067	0.3295413020821426	0.2955227065084678	0.3764390106246669	0.4656961584428113	0.4771327387446816	0.4893296655623453	0.0757203655244342	0.121211184278207	0.1253970754712766	0.2506609880314206	0.7300150887540928	0.4645738249817598	0.31171394927661	0.24465766723982	0.2155734970926088	0.1803112018532419	0.517166327714438	0.534234672527763	0.3044960272840893	0.277028962244238	0.1605836173455358	0.1325436679394459	0.894109761950957	0.907887731963343	0.6926626459856255	0.6620764837273241	0.6278207860637688	0.5719849459719798	0.7005107356715489	0.6116103997792731	0.6799052366955839	0.1019150399986515	0.2110529859247717	0.06581763154816613	0.1892239021774014	0.529070279206488	0.5026322944503396	0.7621164640722219	0.5080482513287954	0.470842042131916	0.5850634785512553	0.6000360388848555	0.5253924540383336	0.3988171499541464	0.9984322492586267	0.1607642002768902	0.01005088741293225	0.1479636532958119	0.385277813834413	0.4386165435037661	0.9807594909942076	0.9955784335451531	0.9556361777092622	0.505106656680226	0.5422499092494679	0.3137882157067799	0.5184719461726348	0.8817394788800031	0.6112315965381437	0.5398876166319808	0.9073962572643731	0.05377676515065402	0.05009490137513764	0.1035588850379171	0.993165214456462	0.5101799909442315	0.5903430275399256	0.4406698722083298	0.9954133745820088	0.997552982122853	0.9976818388503578	0.9975124753606903	0.9975902112169295	0.04365014998089729	0.01826929139162962	0.9811899926848571	0.4445176331117998	0.5189942881632239	0.5086294298947921	0.5515728832882641	0.4563062484195498	0.4972116871210159	0.2825185073593141	0.5920528672755936	0.5514388560295448	0.5430888583214393	0.6461373168672537	0.4379414738090087	0.372975863983057	0.5087951978184422	0.5061419272552693	0.5129460278220523	0.7897108447913386	0.3775335830334852	0.1160874393948779	0.5636501571222905	0.5195318610430703	0.4182345833242082	0.1634889991362023	0.2275664523139358	0.3178995649898184	0.304155609273751	0.6994121342157072	0.3470646134703302	0.230262598413504	0.1636071962542587	0.2044608583142598	0.4249240252921723	0.5154662966831103	0.511321508889036	0.2707986871220048	0.3096473009377418	0.2534442145162385	0.1835807368448395	0.8364118336018629	0.8557581157844942	0.4437487604828659	0.5863065223631285	0.3921778047171327	0.5749500097435901	0.5926328900032929	0.5499639849788915	0.5847710375806687	0.1305035572987376	0.2623107871269651	0.0900129731376981	0.241916388210348	0.5342875465649387	0.5174970208676309	0.6794817099597186	0.513789514951582	0.4983182520680701	0.5529603435325551	0.5463081204344713	0.5076341255653755	0.1344538049637903	0.9999470428358758	0.4377259726139271	0.0102653179820026	0.2603067921100827	0.01034833476093951	0.004387556595239359	-0.4383221292958827	-0.1111235770809122	-0.1045767861341407	-0.03122193718392696	-0.3875281723703682	-0.08959205707858288	-0.02801026829550787	-0.007475975283204344	0.00433926821027365	-9.749403086485115e-05	0.0002819505801542464	-0.0001535071747174711	-0.0003481344212527595	0.0001201716594826378	0.0007156745166955808	1.335039535111591e-05	7.089671253870548e-06	-0.0001520250609256689	-5.122756380157643e-05	-0.5316659110051258	0.09051910046496041	0.01663505939604903
0.9645238095238096	0.7119474713747506	0.8432001334010013	0.4115562267425198	0.9927987636272951	0.8506375926743942	0.7575765897020306	0.363962786968939	0.2622556216337817	0.4083411540107021	0.7277883853940169	0.7676955086128767	0.3547673901471616	0.02615881907141827	0.02085759881632844	0.04200834735397764	0.5223987966394686	0.5405287056358345	0.2539318791275227	0.150685400935772	0.3531915326429059	0.4013265060807646	0.4105538375181624	0.6178833911276765	0.6372546074950992	0.01076737260044159	0.01388581795173718	0.3823175683163374	0.3842758583633837	0.3534689688668518	0.3575037120286377	0.3423347967332965	0.474364204211312	0.4985036203666793	0.1356582828813438	0.5468643215374799	0.5592112069132721	0.5452952398744728	0.7273350562298384	0.418097035888459	0.3439815036897277	0.5196027711164036	0.5315328400663651	0.5236157299674651	0.3194930934819211	0.2947969245423386	0.4040382201255153	0.4984935918380146	0.5045830913867486	0.512378232925327	0.05887192331483931	0.09959183988486305	0.1190468823810709	0.2658984398644124	0.7507986884872646	0.4623135648442199	0.2935876106142991	0.1887733301920682	0.1431613038265724	0.1682513474694767	0.5164174659601367	0.5248115832796154	0.2775075080484212	0.1969843285511522	0.1200912374827266	0.08118947845171985	0.8921122457325367	0.8994533334844256	0.6069060674885283	0.6419772713442843	0.6712270920847433	0.5716313206801451	0.6890408742459645	0.6046957836711137	0.6698898137452245	0.09641001927991867	0.1937291957372929	0.06456036860768125	0.1841275619280398	0.5309381105959675	0.5031553235076561	0.7672064432036205	0.5075377058097067	0.4691514078497487	0.5874955237972322	0.6003117521575853	0.5265102637052527	0.2862257598585287	0.9233975332278458	0.1504459900117623	0.1457636954590495	0.4891716820007815	0.1058484769046964	0.6640601821030557	0.5325414843975687	0.03772142674559861	0.9769596174077144	0.9839288713443567	0.7307746743304149	0.03446891005532721	0.0960337486929113	0.07609906284265544	0.6992786394383618	0.8327001482245066	0.01092379372026983	0.01200612975122942	0.01196963864804685	0.0127830287063152	0.01818783046520479	0.5235809956916563	0.01412243012031341	0.01382577875909199	0.0119084409876531	0.01173283014158906	0.01353629787104832	0.02597036059402356	0.01503110517344279	0.0155751764957936	0.03466894680954602	0.04050068903100535	0.02085456330579175	0.2315533958787995	0.2370878445979231	0.1614507015008966	0.4997450810427314	0.520010310858276	0.07134095436179655	0.5738498491676028	0.5566520977719135	0.5446671761278404	0.6879957230276832	0.4094556537153875	0.3398264974737362	0.5070986995148887	0.5061871875745405	0.5197226222122656	0.06812261323677576	0.278391220169117	0.6162269577144864	0.4974586026651417	0.5292284825726089	0.5968216947488695	0.01870825091475981	0.03796078883990021	0.02360441323808931	0.2365411791040107	0.7828482644844547	0.493076105136936	0.3137621445389032	0.1777591028177528	0.08835269436746511	0.0360717565264513	0.5152937761583621	0.5132009281462654	0.2646562607199158	0.1195470012329019	0.0577561891281046	0.02639291237527158	0.8955385087116541	0.8906994227547683	0.5968216288351419	0.6382934268348475	0.8653569315817429	0.5680180529496621	0.7409706672084491	0.6348905870046981	0.7175269593733825	0.07352147922609931	0.1423783443147925	0.05230817773844483	0.1546823661873911	0.5302800127170795	0.4960996685596032	0.812992514393391	0.504614770529377	0.4546059038541088	0.6064965657405902	0.6265374932230353	0.5365497560340611	0.259937887757335	0.8063705560292638	0.01001389141734601	0.2915300681735242	0.8495498450470604	0.01000722987507603	-0.002445710959874873	0.3754036681348699	-0.023392577094839	0.01692037844756564	2.86529335631888	1.058155518900522	0.1088575804901101	0.01448723296146968	0.003300777435000945	-0.0002182221077795422	8.317119483031285e-05	-0.0001551288682403101	-7.333995105130777e-05	0.0002123669445080626	-6.726732330787895e-05	-0.0003821519439085024	4.511944065720831e-05	1.057594744917269e-06	8.671355892520149e-05	-3.691323925845953e-05	0.2864439304853685	-0.05701246790686779	-0.01663644955202276
0.9819047619047619	0.5160920061183775	0.4776303697231724	0.06843712449251096	0.8061958630391175	0.7057792497101001	0.5564914818516689	0.1083198716160167	0.06975401437335289	0.0944679132128128	0.6627267152597349	0.8538364737892493	0.05210942135245186	0.01845034218121345	0.06010043349034443	0.05182949289683395	0.1227080436026173	0.5272208161526009	0.2219798447721005	0.2339699820777244	0.3470504865569145	0.09147352737275181	0.08174980106273712	0.1745239022728295	0.1915756435273918	0.2128735324737328	0.1901949746755114	0.1783699493169901	0.4146175477275179	0.2382555522116506	0.2295125102116627	0.1638402975979996	0.4887273668981568	0.5120453339020991	0.1619088607076081	0.5750531855967316	0.5432804671311346	0.5318880771392328	0.6797074341304933	0.4137194024575679	0.3418667659164046	0.5068044485666207	0.5235883732338426	0.5253441243616885	0.3115876726900951	0.4102331454422507	0.6091543371906808	0.5244567524284384	0.5456933008179264	0.5849751537149919	0.1601316886066583	0.1499931452158341	0.1617697375507171	0.1804713198216024	0.7062376789656053	0.3648264435688104	0.2957534712117533	0.2199050474480635	0.1784749739520441	0.1835555164968309	0.5125943938581995	0.484085717077828	0.2784432791468579	0.2825430493499552	0.2183604126788758	0.1465232103360547	0.813472838841361	0.8202989177289844	0.5537669575409063	0.5919728941606441	0.731526529804852	0.5654310063509035	0.7404803336820112	0.6375730547542579	0.7213501589883147	0.07234974321951301	0.148014741415123	0.06989895774566483	0.1935153382569346	0.5290376702219156	0.502029372448298	0.7578227389859753	0.5098902119610711	0.4744833553571759	0.5863584977222469	0.5968319874027932	0.5253716763212068	0.1930009500864636	0.8939654432352366	0.2031867687145363	0.2730506386338811	0.5159257469353425	0.1826219784642331	0.0117477071241411	0.01266043006981237	0.01225395190449778	0.3151491159185755	0.03152113403404832	0.01760515600384507	0.01100383142083013	0.01314308015262475	0.01109696580489825	0.4975450037847293	0.9237970295680312	0.04724398118467545	0.03651351979650268	0.1405826375344327	0.1265745663474492	0.01202033389883862	0.5080221841477008	0.5508536868573217	0.690496499436519	0.975153585914732	0.09905398614025827	0.05952822048780192	0.02016519579917119	0.051397557379422	0.5830422816070737	0.4682603033113609	0.3484766571182679	0.9876932974127143	0.2062059076127363	0.166254886371238	0.0975755650462326	0.4828441663588565	0.5154356977332155	0.350851691632931	0.6241739005193743	0.5048295454057832	0.4990284179111308	0.5849881988326801	0.4218123249797451	0.3531358553508214	0.4891272842207817	0.5305947935887025	0.5314366755470757	0.767611011540228	0.7234080237862484	0.7024339629342116	0.6113818419146856	0.6183606450437886	0.6173912162142403	0.4340244073178826	0.3651591659531888	0.4370400171498783	0.07317498457696475	0.5292101108214423	0.07079898507734465	0.2519010534149158	0.2832109324635242	0.3320554784583741	0.4701493316126072	0.5044947575641343	0.3972297299715602	0.2944028966450628	0.5990975997934901	0.5381854283708885	0.3663579878980842	0.5810507248149198	0.606880897708008	0.3859151625510897	0.4529490881660688	0.5281010412083617	0.5559123850400184	0.7733724121383696	0.6626529034226047	0.7631433416998363	0.07561506448633107	0.1532289020316837	0.1026723362722302	0.2690970659171371	0.526346355447633	0.5134785416347887	0.6424695639835357	0.5215854354792031	0.5162967349908958	0.5465416096408383	0.5350231023638108	0.5028779345832904	0.01003142878647246	0.9999713541973209	0.5932901404006228	0.2587569884110974	0.01007235290660905	0.4338412298249399	0.004958646397325279	-0.8873242887900982	0.1858022020987101	0.3531286947252522	-1.840935471320822	-1.407146270048921	-0.1430393729017962	-0.03035543774734207	-0.007336629389843362	0.001417110534524989	-0.0001010887525684661	0.0003308044161393563	6.66306048070412e-05	-0.0003711930115965399	0.0001319641226888348	0.0007219147688867129	-7.69220071874576e-05	1.913565761449556e-05	-0.0001278605722442272	-4.524759884556048e-05	-0.6004825033103689	0.1061758789853653	0.1993206192510772
0.9992857142857143	0.5783904947615709	0.5688091508090666	0.230183889313545	0.76193201990949	0.6647730794827181	0.6088579235514064	0.4587960077730666	0.4426129793315464	0.4521239952039817	0.5933310533034373	0.7230469603496779	0.09053856775670455	0.2181599878634069	0.09718660403763797	0.04546951343878559	0.03017618641164415	0.5168833094453255	0.2609199928842566	0.2484054768224063	0.3449918025469577	0.0210779609601882	0.01074185537921176	0.4513360391650741	0.3268821697443596	0.2288281978028631	0.1994541504759645	0.1336941769094663	0.7985242065855558	0.250607531621658	0.2371666828100664	0.1695255089093218	0.4689453444664203	0.5084774828528156	0.2140164401270658	0.6109188503747237	0.5306168329049361	0.5203107124772102	0.6504006469593211	0.4019038949513166	0.3294976490675823	0.4956021707229579	0.5224447780556466	0.5294997827309614	0.2905269197025912	0.297478280831758	0.4246098013390292	0.387107263886665	0.4521170526849759	0.5326159671931529	0.1556769689468452	0.135063897347403	0.159987231238441	0.2253646615612445	0.7794135600448753	0.3150978120283638	0.1593686217842808	0.1357568200744906	0.1367515250997261	0.1756634322128225	0.5355901120397164	0.5407337889663714	0.1577914363114994	0.2223384330856555	0.1883980072976677	0.1359854828905658	0.8552784482246478	0.863875456293652	0.5672366892106602	0.6499866204148892	0.7858968964110106	0.6683354352522736	0.6959516067976071	0.6079559764860716	0.6775481802544718	0.07257081461523494	0.1378702454146163	0.07284537023828289	0.1965179128722792	0.5403439420264037	0.5135152749087497	0.7582634017221722	0.5139237349115749	0.4820484060617113	0.5891591562731908	0.5839241921736211	0.5184451679328662	0.4818430914321766	0.9868938535654085	0.2115192678527143	0.1083462569971973	0.1404425750757368	0.1382233273384417	0.9988096457358583	0.9963334602324605	0.4762239816914838	0.9921578040824058	0.9924066681747575	0.9942697596048647	0.9970804832874078	0.9789329612123547	0.9887924979130089	0.5814589417753411	0.4549473732692767	0.179951577990366	0.4160993931590367	0.09179581073018879	0.0208751050210177	0.02017507541461351	0.5116438904893186	0.1393568475733025	0.01992237177676099	0.01245487249986062	0.01116690974637371	0.01546930249509546	0.9844453461626071	0.638648560977401	0.01326775335668778	0.03045633274067768	0.02168962466438093	0.9860428983893521	0.2894718459596423	0.2871012941011693	0.2218415179677793	0.4535251212304675	0.5054009921303443	0.1680657632997317	0.6374946074222037	0.5344705220429103	0.5229513483332577	0.6570213895110695	0.3829425500070741	0.3092966627681482	0.4897380899447648	0.5156895183107701	0.5313067982209517	0.02342621657195361	0.02962117900800749	0.142066594518316	0.1683992729187448	0.2963807401039407	0.4564411464254845	0.0116678585768398	0.01424257908724749	0.01295619624972658	0.3428212593790005	0.9842226342241627	0.3887788672811575	0.03208325349095119	0.0200044792142365	0.01656245031286962	0.0155757011067048	0.5718843033299673	0.6505043035039734	0.03263279826847284	0.02036062778304295	0.01457358240128627	0.01289903180681544	0.9943487670905716	0.9948294728574758	0.6805499385864101	0.8098248179004109	0.9757206525507154	0.8214845959223055	0.6036748222804741	0.5497499964902982	0.5856413437382978	0.0730147771659114	0.1295922492892124	0.05760768993485522	0.1603033984490129	0.5589591171711158	0.5248890625538922	0.8175840065714406	0.513745170872665	0.4713065750086773	0.6134375880777698	0.593600803012903	0.5190508470332789	0.991105426482968	0.9999965901512843	0.0100098635452137	0.01000197262272711	0.01000189563946022	0.01000187425545964	-0.002390965436833261	0.833776246834083	-0.06529615899959375	-0.20470377930242	0.4046634421954955	0.7180386718895639	-0.1950011348283504	0.01615891413492091	0.00328100096980578	-0.0006481835195905189	4.957133090663444e-05	-0.0001567115074692475	-3.85034850209219e-06	0.0001831578533685785	-5.328334121712775e-05	-0.000260983259175227	0.0001368929400477764	-8.604189765893159e-06	6.170819137696634e-05	-4.827163902670336e-05	0.287894168451635	-0.06036691231700253	-0.09207730166954579
1.016666666666667	0.9124900980352374	0.8486855136719337	0.4585491647153871	0.9453057023977961	0.8790994174371357	0.7933292421346316	0.6107310757112292	0.6025788001072468	0.6048173631608733	0.5983014394840762	0.5480398635385885	0.4247376197851541	0.2710696048010691	0.1391402204411448	0.1601690149228047	0.1130034037158085	0.5118967815493597	0.3265156808700562	0.2457024201609057	0.3509998669386692	0.32651907682551	0.331836573981882	0.8432572976839884	0.6850260778784798	0.05945133334406215	0.03593459444822205	0.1860823496705256	0.7436383752115078	0.2964134617820352	0.2869434258004165	0.2425462378353969	0.4957876847647736	0.5209889710210029	0.2371447520181662	0.6215193688271752	0.5359306293525367	0.5258521155518827	0.6505773983005155	0.3996213687073887	0.3276819732151099	0.4948541723129221	0.51573199638892	0.5272421613377353	0.2467345965553134	0.3277377685972458	0.3933114962922062	0.3424437084059674	0.4435330887612481	0.56583684228993	0.1586179793119612	0.1377509215575891	0.1407600690051955	0.302669357473941	0.8239158266283299	0.2794545711975512	0.06894614843853139	0.07577477449183592	0.08892761809614881	0.1446554396680924	0.5431673931146063	0.5066987150860557	0.1333571470138933	0.2862275097845349	0.2637870261832906	0.1218908792667582	0.7265062182688945	0.7308144604054541	0.6120527214360273	0.687565452068376	0.8253298122703371	0.6926353149589423	0.6463496370962326	0.5875732880506015	0.6402906522883974	0.08442800128035652	0.1570182813904704	0.06629829510082773	0.1918257922091216	0.5493149178214718	0.5219138681281759	0.762586416480178	0.5155806694529489	0.484447354597049	0.591491375372536	0.5702687526499469	0.5124956859294906	0.6133476451444632	0.7528455837841445	0.1904853190984885	0.3308258874270801	0.3570599185580397	0.3190423630420566	0.993143218967099	0.770990712059975	0.5041974596408976	0.9758367230848816	0.7831728174712858	0.5284278561899535	0.01543996719490312	0.03521439936454281	0.01514555664666539	0.598014972619581	0.5192364625352078	0.9857486069865481	0.04108460538487719	0.2393887329556172	0.4279514946784597	0.2466799218669571	0.5039919942934958	0.7417207768880588	0.6815689356264742	0.9953430593305026	0.9973645601030761	0.9951201507092488	0.8785234746641735	0.9811302318523432	0.1214843479818411	0.04589611322188654	0.503927555157856	0.4304444668131875	0.3217339470892906	0.2938637179724201	0.281942621569061	0.585759960776564	0.5579563799297822	0.3994327699904042	0.6165320510545834	0.5355230551257141	0.5290064652799328	0.6216821723539371	0.4261218248748518	0.3580906302721821	0.4988673854795339	0.5110987055099234	0.5198901097162053	0.6357660742711569	0.8697569431448802	0.7655947272448033	0.5882147989121452	0.6799230446523638	0.7789366002202214	0.442481336864428	0.3733276911739511	0.3826974257031854	0.2370935410896263	0.5777890340009724	0.0331638910345757	0.09605065118799094	0.1567993897574169	0.2132183808315366	0.3823497367150081	0.5023102799190293	0.2275237701710502	0.2828457533781947	0.8110555115941123	0.7727690978069058	0.3280657626787906	0.1072137571139785	0.1164239003268175	0.5091626665645298	0.4986643219266116	0.5848623661356056	0.5069697685672565	0.6673446385861453	0.6320425634628216	0.6954917698197935	0.1030266545852724	0.205804554855665	0.08686377010016544	0.2552757387509504	0.5416490098923569	0.5270253743234566	0.6559437551284579	0.5223576741410518	0.5159352279445554	0.5505843057565981	0.5074839355512624	0.4921815664062906	0.01000140509251319	0.1118618190309845	0.530182428166375	0.9999973066742326	0.9999252262132164	0.9999981832427658	0.005077170574294636	-0.221098114046985	0.4308235602283672	0.1264882695362999	-0.6149381481980786	-0.3385824801523933	1.126441315231917	-0.03324349450199796	-0.006453374813598827	0.001914120604598067	-9.367740747326686e-05	0.0003008145394016472	3.213796734987218e-05	0.0001379470870796267	-0.0001106573298830954	0.0002972494135804754	-0.0001852630448628402	2.780656107915824e-05	-0.0001129195719737505	-5.536613251376079e-05	-0.06998006605670089	0.269959163305685	0.05289019285587394
1.034047619047619	0.962240532449947	0.9174554329047786	0.5431389370443995	0.9704713817838899	0.8990850011019409	0.8208642438467553	0.6481864311446607	0.4204448009938607	0.568081711675015	0.6473768081098489	0.622244480380545	0.7948094414900798	0.09907758399314699	0.09098303088896233	0.1745861106165569	0.1760057274020664	0.5164501587763479	0.4400598184216551	0.2486283849309154	0.3535178777028801	0.3491923486266297	0.3834405750862002	0.9396702658638854	0.8983136796851372	0.02642438432863414	0.02480781329038907	0.2107559998360333	0.6777370459620056	0.320270193345316	0.3159562092260012	0.2858703006074786	0.5931090567458331	0.5655813641749768	0.2183424252630313	0.6246636021954908	0.5405855864416137	0.530058170391539	0.6572163705383826	0.3981907624513391	0.3247101601449427	0.4956290907078083	0.5130542158342402	0.5260494539786413	0.2387276554613237	0.3307063812879046	0.5996189417758554	0.2827974245103157	0.3977849474552803	0.5578361717704007	0.16440232630978	0.1393679425948811	0.1462022318941112	0.3560130949328505	0.8289625437872966	0.3087134338877642	0.1072112166561836	0.114052912396566	0.09330254002088757	0.1455380110062317	0.5318065352029973	0.4878148118594787	0.1532956702771834	0.3126180431342069	0.2832333706996549	0.120461377081074	0.7077381696008996	0.7120915759241676	0.6804115531710926	0.6508938153739919	0.8300387104370942	0.6858097885723207	0.5747910288537873	0.5351911137266072	0.5607007224676153	0.08614839065376592	0.1556424506520136	0.07546656980921283	0.1971336256652554	0.5663317041160384	0.5396686110073747	0.7618734836832166	0.5207899314154451	0.4950807876114621	0.5932610489795734	0.540209851525303	0.4990805585384419	0.6087218165699615	0.7131604346987531	0.1880370161777113	0.3521159083743289	0.3534516144720578	0.3473631431208392	0.9993185133109355	0.9979047443568433	0.594988469945859	0.9953971702621592	0.9954168828235646	0.9964016137813307	0.9958124622922446	0.4265437799702115	0.7970375921263894	0.7188667439492117	0.7619936648968051	0.9901868063800513	0.03180010173176522	0.02074882995155284	0.01747022026979962	0.1442735025232314	0.526804911091478	0.3482262915990934	0.01570819457342074	0.01324696366329095	0.01150119901055562	0.01137127082205449	0.9969737929641002	0.9966273115348934	0.01138593102381092	0.01495779274990665	0.02677280448863227	0.7379092094129076	0.3274146765854181	0.3382503281692079	0.3065625411181722	0.6932039237102801	0.6140740612466582	0.1184295946429301	0.632643328408633	0.546092739917315	0.5331727714161106	0.6778968876058551	0.382788841248099	0.3056640094997532	0.4938757421237329	0.5111405065267061	0.5280819896649719	0.0243448304399833	0.04984257086887067	0.6881583401970096	0.09252345973879608	0.2185064340017454	0.439378889531498	0.0195028115295938	0.02572214805944766	0.02563462977526856	0.476823636156734	0.9551803488741859	0.4722857845466418	0.1341610430858509	0.1133008090086015	0.03959951799278261	0.02613174351763333	0.5359902424610583	0.6062981111789315	0.1023790931930408	0.0574472330119177	0.03148914720073772	0.01748786215352574	0.9836167484606241	0.9850013552678866	0.8348436481181583	0.6902998551329727	0.965638116108505	0.7617281604674323	0.4528850942782522	0.4372280021943113	0.4143260789635909	0.07848834402343322	0.1312607167542341	0.07285563359795988	0.1698312537041587	0.5953722678203281	0.5629246072204972	0.8154340028530741	0.5249612642388563	0.4942173145739502	0.6169875185776947	0.5273768140120904	0.4898783388189618	0.8943399210667123	0.9999978989092195	0.01000312944485121	0.01000304511024716	0.01000160622594956	0.0100029289997047	-0.002474026110151255	-0.2191467847120664	-0.330274409531841	-0.08986581974892874	1.139970905344589	0.2470830651104432	-1.393553851986406	0.0170911909061371	0.002951901969224766	-0.0002941196019327993	4.194371504414972e-05	-0.0001245666763084732	-1.77055497517096e-05	-4.051744020897866e-05	2.102683006404832e-07	-0.0002393649030859166	0.0001530028314676622	-3.365940910226596e-06	5.635641363235415e-05	-5.966522485574011e-05	-0.304953380726387	-0.3747997431526789	-0.206680977080748
1.051428571428572	0.983028156479218	0.7180829277625281	0.4074817844391707	0.9844355069212352	0.9679857658490946	0.8363970413865353	0.6642473580203087	0.3275218563492019	0.5495134207171092	0.6623524124946515	0.7121714223751485	0.8025891488178247	0.0392582767306405	0.1906321091692127	0.02064230969364466	0.08598067139572668	0.5182233796484765	0.4367938909187116	0.2148159908189705	0.3469939017640249	0.3434719645795731	0.107103381018066	0.7188728931609794	0.7125897464272635	0.2876856842616033	0.0458485020270377	0.02104110157698504	0.6716721839826366	0.289493714765738	0.2852024891646163	0.2578328466073512	0.6541204053243982	0.5956245744956047	0.218612578832188	0.6290639842781059	0.5374189021403273	0.526916192995449	0.6466386550453628	0.3965481936106131	0.3227808315800973	0.4927413174272707	0.5102069467674607	0.5257528354143834	0.2143042673853594	0.3356357732655577	0.6821903784737059	0.2605975383950361	0.3723041550443538	0.5568965773595086	0.1512405074308872	0.1733589122342364	0.1456441429028361	0.4615440528516675	0.8167959374631935	0.3421122052191325	0.1588423216767663	0.171106210272045	0.1303445410878707	0.1569390362653054	0.5273098528569454	0.5144439116737229	0.2013956616357273	0.3020531188126679	0.2821115443417108	0.1411420792137232	0.7072438979183565	0.7087241718858136	0.70917201094388	0.6393368736841777	0.8624601079252641	0.661715189248809	0.5174724061672	0.5090470523134609	0.5125886763729434	0.08780557376068238	0.1630324873372518	0.07853379145016079	0.1951796788478537	0.5757606856758841	0.5489545464701714	0.766897135117468	0.5237125559751945	0.500052796429967	0.5966826655293317	0.5246547285424568	0.4915715654676387	0.6065620847641452	0.8222162577883335	0.188856832827715	0.3282208599898382	0.3532574581687207	0.3480773489811634	0.9972558165934422	0.03097600748218723	0.01312489298605824	0.9892179432115193	0.9842795486309389	0.5426834073715466	0.01149688626723632	0.01412887717562348	0.011420551654257	0.5866518408660214	0.7169406471502527	0.6420329605068451	0.01691467541086674	0.5233481400028782	0.03659066212746003	0.01240946566684307	0.5044834821617068	0.6650833706737413	0.5779818130064388	0.9733724482197719	0.9759255686212542	0.1714485445712168	0.03250296700549292	0.1125833210230398	0.8721984218268645	0.09479818571919439	0.0148168023618364	0.4972705286429804	0.2179244493272104	0.186468908594588	0.1758880825667785	0.6705211931287406	0.6024432095267008	0.4074745138942192	0.6268085531326186	0.5205179234536786	0.5146590141424634	0.5798541184358068	0.4225789952204874	0.3549457389976604	0.4892025422810188	0.505233893132185	0.5202848952064701	0.5627689113258412	0.8850285298948499	0.8426663697904593	0.5489341654609966	0.6343093247577726	0.7839194064768539	0.4049730143078	0.4698791418975273	0.381021546174275	0.4932287803201752	0.5313581009497166	0.08852118558388311	0.2105384041679673	0.2948247121427003	0.3097964723049242	0.4143865148302766	0.5011862388297984	0.3309700726699352	0.4105768675636429	0.7733810328177168	0.767589150090135	0.3851200230586427	0.131975389688632	0.131893834353148	0.5143640659990785	0.5084397228065942	0.6849187886181952	0.4389441637234635	0.5670552414887401	0.6061834603328312	0.6300592331401209	0.106444038044405	0.2253534046862839	0.09172384276445809	0.2475712304446295	0.5517344694603941	0.5361867616818483	0.6731897843200962	0.5257312523752738	0.5201229647421468	0.5592739873880938	0.4936154672016368	0.4836557293164561	0.01001654385228563	0.5202815853185165	0.532645936366968	0.9187991608010879	0.9999527556652416	0.9998770779296687	0.004911815586035912	1.242255306464056	0.3518953097017973	0.005792852055279935	-2.528871906485289	-0.3337053579235986	1.518873691134268	-0.03551883288197778	-0.006010498584798645	0.003236548092518526	-9.009881583501551e-05	0.0002439495328237073	-1.841860217917354e-05	0.0002154555407156557	1.756802211189465e-05	0.0004592155614214964	-0.000181315887210183	2.30050855592885e-05	-0.0001107298882699185	-8.428095420194817e-05	1.104644984251927	0.5902578695789574	0.1092131241651244
1.068809523809524	0.8755091552085624	0.4731142343427112	0.1422039442104311	0.8837554792264353	0.8705561350026532	0.7044966675258961	0.6652767410796381	0.332567697371866	0.3857606625707722	0.6378300797755341	0.7393824954550005	0.4665612630025594	0.09502949785479188	0.2185769160140396	0.03100780699619575	0.0335510931103633	0.5124977477456696	0.3080064813496979	0.2107402156923948	0.3455949388258631	0.3439810881646837	0.04479674461909763	0.6781129666476792	0.5672947586159134	0.3204720232185593	0.1863703771437862	0.1462661381083891	0.7517641743372598	0.2536743414430136	0.2428355235192413	0.2008943794049156	0.6510479914856611	0.5946259501934297	0.2303492210691715	0.6125891092933767	0.5279145743629781	0.5191829309981923	0.6236171688989419	0.4093317024254269	0.3419246736542763	0.4928055881943737	0.51026301437462	0.5235511064291372	0.2061566881410091	0.3444396576252987	0.6182197536462473	0.222023657844627	0.3241736734169304	0.5029150840940559	0.1650605674228998	0.1886010402636676	0.1691175097053029	0.5207300572788855	0.7979713561168991	0.2413277856532587	0.1685828290236715	0.1987990606171863	0.1518550893061837	0.1680611884423867	0.5220609373356869	0.4941079918687017	0.2264040629694908	0.3417495248067454	0.3201193247556623	0.1748131541680644	0.6791511092856064	0.6843667764952858	0.7394033628237145	0.6223327720756192	0.7898279688005907	0.6837334165011195	0.4488069686100856	0.4401163605361522	0.4198930068839669	0.0942590926505749	0.1800105816034163	0.07898707404528484	0.1914474858923516	0.5874121431444792	0.5602331034595199	0.7710125974492485	0.5248587707244948	0.5020966178761403	0.5985985154801967	0.4979585591386363	0.4805669481759032	0.1795153185583364	0.7981553659848015	0.1719454799358504	0.4550686843158059	0.5518757894693683	0.5074454538035299	0.6776466626341071	0.4402182549768373	0.02751005446883415	0.7251551918917607	0.711286278811756	0.6621058318768097	0.984532679140636	0.4925779434986144	0.4094939756103979	0.641953439773906	0.7746592355118889	0.01535204561860544	0.1559842025572926	0.03027822619727569	0.03239785798930395	0.02689706589929711	0.511526254924963	0.02688961094140148	0.02325050851751509	0.01392573284644563	0.0113124279726818	0.01091675637526818	0.9477156741879683	0.6771037979826499	0.01338198412870691	0.295508413684276	0.2841545345176885	0.9899027804694391	0.2412602220619693	0.2358006167307293	0.1732693821684405	0.6448704002402736	0.5935920663655448	0.1493065034303785	0.5888229338709281	0.5244084731115216	0.515997080695541	0.6215298296314229	0.4137402429869149	0.3507033173408381	0.4947362492253249	0.5101712980379473	0.5221546186183982	0.02144513573494947	0.0548082990184111	0.4495200601368523	0.0430575228320868	0.1343602419875931	0.304970239048145	0.04018305135462517	0.04524953982167833	0.05558180079219172	0.6050208685870542	0.9088462900334967	0.2664723417432013	0.1652310301741066	0.16833693529556	0.0824995527697955	0.04536765904443154	0.5279770577519256	0.566730802588621	0.1518491681445903	0.1247351771929185	0.09041936042965749	0.07355311419470051	0.9513736677566097	0.9626381631490522	0.8758162857152888	0.6621084524505025	0.7823506394936145	0.8167143217689248	0.3206916767079687	0.2944785260407021	0.2302778204462644	0.08940150493410708	0.1629317107944285	0.07375084856705495	0.1594288101939399	0.6162880788354128	0.5825463990165122	0.8281563844226283	0.525575462593893	0.494547029504701	0.6214734604329271	0.479749741923773	0.4702778523070116	0.01000446111707525	0.8655929300636448	0.01000806285946712	0.1990631934256584	0.3723470195422217	0.2524893354374964	-0.002680933191540414	-1.379287074813906	-0.8240162053206813	0.0388194103200185	2.814946665614719	0.2273119059090679	-2.091399380418138	0.01859687636398518	0.002339779487052214	-0.001099767768574462	3.602973187562195e-05	-0.0001314634114352258	2.405610076867496e-05	-0.0001123078044318548	-1.785037429265912e-05	-0.0002136392327895013	0.0001365058823705685	8.562102453786385e-06	5.405820511314963e-05	-5.855445603318625e-05	-0.5362240614900399	-0.3103761401352902	-0.08701812832382899
1.086190476190476	0.7480571139310699	0.3605756815593638	0.05371218613754165	0.8426470171324505	0.8303939464223642	0.6992337110883891	0.666134847991071	0.3382878687194479	0.3088315956526303	0.6385739040987162	0.7374989787548902	0.1247681140555393	0.1070110511553762	0.03516254725727126	0.04464681395378856	0.02844605908105105	0.5110861049923658	0.186357103326333	0.2326199852463038	0.3486932640630913	0.3501191862822653	0.3213606487738385	0.6551350849128703	0.6485006520966028	0.2087623103242492	0.2112254556561629	0.258854771435661	0.8870323208337261	0.2128523125742819	0.1977735374949967	0.1556552946959375	0.6737590037418989	0.6084232931347977	0.2517791755224936	0.6033707649579022	0.5300068006582275	0.5222792278022034	0.6096845932731861	0.4172273367827565	0.3547789596498134	0.4931118028433109	0.5000664365847792	0.5187888574391677	0.2188301889203811	0.3057129993538957	0.6119150985074228	0.2367132340203727	0.3015813555850274	0.44601040276291	0.1406346599308148	0.1793056618318127	0.1133984834881283	0.6111978747278178	0.7839892508894809	0.3272153237180581	0.2410511020388727	0.2347588039285071	0.1809164139015884	0.1754118657405149	0.5211639064188257	0.5290166826752902	0.2743275266090014	0.3053592188757766	0.2776745524257266	0.1655423117754992	0.7928083344273205	0.7975333839145067	0.7278618213675683	0.6155797975092911	0.8167992643795637	0.6533062828009683	0.3803206397216592	0.3935057007614329	0.3481378538263383	0.08945266774054456	0.1731288899827983	0.085183433334259	0.1806112047435734	0.5917813978266399	0.563673536019883	0.7872363982271301	0.5257221803963976	0.501564282208214	0.6045640194534432	0.5018009239988637	0.4800259279188351	0.3676587070461247	0.6284121847116128	0.3194802600708922	0.1528003978229748	0.3189307830796211	0.190380315112199	0.7170746316666472	0.03464303805678575	0.02799759224311207	0.9831679231487996	0.9768366304370537	0.69568770972514	0.01271475608567659	0.02318172730074369	0.0121769218060511	0.618917721402252	0.6768355950160572	0.01598749029474533	0.02077569724981364	0.04244736613763765	0.06546096939777475	0.01890908694177594	0.5063774347474849	0.3752335336955056	0.6447936365255305	0.9838334275613592	0.9961128009465207	0.9965277178101113	0.01803036099224257	0.5645449587149469	0.5225240684444006	0.08920352917196879	0.2279183167190013	0.8336516984938254	0.1392187615590579	0.1045301514693185	0.1017438338837222	0.7471869775990472	0.6473164237818071	0.4644123241971412	0.6168397355552472	0.5375249567768051	0.5327077427367223	0.5634887126319397	0.4340510267869376	0.3761086615551251	0.4900711333665653	0.4738805367169976	0.5079880247989403	0.6015429885011617	0.7593089262366374	0.8922876508156228	0.6019242147615746	0.5915289788509768	0.6540599363230827	0.3363965128104788	0.4420873395939589	0.2294150633057028	0.7128009696237664	0.510733388937131	0.4219728519818425	0.4022235097110216	0.3830091789851186	0.3863940164086109	0.4345408634017636	0.5042335391912839	0.4614375192534956	0.5413926069206791	0.6484336874911277	0.6278329525440044	0.3562408381816525	0.5368178515999756	0.5303119599958647	0.4375920419000595	0.5081338358511265	0.8671838357289547	0.3136947790135325	0.4261340907058745	0.5265005340355389	0.4917504604408433	0.09324579002400656	0.2001894778066169	0.1060803986879769	0.2210388215146139	0.5518714281447498	0.5340892390216472	0.7207589807134135	0.527150275525882	0.5163249799858892	0.5758392645320646	0.5343425044155223	0.4935662893358765	0.9999950323129602	0.01001380005531152	0.9999945516915003	0.01000228657824841	0.1844373834567995	0.01000460292283699	0.00599306871845972	1.0982989582717	0.5013664858693997	-0.03751423245228157	-1.211433094676166	0.2349979193908351	2.695808016047951	-0.03818384775931929	-0.004232003792715011	0.002461857333559396	-0.0001018458505765566	0.0002509254996937143	-4.622681789587438e-05	0.0003036192707138512	3.830767419697461e-05	0.0003556889958357221	-0.0002278426543881757	2.792910674927592e-05	-0.0001173441890875382	-0.0001177138205119549	1.006337159302897	0.4924252913887006	0.1877098393095515
1.103571428571429	0.8287224371886146	0.379199321047927	0.1259653515425522	0.9251796743771725	0.8049417222411392	0.6089580055477423	0.5096586147788914	0.1028529570255395	0.3999490583767401	0.7173987104437723	0.8225481933057817	0.4459051565320385	0.03875377088586097	0.02677347958105625	0.03504168143286562	0.01804156859192173	0.5158621546047832	0.4762718454289693	0.2465787706884842	0.3529668260884735	0.3523164343491748	0.3475585353623322	0.6366668370860864	0.7561578551922632	0.2122504904450102	0.08757385549234356	0.1403587947108317	0.9130065653528828	0.20022320215897	0.1890721727353719	0.1548125531381989	0.7726933040138514	0.670805877964372	0.2288953402296373	0.6032390674126107	0.5338650232092786	0.5255213534099886	0.6359418910530098	0.4135078618690685	0.3456431470796654	0.4984243814011513	0.5153949569104203	0.5232952147154627	0.2578945344218604	0.4436051119517851	0.5815338880438644	0.4187005477233945	0.460379958575392	0.537477541530417	0.3720091704042095	0.297475574668381	0.2926074175872613	0.6263647835645008	0.7294341940461836	0.2682203104626802	0.2706158892071433	0.2729932721388829	0.2322539805510423	0.2379434837513344	0.517453291905865	0.4812711448099379	0.3274444565838588	0.3501818752612655	0.3295505435005806	0.2165251496984364	0.7348053018114062	0.7490022728262253	0.5777702656049416	0.5809183941405017	0.6961037388893311	0.6336553645531001	0.3657379024980661	0.3599263141388124	0.3231951919591692	0.09146931019460307	0.1686611779697287	0.07424825640021664	0.1774127602982395	0.5869021900431111	0.557287585029639	0.7884594236800555	0.5213316779291695	0.4919413463617139	0.6045877243168821	0.5076982285049805	0.4847114247505184	0.3555394895711826	0.6540258956000653	0.3474214517027748	0.4240039573570675	0.1759285346039503	0.2221872114619361	0.9923347457906584	0.6368411773215387	0.2240627971982816	0.9828933092189357	0.6938202515543357	0.5034523679355148	0.6696982595490859	0.01666735785761743	0.6775118668771728	0.8470405795907573	0.9894782042148915	0.9840135510432093	0.02383927194655719	0.01708460968010503	0.01636171979939092	0.02946569849418944	0.5254105543881756	0.7545355202967841	0.02104260001331765	0.02038215061022528	0.01236673523138108	0.01181980289667782	0.9987218402184241	0.9988874925611797	0.01223166062341494	0.02492466079275006	0.02463610197283739	0.9906894116665448	0.2279146841064715	0.2320143074028337	0.1866572645732538	0.8807043455742968	0.7414284283773953	0.103518163448547	0.5953810593393629	0.5340586358483563	0.5235089427660855	0.6976559905957721	0.4012342998980397	0.3254204134149722	0.5077976631059501	0.5530052968556745	0.5358003243357714	0.08847527871251809	0.3439690011135356	0.3627203765098985	0.4331205263808664	0.5033195736988731	0.5435141494851512	0.5236364315668546	0.2661738858451462	0.4196917310189484	0.6047861922697341	0.7873347552991233	0.1349740469130677	0.2018587301519064	0.217099936588186	0.1605616269010869	0.1471094197223441	0.5219816933407543	0.4418506796553978	0.2373628223809555	0.2016647677054652	0.1672487165360666	0.142936465506375	0.7689628515454634	0.800486452906037	0.4725848396162453	0.5703920761383877	0.472512421846947	0.768863134137487	0.3142186280945218	0.239876697966592	0.2074169514026697	0.09226085237756629	0.1514724091133975	0.0524878935938785	0.1510843517479211	0.5978020345495578	0.5605583587602599	0.827994201260233	0.5133288272838222	0.4686718543692722	0.6198267767769788	0.5059325232507794	0.4867587781148872	0.01000294510966293	0.9999303376906661	0.01001069971119707	0.8725013622450086	0.07283033946795996	0.3488945344801181	-0.002698653550504354	-0.7198857093943574	-0.29614609243912	-0.1340744709357022	0.7665924047817364	0.004082275101765325	-0.4842707175204518	0.01982370525169707	0.001591618265679183	-0.001251328335796867	5.174700537064671e-05	-0.0001040390535190614	3.943218126753884e-05	-0.0001711924220727533	-9.598831998754937e-07	-0.0001016393437304066	0.0001086330389240861	6.030995738568173e-07	4.630515101608797e-05	-6.597619056023511e-05	-0.4238632826845423	-0.06824474236685985	-0.1818284451691228
1.120952380952381	0.945810292890622	0.7000258541077922	0.2393879800012126	0.9601407454636869	0.7991626911525399	0.6662650425145593	0.7505477826009888	0.1078387114168746	0.456606288821187	0.7523196650973543	0.8770570573227037	0.7388197321456034	0.03011365221778378	0.02654615796850987	0.02584113044077005	0.1179560715865106	0.5195732227686335	0.6227298510302216	0.145899665572328	0.3503967466093544	0.3522715519307295	0.3484186910925422	0.9306376902562258	0.9306503814438499	0.01617367679382009	0.02815201132192955	0.0286276261805416	0.9608317028599166	0.2217152161065187	0.2188981497868646	0.1865515438622826	0.7937778471533001	0.6866446741343443	0.2493664415669005	0.5997637259080154	0.529635633488973	0.5215756136243301	0.6455891962325173	0.4163360115968973	0.350043251419744	0.5022551817327071	0.5327147121871261	0.5279062790218533	0.2432799184797612	0.3981113744523035	0.4458456135921669	0.4675824330409424	0.4975447042473433	0.5223116801622426	0.4054230090180043	0.2612432611936451	0.3132352031899512	0.6593067234026084	0.728871193250105	0.1590375739656758	0.1960149200082456	0.185905276768611	0.1706408297027637	0.1810812856288008	0.5210022187337824	0.4378361473570737	0.2962878325562434	0.2773825611252788	0.1913035089146518	0.1128109007919371	0.6972171673743242	0.7060097628050023	0.4229048526088772	0.5180508029019708	0.5893290290743662	0.6173393024892502	0.3174899942114048	0.2985485872838293	0.2542931304111717	0.09758753029935194	0.1715045336907517	0.05754561250932923	0.1616851122315706	0.5778891316977988	0.5460760199299165	0.8047646109824644	0.5154042968484603	0.4783098758699992	0.6077872273625038	0.534364319692009	0.4957524776790546	0.3547646683796543	0.68510090216331	0.3481560640088482	0.543434344196877	0.06380909327992842	0.2344579068530623	0.9979316558036346	0.9932083297880981	0.2732702449739206	0.9925218315445471	0.9893966181574497	0.9859062538678898	0.9903808933817821	0.2075474267423046	0.05259996688576885	0.632881830879817	0.7451755810562569	0.5028017219816171	0.02676680461659009	0.04311581297341764	0.04623055787001371	0.2591211963870306	0.5126183879007405	0.5779956074671786	0.3499503426740253	0.9745776880706043	0.9955848251497861	0.9968149437568576	0.9960221036240254	0.9966473189350096	0.01640692843681702	0.01552780618831208	0.01544356550219993	0.9575554210870926	0.203325720650467	0.1862771201671745	0.1810928780682182	0.6923693357207964	0.6230381864521617	0.5322463614312208	0.605990275220467	0.5201709942588927	0.5169715523633163	0.5622368952412061	0.4459928850673187	0.3964766434845775	0.49612961856697	0.510297089085476	0.517277494610266	0.5518502184632982	0.5456977079356617	0.4958463014990527	0.6527776577176791	0.5873035878405514	0.5185006051117442	0.2853435970584229	0.2943259951892099	0.1781476571784887	0.8014403307392035	0.5802682744320359	0.1618254396655666	0.1853845109840184	0.1310760777202891	0.2041065426950927	0.2623646841815524	0.5192633296263504	0.3822309733113108	0.4235335996420564	0.4117754141046999	0.2153215976155806	0.07579523244609337	0.4914236739411578	0.4553196645258661	0.1558333846374965	0.3552444997305613	0.6668030890663916	0.2886732498300144	0.2999068022933871	0.3720454703816724	0.3112875294430595	0.1069583517634636	0.209589738156662	0.07014282014345587	0.1822606175000342	0.5293000786892762	0.5064791420882655	0.7724561444594393	0.5136206978392543	0.4846977830578893	0.5859277813327923	0.6109450623950199	0.5225046899652415	0.9999982198935268	0.07082975947987093	0.999941622347407	0.01000218643056856	0.01000929455910964	0.0100013506889745	0.004869398872884052	0.6511295134775783	-0.3889765390223345	0.1134505236623459	-1.209667547851388	-0.1856871551835848	-1.161524560937168	-0.03924343675713001	-0.00323911420465759	0.003534632073410097	-9.613232931588936e-05	0.0002004907660913295	-0.000157996504073423	0.0003911750646933966	-4.635359791793608e-05	0.000144682563798343	-0.0002291880073427916	2.963751129001947e-05	-0.0001181871190937315	-0.0001315590258294943	0.6340744562227569	-0.06874064029531475	0.277014338344564
1.138333333333333	0.806614747757641	0.4738423351589403	0.1490421936181201	0.9715978735761828	0.9065843221994305	0.5065660695863662	0.8982948742157002	0.09320993231027992	0.5241596091993349	0.6885935599237513	0.8936012184613177	0.4009111798211645	0.01946818386432754	0.02315963815359186	0.02443839952576845	0.1097716417147171	0.5248539904492668	0.3560546625920095	0.1312599996069456	0.3490607187885273	0.3522914228486146	0.3522166722695784	0.970308126193679	0.9708257601467779	0.01387886209661814	0.2731233840380222	0.1629122918239911	0.9734537192431623	0.2041329280777139	0.1924509803250467	0.1533245531908176	0.7341926715977899	0.6674756193251632	0.3254410267838649	0.6114661835226809	0.5249780333582867	0.5189233293425203	0.6033093721523953	0.4200224333996747	0.3595623467146614	0.4942600051604124	0.5117061114399953	0.5218599447822194	0.4895072267276854	0.4661291046314903	0.4036252557771106	0.5428152951713201	0.5335351301374295	0.5072127594373064	0.5309154682084428	0.4411691219302595	0.4450369640492224	0.7134101698514422	0.6353737245731016	0.1801434361700512	0.2398260142410871	0.2220394951122445	0.2365048783982754	0.2586359357249711	0.5146558607651464	0.4337804049883544	0.4207064834668705	0.3763094099066045	0.223831081157283	0.1523496740810925	0.4910265233547368	0.5007849556368624	0.418202936520313	0.4942046071113975	0.5236587469387939	0.4200170719771346	0.2432312350721158	0.2403983762188149	0.2099856010424651	0.09203963742243514	0.1579606788081104	0.05588157785186715	0.1586553074073051	0.5733443447859174	0.5380868065634079	0.8110561266347031	0.5140710371265889	0.4718934319869639	0.6153453189207092	0.555867911099273	0.5055846740551759	0.3530477597483783	0.2598081416205874	0.4083282669998554	0.3370378852966665	0.01867858648920883	0.1990497226441742	0.5671396794177904	0.01955327984556639	0.02801584848652066	0.9731495063649619	0.9761288139145911	0.1302021620241346	0.9973938334317606	0.02052739373136145	0.8193112948685195	0.6513666467108029	0.9938753459345191	0.01160550040501481	0.01290586774087059	0.01210802892766788	0.01282927487260666	0.01494525482596075	0.5354384517064723	0.0250406725617437	0.01493644849287439	0.01537562706906948	0.01149300454991008	0.01129379132776822	0.9980838496960091	0.9983056038553325	0.03662330806509904	0.5607768664928962	0.3024412013947369	0.9964886931142456	0.1894314565716251	0.1756204215031005	0.1188082770884007	0.6912449473089169	0.673993998058655	0.2705670513023323	0.6266265230480413	0.5222742837764186	0.5167725226272274	0.5785864748046338	0.4102485633466373	0.348929757989265	0.485558522147775	0.4924447777699842	0.5184542272604115	0.6245595694744045	0.4774175527102326	0.3280914788220256	0.5461083181243223	0.5402151798915232	0.4951095382447989	0.7579033901812429	0.6421600611892366	0.6881648833497965	0.730059514811112	0.6002312178587449	0.1902107944666316	0.2815854698839843	0.2818290907277098	0.2760187754203062	0.281402149190576	0.5096452763379038	0.4478153490208313	0.4823607619398028	0.4042910658568824	0.2317326041658195	0.2068012799681217	0.3368280344025887	0.3708669702809832	0.5413557859657501	0.5642347822558679	0.406784026555493	0.3245684152473921	0.1572456782414426	0.1243787481980703	0.1205157179301512	0.08551527061503673	0.1295648816624516	0.04632216499679057	0.1406799028065886	0.5900804553333125	0.5444157927269505	0.8438621470114768	0.5108653550117053	0.4546049463145256	0.6390296561630601	0.552993775876251	0.5079944398269511	0.01000535828487632	0.06863395462004621	0.03560342083067599	0.3208456852528956	0.01001156115053376	0.2665016833310168	-0.002641085122043194	-0.5471724292759715	0.5445095719287913	0.02054072005679076	1.131357809244397	0.1365079213988847	1.499922246110031	0.02038603013333178	0.0008924367578337651	-0.0007017718488070627	4.778339345663194e-05	-9.969017472108489e-05	6.602684987885695e-05	-0.0001966559905829041	-8.881077351785132e-06	-9.514000833996511e-05	6.707477680641024e-05	6.319465000924557e-07	5.802214336055823e-05	-6.325225381259676e-05	-0.03388175628348469	0.2606438015419021	-0.004512993999758976
1.155714285714286	0.7537157258103762	0.3900337244897626	0.03072937312900674	0.9760201397903101	0.9480784998130892	0.4620541099432212	0.9333148548465193	0.02650322615795754	0.5426916626160609	0.6618608497894171	0.9309463578385039	0.1045177564430359	0.01513785629430224	0.0205058303479438	0.02159671449239905	0.01266549183520521	0.5255802161535003	0.2242177522454435	0.1255731497153563	0.3381667011576971	0.3506521276524096	0.3478362498787799	0.9823864450854206	0.9804163143764499	0.1886031122857492	0.3565647880632643	0.195914511725523	0.9847405305544238	0.1734472852490037	0.1590696124425096	0.1196776928607447	0.7008126145054399	0.6725685492677747	0.3885361763389058	0.6203613382322626	0.5199168558961148	0.5151434696705494	0.5719629713331177	0.4223689723724631	0.3665128450255866	0.4886678474770015	0.500160397930445	0.5188099742296615	0.5383816869405731	0.477125465629658	0.4058787143812673	0.5469041172977454	0.5534697217492374	0.5288151035702333	0.5312566211105391	0.4313400379904462	0.4716689761270429	0.7614213294747256	0.7104420302454438	0.1342855701949926	0.1944758876773063	0.1950337252584805	0.1859111009589121	0.1893322699937414	0.5238331004660924	0.3993431392075797	0.3382106315482881	0.310313652270069	0.1611868402922688	0.1435906010043907	0.5592142781951716	0.5809806848436201	0.4118676137079376	0.5761529923368798	0.5518412627720312	0.423403396477457	0.1679800197805353	0.1459880218823806	0.1241118721188576	0.1084878299448418	0.1741105658361087	0.0430786946223929	0.13262299277808	0.5681798604907669	0.5273063491849099	0.8381983680330993	0.505009568218	0.4486290228343058	0.6244759080735133	0.5835574439187413	0.5176235523233507	0.3529528076329279	0.4141886400165432	0.06345473105553534	0.3104685699657334	0.01321433938024951	0.1854703948737854	0.9981503726869722	0.9058761211725544	0.02181039311787595	0.9922263588510425	0.9896834448171229	0.9783098238585266	0.9201008029962758	0.05093077370847807	0.01344942958212634	0.6267970704151488	0.8465680120830408	0.01802172976968586	0.01902154496383314	0.037668182053465	0.04013663424756066	0.02742395257756909	0.5090519261830303	0.4091393552473475	0.3351656013117837	0.939063815994854	0.9901643567258562	0.9817098081000347	0.984387188154735	0.9761441424424968	0.4600810160069738	0.02644009286972161	0.01583868329172963	0.9783903982644774	0.1361223169801026	0.1186557562238348	0.1141760214780366	0.6597403512114682	0.662991476507083	0.6876016360919387	0.6205204911836912	0.5096524017646918	0.5082021188417482	0.5142292709406915	0.4495114187274983	0.4087487398367494	0.4875290294090907	0.4976995183921385	0.5144899076972556	0.5184410905617548	0.5171386880463508	0.5405189711032462	0.5908490066942443	0.6118369558386381	0.6017991703253238	0.1333595298616188	0.08689688343979413	0.1000870675208715	0.8934514568829209	0.9382746819469554	0.04001499449482578	0.04172949787050781	0.03840297888375217	0.03733058611482986	0.04077228317031007	0.5545543440623655	0.2856286999965008	0.08525651222332503	0.15175259433305	0.04027964908953376	0.03325966846086697	0.9418385742607601	0.949164910716076	0.1434816725769522	0.6367588147101187	0.824510236615291	0.5241726059481236	0.1517776897789818	0.1535935495285158	0.1129643088321081	0.1481593268537165	0.2573684415226986	0.04188725563391855	0.119305599359021	0.5184517370476185	0.4821756155954934	0.8533559531959124	0.4871929899509199	0.4210299978488312	0.6059250799026665	0.6750033066514368	0.5492741261705208	0.9999929398126089	0.9999960379177831	0.0100028508871369	0.1882551102680213	0.01000247512094173	0.01000317391625871	0.00555344497114984	-0.2270542313514491	-0.6127555039587875	-0.04524072556929844	-0.4894859209482715	-0.1704813793483402	-1.325697687944409	-0.04053968588272242	-0.002411253993484193	0.0002312350511552473	-0.000133945627553408	0.0002491818714080181	-0.0001158299091364011	0.0003109717637017678	8.962812812965946e-05	0.000219917416224658	-9.327358009648466e-05	-3.655670638490717e-05	-0.0001358749737285012	-0.0001121993598328514	-0.04563458889909144	-0.5459946320403308	-0.1479439157442201
1.173095238095238	0.7697100212080854	0.3517710781345293	0.01400976516408493	0.9789150038976068	0.9675168140409351	0.3843620577358624	0.9614515690848841	0.01900152527146992	0.2623277965262648	0.6901885123433033	0.9355099550264637	0.03326391069694891	0.01634119983141308	0.02149303227896655	0.02242700445417773	0.01584199833998522	0.5245043900479858	0.2349298773672648	0.1300884281751779	0.3397386730229057	0.3507959593914299	0.3527331608428529	0.9909141854228726	0.991942122123449	0.3522660262220793	0.4079142640640605	0.04688951116024589	0.9902888658114883	0.1247299417964958	0.1081645764929184	0.09054564622912714	0.7582021983917424	0.7197425558782315	0.4071212856532081	0.6315036272051384	0.5143989719417883	0.5098014265943568	0.5596542432556532	0.4170652178820405	0.3598999676519523	0.4841901522039002	0.4979884771917816	0.5195753930784053	0.5135254287857473	0.5081144793324252	0.4431120090399462	0.5439891559709199	0.5276985251703737	0.4705976833002128	0.5912382581123827	0.5503961111435671	0.5539500382546751	0.8592147215811132	0.5854873550370914	0.1265312316924247	0.2071018731350082	0.1978914054230927	0.2215600214406621	0.2515071462676661	0.5031740323225016	0.3707477059245536	0.4451308129647184	0.3651648809053333	0.238979671234361	0.2250051151600538	0.4036510411427038	0.4132924644199413	0.3610993613768954	0.5084278702589251	0.4830554013838976	0.2366546245526161	0.1042141601224888	0.09789315027039307	0.07734346475278918	0.1250002935023092	0.2031631898489096	0.03532514225677418	0.1165531921645907	0.5748132290729165	0.5237332999916524	0.8776959906550149	0.50311158699383	0.4353176664371768	0.6521107601190655	0.6171737422803754	0.5297937065143632	0.5686984460104041	0.7880910985280326	0.1398283981568127	0.1021938505470425	0.2226263748763735	0.03425675109376551	0.6700348988041027	0.01356805696996094	0.01320328017135072	0.9744122269812593	0.9758344668082077	0.0205399624549788	0.9956541046716129	0.01467943839930254	0.1534942978055503	0.7619890952214134	0.9947631401734075	0.01586679027546454	0.01500694511522899	0.01279859960865404	0.01307872078227298	0.01223161281434116	0.5314369431560652	0.1215910320849434	0.01804304025283087	0.0168963887831801	0.01200708577972485	0.01208188721400106	0.9985717097475695	0.9986564004806352	0.3517261194521152	0.64249044030742	0.01631405298438479	0.9963853435134846	0.09727820506366235	0.08252582779021189	0.06890171504251635	0.8753519491358622	0.804911373588604	0.2872527280847765	0.6506486673608209	0.5135031292551436	0.5076195872804378	0.5695554659780563	0.3953215653190529	0.3288811805581384	0.4779592281119054	0.4927628953212743	0.5217882624817565	0.4616257887065928	0.4944971722319442	0.3825994469778279	0.5189220984472127	0.4658100103762305	0.3611009595713007	0.8686182083876588	0.8939305848669888	0.8539265818235032	0.9473922366000095	0.2972289971395671	0.164285421951698	0.2952516117996866	0.2765949103025414	0.335130105772704	0.3984711798826528	0.4681184228213624	0.4027106314763181	0.717994131137493	0.505873271686594	0.3891264269899844	0.372642180558438	0.02516197465280051	0.02412164805551408	0.4137079941559251	0.3982420672487115	0.2645991914407508	0.02040495031580425	0.04647738261180689	0.04363977105821457	0.03737259560265462	0.128143680706378	0.1953035342149811	0.02894436557754757	0.1039689344706573	0.6170959665106428	0.5463046833741982	0.9388461140412263	0.5088803285096429	0.4275206542984233	0.7088323838208235	0.6207484561386512	0.5296849176554251	0.3945677215181494	0.9999417393597348	0.2425280017915437	0.01001783105701176	0.4664349369604751	0.01000636299589021	-0.002301314014826745	0.4932404322715092	0.6098321132736443	0.1106059024917297	-1.433049675652926	0.6186944106824958	0.6554722892095188	0.02138235737202504	0.0001650374618346219	0.000249152071016158	5.897374055043728e-05	-0.0001237701235658473	9.348007676559499e-05	-0.0001424660094958186	-0.0001473440686601448	-0.0001052194911545774	2.716931372706276e-05	-2.774259389369559e-05	3.134573853637068e-05	-0.0001303359381203564	0.2484374556675645	0.1982168817962299	0.111256459224435
1.19047619047619	0.7735360441127406	0.225054542892365	0.06138204467079547	0.9769597165581093	0.9716307362822089	0.3327078558574742	0.9167296671822219	0.1106759302098803	0.1787168814444808	0.7438929205779834	0.9721818424999983	0.01959795515583126	0.01467538159672081	0.01604577075531869	0.01801737529408355	0.02718375885581788	0.5248426947412662	0.09686344716580116	0.08671700838772843	0.3101126276226107	0.3484137734355845	0.3118595861254853	0.9783730572514225	0.9502275100374209	0.2405467270379237	0.4335880020829045	0.1406315257775758	0.9727025827150608	0.1159773888266201	0.1059201984213606	0.09045339654280039	0.8140005126047094	0.7715102134360956	0.4573528859155536	0.6461906246065234	0.5189102515506118	0.5148029965309957	0.5507007237140213	0.4103268866311363	0.3508825850099639	0.4800668376234927	0.4838650609307973	0.5159497766445477	0.4011215298726148	0.3792484945088169	0.2936979759270947	0.5469791596459287	0.5313679828034473	0.4730117182879665	0.5857090623023778	0.5875317721788493	0.5688962423704605	0.9135386647836514	0.559107441979494	0.1184304130457649	0.2032943262509808	0.1908171343899298	0.2265602622720564	0.2661186867838498	0.5300993577067253	0.4157921377868584	0.4753915082871471	0.3421351723138893	0.2581469835938199	0.2458591496618494	0.3887612330714632	0.3923823814383968	0.2988249706034704	0.5381953131487315	0.5025316705285622	0.3510839259965767	0.04319390898045829	0.03849646176755889	0.03351330155489318	0.1760493805880696	0.2374820546807181	0.02698032786085832	0.08764695282348738	0.6068824304119036	0.5420105525486089	0.9204584858778727	0.5005457429298754	0.4156771021058538	0.6865328403937683	0.6330108923423938	0.5292619319828611	0.2758545108990988	0.8986934160872272	0.1596668059572927	0.3356163120548046	0.3775574378115229	0.1807622624404699	0.9916302277813935	0.5245155280315105	0.131714344320166	0.9820062778245847	0.9780067258145123	0.8454278645311167	0.7359896585850257	0.2745348367405511	0.1035183387743091	0.7652585565868275	0.9616171992704915	0.01348344573883223	0.01532883032040386	0.02577497538345688	0.03046805703168879	0.05191525039658156	0.5112861539892377	0.05037274477939187	0.2205051975235829	0.842678579895809	0.9822757553399646	0.8476714160607176	0.9318894055293614	0.8234596003029856	0.07459208254533672	0.03147238769685851	0.3270199487668811	0.913116166447328	0.1376899370363944	0.1355670647215281	0.1237364699332892	0.7684599811470354	0.7721139639124095	0.8330010129891567	0.6541338342220939	0.5295980064510228	0.5294161192786673	0.5006216617353643	0.4344417329100308	0.3880966902943849	0.4796586697421688	0.4568842332407156	0.502470984771808	0.2105008079312005	0.1068078986343226	0.08317504613185719	0.6033734391261741	0.6505657892723512	0.6659482013545216	0.03327958358146024	0.03364462730047116	0.03126080568590464	0.9483632147845469	0.9802367724819475	0.02620165356276572	0.02185009792524019	0.01915408560734214	0.01802315095161917	0.01843872001989413	0.6601864305397315	0.446133275205996	0.03499297202295438	0.03020679753701885	0.01806299692089306	0.01427921827050474	0.9917136255596385	0.9923909717694166	0.03334015487092842	0.8006948750985816	0.9459172723258655	0.9866157670162792	0.03364322116316178	0.03121722459425317	0.02768876039136861	0.2727832037295365	0.3367484656485979	0.02514742985204637	0.05834857383496599	0.6116396474820475	0.5427933023697228	0.9432135048551968	0.4813862308521092	0.3761866944717873	0.6827264453490242	0.687407119259992	0.5344697412255631	0.01001312082477955	0.999964147361148	0.01000796390621526	0.9999892770516371	0.2673001083132575	0.4628083036418087	0.004790329499238059	-1.082218420227343	-0.4714154897923132	0.04240421149508861	0.8778315050228177	0.3092934162898982	-0.3503254826665979	-0.04171093984586793	-0.001121665699209606	-0.001863090542553904	-9.37589083236721e-05	0.0002236693246158779	-0.0001349841824973174	2.43243415986453e-05	0.0004051805897765778	0.0002488187291079799	-0.000112999537913555	-3.868816667176861e-05	-0.0001147830095628055	-0.0001922493881502148	-0.472498628662974	-0.3584866619555012	-0.2730332522795303
1.207857142857143	0.9032392887021224	0.1798108415098896	0.05893761945235261	0.9834081859798419	0.9416065504637632	0.3032180846955084	0.5168228174821812	0.0950570518889991	0.05768910010256888	0.8427504626752398	0.9790211478011203	0.05685167262646017	0.2284735679244576	0.1435290435523095	0.09326761795346201	0.0134348446241926	0.5129420789174787	0.08103632708786412	0.2549586080485918	0.3179578934919269	0.367064707764742	0.3215954375409424	0.9801579224364662	0.9721486089830573	0.1461160792962899	0.3456290615678668	0.2410231571155482	0.6098150070694287	0.06176967117637036	0.05878661622652601	0.05302127296815422	0.8726636338659634	0.8564169150003896	0.4808643134793604	0.6443964550358076	0.5210927361391731	0.5169169667892912	0.5658821967440116	0.4092264004261644	0.3493316084199722	0.4833734126065349	0.4925863193674457	0.5181202953993647	0.4108174547995553	0.4269481759478559	0.3894880415555584	0.5432715264903808	0.5356558072738548	0.5139669938881016	0.5976043495893401	0.622244137597262	0.6035953752236596	0.9497479374720643	0.5685885911262446	0.1780810220314598	0.2302767601887518	0.1748299718996701	0.2180063951599277	0.2793473871619442	0.5112490209109273	0.4220863921290624	0.5607146909774297	0.3791233295891642	0.3123931320462831	0.2084501492162209	0.4238303189432166	0.4144696307310849	0.2462872442129535	0.5486119410237352	0.5747558374010872	0.3505464207953447	0.02288620548965077	0.02130759884339843	0.01958097884453839	0.2553862304866557	0.2938964804060515	0.01834928427959935	0.0444386298363264	0.662966808899134	0.5705952752097615	0.9493403257517045	0.4912971183476559	0.3575013367632143	0.7564114993618749	0.6939182956462826	0.5337228634102613	0.5141466843231534	0.9683106932017143	0.122248286319483	0.3497644987875164	0.2350740502662968	0.1726770302917501	0.9930756892771978	0.01169571604273301	0.02078137747485065	0.9922435787686159	0.8932427560626992	0.01644125936805116	0.01087382237322583	0.01155988449452932	0.01078330692552859	0.9878777344604119	0.9957279912711424	0.08945495817629447	0.4567736993710929	0.2618542133932428	0.163632528575864	0.01130626602751724	0.498259527781573	0.08722780269756721	0.3351499786796475	0.01961622555024013	0.01271482891473601	0.01290922495963348	0.9990115977104642	0.9982074954037078	0.1212697352869011	0.4164506512137476	0.2137293554675742	0.01454459209356412	0.01312250846552896	0.0128046377647319	0.01220856798411075	0.9937233028684328	0.9853221204218984	0.3238015173482143	0.6385974061372582	0.5198473211775049	0.5136464419945518	0.6142037024179172	0.395761083863633	0.328743854876953	0.4883842522945384	0.518018125498911	0.5277826495276028	0.5167081803253176	0.6289219112008108	0.6280744535251671	0.5005855308288679	0.4730141134221698	0.4621101942796755	0.897347926665917	0.9485626503744479	0.9225833424193345	0.9811942945555212	0.3639314838151753	0.2950188776760623	0.3537604277755718	0.2425184976832447	0.3110065336774063	0.4184899594896363	0.4153969074045808	0.4237829654478302	0.9102927968335887	0.5842318618358107	0.502720275049647	0.2769152448864635	0.1440982318534526	0.122280358861523	0.3492127502783945	0.4166758942778877	0.4135421869317294	0.01353036171474784	0.01398280907854322	0.01347523883280131	0.01327787942368115	0.3009480209897444	0.3147100093936457	0.01323137378063249	0.02521937174254469	0.7436795931253307	0.6141627247679925	0.9778173822004554	0.490834266230326	0.3115963053666298	0.8577425705635655	0.7414253557018394	0.532510392056822	0.9999958589011573	0.9990989609767029	0.1710827100293416	0.01000573355786113	0.1253832087079673	0.01000290926761457	-0.002517792869303162	0.5647053382662778	0.2030533533406656	0.2228870815410283	-1.769990523746988	0.2773661540869852	-0.2801613026396648	0.02188864645240472	-0.0002752123674045637	0.0008265223551839646	4.427819564455226e-05	-0.0001019107916401688	0.000101971098568587	0.0002250966396812238	-0.0004004858531624621	-0.0003175153254671472	-9.214712090967841e-05	7.871422091009772e-05	4.011305621023337e-05	-0.000387597875896254	0.2289869625379033	0.1231960684282689	0.1804031578671914
1.225238095238095	0.9553122195807855	0.2909564331360903	0.05290186717884203	0.9906549087654642	0.9345583207380058	0.3406242027172866	0.3034109113445867	0.1594838519952862	0.1679407194268764	0.8958520490079965	0.9845436052536251	0.05991693416595853	0.2884241475379578	0.1951498762223565	0.1847705536795941	0.1524772678085834	0.4902032212743522	0.06042649992894241	0.2033236569801576	0.2095211577228607	0.2172556726418603	0.1697279301250967	0.955984107148028	0.732766047209077	0.09027712345522414	0.2988888111531937	0.1294211262081989	0.1695954877251683	0.08614205858048717	0.08723648092946008	0.07620565539085326	0.9228139905511799	0.8846217249196824	0.5114562418332633	0.6467058254847082	0.5258928129161727	0.5218698148549239	0.5771677336380833	0.4090351841098508	0.348773300125717	0.4856004655867849	0.4952688904412113	0.5184695682567348	0.4092341840813677	0.4517298518625028	0.4444701675265198	0.5072811141821675	0.5048152770936509	0.4925638982347276	0.6522719645393908	0.6498694671025721	0.6348988108683569	0.9387876018351117	0.564993289528147	0.2311880704538257	0.2496843881388379	0.1774503689840637	0.2212710446090027	0.2903416317908066	0.4875751329251247	0.4593341868942371	0.6195007286333682	0.4015991917532996	0.3405679040011281	0.1963613542767431	0.4249305630680444	0.4140634344160959	0.4156972341522555	0.5040948948895642	0.4876723739611356	0.3488650078008679	0.0307059668478479	0.02805336612117059	0.02519673698880258	0.3276587564098898	0.3459398829376386	0.01912465414421485	0.04485363702887194	0.68456260340034	0.592451189672126	0.9436387662248937	0.4987362269597548	0.3733591843532241	0.7603272992599887	0.6600353863106588	0.516733107281897	0.6258628196329069	0.9039981084287767	0.1925274675173737	0.3502990126880113	0.1936211639868746	0.116624736808042	0.9993979386766104	0.8751040456061817	0.1175957146694712	0.9975391537460846	0.993719486681519	0.9731304778902236	0.494227215541611	0.4528438741106661	0.4394475849267802	0.8126329627288347	0.970947003812943	0.01030943483201754	0.01335653418963827	0.08831292280859045	0.2269716247307652	0.4054263087774412	0.4545324633184982	0.01119249204366223	0.01365177658518473	0.5071704776149645	0.5097771170906632	0.3868628325842189	0.8497792245656334	0.011012569139748	0.01064196100932547	0.01430824833511525	0.01167306920603285	0.01081008665656585	0.2090194009875896	0.2144037782128273	0.1859657245943419	0.8572896889180613	0.7551229537067972	0.9133642634216762	0.6636568850551697	0.5420967932850025	0.5424634640617917	0.5181500134063926	0.4349020377288411	0.3877645616646779	0.4829748454124276	0.4556229280444465	0.5011659009046598	0.1949673199022976	0.1180019866394705	0.1228956412366316	0.4956952033064881	0.550091238715814	0.5606681596779898	0.1859826586951745	0.06962935924475562	0.07815149010411068	0.8651996919057909	0.9601916743707822	0.1112219226012273	0.04424233530933796	0.03831763072021667	0.03396056115588042	0.03213470228589235	0.6050132769391586	0.5527564948873138	0.09245862699284678	0.04551845339420969	0.0299828932523492	0.02008879620251196	0.9810549364487153	0.9823854681996851	0.5628565789873547	0.6501635600310888	0.6080132930214568	0.9811659465435844	0.05428220065980631	0.04873341459535196	0.04202720052408	0.430381097022602	0.4489143085005854	0.02801697051125496	0.07078246631499038	0.6127348722492051	0.5787346479613915	0.8868898633068166	0.5140986872900344	0.475582651008669	0.6071282242524969	0.5052615194594761	0.4770891205680257	0.0100281824810108	0.6977021305988881	0.2064523421225775	0.9999013966907061	0.2620093350274028	0.3067474940738442	0.002302404656251138	-0.2691621646508111	0.2400411670287209	-0.2477719072958762	0.4744449718629826	0.7594211463943122	-0.9111499561482836	-0.05053223612487047	0.005881044670047061	-0.003783545724550709	-0.0001131902511013383	0.00025209449654678	-0.000160355412031692	-0.000576977227440933	0.0008065548611923749	0.0007216837463353668	-0.0001660963334400888	4.30780803659622e-05	-0.0001372454161225464	-0.0005439609772097345	-0.2778334779379039	-0.1052850324426117	-0.2232832360586168
1.242619047619048	0.9814201093949729	0.3018423160214756	0.04951209723303527	0.9957630086309446	0.9982940983575653	0.7991649581411482	0.1835161627038155	0.1788646117611489	0.1678090845131504	0.9223555541376387	0.9950477660593314	0.448060560553856	0.08624201780113953	0.07399921416455919	0.1108219221890765	0.1620025835289904	0.6796620530142442	0.4482672436478848	0.05724298711586254	0.1673342756737791	0.168714611933704	0.1217832995711096	0.973040194919558	0.6851448712029653	0.02478497487452717	0.09050466947227588	0.03442268488214436	0.4581158060345504	0.07805007246259378	0.07966049588314988	0.07090351378609641	0.9399455771733004	0.9005946448397929	0.5710784131940085	0.6585758897432153	0.5361302301127996	0.531593781782965	0.5805723050467704	0.40097023147201	0.3371052752335105	0.4826996189103582	0.4800678013435236	0.5151654866884432	0.3650084950963325	0.3917744971852255	0.3547799145021614	0.5029822179570561	0.5164426257877257	0.4872783881626943	0.5622772501980637	0.5592410418814452	0.5492837261650892	0.9281157922750464	0.6763534249394154	0.08804095076475756	0.1123667093471449	0.1094431823179125	0.1516234701574793	0.247598989475446	0.5225978438227328	0.4513190934322608	0.4738821834462316	0.386319017937828	0.4003465466162116	0.3721215530618565	0.6770325016760923	0.6897946954021075	0.5905804413363658	0.5192877771603152	0.3541145656587913	0.4062781054399304	0.03048186461270162	0.0280153702573785	0.02424759778057959	0.3490501837643251	0.389576560131255	0.03046217312929102	0.08183928385603685	0.6521383147411485	0.5887355431941805	0.9224089491164555	0.507399937792287	0.4276136160733726	0.694908705167948	0.5746922450080136	0.4947774889446745	0.4852886827061542	0.8909874070906825	0.09799422466918603	0.3522347115230428	0.2990333713337023	0.08807314400029512	0.99980216162755	0.01036420601521938	0.01011818490931163	0.9997382091154255	0.999584428933401	0.9986054970629406	0.01002503838517344	0.01005998161270926	0.01002488558310878	0.9861066793912451	0.9997784017714807	0.9997140593799421	0.01011028114250711	0.0101151743417281	0.01010828958525952	0.01003976861679298	0.9789216939163549	0.9993477193595538	0.01085558457131889	0.01057447299457586	0.01019448059560129	0.01011356567271484	0.9999405941817607	0.999952149690951	0.01050048871326426	0.01069954135137566	0.01028194400687424	0.9997940017704914	0.01305267629899343	0.01278737924492945	0.01205960489133221	0.9915455308979285	0.9802871314268419	0.4501663263496073	0.670726171496253	0.5414528219218301	0.5341992144625615	0.6119240245921905	0.3771733305223947	0.3033107349761129	0.4792296035976228	0.478591965706109	0.5193295429579204	0.430481570847969	0.4793513532954551	0.3824618625995519	0.5012399135583414	0.4967847457013669	0.4159818158647205	0.6748658970210254	0.740059138480387	0.7229637992995094	0.9315107607177835	0.5825492917263496	0.02678771460307987	0.09054808280898041	0.1119169090891666	0.1800592440936481	0.3556725981996053	0.4994581851154788	0.3915200506572153	0.5558975717677441	0.5694290660923786	0.6689604600169818	0.7207143030933363	0.6973472974341035	0.732661821612598	0.742655903275003	0.4454160966560022	0.08029193394194115	0.04644515761899447	0.02262533886017315	0.02113578135143415	0.01878195565447295	0.3201303465346145	0.3915648728228542	0.03635859722828746	0.1043374813421069	0.6389522253588857	0.5903801103222889	0.9083572081591553	0.5132573757455373	0.448955192209655	0.6706453145020868	0.5202849083790174	0.4818314358868399	0.571439966737058	0.9999347863068052	0.01002781975930632	0.01006414992999011	0.4052073913425853	0.01000774688720412	-0.001472816613905287	0.4602488655205282	0.3661933829207912	0.2061779902403747	0.9669865982317434	0.8709046235609881	-0.1088328379181636	0.01807867675125045	-0.001829378341709043	0.005407991205722815	2.021897047284322e-05	-0.0001681233791650595	7.461761775560147e-05	0.0003716431469981825	-0.0004678519019280191	-0.0003901318118053987	3.372019771802381e-05	1.164470622388905e-05	3.309183980396398e-05	-0.0002099811380711984	0.1356174151495985	0.05292058790215037	0.1063527963128629
1.26	0.9914693412825563	0.3378668429440391	0.0207234334498215	0.9960069781678556	0.7870892658229122	0.6277298994675673	0.3312133695687918	0.01793288170062069	0.07656889534784597	0.8669095492583782	0.9353382756014232	0.6063273361796349	0.02482861004980909	0.01553930042154966	0.01043757587658055	0.01124528302791108	0.7516030227447719	0.6066834858536928	0.02059037377261683	0.316551469120417	0.3214272931005484	0.3128890064559708	0.796662919424112	0.8013115871425371	0.01500242798780727	0.02776330171360221	0.01875452677524803	0.8031548388439774	0.09643666495693383	0.09779249684857641	0.07379635723436599	0.91984660055977	0.8730198636785084	0.6084330992439287	0.674224350511972	0.5361146497936859	0.5323091489780613	0.5706378764160246	0.3965003023823515	0.3331519831358953	0.4785442805781124	0.473585716933535	0.5145461488863144	0.4309326466871488	0.4033521908560296	0.2895490757004358	0.4954425949621393	0.4704815515189201	0.369595885135415	0.6006743109451982	0.6593423278827115	0.6375404759554298	0.8652949273853944	0.5337947760016447	0.147151907333175	0.1934554557802918	0.1056561721825209	0.2010644709131403	0.4030460543618849	0.4889109627158031	0.4399610188856681	0.5732282260083398	0.5137377984886311	0.5646016631983864	0.5470324833071838	0.6465428179960601	0.6578378836312	0.5855781622827591	0.4449359638256474	0.1074973818765396	0.07807026354978526	0.05866804090570765	0.05217704758052996	0.04945322082526961	0.3440865159820257	0.4022297625139222	0.04545425649828642	0.1209498569638199	0.6371555001776784	0.5879917660311759	0.880924978741021	0.5163976411034297	0.4585287456183831	0.6641424249513889	0.5190485130704163	0.4785027250529603	0.4184117827146335	0.9774831911917732	0.08778368913539202	0.352358465090593	0.42653402031274	0.3152642753247512	0.9986302150872418	0.9925815009754819	0.05201467218297621	0.9916972776300709	0.2165736938754283	0.01352175389632181	0.9947195417396415	0.04062402263040825	0.1938875664817212	0.5956015230526315	0.76021731296617	0.0104522833686291	0.01039825343376246	0.0104155730377053	0.0113355577519342	0.02670034012110337	0.4459023435806277	0.01253035020648173	0.01155059396322651	0.9793088441547677	0.9950961300957498	0.9794635090002125	0.2478028561590009	0.4526729073234812	0.01066114808057922	0.01475015192030282	0.01591910666319981	0.6968420306774917	0.2565369295666658	0.2613758915545941	0.1933628107484857	0.7686989425609794	0.6435453052853961	0.9815837393263168	0.6996661343396516	0.5308148909873861	0.5340859987358908	0.4831015570513563	0.4290804956513486	0.3857345454097165	0.473363162994375	0.4522375157109485	0.502878346019766	0.4346486906873706	0.2231234481973748	0.05020162705195418	0.4772315806745524	0.3975503285177068	0.2178257954920082	0.4251916213663207	0.5072889509493166	0.469872262781206	0.6723350993584897	0.3944151048042273	0.3356528798496336	0.3466910287278541	0.07092765824801094	0.2103405457508217	0.5084903872967924	0.4657385276264346	0.5256335482560043	0.5882682758751694	0.436781177486582	0.4359196993040406	0.3098310881650789	0.6609563625429388	0.6366171122361467	0.3591444851072859	0.4075188258590443	0.03272066298770819	0.03339795434242495	0.1189094884921953	0.1035672542384838	0.0990014514947823	0.3998058544013395	0.4501206813090423	0.05932791612059058	0.1540669212909067	0.6045971255162242	0.5807005325484171	0.7778765078468445	0.5325958851642345	0.5202690236628652	0.5910829123426274	0.4348289864854855	0.4513002314714273	0.01000742094190474	0.9999263641579654	0.2097575327890242	0.9999841170491995	0.5559119607920225	0.9999901980043278	0.0002153133948550094	-0.5193544534041422	-0.4489634056288433	0.16728839739196	-1.848838245605584	-1.147986130260839	0.865788864465997	0.06288077787567786	-0.0476836031438716	-0.01042017755812132	-7.515308459544917e-05	0.0002784722969768182	-0.0001060296714853074	-0.0007840087574361597	0.000858260728052872	0.0006477752914389515	-0.0001744533723139547	-2.015829180539481e-05	-8.797222808278021e-05	-0.000219834776958476	-0.2127792547960452	-0.07843755625354761	-0.1534972427148986
1.277380952380952	0.5955477536112651	0.3508900237683065	0.02532362935759998	0.5963357569471209	0.3093947890344571	0.1899497348587378	0.4711748799702729	0.1258201050084783	0.1855128632169141	0.7770281550507092	0.9131431828055421	0.1837332660535392	0.08473996778446753	0.03859472823158624	0.06768887090246906	0.1338496893364622	0.5424592960433946	0.1852932653519613	0.02470919590475847	0.3934201494273182	0.4022541188405223	0.3853188003413088	0.7448385713000186	0.7925684270754881	0.01124471664928545	0.0164282405713275	0.01318108917333525	0.4355730893494276	0.1119479357706349	0.1104815957210245	0.08283568110230036	0.863574140498076	0.7758381230765483	0.720030438597811	0.7135872003631627	0.5364059892960379	0.5344203853463496	0.522779263903097	0.3691384493459145	0.30543697448936	0.4543111336340113	0.4364676567558875	0.5099236409577755	0.3241117600782912	0.3791295456217962	0.3442452876752305	0.4537334431328082	0.4201730869222697	0.3359963496656307	0.553133639340735	0.6000879280425123	0.5586923984296777	0.8203166008201987	0.4939345645478707	0.2634071367546562	0.2446242874129065	0.04740649421401508	0.1488819865984683	0.3206840235947881	0.4739749845138228	0.4698573453471883	0.5579364315696462	0.4926482762388384	0.5067652846718543	0.2872785794721698	0.5908377443552763	0.588965062967078	0.4451951633803053	0.4964827462896128	0.2662717389318536	0.05641461560697314	0.06489132995436091	0.0589892913588112	0.0500589804732178	0.2927077835148428	0.3697822729820727	0.04801878646658544	0.1301143211235973	0.635585862577004	0.5900418987477043	0.8625508456001907	0.4982590178352178	0.4391680721606683	0.6460488747321391	0.4842071173104203	0.4742578405988712	0.5314821008535298	0.9906795348737875	0.06042333508412591	0.3848283615332551	0.3039697207587154	0.3469179033623487	0.01121367514703502	0.01040344682189369	0.01057704756132932	0.0122823022225841	0.01091732607898765	0.01049415948999518	0.179976780151643	0.2074318688392247	0.2080298944124947	0.7743802296760551	0.9869286911420675	0.01729693503770461	0.1434915442515494	0.05875599244502513	0.1135067987021728	0.2358862152095863	0.411008056019042	0.01894126332851383	0.03227261884690617	0.0293469850891175	0.03502541434400981	0.01366044298521605	0.9987349262884607	0.998836810280564	0.01074311424810103	0.01444727121208787	0.01038256371821726	0.01120789735642402	0.04175141931886035	0.03752254911967069	0.03226004126680155	0.8562255273732317	0.7438911895657621	0.6916205313224731	0.7662758306472571	0.5426791180987532	0.5397722865515777	0.498236867098827	0.3137303311983435	0.2396203817757649	0.4218877934435264	0.3895739280943327	0.5078542742415214	0.1934164655593171	0.442154302944059	0.5470727773289421	0.4109763498852577	0.3988006385239559	0.3866340759593206	0.5621422427022856	0.5739330939015591	0.5176305094715206	0.8373391372022957	0.5344761052778533	0.2849704298115018	0.2241893715555766	0.04914252921667806	0.119149804225427	0.17261854054591	0.4697848437538936	0.4661905542532608	0.5170133583767778	0.4857816344387844	0.4597031206677421	0.09842721351520763	0.5293478261462859	0.5278157763321565	0.3779635103159539	0.5926709113141628	0.5133542679277036	0.06599128310131826	0.04466417131203282	0.041827487892124	0.03094087895577374	0.178657697448451	0.2815110698319082	0.04322626749491075	0.1223938056406576	0.6471022204276229	0.5932141316488146	0.8923721964895854	0.4594916343765013	0.3721041800704772	0.6562426583152419	0.4909318815093106	0.4880572771323961	0.9783223704993517	0.9998946892899766	0.01068115291117928	0.07398033890030735	0.07724520929277791	0.01008401187283259	-0.0001242751335087319	-0.2364566956061473	-0.4062227788543887	-0.01892678479631171	-0.1111431921522251	0.2632994097590566	-0.7530642121053639	-0.02734300294663593	0.01799131929108555	0.00709110278855446	1.839183451852654e-06	-0.0001353912614125606	0.0001247115136647936	0.000382136378052354	-0.0004241359646830974	-0.0003687422172666297	7.390168062207424e-05	2.048515078764593e-05	3.562351215397074e-05	-0.0001882529333454257	0.05852154672256836	-0.00590707161416707	0.03484261028011405
1.294761904761905	0.4659949398138608	0.3296340111130852	0.01019997432415852	0.4671198395651708	0.3994584164501505	0.370293306598327	0.1446012175687058	0.1303144738330284	0.1232969193683053	0.744254951660932	0.9768328207960529	0.3713787904548042	0.09460714922135538	0.04077493016944118	0.07449230167285971	0.1491683455543884	0.5535710225798978	0.3723711262489484	0.02497816135335456	0.05494843989265237	0.0591234683413177	0.04493399505402976	0.9529676714741505	0.9556498183377792	0.01101363029376226	0.01430665815087691	0.0110930696200291	0.4184825530804723	0.11328300143289	0.1183959770693717	0.1055690018188645	0.8562765721164424	0.7489418465064759	0.7573452783320583	0.7515449379814979	0.5487183437655353	0.5475968071927753	0.5050922543911609	0.3404917534404722	0.2662568935537194	0.4368555347682454	0.3924276335950084	0.5026926264574879	0.297556020601709	0.3982324440470973	0.4199704711217487	0.457596040181324	0.4422306673376135	0.4071906462934886	0.5022223076144943	0.5250192847545266	0.4941141546920836	0.7684214152467178	0.5872817534788849	0.3038654504420618	0.2856124247852552	0.2487647517845917	0.2719450683342489	0.3052469743970715	0.4871931063658941	0.4782444406441508	0.5088092343354195	0.424168570933063	0.3747516839547971	0.2943614905324203	0.6678458935571032	0.668156691993071	0.4618825612640419	0.5384577842034701	0.4225869464191838	0.0892606048462692	0.1002214256206288	0.08303880533183874	0.08514726054885562	0.1583966360892012	0.2606809740478383	0.04962194756577706	0.1355717212576399	0.6261307485237446	0.5780275358579409	0.8790145929309162	0.4702278442300702	0.3907169649079855	0.6415668989307645	0.523943359608543	0.4964895059298666	0.886164882415997	0.9957479649027675	0.2530469173960935	0.3864139967255556	0.1814940664136143	0.3476049219331379	0.9995865024711345	0.9208570541017773	0.01882067727677889	0.9993493067928232	0.9991156164446923	0.998312837094546	0.0100794116677478	0.01018103751603574	0.01007625379083477	0.6063781569277428	0.9992961254328946	0.9973835328442622	0.01026559255434118	0.01026412212375227	0.01024291022014208	0.01011769173189449	0.7336464668458835	0.9971481005916872	0.01139131729125677	0.01175500966277919	0.01052360311701975	0.01026494666497556	0.9997900621609918	0.9998314139088905	0.01064741674971794	0.01208227881013904	0.01219697890914439	0.9992622511530327	0.2592116444152671	0.2816798667872861	0.2509873818167245	0.8179223223225319	0.6819662135102132	0.9817030964858252	0.7742805064113504	0.5688338759986959	0.5727856273261299	0.4829996789845944	0.3692562341044336	0.2957946635118627	0.4453127267111314	0.3587704493267327	0.4856846722929065	0.4423855245881568	0.3040174987716278	0.1956212309313441	0.5315644624617504	0.5152879579050172	0.4569761933445518	0.3268766826862545	0.3467253644295947	0.3657559516388151	0.5617974220573047	0.7314332953938175	0.4008162262142899	0.439351611931391	0.6340799920320708	0.5794419645053962	0.5199724744172149	0.5218537992064408	0.5222334905153105	0.4529738996742752	0.2562545584456214	0.1150540084978256	0.5660137809372676	0.9730599636122821	0.9715792493254688	0.5679211731493176	0.4788438189146861	0.3100847945785189	0.1159525706930904	0.20453482413801	0.1601625202798534	0.1833030625711354	0.07893607805445758	0.1711912706774661	0.06245355585427381	0.1642087044521651	0.5764350951882563	0.5405575361443995	0.8558888253885311	0.4659084810853515	0.3937128975136067	0.5989402034357424	0.5957574106816407	0.5236878718386296	0.9745522736794177	0.9994898919670634	0.766450837580519	0.9972065829252417	0.2825998697405446	0.9998026892331273	-0.0001312137061954067	0.6574322587963931	0.1571145133983198	-0.2247182788467122	0.9836948045526689	-0.2007576633376178	0.2525106632923021	0.04048157888616551	-0.02864561216849864	0.0007090061472853926	2.60052174044931e-05	0.0002932269886775955	-2.21181497029761e-05	-0.0008432355281543042	0.0008129713511608358	0.0007594449528489004	-0.0002389398360678821	-5.541605880854541e-06	-7.979757050993562e-05	-1.73223593546315e-05	-0.1099529154214994	0.007729447429346382	-0.06589884794466358
1.312142857142857	0.7967906500807368	0.3694953679735262	0.01860767624306542	0.7911545964295997	0.72043874100481	0.3671383458753293	0.1313016131267884	0.1076533967425835	0.09368156871876029	0.7267872498346534	0.9079596739445506	0.7544803462087442	0.1227186007216685	0.05834179429525246	0.03468465462111598	0.05451751583072814	0.5717057629651114	0.6401683157100142	0.1810538969473919	0.2118076571660307	0.1256854039035518	0.02338069763299312	0.9406090219227971	0.9448023092670873	0.09750984503261061	0.1860764696089426	0.01396210124443302	0.6048073685147821	0.1375410514638473	0.1301232430908522	0.1064430305113462	0.8029840213717298	0.6899823357005574	0.7005697212918908	0.7078652674457314	0.5584390635986261	0.556590812765737	0.5018882225571379	0.3811161522533164	0.3207660372832442	0.450758642940338	0.3723056439800119	0.4880873610075616	0.4445271167109301	0.4670808422076971	0.4750976563367344	0.4912966710554801	0.4935062847930413	0.4832631554750055	0.5743051730939364	0.5666233423421853	0.5682749062665591	0.7370163916180685	0.5645870519077187	0.3908179238102508	0.4076366646589293	0.4016647411906018	0.3912457106948771	0.4230493009873963	0.5070275293190125	0.4901102296125486	0.5258976047991446	0.4649204209441702	0.4297227373744779	0.4139817054082994	0.5257973155514686	0.5153875642090215	0.5501943800661614	0.5097103329193773	0.4515345538334098	0.3535511189427747	0.09318944324488951	0.08121626145488309	0.0808946805284666	0.1099007273610089	0.1892942263573381	0.03985962697656711	0.11237733596153	0.6213767701979168	0.5634743240022582	0.8931415487702391	0.4393807903223053	0.3481051884161153	0.6492522412690512	0.5686259705755774	0.5219218556342905	0.8312647949187529	0.8521711141668229	0.2810953766102521	0.5816328438358199	0.282136425127727	0.3717032523173494	0.9876836612139352	0.04277383841064444	0.0237798348078867	0.9719603573384272	0.8348849518928453	0.03043338014632217	0.1840446378696456	0.1455957777560909	0.1211823041887148	0.7665114753360127	0.7854160014109522	0.9369778827275247	0.2090927802349937	0.1114108010548205	0.04852585680876383	0.03720632047679399	0.4875091740434158	0.6398539673009311	0.3706948154280603	0.4130694457515876	0.2159629435066316	0.03218156219839503	0.8967531456960938	0.904877040043622	0.1734249532366162	0.3698978751223109	0.05545068342883117	0.5374911322524627	0.0854365156012233	0.06010957959922551	0.04050434057971612	0.7333138607769386	0.6302070159121488	0.5036841313560591	0.63269096532422	0.5645850304235288	0.5592896288464424	0.5024946572813602	0.4178961018732346	0.3716698013591164	0.4626881738975733	0.3541825919952418	0.4732183956268114	0.5789845363379683	0.6215193301437469	0.6731447014841286	0.5084015781747657	0.5339703672154317	0.5699750723537055	0.746811889586544	0.7002448318767872	0.719616260114036	0.786286413706721	0.4702567566707724	0.4484344388265551	0.4708218091711299	0.3730734086928691	0.3708486586150097	0.4447798569284287	0.51608340939761	0.4826907315265734	0.5703745182580474	0.6034856997541695	0.6288106481420301	0.4130860037764126	0.1781764816062051	0.1556614021406929	0.6040439388220555	0.4997279199491086	0.5620154369899574	0.6582872572967053	0.04113818223664485	0.04344418497697596	0.02954470370047077	0.1003969168381873	0.1495671826561672	0.02454267046961746	0.07738384731189508	0.6378111629807145	0.5583745801297051	0.9295899834858137	0.3926449150544456	0.2826305459959783	0.681549611976251	0.6032069299702481	0.548345910793101	0.7050000974301975	0.6288062523530847	0.0100709157785518	0.412656384159625	0.316398512993112	0.01020677499132268	1.944360440274584e-05	0.3866638273401563	-0.1522990815344798	0.04284999791634436	-0.06211743921705849	-0.6608161952417434	0.5677508048583264	-0.000554528895789486	0.002292167013306913	0.001423465112085076	-3.248547113605626e-05	-0.0001469113521076604	0.0001535325612532784	0.0004394169201391495	-0.0004134453371496746	-0.0003582322473682907	0.0001172306395763858	1.605353647392411e-05	3.802400790999875e-05	-0.0002408314619163202	0.05542125022771112	-0.004505747079766651	0.03210968139768713
1.32952380952381	0.8955107168209969	0.1536960564680665	0.04404721006635676	0.8849136751023576	0.7997785746683254	0.3576845393491134	0.1298072076058739	0.1094713033398337	0.08855336228067241	0.7115991754755152	0.8646746462814165	0.8521509168042722	0.225606373673862	0.2114485263359727	0.1290712947316518	0.0421209824119336	0.508806570526696	0.6593422428771011	0.3489570299999774	0.3011400582482805	0.1510220601809052	0.07805351928322236	0.9312710183700789	0.9369986273559361	0.1174664829842494	0.2767203172387922	0.3002807945573404	0.6402716718862278	0.1549902754803376	0.1542165523251376	0.1493319130524654	0.7573604562758968	0.6512150359077931	0.6808617507429483	0.6977803986165655	0.5709768908387862	0.569422653318743	0.477686509209396	0.3940678838431724	0.3414330894329776	0.4456992225577899	0.3272729123590806	0.4704649721061339	0.5786965297195896	0.5423773279143553	0.5330296078342074	0.5363183415328799	0.5410463804390059	0.5448217337619409	0.5264615175789292	0.5240277482463372	0.5199855028584782	0.7053869105348952	0.5947444226040183	0.4134671500276742	0.4103356590543574	0.4569128424150597	0.4346755627917812	0.4075887525679622	0.5103521646140506	0.4881939464627089	0.5033295323724786	0.4743660968113905	0.4287293135788314	0.4354430629737285	0.4852062953835787	0.4737714621411008	0.5228562268223866	0.5022141759433304	0.5218376071357949	0.4368255689521631	0.1287845999278556	0.09653321017663233	0.08943871589535012	0.08581461279994723	0.1356341940684395	0.02831241488636703	0.1063311525678225	0.6145737512467877	0.5473008886254414	0.9093215334955971	0.3983192117834585	0.2876206942907354	0.6508309884618012	0.6124923551780287	0.5486844184475229	0.8179324654738028	0.7967754517982819	0.1760790793633319	0.2921971313114424	0.1992149428852027	0.2143755191920938	0.9812472388861087	0.2684286034117388	0.07387064967245442	0.9726448871293217	0.9740020207562178	0.9679693538488277	0.01572279075034312	0.02789951785773437	0.01524235178913721	0.579746119275737	0.9454966745830321	0.9785290720588316	0.2456558268095634	0.3867238994392751	0.2484305627709718	0.02871345926980668	0.5179409452096196	0.8592740945124107	0.3490755007247189	0.1161878092157776	0.03169308280444098	0.1394949000306782	0.9849925721403846	0.9881444878532928	0.02337846870151596	0.1306061391454302	0.7925241271335126	0.9721445070388691	0.301523707570643	0.3453207446495027	0.3661579813602672	0.7368295111006304	0.6302964829469367	0.9822217787332397	0.794856347667051	0.597297919814927	0.6030318567954079	0.4128362979523593	0.3705811028450767	0.3104971966770911	0.4161480072439979	0.2494677745101631	0.4476038482727879	0.7266158706600667	0.4536912863635397	0.3001622955460974	0.637160365045462	0.6103323866584671	0.5681336069946736	0.09110951816575902	0.1654983522495613	0.1283386019967136	0.5006521889185488	0.8518118203252816	0.3941544428354531	0.3494444884183301	0.7291774376150392	0.6419728852644051	0.3843023891219498	0.511158113698129	0.5041749585218287	0.3647719880442045	0.2361187697203559	0.04408715322368631	0.5496012562109072	0.9686769809164139	0.9712347335349333	0.3902471520597705	0.4877939982308893	0.4898223245438596	0.1108891681051361	0.2979293186033854	0.198392029661649	0.205091926532896	0.04824053999047974	0.08608004136102985	0.0384594976820153	0.1568738643019894	0.5606008993686185	0.506870104779396	0.8908643323995067	0.3743403436475377	0.2588187938660623	0.5946160911036356	0.685264508646101	0.5793967986819555	0.9999511958801606	0.9999841670831913	0.4470014166743438	0.01001861056227775	0.01000773820656847	0.5025008967160653	-0.0001389823966878343	0.5419111310667148	0.02299359885587171	-0.07931030121980649	0.4204668133293814	-0.1765297869988295	0.238578493088739	0.001044024263735071	-0.004570750691798959	-0.002691165171976946	7.742249810544402e-05	0.0002430850291362355	-6.549078508496972e-05	-0.0009029661174120409	0.0008223372392507544	0.0006167317661015489	-0.0002942993952134311	2.136694499697042e-05	-8.703816264138224e-05	2.950453517784121e-06	-0.1393416245776291	0.008768161259940222	-0.00633683286024818
1.346904761904762	0.946783462555903	0.1212265836048553	0.03450385905279075	0.8638322274184924	0.7962788321276677	0.391666055569001	0.04777785930911022	0.06677351329778838	0.03912235143331824	0.6833111205517863	0.8772253303115876	0.8710506371702441	0.1468890283679372	0.1563876636625977	0.0992604345794298	0.03169889602067476	0.5123844515400962	0.758937421154232	0.3511252968646185	0.2946422552537378	0.1813166761090163	0.06163449758832292	0.9263217607187979	0.9325397715263442	0.3861188345687552	0.3347360698214591	0.2859626718149057	0.7238558297892083	0.1552540947387247	0.153915210479609	0.1459154968263833	0.709815093257851	0.6185092929703154	0.6821352247026846	0.6888602377716726	0.589732207005308	0.5879454907547452	0.4612772235372882	0.3999343881801035	0.3480473623620052	0.444116247934055	0.2673258735970663	0.4412172882932731	0.6469569013664215	0.5575367699346981	0.4887496375411996	0.5647918544197971	0.5546978944087074	0.5326980027631081	0.6138797730972497	0.5900175281068016	0.6028660894116911	0.6782851843839112	0.5693079563794299	0.3066868490594639	0.3748781115379289	0.3875380087539239	0.4439428788347755	0.5363091819357125	0.5228151449982787	0.4586843749620921	0.4975838924154173	0.5176058860296353	0.5023122199588927	0.5252538938243719	0.3894753452755416	0.3865345758905346	0.4049127278269973	0.4820478283994769	0.4571878826894195	0.5803735994049407	0.1582163680096418	0.1497898408631701	0.1129875619940898	0.06304601834665854	0.1061962883556619	0.0285265214174686	0.1048848731077489	0.6165900896015191	0.536327802336915	0.9154689376580623	0.3349969609038441	0.2261357386416784	0.6470242837750414	0.6584294555381064	0.5836885759794803	0.5181769355629253	0.5089421899477194	0.1442974284757751	0.2413554525430312	0.1943682794491332	0.2930591760068562	0.9834910903009172	0.05639402017950331	0.02056949993669424	0.7872929243797554	0.7031647833305357	0.1046002407557579	0.03119198638842563	0.06922711834604653	0.03398254647634444	0.7114414970068815	0.8568321594671479	0.8344489285380373	0.04805781269959012	0.02278842925839838	0.02178553848004977	0.03009697650550432	0.5123723926981173	0.7874443841516341	0.357854116048633	0.3757145537534429	0.2730283732357202	0.01552401148526176	0.8917200219997214	0.8999912737792937	0.7920021987312341	0.4959750336332104	0.01829443501705797	0.6639468740777611	0.08298440415614629	0.05879255510316755	0.0367330323622844	0.6339254039689046	0.5728209075140754	0.5150117794857978	0.6073204092293792	0.6033502600550466	0.5970209879737183	0.4711252030449224	0.4292147574103345	0.3863911528957965	0.4612571328708845	0.2287701404022718	0.4079767056350003	0.688451205894972	0.6370106814013731	0.5502980452458953	0.5604004415226828	0.5443162655071809	0.5099227556901805	0.9569603611248708	0.8550312381295266	0.9135673416000702	0.7328717088539457	0.3938853246126227	0.2000154789942043	0.3568522438713806	0.1547394710955614	0.3315248748133543	0.6997569876556617	0.5368757647935929	0.4126521039892791	0.5568371088475657	0.6984826092417941	0.799140310621362	0.5464806758654585	0.03169667837469342	0.03159754547169478	0.3142864536287073	0.4555927396365675	0.3857363993376763	0.9518337307151414	0.105465142715865	0.1541648895965531	0.08190762780081243	0.06170847993120432	0.102231265118087	0.02300399162862978	0.07817823938979172	0.6454679999821136	0.5395758191081399	0.9336066677460175	0.2666155133934019	0.170378325031173	0.6685713446519235	0.690275531725729	0.6192494728928387	0.01003054968522841	0.01008612610798839	0.01005017935744945	0.3143468306260225	0.281379559652753	0.1789525038257407	-0.0001149866011011506	0.3135322052780011	-0.1436049712784618	-0.08209058942020932	0.3316951349463683	-0.7235817859671371	-0.3347771230100652	-0.0001975415067732221	0.002122231349333159	0.001562979823499846	-6.27694884686492e-05	-8.37036408641178e-05	7.817109527149723e-05	0.0004689953954433106	-0.0004959335511277488	-0.0002464387271397766	9.577566299932502e-05	2.407857757524238e-05	3.567452445853182e-05	-0.0002223238012889525	0.115817378752907	-0.007094131887777026	-0.05615575811748698
1.364285714285714	0.9677664989729089	0.2286221260511666	0.0870208116166848	0.855076570466732	0.7938344458289527	0.3952432710129645	0.03198027131925626	0.06030642764847818	0.03163406277632449	0.6909608354972611	0.8846677079477339	0.8702093663593072	0.05470583974265121	0.1619754546122836	0.1306733064067369	0.02827020636133655	0.5120377291649084	0.7269049606184514	0.3693354998323989	0.2851429658420737	0.1873835365184018	0.04107031314539959	0.9241456287676283	0.9305784181444854	0.5010490167135384	0.4187302084856633	0.2986097910668862	0.7040327908953197	0.166017588090432	0.1687408013715511	0.1703937763142175	0.6398531055897744	0.576339677729531	0.6237041994021372	0.6153255172967477	0.5958440973261037	0.592063925108041	0.4557085206372397	0.4428309365053365	0.413207950001976	0.4616811321309292	0.2194003965581358	0.4097713375962552	0.734301924572202	0.6143057953345468	0.5115167049104264	0.5982554484351565	0.5790127718732666	0.5508833699588812	0.6382769482774771	0.578644167085022	0.6115057355544981	0.6459555649673334	0.5246835581562894	0.3291873301288045	0.3526222101892301	0.3260796272710998	0.3718708639755134	0.4700466142958744	0.5158341102276781	0.4555360830388512	0.4905099031961034	0.5378672896050074	0.5349846353580356	0.387899976006315	0.3758256295034174	0.3741013834866239	0.3726426107187901	0.4518611781055068	0.4371690118162497	0.6224225894453247	0.2110664408155433	0.2128678671913634	0.1683763152595331	0.05459268853430406	0.09316119360072303	0.02443567108297277	0.1042506054663017	0.613672315602605	0.5272484419347249	0.9157691017946392	0.3067848374645855	0.1977146523712684	0.6425030895863721	0.6787741553839888	0.5992873633583378	0.4321522135452507	0.4281570205819936	0.2963349908036169	0.2200820666876711	0.1925696072282875	0.1150708762261869	0.9841353483852655	0.5789824137470639	0.2005971447734422	0.9706809729263678	0.9702738229908622	0.9692635397014369	0.01668864044689718	0.03195078883328736	0.01625617512489988	0.6400180450258284	0.9539398098258408	0.9517221948423559	0.05318474474811789	0.4137545486352219	0.3356581300405098	0.02343266388606219	0.513021519836986	0.6360792512089841	0.3998574373855305	0.09776264913272671	0.02275759994729702	0.09292808895427906	0.98421547956585	0.9874459350826409	0.03498458040269892	0.3055535796669927	0.8351239579809246	0.8141918817796523	0.3305540022890466	0.3863992214596065	0.4352825183928502	0.5706324221925702	0.5356325336915275	0.7912801020457191	0.5697621342702203	0.5951502221060776	0.5949611017488149	0.4136663012311592	0.4925555014144015	0.4950554940565903	0.4706451958572883	0.1699376239504712	0.3834692474591403	0.9320102949693784	0.613796080930454	0.4224401472386864	0.7124795396622671	0.672182457781633	0.6382385380830525	0.04256879901123221	0.04044004486797252	0.03920671379240662	0.4326438630803862	0.7343895147405259	0.5454559473220699	0.3192354225654436	0.5863348047473175	0.4171727521348321	0.04049502388656236	0.4760251936818342	0.5241764486425894	0.3501065335262152	0.2424714868302302	0.03860268256927845	0.05532783844187437	0.9719954999623346	0.9722522872576151	0.4156618131011861	0.4176334909625251	0.4955118463627695	0.03978183581541787	0.4389272382383924	0.3507286407874106	0.3478233026811156	0.03712001808097437	0.06925940078937691	0.02953563113754334	0.1556994425973813	0.5489524934678439	0.4911718732544855	0.8838731355316551	0.3475774700835534	0.2241557337295563	0.584855674045201	0.6964810220833217	0.5887188482748228	0.9999938204412867	0.9999791714347014	0.9185811101505612	0.01000663147188624	0.01000792488104773	0.01000551783037576	0.0002211531861592777	-0.3470854395148212	0.07220064836227648	0.07494573789869172	1.164054047598596	-0.800119162395513	0.04057872518445189	0.0002463601125604464	-0.004232075003375981	-0.003441915764625868	9.515749909444772e-05	0.0001487912930694545	7.19517169644785e-05	-0.001045362544866636	0.001146541838145355	0.0005619497501438638	-0.0002999622032039436	3.925988205207878e-05	-8.215993528725991e-05	-2.157403702947698e-05	-0.2945868448787796	-0.02226911801557034	0.1383983104063345
1.381666666666667	0.7532125392515646	0.2065074019588561	0.08405290083253268	0.8000135038451874	0.7122915977510771	0.4204811618691847	0.04070082387986893	0.04451390183393485	0.02479923356856563	0.652387316195564	0.825089431593182	0.553241092668097	0.1152898752783563	0.1536449080933301	0.1257099203317152	0.06951079473467973	0.5107403954859242	0.5553994867797006	0.1985249535528762	0.3394740537226708	0.338462957841768	0.03076412122783263	0.7689422375937719	0.7713188684048784	0.1577404750241743	0.3406568434532361	0.3359773033171287	0.6283780327161945	0.1732490829444798	0.1819572031697221	0.1689815979723176	0.5794978926922596	0.5417967088071739	0.5422045315886751	0.5327011613264758	0.6020358377565895	0.5971297777429109	0.4808153089045678	0.4869712778673081	0.481513926178293	0.4902944536070678	0.2142280122328517	0.3872838970412052	0.7952825748798171	0.6390256500136695	0.5307455881152955	0.6371227259479557	0.6212639771773011	0.6050094769645776	0.6010175877449703	0.5265692775840101	0.5485008935690623	0.6235820097509291	0.5542826890417173	0.4082557115050179	0.3531230960921157	0.2815642417065544	0.2536438036564633	0.3657048638805294	0.5197539220221624	0.4556667618593519	0.4479796912786113	0.498553359252133	0.4376302900828956	0.1251047690826989	0.3622172355371295	0.360436363164285	0.3494376152404568	0.4390175135377148	0.4794672493222601	0.6120636305224599	0.2778256032264511	0.2739447793301831	0.2280993913742343	0.06204586598672831	0.1063837602418134	0.02715404122471713	0.1402921808668016	0.5939378937895017	0.5131963889523067	0.9119834560373551	0.2956698837850806	0.1873992057379101	0.6172048411035993	0.693051486089958	0.6061212546406782	0.6298843696959644	0.825156141571213	0.3557070639143989	0.03958829893034096	0.02923175875485857	0.01026457692661246	0.4163684014302741	0.02054080371194446	0.01738821087626077	0.6393752808843672	0.4750286753259647	0.1092238372512664	0.05660307576228688	0.06332243261737194	0.02921121638704945	0.6226341260615783	0.6767626474266113	0.03187434907893866	0.1699838782793736	0.02316991630447351	0.02505171655609631	0.1060770738024742	0.5077685986340372	0.3484739878491035	0.03234941545357593	0.5126511615597685	0.6202294997528793	0.01430106120646921	0.5013936309584215	0.4991491098453043	0.01890780282298894	0.3135579201049294	0.02973395294123612	0.4440246821453384	0.105672232504167	0.0906792463422974	0.04017048448943535	0.521375876618535	0.5102011748659212	0.2983453654713373	0.4183263522405573	0.6111264277570158	0.6021893724962982	0.5393425317317713	0.5287657799888512	0.541982899971982	0.5311773613472811	0.2357925871903153	0.3706217515842289	0.7911102917717506	0.6951561058863772	0.5902174324207653	0.6531642846480005	0.6480135811165427	0.6415622599375493	0.8328150975671015	0.710584807052618	0.7296500098323114	0.6876178933982486	0.4760669723273833	0.353748288604523	0.3539260012240529	0.09747113761454727	0.1128876441162208	0.4448688007830582	0.5448064649675451	0.4116675510593248	0.4576344067686068	0.6049975795738207	0.5577178163510129	0.03869184125082942	0.03533925270870845	0.03240733530945615	0.2820426560196301	0.4227212354916238	0.4718639280230681	0.8794239190404265	0.2314588573039529	0.2755592170575158	0.1987648529630427	0.0773089680638645	0.1308884793650613	0.0274992951046998	0.1562660635391636	0.5949577804730634	0.5110030251651619	0.9149876848021951	0.2654235185432629	0.1679807862010673	0.6054465984340245	0.7013229445693662	0.6193963179154602	0.589856123681352	0.9998903493714645	0.08604029628164539	0.01099147337245313	0.01001859607330502	0.01012642746408057	4.466519110095686e-05	0.9466678577378267	-0.08654127191095291	-0.1669404855176701	-1.814040781337348	-0.5038589660372509	0.9599145105035057	0.0001539119325789451	0.001884447678950521	0.001857692953716106	-2.830577144612019e-06	-6.88389323690097e-05	-0.0002610191886484809	0.0005847093090979828	-0.0006897901412068246	-0.0003213782508742034	0.0001239891231221417	5.826110736422514e-05	4.992429532917143e-05	-0.0001270885611846807	0.2550569277734193	0.06384210771505235	-0.0713533976455803
1.399047619047619	0.6670217624418806	0.2718587715174667	0.04210260026063401	0.7135251416036448	0.5874707371265764	0.2740181523705003	0.05144834436955752	0.1577714278815753	0.03718287326652753	0.6456479959290561	0.7243112924145757	0.3548475713006086	0.1233332142104215	0.1816575116886381	0.1697423195164384	0.07693087474411557	0.5076899602787368	0.4781263419340117	0.2878293023757005	0.402470248453493	0.4051450025706902	0.1437689949395146	0.7074029510104968	0.7085915077046717	0.2557347887957383	0.3857183161587934	0.09149330618365495	0.5332879691049992	0.225864423679377	0.2301776612316264	0.2141162080179902	0.5389511976240887	0.5190736774177451	0.3439320960986322	0.4289632856385706	0.6034091282492864	0.5959180762984861	0.5014113565711087	0.5289755417619194	0.5444204669505496	0.524163721489095	0.2258276302963318	0.3768698379186684	0.8293536934864498	0.719765274853024	0.4910731780679922	0.7136775782333342	0.6826397054492169	0.634912641307944	0.5834875428204011	0.5102966332407387	0.5183527297005912	0.5848195977414383	0.5164215910281682	0.2683234948246359	0.2828616030665407	0.2509834872981474	0.2831613970552774	0.3959667682346479	0.5199462551960234	0.4174591075657827	0.4279644252786847	0.5550371774169878	0.4845405632854612	0.2758584730362242	0.3619476241437105	0.3601483037579923	0.2684856432629935	0.3700693390169533	0.3556322537581949	0.6081001159990028	0.306965813911754	0.320896732145414	0.266728620777767	0.06570838481596593	0.1123043813639463	0.03365888891886032	0.1997529677811646	0.5775084619281345	0.5063235473168932	0.8858347705320012	0.3063617102588104	0.2064917561033936	0.5955414449581077	0.6833821348150503	0.6014300794089077	0.6703947486538768	0.6424982214858231	0.3833124875805885	0.242933022879278	0.2556327030474181	0.2336240262685212	0.9639014022730121	0.7835952726122194	0.09930364628442645	0.7564225413112118	0.6619590854608114	0.5029964610724368	0.03795494021541741	0.3147567934275821	0.04443968210238413	0.6652982256652241	0.6997424126274001	0.6394394567450632	0.04700416952969801	0.4948014670960117	0.4595378577987135	0.02759346073562758	0.505030264644075	0.5875652099432261	0.7601579055427832	0.2122726365932692	0.02959942739097879	0.3828703361641899	0.9731861333396197	0.9776860257200771	0.6222154900928141	0.5117756260526862	0.130714889637803	0.5963906640242057	0.4768427460316437	0.5225269669197165	0.5676093779687004	0.5142422660664724	0.5041315725626818	0.2701932475744028	0.3452350404635608	0.5922769598389502	0.5852619360686983	0.4488966127758248	0.5766777685420368	0.6213342585499498	0.5444280465776116	0.2036326533700923	0.3742986274980083	0.9693276520070628	0.8442960551112296	0.2800235085007634	0.9156092043638544	0.8212641902067079	0.6723392580986927	0.04170908414584326	0.06455898586815043	0.0373010700588146	0.3399303863103811	0.5861614097320559	0.09454078616825713	0.1260436704029195	0.5144420933066091	0.5784233442283165	0.2548255129524061	0.4722387222221878	0.4091965358001781	0.3378226828238529	0.4640376587284794	0.3049349843018708	0.689234997314804	0.9748094118476343	0.9749187252000618	0.2076767204958392	0.2301406288659175	0.09493037767701637	0.04234335516051903	0.4953943536424876	0.4510949620582927	0.4350102100734008	0.04300700325998915	0.07738717449876356	0.04332558466165089	0.2963423067039589	0.520760460932101	0.485554382825062	0.8026832659044834	0.3859894597754311	0.2799950637351542	0.5466725391845775	0.6479405131668875	0.5658796222239224	0.9701626314362503	0.01005677230382605	0.9999257644761596	0.6614573952094552	0.7097291084036835	0.6418208818665164	-0.0003202075868145797	-0.9910173349005057	-0.09437561697492697	-0.02050824158360866	1.865750022242261	0.7778141235332755	-0.4965884836865594	-0.0003529149058010177	-0.00382881733123383	-0.002942926669977879	-2.321050132353335e-05	0.0001526116258621244	0.0003238306965201134	-0.00122967730558161	0.001489739967411086	0.0006539675392818215	-0.000327251519653955	2.603926409114731e-05	-9.05430384231286e-05	-2.12896203511439e-05	-0.6050119137456628	-0.1806490043207881	0.1097588307073024
1.416428571428571	0.7544688000639569	0.4299190407090637	0.10971947051295	0.7234052169186169	0.5614681020900977	0.4559768071080128	0.1015610019131958	0.1352573365057812	0.03291004952016265	0.6266618297576412	0.6689028778885854	0.5700499181955203	0.1741126892933254	0.2052360872587891	0.181995118601886	0.2464204004246749	0.5116017223495343	0.485354368606802	0.2787085058785951	0.4203651421236915	0.3171985146199491	0.1422610191218139	0.7948529746539299	0.7757529953731437	0.253721945582524	0.2458518584779031	0.4871055876669132	0.5322291769185725	0.2763637736661228	0.3001049522754559	0.2698768389636894	0.4807340981656454	0.492678259813659	0.2433611272223088	0.2994420015776664	0.5835309903631584	0.5710237431441817	0.6316703844880831	0.547067750853149	0.5626837410094365	0.5598403874291437	0.3228930761731452	0.4079351134106971	0.8412784129109894	0.7441469088798718	0.4738297007894052	0.737210875535986	0.7046640657557149	0.6518247378416833	0.59905593014823	0.4794078939475398	0.4888811871883494	0.5521070715103414	0.5810749160684476	0.1986644023079313	0.2251975101536058	0.2399386323143489	0.2908190427535424	0.4383754695714733	0.524102931608203	0.3849300977763027	0.3605022829438811	0.5327259786038279	0.4280162219330664	0.2906649870869037	0.4990200806778819	0.4555243733579523	0.1558354176069476	0.350769585338357	0.4363587432121845	0.612770751285071	0.3697162969823841	0.35612504579926	0.3177144311985721	0.07276588555257164	0.1274416288316841	0.03670153855282635	0.2534257726224632	0.5678639983567303	0.5089786147108131	0.8658879694759761	0.33099969438154	0.2313773173313378	0.5761209278477238	0.6654187789177531	0.5875598663242976	0.8921509010828423	0.6571032625698502	0.3630809271134144	0.2225250264946599	0.2406140164292571	0.2145985294227544	0.6480571511543964	0.2590773149972834	0.1299390405394286	0.6509564679910727	0.4287114047775227	0.5197460359079862	0.1637606504261092	0.04906929297711681	0.03156733798159238	0.5761076538245735	0.5744597816151268	0.6706853354377617	0.2660440426937044	0.02617957968458827	0.02621567111345395	0.4663513664946451	0.5157842504776586	0.4427869542237375	0.03308600818748589	0.5231062945521857	0.3784617336811323	0.01408133223177512	0.7925979576819326	0.7407611623595699	0.01328769668642996	0.03422296764073458	0.9823762853457029	0.4941539511062147	0.2156067468027724	0.2330259119009075	0.150804725418879	0.4075155228661886	0.4617566837969823	0.148622611906971	0.1810342445398202	0.5507725594019566	0.53031591698701	0.8630374863851767	0.5420952948518879	0.5367935448940016	0.5993213464569406	0.4837300474832829	0.4635995118650952	0.7695366426322735	0.6886277162346367	0.5353918764765561	0.6483743393529191	0.6403702021302612	0.6263821752736737	0.886237163174538	0.6596693651664417	0.6781091949289617	0.6371582419880166	0.6157194700137887	0.2183168825718035	0.2282412128926045	0.05571448940353932	0.1014038661973211	0.5476351048123496	0.551842560552027	0.3511671675062201	0.3290938906157683	0.5383615698401142	0.4303834252592233	0.03389627340453125	0.3144032785712476	0.2190582919939858	0.06066764073221338	0.3931094077525508	0.6811038060518544	0.8949711487495911	0.3443360311622864	0.334675120686572	0.2905340556287876	0.09176412512279063	0.1634649030708267	0.03563296167788094	0.2665886513809393	0.5815441330299281	0.5233586177545628	0.8728571325009873	0.3224492805680013	0.2238360488781528	0.5715487093991332	0.6537282128569979	0.5839718591640541	0.9999988772464874	0.9999970665977062	0.01001449444129836	0.01000121687455482	0.01000127323558877	0.01000102660986505	-1.07844090640665e-05	0.4883799982867474	0.3433384587583596	-0.1669358768629945	-2.396066718214883	-1.171973078096396	0.4450354541677398	0.0003266640309798294	0.001804792675231244	0.001201702656976754	1.636052665849127e-05	-7.739716327044521e-05	-0.0002027509427148959	0.0006514076468569762	-0.0008115177076745431	-0.0002500536765377027	0.00018883084380432	-1.244625667870774e-06	5.088099438315719e-05	-4.842856210002421e-05	0.2204665775680953	0.06318892689491158	-0.06505522140284792
1.433809523809524	0.4823585443296461	0.178297480541612	0.08073503452899836	0.4925796867589638	0.3341148626989024	0.3352270619266661	0.1755829315467345	0.197821790961249	0.06960021380819148	0.5724034746770263	0.5612443342015635	0.4889536997389772	0.1890807997676837	0.03115027561954806	0.1039091012775578	0.3080798216294345	0.5030024616373772	0.4988422444075165	0.3212178334212066	0.3631747003520108	0.2734586959951869	0.1198892684874527	0.8289340760404831	0.8014592349126393	0.0318938604444482	0.2171929698359351	0.5989406959028568	0.5131674420937803	0.3680401219317466	0.3738989581082352	0.3406319394484711	0.4398167246615036	0.4761762921802787	0.1391982329519218	0.2515475413436669	0.5405525539789305	0.5236841116042452	0.7319370311039213	0.5289032504593452	0.5202396442567544	0.5688284182282801	0.4960700467896969	0.4757079081129421	0.7765291847449536	0.6482175457708625	0.3960887969616138	0.6668801375122152	0.6151841600365695	0.5432973805745467	0.6055839462812376	0.5036889228514904	0.4757669512745077	0.5858728803108544	0.5211855121048321	0.2481338261831045	0.1741303681137068	0.05785375644197276	0.0920055425046141	0.3776160861631027	0.5182851631762158	0.39050028348156	0.3836442833208705	0.4949452102154646	0.3728425539766902	0.04939181484944331	0.4497428182241461	0.4025753116576737	0.07088637796801643	0.3365706967871985	0.480062449126062	0.6146223612889945	0.3737706295455098	0.3771162560394066	0.3382990562974542	0.0844506435415229	0.1544952502040006	0.04714178732118837	0.2923865011023004	0.5616990348945261	0.5110986465082586	0.8449892397541721	0.3489174494079703	0.2550753525665697	0.5657599086725891	0.6490840703706889	0.5779278049594302	0.7066123797581016	0.7102241494988946	0.3276381527894196	0.3274539822295281	0.3298371748400005	0.3259471020986914	0.01321418904535958	0.01572539858405622	0.01686664801643249	0.02651751675178278	0.02121722551163096	0.01779973639347343	0.1953613220850929	0.4944679330523342	0.12930736612116	0.5159815733553319	0.4259485722059577	0.1928206921462941	0.04755636945213856	0.04220133694762466	0.2446391150522938	0.04146700942789971	0.474392293883478	0.6223558856000037	0.8978393155126204	0.03245056519590551	0.01850167279242195	0.3213333929600219	0.9801199937799928	0.9822927526637781	0.03294604969257914	0.499290022361687	0.03866752789876359	0.5382953461907181	0.7335934231108803	0.7189602502045974	0.7725994787552817	0.4509828899327236	0.4817788441502325	0.07643669240123419	0.318277626001352	0.4808173245751343	0.466228195008311	0.6074658930889818	0.5005689789652167	0.4695275092257037	0.5324553496833185	0.6245925552002737	0.547651659008365	0.7421894903124288	0.5058214683036654	0.0765484076564721	0.6600049805599916	0.5087178997265714	0.3123244665193102	0.03951103567957449	0.177663398928079	0.03959753729404059	0.4856529160838767	0.3293399741068793	0.2810770143570507	0.04751938914631223	0.04221275441028159	0.04538316279894321	0.03583939356330793	0.449687219878227	0.4556977174328397	0.4702602321592574	0.3742983027302637	0.2085812972667638	0.03466345055913744	0.7465543121294848	0.7644963964628649	0.06143457377720346	0.2100905512190377	0.1184058918541863	0.04138306585970467	0.4637112371855454	0.4869703420023342	0.463818344078687	0.06696589235012823	0.1347921419523046	0.06607330808292154	0.3744308491460314	0.5127553912316202	0.4891637638192897	0.7599363814749716	0.4192923497986737	0.3311295885487489	0.5368416060112164	0.6175653179196593	0.5517999460583103	0.0934008938690878	0.157157229166817	0.8891081609896829	0.9999855285533756	0.9990278743420681	0.9999579149301037	9.039470890865894e-05	0.4223375289098937	0.2677710697829143	-0.1460285050352084	-0.7296389693545891	0.7230379495764622	-0.4043992119810571	-0.0007857896044929556	-0.003724885065353747	-0.0009166438350531154	-6.750083569254606e-06	0.0001123115870600899	-3.726006894699492e-05	-0.001285593793680285	0.001636379295377038	0.0006427465491249107	-0.0004364887829263684	-4.966538862338234e-06	-7.945274350467493e-05	-5.237632197400875e-05	0.5213196017266287	0.2685027409093887	0.06969352095528542
1.451190476190476	0.5901324877326698	0.3711122609890275	0.2741060013609941	0.5904394106010655	0.5290326240711276	0.5277518326829204	0.09761697143137248	0.1929537021986645	0.06021764387045916	0.5762366973270239	0.6807822886145571	0.6105391939478594	0.3663063095416255	0.4372472275971987	0.2941318386418589	0.1569143511082334	0.5084398707105631	0.5828811882358444	0.4408971741289819	0.4011060589956929	0.2092979825244679	0.1268454490400863	0.8589819104920323	0.8732551710782779	0.2893492539277228	0.4215325523761825	0.6054154770483804	0.5334578874836877	0.420542512683249	0.4322979007622368	0.4258302922635596	0.3781661596259734	0.4397312870709118	0.07346145605945451	0.2103701379177563	0.4821782631055598	0.4561301008320161	0.7487994038424227	0.492475927235825	0.4349061056063448	0.5694625377545792	0.6189329981482234	0.5394333071402847	0.8429679870690164	0.724862211710119	0.2068540767138747	0.7694051346793297	0.7106503685900811	0.6394677014752403	0.6210317831875737	0.4792876335862443	0.3667953876700779	0.6214397817063007	0.5061436596552611	0.1479631350738857	0.1056598973509538	0.09942054778762688	0.08527832017107718	0.2080241839880502	0.5213962739521361	0.2789003561896648	0.2745342256304766	0.4577418982198871	0.1834230522251799	0.0380811629840261	0.4266604261082963	0.3275179989775726	0.05303008688959399	0.183233626141887	0.2502000972394369	0.5844949969540614	0.3793463386125392	0.3797529183638086	0.3495112969503986	0.1109629163069984	0.1904013118560146	0.04719936425204071	0.3105219166994794	0.5492864799528933	0.5078539022786278	0.8306871798471451	0.3765886376233625	0.278829681981745	0.5586022800896278	0.6395634780833021	0.5674660755260293	0.6744914500641893	0.7224330178154655	0.7404410402604629	0.3521641127745237	0.3738658410947191	0.3507181547780194	0.9856944350870326	0.7130486732912483	0.536781563394403	0.9822711449670634	0.9765805203309635	0.9737102408718064	0.01511663541959629	0.01994881309853261	0.0183408814216456	0.575328444318348	0.9281051107180256	0.9734848402012078	0.7137192717930546	0.9690364164861286	0.4440882712166319	0.1219443391992656	0.5314939809242035	0.6352819194254616	0.2481324075075386	0.615236159380692	0.2555906526718126	0.02183070003049461	0.8291263586103452	0.8922447963941573	0.6170633374891284	0.5054969168119007	0.8862462408624742	0.5499589793322232	0.3038977251398597	0.3312962926477939	0.3031862696997613	0.2774697171200116	0.3797222291109592	0.04520073407392718	0.1320225914949588	0.4267788153974683	0.3878507607548039	0.8446712221163948	0.4533706426035577	0.3393002202985891	0.5893801721824062	0.7323838455885932	0.5929615251822722	0.9822385894686014	0.9445258797934933	0.1562699772249387	0.9485489342940915	0.9362517095493181	0.9348887361323143	0.9202946051829948	0.5996692985462398	0.4239176569160296	0.7288671381056392	0.5899313501042478	0.03275510687405708	0.1030548067946021	0.1442592974001843	0.1042046651670124	0.1653795972838782	0.5634932005704416	0.110547289094685	0.1010216082791694	0.4836257058522908	0.05981709336107063	0.03674285705952261	0.224959597976696	0.03973897818873606	0.04311635561255332	0.07174474160962264	0.1409267932751378	0.8268819540353924	0.3402189069556533	0.3301769803139957	0.3005289145017842	0.1484293996622269	0.2461760586517772	0.03869419765867645	0.2949951062101533	0.5582693714676419	0.5170875794294802	0.846246332771235	0.3771560082495626	0.2704768980950464	0.5617017782790992	0.6353668898145451	0.5631967464345364	0.9999922085141785	0.9999618268235857	0.9176986192716827	0.01000571942467895	0.01002022922108186	0.01000606885746471	-3.952725659072239e-05	-0.8842475982800885	-0.2791646621348711	-0.1734747258722595	3.213154255094462	2.036578489201121	0.5479884361268464	0.0005024140579953524	0.001963367577570912	0.0004392785408630084	1.700790828809728e-05	-2.351015755064266e-05	1.267712654029596e-05	0.0006770221493293037	-0.0007858463914874311	-0.000274045202772992	0.0001982024625624738	-7.281409814262124e-05	5.844318309524892e-05	-9.024284328275537e-06	-0.2222531663572038	-0.1217453920138985	-0.04692934964489714
1.468571428571429	0.6442178839291066	0.456344578192185	0.3433101651800481	0.6899959517154476	0.6249582659855997	0.6217001316730031	0.05239700451349029	0.1139033032575361	0.02830874271761274	0.4484087060429658	0.7282902426185184	0.788082801533907	0.6184125074347916	0.6346449899673691	0.4437209759422597	0.142348473083752	0.5149420505279428	0.5984518052512081	0.3897308492778337	0.4150861990690637	0.1834555761892267	0.08881030208098827	0.8701485106177358	0.8999494852070564	0.5225773336520333	0.450563730753067	0.602902455352647	0.5431219852034767	0.4746699520233537	0.4742731084941803	0.4634752411313892	0.2897769892829808	0.3932848650319271	0.05418625874879229	0.187316228554594	0.4453111580595325	0.4145722379317724	0.784509945763247	0.4691010414029582	0.3824178030412244	0.572902400107129	0.6735289202974913	0.5657201713673697	0.9389030579949035	0.8715238438623911	0.253149195942511	0.8804652040402722	0.8503096742664144	0.8134636306612063	0.6282901105963933	0.4544351641369454	0.3161821997232754	0.6537123883937899	0.5414638427555178	0.1056701324856868	0.1049243014416529	0.1077108132887686	0.09479422065434602	0.1421911462507313	0.5361335613240247	0.2093541386156865	0.2114994404362172	0.513741943378206	0.1568028377015294	0.03743199738176256	0.3347962466059747	0.2254143801985439	0.04834721153248558	0.1074847052115653	0.1910093094193026	0.6099134787221046	0.3780301582069728	0.391387706152749	0.357738966887843	0.1429992670677688	0.2439248927573232	0.05338756156999958	0.3373583100915159	0.5535370770529298	0.5175233630364036	0.8079903908374677	0.3920495224615478	0.301648197276349	0.551891777121863	0.6145456843945697	0.5550847625627351	0.9391356524540924	0.6816931335380287	0.5773135176116789	0.3239550500259442	0.1744604747340248	0.3322128093079679	0.02298133722473041	0.01952575529294321	0.01582702531046077	0.1950293668579468	0.03440887012006457	0.02764778438312246	0.1082410937698711	0.2746450654362602	0.05678959972922405	0.1260727585195499	0.4228799081355734	0.5921385120311968	0.5863782206871345	0.1925938820666917	0.5706774113970232	0.1289189392469473	0.4883826851943087	0.5802863768242621	0.6877218191918985	0.02253442805637952	0.01677095543725821	0.2210673268428141	0.9789310011935136	0.9795806271210976	0.4736615846100226	0.4543984555992401	0.02168517158583961	0.5461884172728225	0.8720641539728696	0.8120177807117748	0.8447635320294392	0.2523568657127792	0.3792397211051193	0.05833526054701761	0.2767305200980858	0.431806952313715	0.4118562211735642	0.7017849103015957	0.4682222146270782	0.3989612074899265	0.5424877577833022	0.6610068256654033	0.5612877882310248	0.971846176341896	0.8840949905590424	0.376779506893991	0.8928914386508574	0.8397818840046875	0.7440081179151399	0.03985668482525904	0.1360483038444054	0.03775797668412279	0.5439154523919181	0.4553496889631883	0.210682798225042	0.08546845963208845	0.0444821188232568	0.06981282136893689	0.03693136603096488	0.4915503734927679	0.330377900626278	0.3572991180742763	0.5865110924187419	0.2710465002220184	0.03578065493742377	0.4828542803926615	0.4870696555802996	0.05538558817312376	0.1206479315599524	0.186086249882833	0.1622541610087884	0.4552224987975408	0.519615529979418	0.4798558768686099	0.1316580850858793	0.2512568149994567	0.0801021638168018	0.4389090752914269	0.5402154556146055	0.5224923240332933	0.7041469461214208	0.4414764648725406	0.3799294622772182	0.5240939658728027	0.5495830762907672	0.525116890358262	0.9992042224820423	0.01034801781359525	0.01048554397258514	0.9044859332988571	0.3793614053015959	0.9362793303103008	0.0006390058343319731	0.8877919050426635	0.5286024872921474	-0.06794036807876054	-3.703801851921373	-1.163310642904354	0.129095924036236	-0.0008297370243395695	-0.004171707544813795	-0.0007491665509266538	6.100234547146881e-06	0.0001338845985702647	-2.156135040209862e-05	-0.001381308121751867	0.001462537892384835	0.0006581860200789515	-0.0004694486143886247	-7.3047916713014e-06	-6.582124551644905e-05	-7.045682859391813e-05	0.5824604241524807	0.3210006280246614	0.1157154466014779
1.485952380952381	0.6400319712587353	0.3771035763826526	0.3715884095788788	0.61239822698297	0.5599869870447538	0.6088012846305215	0.05039834179205061	0.1152720979531713	0.03232562540492506	0.4098562990012744	0.7286787959652745	0.80991922660854	0.5642014217904797	0.6288455958252808	0.4684553197234164	0.1534973636763778	0.5154538904742009	0.6298409704829067	0.3959449006617628	0.5428827921957254	0.1757760232052111	0.08469160995320364	0.9299351095153786	0.9473747218085738	0.693201434733463	0.5248491721675148	0.5459933463637048	0.5490446997962604	0.5883083968081482	0.5707439679278314	0.5773101279354985	0.2651789141251527	0.3501352949314285	0.04453929941302124	0.180758800225787	0.4468601936004754	0.4121088014084817	0.7920924600540195	0.4552116357687017	0.3523382832225247	0.5742819809227317	0.6856779413575654	0.5734147901869626	0.9585077919293671	0.88069259837155	0.292047346403691	0.9022918300877827	0.8618018145224362	0.7780321574372894	0.5329212024467681	0.280802013424392	0.331370481303666	0.5983062503152542	0.6683055459724051	0.1228192466544714	0.09167935714003622	0.1128405290566894	0.1121356996634256	0.1207207068293058	0.5278692790855618	0.2405727719128511	0.2164232155170464	0.4362958761162252	0.1874550198084181	0.1847474049222834	0.6447528454505344	0.6232361196580403	0.1135076358449238	0.1719823767753862	0.2012052886900062	0.6707925588813356	0.3402330951325443	0.3320944213076455	0.2996149235457217	0.1405330228361738	0.2520716326084227	0.07227860591640139	0.3706664294487772	0.5392531908643501	0.5111621747674731	0.7659297052982602	0.4160305099356301	0.3400275399295892	0.5428939372548913	0.6005627206501951	0.546687116926899	0.5717914446576252	0.2129772640573995	0.2167424233020516	0.3613262382965549	0.2592154429738476	0.4308173505836331	0.9354216842856862	0.4816812340404487	0.5915689553988682	0.7288750551354128	0.7617183602333731	0.8811474834621872	0.01591710930659073	0.02183794217060636	0.01959891332287464	0.5108205462623165	0.8851584358713542	0.9748067033455632	0.5122635755060774	0.8234198735236227	0.3954623217818509	0.1640632001116056	0.5290823060921422	0.693965240444122	0.2481621126289703	0.9288971994338022	0.2502396176146858	0.02088877421554162	0.9677896268508694	0.9809386883896359	0.9739187397482862	0.6411700263356653	0.7512591591108329	0.5551023451662312	0.5283565311801415	0.5184498550571089	0.5239311414067829	0.2449171558314182	0.2935111515313305	0.03524482074199369	0.1302055530467662	0.4609895915075741	0.4157351576274177	0.8430976984527259	0.4391308770747239	0.3114100033216565	0.5914138951145274	0.704132252673412	0.5840529831354223	0.97450411785151	0.8972237246822709	0.2422619181267641	0.9376805829992996	0.8965575163511718	0.7722458766560865	0.736789245997303	0.2609092374694563	0.5124387195698042	0.5600932305628384	0.8701782022980962	0.06862433519740169	0.08466436683855592	0.1470099002972255	0.1372590691939403	0.2034137216867333	0.5408360917465617	0.1858588348278523	0.1206627323938645	0.3166252002927907	0.1914088786879394	0.3335053599832843	0.9802499294543434	0.980144206537789	0.1644172950576443	0.2204400944177296	0.200747064006238	0.975199623180282	0.256096582058508	0.1956454524086632	0.1683516770412961	0.1407039308493331	0.2545048940064498	0.07776640284304683	0.3588048461635131	0.5248548617026975	0.4994961429586878	0.7476944019126947	0.4247826080079326	0.3508105101069454	0.5438669637872372	0.6107989806885262	0.5487622426119659	0.01001659039904654	0.01031235805638323	0.1012334923022316	0.01274719799495551	0.2051339056930371	0.1322649214780216	-0.0001313069443195927	-0.7195206632568494	-0.1701273936268538	-0.05811362571005481	2.704030984009383	-0.2534401155744078	-0.6932867895296817	0.0004348759288988679	0.002206342798053422	0.0004515374823703656	-8.036948736918348e-06	-6.680714421175582e-05	-8.856470140375504e-06	0.0007195285285636326	-0.0007606039103302189	-0.0001756071463383689	0.000214286096918727	-3.426907534156553e-06	3.363483399808047e-05	-1.629305359777983e-07	-0.2797955560094779	-0.1524840663412129	-0.04717341963173002
1.503333333333333	0.6376826596599429	0.366218519639796	0.4753941554111618	0.551849008246985	0.5863470231904954	0.6171092403590953	0.01821406767100958	0.0443720502914499	0.0238199049482119	0.3855407938204811	0.7458317925278033	0.9376458818612579	0.5819536884173644	0.5779000490809937	0.3137012920286403	0.1179620732132838	0.514307199074564	0.6745665853515194	0.3876490798738121	0.6052182768900797	0.1801180461029194	0.1225784643715697	0.9530891117356399	0.9659475031642133	0.7633840742259709	0.6074356200233906	0.5602343097680248	0.5481204462668104	0.5913098210768652	0.5658189854693839	0.5753957055526004	0.2094535015145696	0.2952106475549947	0.04470122646580952	0.1836073090816395	0.4685618853139061	0.4336952907130895	0.7883785100740216	0.4591898062420356	0.3627701292307816	0.5746473955438844	0.6688273389685551	0.5664121649926726	0.9734511275999199	0.9145406409177698	0.1671520347296564	0.9382621864200386	0.9075027063165759	0.8127760191711044	0.7339415524223056	0.4360026401397585	0.4481669600632972	0.5351673844673923	0.6062518742449405	0.04065011352190908	0.05888258477048398	0.101724463816884	0.09657648762641742	0.4154042568223627	0.5341383639776696	0.1274174648894297	0.08833728594163848	0.4861459230284071	0.3637269840953288	0.2168980621680084	0.6540631730576009	0.6084331471884136	0.1057191416221016	0.1429944114343718	0.1353622694994056	0.6638017912674862	0.329901015542292	0.3073046605027035	0.2678024150358933	0.1227230542855602	0.240314043435843	0.09906840710182661	0.375396257615413	0.5309936421790846	0.5076585327236732	0.7292978626420528	0.4343560931807567	0.3708492931432341	0.5391996243427977	0.5890607800933232	0.5401471980854848	0.4553912306516554	0.3780767348132474	0.4189011428083855	0.04248654283757338	0.1266392087766307	0.1144940041757164	0.02167337786050404	0.0900525401967105	0.2748042679380274	0.1144044265894229	0.2062280982800536	0.0717557044198627	0.03574966742288633	0.09849269011036232	0.03764190294896669	0.1048405487565056	0.4776695198452259	0.9830574129622691	0.7043873480545003	0.04351079932013403	0.101775139607275	0.03934461974375113	0.4842917163249001	0.6854926373346817	0.6580603106615153	0.02813520041356146	0.03322943294831428	0.3208843719902315	0.9782410434940787	0.9794653650388249	0.4823675070591671	0.6295526131842603	0.1448563071032954	0.5366910674782451	0.7791790911154992	0.7075627222822882	0.7367456609481282	0.1249218321823214	0.2613511151511546	0.0605921313473563	0.286939486502965	0.495807748241591	0.4786885322856376	0.6799083492645266	0.4943780552760834	0.4550821774044875	0.5420346677992067	0.5920539286508023	0.5305650445470746	0.9957024866488179	0.9837903714245151	0.02896225141902601	0.9832345394727136	0.975419688433804	0.902944967851689	0.8055143472311876	0.7755474072017112	0.3484891751889024	0.4136266766872453	0.1001549077054952	0.01442409993213097	0.01663985774594003	0.01687277724836024	0.02693911185014341	0.8843452666453981	0.5202466981535755	0.02944958722038001	0.03303324037258918	0.8145913219869105	0.7753557350060543	0.02511961092569232	0.1635953617095441	0.05550430114004776	0.01319011605597408	0.01950054207941655	0.02031119405386396	0.05490949891506695	0.4538188487229422	0.4874010278048426	0.4243408424511447	0.09006044629607458	0.214312245902217	0.1389748672603554	0.4262113094020098	0.5304707835705536	0.518533606729576	0.6390069829242752	0.4740714219384143	0.439900571218988	0.5227633105055934	0.5300560195540222	0.5143051548378151	0.9999801648246962	0.9999832610363724	0.9998038887351992	0.01000659912539444	0.01000794097657166	0.01001083498850692	0.001402356197989101	0.49377826742854	0.4957537798488664	-0.0184799837454122	-1.567209167104961	0.2892418631595791	1.026496801319175	-0.000762627786389528	-0.004473757396998496	-0.0008291706086106846	-2.355603270911362e-07	0.000119822537554752	-3.602069430062402e-05	-0.001316059211878963	0.001479380564635532	-2.226786001458628e-06	-0.0004408823725710571	1.881539917154914e-05	-6.468992839744256e-05	-4.078724187602165e-05	0.5063912767586302	0.2746075174110559	0.09064030100106947
1.520714285714286	0.3907530699898532	0.2487126153877755	0.3473192002252309	0.3059252739942412	0.2517581761216117	0.2761349326642134	0.09319227471058639	0.1464558005128381	0.07697008342668119	0.1867212539446697	0.5263887492800865	0.8140847454953657	0.3789613701618424	0.2176050772955407	0.1259806607462254	0.1713860918091505	0.4967380455682182	0.6397282768417275	0.3449869487724777	0.6349933361645617	0.2810574875039066	0.1455641477711749	0.9673415272815105	0.9728081125714086	0.4084296740557839	0.4199096159927507	0.4988595026709968	0.542127297955201	0.734182492139437	0.6821245908075365	0.7034092924336006	0.1277276066455518	0.2295979060400883	0.05453309803045256	0.2187038912456343	0.4958460210676218	0.4662302183438859	0.7686695191708249	0.4749702804424829	0.4005518796131307	0.5703653051398869	0.6367266390371303	0.5508656137806294	0.7082607349760761	0.8871471504040832	0.1618920793467062	0.8840680177905432	0.830717995637051	0.713401010530434	0.6353645069033267	0.3411587389412732	0.3650773949335316	0.4792418486144871	0.6417878504466112	0.02339162573944206	0.02815179975481301	0.0362807246454732	0.04179284368009339	0.4085656432003493	0.5331628623330514	0.05776210444776488	0.03585949137755159	0.4651040433236429	0.3824216135316998	0.06874813029174735	0.6893155098527741	0.647997176572944	0.03510765147877896	0.05341499078452739	0.1013657131323152	0.6638985979805473	0.300512501288852	0.260934495768798	0.2308724908815487	0.08777171573920332	0.22031210292555	0.1389677797030603	0.3810359697602003	0.5302706275088823	0.5113128635721874	0.6955748757781223	0.454800644679069	0.405955869244787	0.5358774103877301	0.5686466242767259	0.5296547652998691	0.377543664229839	0.5156603985189482	0.6340254539552895	0.339840168300145	0.1225598876916623	0.1215071825305231	0.3310731760788955	0.2586754414324687	0.2804383287066677	0.2127347435095129	0.04349629559389247	0.1258694619572832	0.1451898758368146	0.2031896120313348	0.1113446072930158	0.1028237668992689	0.3621581155089884	0.6013069951403325	0.02852587522442725	0.01667477459108274	0.02547473893983197	0.2654656622671847	0.4869557176672044	0.5867377508686255	0.139135588437341	0.9615962236260872	0.4787612937574374	0.03817690751823861	0.9779786410153828	0.9776931060195406	0.01562173593088361	0.1352953731398895	0.624070483345854	0.5410156977575249	0.8388226487044669	0.7724416161068309	0.7999415855048122	0.09324023186806611	0.1747652349594584	0.05389584738188657	0.2022190753855269	0.5220243142199259	0.4899098854659563	0.7917331683151082	0.4796581245735131	0.4036153447220844	0.5805489018884368	0.6239953371063146	0.545166147160466	0.2818803179220558	0.7846540588491548	0.2242014744333571	0.7647816390047503	0.6545234704334448	0.4805694980275621	0.454315707106319	0.05662101162343242	0.3115398534896838	0.4746083267214992	0.9598974481835957	0.02443399206403816	0.02615056818175056	0.02392989447654103	0.03095033544005253	0.1335544128665531	0.5368703960125505	0.05352608704527032	0.03181927520899504	0.2564004092572364	0.1829903929742832	0.01953752335296993	0.9840734565401542	0.9842436492626288	0.0211522412298536	0.03407922834189092	0.1252397742559314	0.9743613253722243	0.2004817784812722	0.117786495512075	0.1102478069877813	0.08037781943568782	0.2200529547255423	0.1523875398582846	0.3612376862741463	0.5277697809348433	0.50923315206704	0.6907458466832007	0.4621347824269355	0.4157370204692972	0.5397273663351481	0.5715577235856045	0.5286931799505794	0.01001697388964629	0.2710001076858496	0.5255990182825452	0.7256028398790834	0.1759158076134228	0.1801893407964874	-0.0005871777346578603	-0.3013734697721861	-0.1980163143402956	-0.2402295779885432	1.075445394060279	-0.1407849500248897	-1.432039576925693	0.0003861400647515608	0.002314935916957908	0.0002705163324199232	6.782604916310772e-06	-4.282219170712282e-05	-1.580000414117922e-05	0.0005928667887572744	-0.00100064723731923	0.0006718646844860299	0.0002110458714341058	-9.977395062349536e-06	3.569621957253341e-05	-8.459816864308259e-06	-0.1885056338426651	-0.1170275489423745	-0.09505326605805674
1.538095238095238	0.27514176892019	0.3092957283429587	0.3122721997522753	0.3114624711028948	0.2575946720264314	0.3121521847952753	0.0929626615034191	0.1270897554772578	0.07248030169239651	0.1777707925984261	0.5272056412640106	0.7652881920198583	0.1859695609874359	0.06607680241727024	0.03904576341221689	0.178044555991793	0.4891631100764923	0.6405578250211313	0.2536993068073627	0.6473245411661998	0.3155433264221608	0.02055357022946432	0.9768168641538475	0.9789940252552842	0.1143293261845306	0.2602155404799524	0.5246692104494467	0.5463006726842675	0.7444000507302099	0.6941980880644764	0.7134902146508998	0.1337199788985646	0.2165800796325589	0.053938567736782	0.2307195470641673	0.5146829553984889	0.4876425734447119	0.7578846183755246	0.48419344413524	0.4208266274372273	0.5690549398161532	0.6121148753570941	0.5399981686219598	0.5610549808538486	0.7874402971377329	0.1603465732456208	0.8173812765036585	0.7163802494427256	0.5404308892661053	0.5978923800225983	0.3015041664362424	0.3572273399284059	0.5109274810785586	0.7174807166765795	0.02948749076159373	0.03291948332027453	0.03185681445639954	0.03745830858091715	0.3119047597714075	0.5257507384694616	0.1051159704712319	0.1045365548259526	0.4047724619243636	0.3580492690736068	0.03512200421204319	0.7035730757676757	0.685723921179957	0.02513399304243387	0.04038680772209656	0.09571226735249352	0.7140178987279933	0.2739861804310456	0.2355181938702035	0.2030832480706121	0.1253484491000338	0.2569174599417755	0.132226087496334	0.3771202956874048	0.523364850552996	0.506000696320496	0.68617013412607	0.4616655166493252	0.4164133988449718	0.5359632381400541	0.572252152725622	0.5295100187569233	0.3678921079181736	0.2451676931160783	0.3782799006979773	0.4499664086077017	0.1214127011512053	0.1234408045297754	0.01945844431680952	0.3712317636258594	0.304423731745486	0.3988567063329617	0.5356327274698814	0.5448563303159727	0.0126910873153704	0.01764780545347011	0.01371554318884887	0.2483582625548394	0.7388179851031974	0.9779429072431791	0.2898691560993559	0.02082460991363979	0.02124854967155789	0.01815820345561013	0.480128562287322	0.7293345531083961	0.4113581813588898	0.02362291173337312	0.01931556087194894	0.0147804296215952	0.9909908389112684	0.9909624206380482	0.02633198111407758	0.3249865392816552	0.3029654408784335	0.5563910708390271	0.6431104431932503	0.6106877376456433	0.6190203544208265	0.1844222966666031	0.2708227920356718	0.05732452225310167	0.3030845758345944	0.5250425384009784	0.511340966860715	0.6701446771266023	0.5064825550809416	0.4830280533924955	0.5428789379403116	0.5530012685792215	0.5144548801376702	0.8301331582779103	0.6917408857102204	0.02926588946579655	0.8334848931544433	0.6985863014858661	0.4686685466514856	0.7975255875551969	0.6997279446862144	0.405662157185766	0.5734937987999	0.2894157655104773	0.03122584446831481	0.03494062286178455	0.03060727930838236	0.03619932303659438	0.5863232556994515	0.4984023131895153	0.171133724665939	0.2121434714780259	0.6417655185080339	0.6900172591895896	0.03272181870841349	0.1596004847273007	0.117521366179022	0.01759552959485367	0.03161431751507521	0.02710297454243059	0.21382743908214	0.3960798123460877	0.4359465616822802	0.3619933523350212	0.1949286032066682	0.3265693230170124	0.1078286499412383	0.4098367257192169	0.5098945249454861	0.4982624714501393	0.6509387933821562	0.4746443520512136	0.4396312834318325	0.5267353531372098	0.5651424928138724	0.5255455436102741	0.9999941764857244	0.1240063272669967	0.05287878430702062	0.0100067256665484	0.01003144504081733	0.01000386193722141	0.001404063803755955	0.08988424154797967	0.1777807710220143	0.1841202034299603	-0.8332832610533493	-0.8460963147581498	0.3769258129435669	-0.000860231852918955	-0.004579505117693857	-4.088242160328434e-05	2.136519570177932e-06	7.406945996846699e-05	-5.439968531584858e-05	-0.001131587933791409	0.001786650134642423	-0.00113062735777057	-0.0004011616649288762	6.139390496612805e-06	-6.375303441303539e-05	-2.017630075680577e-05	0.3138652816258437	0.19204990310602	0.1480985980904529
1.55547619047619	0.1614099396273201	0.2955814788762213	0.3189931457922603	0.2750298121704736	0.2043305120215964	0.2155604895148268	0.1103400611560038	0.1207279968887278	0.1311451616406014	0.1164943604230273	0.5312947964056134	0.5092846217002127	0.1443564401509508	0.03929157264586122	0.05200390274404421	0.1990313734729754	0.4924214590988628	0.4826623412048001	0.2208680508379899	0.4686677670075531	0.2642086913363586	0.1051637462971363	0.9180626925982915	0.9498218996409494	0.02809775716727378	0.3479678443173442	0.5337393078062103	0.5556507429660488	0.8099586086035717	0.7634883290304876	0.7829175112164649	0.08959879292572538	0.1383190771993231	0.07152623437608298	0.2597709464765652	0.532805637670657	0.5100434132110397	0.7375456189708055	0.4958516498223049	0.4489552753142832	0.5650332264708181	0.5788561394840429	0.5256656937167818	0.6826939000260123	0.7234976931732239	0.1451738879341644	0.7970540196729414	0.6929523102133979	0.5156894081989501	0.6052639683065603	0.412233903726805	0.3793088664725522	0.5291038149845297	0.6136376442223267	0.03407740528780952	0.0371496871781692	0.03420322936500525	0.04711664177123153	0.4195613668734315	0.5182038373880529	0.1655135997326992	0.1542653321215688	0.403524115151403	0.3230207894469339	0.06995464208816776	0.6990433070903671	0.6837704699352145	0.02620600127094637	0.04481913424682921	0.1115302379656784	0.5938782780139881	0.2691041947209714	0.242565520984548	0.2137606979384311	0.1418493109872026	0.2819266205996468	0.1347194192601121	0.3787213814895729	0.5196360735793847	0.5035951889494652	0.6762651208349459	0.4679524432964747	0.426914539677675	0.5350347661291825	0.5708267887763538	0.5278968494143663	0.7880618292911955	0.3922276018623169	0.3388649106453827	0.133754286590566	0.01083689268560192	0.4211201094464275	0.1701160270707242	0.2191125637041554	0.3063188718718119	0.2228690365012005	0.0420561709423879	0.02679970355204149	0.1668420907840332	0.167910373510631	0.2180670523635413	0.03000028362125952	0.4501426542656371	0.01743549657958487	0.03675497786850843	0.03981776385267283	0.07078320818521175	0.3014889288252568	0.507092221698582	0.2319943270049906	0.07790870102708422	0.5026518801814729	0.3413221371699255	0.182695152623065	0.8204570711936363	0.8991107567416622	0.02912626933877015	0.4519828509610116	0.6397897064036286	0.5822532767135312	0.9612829392422877	0.9106838082268923	0.9365895186184757	0.02836049694980858	0.03996344289325185	0.08421135430353836	0.254646758147008	0.5534087842671886	0.5294844571220265	0.7507550381499448	0.5013293925815244	0.4559590164179246	0.5726312756382657	0.5594999644586675	0.517770431910148	0.7344359062495391	0.6952235355026003	0.1998609453119003	0.7703208628253764	0.6896394948617548	0.5397847869694771	0.4529394417208902	0.2895042029224407	0.3503288447998629	0.520760740417806	0.6940454624542728	0.03598271492657254	0.03867344575675327	0.03633889855239106	0.05461847183674031	0.3626433024277433	0.5226103398655827	0.1802163608201829	0.1291251233978362	0.2823779425002881	0.1182787018783339	0.115409142452012	0.977893690041397	0.9766729818099691	0.0314853608485258	0.05606811009598777	0.1643342171458455	0.6777969852405764	0.1909927089346387	0.1329431074131274	0.1270784507134602	0.1236157143683185	0.2770658323452967	0.1518389045902088	0.3638065924319582	0.5192286572115247	0.5025933571371325	0.6766214463431673	0.471031848694168	0.4311386685912848	0.5382303597756724	0.5735915014120982	0.5278977838100338	0.9997275480002571	0.6408462968499482	0.4394888690157027	0.01021497800554081	0.01053317701007137	0.8874961632336739	-0.0005258164201398562	-0.01075817911990856	-0.2178248605396884	-0.1142062760286403	1.303335800773049	1.403817353557949	0.343155947731237	0.00059718697641288	0.002263474979340447	4.148054435584812e-07	3.223284367600769e-06	-6.723354427129544e-05	-2.898692692616022e-05	0.0005463162010764703	-0.0009829471823668916	0.0008343721154607295	0.0001766318449726571	-6.656345033874409e-06	2.982389973838018e-05	-9.117016235450104e-07	-0.05753235626067951	-0.02659069220799511	-0.02691299803708455
1.572857142857143	0.1980445264910222	0.1595098732909891	0.2122469219421388	0.412782335709724	0.3314400137662563	0.3020685994763773	0.1138238622943322	0.1166632210965172	0.145007640764086	0.1144739619343956	0.6100407726909806	0.3143371251237592	0.0373410524075123	0.03422513934818287	0.0501734194537027	0.2044161326289133	0.5155680747938421	0.4671701249813024	0.0664894447467653	0.38135367895365	0.2395463582724942	0.1187938227798105	0.8967054929875489	0.9401107517876693	0.2146656783418294	0.5102738479130086	0.4739305687945887	0.6282651835561881	0.8359875000893014	0.7901991478123257	0.8112504981729627	0.08451853903587153	0.1242925941469374	0.07396594315677558	0.2666850819947319	0.5405366560769626	0.519074105187838	0.7309775255746288	0.50230867115454	0.4627606161623803	0.5646881749014394	0.5643451082914048	0.5188156253145825	0.7719274151615129	0.7737517677630411	0.1749046448267934	0.832832691791347	0.7663772885273622	0.5962825697621729	0.3809367003745504	0.2750403034005575	0.2512934821628622	0.5270562225848658	0.6721135440962085	0.0300240136776311	0.03314541915964887	0.03270157493398139	0.04403519017228129	0.2694657316759866	0.5206832507105903	0.1358410609236652	0.08861892576318821	0.4077699889608523	0.330752365865046	0.173843903467546	0.7674435828590392	0.7491981877715973	0.03125377570283293	0.06789766884895433	0.1360876024890165	0.6224169053837458	0.2170910295075963	0.1771077245187836	0.1374171321709212	0.1569217538847355	0.2989770795278759	0.1495927069863659	0.3770161480870831	0.5109935176086627	0.4968446010073823	0.6636818733065414	0.4743003094841615	0.4387612563137301	0.5343020229784703	0.5750094689121946	0.528413933606077	0.8178729878839542	0.4140819011990735	0.3051687814852487	0.1765863924132588	0.2475063032485591	0.55070062359568	0.2071462375771257	0.02672078811115156	0.01953682152531044	0.8404133283166115	0.9455988991124662	0.8445894188377181	0.0108208144129434	0.01245190240611451	0.01135800275084698	0.2591980775708236	0.9881994912651986	0.5910430240831129	0.03954833549201826	0.01779733727528535	0.01375745759982548	0.01295641028073872	0.5478389345317785	0.8326228434334527	0.03133652456500024	0.01497901520418474	0.01245008284938695	0.01144293927713473	0.9965410579136464	0.9967931533377281	0.546502180752947	0.7421289125759586	0.1135907612803316	0.7761435609486493	0.6428182726938858	0.6081360049163188	0.6213117196684913	0.1815796985620305	0.261031101872602	0.0579971918484813	0.3043123280810461	0.5290959318262396	0.5152601772694647	0.6746808542231254	0.5140604211110289	0.497779221714107	0.5464133629599313	0.5463828053888691	0.5091774549707769	0.9864786829875121	0.9362626320102285	0.1107376455345435	0.9766652069053244	0.9664739623427692	0.7496993616123329	0.111231202686251	0.2412031862823474	0.03787511492198055	0.5478641091460539	0.6121162676239551	0.02166677216230457	0.02547719211956893	0.02692526687063236	0.02736837874392337	0.08916959114515079	0.514390995494264	0.07578153542163991	0.04100189062875149	0.6557520674386509	0.7300698573074296	0.2755865014147132	0.3857593540569031	0.3296362492110734	0.02826428183796318	0.08225458341052101	0.07510567360412955	0.4638540039854332	0.2555453821400277	0.2532299324401289	0.1573673942479128	0.2280740411611044	0.3577701916661724	0.14278183482029	0.4034354881411551	0.4873664635586222	0.4801602021895224	0.6227368279885122	0.4874998416428772	0.4650085676521211	0.5254934011486564	0.5799034564941169	0.5289220731173884	0.7150787053670977	0.01980687770842982	0.01034345773171347	0.3954853016386783	0.6872430826961878	0.01429296777831469	0.001548015948950834	0.1810710072877201	0.2116024313647148	-0.1211546109943413	-0.141747640371778	-0.6507172603942338	-0.05382648143362511	-0.001469788668684325	-0.004507831352424032	0.0002826926598531451	1.642103724686349e-05	0.0001208190234749726	-6.020155493364682e-05	-0.001092811035206906	0.00185677598264985	-0.001450014637509965	-0.0003472332578166612	1.926579593135931e-07	-7.133209290355136e-05	-1.489695434526242e-05	0.1186524988540276	0.05722610782150196	0.04751125634583601
1.590238095238095	0.1125701449820284	0.1170014978985681	0.1400679898629137	0.4612432256356498	0.3627303892855603	0.3083486874213801	0.103303492176474	0.1037025959990429	0.1105721966146409	0.1391614314319284	0.7402594231864683	0.2546407342602707	0.03146818963083482	0.02657707172245344	0.03613019936292262	0.1159836059181532	0.5183646298695503	0.3567689917172072	0.0526345180986199	0.326234143046044	0.1852139770044284	0.095656723914957	0.5553483036517051	0.5751347544046647	0.2617517530790394	0.6164141925962017	0.1645526856307289	0.6103078169093072	0.7817424531528049	0.735829165119757	0.7576202635019036	0.1028113264130278	0.14931609085504	0.06529317842544356	0.2680131049112993	0.5476340657059225	0.5259540301800313	0.7373560667592194	0.5034671263856719	0.4646247682551789	0.5662555309520664	0.5555157455823901	0.5145144215875113	0.8150395140916238	0.6779625505446845	0.1711375626173928	0.8248917321907405	0.7132392552420254	0.4375454706584008	0.3633004688553113	0.3476254223487899	0.2738364159234093	0.5465948948250433	0.5494945265610811	0.02553817020344991	0.05307322212179894	0.04152400722827859	0.0787519801010971	0.257863845136692	0.5149437601363939	0.1111491033339044	0.1537432637590477	0.5012099760822053	0.4324156799358881	0.2265660071299578	0.6339265155319324	0.5468127430226623	0.02624294834757631	0.04603751900567764	0.1282339557203051	0.412725287688549	0.2160986285443724	0.1796289629017386	0.1424884247060659	0.161973341829108	0.3197795296489261	0.1745182112811603	0.3882854428481211	0.5140645732720307	0.5016465226689949	0.6490781112708771	0.4800418895610166	0.4500762928392658	0.5318004826116636	0.5628065149685447	0.5229078507952861	0.4462073819735736	0.3233955352502984	0.2379157052464782	0.2606733631300032	0.354402701296395	0.2540664423502306	0.0286262387383358	0.1404474407686941	0.1566790583577695	0.2999439931177774	0.06591397122447615	0.02892811714661026	0.143881571152882	0.1424434049803378	0.1415164588542692	0.09194568716428292	0.7374854823503113	0.01273866065602645	0.02465968360190804	0.02871562769780621	0.04297445347133465	0.1165992422819895	0.5094552970156647	0.02981429474911521	0.05793478005877023	0.4280940639263738	0.2323775045286688	0.1262014107156204	0.01671749996326429	0.01761583790380956	0.0881317951191761	0.6306396867646843	0.0308645193826806	0.5271570138456796	0.7880080258118177	0.7386326426734598	0.7645863830010877	0.06844990017699988	0.1011422466000996	0.06545050605109047	0.2483139791318218	0.5633839716281962	0.5373659087333568	0.7779946202033838	0.4992827334344059	0.44939415127426	0.5782698308182351	0.5532173697814317	0.5136913583716189	0.7712425640618956	0.4357564887403349	0.1955086370409509	0.7404858510845825	0.5341624300686525	0.1680876932099981	0.4625338757210131	0.4361209856545437	0.4049661494945813	0.5805819613941151	0.4340092954173244	0.03091148131485429	0.07242147778184774	0.05082359150290445	0.1159785029097593	0.3257871630083525	0.511273764540585	0.1474935066346879	0.2423714746229109	0.4447153537946234	0.2784852366311523	0.2059772675040231	0.6714628762459276	0.5083259114066165	0.02770907136645146	0.04365665272647098	0.1750618759885914	0.24875278085008	0.1947418526865881	0.14404420959998	0.1399226593190303	0.1496356038628029	0.3255522105932965	0.1958766699882213	0.3860120190537107	0.5308894911351671	0.5169217098094965	0.6515421580316182	0.4807535641205714	0.4506293221068891	0.5334827292074744	0.5440251351925141	0.5152645743682593	0.01003498982793472	0.4637973342286866	0.3090287662357796	0.196596211609123	0.1700297155419697	0.1209658400095122	-0.001068862550796316	-0.5830459956573371	-0.05832995992963719	0.07419766677259562	0.6417750197210526	0.523241702532393	-0.2026324457092107	0.001385969446292846	0.002001474614693734	-0.0002759669414372954	-2.863915278022077e-06	-6.941596649301622e-05	-4.940131572729815e-05	0.0005463895051714358	-0.001104386768291008	0.0009170789622989314	0.0001744224077571478	-7.026378519764859e-06	3.519590238419804e-05	4.980603038659762e-06	-0.05701709351179494	-0.02813106337887793	-0.01827953880326818
1.607619047619048	0.0811403820776942	0.1129338558330173	0.1213992127196545	0.4778881585884956	0.3560301015772814	0.3112187693296817	0.1006564946731611	0.1002878645591662	0.100997290859029	0.1775502273003741	0.7850717543770956	0.05516725627422434	0.02180439741814023	0.02394775935307939	0.03383772384409852	0.08863624820580711	0.5322498756013991	0.2749887833512683	0.04570373771264756	0.3008894614150911	0.1647540891862993	0.0897366390467795	0.4497717384460946	0.4586521336343657	0.06443177405009536	0.5884358212896768	0.3145467062342558	0.6665925941705058	0.7373100758750032	0.6975626751883247	0.7174550715300457	0.1077390334846474	0.1547389716924687	0.06005027804959126	0.2577313851632593	0.550025936292455	0.5278328979736077	0.7500517983682361	0.5042326620597696	0.4645267577479958	0.5692250702359545	0.5573350408091642	0.5144096791067455	0.8266330992166669	0.5764997145557066	0.1514424910603617	0.8213467161380598	0.6964166971693206	0.4506148312259379	0.3194119410601809	0.2887041867194976	0.2735827170821644	0.6172954897390162	0.6202148288346458	0.05658775549334633	0.05336643318465881	0.0398437123730198	0.08002532799090133	0.2234872848765277	0.5175222113818492	0.2798574111575126	0.1660200777496517	0.3303617860787494	0.1998950580611135	0.1309583032130948	0.7681889070844287	0.6747549708876656	0.05122573641963403	0.1848906237829166	0.2633796437139078	0.5085746998479171	0.2108495107188872	0.1822005757158328	0.1583606302676592	0.2630255141866153	0.3736361819609308	0.1431965472565569	0.3779096387474766	0.5179720449822333	0.5044069038717354	0.6569575697227933	0.4800181375904998	0.4483702847782234	0.5339727291757972	0.5625038077131718	0.5221981199700432	0.4215013183682471	0.6109361862460704	0.2717237610201944	0.1213834323327079	0.1167061968083293	0.1247827777207997	0.1586648242366933	0.04414910122565052	0.03032088305218102	0.8616493876622185	0.9171358772890051	0.8529393833096387	0.01093783369364976	0.01226397226461544	0.01149397961160905	0.358252099213533	0.9906517243435167	0.07467030343325615	0.01959200041641582	0.01370557894268262	0.01266328036839872	0.01245736308998438	0.5880100588104225	0.6343697782299403	0.02052478202932292	0.01448197799938816	0.01205588947836359	0.01118706223496456	0.9966792431226406	0.996840880588225	0.02074103032021092	0.5420166640155296	0.8158044717311832	0.9782036806297627	0.5689897897502625	0.5546782429268973	0.5607150329273223	0.1910663896767809	0.2699084080810841	0.04883288920683066	0.2752574723717383	0.5285515847541059	0.5135040843169537	0.7078060151910033	0.5151823873528605	0.4956153044315308	0.5539156315001483	0.5620761025101185	0.5135418515448608	0.971601401509639	0.7180194860103893	0.06571958333593418	0.9749338629114465	0.9732938204003876	0.9286528213064019	0.01391382373772517	0.0178289859877665	0.01394257002906346	0.7496435354023552	0.9781800404637648	0.09167852989787166	0.02107949265441966	0.02139771041680856	0.01820879144355718	0.01437462870846025	0.5285976747346409	0.5408654207002338	0.03058710495570836	0.07724235968612847	0.02052955276650259	0.01366163811685433	0.9934444184729121	0.9944736816948027	0.08476183462499635	0.4471816735203675	0.4345933701723291	0.9833607738503477	0.2421722947905547	0.2589622406401955	0.1950584086643712	0.5060930318100801	0.4988063790925842	0.05379372012667034	0.3630022979303167	0.4960121907465704	0.483416428924858	0.6656716108071385	0.4814711297513881	0.4486635861503893	0.5350013419501666	0.5926943959864931	0.5327342220819151	0.9999937005052756	0.999982931594582	0.1664947064556948	0.01000411876799543	0.01000823577048607	0.0100040706276664	0.0003027572603151466	0.3486584041157605	-0.225978635324414	-0.07677254026353988	-1.708066440395256	-0.5857365260515143	0.1636566774547216	-0.00300477495911072	-0.004147139936412813	0.0004474559835816414	3.689204514378995e-05	9.071346412678102e-05	-5.771494889434106e-05	-0.001394632517270969	0.002283270245578627	-0.001627278956905998	-0.0003323237864740795	1.217121455743221e-06	-7.461014834867732e-05	-1.871929110079786e-05	0.04712764780352924	0.02697276227799479	0.04559126129260743
1.625	0.06214391360795997	0.02360494614435149	0.02030118955845283	0.3656705910336259	0.347380831633501	0.3099703853242661	0.02546783038737956	0.07859976428847931	0.03777715222391855	0.277869650698305	0.7710744901471959	0.0260130205509148	0.03083326582331854	0.03254646951056087	0.07788630361932118	0.1113708910145619	0.5349539960065793	0.2422370832796181	0.136860080668359	0.2184309684744795	0.1076197882647155	0.1566440623535299	0.3765065716262067	0.3791529124552542	0.05964351898928966	0.5436780619709058	0.29515259381102	0.5919091781133604	0.6618097160483462	0.6359241456604561	0.6523814375016139	0.1148262245163833	0.1749152392199135	0.0532452743611635	0.2375347332194346	0.5555416018853989	0.5312170893683494	0.7744472915802101	0.5012734925684316	0.4548620424451258	0.5756729620997857	0.5620489044316458	0.5158198274216691	0.6039229506959324	0.6454461249694305	0.06275982073260222	0.7220835075055574	0.6473661787852084	0.511363457997044	0.302930445265809	0.3184980319592487	0.0931919652887733	0.6833902284380456	0.6268177212685688	0.05233713869172615	0.0300661631489692	0.02707493747703575	0.03655483936961423	0.07383626715876337	0.51398926737817	0.319049058544301	0.1425328458521865	0.2784893341963027	0.03875054667293338	0.0249636756784385	0.5738337041389729	0.4717707227342658	0.04305800651699174	0.191384399324128	0.1997648003927245	0.465235027572968	0.2038424236670406	0.1888199877855345	0.1554796448481593	0.3673388752030458	0.4315521175652315	0.09532441629253349	0.3744809718040715	0.5075821300393987	0.4932216452481414	0.6721013639893947	0.4746477035485226	0.4366189788400558	0.5357956536709538	0.5825981629096595	0.5302592811529322	0.4311720087013915	0.4716363032180377	0.3752186000907684	0.01933084176990918	0.01006629627965508	0.03088254251994808	0.0145810557598015	0.02392268689427668	0.03065173107815755	0.03284126523432419	0.03136110619951867	0.0227220063619024	0.01384981896984864	0.1023971214369485	0.02906693980484155	0.296501822402312	0.6460446779450113	0.01273577961221204	0.03865984985345396	0.04426852099567674	0.1263465452705828	0.1715581007129215	0.510733236786823	0.03002109326144199	0.2374263928898992	0.2579003038389059	0.1249595916287821	0.2657231463869166	0.01295021014149032	0.01295019077582613	0.07698487319186176	0.478848634824055	0.02691702765591182	0.3286989512624793	0.6276567236518346	0.6114643125070708	0.6284793421486417	0.07803044992543977	0.1345251582045	0.05351112136510255	0.2060791453891958	0.5751865282241506	0.5441289333399122	0.833818889997748	0.4920746190421362	0.4269412428488765	0.5930007094543043	0.5652148576326426	0.5175919546092131	0.1952401711069957	0.6645542379449011	0.02617109424124611	0.4910572215629526	0.4195336452542383	0.3018666675441068	0.4310840933527689	0.495688284069866	0.0328547145373265	0.7043981681299442	0.4325610497197751	0.02755806447093164	0.02859460081616621	0.02727469918378731	0.03241102412910983	0.0291079815382761	0.5015982918727597	0.1969815301190172	0.1895057130842507	0.3771137597644356	0.02843453334179669	0.01386375416957578	0.1780343961522798	0.04045585234353683	0.0171400963159505	0.03106382810085107	0.02474949468587733	0.1430866588754687	0.1808076783554538	0.1545466898474306	0.1323508110439094	0.3610431881903314	0.4419386843171546	0.09864763085342945	0.3778486033192425	0.5066482036469435	0.491162141029429	0.6843297255607005	0.4691191288619773	0.4256362689812923	0.5374933434483878	0.590309897559074	0.5338080424732944	0.04970431330666544	0.09279705920833944	0.550293347907673	0.01001587528119509	0.02465103223451683	0.01002114525286965	-0.0007346789383164421	0.514131332682544	0.2009810255689604	-0.3076756854344783	0.2075332535604641	-0.08149048226564004	-0.09542906617924042	0.002210178582475214	0.001695902771572198	-0.000370953868513734	1.578048840451287e-06	-3.309538479769759e-05	-5.322657126915521e-05	0.001067581098843685	-0.001398185308011419	0.0007551237043649944	0.0001568977165377687	-1.356066704113741e-06	3.77530948943961e-05	-8.709900459415894e-06	0.09957025325900987	0.04211667358087435	-0.03897629501301197
1.642380952380952	0.09429464781141667	0.2749446228837854	0.34124930846058	0.3109615577805022	0.2934525707867309	0.3051702969991944	0.05801694273536617	0.0757412918763794	0.03310657729152947	0.3382055960889879	0.7638786682422649	0.1432556511588154	0.0315176208517477	0.03390013984973402	0.0861601095519002	0.1192108189146782	0.5358072300282088	0.2535748080848826	0.1597329809454396	0.1953589571738671	0.09439303831323959	0.1772830663311689	0.3677558720584641	0.3691760660060829	0.05679940328214274	0.436573006124773	0.3463776716079083	0.5667042474229927	0.6170540730536375	0.5991097418445523	0.6117384481892221	0.1127286992750167	0.1765307701586036	0.05311436827535258	0.2289012852668386	0.5615011815032487	0.5361778748565801	0.787689339720144	0.5016689756892661	0.4539609614272921	0.5795386356327804	0.5592924164940082	0.5139019710154924	0.4834509998752434	0.6358973374342011	0.04346223034506932	0.6679523254077958	0.5694707875724281	0.3823012430585447	0.3033326691472972	0.3548307638207299	0.04732596565198944	0.6730598393069039	0.5512589278170111	0.02610769963302421	0.03188916472493306	0.03063231056950372	0.03698588025989691	0.04126664305898908	0.5053379295625019	0.1973711286991438	0.1641147123866777	0.4499885278404278	0.3290432011820635	0.152816573387643	0.4882957952773947	0.4091031687579418	0.02174817786083687	0.03890225817225967	0.05019648469489527	0.3636382557922082	0.2015437984410986	0.1801729195417991	0.1442299896180777	0.3951517792883688	0.4484985995670115	0.1110489523204378	0.374588941081136	0.5138983109317762	0.5006975533939014	0.6564347427265227	0.482665719321486	0.4519041206343659	0.5350874481914613	0.5675971027352789	0.5236277080004549	0.08340878269361381	0.4322988573894623	0.3579252765076781	0.15011372362665	0.344935799064373	0.03634927275852098	0.2410450604129482	0.7654681728088412	0.9803765883840057	0.747362493403621	0.7467985024124664	0.83768786707368	0.1100137945917005	0.0164259286649787	0.02486467335404927	0.4832212864682395	0.9839001791183065	0.3756987539092269	0.01946333267563059	0.01485349310744199	0.01496565343835592	0.01742934102707578	0.5877806709509381	0.6755574817625137	0.02503718335593131	0.0388107580111351	0.01878780610436641	0.01374960374969654	0.9972638880463699	0.9973517527561296	0.016243867036457	0.2679798756601363	0.985842281784135	0.9699139535791222	0.5212727737889299	0.5143476952199706	0.5129157639504278	0.1842445635973854	0.2674882648718488	0.05028710240700131	0.2648216224617425	0.5408673806341123	0.5251164860691684	0.7198419242804323	0.5195410182807761	0.5024442679731096	0.5586179154714552	0.5481384918917884	0.5060980192499372	0.818623544127514	0.6093548362614736	0.05762254475562135	0.9153453711234303	0.7738541601376818	0.4841798396689821	0.03381665679412231	0.07958407425100993	0.03208343994148603	0.6390957415744711	0.7283766068735008	0.03351105886611155	0.03068546773948817	0.03169619855394647	0.03301911370045343	0.03070582628844538	0.5057328540993932	0.1832050186118992	0.09805825036843627	0.6246447789005244	0.9305340073126589	0.3750005079774549	0.9097713345754954	0.9529909486011094	0.03809173810348267	0.05444403193356966	0.06844903837527003	0.6881311566338082	0.2399321441585478	0.2333689933132743	0.1679454887939588	0.5249376877674634	0.4989856480140764	0.1148176857835157	0.3664713429286982	0.5268026693262681	0.5183705567068103	0.5971771336961471	0.5115202461997365	0.5064680458707892	0.5307880942240941	0.5228762559676733	0.5033998120214771	0.01015710393737601	0.976857323444822	0.01031910890307	0.373896523396463	0.9998603128630283	0.05876914360577563	0.001021569545579385	-0.7101277495947201	-0.1305288513015717	0.07327592465359793	0.8534606344676329	0.4988477804871438	0.6465754380029241	-0.004729423573423879	-0.003464627246052325	0.0006038475333142432	2.791993804589449e-05	9.162109772701064e-05	-6.402572256195906e-05	-0.00230506567970874	0.002707724914336691	-0.001140221044407241	-0.0003285807495462712	-7.573397236404289e-06	-7.395687785664733e-05	1.580685198291012e-05	-0.1879747573170984	-0.07575357548254902	0.07977884023916611
1.659761904761905	0.09408404650283614	0.3185947125723726	0.6332386585328541	0.3594521468954289	0.2817279946313743	0.3137015575338316	0.03402665228805003	0.09450061330454133	0.02560380090568127	0.345029032364938	0.7732439735427108	0.2019738128361357	0.07501113964956725	0.06080376847141217	0.1433998264774962	0.3012239561061675	0.534743440956376	0.4478814053427749	0.1946356653759443	0.3046113402260469	0.3137420977637918	0.4456087542830334	0.7711979686580045	0.771242520403548	0.03670816630997668	0.3507089269550535	0.6127674207869765	0.4171635541319635	0.6039422050282945	0.5916950865413084	0.6072536062574196	0.1062748194329539	0.1727536515549424	0.05793442481398892	0.2323413530331036	0.5723506101527072	0.5478483177925831	0.7854106333190046	0.5069475719933048	0.4653753520229008	0.5801487796302232	0.537589701729702	0.5044470252021372	0.6394445459983618	0.7184269397242571	0.1430488665152779	0.8059177541385699	0.6688738992840225	0.392327783878549	0.3410792452193522	0.1925817618785471	0.1899655107095082	0.6291627962238713	0.6959683962097702	0.02556513228530068	0.02783114428413715	0.02510082504457976	0.02768888788904878	0.04809852452793862	0.5127500061887177	0.09728327327934438	0.06317927162059296	0.4667166876507399	0.3426521345572639	0.1231683166945364	0.7928416657649011	0.7828228809834396	0.02496977381601569	0.03858558072942412	0.0906894793309304	0.5428849483174549	0.1614269531550429	0.1441933268773059	0.1156593413542228	0.3671679799063973	0.4390504177224978	0.1577748329194099	0.373228254490455	0.5110636986792949	0.4991339357626868	0.6479332255278445	0.487715220686745	0.4619833649100468	0.5347770688083651	0.5675045911444347	0.5233153693095347	0.2069145049168869	0.7920411809283278	0.4198435189894628	0.1495503958602027	0.5044656154775875	0.03268840695712263	0.02429096202816201	0.05550499579754432	0.5888341422753872	0.1872271329042364	0.04302839284046261	0.03282958687891065	0.01219888319829578	0.1411909084888867	0.02541730709745336	0.2847964957360242	0.6773040519832193	0.1025764153484703	0.117120816461722	0.09230724304073175	0.2368116449409021	0.5795257619616864	0.5136475824536262	0.3993886686865874	0.2999951942810821	0.5205693273727314	0.6249616981685343	0.9067033175206917	0.9828618725380004	0.9822712336161002	0.0415931747000203	0.3553919029714953	0.5897127389615208	0.03059425283163112	0.6281713642092038	0.6189185625923914	0.6445188039156119	0.067190467259116	0.123734237240238	0.06208399473419152	0.217830096704919	0.5984147603688207	0.5700135749977334	0.8179827158381435	0.5047675143517589	0.4552291911801523	0.5918330316803588	0.5129405700859097	0.4953664618414907	0.6718082642859122	0.8101253299738739	0.226413760757629	0.8629581966166036	0.6848406818344692	0.334559659244984	0.5240475093627079	0.1625170322323418	0.3450955995914753	0.5832912775144575	0.7929052784065433	0.02225194415131379	0.02596549435776031	0.02110421756875068	0.02763817927005659	0.07631310176152931	0.5219549255723446	0.03349481173742812	0.02950764360581341	0.3933860495427853	0.03042079104249041	0.01655790344631777	0.9821554976773743	0.9834497267209374	0.01895076947837245	0.03388192705676209	0.1126235927643374	0.5704221918762064	0.1012174158982854	0.08125445884091069	0.07636804687400382	0.2766792113678365	0.4061417989639893	0.2017313573235614	0.3789033912823514	0.4977000892526179	0.4853505925952541	0.6649896634193614	0.4789151814034014	0.4459480693852842	0.5360393940083752	0.5935543027682021	0.5347659324271852	0.4147604922558281	0.9989771309240981	0.678369697988665	0.01002281933667176	0.2468620080406166	0.0155151181590198	-0.0003058654645518691	0.3489296350488875	0.004046615058190867	-0.1091419304083509	0.141863665997239	-0.5458500720768004	-0.5157017221493164	0.002771979146933376	0.001533107261058674	-0.0002874051039565695	-1.025513693261401e-05	-8.234528134605938e-05	-7.914041875714515e-05	0.001225069199917618	-0.001550025710419526	0.0007777153217052826	0.0001580033112846085	6.351806532673849e-06	3.674928365213733e-05	-4.653655968979187e-05	0.09199398061438133	0.03638481102068109	-0.03579686828168875
1.677142857142857	0.1239836712105297	0.125412466181429	0.4420780983648622	0.3869339724717428	0.319356821398654	0.2773799748077021	0.1740540007685743	0.09778461415229538	0.03381585334859433	0.3692009396620944	0.779056107765149	0.06109625059254661	0.07874689073125979	0.06368841095451024	0.1581797474660021	0.3713397060071814	0.558880444902229	0.306440725949453	0.2030584798438975	0.342988778579581	0.3961307448971068	0.5652843303648059	0.8812062326583995	0.881161571919531	0.03980838417067107	0.4645875773832638	0.6209206959810649	0.3915218486072138	0.5835263266768572	0.5735039231580411	0.5859154674193536	0.118573294011857	0.1743182285814703	0.05135033623742268	0.2324727945154973	0.5769388038626467	0.5523230097363828	0.7922797209525161	0.5067095557200378	0.4647810086025899	0.5816988866628372	0.5316625609648107	0.5017223893170772	0.6416141576498177	0.5857906920498864	0.152460698921162	0.7678472786872992	0.6151557007544449	0.3174868246705642	0.3583332006850595	0.2735086237995915	0.228493781975286	0.6195619019430112	0.6580219940305895	0.0309577070094564	0.03116866555412422	0.02870005365686949	0.0604595175812199	0.1646212467736652	0.5118300867218853	0.1847916999151908	0.1798477246639816	0.4456691229559486	0.313393259060281	0.2820207925933262	0.775362154855842	0.7690605742693726	0.02433912420502599	0.06081231714402362	0.08026402782786522	0.4506541253894882	0.1394346231702562	0.1195285150903033	0.09846410584481027	0.3969966323813666	0.455434700327954	0.1714198550633413	0.3868555985498899	0.4986681344156895	0.487843143472834	0.6451553915387316	0.4846182362852783	0.4570158002973989	0.532958819853718	0.5820282993857449	0.5300447141175996	0.4206060119423516	0.851533107865595	0.4490515160760726	0.02033570588018364	0.1866394882184947	0.01005927699790678	0.3201881401600681	0.2020606138127418	0.1880435055879861	0.814923491350809	0.8689725519910813	0.7211855187133743	0.4821474766006908	0.01475672385356847	0.0440705862311986	0.5504244608211226	0.9917189511128227	0.01409010676466106	0.01342505490727772	0.01291856532627165	0.01291458548176634	0.01435521724715083	0.6646860552418437	0.1614554994960937	0.01644393197726891	0.02311503367904079	0.01404805437421738	0.01257118537569229	0.9966100091187016	0.996821841568828	0.02858266850469012	0.6970351112913146	0.8329480872331186	0.9822321385103546	0.473077978099432	0.4663327189276477	0.4514560388200636	0.2167218726801321	0.2730433857831027	0.03453029886660847	0.2631009348385223	0.5427271409418247	0.5258939898157549	0.7451812409298864	0.5131887271911343	0.4893092658630344	0.5627817591058596	0.5537837453596614	0.5079030673156284	0.6682294556427926	0.08814914546844646	0.03533545829274844	0.6243461341830752	0.4912773180419885	0.260225108770261	0.03525062530361332	0.4430507753801393	0.03373590352144116	0.6607990610466214	0.4394566732802814	0.04537934317943662	0.03862091108132365	0.04037506340985295	0.1086850279078912	0.3151056136388131	0.4948727004069507	0.4569387066463109	0.4431806077012232	0.5451157738538697	0.8334593593318363	0.8577834601520516	0.5182050521520518	0.5386013579900196	0.03635970332094936	0.1051902585896587	0.03323512722377257	0.2545622463649457	0.2005098923013936	0.1835531710068302	0.1356359563903482	0.6368884177317941	0.5578622871947824	0.1250036562238857	0.4074869661218506	0.491712266031566	0.4854168626733731	0.5987000915761826	0.4968224185069262	0.4814882909408132	0.5254914489224647	0.5685056003425545	0.5245573617920886	0.4886604634961811	0.8086316696577297	0.01005312243944524	0.04954646049339077	0.01031830840879	0.01004460460858453	0.00105274726658767	0.1149342669153517	0.1205856541921185	-0.1153575396708777	0.07372850860684034	-0.06023602622279468	-0.05226744301171246	-0.005815872307853748	-0.002760831171861322	0.001054758428069816	1.462306166646851e-05	0.0001145135004413878	-4.832506054001267e-05	-0.002431082782005943	0.002890972159819477	-0.001254735746874997	-0.0003420399708133255	-1.209888202051596e-05	-6.135951136330633e-05	6.210530804877697e-05	-0.1746207846175913	-0.06271651051529635	0.0516877043210013
1.69452380952381	0.09723804270107123	0.09661081996229509	0.2038693554033176	0.376103090356973	0.3211573139458828	0.2655356930340944	0.1545413010549639	0.1059944424386775	0.01526277366894759	0.4717375253267405	0.5050480251281172	0.03272647448208505	0.1010854464672669	0.1865072324833951	0.2455138259921292	0.2259931466359748	0.5372882294960942	0.1325283173878546	0.304020298499486	0.2048988397375702	0.2322204726530538	0.271759061380215	0.5468133785876877	0.5466319758740705	0.02793983511736449	0.3462107723728176	0.7218171528580561	0.3573640432635079	0.5354614765003325	0.534336849259368	0.542160492412876	0.1061619831893125	0.1593557804802673	0.06014663167089716	0.2269977168658613	0.5819949659955149	0.5568401393218524	0.793173372656129	0.5086331657558214	0.4676616163954124	0.5848048462993707	0.5228561039295103	0.4976177494341591	0.7710066260784798	0.5322833927897274	0.1684206014091656	0.7769545815262318	0.6564835560014506	0.3993164466980705	0.1104188442258534	0.2248254115410526	0.06593615986676864	0.657593669252334	0.6235715272495476	0.1098752058873037	0.1302832376985416	0.03933426110103107	0.05907656732262021	0.1264537819423106	0.5049240803689593	0.2873824515788769	0.2849088894962228	0.4250984989979621	0.3136610997883889	0.2985325683113312	0.695787199344217	0.6821635280889414	0.05515202832020609	0.1544513958023147	0.09457978520296947	0.2255947552250219	0.128658356646952	0.1135695148595376	0.09109177169229656	0.497972474040627	0.5002064037387849	0.1536021944712047	0.3899021733147078	0.5000754144311348	0.4897740655098572	0.6387903365860267	0.4866932451708871	0.4606184151588207	0.5317359862870032	0.5775037638403566	0.5280500611574018	0.2246579671198198	0.4848814872547685	0.2185214257539389	0.1377447112502259	0.2435448626413048	0.09355506629571336	0.01344252236800764	0.03093387314818451	0.03594125314657721	0.1408433716535591	0.03678977881808403	0.02900043908518897	0.01192949872947846	0.1567802110275504	0.03344989555910173	0.5045020087494982	0.02211291346399655	0.03326228358110864	0.1545852698680913	0.3427573156955576	0.4231251708666839	0.2154005433229772	0.4498494444161679	0.0263204668571792	0.5271262195923384	0.1906714663792577	0.2081050348804989	0.1447858993288739	0.01200343294121592	0.01183439296171181	0.07276975214177486	0.1123672080295639	0.7090532608548433	0.01362065397911544	0.5228235614751452	0.5321572629240101	0.5459955897720679	0.04468406937691589	0.09443681143042786	0.07646298686763384	0.2068242592366787	0.6067405202829137	0.5769040601016685	0.8164288328264983	0.5080211423094346	0.4594083274224174	0.5983365822768369	0.4979955068965068	0.488439611120252	0.9812861892715687	0.7231802869702892	0.2429448229678766	0.8923651033631865	0.8205144765713694	0.5520387636090209	0.02407115659960379	0.08960350882888282	0.02553944837713241	0.6947041322076017	0.6830111470696232	0.1699078147080986	0.2330379810125632	0.06243446970965345	0.0513315723384802	0.0264823249618311	0.502821041679686	0.2207363785219237	0.2454407368089673	0.3477317121966624	0.0304399441043762	0.01473485266753278	0.7102554831402359	0.6788274989460515	0.07214429719980096	0.2130597106656991	0.1305736317905427	0.03793949374867332	0.08913872679504681	0.07714820173943993	0.06850942041012924	0.5143854194537877	0.5134875638692844	0.162314964211989	0.3832381750060823	0.5050761620428068	0.4934108393196397	0.6506180174355575	0.4842908806336262	0.4547953762003207	0.5336827720236955	0.5774987154135086	0.5277417728911052	0.01001480634342407	0.0100199509546311	0.1592311066894656	0.2251812870557144	0.3999145325890325	0.1651370456523002	-0.0008161800342853097	0.08277809676261608	-0.03425133363120067	0.02690390791043743	-0.1305660201958702	0.9092429586473697	0.1219799574918835	0.003561692279652663	0.0008973772063403708	-0.0006675935475227022	4.3004118807303e-05	2.315906210945411e-05	-0.0001205758413947453	0.001269951732443211	-0.001558747613327983	0.0008447363247486642	0.0001579261036771427	6.387953666584455e-06	2.911234375605378e-05	-5.432166664961903e-05	0.09584060026742725	0.02784149002068439	-0.01296986076754608
1.711904761904762	0.3005296879432454	0.0697139238705879	0.0614500749967592	0.3674518825772202	0.3346530856660392	0.2902733239115812	0.316371363294587	0.1183102298939419	0.2722539776418443	0.4737488671814526	0.4284525193032681	0.02863948736325389	0.1063173737587066	0.2234638427359137	0.279494611367314	0.1652788078594747	0.5141757332323635	0.09406149995757154	0.3476961609352316	0.1481563107473342	0.1630227737579574	0.1428851175914795	0.4411236539091344	0.4419786735673884	0.3596064094881019	0.4107522420371303	0.563755391797291	0.356927571236668	0.5230106270611511	0.5223896980386256	0.5266113125931204	0.0933577489045349	0.14873747913173	0.06597139945898864	0.2305183458875329	0.5852060600148643	0.5600457052609791	0.7877557553219053	0.5091470822511032	0.469201441939686	0.5844366336736088	0.5140919240216435	0.4945599647135372	0.9195296254048596	0.6228228846445762	0.1701548106223957	0.8868928990185263	0.8213722156338277	0.4984613665052439	0.1784339019078227	0.2098188444382735	0.1575279770803383	0.6781633879015668	0.6201396196079955	0.1149054870920802	0.2405633192637691	0.1815040719219097	0.1712276427818522	0.1614741699570371	0.4987762517612931	0.1875679135891918	0.2763125598509197	0.4156814762593139	0.2689885270295033	0.3284218875534038	0.6932114546784769	0.6985594931003624	0.05300366312099319	0.1457774038344374	0.09476748982998284	0.06182553026182993	0.1305005270929795	0.1175354721089641	0.1029489858864133	0.5578716725533623	0.5318645601037777	0.1683171987376601	0.389970555778798	0.4989262730015679	0.4895415502675758	0.6292936591509284	0.4907702089443731	0.4681309797414819	0.5310611892247417	0.5749339342642591	0.5263976478254949	0.3111111446414066	0.4314207283015684	0.2254288476879075	0.1405244084092665	0.2659614485789414	0.1069527648349701	0.9372821133447765	0.1411423284834511	0.02422535203881655	0.7927114995038809	0.9124064538115469	0.801057639101557	0.9904656321134561	0.03793438748751405	0.7498769412415286	0.4654349685201352	0.9907248306511861	0.0133585209044897	0.01372090692211309	0.01413131051750435	0.01373828810132469	0.01353761295973063	0.6146334864065415	0.1677616459122502	0.01917725179202449	0.01796064086539339	0.01328318167866912	0.01166971545263139	0.9844838043923492	0.9880914631398423	0.9677061266549624	0.9790329901545487	0.2160737020256608	0.9903393449415725	0.490359724254155	0.4748981128828405	0.4551030451835557	0.1865752124159519	0.249974084599266	0.04484395514627486	0.2758480973774544	0.5469057838790867	0.5307313301495615	0.7263529653331168	0.5127056113381762	0.4910729308113434	0.5580188387536319	0.5361122973949128	0.5028751854786364	0.9913374643122084	0.440325108081674	0.02772698940616145	0.9728005100032335	0.9732255695245839	0.4692102786052925	0.401693578798914	0.4196847033684405	0.3596156552039587	0.6814927435705792	0.4723670650976889	0.02874849295712286	0.2698132137687117	0.3970335852716901	0.3993119064526673	0.4178399780615648	0.4835021240799325	0.150403281277011	0.3806364946139892	0.5348321418698772	0.6924300114586637	0.9543832607531708	0.6126925257148875	0.7025195755868886	0.02523789790004747	0.0473070085756736	0.02728213545736955	0.01741203592811675	0.2085048115531441	0.1950451508047589	0.1663811272065139	0.7357550431525136	0.6113034035911996	0.171626853048565	0.4049164538752651	0.4866796522229205	0.4826607564150229	0.5762060093124922	0.5071313968213631	0.5006918557486599	0.52475251466354	0.5656389490105241	0.5216375566800076	0.8638727483944051	0.9999892054505251	0.264053680631728	0.01000975166624781	0.01000613754927203	0.01011508276440163	0.001028393404641171	-0.4305834507325672	0.1082240388020841	0.1122329118857315	-0.1315824075127366	-0.7635035450174735	-0.6929031514494504	-0.007832916950683907	-0.00144455817141735	0.001679973393405402	-1.599758886275507e-05	-3.164514833810618e-05	2.551102509367171e-05	-0.003160271960304889	0.003434109987914232	-0.00142916127589979	-0.0003706965653347993	-7.866358630110942e-06	-4.736870299242776e-05	8.210300687444261e-05	-0.2787179188575047	-0.06567608978214751	0.1228779090946287
1.729285714285714	0.3259646131373871	0.0989732844919403	0.04994588928427038	0.5413032714632272	0.4975453027047473	0.3334652134766823	0.3450951361717689	0.02619999195263294	0.2589907194979357	0.5800715574975317	0.4698677172779985	0.01597233218449812	0.06532609557651968	0.1184216027199717	0.193160681164375	0.1653915376325674	0.5199763575141318	0.100784825334413	0.3049833329670036	0.1952210239531865	0.139580413396177	0.1217358139145642	0.3705052600030529	0.371625620485857	0.3727032734195316	0.3684887673611693	0.325267394608148	0.3515314580806366	0.4592384631187739	0.4580624394377376	0.4476283051041415	0.09850540945076354	0.149684443644082	0.05644204465595967	0.2165962068413234	0.584424711490764	0.5564060361218039	0.8005925237146613	0.5077936160769116	0.4617190474262187	0.5915373507486057	0.5289302910903139	0.5006338001373375	0.9641684274976509	0.3416948410706873	0.08785293109387059	0.9464101013100247	0.9198699284809472	0.6979996340873801	0.1283657240529515	0.1482813392336091	0.1218315933276298	0.7140734821127604	0.7248439121718744	0.08613543867645641	0.1386893866385429	0.164089824869412	0.162763654757567	0.1522546955690074	0.5446633117465468	0.4236518298350406	0.184227908549405	0.2579145783704879	0.2628168121042463	0.3540095355715328	0.7858401629366121	0.8096080530578129	0.0775657579333381	0.1439728784971051	0.2793328567026656	0.4268368339142486	0.1082676437268223	0.09904346848307939	0.08466178060644798	0.6602413915692065	0.5943907134003301	0.153924349252523	0.4024421809221957	0.498374785299198	0.4889682632973263	0.631965743791409	0.485021747872122	0.4596288475887465	0.5294145006515925	0.5770131936319192	0.5282250701710869	0.5835570130108524	0.8039568042261579	0.4689053327684621	0.02157636109769335	0.04722455210207266	0.01763618277296891	0.013436440484085	0.1335657571595131	0.0937559012302344	0.5518599873799817	0.3836832450482973	0.1186547910140614	0.01205696314513646	0.02646773031833632	0.01323184875447719	0.7510747224607806	0.2243442039774227	0.04259411325835707	0.07443312030796768	0.1091071299538802	0.2194190590988395	0.2401966982398853	0.481152354827918	0.101777377381681	0.4082186708365656	0.3138996434681128	0.188276758643535	0.1646386411409352	0.01312708581951554	0.0127488799168664	0.01928727793539164	0.02705497717265606	0.2368322617304618	0.0121218432439706	0.3725898499811862	0.3767359361927884	0.3537281369025929	0.05167896077788709	0.09891435462198021	0.06142601978671802	0.1772928659802096	0.602906599800983	0.5659829284029424	0.8524582269772197	0.503926555676998	0.4398681480366542	0.6154980605271609	0.5392862848159612	0.5051488480798181	0.9979029002144812	0.04774110682783232	0.07969958458835663	0.9967070442887528	0.9959399706620355	0.9921287043551354	0.01044674127012254	0.0109791499902686	0.01048364009635783	0.7682711757315415	0.9974718986067881	0.1074116921552349	0.01195432602381346	0.01222693268393934	0.01168554285043785	0.01067118807270994	0.6181615783336434	0.7456057914848132	0.01944348628062236	0.02529627942510492	0.01257330152874417	0.01131766883873234	0.9991924703148768	0.9993328037556287	0.115162179762916	0.1913510474171335	0.5342598061152924	0.9980965013179952	0.05151446713972111	0.04573588055379799	0.03891617713646343	0.7262872754386271	0.6502277818568023	0.1414384148042164	0.4182829302616322	0.5041230464831266	0.4919531475557367	0.6628396576469245	0.4664651700675047	0.4280718092570446	0.5292474451933886	0.5842337359536592	0.5336081804377459	0.5481603840840787	0.9999841443106732	0.7504287940447908	0.01000860962611337	0.01000705974111681	0.01003851220548363	-0.0002624203431371254	0.7269457005370739	0.1638040119633158	-0.3521163796522498	-0.6944733235668783	0.6326553539239786	0.453679188276723	0.004374928277313059	0.0002140189120849074	-0.001411055140248847	2.103661096386988e-05	-6.61679096532741e-05	-0.0001000348408454203	0.001325947343120482	-0.001646699516872012	0.0008630579232271227	0.0001841848820249048	1.411748943756726e-05	3.158443237174686e-05	-3.792295749198413e-05	0.1879140472233294	0.02278944318117324	-0.1602459671176477
1.746666666666667	0.3419423341346814	0.3836325103618741	0.2768474213152321	0.6310978245199098	0.5414629220624058	0.3907854671437933	0.3467702164103457	0.2601979799219761	0.3300080757609707	0.6735666394404759	0.4751892713368174	0.2160370144464026	0.05943476304592066	0.0863288117658024	0.1605781245563195	0.165954462637443	0.5362511874133389	0.2946928163716678	0.2910229719277741	0.216587632851472	0.132961270060913	0.1159000690724017	0.3658045128242475	0.3659535385549054	0.1879865398213542	0.3629750483839951	0.4888453033248096	0.3531872186322197	0.3743175656524528	0.3682865308385108	0.3339929435848087	0.07735215600271099	0.1477561301649482	0.06957777597990598	0.2031030269437293	0.5860088093620218	0.5556403256219342	0.8110089406213603	0.5065182698515439	0.4559456086465026	0.5959246763233641	0.5365407358105205	0.50385413740934	0.9834027559033	0.1686086767523698	0.07953561871628519	0.9738655799301501	0.9596971534956827	0.7079366578252798	0.3115851759153377	0.2468248565702631	0.2229352650589136	0.7346973986409554	0.9103583424898446	0.1131996499299738	0.02489002017327527	0.02072378512327968	0.01986472022419509	0.137623319166405	0.5646205828106442	0.4730401408695848	0.0473271816802049	0.2167243730092062	0.1541670528133844	0.2103410913405448	0.9340683956313007	0.9307748374506183	0.09760066611405713	0.1466005966456208	0.3433885179836665	0.8353392478755817	0.1102190823254036	0.1004461280775827	0.08605628736400234	0.7253209301847882	0.6408463239804183	0.1673664330424524	0.4362404173360162	0.4997058405843587	0.4900725349497138	0.6346364509958005	0.4732956145117004	0.4416636322440137	0.525003273713556	0.5762190321002038	0.5305368799365657	0.3578461427961447	0.8111875880561726	0.4682041230636448	0.1796916881187237	0.3118192565342977	0.1301657543243142	0.9881810076454456	0.9636475288994613	0.6322284899551729	0.9464440818926719	0.9676303523220718	0.9759115911696165	0.9934984813939058	0.7068689537775621	0.9809587804220935	0.6361119871432587	0.9848015107884476	0.5325558665902861	0.01932503670573479	0.01597123949570289	0.01538345042572374	0.01475417454235266	0.6596618212596436	0.7139579718052612	0.03209247107771226	0.03021682094300836	0.01490583808685145	0.0123035041508895	0.9963776931282555	0.9966922724970357	0.3975740242455687	0.975282626940125	0.9740737947451016	0.9968439419012797	0.304036965680774	0.2765685803894319	0.2065341855885694	0.1340545024745158	0.2446729054927894	0.07721048363210742	0.2475379934554597	0.5527977536143391	0.5324988359467905	0.74389293885309	0.5102341114274572	0.4810847483082253	0.5635212657856337	0.5435950391600957	0.5062982528439048	0.9969155131396448	0.2061523332299568	0.05523718333101473	0.9863878028477889	0.9784244712175182	0.247917728445574	0.9714255691904656	0.723940356118705	0.6582676969403771	0.7037198564496497	0.9408392778362495	0.105275561453522	0.03135596305730312	0.03853497323423197	0.04013777537434789	0.3769581977836992	0.493387577729349	0.03520524529687033	0.06616343716727818	0.4992140584485756	0.372581831507125	0.5022274837341795	0.9788398377369446	0.9581090261781354	0.0610700523835855	0.05459724901767712	0.02031554735453393	0.8540537056068539	0.2183722988321583	0.2021573770046746	0.1731054633742592	0.830265556039129	0.6886798574303347	0.2126826252187538	0.4940231373434592	0.4913514311692154	0.486643248878568	0.5814552203066368	0.4773236049060638	0.4548183837175387	0.5129170265060294	0.5607567592530378	0.5267851683183552	0.01025600478796846	0.6495615599599199	0.01006119675838354	0.4638781527177074	0.8988629626007654	0.3155251379451238	0.001261655081261865	-0.3150810600192976	-0.101337151300232	0.05772505356464996	0.592633450032847	-0.3019031379274936	0.2238847517109006	-0.009217094596821072	-0.0003619113160946014	0.003243783374795164	-4.359486048868429e-05	0.0001404195891848337	-1.100550215194101e-06	0.002586731184895532	0.000487495069449646	-0.003419067786235454	-0.0004233845849752546	-4.102093402653825e-06	-5.072176825284235e-05	5.9622093485325e-05	-0.3478843922687185	-0.06200890232280018	0.2065310652916729
1.764047619047619	0.7715089401173773	0.5414446115154083	0.2730621211254614	0.6256321378957802	0.6180185770112259	0.5614016898080691	0.3518308100624581	0.2462878288654483	0.3457202906465362	0.7759767165236422	0.6754901832403581	0.2103753503533594	0.2076089943397978	0.2115092294363546	0.1951861078407378	0.2800301834081695	0.4996468535537771	0.467179727732282	0.310725563290694	0.2237512523696652	0.158204422079748	0.1412118326750953	0.4185524530790134	0.3861033183622757	0.4436678370089528	0.6542319618385756	0.4628783242284679	0.3524861201869809	0.2533348515232964	0.2430463861880185	0.2059984374800777	0.1032639088680944	0.1755998494951199	0.05246131513316419	0.1671195611659476	0.5911379492612892	0.5519987163908208	0.85031113863972	0.499620578112103	0.4303312544234409	0.6165442988217377	0.5718583587033063	0.5170914997959541	0.9923104360837373	0.4562303427647854	0.03615595085767735	0.9856677222675091	0.9777816597308828	0.7040954143603224	0.46729109685013	0.3818954627359019	0.3500042809597252	0.7769604028496078	0.9484466496909325	0.0470235414529166	0.03376852001767598	0.03768825720464779	0.06505238300921394	0.2467718671856225	0.5186588328246743	0.1290331459819732	0.04089054596817285	0.2814306767138252	0.2566419577742127	0.2913301878154321	0.9672841291632243	0.961218253596448	0.04101879812425398	0.05186328108057672	0.1084500615762348	0.8980173643791998	0.1335940901722394	0.1230821300468765	0.1058496999327085	0.818838052778268	0.7221515013824652	0.1718121525221845	0.496172061978418	0.500659820538587	0.491645549517072	0.6263747766939305	0.4575099379567289	0.4200699036518689	0.5155552273646711	0.5686554687242811	0.5319676677830121	0.545330753223184	0.8540027013947306	0.4798672705891482	0.1476770182467836	0.3124226042521559	0.09250730982719871	0.9466448292272573	0.3852439281884779	0.08035945262558249	0.4408036664842104	0.4821780557649564	0.444098304799704	0.01363807282198242	0.0187836107554355	0.01463861952019406	0.9734453964687931	0.6637693926329309	0.03383705050870047	0.3892984209305783	0.386884773492506	0.3065698029712024	0.4980056067591485	0.3895948957533721	0.4249582626403282	0.4915593089997899	0.3238794573337049	0.2436243789456334	0.2187343926440221	0.08738119372274114	0.02386830645089094	0.6107805068757304	0.6438926077655653	0.180800341714061	0.01128731524043436	0.1271390058863215	0.1247839260546539	0.1118247386961489	0.1013586131176688	0.1584640071939296	0.03392397079490596	0.1035571186652395	0.6175418218547948	0.55924466966707	0.9584379862222987	0.4872005919819116	0.3801454096935371	0.6663522219825191	0.6232109554953804	0.5354821442016965	0.9996026116649768	0.7974294984204348	0.01131539878901089	0.9988525503900201	0.9982856946680259	0.987763186609301	0.1939824538811946	0.2029091684419307	0.1876473365288143	0.8763701502848626	0.9973300762883299	0.01040551240345201	0.03564662971927565	0.03921913471706592	0.08794405085255073	0.1913527321890074	0.5226908181172173	0.01133489091565243	0.02290210115553462	0.1566232320395625	0.2107640176387937	0.1769655288998209	0.9982209396697552	0.9983868951728487	0.01043520802891948	0.01175460753979606	0.01060268279463974	0.9981162603160676	0.08461781282476113	0.07753068240473451	0.06708849141824517	0.9201365548635181	0.840398963196482	0.1566819350074798	0.5550391652175501	0.5072168241038001	0.496511918315464	0.6405130504252762	0.4319584079433398	0.3817024941107653	0.5074060890954118	0.5637625539379584	0.5357863442291431	0.9999955797374762	0.9999898459175806	0.7192431568743219	0.01000153530311404	0.0100035814902595	0.01000195946250152	-0.0006220783291655148	0.2460022368012521	0.03771962878543664	-0.1634481606440159	-0.680388427370081	0.3105887428596774	0.1378269541950453	0.005054633165462505	-3.643884118608205e-05	-0.001723344223683234	3.810297709411735e-06	-8.262797692858951e-06	-9.847494918720433e-05	-0.001109436736121432	-0.0005897030474436622	0.001990700385297496	0.0001933583157529485	5.156733097737981e-08	2.280175322700305e-05	-1.375186468018675e-05	0.1637670297712462	0.0249549119286852	-0.07424129229832663
1.781428571428571	0.6918290629367523	0.4111851603784143	0.2496216230347091	0.5620333922193466	0.5592547314416636	0.5206945883287456	0.3502391306704369	0.3271355970927424	0.3460230030639285	0.89690400344226	0.6540790349507877	0.1706456574666449	0.2568844759543054	0.2547356960015614	0.2087617096703993	0.326115838995076	0.4946031436608848	0.4091887134684926	0.4475320112769351	0.2271929290203835	0.1662201069737646	0.1486649468411832	0.212686445370317	0.1890997184361594	0.3837836022660498	0.5025400874377708	0.4582452376468527	0.3526390143360402	0.1213967155718035	0.1170512392189292	0.1036516664831202	0.1384913610938708	0.212884853995679	0.04152705226170732	0.1247128942541903	0.6019052817716317	0.5540105018454166	0.9149237570360409	0.4932561769720924	0.4065595045251413	0.6369729576969181	0.6011018208456801	0.5261796918632824	0.9966102564941121	0.4921711210777786	0.01106215689659858	0.9942629343899126	0.99121464573007	0.9327468829355341	0.148971381089762	0.1372835403519491	0.1232487939491696	0.862515900039426	0.9812164866880465	0.1145356439502191	0.02457043286981454	0.02566759510091843	0.05574547812557606	0.1133748731635326	0.630662551810881	0.3525005595728573	0.01519600867142452	0.1023254829491367	0.1278050504791689	0.1134233016857021	0.9867239546454464	0.9858608094509337	0.01204073255341229	0.01586136471630388	0.03556116503347986	0.9667877191229369	0.06139594913020589	0.05536515163375353	0.04705443691422876	0.8953936240547321	0.8264910721567222	0.190366162915945	0.5415445337638842	0.5050951308675065	0.4960229051465734	0.6224803581350594	0.4432508300834077	0.3989780599128734	0.5084752013430103	0.5593037108721591	0.5322070157520576	0.6341721119616301	0.868176818033962	0.4854416160786189	0.3184931728701136	0.3432062014091724	0.3162646873750546	0.3607113076018746	0.45748766238225	0.5625072615416036	0.747273045505959	0.7073047819430462	0.7309100775116297	0.9873943501342903	0.9682302953509754	0.9799003462527478	0.9006056923715787	0.728526144343705	0.4180686293138572	0.03036126088965508	0.02160500721290689	0.01858963571865964	0.01502063793971198	0.6796595355485543	0.4328768746496158	0.3933015604509378	0.03200871072876629	0.01512504414747087	0.0123945209954992	0.3508325556677588	0.3862651441956905	0.03285308797424117	0.2778512630885389	0.9756848802077963	0.9974748784960042	0.05398387595628969	0.0484953093707085	0.04478150734753138	0.2152021306253769	0.3343625602005613	0.05610948501807178	0.1551118859932691	0.5807199513661029	0.5429028756650396	0.9053601377594664	0.4980449956884999	0.4344774931727676	0.6036930024415578	0.5952077476490701	0.519952966393146	0.9995199013690986	0.01464705401595025	0.01066097551071372	0.9994075295043122	0.9992467754664309	0.9988185412887765	0.01006411097014584	0.01014175538837019	0.01006301427196134	0.9299768179695493	0.9995356597161034	0.2898814309323545	0.01018446341477439	0.01020839318745969	0.01018417856907109	0.01009021641798093	0.9007913576429702	0.9968037632364012	0.0109933752984095	0.01165880684730685	0.01053390204412961	0.01034403964339055	0.9998588610437905	0.9998869097283218	0.01266902689395706	0.01185868328291146	0.02543078008760442	0.9996769263402551	0.04076067475405779	0.03725417046407791	0.0324145936083854	0.9640964251323038	0.9286431024770733	0.2591297981337921	0.5721637561759564	0.5039410143759704	0.4983718888268792	0.5790558319116813	0.4502603894963951	0.4127267788798156	0.5014117406433884	0.5401391266767451	0.5259468336280212	0.01000373118621229	0.6398445126510619	0.01000746930435098	0.9999963225623033	0.9999888992625293	0.9999956747011572	0.0006686051608726285	-0.002684410081791064	-0.02745815090412029	-0.188732537521023	-1.051387261027639	0.05224675208721476	-0.03465934764841817	-0.0102940326067874	7.320770259143706e-05	0.003242769783737229	-5.740675154689113e-05	-5.952169216816321e-06	-0.0002387785207175456	-0.0143808062481609	0.006540624896350556	0.006692773400339874	-0.0004167396930067266	-1.005199200077183e-05	-3.544929280850197e-05	2.970827112547166e-05	0.09866678283334052	0.2066503277401666	-0.002574247692957476
1.798809523809524	0.7571101300766682	0.4796404025979585	0.2169009110773923	0.6138836487125264	0.6430017658038597	0.6247872738511866	0.3534375083818757	0.3486454379753073	0.3505702949165265	0.931238797781453	0.6664730374476381	0.268787002622662	0.3284664183752556	0.333653853706915	0.1392166187834122	0.1431907641634224	0.4149952598777321	0.4860510296220228	0.5686874497955896	0.1252520414733343	0.05366537638179793	0.03835625607934159	0.1733358489328981	0.1795067692918214	0.553714414495574	0.6526821779475064	0.4649665884329831	0.3526016080892643	0.04732470095104944	0.04431112860112456	0.03954608757351145	0.1928673273784097	0.2594648001405861	0.03153270496096704	0.08401084678795685	0.6640973456590107	0.5884636377583292	0.9394716231769361	0.4969894942668819	0.3656865383530589	0.7155371026685791	0.6684824042067546	0.5336543191553723	0.998316593426638	0.2578383752815051	0.01515621395980927	0.9971309419574776	0.9956796049065924	0.9638827196200864	0.1344676547703209	0.1070899393018286	0.1046017703655954	0.907476956291524	0.9917700130942009	0.1262755068178413	0.01574050328780185	0.01792927125645968	0.02473891958581886	0.08969619361438629	0.6772705752405188	0.3964722570530508	0.0149956127064691	0.09398214124588694	0.04476433260039655	0.0359491840388575	0.9933766268687895	0.9669477010184524	0.0122078242437835	0.02086311320287648	0.02117120228802289	0.9859463712115631	0.04079073859396816	0.03702980323441778	0.03192636134089592	0.9364569285149719	0.8874540687806882	0.2266230083232322	0.5726860110084596	0.4957452909322426	0.4889396637143931	0.6068662347627022	0.4400264910059141	0.3960437850122289	0.5023200812186934	0.5616463119261346	0.5347653949498634	0.6266674624290526	0.5161243724488258	0.3647166631882032	0.3472872815303479	0.3949495340159958	0.3771423967883415	0.9922051113994865	0.5119196428130961	0.02618688874664761	0.5623825567876866	0.6558028302202098	0.6196009718194595	0.01921505136705924	0.02989778701414907	0.019845005712804	0.9899197167930788	0.6008038284668136	0.2001699293650653	0.5354889024277486	0.5784423769584065	0.1947179066502088	0.0959056442748219	0.2169907951987903	0.5439922709667885	0.8056569343468984	0.1326799402512641	0.03632255341857334	0.02449152234568781	0.04126744148845175	0.04101541230136938	0.9841355607157836	0.977281027890484	0.2016006697004126	0.010714751769711	0.01536470508680677	0.0146811997860996	0.01372545153296745	0.2305752167541806	0.2580598486844701	0.01408233465285733	0.02620644928640263	0.7769365549964244	0.6504872288946042	0.9890722644394859	0.4982007600217463	0.291025295529135	0.8603820270717201	0.7782215588064323	0.5471127601081782	0.9995229096269287	0.1956567115294069	0.01831054034505931	0.9990103840032492	0.998583493789678	0.9731649119545176	0.1875615480254778	0.1395237658195291	0.1420208598645288	0.9460990529812625	0.9989732521507318	0.02456990938776966	0.01647248649604923	0.01994946021965394	0.02302586393461761	0.1180902381202291	0.5957403289744045	0.01222385954744544	0.01702305458124256	0.1327297192313875	0.03146514995570041	0.02049585605296556	0.9970750377857054	0.9305023582375214	0.01186305741849281	0.0264833083326382	0.01464594682250414	0.9992071536568069	0.03343216275070735	0.03053516789710134	0.02660840346595634	0.966703903268758	0.9328927517751769	0.23964883912882	0.6030898347120439	0.4839105267725535	0.4786444775348746	0.6040648813721173	0.4324632436983651	0.3860433444878134	0.4969384888673848	0.5734573558613667	0.541050368973632	0.999954619200318	0.1528565422993899	0.4575609932532516	0.01000443741434273	0.01001904667919113	0.06970903549895476	-0.0007404550256007858	-0.4161632642295519	-0.1754370210954979	0.06544480895131598	1.101521567174644	0.5725931917260652	-0.5057820109111966	0.005357668787572578	-0.0001225438768659542	-0.00160453149668648	2.981607697402123e-05	-6.120285903009113e-05	-0.0003642873928718893	0.03324283942965162	-0.01992790316326446	-0.005366593926237692	0.000144772048394139	2.481276823918069e-06	1.939871077232932e-05	1.376008788872671e-05	-0.1958330598353444	-0.242632890191399	0.06649132513775295
1.816190476190476	0.6779665124143257	0.3585359251938746	0.2097122784150699	0.5156269978354961	0.5508579615106753	0.4910720700361386	0.3526916714899636	0.3551216934128518	0.352111345231725	0.9703552166683569	0.5027076433256322	0.1237717217248148	0.3616465760705838	0.4779338170734979	0.3274038805972324	0.1319277440114938	0.3768089585892976	0.3765846225087193	0.7504051433430691	0.2086435179821992	0.1088862093493305	0.1303208406270527	0.03131683379134292	0.02818413461724644	0.6362997588887855	0.6636827408663009	0.4554187555248923	0.3501632219507193	0.01708683509649094	0.01666174264559774	0.015378811149066	0.3266972463154331	0.3235396710018316	0.0112459875696389	0.02294904793401888	0.7241960892866613	0.6262436570419884	0.9727218531302548	0.4923099644909136	0.3131037939272508	0.7818309880649288	0.7190638574830979	0.5356143729678349	0.9990355576683365	0.2315491156564381	0.01566171996353486	0.99826611970182	0.9974103282207932	0.9555151626027083	0.1302517089769257	0.09927745519612802	0.09981328615665062	0.9353488628846324	0.9958873034048414	0.01031070222567992	0.01521421600108332	0.01743399405410543	0.02121051337733244	0.08416530711838432	0.6491199319693879	0.05180431443694194	0.01548806674430507	0.1032126828259188	0.0451190463050916	0.02411986273765202	0.9958009910703984	0.9591744135367745	0.01115436807388646	0.02105260216400583	0.01324824405647507	0.9934408568437091	0.02890728098639182	0.02646797502934552	0.02314507462128447	0.9563034653826256	0.9208024203424564	0.2853160598985111	0.5888674031875228	0.4944215066710446	0.4888756439621724	0.5950143321890466	0.4398824107558815	0.3977922859049738	0.4987196738685474	0.5583149548671908	0.5339607230064074	0.9295725711066879	0.5063841758070178	0.4564913619435913	0.3480318110861613	0.04826233201752138	0.3798948741661548	0.019085442619768	0.04060127943290662	0.5467507466243264	0.3844869222863376	0.3243186341211377	0.2067076434180628	0.9843423910227458	0.986414408447867	0.98417110730119	0.9850690891433265	0.2041078605116457	0.01322732894228112	0.03610626115691037	0.3346102058057024	0.5815526442910036	0.1387764789646797	0.6252051331519971	0.0375440167967576	0.8260175205408258	0.3173870253021405	0.2030652543392444	0.2863953518111453	0.01226151119977236	0.01212479007596518	0.04178353756053193	0.1107957897903642	0.9406143925725248	0.9894228836312734	0.01272890066552591	0.01240209735216765	0.0119140267947978	0.5661831018138607	0.4922015260122848	0.01334457095793967	0.02431028004837749	0.6975650375766415	0.6220900541189625	0.9831629437170404	0.4797582864731111	0.3178139988551825	0.7195801384693902	0.67531822761488	0.5177380145717977	0.9996729041746574	0.2003511875863111	0.01120808031358113	0.9994228905722216	0.999150184233617	0.930798176769482	0.01055190109454503	0.01115011566178335	0.01036481112349419	0.9638914994213992	0.9993966160459888	0.0106109897743826	0.0105230866605547	0.01050166562201136	0.01069492309040479	0.01056678210899683	0.7584357664982252	0.01287654451229559	0.01206373451504736	0.03662347415672371	0.04714450029616063	0.01480438513022592	0.9992058065295589	0.9988143128737986	0.01042060480181481	0.01149301728276016	0.01090596453022402	0.9994996039427633	0.01990932303750155	0.01853350541499343	0.01660121336031499	0.9764341548664583	0.9604592003665238	0.4014142873593977	0.5879220583677367	0.5098173774562128	0.5056371992155807	0.5601488103737009	0.4530233970354286	0.4205978282632982	0.4969751509236111	0.5270674120114563	0.5206145718218314	0.9999580294673622	0.9998016529803468	0.4278690419099033	0.9999764222917249	0.01026297025341789	0.9999343684216079	-0.001651996689576033	0.2773308423396404	0.3195023096987719	-0.3768409050700574	-2.305344668137882	0.3145758294761023	0.9246333391120255	-0.01071995041822599	0.0003319797782538797	0.002690803910212156	0.0002496048179279815	9.223940514993382e-05	-0.001461153558239527	-0.08447251385773075	0.04784544357660413	0.01349567793407719	-0.0003997898686804491	-1.265862480523254e-05	-3.454350796570375e-05	7.500289557085268e-06	0.4235052761422307	0.5309586477352005	-0.2548002512244766
1.833571428571428	0.4517599236635289	0.3065735079129902	0.5149250210549822	0.478705579365622	0.4778614351932194	0.4496840898809292	0.3646184266572344	0.3591582659782259	0.3598762441351271	0.9710399897675511	0.6324904007669195	0.4538160920383906	0.3214556971483438	0.2348451686865678	0.236006445636899	0.04853350100193993	0.5156797574475268	0.5411235512050029	0.5812732194811845	0.3373502875724995	0.1188435682459886	0.2246574972021768	0.4192432218821875	0.4252181439871402	0.3796161839331175	0.4605425664852296	0.6129789150571737	0.3971100378443134	0.02634902118259524	0.02467806021332336	0.02409558029332031	0.4113932867914713	0.3987607467395005	0.01326927033234444	0.03367872080925787	0.702050415338724	0.624888353544145	0.9755686170673262	0.4961380129354994	0.3549650344279355	0.730736111559272	0.6353818925856727	0.5109794794116774	0.9994922859958839	0.1048114566416749	0.01111915145406069	0.999137849529274	0.9987190163491516	0.9992153500746813	0.02439317203279529	0.02666536000506498	0.0266275298700033	0.9375462661086457	0.998905655616963	0.08832056075604824	0.01083475161636394	0.01111609442687932	0.01168002706939639	0.02310719212076895	0.8154987176523063	0.4470483266774326	0.01150555449904546	0.03420504269493824	0.0264983433704068	0.01199342822170725	0.9999352597068732	0.9999538164530543	0.01039923395900593	0.01203692619229936	0.01079092186657255	0.9990914517063196	0.02508819196128953	0.02305203407734542	0.02021892164495479	0.9602036734834881	0.9222472941375179	0.3540057756916696	0.6186859351430108	0.5008833318991869	0.4956109423471065	0.5836858057967091	0.4322591408916998	0.3899629316692802	0.4922883640328718	0.5441779258142989	0.5314466315061932	0.8745349465915973	0.5222046744915461	0.6511959096307218	0.6785942093562289	0.06703914951452333	0.391881892538898	0.4446371080944624	0.4610818141635605	0.7409348483500297	0.5003079632506438	0.507270386307522	0.5793068348817579	0.03238798577613916	0.02824879446720468	0.03260294724917238	0.95792173722628	0.9770549127016769	0.9913924086253494	0.4586421803650819	0.04228039911952119	0.02447322511740047	0.02474642638429553	0.5556243795457086	0.9807533720642118	0.2878326218450429	0.4786342881652396	0.1258372796909082	0.2807865207714027	0.9971849322334041	0.9973405227081096	0.3001202767824905	0.4239957558716443	0.568023800348792	0.01941530219089564	0.04207212845303338	0.04004120069219984	0.03765162443817684	0.3636190508431148	0.3955241880372432	0.02253609363964651	0.05167033466229947	0.6736549264233532	0.6217053052369728	0.9661315686129321	0.5133991657262826	0.422857466019238	0.6722956355770177	0.5124634847253881	0.4798701540113442	0.9998786858798003	0.01019600171290608	0.01007093680423755	0.9998471750827822	0.999776627983878	0.9989744762124966	0.01001482286197915	0.01003380786024873	0.01001443692675691	0.9156714903092291	0.9998742991832642	0.1542474470884455	0.0100503817185239	0.01005217805259209	0.01004627676295743	0.01002142562346461	0.9910593934217556	0.9991829127084216	0.01031194193095604	0.01039447216340541	0.01013873850393489	0.01007950660427715	0.9999559452393352	0.9999635410208479	0.01022339740074531	0.01029551873948581	0.0102022407953467	0.9999061130990703	0.02839690779690432	0.02595924402158444	0.02258227701727361	0.9472133476446529	0.8906348873607087	0.3899362167528903	0.6674512664959845	0.5015945756566793	0.4959455392100758	0.5849318157340535	0.4137201883732026	0.3660983875701374	0.4835264690182745	0.5399648952001272	0.5353253160720538	0.7532417368268787	0.2740654948462078	0.9999475089378684	0.6673570648047441	0.1020180044740293	0.01004086650217034	-0.00194620774452737	-0.1228889225730744	-0.7170405055321672	0.2428498879443042	2.620152116930868	0.9673820686177352	-0.4315810203674341	0.005180260991408084	-0.0002777946683150171	-0.001213089896330203	0.0001454674564780479	-8.248942872945124e-05	-0.0008299933189968876	0.05538797519658508	-0.03643374734457091	-0.0001293357905518168	2.875914911102474e-05	-1.710741786147989e-05	4.97820766250178e-05	2.722341850892591e-05	-0.2033396426862563	-0.2633406018246731	0.1336149416655431
1.850952380952381	0.386346325268202	0.5980082195582602	0.7232090846244443	0.497754108098032	0.5344478602256267	0.630363954693741	0.3249900825634272	0.3545293786875769	0.3578128710879662	0.9475863208180115	0.6886280334928937	0.6828430263669388	0.4527315492136633	0.2559687822851103	0.2535515219441724	0.3287646586782632	0.5023138646111929	0.7170111127098295	0.4795579308764613	0.5836937894393009	0.385032313041519	0.4705641191733215	0.8313254703935808	0.7660561546321384	0.2659038304908854	0.3457806829603138	0.644562200142748	0.05562406286443057	0.07346322794218192	0.07628743127874925	0.06253495205958387	0.3244179090755837	0.3828553421154712	0.0768834794401544	0.1071769636352695	0.6634615655312672	0.6123793992814637	0.9466766608665551	0.5195824700955824	0.4467338677481822	0.6683308334875137	0.5281270868033687	0.4807469680869866	0.999659613340509	0.1129196477297353	0.01051567648457548	0.9992555317006391	0.9988760794590263	0.7368954817999501	0.1217483331693287	0.01598832150610272	0.01534280741944954	0.9001169814538583	0.9932806408085112	0.1000801382949688	0.01044457042983427	0.01060002126928408	0.01086162083932334	0.01440371090017792	0.8018440736642166	0.6051372834091696	0.01071086246897564	0.02338667697936073	0.01342774059553618	0.02658059726458642	0.9852537527056793	0.8650303381957877	0.01027793771034304	0.01121105722362581	0.01049088660772731	0.9842012353804099	0.03624643567316873	0.03299745163601649	0.02865535103326759	0.9305376602308819	0.8740279263119972	0.4304616943950813	0.647347442150451	0.5012021998496714	0.4958604563090454	0.5804307222778465	0.4221583180474667	0.377343603278059	0.4870588636860703	0.5402229214746141	0.5334245141860328	0.8490939165157155	0.4751983778307005	0.9025476079397255	0.4367950559853616	0.07008696617383037	0.1236684102631171	0.1302546329062282	0.9766734384538177	0.9854224119025446	0.48417089278221	0.5841480599107107	0.8165511614333933	0.8528249155550083	0.9703382222134304	0.9757740671626965	0.9067790563854509	0.2026730782712989	0.2822244333693359	0.4570096059682038	0.5800006183265225	0.6661211396610248	0.9787446236719199	0.4600575328171952	0.3494727169954458	0.6843240135224041	0.9776346890794284	0.9899954035805191	0.9915712304210066	0.8493654550048919	0.6074531496533634	0.05008666269106533	0.04607007167026188	0.9063346449008091	0.01396119451314073	0.1169884517872029	0.1275286069606525	0.09590813170053229	0.2530583348068909	0.3871838735933587	0.1584450770578995	0.1942506679541957	0.6008394676530452	0.583993872866532	0.8841138100774856	0.547812396653314	0.5515494812655857	0.582446915615273	0.4373723564876895	0.4518811665068864	0.9996309413435464	0.2716270950790104	0.01050520876118645	0.9986769612449715	0.9979656244906067	0.01387491825359145	0.2886185311736204	0.01280153742412664	0.0111102573353036	0.8376622982630698	0.9768984631138034	0.01014235016132469	0.01025058880416933	0.01024845514146873	0.01032815919344553	0.01060368221980998	0.5047719089613444	0.01096896919829128	0.01087823902679565	0.03432561352109227	0.02152344860408089	0.04811312504153098	0.945357226808234	0.5009957727211192	0.01025086777936417	0.01102208991926076	0.01056621744323045	0.9429889736664507	0.04483759337725234	0.04065028946936371	0.03524820200026781	0.8734968317574835	0.799784069084438	0.5769330477711296	0.6438407873938709	0.503948070648364	0.4993100312413637	0.5631192984651702	0.4302601881650644	0.3906638897622983	0.4877942583164038	0.53074110566528	0.5295361722874402	0.9865029297698542	0.8364277014832392	0.9999690045597142	0.0101282736200884	0.01002963597792685	0.2005998885099364	0.003190663650792916	0.563551206324412	0.7032958052909806	-0.4610612287231096	-2.546337531899136	-0.7089285713414052	1.510358389705555	-0.009862312809514282	0.0004805434818270736	0.00238147017199916	-0.0001549480287114789	4.052688386893704e-05	0.0004813201865045606	0.05477360777187661	-0.03023924489743584	0.01217713266450597	-0.0002610544143680964	3.30344531452025e-07	-1.151648637778223e-05	-4.167916776873911e-05	0.4132552748404849	0.5352996328275037	-0.2746530767774436
1.868333333333333	0.2216898419577266	0.5810861640908305	0.6889994903769504	0.5650501776176333	0.5634430910575224	0.5897716753136739	0.7249933090787201	0.7611218277395346	0.7644839650425179	0.9621447688120562	0.6647380251064448	0.3942260725592361	0.2517695646950065	0.3222358796342136	0.4619000395973534	0.4132961089436909	0.5401312090715374	0.5294999090444643	0.644026409516673	0.6643862601586714	0.379437716211033	0.6482567756280188	0.903577615842413	0.8250885152410804	0.06424876191998836	0.2893301560707387	0.6583834208204578	0.2550996452862485	0.04931677251030832	0.05295884974915237	0.04217007813030284	0.4862162751129732	0.4697828065120269	0.06676038802943868	0.08258459563870355	0.6807345803528716	0.624879562282955	0.9517456367822367	0.5344759539907753	0.4574345298964824	0.7011358325617327	0.5445492538075721	0.4715657352223324	0.9995058821644534	0.1103360750034513	0.0102387316353637	0.9984840718256788	0.9501112742787632	0.2686202336160775	0.122283565261355	0.01235486514261491	0.01121665982619256	0.8734608161634224	0.9906329858243152	0.01302238068253722	0.01097520295802549	0.01083038230113246	0.01117583555380535	0.01120099607577957	0.6332864072063722	0.1905496002360843	0.01134184858482032	0.02074329964520323	0.01460098097295364	0.01049808809612914	0.9810675507197606	0.8299604355363784	0.01014236034653583	0.01080011822921935	0.01027897784590011	0.978666772135365	0.04401229930601759	0.03976103338375486	0.03352674908955234	0.9020249541344452	0.8379857409447274	0.5067684999931562	0.6568961483587642	0.5156330716695182	0.5093974144098035	0.5592963055247304	0.4219202054995799	0.378590943806049	0.4820519411071375	0.5072861452543471	0.5227202320077734	0.5285253073337741	0.692886670548183	0.5556588629390978	0.366686009117464	0.08157414646345665	0.1090680819087752	0.1903308612894065	0.3646518644978392	0.5064618201322969	0.6573585127672406	0.5755532803989615	0.4411145272202939	0.9827398980818935	0.981875779525116	0.9843810873637542	0.9850441511180811	0.8621981940270943	0.1841085766334847	0.0377800948421352	0.2480680077332999	0.5070458120601853	0.1546052375513934	0.6113104627335835	0.4419983935025801	0.7739110454740461	0.5775986853495758	0.05584947951257851	0.6178269392511977	0.9907118014363419	0.9924630036440917	0.01862879441744837	0.4015879044655999	0.5517464998425721	0.5055927516316218	0.01240858435665762	0.01205229684209163	0.01163490039125325	0.7391223906764539	0.5805309382547967	0.01210733105747568	0.02174203479291207	0.7386802150075424	0.6580335563565223	0.9841893725402692	0.5369298886316507	0.4114166006524368	0.7914068196442111	0.6120809927031869	0.4744088870060924	0.9496561395654639	0.01033664100527863	0.01023702868750964	0.996514792921414	0.8735532773031536	0.01077136245654776	0.0175414628108827	0.01133528932942819	0.01038095689529191	0.8594263827135892	0.9958488662335254	0.01184686460855221	0.01235837419061922	0.01188175069484576	0.01199659815414811	0.01092345269651851	0.5276718697237121	0.029301555785259	0.016013454123329	0.01381630835935002	0.01186107336481972	0.01259436592155058	0.9990492624625692	0.9993236878571831	0.01316214177558285	0.01225470523053733	0.01044573504632846	0.9952660751986134	0.04631665294784747	0.0416335899205231	0.03430573333900205	0.8839813496473717	0.8129767301836606	0.5462388849233045	0.6713567041478067	0.5350786464080981	0.5276136675427402	0.5338533723852849	0.4196426440801381	0.3769141435054463	0.4742364170031198	0.4626889582594626	0.5082448099033661	0.01001501576812429	0.7414393447216019	0.01001174621491922	0.4736251038378143	0.1465894946422156	0.0441631434681743	-0.001823949081514395	-0.3077204827722331	-0.6314875608898866	0.09874467562112603	1.570676651465633	0.8004278476950337	-1.442900846071105	0.004836065095232926	-0.0002304439268638342	-0.001143031488828175	0.0001384143088130877	-6.692735437936829e-05	-0.0009497288868717857	-0.02157494796497688	0.001563286167458209	0.009573443903679889	7.60249346644586e-05	-6.353672177277392e-07	3.882843308778266e-05	7.405400366207168e-05	-0.1945406854951257	-0.2507717608608828	0.09732499011595513
1.885714285714286	0.3667165101032122	0.5755819686123118	0.6770617068021841	0.5497101115843993	0.5586045048317551	0.5863397469140549	0.8429345640451199	0.8741756451839945	0.8744753171100986	0.8980210691146633	0.6399175711238018	0.2641330495801098	0.2689427824419321	0.4450088312710636	0.5983677409887395	0.4238099307461018	0.5402508504782617	0.4833850520404921	0.7011188901703581	0.6907930847318026	0.3798743880708234	0.6979608448095171	0.8779141039338215	0.8389237474899763	0.2896452442786243	0.4514810768727234	0.6841954105310988	0.3220869071317345	0.06487546652052235	0.06381783914709255	0.04771978036198414	0.5181892423309523	0.4819440025313516	0.02777274536125293	0.09122912249762566	0.690435956850772	0.63187654399624	0.9304684834589243	0.5234479536535006	0.4320959672228684	0.7067467620940276	0.5462905067441645	0.4723140878558927	0.8269378112000338	0.0117922325790415	0.01157358489455818	0.994490169054437	0.9261068467882642	0.1682861368085601	0.01020907500069326	0.01193493163708004	0.01082942546107913	0.8488907758119952	0.9935292590453131	0.175994625377658	0.0175565712782229	0.01596723508285511	0.01357944369246429	0.01170385539061035	0.5704938887633363	0.3747006780619006	0.04231090249524428	0.0235666912515563	0.01814985915714274	0.1804949638807842	0.9951692422477504	0.9670288671208133	0.03245546338648115	0.0226262036834067	0.01280866910891093	0.9924180727027967	0.0494980031094947	0.04453798199174264	0.03713562444367396	0.8824373022358505	0.8009745709958133	0.5749114693314709	0.6552990977298576	0.5234484916087474	0.5185585587851966	0.5371576816097566	0.4303034726271542	0.3932493983734754	0.4780091397180823	0.482513741155827	0.5135407517924245	0.4375964056309672	0.4991286063473781	0.4483655332782103	0.3336992896335077	0.2372261351381467	0.02590685068356339	0.6985052833545664	0.9745217353236801	0.9847091300999409	0.3592744195645217	0.5369586454351845	0.8482136801696915	0.8796477575029504	0.9806164663084527	0.9742589567421854	0.6764217064201516	0.1575411772210331	0.2295303829090155	0.6401735822904491	0.9362647364187249	0.9780508546650576	0.9892818430351991	0.4171381156721726	0.4392986676520391	0.6869722553131247	0.9812448300915161	0.9931552880067956	0.9947270331363643	0.6713265101045541	0.5751241308964513	0.8080577828755869	0.5723594460711486	0.9753814068122122	0.0137182489311597	0.1571863992817336	0.1563043114630631	0.1112979577683648	0.1605131139992025	0.3323891346314161	0.06782796668066395	0.2192242703552814	0.6104721635245292	0.5912480511363715	0.8073327116519123	0.4974752596293312	0.4647857713808681	0.5589896888952725	0.4234580906735216	0.4638507619411921	0.431768301232527	0.03414271124686542	0.01336151537418893	0.9864956076367188	0.9820703309198074	0.2454674602509177	0.01860101157105661	0.01237076533280677	0.01081092800689195	0.7914542378434221	0.9899056736469052	0.4526841777943274	0.02420971876754314	0.02114486049625834	0.0153855697626576	0.01206749869405185	0.5182859744915326	0.9830908498114211	0.07882549976198996	0.0407800595774593	0.02903223024994466	0.4895659973918965	0.9973592101233421	0.9984771459817332	0.05872985846829316	0.03645157089181782	0.01595267823179288	0.9955885260846761	0.05557061807068805	0.05000045082594211	0.04236359291708275	0.8460150866121785	0.7250898239912957	0.7158802623705359	0.6272172477231178	0.5123724510603802	0.512909733507098	0.5180440065997576	0.4555344064264236	0.4325948351805001	0.4807111446970541	0.4900358467443969	0.5128666140545922	0.9999946345721131	0.01000527894096891	0.9999958339722227	0.01000170457008467	0.3974792478983281	0.01000370724835829	0.0002966234096108125	0.2587538400744007	0.3013410134929819	-0.02817990935349845	-1.180185624018487	-0.7718535657524267	1.246395860719136	-0.009488254721321728	0.0003214406046371659	0.002595876303084357	5.969816832667401e-05	6.331722029749314e-05	-0.0007306173317412974	0.04890773989625091	-0.008547516758118188	0.0002984547722526229	-0.0001723171099770397	-1.820171858170469e-05	-3.611335275359336e-05	-0.0001789545388506396	0.3552207114504716	0.3154885840084186	-0.03558592734855141
1.903095238095238	0.2644696713821454	0.4166988480235561	0.4589714161999157	0.3670256321189845	0.378517017516571	0.4010177711154824	0.8974646486013546	0.9145310031431692	0.9317686170824996	0.8355100418529265	0.4905069100404712	0.2572772144117024	0.2592815509372577	0.4831398785824338	0.6316238153744286	0.3692314847171507	0.5509348134745131	0.4926898804842602	0.6057637614589462	0.4636999137173034	0.3576431488724259	0.4676418410299299	0.7762687777167183	0.7429010298459366	0.2928486650236679	0.3489457703612902	0.6521350837894379	0.5274350163391257	0.07015436098877349	0.06913313389981074	0.05105788493357678	0.2925245669537353	0.3520982262971458	0.04342964003768386	0.1516977249345117	0.6371066411145208	0.590469916599666	0.8872588939726863	0.4896792338777118	0.40642018240575	0.6436004575193678	0.5245409463120189	0.4912460723650054	0.7412684988669407	0.02293233801834408	0.01251948342835632	0.993238881348803	0.9636565681025536	0.1208288560665975	0.01882599103522044	0.01588252475899375	0.01292762977834087	0.8177015022128011	0.9927790283526836	0.1440000322065328	0.0117525043003366	0.01221662915947773	0.01358502916126914	0.01276376302737783	0.5525712440027337	0.5580120900785553	0.01877921235948926	0.03370738587908507	0.02038786016899134	0.1854137635426004	0.9963252402831604	0.9856347246417531	0.0117715274548757	0.02153362225844806	0.01381157286851858	0.9871428307069853	0.06203009140376293	0.05610760736263839	0.04531066727601785	0.8365677689432272	0.7382425710088723	0.5854023766470126	0.6255631652182294	0.5330401159365135	0.5292482937873855	0.51719999425091	0.4495995081725173	0.4219717742911864	0.482524011088425	0.4543218546859766	0.4998755043653723	0.390983112654061	0.4772260614516646	0.419473254806652	0.1204879681699044	0.171789763599459	0.153825360358291	0.01415874957056426	0.02125887169314409	0.02030992816426358	0.2363931734984195	0.1702548698677837	0.04800395533028514	0.9721678515070125	0.9246575718304438	0.9718959520413882	0.8447369825759399	0.4913062963060449	0.249518677801399	0.08187634223219892	0.2794542947679288	0.4862043023442099	0.01727542681472562	0.6145078853830583	0.4919478713827043	0.4988456217489191	0.02027275093335362	0.01322165524799277	0.01501574463084842	0.6630129987033917	0.675531456951887	0.01985500670567761	0.1376189520597492	0.4582267671540584	0.9872244399284622	0.03051320684144253	0.02921907326338419	0.02452461734406946	0.1703688187845533	0.25192791984264	0.03322149945853872	0.1354308490046545	0.5941151492639345	0.545764124107517	0.8849392488916468	0.4530436969479362	0.3497566304136245	0.6242710953516812	0.5687176661354494	0.5271437535641527	0.767153854102169	0.01797833992631373	0.01220673671850043	0.9957167853184303	0.9939256007797851	0.02484197546267404	0.02017303699254881	0.01842153668971931	0.01440471715540369	0.7884179055329258	0.9939274047005983	0.01081352306026506	0.01193146327439673	0.01150603168421796	0.01293315259045491	0.01331441071115765	0.555874000831886	0.4610208480729702	0.01349183467559278	0.03218943923500369	0.01647079826944094	0.0111391436111112	0.9971632482983935	0.9988476323942805	0.01075948903802183	0.016150608032729	0.01300438664422436	0.9775273569011199	0.07182484705851579	0.064996366484287	0.0508611319252028	0.7740401375345547	0.6713397166394381	0.5267032482133682	0.5855900288623842	0.5536886954956897	0.5487344308440815	0.4946106821295027	0.468117669961634	0.4479287293678273	0.4887493882168971	0.408328094217301	0.4785943679726145	0.01006852818942054	0.6811278701638033	0.01001424363991994	0.04580217249524183	0.01005294974092225	0.2869878662153094	-0.0004012005535014911	0.1487912991032711	0.2317860425479751	-0.1841734623221576	0.3736437869345955	0.08118227488321283	-0.3908375151116115	0.004568198093733104	-0.0001477748712082939	-0.001421968481699642	2.310243808792753e-05	-2.304073563816037e-05	-0.0001274027785741565	-0.02212229460862345	0.002755766476724941	0.001063932633637466	4.331792193257723e-05	5.517444656142991e-06	3.223868292785743e-05	0.0001467954299437016	-0.1131932782745419	0.06169948471207905	-0.1346024907801585
1.92047619047619	0.3434451301485611	0.3914412662185272	0.409717282295979	0.3761907030257433	0.377114761414982	0.394490769819765	0.9498263366459114	0.9341451274215418	0.9594675860607087	0.7947211826690419	0.373297897706343	0.1747607704208257	0.3677004787480286	0.5091439258881429	0.6475386422536016	0.3659132146434421	0.5057499358883152	0.3574409371099864	0.6638507266298177	0.412274208658699	0.3575409949526502	0.4118055122273832	0.5249477229821127	0.5230187619811903	0.2789340224939186	0.2087738053467942	0.640089137726919	0.6235237626781566	0.09087658837404418	0.08867275238459163	0.07174635949759751	0.1982434978604748	0.2856026003363016	0.03583566971318216	0.1502224228874434	0.6033427604056651	0.5575379682887257	0.8810244713223367	0.4667161933121737	0.3692449788330326	0.625077752259356	0.5712314847143695	0.5196756197526111	0.5720429663979069	0.01294486217668803	0.01196300129561488	0.9942137259524577	0.9786369235520939	0.02035269438514607	0.01543177384403759	0.01571453698049106	0.01292416901070956	0.7703102549138009	0.9942240181383418	0.3181833703827527	0.06556082975204405	0.04424694236879241	0.015350033149157	0.01270301473810428	0.5571411661920951	0.597799596407338	0.2211820281412334	0.03267414984542177	0.02014295123205686	0.09475684568724105	0.9972647381906899	0.9932209174932656	0.1976378554649333	0.03764030728192024	0.0142807522515158	0.9856032140094765	0.08178772932761158	0.07381405883850352	0.058785864706526	0.7833209193021408	0.6806422347334952	0.5796949933445382	0.5768890923219661	0.542545794297069	0.5393050264386902	0.4942166647250651	0.4778069544979599	0.4652530542042204	0.4895491645527919	0.4278260794081266	0.4846789400602711	0.2378659641811635	0.4667375035537812	0.06508959296360288	0.07409475244191906	0.0500256207079663	0.1846289726308163	0.9871536087457883	0.994658736578844	0.9961218144482229	0.5700169723793783	0.693434655405433	0.9610657196951056	0.9818274545983487	0.9933947013008493	0.9917119000211182	0.6246980435285295	0.01443545922401927	0.02645660506285174	0.9874189069516094	0.9955981296868552	0.9968463524198614	0.99763048811657	0.2668918555565599	0.03950689300718692	0.9856538554601063	0.9968803211702644	0.9983167577073803	0.998857828805322	0.0119782979715714	0.01186686998940558	0.7634347038104635	0.2452794061829632	0.9703869288431327	0.01131612915058951	0.208302670129676	0.2044164952321012	0.1605930977160107	0.1388521323385624	0.2694848325424598	0.04926405096835009	0.2020146582882722	0.567954269828533	0.5360774640555647	0.8430393654227804	0.4634900149270603	0.3786868616743382	0.5784727612398013	0.5940142071641743	0.5308385730107639	0.01295180873705881	0.01174474923167526	0.01207472083451455	0.9913422998369519	0.9827682304359807	0.01824982390343936	0.01040430395470945	0.01151206840747324	0.01055168363376423	0.6767218446263592	0.9956523961530318	0.9982900416559884	0.1477662961675435	0.0927613684781476	0.01914543960637628	0.01181333385835694	0.5531395145709029	0.9951918044857002	0.6279897526759198	0.03716176929663479	0.02825284842486712	0.239261856001015	0.9989564712083616	0.9993211095512829	0.5508315062638386	0.07232407864641073	0.01683703141317399	0.9973699364406526	0.09770741310874627	0.08750694101473175	0.07086557122035338	0.7305600129625515	0.6179237204184711	0.6864935272743891	0.508821055133805	0.5311885850685552	0.5322645211990878	0.4692547811766875	0.5219404128567666	0.535922852160153	0.49743001978581	0.4384587169874898	0.4808726870929218	0.5371955137038052	0.01004441724562136	0.01002417420036632	0.06697511449563537	0.09992919005874434	0.01016776467934983	0.0003187076486193765	0.5072166036167279	-0.2456440293119128	0.1613082966196032	1.105411103691529	0.09979369345146166	-1.214580817939819	-0.008359058998159405	6.960899679369013e-05	0.002843559709232681	1.811002288493034e-05	-2.354814224747044e-05	-0.0001071227256437517	0.04474041840613512	-0.007308232662647677	0.001120645802448091	-9.126366757383232e-05	-9.963184309743363e-06	-4.583075699581652e-05	-0.0003446552382100347	0.2279576624297673	-0.1446584737909877	0.2652596943131866
1.937857142857143	0.3592298373187108	0.36921864639549	0.3721808550085495	0.4500840487790102	0.428406307544728	0.3874962659501851	0.9778688529225746	0.9520272697815036	0.9715535171622753	0.717633025108809	0.531842956169262	0.05502286927916743	0.3987727461672004	0.4050427769379329	0.4529809315846703	0.755849515770192	0.5174090825834314	0.1555841581918636	0.4858662953570699	0.3729293935665124	0.3566658840525595	0.758327706101132	0.4768691641957474	0.4967252037221254	0.3087970503451391	0.3308987017784112	0.5376257330254324	0.6521680366629954	0.1410136008202113	0.1349324243282644	0.1002306559009561	0.1317296464514173	0.2220939303318602	0.04074509996810319	0.1544722099743875	0.5935479190745682	0.5460027962708306	0.8738345243766317	0.4433250959684296	0.3431920783562551	0.6150484216326207	0.5891154917828865	0.5349286776282374	0.5886303694761427	0.01902855370281843	0.01233497716972849	0.9951245433991246	0.9875960061438173	0.217802958361247	0.01112215214328529	0.01188346689714058	0.01081682702012225	0.734555981042168	0.9961142832849551	0.6548733643280945	0.03158312436938281	0.03142940389846925	0.01428278446823691	0.01126205551317646	0.5905507309120152	0.8391439696828581	0.2092942610211518	0.02661455877864479	0.01905298830956885	0.1069454210227695	0.9983856406876418	0.9968963392535661	0.1794874023920122	0.03638306385529808	0.01688595916418711	0.9922917424139873	0.09035122960784195	0.08611149848512351	0.06664100775536207	0.7071542178127854	0.6184465250392662	0.5020206099837564	0.5248851669216233	0.5558216319343839	0.5511298351111502	0.5004093749442291	0.4973336252757584	0.4936981223406589	0.5016348004131153	0.3961447859997033	0.4666066809635177	0.6051764748677292	0.1754146640043874	0.02493321063245669	0.01475095800624115	0.05051216657929115	0.482492849513842	0.01946078508551847	0.02915565165931342	0.02564260056329029	0.4688650818270816	0.3410683602131692	0.07808738239472247	0.9789169714054503	0.9490267077132781	0.971835538058113	0.6788327531411205	0.9482183729014265	0.01661101504655164	0.01903390601225167	0.02000770972495475	0.02471827741505304	0.94390667920433	0.6630750314304794	0.07706783147660282	0.0759680695220028	0.02545685820543485	0.01680611675681384	0.926029740974719	0.6530919595602801	0.7045821585168788	0.02028821019648882	0.4550072955804241	0.2289851244738189	0.994765508886485	0.1339995712231236	0.1252316030557121	0.08887387414668892	0.09352254431547961	0.1556612703920787	0.0372373187446773	0.1369888621380551	0.5943924543890342	0.5375718825003565	0.8815874265973908	0.4084306136128203	0.2981885282171107	0.6219038901390709	0.607963288526275	0.5534387666573933	0.8853291883189235	0.02391541069087578	0.01241882259506448	0.9984242050553542	0.9980403308654255	0.4273346475636139	0.0105485219319798	0.01117177130756808	0.0104824280964881	0.7226648771117073	0.9986292663474007	0.707759179108885	0.01052172830949709	0.01047789295377953	0.01112873185801642	0.01057963732623581	0.6493209812765545	0.9950927804255777	0.0116158783969698	0.0182268841793666	0.01304345270520774	0.02549033999137333	0.9993469014531906	0.9995907958338034	0.01051322810919964	0.01614747305551307	0.01705785588427111	0.9969118618970205	0.09129775562473375	0.09161211283790861	0.06835541256651967	0.609994899952974	0.5535048589155486	0.341907003298772	0.4848271530241799	0.5836025588627656	0.5744434873345499	0.5219452996673406	0.5017048358148225	0.4964734038696293	0.5142414088024294	0.3429079680217145	0.4412382364360392	0.928950637392558	0.1101298594107536	0.02026259162704109	0.01000586570397112	0.01952319924066192	0.9999517734076543	-0.0002101929639111219	-0.001666410071156053	0.2251301558864087	-0.1542510860328224	-0.2549610548670288	-0.684207502451321	0.7768838827179673	0.003054159919967426	0.0002798081627923254	-0.001208899530410389	1.407464439649736e-05	-1.757421608277453e-05	-0.0001169723225355904	-0.01802636568975091	0.001941790190507002	-0.0001937652998982082	4.167930611601576e-05	6.898195227833859e-06	2.09224513518805e-05	0.0001795498672732094	-0.1177473540274429	0.07928967284944055	-0.1384828710104019
1.955238095238095	0.3034719894642391	0.3649799131471608	0.3666257408611069	0.5659958745915743	0.495146453153524	0.3653891415650318	0.896968987620329	0.9553236020368732	0.9681804235954742	0.6656729799218738	0.6123236879234133	0.02281442456936813	0.06418516104863747	0.3344373821188245	0.4024081706609304	0.8584258260252753	0.5651595657028714	0.08113053951818801	0.3964546990853751	0.367165246429025	0.3558308296368441	0.8571682916549063	0.4543260316384127	0.4846184959156457	0.04512198727483646	0.3559487425430863	0.5016166290492688	0.6660295665681278	0.2083470137616537	0.2026949460506515	0.1704019267323803	0.1019927274654099	0.1792375982237748	0.03819501291024596	0.1801619311376352	0.5803496706833298	0.5314646063211373	0.8705833169099243	0.414717347998117	0.3000284012613934	0.6050958326888772	0.612409614789911	0.5504516038006547	0.5956776805323931	0.01872361801249562	0.01147505573394158	0.9970499463904844	0.9862905849857759	0.2700753971460768	0.01071536774768745	0.01103969678557987	0.01047870226529596	0.7056878491473345	0.9978882433330345	0.7247802582558681	0.3199149183440891	0.1141872171162243	0.01064853918956071	0.01039163893290797	0.6346232782969972	0.9258724986656625	0.3242719484949871	0.01429994050732385	0.01071631293223716	0.01014273477167798	0.9990630568861714	0.9984885915486493	0.3205702445535185	0.0233799155483446	0.01417814730674764	0.9953629793868055	0.1020422039270463	0.1006898681009211	0.07701680162188376	0.6475634197037886	0.5782972306624993	0.4760297910492732	0.5054547870948096	0.5726627444469201	0.5667020336830951	0.504429575988017	0.5031856728027774	0.5020319116265888	0.505274283139749	0.3569040100968965	0.4497204378749413	0.7107781579242664	0.4127462189203125	0.01969190381015385	0.2556130552634375	0.01000681530533365	0.6175336152749555	0.8035007476628772	0.9871952092426359	0.990185435334282	0.8711840977273682	0.8685565609789803	0.891871934178573	0.6786035749322443	0.9810824217102415	0.9648673199008063	0.5558379465159151	0.03056986559348906	0.01336146007720425	0.02965631691513228	0.8222547006699483	0.9778783955674683	0.9915428370007017	0.3980763482853242	0.03054372591861348	0.8425881638801599	0.9910539367680637	0.9957285911163785	0.9964918804933018	0.01331179378060816	0.01324604031793874	0.03639675631713153	0.2153277690420112	0.945713018435305	0.01332513700705125	0.3769964971501855	0.3753544702075181	0.3381164660664515	0.1012171291963192	0.1969314662051426	0.04283277102871527	0.2671074236474342	0.5379403856339028	0.5039307634744263	0.8416525419990719	0.4013421517426136	0.2783528533745382	0.558975098143723	0.6472803098580909	0.5623475168881946	0.01059418928139205	0.01024174078431158	0.01021209085796897	0.9965134345526436	0.9668006870847647	0.01147698710710632	0.01009541606919842	0.01021708678718863	0.01009023975557479	0.6286935536218344	0.999048972973787	0.9997279379160656	0.9970791869667947	0.3001841747072076	0.01154242211062716	0.0101420145864763	0.6538260735200321	0.998965230529327	0.9966530560324063	0.01156415442902069	0.0105734129560932	0.01029909034581974	0.9997341678593261	0.9997947373630431	0.9988495398300062	0.04347894319851457	0.01076509365042973	0.9988057950263721	0.1228267940718516	0.118200428074301	0.09281693973955996	0.6328590643323831	0.5650232106672879	0.6816132622603862	0.5073085023746343	0.5687906707392538	0.5675771959823496	0.474818160702015	0.5196756052437375	0.5327139553641934	0.4956998009818822	0.3527853388557182	0.448375891582128	0.535016825554776	0.9999904892663171	0.01000866339606225	0.7410448798178453	0.01001498667582009	0.01005492733895876	0.0003224039247840319	0.3164547842511661	-0.04579747405559659	0.01844784500389516	-0.5140256836312331	-0.7904094579335846	-0.8153235269065887	-0.005757981694542167	-0.0008218423001787802	0.002519302722768337	1.859863097712969e-05	5.005079713476636e-05	4.984850305592563e-05	0.04137681157105524	-0.01009282956065886	0.002057413592759585	-5.470506227939784e-05	-2.022252976639238e-05	-3.550063055366523e-05	-0.00043386038489778	0.246748313231577	-0.1177043382064685	0.1265205172442879
1.972619047619048	0.2807648451292306	0.3530706002852463	0.3550797248803719	0.6154098884360344	0.5591021224377815	0.4865499978109674	0.8749853422480248	0.7152957583646837	0.9446593357230291	0.6108372371318849	0.3735932906357538	0.1182181250173281	0.1009626397348037	0.3131468339602368	0.3613412881482348	0.5385025884123752	0.5464665324777713	0.1923511651877283	0.3895612491850749	0.3546504578272512	0.3531667638314215	0.5364364326623314	0.2743070057322962	0.2824197661439443	0.1083559995573195	0.3413383350945198	0.4781798913581835	0.6641685434707935	0.2935094918330455	0.2898406604476967	0.2401597509304553	0.08967101857006403	0.1669876116408422	0.04005545197127635	0.231127575011435	0.5725552563767463	0.5234691430194005	0.8622707754807695	0.371050280622933	0.2584430677728308	0.5850054934189943	0.6313489401748434	0.5655383729539236	0.6045484899356695	0.1171348521176228	0.0434312816703618	0.9381866337388248	0.9062720206999341	0.2942256892569687	0.04514634148312754	0.07150510661673458	0.03717432631960718	0.6883643187162123	0.9088827059403326	0.6829112221248957	0.4173268425010012	0.1629706553334803	0.06851260881620112	0.04535942731771857	0.5807364014498843	0.7786978308666479	0.4509671415532587	0.1579293833635434	0.06287907451294041	0.02977683010593383	0.9544399399730628	0.961137979420489	0.4022286029597575	0.1873130889244548	0.05963624311629567	0.8324408241667285	0.1174430972840313	0.1283847354446035	0.09487190574393856	0.598802373110351	0.5507129581453513	0.468116283715112	0.4835020751698784	0.5935092277874944	0.5862043128516392	0.5124691717761424	0.5137318522993816	0.516160932033183	0.5156630351971095	0.2771242311271773	0.4126417085337664	0.3526813532899825	0.5512756615834092	0.3178955286366041	0.2711063615748471	0.01009162320276055	0.2565287842405302	0.01220104746767235	0.01409459338336738	0.01547406250664703	0.5395527221179039	0.4630058357929769	0.3608408947034949	0.9773191953003765	0.3407631661243393	0.912577527068302	0.5785455847515852	0.3115623095085578	0.209814004320587	0.1506012326142995	0.03513998754974261	0.019207464797376	0.0198498635073743	0.5880542917753075	0.3355460991690702	0.1602948077421054	0.01389982041367819	0.01245922285628361	0.0138946985089052	0.2473013917709321	0.2379198530806773	0.167640603370465	0.3753347595196958	0.2235398053490412	0.9786532680160364	0.3102173252242486	0.3058926810757742	0.2384158073196899	0.07924045273523662	0.1446793020794003	0.03948075503438978	0.2510309809693275	0.5761623085096824	0.5207023918878252	0.8582459787481955	0.3222129963860649	0.2210622809073666	0.5761455012544959	0.6434430047263409	0.5821909690003871	0.9554226549703543	0.2184719091970511	0.07233855631601464	0.823703940045546	0.7591952344992832	0.4809050177096422	0.07310631927288309	0.1241274703027642	0.05848446300447872	0.6979742387770196	0.7563790820378372	0.4757668998933368	0.09969802866495128	0.09734015163882251	0.1187829252253375	0.07384295853166339	0.4811819409808833	0.490364086957185	0.1832545904802137	0.318705415556517	0.1082981199058221	0.04524575644493339	0.8800844700431731	0.8987195563570628	0.06125468589847125	0.367092475091913	0.1083182427190845	0.547077875105915	0.1229853598712852	0.1492036255653755	0.1052586605532454	0.528690245782263	0.5147045026019901	0.344444440220386	0.444536568155315	0.6239374797574774	0.612344626459994	0.5284599317680495	0.52528187765923	0.5278734510018553	0.5378022817914003	0.1810590522557686	0.3609195123395289	0.01009721551165754	0.4145648864623794	0.6792085332599802	0.01001584688137142	0.01014842189651265	0.07008512635699356	-0.0001753340637169835	0.02235454541509464	-0.2986521472691975	-0.1422047154590672	1.456656257437275	-0.4226030564920508	-0.1452000810312504	0.00242544941798475	0.000286054349547092	-0.001222002677183586	1.391678728005066e-05	2.150548060029678e-05	-0.0001145530717755682	-6.173370927376219e-05	-6.90193975921135e-05	0.0001591606626541576	1.704048522379145e-05	1.570087767174977e-05	2.438059438989326e-05	0.0001181549224648862	-0.06969896586496085	0.01739880570017353	-0.09411519124191274
1.99	0.3397358428070505	0.355569551339837	0.3565786557724328	0.6685707301372645	0.6151769993776585	0.5400201528536471	0.9626191333765045	0.6323705754200772	0.9448971264813257	0.5678397289255435	0.2568172631512084	0.1360948918702577	0.1019527314610451	0.2996208341674021	0.3624373604256659	0.4440903350341651	0.4860708373987581	0.2188315296040528	0.4275761793436759	0.355913860249037	0.3539416135199652	0.4411996993438982	0.1936617223741957	0.1913559304699239	0.1101720468147622	0.2642270717395725	0.4850781855331842	0.6628202556125823	0.3685872802443325	0.365883784455232	0.329421914026176	0.08615259119107557	0.1565258907619353	0.04250041766756152	0.2995435885830456	0.5460981155021152	0.5005208791284204	0.8392280020749534	0.3572103930908904	0.243048862205294	0.5674773889170757	0.6452242294081936	0.5750492571974674	0.8094348445542791	0.1807591704595033	0.07160038485088172	0.8333749249256241	0.7604112984827859	0.4374961709336735	0.05620059436302238	0.09666732710044379	0.04614570001218089	0.6718398716231753	0.8250402426281149	0.6433453903484001	0.2113221666802083	0.1156555691805091	0.09997316080633421	0.0584492416985319	0.5155987757029228	0.6282905324355041	0.2997436005233516	0.3019811445752292	0.0917681235421032	0.03835887412435017	0.9201588004116764	0.9331280557917369	0.1710231248384272	0.3721582643269026	0.133502679540837	0.6559127071283626	0.1335202078051743	0.1589021031661262	0.1165653337154351	0.5569676931421454	0.5281872746565537	0.4302922431906722	0.4450688113348662	0.59500457739671	0.587637328359608	0.4767059108126764	0.5372309479966655	0.5498044686590113	0.5302782156921449	0.2288916122075253	0.3849531543018982	0.3953008661956715	0.5799312873404193	0.4207473589069829	0.1863387584294684	0.01010570166356269	0.1019753526276584	0.9987154364410084	0.9980044412328247	0.9976665484674113	0.9936862754387202	0.9933137717076614	0.9935256017868461	0.9961844987391834	0.9962566606122123	0.9962042341960715	0.4870126563183682	0.01305323205567642	0.01123648051368908	0.01565821971148717	0.7843963603481097	0.9943013406135015	0.9974326816048064	0.2378445790228514	0.01519784317032818	0.9686402812675822	0.9979599920310933	0.9987887879920535	0.9986138410593739	0.01063679143435638	0.01059901413407828	0.01483982390855946	0.02546843104716043	0.9847281992986148	0.01176326170826821	0.5493723378371391	0.5506753130193031	0.5665505086316837	0.09699021436759678	0.176283631407705	0.04788600667282877	0.4306456316463675	0.4646172576529292	0.442349775684724	0.7767215097051128	0.400375723012158	0.266576385612765	0.5275041718060173	0.6693771051192681	0.5751328334198932	0.6509718219218645	0.1151689067354256	0.06530171425301277	0.7278865272408965	0.5921408621788344	0.3816960928278806	0.0264738897972321	0.04801614849523394	0.02420314161136343	0.5972638262092489	0.8379528047487893	0.917003563009435	0.3459923416387776	0.1708848717927348	0.06524020230273481	0.03086865487122439	0.5104473227930033	0.6906071263107009	0.4854763686111942	0.2983845529623931	0.06051535063763479	0.02535347799880072	0.9445803681426834	0.955897762909668	0.2848111693543372	0.4449862852009448	0.1698210174641495	0.6292196285195418	0.1564568753772561	0.1824371634893136	0.1389248894791398	0.5574703834600255	0.5258199160556591	0.5716813628805535	0.4137836293714196	0.5492597485288618	0.5495772914732184	0.3574541185431496	0.5812246698063809	0.6223878718138777	0.5294647283485558	0.2771031337260269	0.4016984587828168	0.9999862073829274	0.9999816977330429	0.01001506043078187	0.4826483026652325	0.01003523730159728	0.01000669056962764	0.0005149206821815163	0.2403707447009102	0.5591740354295408	-0.07378920099447579	-1.46866537014382	-1.097313572746395	-0.2539161745052233	-0.007042057368475421	-0.001031772969053738	0.00339118772824618	8.040592865406437e-06	-0.0001130750828411547	0.000129260572447319	0.0003472690499459294	-3.233720864569123e-05	-0.0003034646366887529	-8.807372414098006e-05	-4.408466322477718e-05	-1.231137640193355e-05	-0.000618677510061148	0.2404575456335614	-0.02085418671223287	0.2010819586433773
