inDegrees=no
num_controls=115
num_derivatives=0
num_iterations=1000
num_multipliers=0
num_parameters=0
num_slacks=0
num_states=92
objective=65644.186535
objective_excitation_effort=65644.186535
solver_duration=8173.245145
status=Maximum_Iterations_Exceeded
success=false
DataType=double
version=3
OpenSimVersion=4.5
endheader
time	/forceset/glut_med1_r/activation	/forceset/glut_med2_r/activation	/forceset/glut_med3_r/activation	/forceset/glut_min1_r/activation	/forceset/glut_min2_r/activation	/forceset/glut_min3_r/activation	/forceset/semimem_r/activation	/forceset/semiten_r/activation	/forceset/bifemlh_r/activation	/forceset/bifemsh_r/activation	/forceset/sar_r/activation	/forceset/add_long_r/activation	/forceset/add_brev_r/activation	/forceset/add_mag1_r/activation	/forceset/add_mag2_r/activation	/forceset/add_mag3_r/activation	/forceset/tfl_r/activation	/forceset/pect_r/activation	/forceset/grac_r/activation	/forceset/glut_max1_r/activation	/forceset/glut_max2_r/activation	/forceset/glut_max3_r/activation	/forceset/iliacus_r/activation	/forceset/psoas_r/activation	/forceset/quad_fem_r/activation	/forceset/gem_r/activation	/forceset/peri_r/activation	/forceset/rect_fem_r/activation	/forceset/vas_med_r/activation	/forceset/vas_int_r/activation	/forceset/vas_lat_r/activation	/forceset/med_gas_r/activation	/forceset/lat_gas_r/activation	/forceset/soleus_r/activation	/forceset/tib_post_r/activation	/forceset/flex_dig_r/activation	/forceset/flex_hal_r/activation	/forceset/tib_ant_r/activation	/forceset/per_brev_r/activation	/forceset/per_long_r/activation	/forceset/per_tert_r/activation	/forceset/ext_dig_r/activation	/forceset/ext_hal_r/activation	/forceset/glut_med1_l/activation	/forceset/glut_med2_l/activation	/forceset/glut_med3_l/activation	/forceset/glut_min1_l/activation	/forceset/glut_min2_l/activation	/forceset/glut_min3_l/activation	/forceset/semimem_l/activation	/forceset/semiten_l/activation	/forceset/bifemlh_l/activation	/forceset/bifemsh_l/activation	/forceset/sar_l/activation	/forceset/add_long_l/activation	/forceset/add_brev_l/activation	/forceset/add_mag1_l/activation	/forceset/add_mag2_l/activation	/forceset/add_mag3_l/activation	/forceset/tfl_l/activation	/forceset/pect_l/activation	/forceset/grac_l/activation	/forceset/glut_max1_l/activation	/forceset/glut_max2_l/activation	/forceset/glut_max3_l/activation	/forceset/iliacus_l/activation	/forceset/psoas_l/activation	/forceset/quad_fem_l/activation	/forceset/gem_l/activation	/forceset/peri_l/activation	/forceset/rect_fem_l/activation	/forceset/vas_med_l/activation	/forceset/vas_int_l/activation	/forceset/vas_lat_l/activation	/forceset/med_gas_l/activation	/forceset/lat_gas_l/activation	/forceset/soleus_l/activation	/forceset/tib_post_l/activation	/forceset/flex_dig_l/activation	/forceset/flex_hal_l/activation	/forceset/tib_ant_l/activation	/forceset/per_brev_l/activation	/forceset/per_long_l/activation	/forceset/per_tert_l/activation	/forceset/ext_dig_l/activation	/forceset/ext_hal_l/activation	/forceset/ercspn_r/activation	/forceset/ercspn_l/activation	/forceset/intobl_r/activation	/forceset/intobl_l/activation	/forceset/extobl_r/activation	/forceset/extobl_l/activation	/forceset/glut_med1_r	/forceset/glut_med2_r	/forceset/glut_med3_r	/forceset/glut_min1_r	/forceset/glut_min2_r	/forceset/glut_min3_r	/forceset/semimem_r	/forceset/semiten_r	/forceset/bifemlh_r	/forceset/bifemsh_r	/forceset/sar_r	/forceset/add_long_r	/forceset/add_brev_r	/forceset/add_mag1_r	/forceset/add_mag2_r	/forceset/add_mag3_r	/forceset/tfl_r	/forceset/pect_r	/forceset/grac_r	/forceset/glut_max1_r	/forceset/glut_max2_r	/forceset/glut_max3_r	/forceset/iliacus_r	/forceset/psoas_r	/forceset/quad_fem_r	/forceset/gem_r	/forceset/peri_r	/forceset/rect_fem_r	/forceset/vas_med_r	/forceset/vas_int_r	/forceset/vas_lat_r	/forceset/med_gas_r	/forceset/lat_gas_r	/forceset/soleus_r	/forceset/tib_post_r	/forceset/flex_dig_r	/forceset/flex_hal_r	/forceset/tib_ant_r	/forceset/per_brev_r	/forceset/per_long_r	/forceset/per_tert_r	/forceset/ext_dig_r	/forceset/ext_hal_r	/forceset/glut_med1_l	/forceset/glut_med2_l	/forceset/glut_med3_l	/forceset/glut_min1_l	/forceset/glut_min2_l	/forceset/glut_min3_l	/forceset/semimem_l	/forceset/semiten_l	/forceset/bifemlh_l	/forceset/bifemsh_l	/forceset/sar_l	/forceset/add_long_l	/forceset/add_brev_l	/forceset/add_mag1_l	/forceset/add_mag2_l	/forceset/add_mag3_l	/forceset/tfl_l	/forceset/pect_l	/forceset/grac_l	/forceset/glut_max1_l	/forceset/glut_max2_l	/forceset/glut_max3_l	/forceset/iliacus_l	/forceset/psoas_l	/forceset/quad_fem_l	/forceset/gem_l	/forceset/peri_l	/forceset/rect_fem_l	/forceset/vas_med_l	/forceset/vas_int_l	/forceset/vas_lat_l	/forceset/med_gas_l	/forceset/lat_gas_l	/forceset/soleus_l	/forceset/tib_post_l	/forceset/flex_dig_l	/forceset/flex_hal_l	/forceset/tib_ant_l	/forceset/per_brev_l	/forceset/per_long_l	/forceset/per_tert_l	/forceset/ext_dig_l	/forceset/ext_hal_l	/forceset/ercspn_r	/forceset/ercspn_l	/forceset/intobl_r	/forceset/intobl_l	/forceset/extobl_r	/forceset/extobl_l	/forceset/knee_exo_device	/forceset/reserve_jointset_ground_pelvis_pelvis_tilt	/forceset/reserve_jointset_ground_pelvis_pelvis_list	/forceset/reserve_jointset_ground_pelvis_pelvis_rotation	/forceset/reserve_jointset_ground_pelvis_pelvis_tx	/forceset/reserve_jointset_ground_pelvis_pelvis_ty	/forceset/reserve_jointset_ground_pelvis_pelvis_tz	/forceset/reserve_jointset_hip_r_hip_flexion_r	/forceset/reserve_jointset_hip_r_hip_adduction_r	/forceset/reserve_jointset_hip_r_hip_rotation_r	/forceset/reserve_jointset_ankle_r_ankle_angle_r	/forceset/reserve_jointset_subtalar_r_subtalar_angle_r	/forceset/reserve_jointset_mtp_r_mtp_angle_r	/forceset/reserve_jointset_hip_l_hip_flexion_l	/forceset/reserve_jointset_hip_l_hip_adduction_l	/forceset/reserve_jointset_hip_l_hip_rotation_l	/forceset/reserve_jointset_knee_l_knee_angle_l	/forceset/reserve_jointset_ankle_l_ankle_angle_l	/forceset/reserve_jointset_subtalar_l_subtalar_angle_l	/forceset/reserve_jointset_mtp_l_mtp_angle_l	/forceset/reserve_jointset_back_lumbar_extension	/forceset/reserve_jointset_back_lumbar_bending	/forceset/reserve_jointset_back_lumbar_rotation
0.53	0.9490737248861383	0.6958489043747641	0.01062625987421011	0.5582504406993855	0.6754700356483647	0.6671259890353579	0.9992689318385464	0.9813055764150989	0.998751216785998	0.1269100317385967	0.7179131130104944	0.02932015026538808	0.1640302993594571	0.2985456721772332	0.106334996324198	0.01141293725741199	0.5389412968852066	0.4390683107936943	0.2846215297458429	0.2211741139789152	0.01052225626068064	0.01052303781630284	0.1261366256063188	0.5813924880350717	0.9983834159977019	0.9340488567397176	0.05415389517876309	0.9995268313290274	0.02206057241015121	0.0167067886870094	0.01318211151982374	0.0463431645155774	0.07472095253076319	0.08966908833842906	0.21075225403593	0.5651097899467772	0.5373691973833239	0.7968109110023964	0.5085644649530475	0.4720381020861827	0.5692599967169425	0.4916857676694171	0.4959858835799419	0.8114595322203836	0.5780041194739407	0.05085933358172092	0.7676658008437223	0.7919763358506988	0.6685992505433365	0.336934710562423	0.2845736473517095	0.1463464947120306	0.813463043274526	0.7769677579543488	0.09406982350075144	0.1342894225972743	0.04223241097658235	0.04343772054432442	0.03856649016437616	0.5130314341851131	0.3195863161633466	0.1894698436235526	0.4006317824790749	0.03224867968173094	0.01078415033962461	0.8166675536111895	0.7942055342081639	0.02140329970231821	0.1160982834548524	0.08203114981665266	0.6046903712862781	0.103896708726081	0.09400219192275165	0.07924255696065607	0.8692697710644034	0.7460002156749062	0.1251180487077876	0.5718439426301768	0.5131758630385275	0.5009947102206687	0.6666037992737425	0.4215264727595254	0.3618554717589945	0.5046082996745902	0.5596593939618699	0.5373610318268827	0.9996748021090883	0.6025324739312858	0.1134395077158486	0.01001103754316374	0.01013488346796669	0.3887190050654393	0.9490737248861383	0.6958489043747641	0.01062625987421011	0.5582504406993855	0.6754700356483647	0.6671259890353579	0.9992689318385464	0.9813055764150989	0.998751216785998	0.1269100317385967	0.7179131130104944	0.02932015026538808	0.1640302993594571	0.2985456721772332	0.106334996324198	0.01141293725741199	0.5389412968852066	0.4390683107936943	0.2846215297458429	0.2211741139789152	0.01052225626068064	0.01052303781630284	0.1261366256063188	0.5813924880350717	0.9983834159977019	0.9340488567397176	0.05415389517876309	0.9995268313290274	0.02206057241015121	0.0167067886870094	0.01318211151982374	0.0463431645155774	0.07472095253076319	0.08966908833842906	0.21075225403593	0.5651097899467772	0.5373691973833239	0.7968109110023964	0.5085644649530475	0.4720381020861827	0.5692599967169425	0.4916857676694171	0.4959858835799419	0.8114595322203836	0.5780041194739407	0.05085933358172092	0.7676658008437223	0.7919763358506988	0.6685992505433365	0.336934710562423	0.2845736473517095	0.1463464947120306	0.813463043274526	0.7769677579543488	0.09406982350075144	0.1342894225972743	0.04223241097658235	0.04343772054432442	0.03856649016437616	0.5130314341851131	0.3195863161633466	0.1894698436235526	0.4006317824790749	0.03224867968173094	0.01078415033962461	0.8166675536111895	0.7942055342081639	0.02140329970231821	0.1160982834548524	0.08203114981665266	0.6046903712862781	0.103896708726081	0.09400219192275165	0.07924255696065607	0.8692697710644034	0.7460002156749062	0.1251180487077876	0.5718439426301768	0.5131758630385275	0.5009947102206687	0.6666037992737425	0.4215264727595254	0.3618554717589945	0.5046082996745902	0.5596593939618699	0.5373610318268827	0.9996748021090883	0.6025324739312858	0.1134395077158486	0.01001103754316374	0.01013488346796669	0.3887190050654393	0.0002860181778121155	-0.3000805061838556	0.383554610637052	-0.493544869372097	0.1143410200905904	-0.1305265387442959	0.5282897960418592	-0.02787698632517719	-0.007255302375580203	-0.002901026067855905	-0.001219868108890395	0.000552011201814971	0.001743933633021028	0.01336287582763616	-0.01120719812891173	0.0004159654467633954	9.279024088513208e-06	-1.121597417228037e-05	-0.0003045606503816783	0.0004578184625438352	-0.6280026279235551	0.4302618005499241	-0.1833429783591266
0.5473809523809524	0.9997843762883365	0.8171692807580845	0.01498907476103489	0.6001962166482515	0.7266619352765978	0.7228570327724605	0.5988508625968831	0.5865019836553983	0.598489952517252	0.4719754420274077	0.845346772345867	0.15877352252369	0.0755370269120889	0.1520932975409223	0.03567994828835438	0.280741744277296	0.4968594860134921	0.5223364177118801	0.3707790695427437	0.4283787105411483	0.3925960684227542	0.2655192963481778	0.4751983350111815	0.7456214833467125	0.8658220678454955	0.833372341330847	0.01028730195521583	0.5988893547471458	0.0454880006440227	0.04770481415991894	0.03764302141830084	0.1447317935053654	0.1570433773630067	0.04749629764024529	0.1109334080093119	0.6049773266623336	0.5462352300241113	0.8689093076924438	0.4835211776032013	0.3631193551455117	0.6571282195753522	0.6212504344974864	0.5365021523809514	0.8668995570155487	0.5176396747353793	0.03620110911109672	0.8222885673948535	0.8390323612771885	0.695859786770113	0.1862787830221079	0.2007679978818481	0.07003376147235706	0.8499122892076139	0.8226473906308436	0.09992626430472845	0.0745521413066545	0.022016112302383	0.02713539129785195	0.01964796772173806	0.5105862628592733	0.3240049054179283	0.2522593956714989	0.3862844125476348	0.1647309473189981	0.1509814808834311	0.8457340258598397	0.854331875529653	0.0658514397575677	0.06336534450036721	0.05318609913342002	0.6723711277332323	0.0688939343709716	0.06225394406322172	0.05257799681652219	0.9024880771495977	0.8088100740476739	0.1474121740557072	0.5856338250454939	0.5081030569816823	0.497087229364371	0.654492507494991	0.4207956750835227	0.3619937260757999	0.5010026081444855	0.5574038000837994	0.5377362290339882	0.5989225855674378	0.3228202442525764	0.02846614153031876	0.2049774374433566	0.1013898818980793	0.2320575612512623	0.9961451160076966	0.9427896479134052	0.06721007857230063	0.6457767202536803	0.7502009192759167	0.7482858013099973	0.01043696605682815	0.01056265789205262	0.01043330421546101	0.9992268152000943	0.9992632898557915	0.2852971792949971	0.01079737101620648	0.01066021480746542	0.01058528347457136	0.6260428884448451	0.4466009106118736	0.6281895356619885	0.5121348536766476	0.7142320924233314	0.9069790303436275	0.6053259743623393	0.9997526858507664	0.999770343905833	0.5710581415488616	0.6216206925509312	0.02536202989786325	0.01015141979545729	0.06270920551510979	0.07124963420780869	0.05591121194310414	0.249676921514426	0.2538127450798839	0.0102694635092364	0.01062161081592776	0.6730240418158011	0.567298592330319	0.9963874132683604	0.449512076380665	0.2238716249399572	0.7930889003400126	0.8123054425904335	0.5924481106334012	0.9686165876460219	0.4088426673775284	0.0229984884590572	0.9252693388202605	0.9277381962407018	0.7277131803381313	0.02232404268544558	0.1074842321764299	0.01086822516346883	0.9111192552607221	0.9058382555715202	0.09886388050312993	0.01868642164053895	0.01392839906520582	0.01899036780452828	0.01155402589306149	0.5075413104133765	0.3180949948626492	0.3100810507443738	0.3703933724806994	0.3106518917203022	0.2968788531997963	0.9062536759202812	0.9646322577854656	0.1021976514852667	0.02013382276244742	0.02729176657243512	0.7825291230385035	0.03584881498872364	0.03270429131674576	0.02831792407788965	0.9594239596238606	0.9128063373911165	0.1705332813614403	0.6026586549126315	0.4969980893009081	0.4883734852500199	0.6302737889180303	0.422556473388409	0.3666341226225919	0.496190492565986	0.5570398404461822	0.5387485882606401	0.01002062180207461	0.01000322298191909	0.01000116964080183	0.4071825746610664	0.1953019340307167	0.04034681525315666	-8.762014819439707e-05	0.4943940524644332	-0.3956599929767337	0.08159259106693914	-0.8467133742230447	0.2784738440934303	-1.064358506491618	0.01440662998532742	0.0036016350587619	0.001277994861944781	0.0006136873208596641	-0.0004163530841068011	-0.0005525004952168003	-0.00742790840410036	0.006067007544014429	-8.918078354094419e-05	9.898685696608991e-06	1.909551043986188e-06	0.00016390453902415	-0.000213600422512301	0.3195381652405186	-0.2106046378790797	0.07134491262843741
0.5647619047619048	0.7335803579842455	0.6528174437887201	0.3660139929473338	0.5593504932189155	0.5547358176994637	0.5350605113624777	0.4670415221030743	0.4626378933103337	0.4669254937699349	0.8682001981028452	0.7483107865145634	0.1950156255172782	0.118708567836759	0.1279302170064054	0.2196510712083226	0.5490799289241097	0.5130142417085146	0.5125402470295904	0.5397258456686107	0.5626256417200197	0.6704836506634854	0.6064591457804048	0.8360871256339683	0.8326032278964306	0.5014129412431697	0.5961836170886424	0.3381831936173393	0.4670517246199165	0.04237349121833724	0.0479179799992123	0.03848509947712896	0.2315715720883708	0.2684370039080485	0.01411758646240248	0.03333662020207177	0.657511841935194	0.5816190377405136	0.9545164736828354	0.4762430883335937	0.3226352049987464	0.713387180535777	0.6793165080233053	0.5468906026431556	0.9456232578199048	0.4043957261094823	0.02043569763440483	0.9113532676765681	0.9150191447029763	0.6741099088533403	0.1074356252470865	0.1532609454455472	0.08239116522550241	0.8821079961989107	0.8867318302610101	0.06436203400873006	0.02773243871699941	0.06664586555264175	0.05249475744962107	0.05741640693109522	0.511102219097853	0.276021633684171	0.2123453285219935	0.3919963591589821	0.2845453301418918	0.2490690320200656	0.9125287748845332	0.9401845619839018	0.07422957652426182	0.05311651735483214	0.02947755386034161	0.7334293922940671	0.03676133928971827	0.03311354862345541	0.02833459753953468	0.9349732408952307	0.8611945205813701	0.1621119987136035	0.5800508794760563	0.4907218041246489	0.4828873617363433	0.6271069342851812	0.4315922678983626	0.3809797837825313	0.5004350599215152	0.5673122548150291	0.5397032927864196	0.4670981648272794	0.3751637842413965	0.3265516020163843	0.2572743671991981	0.2031703297824463	0.1006266462317242	0.01055105519406495	0.01219327617760891	0.9995660955715974	0.3819876840108731	0.07194923919605173	0.01138614788687034	0.9992955053208984	0.9979192193699576	0.9993113730581114	0.9851600448402785	0.2374479419355231	0.04647331417378631	0.3003674824149368	0.2995242731552004	0.6228973387128376	0.5469812989157519	0.6336745804134267	0.3171501155113723	0.7131607285326236	0.4062459115746686	0.4385725779135689	0.7915835436589904	0.8630636184086307	0.6560007516502512	0.01094621216572465	0.2983433591980819	0.9995987063661796	0.9996787962005282	0.01039458614873166	0.01034440522089337	0.01028878776218696	0.2124523671697053	0.3184427691382021	0.02398619185708592	0.05942851267692197	0.6854016916119773	0.6384449214545564	0.9855830844040372	0.5124575354575686	0.4464667166963912	0.6426033085304274	0.5201281587218677	0.4829715773249978	0.9991492726665808	0.3007213357023384	0.01917233342960956	0.990386775774983	0.9814263933827531	0.5652846732653067	0.2051715009689599	0.2068476693415974	0.1972813435462347	0.8723599496243014	0.9289059803282795	0.01191255078949787	0.04271375560618994	0.1482341757389501	0.1034768083349412	0.1274205692873332	0.5172613158749293	0.1842871864070924	0.04463076390161219	0.4306717876564812	0.2622699822347652	0.177626004140591	0.9991052182570244	0.9993120559596759	0.02763817225950965	0.1051712273257887	0.03546414928935136	0.7185551669391286	0.04016494114401595	0.03617997781503698	0.03114955968340863	0.9332881018232058	0.8373398091684245	0.1506893630895492	0.538414391211702	0.4653570947760926	0.461772123147493	0.5937300320317835	0.4544672567696896	0.4170192455264818	0.5067196140253434	0.5932567195361994	0.5430607250863191	0.9999881542152227	0.9875173687071875	0.9999977253212713	0.01000200657580506	0.2199272757758806	0.1347090958609231	0.0002462986947457159	-1.010211614989755	0.4220908451302365	-0.1196937559206194	-1.018365550348212	-0.6071899902508354	1.084928892332154	-0.02750369764834832	-0.007578335359822995	-0.003062986983478749	-0.0008166505955784883	0.0003652707753374446	-0.0007044902752984663	0.01451281270544281	-0.01171678383305947	-0.0001884485353037104	3.015368734956357e-06	1.500912503596507e-05	-0.0003055372740240957	0.0003434835941163815	-0.6748457253066308	0.4002766783543862	-0.06165735336485708
0.5821428571428572	0.6998735790184135	0.6665917512579571	0.7859434986777839	0.5415875644348197	0.6299944284465476	0.6065927837435718	0.3812243723270394	0.3798207532608128	0.3814085001347172	0.9419990772531709	0.6943495942693666	0.4671454896638955	0.5245487669903883	0.3520932216405935	0.2288644503555147	0.328777464524223	0.4932570419646238	0.6575268224966175	0.6237642811999746	0.7184462422425064	0.7693401925684191	0.4202093339253075	0.9177752444392944	0.8808276350700529	0.4526899906631214	0.5811750268478283	0.7736412907785255	0.3809759115671091	0.01778838286180919	0.01862088542700378	0.01580917164241519	0.2929772272700764	0.3194914922660753	0.01243897390310759	0.02443257106752851	0.6842826488554069	0.5984727143671572	0.9810874104472872	0.4867234273803254	0.3205691053621341	0.7441021972927622	0.6721206101930743	0.5390418696199457	0.9771997869400474	0.2776932250636999	0.0772657155319762	0.961071062513924	0.9603963393699809	0.5121239124845832	0.1390569389263801	0.1493348293021251	0.136209218388615	0.9066261162410278	0.9368610370457411	0.04359717760074912	0.05864082958799382	0.09719093593230577	0.08615977725744071	0.1077569118190388	0.5114160183039117	0.2337190507812143	0.1165149903919099	0.3792451011372579	0.238848126195997	0.1755357918772797	0.9636949163811721	0.9751176422770496	0.04897372127061107	0.1048876256006335	0.06987061099336628	0.8259072045915175	0.02967345117024936	0.02699103078621104	0.02345869547015522	0.9499921291270069	0.8907856248629782	0.2142622474171645	0.5762093932175344	0.4895245008198501	0.4835144032166517	0.6055944697927785	0.442994032195107	0.3998743479803668	0.5024899620198366	0.5670899615621587	0.5368810041564117	0.8259745380144262	0.8101036089607426	0.3483938010964696	0.1653120164520326	0.07827153537457013	0.03222936449092435	0.9996235525214463	0.9997146356526824	0.9998382359638418	0.5990026518287835	0.9923550317168509	0.9995382769191211	0.01059546934450979	0.01080432529915289	0.01096061017212448	0.99711177888224	0.8795109887796096	0.9996008578882638	0.9964439901219835	0.5409290899710241	0.01051853547300645	0.01099299067232968	0.3973348028309493	0.9956756658873783	0.6534622065752259	0.9995148565343309	0.9996777847537864	0.01595050302639621	0.9993831877016102	0.9993957167160072	0.6470234080971757	0.7311865667154691	0.9997729260856616	0.01007592492823746	0.01510281115322445	0.01489944636719953	0.01286321897036129	0.373653686094146	0.3504693262086527	0.01015493459327613	0.01083333474291585	0.7047785577360198	0.5920209927625826	0.9965632560017252	0.4856709823921365	0.2646334944331276	0.8202365243951173	0.7343952156906036	0.5578582137588742	0.9994565505172137	0.1841523827712223	0.1244112557669192	0.9993634900706928	0.9990732340728156	0.3721442833332239	0.1011356272837218	0.1033777131398689	0.1071383085740315	0.9491240390081239	0.9995377852971022	0.05231498838511529	0.07276588809839679	0.06936549420882922	0.0800625659803605	0.1040027235365638	0.5151966165365367	0.2444920978740369	0.09717894873842087	0.3064011528391105	0.1778441117617104	0.1200658090153139	0.999711035467605	0.9997644970542386	0.0499149278434632	0.1138685223972798	0.09768243549406401	0.9994517363076497	0.02225497846112289	0.02055095923529692	0.01815599521438849	0.9741622937888936	0.9454840069140841	0.2817628008155645	0.5923342140265416	0.502055436091531	0.4964550314782412	0.5890792664977909	0.4470315314887105	0.4067505044813809	0.501894524194782	0.5510442271975702	0.5302535084915265	0.9999886699062277	0.9999970688732474	0.0100012147122329	0.191754432684725	0.01000056292946368	0.01002254910122822	0.0001966304842298442	0.8982212595576441	-0.4079325607993297	-0.07121294499178624	1.705506022749651	2.26278370473713	0.2652545270551625	0.01380679373497189	0.003806451908638352	0.002198131563945418	0.0006472965503448299	-0.000316662868545881	-0.0007519442502754246	-0.007546652235149075	0.005717198707336391	0.0001675039341874527	-0.0001156363650112137	2.143255600994887e-05	0.0001687884634236867	-7.725029840001899e-05	0.3399159955979897	-0.1619869229922319	-0.03051061076726585
0.5995238095238096	0.6848515603337442	0.6725552376403803	0.8306946343968142	0.5172956653976515	0.7030864387242498	0.7442606441631309	0.3692263721441837	0.367033565635107	0.3691926130059955	0.9694607978937186	0.7350132297215642	0.8832111760868249	0.8597242544382402	0.5364932490112374	0.1573867930918812	0.06638557562760233	0.4542881318002777	0.7999535443038143	0.6437938610213206	0.6587490503090899	0.6770211521682858	0.08905319623322105	0.841050061146168	0.7451479496408149	0.5482590278799265	0.6721666432543157	0.8864474634496063	0.3696720588751336	0.01559701621158032	0.01576515195157457	0.01382525068869951	0.3060152473491838	0.3170932126417823	0.03967389672052007	0.06351999049091195	0.6750012233902373	0.5963981429154666	0.9560714698861343	0.5012834690218957	0.3595617692361566	0.7352120627361209	0.6476495222626537	0.5292115863095042	0.9898350744812623	0.2730270474254269	0.08115090211059049	0.983435144249048	0.9837584595830133	0.5912555358448838	0.05943161840088459	0.06546876168612449	0.06088963075465656	0.9151873911662981	0.9780332492335106	0.03966431926631717	0.04660572461036337	0.03882592503429581	0.04748218433748006	0.06092605522799979	0.5362286219469	0.2876546028388344	0.07407156287875793	0.2199025375657996	0.1253110330812157	0.08654618488830818	0.9840363669406758	0.9890539642080315	0.03714796357156757	0.06863096364152367	0.06332499979365618	0.9476862447972151	0.02575564059456226	0.02361487430383414	0.0206310458763369	0.9560543778444773	0.8920542180400927	0.2585874734206316	0.5781644665192625	0.4950375382550315	0.4897323235170551	0.5911168619485749	0.448236506872967	0.4091088867845583	0.5020683706806817	0.5567620930525673	0.5321988594964496	0.7196127530222518	0.6334733464238702	0.3491041888681074	0.1948049406682364	0.3262239098789597	0.3240660121084812	0.01078836168361158	0.01110647153496379	0.765611464374946	0.3293965119523573	0.1942678468572956	0.3417030880373965	0.9969850487886738	0.9910597332591788	0.9961714059700326	0.9805551707841494	0.4415025978353914	0.9993351205707521	0.9990302956690537	0.7091164987876146	0.4119491805647298	0.01159265962311944	0.532649634297185	0.581997699180251	0.68495653675464	0.01080608130769407	0.01062731177574918	0.01041501986071393	0.504975215349467	0.1500216664979146	0.3614887879818194	0.6045275637413561	0.9989104873177388	0.9996925996189175	0.01091887348938642	0.01086467149058177	0.01053973551701459	0.1977636497176084	0.27275124076956	0.08453162289813042	0.1512376639523796	0.6231440331565727	0.612778352930837	0.8684631098213772	0.5464143021069748	0.5633842617171395	0.5746959344265573	0.4514595354958591	0.4616235845010139	0.9998282533920907	0.3920466428509154	0.01021272807463703	0.9997461548326997	0.9996725002979274	0.9994696867620162	0.01002931608395879	0.0100652922257458	0.01002844461631603	0.8687619495814676	0.9997723755650387	0.01022755217721788	0.01006874501722662	0.01007427968244194	0.01007232205860331	0.01003959712202757	0.5939257060877212	0.3644954478708444	0.01029862463055196	0.01065275317852052	0.01028932159755704	0.01015683170363762	0.9999226150617311	0.9999380252621084	0.0102063949220396	0.01041716855616372	0.01050617862401129	0.9998257524381017	0.03273255246518087	0.02976786911095336	0.02573044389827465	0.9337654595597976	0.803131171664374	0.2322210659304192	0.5490209198960377	0.4834815524078597	0.4800556588793879	0.5733481185639121	0.4590102435028738	0.4270665002167038	0.5032314269413034	0.5611365380004921	0.531635515132231	0.2755673866363729	0.01000056297150104	0.9999988324054824	0.1612915217348122	0.9999991290287494	0.999987677587632	0.0002832348995540525	-0.4038335393594307	-0.2604766662352624	-0.07125363273994816	-0.1654746165031194	-0.5378386324262798	1.267627538244437	-0.02766751078601824	-0.008796952662354817	-0.004999460970647631	-0.0003963717483798561	0.0003805537706558034	-0.001732272684327232	0.01064104403411262	-0.008610461868738387	0.0001953630913840363	2.776839284133519e-05	6.234000028678725e-06	-0.0003234168764860196	3.349266533458828e-05	-0.5152400031506392	0.191431450801397	-0.05409112506415348
0.616904761904762	0.4711061671792706	0.4579160468292415	0.6449221634334199	0.5024953280728642	0.523893761817818	0.5322231938918791	0.5712009814762963	0.5984182742132541	0.5520094071249227	0.9288361191102541	0.6310317496737055	0.5700446845864647	0.5611212038131891	0.36013056061207	0.2931578148932567	0.09249143152141936	0.502855054156519	0.5668758396427414	0.5996283583821098	0.5427570675426604	0.4696973590844553	0.2660849507828433	0.7047458950795615	0.6666430873586809	0.4858550455139506	0.5916131423844434	0.7199617749049088	0.4085011317849069	0.02514545743198384	0.01285452986643565	0.03001481319881177	0.4292692640411667	0.4120962601175457	0.03395161826636767	0.0662155931879817	0.66377284120414	0.6084470386427105	0.9501661093288645	0.498810720776303	0.4013056959057956	0.6746526229964651	0.5366428469033532	0.4972988226242345	0.9919926430232574	0.2166210486183792	0.0262908413992207	0.9772653789653747	0.96968069663125	0.5745416793545609	0.08049916676935652	0.05779267128296812	0.03790268185076784	0.9044396013324237	0.9703486309118592	0.01129577569654109	0.01243264968332651	0.013774129470775	0.01699743963961564	0.02753837287468373	0.5396988521769163	0.1685060341272636	0.02384366920196714	0.2224154869160963	0.1019201290996031	0.09642445721041228	0.9850541291520989	0.9875977765995408	0.01495549367460835	0.02210174613441936	0.0222225303058393	0.9662564802227175	0.03167191774845285	0.02887166684964727	0.02523943051947139	0.9466656767897168	0.8727012329218115	0.3094152588260622	0.5694441367679552	0.4913489925859592	0.4876403487008191	0.5726869640279894	0.4582781557503601	0.4258156723522324	0.5025421323357521	0.554050346228032	0.5295509576882172	0.7389941466397651	0.6581759189757819	0.3520224381474092	0.07775851357640075	0.3508170650803615	0.3681806047604194	0.4816274381034199	0.5029770955961471	0.4021429124777899	0.5736940650496719	0.5273138713150549	0.4415200254438236	0.4253507688465679	0.50601555928747	0.3915496035685036	0.8594355068983717	0.6457251264970481	0.01150803293127293	0.01273495703756275	0.02500839242443449	0.2666298928971205	0.1789753846727987	0.5256832514314309	0.3279077912230873	0.4980356983300701	0.6906394842818754	0.5151202217826544	0.5408935341676435	0.7001368476463966	0.8889658584500176	0.5061743307274197	0.5052543503825695	0.3844557637594281	0.02779289769041133	0.03977755925849905	0.02473506066344224	0.04477364316317261	0.6464246151916467	0.5635681643694652	0.01091598397755687	0.02055722381482615	0.6699636685889124	0.614128617484382	0.9834812534449353	0.4744858301020328	0.3492701914412367	0.6660713119059866	0.4774952054794049	0.4868505083416674	0.9875343852621649	0.08126117562581217	0.01892478583175668	0.9561237107780106	0.924823743316791	0.2935320614513733	0.1239417390241963	0.07987743025022391	0.0444791034530905	0.8996335495697793	0.9344163103883374	0.02110450396193369	0.01493427443193781	0.0152267003677124	0.01629880889216811	0.02663993967678621	0.5085770365935011	0.02844882568358575	0.02989898145757386	0.3555801429611082	0.1448908537751947	0.1436403953885644	0.9696410231764409	0.9714843232407834	0.01665432513590358	0.02612311579787891	0.02047287695754195	0.9244716855870977	0.0354750102682618	0.03223889376487114	0.02808813642791676	0.9315986531345811	0.8733808330666425	0.3965039419221842	0.5668893328082998	0.4939462529769504	0.4916743189718681	0.550926620429778	0.4694239329653655	0.4439504209126936	0.5026336007402302	0.5432403369620697	0.5240671823412881	0.9999981021092827	0.9999995087781851	0.01000058037026114	0.01000526605818772	0.01000047344562128	0.01000075550040415	-0.0005662165460556538	0.2234368498119471	0.1415069853566799	0.02707606785268028	0.3259904834883543	1.069325203627647	-0.06173615423566667	0.01412770286081311	0.004597057986280954	0.002841314047527275	0.0004315363171602884	-0.0002191028654061032	-2.379107338212166e-05	0.00549104078197583	-0.003839906174236126	1.496816498533872e-05	-0.0001259110061393309	9.217586272884286e-06	0.0001755674704558228	5.428386272256403e-05	0.07854988799596038	0.03453549992016285	0.127086321011312
0.6342857142857143	0.3882769310114205	0.5360209234174068	0.5814291687441043	0.4950529635893666	0.5317884067822113	0.5389245549850732	0.3883301178676464	0.4644015106099217	0.4044796871239387	0.9097273997756957	0.6853655097588764	0.2914497679721616	0.2807102408851896	0.1765425551816792	0.1904516498684399	0.3119740664517964	0.5043583110023366	0.4621509835025013	0.5209762988557051	0.5321737883761761	0.5038830208187756	0.4455568997269878	0.7833972298048748	0.8246161334059229	0.5269055447932646	0.5528036486861648	0.5592943087010999	0.06241537010065096	0.06236809858507913	0.09501421387957004	0.03861163936542016	0.4587595764185884	0.4625560760228927	0.05732594994280719	0.04608427964782984	0.6488131276204738	0.5995205853170783	0.9432889952023306	0.5045249730774654	0.4171733815231038	0.6615944465330009	0.5124796378822555	0.4879797357443333	0.9830765451260394	0.1142502540416437	0.033494602299948	0.9629664249701984	0.9117757680299935	0.3874684029249277	0.08509498974856777	0.06398638547527852	0.03522876209970256	0.860584639702482	0.9216338864436725	0.1252095066504618	0.08109273230703494	0.0531336469128238	0.04175726962168007	0.02634744946583691	0.5143030869729058	0.2089708343006609	0.1198461639559963	0.3615979648835626	0.150895779391629	0.09890822185917174	0.9539982958232556	0.9577820261275392	0.04743508944648025	0.1006656588709118	0.04831300732368132	0.8188361784962322	0.0522158775533365	0.04714534325963853	0.03982280658064798	0.9024337847361765	0.8168488059857025	0.382669343705019	0.5491767684862806	0.4974912320154062	0.4950013581917669	0.5505840221291809	0.4736969493916994	0.4524070363155014	0.5027731867290015	0.5351242572686135	0.5208270288797392	0.7909587948770259	0.6695631759977048	0.3521544403382877	0.1622201255579031	0.3319131428120857	0.2093043005119715	0.06002316054374279	0.5344646931640807	0.7813156049584883	0.3246596274986381	0.4512463820650741	0.6258080291500331	0.306232374021617	0.4147390545574516	0.4271713792833488	0.9701670030076325	0.7484780487272876	0.4408652978883704	0.4179773671743051	0.29119317369879	0.08859265482787153	0.578823027716088	0.4876789063872424	0.5282255932762949	0.4880929575994549	0.1411383869073796	0.3917086712017646	0.3316100155368971	0.9378811156095082	0.7683491344010936	0.5601960818917829	0.5766137716720209	0.6756535725919952	0.01027986070182498	0.09183014675163804	0.2022807452494004	0.02606652502093945	0.1434057706972209	0.3219987433330138	0.1397226421023435	0.1032229612435156	0.5891086643977892	0.5705519383937536	0.8534705995272776	0.5666299145285517	0.5803044739126281	0.6092016471973271	0.5084600730134607	0.4684044800237482	0.9675864479625523	0.1463725594238979	0.04291847775036736	0.9605717064112503	0.8269783166331278	0.4292485018500645	0.01113376595455243	0.0263644261564603	0.01135770010002306	0.7384617309946856	0.8490525650662569	0.2896724062214799	0.1753442899483835	0.1025827959116493	0.07115683593494727	0.01674727399728301	0.5113726461918928	0.5284709026585959	0.2543235250208482	0.3807013523057592	0.1388616879426624	0.01056493241332442	0.896096713116329	0.9034193429955519	0.0862365484636082	0.2075055797650578	0.07915060196367282	0.4909502030067606	0.07754677046357537	0.06941553973764797	0.05705255438660711	0.800162812701707	0.6451176340035578	0.3961019369943582	0.4958439537014465	0.5062321916242124	0.5048002091384157	0.5253078634196571	0.4955836204634487	0.4907333775456657	0.5034339056911955	0.505290957076461	0.5075566953622693	0.4172171027458932	0.01004303054945102	0.9999520966263374	0.4278687444889238	0.93501583238502	0.4966382710223793	0.0001308755241516553	0.3627540186844801	-0.6441858358750187	-0.1736454150026679	-1.462781801820624	-0.3961560660366709	0.6789759050264673	-0.02809915910721015	-0.009289536334134004	-0.005512229094337981	-0.0006427916949658328	0.0004378753845278719	-0.0006446382586084527	-0.01172242850366345	0.007721512865626797	0.0001199000706100647	-1.760290010739765e-05	-1.581946389661923e-05	-0.0003389558759345627	-0.0001385382949511008	0.2100969457551808	-0.291459812242284	-0.2869669561014112
0.6516666666666667	0.2522793171023753	0.3066289283618303	0.372794257966867	0.5745116076370412	0.4738150161365777	0.3199849932713413	0.620205098159581	0.682045692190563	0.6444034992751757	0.9458816708065835	0.4218146596530822	0.1959425954617689	0.3626153654047958	0.27686652555555	0.3933938628028212	0.5059952263272351	0.5092335938081176	0.413921606817311	0.6407396235707354	0.3794102661503314	0.3373454369072933	0.5363511143705768	0.4874966374636469	0.4628885614750961	0.3085464607229892	0.4611885958079481	0.5818871624298968	0.1561484489653103	0.04100134845106494	0.07620808199524313	0.01815164475140493	0.3984075541711408	0.4429011377914115	0.070253368389739	0.1194694382723136	0.6480924548048654	0.6074290912651205	0.9245336326372824	0.5065726273960325	0.4432894358076337	0.6408469599114682	0.4816740507656638	0.4778282974337311	0.9973716549169084	0.1084932712605702	0.02329142355922901	0.9809059197775043	0.9284946822110569	0.2418784236410585	0.02636468203767839	0.04697347050249771	0.0149893170259319	0.8506269132179656	0.9276367972682465	0.0961165960987761	0.06136793725450115	0.04042269524964519	0.03215642452559007	0.02067744116387713	0.5157140326058789	0.3462835037523488	0.08984431018793688	0.3270458488441921	0.1457774516915424	0.07789087075618366	0.920355821141939	0.9132920970610011	0.02909278398166342	0.07689039608639067	0.03374295311128313	0.7816428057968625	0.04472833726439037	0.04032774419216382	0.03387353056613178	0.8937769455793036	0.7816387566654935	0.4482480039203849	0.5573638852633039	0.511142356349005	0.5084972979833141	0.5384016217070993	0.4742877913705071	0.4550485697748919	0.4998149148724104	0.5097579676673365	0.5121385555285524	0.8142350333147138	0.5070190308790176	0.6551847266170444	0.1334711574653511	0.3467406228348684	0.1628447204206426	0.2340352367319923	0.01063886343211046	0.01048946691524936	0.7761695550877196	0.4296723801416375	0.01075791480947952	0.9800564203359127	0.9979837194695037	0.9561121866652613	0.957025795999225	0.06321493129771755	0.02860602013859614	0.3539500620205425	0.3013795998750239	0.7088928110049335	0.5806991600312993	0.5356031231601928	0.3309087609332381	0.7931453131323286	0.3445688533049562	0.1475404338580975	0.7081700690348637	0.01053512077170716	0.0104951459650222	0.01213893449213942	0.3294939413286856	0.5443356527165295	0.3310442072504706	0.01017729998717541	0.01016198873761108	0.0101099101714326	0.4811319841389927	0.4913634779626388	0.02889815764109998	0.1495048293489958	0.6695784471781757	0.6244220586909439	0.9423422689282318	0.4658482054675959	0.3692461610633656	0.6323331897800308	0.4510797260640464	0.4809078257447981	0.9940348531030159	0.07841494398868996	0.01044340586581579	0.988676798161951	0.9654761397181038	0.03965797649636794	0.02689129615169562	0.05241022677406979	0.01345066028743555	0.890255666619724	0.9850411237086306	0.01033839233844874	0.01077929486801809	0.01081469047484633	0.01142250070285169	0.02088297811211434	0.5186718876528713	0.3559562878272362	0.0120770443379013	0.2771023593128586	0.145390131718787	0.1021736488029416	0.9054555012071738	0.8796478282682643	0.01032106120898093	0.01232894854970958	0.01044558698441357	0.8867879646059171	0.02883681172204428	0.0262728910633688	0.02266398832249878	0.9221836198970758	0.8081321757651001	0.5420582118892772	0.5977948582430761	0.5268496953592675	0.5235234149103468	0.5308645783441264	0.4644686022191645	0.4401017255664371	0.4945403330509801	0.4852260603038149	0.5054932317941853	0.999999330803564	0.6477734017588784	0.6070363000635142	0.01000029756388591	0.01000469634082802	0.01000024731671701	2.427364725569663e-05	-0.4448747700777779	0.993723277246479	-0.1197383275184282	0.4059204805520347	-0.1337232368662106	-0.3094167195836826	0.01422566600890116	0.004738471966680626	0.002654852975427135	0.0004345327875312476	-0.0002627974677679828	-6.288356829047846e-05	0.005272507432243668	-0.003657725442508459	0.0001994691761867414	3.049557349264154e-05	9.874785277657874e-06	0.0001738389095598227	8.317058651210586e-05	-0.1079775729807436	0.1225504852355471	0.1270295570366258
0.6690476190476191	0.1769935764754607	0.1562648900802458	0.2994501276648308	0.6083593733561498	0.4380604041095643	0.2455904624630004	0.6284012997558646	0.644929265560526	0.6381417095018106	0.9092370538992486	0.4267423942469644	0.1768460019174353	0.2331605131553698	0.1892272335487273	0.4477991927953322	0.4260062035501003	0.5543084593127412	0.4491388053055151	0.5377907777968115	0.2655855756317779	0.1421279277052474	0.5134480950131119	0.4233670755958088	0.424855161594247	0.170125915099053	0.4469291158822719	0.5489403920436712	0.4742844370319747	0.03661177175366714	0.08638840044117124	0.02170655226493852	0.4278627490226111	0.4596631771817727	0.01449978847007703	0.1139494254234713	0.6215030186641552	0.5770785627264262	0.9241287460726679	0.4597833052281556	0.3523515380256326	0.6186748214418653	0.5086489270271394	0.5025788469878015	0.8873718042990297	0.05537873527548999	0.01699096203232706	0.9140607397816952	0.8260303334520741	0.1038735238119638	0.1000338978274806	0.04879350054326255	0.02463441688202846	0.8259409715584265	0.9712160621852252	0.2050051571660078	0.129535240738508	0.06785857536526156	0.03732136775839496	0.01731735517362401	0.5143836212212117	0.5150955012988881	0.1617078174606536	0.3227572138693014	0.1366889175968859	0.07329885230819425	0.9359982891204891	0.9240299361497109	0.1202411225184267	0.116847527264029	0.05024214735165001	0.7664193388183047	0.05973570409806946	0.05399825414254635	0.04536106887212476	0.858040068908502	0.750316517509081	0.5238294464519603	0.5683097997082039	0.5202541884163737	0.5179154641194014	0.5230707115716158	0.4758184579964691	0.4588755156194282	0.4954865863455414	0.4856714666130074	0.5046730589265181	0.6977857752982469	0.6940667201536384	0.4019187453636399	0.3169245928311596	0.2146918905266954	0.3216971888825522	0.01114402015190926	0.2718431790773155	0.6977899899385513	0.3290583815654211	0.406130797160234	0.5517653871740713	0.03625123229753216	0.02033126206326744	0.1160139796656859	0.8024986873087824	0.9981716809739914	0.4208358345132654	0.01078734860167634	0.01071738935010379	0.01070780640776211	0.178000508293911	0.6224130368680009	0.6799582064320625	0.02474951543751163	0.01340790541533894	0.02080860397407771	0.1533711554991213	0.9993886490069198	0.9993943648181138	0.3143428410658649	0.6231507601307481	0.5476464444376339	0.8414180025513647	0.08444368480575999	0.2293450176353564	0.03713074081185452	0.3004552757904523	0.3937190805269171	0.01238946437051069	0.07005230513824855	0.5056270399849648	0.4659304906164831	0.876560199888526	0.4216841267313246	0.2895298249734936	0.5638599425694337	0.6241289075451585	0.5550451475766871	0.5862044091748877	0.02541650001463088	0.03045349536851707	0.7167227275050594	0.4685063838297963	0.1437186140052178	0.2026830181345504	0.03544426260653991	0.03583881794350573	0.6705266321884318	0.9850068664413826	0.6021982961467793	0.3547126121229656	0.1692258641482183	0.08384887465826336	0.01054558849397683	0.5057373482359238	0.9951426675685873	0.4537872493207422	0.3960949555316458	0.1191858606757022	0.01064079251286952	0.9914134991120197	0.9965923406912489	0.3158177860843279	0.3136486118282623	0.1188887721789828	0.4908224736479154	0.1133784582593492	0.1017207084954439	0.08380177539648764	0.6939691376366862	0.5890281363854184	0.5593900289791897	0.5204577754175853	0.5196133372228583	0.5193218261075019	0.4915079347069501	0.4996463347725597	0.4997409647109698	0.4933171882748257	0.4592086054799654	0.4940486835225351	0.01000073265368596	0.8199782313757965	0.01000415095200724	0.9999990903076318	0.5204068489327262	0.9999993007117952	0.000610414006411749	0.9845640966393959	-0.06863729877733434	-0.0851417700218204	-2.400561724521307	-1.083435167547015	-0.1637550326482535	-0.02835919766708463	-0.009046823437693929	-0.00279605095984896	-0.0005871211592564301	0.0003489736952598667	-0.0002841691703013205	-0.01229259262192867	0.007180269153014352	0.0008645052207371579	1.151867190567998e-05	-2.811135979273275e-05	-0.0003415742066284246	-0.0001734428282713653	0.6690503467258128	0.08349752856669782	-0.0999902280292555
0.6864285714285714	0.2627681795426671	0.3926954918306294	0.255802168002228	0.4453088775438688	0.4620612559654776	0.435803709758415	0.6614778732376225	0.6649082015542148	0.6829259063814097	0.5986024139426178	0.3772506790525358	0.1493722002143905	0.4801535612822578	0.4775387593013948	0.5797085667725873	0.3205626204000266	0.4821797591086184	0.2988003836197117	0.5972792082132549	0.4041785862491138	0.2817145293483436	0.209987767221458	0.40615570021678	0.4040039503364097	0.5460048855792897	0.580943064919431	0.3336660924754165	0.4228338280133019	0.08295901961071035	0.08586042712760537	0.02159853175426256	0.2026275787425722	0.2388561108816552	0.04538951173526339	0.136351080496303	0.5891496688830242	0.545133379347706	0.8878102482483514	0.4446480166261104	0.3353899962981405	0.6057121695605415	0.5580644188784524	0.528612376901698	0.8371966482477619	0.05375038007397968	0.04227978976734318	0.8881004065523492	0.8000669439447201	0.09044081551823308	0.09890105453979993	0.03974310574631675	0.02421225759549936	0.7747474735484118	0.9843125974671477	0.1976049715356466	0.1461563490083123	0.07923705492876898	0.04360838685077787	0.02974378029820158	0.5263957816796005	0.8139071634040664	0.1465343846996818	0.2075872205347134	0.07122521223435795	0.0209554656255021	0.9590715593764728	0.9400512078752173	0.09151401249627976	0.1242515955703761	0.05083013076757602	0.7635000044114661	0.07384518948280197	0.06705984368593891	0.05462110455835627	0.7916472272217819	0.674736166036757	0.5397014927064523	0.5285892563877205	0.5387872658618929	0.5358618632388564	0.504620766229694	0.4986166778681754	0.4946825522902796	0.5033610880165549	0.4466799783819639	0.4849728714903874	0.3912900583289955	0.4180314471642446	0.3368081395848253	0.3853631759195352	0.2166795616332864	0.3916874688437379	0.4799648651721958	0.6398510583580082	0.0118904603587346	0.3655305920421271	0.5255101244540902	0.5138482233165684	0.9992720360107923	0.9992774119012579	0.9989231208811414	0.2020176057844525	0.01047442219624614	0.01021556542713283	0.9701469255809592	0.9991331145388411	0.995767821432898	0.2890329492046093	0.334759095146749	0.01073286563683532	0.966975853776326	0.7415818007093824	0.5142652373196345	0.01047728851735599	0.01007828476216414	0.01007519826226115	0.9992024724183078	0.6780590472859188	0.09636101638876717	0.09686622547713229	0.1007219224507034	0.02198686464810382	0.03187532620276746	0.01589545351222546	0.0178801116894137	0.07031679267529765	0.1816319250796936	0.6004878577533312	0.5552012151245403	0.8593565831573849	0.4425736886527493	0.3432225833038168	0.6148348615180141	0.5713625549959964	0.5389846527822528	0.8580842311640141	0.06624122678899141	0.05297958364533187	0.967903605916491	0.9803993800048991	0.04972221968972042	0.03194624110023357	0.03761710911266277	0.01656479001059723	0.7681629156945975	0.9990277143655546	0.0100977499697608	0.01741958523979634	0.02469882079783279	0.01958628726750327	0.04240246179304837	0.568268373920356	0.9997622624269814	0.01041112675587903	0.0222901561542372	0.01728626332125114	0.01027222262926987	0.9678592511527039	0.9288485421085511	0.0100939274287496	0.01050267636056654	0.01037691048276789	0.9393107344047609	0.05978379384630669	0.05488790154522481	0.04353153851144909	0.7606480056669079	0.6356981756740905	0.5391021557507044	0.4920120740104496	0.567323519307804	0.5623488687038196	0.4936852763858896	0.5197756017757189	0.5257158143655766	0.5160463430036973	0.4025551174058924	0.4610945642219599	0.3609388844366474	0.01000444665656707	0.4361677744192894	0.01000084077661199	0.01911747359859164	0.01003007092611987	0.0002874665223036126	-0.8682662344030785	-0.4182931302003364	0.07426240445733993	4.884235471685875	0.4793858531660798	-1.703806992625365	0.01486980918128382	0.004298405567200044	0.001105825225889093	0.0002967988719927035	-0.000158073148849671	0.0001287292255359013	0.005799446354849651	-0.003603019539704942	-0.0001984747068879108	-3.618443120805848e-06	-9.993292201311787e-07	0.0001703907244196889	0.0001140425987310437	-0.4750506269211638	-0.1595364856639795	0.004241586553941586
0.7038095238095239	0.435328810759812	0.5602407854097021	0.262302158097715	0.4330970468512086	0.5295501568942148	0.5429320772545018	0.6684507955030701	0.6710057057250041	0.6696244092718691	0.517943004599	0.3079753916454542	0.1859944810438437	0.6749202030270974	0.6763341554901718	0.6423978316286919	0.2145746766534428	0.399683342573832	0.24531296300314	0.7327354125079247	0.5441102905561497	0.3323760592162057	0.06827831722218056	0.1037332670006402	0.1214269842209285	0.7943993564567872	0.6283999369198746	0.3914226418771389	0.1140892401814447	0.1219173124472882	0.1413647068675218	0.1480384095929289	0.1480705226923591	0.1691800419689521	0.04862335878939276	0.1502979492510346	0.5811100668153905	0.5363838223579946	0.8873372959645552	0.4368222819755897	0.3204380023076614	0.6036655711950307	0.5844379692885467	0.539548416517572	0.6372132349113133	0.04640079217856354	0.03481371773750011	0.953271379980298	0.9425099885930406	0.03058263160789854	0.01598239411916878	0.02700313218326201	0.01214637849659614	0.7352524738323979	0.9939631051037955	0.3220019811490941	0.01014715551409249	0.01015224528850649	0.0103247746560481	0.03058479915162789	0.609819316439415	0.9148373558383475	0.2827661342459862	0.03280443876186957	0.01418367585640823	0.01378569387957844	0.9707283157489495	0.9473542108741431	0.3152668078867508	0.02220269779679058	0.01034397832535434	0.9176787655524286	0.08855702931271994	0.08046296977441456	0.06406082189479695	0.7278978944220647	0.6263055331093196	0.5261073333607726	0.4985005731583378	0.5532898310235529	0.5495635747951779	0.4944580129436588	0.5133288010718707	0.5171968999094259	0.5087822136451945	0.4145500269855064	0.4699949538358833	0.5844282952071612	0.4021435144678684	0.3066910914622716	0.08333790828174234	0.01833048430799138	0.04501301554480399	0.3957858307412296	0.5802424089092114	0.7265118022871432	0.4792566371640297	0.5871686788642262	0.7582727558138135	0.01053619746144635	0.01071712831443349	0.01057673544259652	0.8950768398168718	0.7916963410418315	0.5288257608972675	0.2619666418417944	0.2229023984305171	0.01111910639673829	0.01054612221521701	0.4419343421171457	0.5950442768414949	0.3650667685942665	0.2386160527198032	0.01076551282137209	0.05750418712789106	0.1240393670818871	0.1736577190321499	0.7224910563407632	0.6328335013218568	0.9033026847237413	0.0101756808309095	0.1683538834018346	0.3780736721643961	0.3507554786849513	0.3032411245937307	0.3469877352057007	0.01252615420932801	0.09105168418382921	0.5194183220660532	0.4763193201140175	0.9220482113441448	0.4138796091519352	0.2630568022804984	0.5728397452000508	0.6547885599915855	0.5612312759878765	0.01011599620472223	0.01005037677426712	0.01015242187684135	0.9654733776792314	0.9708127124235882	0.01056401604867052	0.01000789992589794	0.01002071702176749	0.010007330391255	0.6083388557225607	0.9998269487201589	0.9999745863990307	0.01911228952714896	0.01018651635579263	0.01005656038997756	0.01001411458268204	0.7550805260507802	0.9999102120534306	0.8738812618056925	0.01018082161126611	0.01003801724956128	0.01001191374291963	0.9999429821248447	0.9999546205749829	0.9997567720946621	0.06083647336444326	0.02743502945670138	0.9997573222886754	0.1462233635868975	0.1313264482446573	0.1043189609175257	0.5726798456940106	0.5295298454640441	0.4999705710787657	0.4721515042310754	0.5440820816273615	0.541995203995842	0.4804779331556893	0.5208226013270727	0.5317233763207928	0.5014973241201592	0.4027310272799677	0.4691835944961551	0.999992287448667	0.9999991121533406	0.0100009574681865	0.112140969497514	0.01000095689228622	0.01000121622021115	7.34709195720078e-05	1.139406360342344	0.9194790119379264	-0.3161906289592069	-4.083878894180525	-0.719523737460014	1.251801355244553	-0.03209345558936563	-0.008830113155919847	-0.003127659858826057	-0.0005285238351464673	0.0003794700148017535	-0.0003710826241875422	-0.0265450297215683	0.009073588798068006	0.005277663784030529	5.97586309698231e-05	1.312240433612292e-05	-0.0003392228333603749	-0.0002977863279437114	0.9163403242725308	0.4207207595294974	-0.1498162430071072
0.7211904761904762	0.4688752935264904	0.5171321082398352	0.2728308353708384	0.3982551723297995	0.5485103202954901	0.6656289842053495	0.6725767201330162	0.6047730313966104	0.5875854422943041	0.3794609203941264	0.361623148886118	0.2112454100493102	0.6003428414468632	0.5707487720440225	0.2001280995035539	0.04336024380814388	0.4542594015843565	0.3971049710652692	0.5131404831520764	0.2100751490487021	0.07288158738613276	0.01022358744405788	0.06109670258824304	0.07994018541440341	0.7669107334637377	0.6592506468133821	0.4802231542205123	0.4611965079357194	0.1748303665208917	0.1513088299453899	0.1292880029440834	0.1152042117243724	0.1326930093690118	0.04531201650999249	0.1550742452828205	0.5756684146103088	0.5291080647829932	0.8895085437495414	0.4116683697020944	0.2868686040825771	0.5953150433068907	0.6052377192211186	0.5506319108280819	0.6022669230604938	0.01002831796164071	0.01001050900040495	0.9999661504188848	0.9999372161624616	0.01023630216175211	0.01072776116873041	0.01003644405552174	0.0100900244452821	0.696998883677618	0.999975720884577	0.8054156072415275	0.01008710058033383	0.0100817970508516	0.01004782021587638	0.01001235654832257	0.6942361499575124	0.9989044098035034	0.3436127734722798	0.01015723852949461	0.01053822811377853	0.01047062664047039	0.999991738405435	0.9999933722813211	0.7199808739700293	0.01027649203195649	0.01003757125197445	0.9999685539916294	0.1004606516130733	0.09857551802638334	0.07515893454016701	0.6404574688714731	0.5717424320247818	0.4519012029800503	0.4514969745547702	0.5703304996899035	0.5647213551329575	0.509509341247783	0.5302114223013625	0.540671369359518	0.5251913877050168	0.3779308320811681	0.4477787570265152	0.421298962991778	0.80827956927747	0.06914680468623126	0.2209541896733004	0.290011415990569	0.3622578503713002	0.5405497529459523	0.4358703165770613	0.0107193257146606	0.3405614159020902	0.5430267072253263	0.7031114389022355	0.9991874999338578	0.8248070686084064	0.7805043882969177	0.02736392488822692	0.1247080708604533	0.01152874885695259	0.6928279799291245	0.6684434056162661	0.01059757367985186	0.01038913214553754	0.5010405929010816	0.3610230777440143	0.4031115793215633	0.01058468360896032	0.01025337539647976	0.01018520058068009	0.010218667350938	0.01019480559595306	0.7613713285571685	0.6868504566341381	0.2596360534929527	0.9996071948532034	0.2083941275683714	0.03860602071811369	0.01997188898844443	0.0120964347778261	0.01283308714568348	0.06055405366838509	0.194164117093423	0.5959494668420725	0.545497642811802	0.877436322934958	0.3849671982791944	0.2657382350627296	0.5975490526639473	0.6048437198931113	0.5581333857377162	0.8523656818084605	0.01006377060046824	0.01486942182891904	0.9990984027602561	0.9991551360369829	0.03342469090189978	0.0100068253716058	0.01001848003320277	0.01000627524487221	0.701856103367291	0.9997844592169761	0.9999690127046307	0.01009637946101724	0.01007367671038072	0.01004416075524132	0.01001379545254232	0.7184010855706194	0.9998976330029939	0.01058322812570272	0.01017910082139432	0.01003978775846718	0.01001252755511998	0.9999081932136797	0.9999278417225865	0.7834155666947694	0.01058931725705092	0.01038991484287392	0.9997245246801924	0.08248626525424452	0.09017777322101517	0.06494231685503596	0.5841369603404283	0.5395423955874353	0.3650510971491832	0.4033272885919632	0.6014195537028334	0.5921229568280015	0.5349527108363299	0.5490551942081207	0.5649852334735974	0.550064600416134	0.3248486118206526	0.4148162122260624	0.01000193738914974	0.9999841134122838	0.01000216853292911	0.3406234226714891	0.6096037806444975	0.7820988348201541	0.0001904518827793843	0.2217003168701769	-0.7916908616916785	0.2220601320202102	1.67917981310636	-0.6996743842162707	-0.8724350788775037	0.01605131735919039	0.004162319440657806	0.001314652882714435	0.0002992813940305928	-0.0002050034490722093	0.0001250261800353193	0.06779321303960982	-0.02339146664297172	0.0006189717954465734	-7.257752272649899e-05	-2.961502592997853e-05	0.0001640713953251406	0.0001815813776395698	-0.3193406255798785	-0.2941479561920322	0.1089440103755953
0.7385714285714285	0.5048356438840432	0.4598344015116238	0.1486200424108614	0.4284843043597859	0.5430376283981267	0.5992800493063041	0.6744686417430709	0.582319214557309	0.5492677273184019	0.3627943339595375	0.2110115905763574	0.01066801312764131	0.578855405294102	0.6568438839273153	0.3402284178190055	0.1839842081888906	0.4546518603481753	0.3417058323470342	0.540646063668981	0.3311698524140425	0.2960963467606942	0.2663454485926826	0.01029215428664481	0.01034349777770225	0.7581542176508859	0.6133492439788408	0.2723060524904893	0.6112659579178887	0.2184609064918294	0.15971785920031	0.1749451896939542	0.1186136650716022	0.1270371547528396	0.04467949956207764	0.1822933835624108	0.563984062181341	0.5141982826324106	0.8971188815995494	0.3826184513994668	0.2330975597331653	0.5884607465703149	0.6310169140554208	0.5646883187617556	0.5860384695667745	0.07259880118126823	0.08565072516168055	0.784698497167658	0.7593291752824596	0.210732328655982	0.01065442573503914	0.03622786055646845	0.01211455808177495	0.6803287029816759	0.9794398306225429	0.6250578632108239	0.04273030100687983	0.01049889756550724	0.01044151097972615	0.04263242655292713	0.6281292291741585	0.7302917795493636	0.03431171852049596	0.04670343297981351	0.01042599688122816	0.01030607629350454	0.9041778824236204	0.8280878618850946	0.4994209969616457	0.2074735314693755	0.07564906385202093	0.730696119981885	0.109968813717645	0.1150623467498525	0.08456432677766383	0.596606777868368	0.5474224647120065	0.4293390411193347	0.4445143008368871	0.5842636464283874	0.5775435910135851	0.5051776871823813	0.5320320929695878	0.5434194287364019	0.5242036873802894	0.3154545450536895	0.4261170737005014	0.3892756965024688	0.7216760236126574	0.2384683505035192	0.2127558961071826	0.3798041043153392	0.4826862858061982	0.4686895393055168	0.4501521181259047	0.3578278704211132	0.60208992971049	0.5495357543731555	0.4116424547617932	0.01056471008337692	0.03615672539239891	0.0106530603252444	0.9215346993511458	0.3274693720044138	0.01063956212607472	0.2942777302345128	0.6337002929006983	0.8788898588994429	0.4691366134468032	0.3891445115836046	0.3525221798400251	0.7180285148368148	0.8865451292999318	0.8309795380731421	0.7755333896255378	0.01780798540010542	0.02055255513631663	0.7290003732525827	0.4501230463289175	0.2300781593456042	0.01033998755475915	0.2571124175002764	0.4011629553599098	0.4811639835646198	0.3157515524824372	0.3358239593176175	0.01215431818841455	0.1550943461114921	0.489337478016094	0.4387673261108362	0.944322972591242	0.3530433601345174	0.147065035400706	0.5610358092200035	0.7133951890104433	0.5929404526137898	0.01045535951601868	0.1605168824326855	0.1895523228248435	0.1970669898739647	0.1062214444126052	0.5314357068075435	0.01053123011236354	0.06993064344663295	0.01453591340793244	0.6030789658754815	0.9242077466062795	0.01031667268874682	0.09155693603988579	0.01107554090576078	0.01091920044706968	0.0853129946439645	0.4452677149042418	0.01062395955699924	0.01071779711027603	0.09501621220940656	0.01025234479927967	0.01007114825468719	0.6457731944453052	0.3654346047128679	0.01067573480043766	0.5866524105850662	0.179669072762863	0.01053658051170007	0.1667175766418319	0.1670989555741773	0.1243251979425041	0.5416910658115258	0.5178238113727349	0.5067726177737877	0.499036064710056	0.5682519299488585	0.5648750315344926	0.4507942272126038	0.5079143680759246	0.514308578822226	0.4803551330416927	0.2575315887646346	0.4264253578628401	0.9999991547203315	0.3242390450113969	0.6355881735661494	0.01000068681373716	0.01000836282637814	0.01000072631280704	0.0002514046774207133	0.03305991860797442	0.3836844311254904	-0.3940251191853192	0.8057385056157333	0.2625467289010702	-0.2374526374528869	-0.03227789435561086	-0.008427679228536726	-0.00367993997406598	-0.0005086601206885776	0.0003680202129583454	-0.0004936666858915304	-0.04563786572331962	0.01086393620309209	0.008425194299714523	-8.164083196522952e-06	8.376831831897518e-05	-0.0003217113883001358	-0.0004553226539498564	0.5222427664319443	0.4780827883524928	-0.213082656698564
0.7559523809523809	0.5577538252450478	0.5811519566656711	0.3248863001304144	0.4497621792388034	0.5553641739718898	0.6599957444802123	0.6751524449608655	0.3939561615098637	0.5743588686543506	0.3449392585862015	0.534575359854107	0.2407780568453299	0.442796705973892	0.4162262980474989	0.3192267278097099	0.1657397036335312	0.5020493159323739	0.467169895655743	0.3453574540657242	0.3154538660285761	0.288029795963668	0.2644104550267922	0.04022149595247177	0.02650567361540116	0.5550779508143897	0.5901075334323279	0.4509715196269132	0.6488305696598884	0.2943287540898132	0.2857748478234102	0.1881028224715063	0.1140348867079586	0.1211555782058555	0.04203828445056332	0.2483398365402204	0.5410807041590571	0.4940894053946455	0.8542878727949615	0.3552121636987966	0.1992225855969056	0.5622888290440339	0.6319808208719538	0.569707445426063	0.4913586133266679	0.03785575993197185	0.05713966401590997	0.7618355673576009	0.7296489487513437	0.4884424441141195	0.01043880867655624	0.03179165282748654	0.0102085619808046	0.6741605573418613	0.9964900628903901	0.6545718051823813	0.05007115106221294	0.03293196495393898	0.01248868269727615	0.0101445540370901	0.5447762671750254	0.698196965311587	0.3291885735540692	0.216963809037686	0.3414250729409863	0.05557534748752537	0.8927458788800029	0.8108181869345328	0.1797631803458423	0.3259439226417768	0.2481418476842905	0.6985528438973055	0.1203703236422406	0.1374664648099345	0.09923923423159507	0.5649216959063317	0.5318713647926476	0.4219732571076718	0.4450287939461017	0.5964179905438777	0.5885768745911601	0.5168910208603194	0.5240839376709663	0.5332593229440803	0.5210938724348233	0.2470007746544122	0.4017015876590142	0.7826876153775688	0.7324424411572353	0.2132137978332677	0.4368505552302722	0.3249269297104349	0.3399401041809088	0.6467101054790335	0.7679613492262739	0.3753011836540555	0.3839045444818097	0.5775109949010697	0.8609050840399021	0.9993330604421947	0.4209927453085612	0.8743126598610683	0.01375490496766059	0.9096320416660522	0.4910568375765971	0.3641655099189465	0.08530854962841049	0.01051753537020209	0.01039400691039879	0.6002498228119145	0.603583409949956	0.01148345735543718	0.0104385579912352	0.01022278574891456	0.01012344010475096	0.05838066557404986	0.03235120266645529	0.3002820858431481	0.6465536010694086	0.6953758184974459	0.9996896048198335	0.3762271108649102	0.2903005756729608	0.0447320150533141	0.01057693437315489	0.01193269751146209	0.05630227092576225	0.3552147190327153	0.5452247974043373	0.5052386038774387	0.7503110748892967	0.3400108211892156	0.2151217274165819	0.5361318191239652	0.5865831997015194	0.5604641100576974	0.6878736050734866	0.0104067173310031	0.01035924480149975	0.9994105715582846	0.9992676799483871	0.6377979529328957	0.01032665460891801	0.01025801514036919	0.01020866348154524	0.703304496522912	0.9994506589256001	0.9996674743708565	0.0253162775041588	0.04932868515965504	0.01367214258489159	0.01012836946241203	0.5186143643547731	0.9990575139327231	0.7015377739554542	0.3678951047378333	0.742310850239757	0.09279260761440743	0.9998303484048964	0.9998661822767753	0.02423912933363516	0.2380715754721168	0.3538420878441026	0.9994320146064336	0.1025500430368972	0.1377180855476958	0.09388976667835433	0.5399675170917895	0.521450437000139	0.3475552468694305	0.4018744925866928	0.6228661794501492	0.6112977869165391	0.5724670080782693	0.5311805139335654	0.5413382497692217	0.5475305653360965	0.2038287083159815	0.3679069191239016	0.9998937746184344	0.9999894065044601	0.01000184018600045	0.8561546461066972	0.4287195515400685	0.4172192431199939	-0.0003134315086389237	-0.06947969278761874	-0.05507146834554694	0.2981037155217771	0.06964475318011711	-1.013052224774422	-0.6673890594162852	0.01594561836391139	0.003931030477326169	0.001779045549711259	0.0002292354880402144	-0.0001357204256123672	0.0001600840303838751	0.0233376904301942	-0.005735509369547257	-0.00461034891649332	-0.0001000297245882441	-5.188222845080356e-05	0.0001559130781841681	0.0001704891492490235	-0.1263089779072786	-0.1372194853020226	0.163463867120019
0.7733333333333333	0.5593745787884096	0.6562072373399085	0.2428402432053299	0.4354335710687358	0.589518258597399	0.7445305434629056	0.6754606171194352	0.4505372073078789	0.5863703094712183	0.2589158760392408	0.6558121704760698	0.3083020289104981	0.2847530432615919	0.2540107889685161	0.2913126615501452	0.1945032064462058	0.5164843418166999	0.4039023387385919	0.2531578558458181	0.3212770757026579	0.334756041731252	0.3329280428717306	0.03930689625943926	0.02284424759109995	0.5684856095140076	0.6174504676755544	0.4440372920697196	0.6662798299537244	0.3816389046538635	0.3329304595466331	0.2132073856763006	0.1179046831288993	0.1321146031358194	0.04298675315036161	0.3585114336247036	0.5316496689638366	0.4935746311315938	0.7873534751854575	0.3659266245201756	0.2423981634289457	0.5441226288062969	0.6124334452811701	0.5630684685988233	0.6864787247047454	0.3035743792159691	0.2178409634190032	0.6953042818735266	0.7023423999680154	0.4999798657803762	0.01026812379309031	0.02144037271785328	0.02840830136137542	0.6713431139354051	0.8255285673573687	0.6683535073698085	0.01479459858004173	0.03457171652732505	0.01243536613293941	0.3149850654325622	0.5296120853507174	0.6848636332498247	0.4354878087294488	0.2774331719379482	0.4563045677012108	0.06978245845830411	0.8742808246013339	0.7572897235425334	0.05580748696004936	0.3230476113361555	0.2158857621086336	0.6846495969424718	0.1324219127644655	0.1771389988076575	0.1156754459512565	0.5283152078708642	0.5141110175682756	0.3151023282157752	0.379702731024926	0.6039360681728175	0.5942724155014918	0.5672769786408507	0.545093564442236	0.5597559321077005	0.5542987399371231	0.2573264836944228	0.385721814529286	0.8947417017093524	0.9343792769760376	0.3264307706590783	0.5391291294917849	0.2997682695611983	0.4862460855903316	0.4123706821050948	0.5433955958876751	0.04946439489793931	0.5399089792939979	0.6430584115644039	0.6036531058631388	0.01055405998591752	0.441783729999901	0.0110327600663507	0.653455577921619	0.3683732346802174	0.01031080508027805	0.01068418119645372	0.3684313860665651	0.7935522041025396	0.5545901108344731	0.3793539752479471	0.04039843301918161	0.5650620750708016	0.9081820831631336	0.9843182188335331	0.9986530560639992	0.01050100366833205	0.01062196821870772	0.996490213081519	0.5648434688238935	0.01458595029932907	0.01054561159019956	0.4490054598383612	0.4884829654004067	0.5544595461749516	0.3262382773365693	0.3660045618203839	0.01492752541039072	0.4084103082845617	0.4865058114489406	0.4595292027768488	0.7793765236145942	0.4088523420088817	0.2848590270928592	0.5341427304543374	0.6499114496132767	0.5664855972531795	0.7478672995603305	0.9396779168508199	0.6419372901912214	0.01504644828752938	0.06033608774522865	0.3701111250681048	0.01019511981700829	0.04724778160499862	0.05425718752140896	0.6017178737211961	0.3390747780854769	0.01083999584293501	0.01271832438468693	0.01059438714879168	0.0105661509183188	0.9640841977260255	0.4979293965695613	0.01397295494060356	0.0111039210871203	0.154792658426105	0.01029011225945185	0.02977524400956252	0.6000699907569518	0.2147794595392521	0.01161205400868455	0.5418823165695045	0.01286696763206545	0.01214155968163422	0.1937730703161682	0.2609057877615979	0.1602456352555793	0.4645702605827707	0.4803570510241953	0.2051643263672256	0.3056070016255711	0.5777521085292106	0.5699893179751339	0.5939706663175242	0.5820335952618189	0.6083913286840561	0.5869828326084887	0.3368556063264818	0.4022278295039554	0.9999953714347827	0.9696319392453643	0.9999973013737666	0.01000090738946263	0.01000286795195996	0.6155864452060716	0.0003316501699010041	-0.01331480390882516	-0.06039792769582662	-0.1125408311413754	-0.975995146025031	-0.8443246132723279	-0.03951007198424426	-0.03099289106015815	-0.00791045456795543	-0.004678223483384456	-0.0005577423664491083	0.0003491985689106725	-0.0003961962173305478	-0.03651113612381979	0.007948956761560979	0.008833844652265086	0.0002188489958594325	0.0001213155994098559	-0.0002880360557319	-0.0003184140047608389	0.2123810009082054	0.2050612060954308	-0.1603898468883405
0.7907142857142857	0.4957866787156809	0.3946953280596789	0.04633010346344595	0.4397652519022004	0.5369887044157631	0.5610902569954127	0.674927804822287	0.2293569617823223	0.4542614277796438	0.2436249871403305	0.7470089742302689	0.06417030990334903	0.05677106441267955	0.137242497080391	0.2843432332830729	0.2176742490235117	0.5336188474111386	0.2717006488945643	0.2017307146616634	0.317244556828951	0.3445351742752932	0.3489820190973913	0.06532018024834052	0.05650251739195552	0.4682722594529321	0.6010301293446311	0.1120179974801822	0.6718925093919643	0.3787921415162865	0.3616545341527773	0.2309173512210342	0.1200818012997121	0.1333785321211352	0.0417551809651488	0.4137001660135124	0.5145229046441544	0.4816948068448851	0.7387213017352258	0.3657816935320204	0.240984137798538	0.5261267796675242	0.5965382021169334	0.5585186197797097	0.3963473238572461	0.3315600095607611	0.2973847987127801	0.6527482912092778	0.6653001357288587	0.5654443018995889	0.06617056425917305	0.01036856964888354	0.01011453495365217	0.6503681036100936	0.777365925571175	0.4078005419795731	0.09709176713984988	0.1289903182201334	0.0665326057351735	0.345523088981109	0.5132266948415092	0.5149074843682384	0.3552087242484125	0.3200215209019086	0.3352902705613572	0.01011045584028289	0.8602115000414676	0.7325389271048245	0.01881573174273632	0.231815065875042	0.2075383127173814	0.6760335370834463	0.1712747561750758	0.2469627865045364	0.1593586013540839	0.4868914951309122	0.4952851408139368	0.1849095915364042	0.2902943399598579	0.588601214155994	0.577656163689532	0.5998453344709557	0.5539140819185376	0.5721035846577427	0.5610890209837314	0.2847402233913878	0.3964150854838289	0.8584408463407979	0.9999981056725701	0.3914194962806242	0.1577462106507247	0.06022183331197037	0.2878516880438188	0.5263652559972338	0.1396674895467312	0.01035195727999343	0.4246270539556438	0.4658746053125676	0.3974494638027415	0.9977283966243569	0.01149457331638201	0.5356936484243671	0.01326858325345609	0.9992341615649871	0.01025757474002269	0.01039774125978545	0.01050237074916923	0.0103646799951249	0.01035138867185914	0.6257278994127533	0.3110871922801696	0.01049878784781015	0.01031618201078031	0.0101676751460766	0.01012098119281271	0.1015816180785105	0.08972504999312088	0.1168424218560211	0.5983641586493925	0.01054839896354679	0.9997513821046045	0.3535645948866695	0.3216561727389876	0.06890570136768093	0.01058496125511498	0.01414815072311366	0.06037147775908608	0.471938947337915	0.5156123094135711	0.4859847967094257	0.6637453959578528	0.345353780716543	0.2222777062318677	0.5047071352985251	0.5505365939913717	0.5487755668796162	0.01045449733064154	0.01068419192429288	0.129891042997354	0.9994065692399748	0.9992320685108237	0.7603489845813757	0.1329194364632127	0.01085230428393313	0.01024775432084734	0.6430787034131509	0.9995592539348831	0.3447957290069938	0.1692437031479948	0.2304500422991339	0.1194673960256253	0.01011391081125193	0.509240066569443	0.5815188929436285	0.4473933719457041	0.4335303557115425	0.3933872758245429	0.01018845946459684	0.9996730432551729	0.999733281713989	0.0120644240133436	0.01241445602131352	0.3524730754430622	0.9992729581172263	0.2006221270284339	0.2966673726956737	0.2028528016316747	0.4537347016314157	0.4837241095438821	0.09371707081021768	0.2158743857645778	0.5755922094921025	0.5614097110105226	0.6424056063891898	0.5436724876312112	0.5580232123171404	0.5532851839202108	0.296963469667208	0.4114513507188393	0.6605187235393378	0.9999987780681562	0.01000389999001432	0.01000111580901255	0.01000064362693792	0.01002581888692327	0.0001072255500641561	0.4069902618409308	0.02252213522904715	-0.1852667755909127	0.1707560469009908	0.3083032533416506	0.2209165731608326	0.01541387537590829	0.00337039304939395	0.001689703462214182	0.000347479921795199	-0.0001696303922165384	0.0002718819102411516	0.01704088001283836	-0.003744777379309486	-0.003634844354422098	0.0001464306292572917	-4.471073836088128e-05	0.0001231500944174134	-0.0001009716996435473	-0.06240411464554906	-0.04429173943329281	-0.06096277196082713
0.8080952380952381	0.6576083904956856	0.4587569280886115	0.3367909635427889	0.5684369443977629	0.6299854190014542	0.6176373521102678	0.6748224649763381	0.2768405310363977	0.3913785588241956	0.1875245460710554	0.6742900864527246	0.2936771512444283	0.2856238410366829	0.2977186095526211	0.2653952287169165	0.03427584022522506	0.5381568623548638	0.3835215575878218	0.261465552626832	0.3448613292617028	0.349569017001791	0.3498009141313292	0.06925867036807594	0.06063808262127132	0.4231857653826365	0.5767253831724534	0.3503636823843783	0.6744428205125271	0.4287533728243548	0.3900457114643296	0.2322355160159305	0.09636294030980194	0.1338546016355442	0.07917566681293127	0.482239912746154	0.5185707507146273	0.4918966936963513	0.7013849772454864	0.3711911930178287	0.2603675634553037	0.5155450287370011	0.574982825078018	0.5510516172110616	0.3982013558187597	0.3001419108781214	0.2297912475502253	0.9373282893564302	0.9381110478666792	0.7246818338894139	0.2107096095043033	0.1596665438618473	0.1916339525005124	0.6030760484912794	0.9585945476368604	0.2854169669940121	0.1096943749529548	0.1500646046999222	0.1252207977743104	0.2712761483669142	0.5195593082219755	0.4336496731069839	0.3175492194422059	0.3306073383655235	0.3281374413694823	0.183938417233536	0.9414320829339098	0.8623935990529873	0.01399732690671485	0.1291959237012963	0.4862009455299218	0.7065430588424576	0.3035138113191295	0.3541161138019415	0.3027460235363329	0.4438653874066373	0.4799122520357387	0.1283615348948973	0.2476841130638733	0.5686390676986937	0.5551735784530469	0.644763929571713	0.5412099522659534	0.5493164884719509	0.559480887200216	0.3910261216841437	0.4394191658301662	0.5328416481094661	0.7332677370356125	0.05197669378280616	0.2993648696980601	0.2998035163048561	0.294331056277373	0.9995657714442771	0.999615482289882	0.9996905270143841	0.9414694154612273	0.9981084204930178	0.9992703153246959	0.01098773678284557	0.7241038392062613	0.01127931596633518	0.4872271251476101	0.01293211808921147	0.8268577015263507	0.8020184158597577	0.8898000163635561	0.7344242274033079	0.06722720619799367	0.3727490850705856	0.5001164949905693	0.7569422802043291	0.9995253795395203	0.9996418125169874	0.9993571400029192	0.0101794644450623	0.01019055989254159	0.9215250520750448	0.507926280777139	0.9994478422405506	0.01050668087619344	0.6018951020576628	0.5525484919705151	0.5558988519566002	0.26293363810111	0.3673317118209176	0.09914104440123658	0.5637789371356565	0.5180123905388626	0.503409937683077	0.718716560449651	0.4248030678442313	0.3390056221018661	0.5211617898512091	0.5998381310290991	0.5482663892515075	0.999295437943443	0.835333719602221	0.427787680392515	0.9989403245333593	0.9990184421303948	0.7948306457061466	0.3518860561276628	0.4281537649060516	0.5316316163730885	0.4775678706278145	0.9985652201373931	0.01011586712538082	0.01037269571085826	0.01049416276650915	0.1293526885066368	0.7221451279445454	0.5355256719807652	0.01056063992135505	0.0106968677666859	0.1414675607402936	0.1382897521545682	0.4908520855392339	0.8859605790652527	0.6713831397132719	0.01018337794014564	0.2843584016167765	0.8171116443710426	0.1213587406171835	0.5440526030213959	0.525219449340235	0.5351587344917318	0.3797751121329407	0.4538479757774195	0.1472998092864462	0.2615704292992802	0.5329008338732566	0.5187798313316478	0.6992598978754283	0.5327006675718237	0.5233604754603017	0.5743996124354879	0.6307426160350215	0.520765971473823	0.01000976731895555	0.01005231660230347	0.02582497131682297	0.7793324101649745	0.850686692106405	0.7564854936549618	0.0002331046141662815	-0.2530092289364412	-0.1233370523107964	0.1008411668772031	-1.110917166069309	0.9858935218285326	0.190059627946382	-0.02898646850186372	-0.008347079055633961	-0.004778201368906756	-0.0006865270197586393	0.0003132211315876524	-0.0004132877142317787	-0.03116334254337819	0.00664925479743717	0.006862128831143173	4.256753756422976e-05	5.375109850202753e-05	-0.0001911658272685934	0.000289586961941907	0.3220896331112774	0.01616995144032679	-0.1327735031745814
0.8254761904761905	0.7599240860182778	0.6836109488082456	0.4337591424969907	0.6598002182161583	0.6607973978724508	0.6222993238850515	0.6754841098286344	0.5956503337998222	0.5585328024136765	0.1869771247717395	0.5709626177965793	0.2907124945359502	0.2969138618356148	0.3236597877714218	0.2827438460207793	0.2069653303177223	0.5122250229668353	0.3226028605035909	0.2763582162493958	0.35146892145431	0.3523184799780985	0.3961254082088977	0.3608525344291931	0.2654476761835796	0.3536812904272149	0.5015446030806048	0.4715289177987506	0.674614297878564	0.4042347117574479	0.3979694266516734	0.2899709413314325	0.1054412939622428	0.1381108261524397	0.08959675999044892	0.5367237857429678	0.5172264479188644	0.4955451250247448	0.6700841263434386	0.3784961523995097	0.2755023169270427	0.5051502790443828	0.5555974456660114	0.5441995756734268	0.3625891565692642	0.2909405717166267	0.1618729044532232	0.8135505963788394	0.6425397950852315	0.4347212717550297	0.1490208688006194	0.1570784330635551	0.1859129871402152	0.5911781466452896	0.9992456483274679	0.5175153122151178	0.02877827094118672	0.0397883791978921	0.0663140160085407	0.2489466952353321	0.5774442912650948	0.5705487348117225	0.09045299520779429	0.115386957949731	0.1248316567014003	0.1814115596002012	0.9726410854684013	0.8929440281722119	0.4396775055955732	0.5430551324013827	0.4146579510735705	0.6999747894939329	0.3725153954566824	0.4230155879749261	0.3804642283045635	0.3675029606007981	0.4443691457549149	0.0837591495058384	0.190944911472812	0.5252094841489692	0.5046227278089837	0.7294388001319411	0.5170307932383527	0.4916874456163238	0.5728962896301022	0.5484211686678734	0.5016878129335364	0.1476092675089496	0.5154447147181846	0.01005033807477899	0.4209408290576418	0.403147234929096	0.3582157125164636	0.7374744448280961	0.7083693176391669	0.1823264100672842	0.6017155731579817	0.5174117169207358	0.4343757138132308	0.9995673749675201	0.7103224522825705	0.9993766277571576	0.0120785641413061	0.7404460339321767	0.01041064864896046	0.0115704112195994	0.01073891561636186	0.01525744895648197	0.3590792391051334	0.5638792426761068	0.1982575211779994	0.01136509807380451	0.01060784778189398	0.0105840994588959	0.01052779653758209	0.7656311997604036	0.5309295090279875	0.01060806139938431	0.4272850400405869	0.26064649900626	0.9995754711362734	0.2840871681747266	0.3189486883355978	0.1637419854658792	0.01276086347776634	0.01342265719712818	0.1025658830521468	0.5728883118258962	0.515947825495882	0.4955756763646487	0.6088400503944801	0.3618634811463252	0.2552907245708645	0.4870133146373686	0.5118893073501009	0.5345396612381923	0.01007224687708069	0.010071144668581	0.01007643124315325	0.5723542711271389	0.1561042094373902	0.01064038277928453	0.01000919251306648	0.01002436919154747	0.0100104937072641	0.6268399012293984	0.9998902783247967	0.9999088137746364	0.01015844141935682	0.01006653442815282	0.01004156372844788	0.01002023003212578	0.6487780144591647	0.9997232350099508	0.01022984560754447	0.01013544176765437	0.01002524052752014	0.01001215432990564	0.9999604147530987	0.9999665116294207	0.999504516748057	0.999403012169534	0.1419879230003328	0.9995067852078287	0.3335608860554706	0.4239150716183975	0.3558072210259294	0.2898890386565745	0.4049734442018937	0.03330893532439115	0.1234653763556033	0.4732651242844767	0.4434762910246571	0.8310041643362031	0.483317508155774	0.4173312692797083	0.5825506552273385	0.6406186957635444	0.5486801682540149	0.01000305029168723	0.6185511155240186	0.01003678439624448	0.2320591762287628	0.1434297987661928	0.1151353692582955	-0.0001912571187637772	-0.9530850170307603	-0.3495184932928646	0.2617054597561348	1.632167686283337	0.02702956350830795	-1.073885115253196	0.01377569802143898	0.00362901103916378	0.001712920490872701	0.0003447717175825456	-0.0001220779753918217	0.000309273947987416	0.01270249933220213	-0.003921033083717982	-0.002283940301892569	0.000110029507650025	-3.365062749202596e-06	6.914941096832515e-05	-0.000275133300194628	-0.1619288503640923	-0.02012089458791723	0.0770533787436439
0.8428571428571429	0.7956393773431751	0.7467445249840328	0.4431523736606575	0.7008765313964003	0.6705187719761811	0.6235963628888177	0.6756353439894771	0.4854708585519696	0.6376746019553046	0.08904715603198862	0.552357270457149	0.3034707275593906	0.194232396608423	0.2289074097407884	0.120878080531206	0.2234753186669116	0.5290302552268032	0.3301993757610205	0.2007451651903494	0.3516822079905204	0.3523095469256716	0.04959243764671472	0.4757029132910233	0.3372428297223334	0.300623805002195	0.4633449167362654	0.4872551123054893	0.6804823685705103	0.3892779994773566	0.3738954532814062	0.2340610402172287	0.0241112384902796	0.09599148061816544	0.1773407542206455	0.5616310400750653	0.5179772900019658	0.4997916354045251	0.6365186902394793	0.3855865749851903	0.291853745458403	0.498003833985625	0.5346696306528795	0.5366586763357486	0.3557227599573689	0.3290382507668574	0.1891062428564064	0.6947650365403339	0.4785087612539247	0.341981501158853	0.06453028058272847	0.121873787187219	0.2104380788021982	0.5522835486775914	0.8677471724734812	0.6280583510105996	0.01945217331433878	0.01813922256385908	0.01857204328805247	0.3193915469273261	0.5854974763145501	0.6849947991831135	0.08239623055342504	0.184166752685126	0.08830881653608678	0.1275297268486703	0.8151010415282558	0.7805860686962909	0.6024714924920792	0.6738924412318148	0.3317464660962383	0.7823336114898257	0.4097507724339047	0.4508531772007492	0.4163530197204928	0.2955885693381313	0.4141644973356927	0.05361199543775756	0.1649292695295782	0.4776031068761021	0.4536604968551597	0.7685291267628331	0.4927421027531324	0.4430010892566293	0.5699854304825238	0.6141145582146883	0.5358971249100101	0.3588948881573574	0.733848573433576	0.1345601241911242	0.1640818180818726	0.1130868603188276	0.09246249986849224	0.9994930035945924	0.9993718564334376	0.999452392435118	0.9815237225406106	0.9978497338863711	0.9989071983859876	0.01051368339917923	0.1421412822566852	0.01066031070266757	0.2188153370793053	0.101945840867746	0.8683145717613937	0.4865186013688192	0.5896976358347498	0.2625426777042486	0.01052768944336065	0.454896951001178	0.5648853673923572	0.5242648923486563	0.9992010462024941	0.9991511020721964	0.01046827664481687	0.01072210411256969	0.01094683709269575	0.7773977459827829	0.4733916718409371	0.9994100960426963	0.02879976711241756	0.57565476430631	0.4742719433949692	0.3758838930274666	0.06452036112051084	0.2539388924344476	0.3183898522781619	0.5836973129499252	0.5217925251689701	0.5125892977344372	0.6485852994139076	0.4393975205388213	0.3753316900105695	0.5102774111001175	0.5558517701557992	0.5324400235451295	0.9867907198755904	0.9604604660224811	0.5200739759856615	0.7654230691637782	0.7969802116292904	0.7559147165743082	0.1469074854325676	0.3300670178651442	0.6054067012954735	0.3712806143482752	0.5121821530115407	0.01480846319197733	0.01950944107193785	0.01247284947584742	0.03454564766976859	0.9510252185131249	0.4944811902591708	0.1659105484846275	0.1514799488097798	0.4613547794115831	0.1728966500499299	0.3384408208697099	0.3270882267671117	0.2635058651658653	0.01441190828045988	0.2872256398322713	0.6069977774226848	0.3957008325723589	0.6123971793352069	0.5531455184721331	0.5917325337429856	0.2466770619204819	0.3996552870614379	0.0877412846565381	0.2234855298857266	0.4348407189242118	0.4182966288661852	0.7216607981942724	0.4842089817395399	0.4364008640547664	0.5500695341139674	0.6879968399729144	0.5629110520085659	0.9999993213109122	0.9999985968682039	0.3400473163309919	0.01000061475347229	0.01000084310701989	0.01000051584172413	0.0001699328892164818	0.4482158867095121	-0.06935003952509337	-0.03818542863056328	0.007346950668685741	0.3060031179730844	0.2768161440806334	-0.02791367940949208	-0.006743793836743631	-0.004125017672768323	-0.000694178691038592	0.0004050877166199748	-0.0003313185554258321	0.0019780266325698	-0.0004722757673004378	0.002478011026093819	0.0002388516383975178	3.715282827327885e-05	-0.0001320375494302241	0.0004506583699235987	0.2013076368556651	0.007147065377735589	-0.05992205364603032
0.8602380952380952	0.9153160659716729	0.8967047293868426	0.5007345479793914	0.8729864672476747	0.8423430085244085	0.7567008818056445	0.675793562859947	0.6261746430709458	0.6599187112377369	0.08276129231365378	0.5412459323259371	0.3166795729969227	0.187799347429004	0.220970122862706	0.1027322532095729	0.4588290524337682	0.5176198420411366	0.2278309813511672	0.1918646994354304	0.3526803038640302	0.5791882574459006	0.2754575879382353	0.5910892217807368	0.5147339455825624	0.2729984204906749	0.2947030967835818	0.4052648384966642	0.6552363636405882	0.3443264459666558	0.3399312619858528	0.1981726023080546	0.02981271251447357	0.09333418984258057	0.195936915583443	0.5801346034588926	0.5181490433141178	0.5028097385556198	0.6281232417850471	0.3936745260730568	0.3053601829293376	0.4956735314612494	0.5292298675987159	0.5337176841561958	0.3504403416925137	0.3491977628618139	0.220983500408232	0.4985236123323642	0.4748906301371196	0.4672161158648024	0.05770802039683891	0.1221215411619369	0.2230166465177814	0.485660818578905	0.8439306501362581	0.6485070832106384	0.1832647418543597	0.04354009814125914	0.01522286310741353	0.3506926321151084	0.5367490938483472	0.6062669321747622	0.2452746310772891	0.1758388085622855	0.06223072683465709	0.1300806511415466	0.7824311113895341	0.7542979908505555	0.637583601288394	0.5626446347771581	0.5036477583848694	0.626876144917509	0.5285683174638627	0.5149315798191857	0.5245675037841462	0.2425801430328946	0.3691028180658876	0.04882461336685406	0.1576229200322261	0.4648616352523929	0.43671208460442	0.7871761620872691	0.479533841946932	0.4122312074276765	0.5745735740843876	0.6625010422298699	0.555057184731939	0.3723284415847338	0.8923740212608043	0.3599388601552791	0.3378952490670364	0.2083928836096751	0.2096319780038527	0.9965306966201181	0.9985453341345196	0.2805121967523939	0.9758462767863291	0.919266766987848	0.7479002451843121	0.9997675368568163	0.9991747786131497	0.9996402694794966	0.01361882610163465	0.784279052277786	0.01024148132391367	0.01047478263391732	0.01047944726148971	0.01258717337747273	0.9035528990243169	0.5411327217600221	0.01233953849371632	0.01191458673565128	0.01083116262322259	0.5102473636635554	0.5604563677752473	0.9991942217220238	0.9991272602039156	0.01151007363587324	0.1042272125548053	0.01123828899046174	0.9995143957985924	0.1973351585368689	0.2465884117886876	0.09114875475018488	0.01240442513918519	0.01367954093398825	0.1485089036969773	0.5930272856336116	0.5185172803067116	0.5027969353222738	0.6073977928532355	0.3785898106299798	0.2818943510795052	0.4863781234668196	0.5066066800802932	0.529784657050703	0.01213362404627561	0.01648354721524131	0.0658822234052613	0.1912041461735064	0.3005791467504948	0.3893716811599381	0.01067293751048776	0.01172030206550827	0.01069607727230573	0.4734896758889957	0.9865672488713673	0.9896108972221951	0.3640622310214336	0.07802847284675199	0.01704878398102611	0.01094369328102881	0.5136991482709587	0.7593768947759633	0.3876129166197156	0.02731152131125843	0.01296783838268973	0.0114424637844727	0.9968297581952317	0.9976728853649812	0.9787396376914206	0.5982019855599177	0.5664269480157486	0.592261549565559	0.5855272190107573	0.5511596396222129	0.5819109731618574	0.2003692098486344	0.313798566491449	0.02814310555230957	0.1214046492428498	0.4727473631384345	0.4356850207602153	0.8360074101323561	0.4670405048250691	0.3782632478275937	0.5906630034378798	0.6889980521391339	0.5659269805894575	0.01002408329113595	0.9999927801091699	0.4704400499101831	0.6436581726730409	0.3680075959105973	0.3824966325074716	-0.000422852713119298	-0.03888163107521818	0.051919809957629	-0.04202036709830728	-0.9359443827871473	0.2823248563751542	0.4879508597504233	0.01402518566909771	0.002808663401102925	0.001671000205598879	0.000273584429763893	-0.0001081584173986456	0.00020919036474887	0.0007379669556258303	-0.0003756632953765064	-0.001215306413884143	4.930167401493601e-05	-1.681169251334695e-05	6.407748675309184e-05	-0.0001561111124873044	0.1323950948499567	0.08210209290720186	-0.04407026434466513
0.8776190476190476	0.9604479314246956	0.9535854344937342	0.5118802870947868	0.8792904767495052	0.8503624886118922	0.7567788323347983	0.675909380940063	0.6475789427684213	0.6701219512530426	0.08987625175294604	0.6923260001924351	0.2309629458432453	0.08108739540620273	0.1416715988874353	0.07486454534518888	0.567104232696951	0.5240281723105195	0.2264575902497594	0.164680517055288	0.3527207330880275	0.6225087073035231	0.3539388353827493	0.6591014464938012	0.8319000057626132	0.3263065966388145	0.3093686909266297	0.2533880385354665	0.8896978257613868	0.3326104696178108	0.3206804789574349	0.1864627288225446	0.02305041157992212	0.1092897045086248	0.2342384733754395	0.5771761549196557	0.5260123604249878	0.51243233593211	0.6162710367724834	0.4031812367739232	0.3230433581607069	0.4950800124700794	0.5105840073846214	0.5254578692404659	0.3509432285952628	0.280059753106327	0.1767197720787066	0.4335973638638583	0.4472031791246278	0.4498652448211156	0.05337011047182509	0.1005388007386723	0.1465598134428052	0.4324588628432114	0.8444928057322526	0.698854021522481	0.3096753686139357	0.1262581168433561	0.1012793753839839	0.2127732274492528	0.5242959959526055	0.6455651686132984	0.327398271782732	0.1802122126246744	0.1373779261425643	0.06204139733973611	0.8543053508141579	0.8486798957190685	0.6560250249924933	0.5612703766029301	0.4959098109883663	0.5993801119163681	0.5706936054049765	0.5382325075163304	0.563064934894538	0.196838076502682	0.3325029951304067	0.04841023510801073	0.1564270424079648	0.4761409450231021	0.4472444783167164	0.7835318833822905	0.4801891565680059	0.4145434522391814	0.5745338108831763	0.6530137420935767	0.5515888536910873	0.2256591375573006	0.9523872709419403	0.2859884006621376	0.4119991396877267	0.241380346907027	0.2489585988992689	0.9962485988003532	0.9989463571151732	0.9994171769098434	0.7898110788776244	0.8172949803106987	0.8494796368741222	0.0106518422929979	0.01164765399873861	0.01057633077114879	0.2372433931697801	0.5887885375610071	0.5979712379960662	0.1964825653377247	0.3607171698501553	0.1925606465676438	0.01067574320887625	0.4875526363347259	0.595808806668605	0.4455162062592042	0.9991616591480023	0.9993303643126433	0.01099584482451496	0.05272358042637196	0.7554189416964256	0.9538372698595167	0.6414459730978861	0.5611458458158775	0.8230634065155877	0.5700300428534795	0.4429536000956771	0.3565139667798748	0.04912659756716577	0.2960699811798051	0.4183563474774928	0.5533773317035848	0.545947451299608	0.5390407248287672	0.6207427847257083	0.4604511410968664	0.4166426269058944	0.5109134561216345	0.5040670542332905	0.510107737749864	0.9894563175183116	0.735152772310403	0.3894432000152948	0.7529644453874563	0.7126083154582559	0.6212730720063204	0.1368253673306248	0.2722394047486222	0.3817919777259651	0.2896873949703981	0.5456037890490537	0.1441449407949711	0.2421258725480381	0.200028960706583	0.2400778175174126	0.5157508200332377	0.5119560755398992	0.396517103165529	0.2766337291231171	0.474649802630357	0.3723396032808397	0.1619216117979622	0.6059545405374765	0.6068052544637148	0.02112899665310327	0.4265281558474441	0.4391207284803196	0.5092719995591182	0.6303117956977531	0.559996519469585	0.6062300967126181	0.164858399399533	0.3344847849952008	0.08744484633341808	0.2232416505990361	0.4825416664437662	0.4672103431474364	0.6859166286143265	0.5000714216626152	0.4728603122000324	0.5446534541872737	0.600568150291251	0.5308203466220157	0.5357492586587017	0.9999993526110011	0.01000077526137912	0.01001481500480514	0.01000045632600675	0.01000506897510942	5.622731945669043e-05	-0.5407412229108923	-0.5316560993812776	0.1702306408884018	1.944088616279505	-0.1904764606672066	-0.3919752991006956	-0.0285406509638914	-0.005758087056107777	-0.004296117120474085	-0.0007603355633883809	0.0002443327053618381	5.836774874122757e-05	-0.0005626038193268204	0.0005610538653637782	0.001945376285083182	5.454599064540341e-05	2.936272094313721e-05	-0.0001309311258275974	0.0001225631098752834	-0.4103111452727101	-0.06249872567694234	0.1597168630258812
0.895	0.9845700034234202	0.9855913765199478	0.4276959363035556	0.9123983053343128	0.91007893913108	0.8843995344311528	0.6758888632287163	0.5583304681666835	0.6733865209694718	0.4057058059570388	0.7962057625004776	0.2236627906674756	0.07596491544562599	0.1298301023426979	0.06564001811185889	0.5951123985704418	0.5237219120439958	0.217820862467985	0.1541218396117636	0.3527319126414548	0.5745549477176173	0.276112692545372	0.6780521819528698	0.8856223971255585	0.3418020415985569	0.2445688032010598	0.2100551027354038	0.9361297015495343	0.35775407477772	0.3557390283102355	0.2788666395233497	0.1350367225466085	0.2935794478269327	0.1747281428628408	0.5645174513835097	0.5299422726951361	0.5162672784107629	0.6646583982082426	0.4089859102866317	0.3307115791942431	0.5023413701725081	0.5261261040959699	0.528416346733706	0.3564150640245883	0.3154112574406614	0.338432941869714	0.4606798055076282	0.479261744098105	0.4882209534854936	0.06512632522030348	0.1317849651038877	0.1475021971406864	0.341094132659399	0.7405361320753674	0.569136360604984	0.3418419412493109	0.2553273399821084	0.2005850576985443	0.202875373069389	0.5171961855552071	0.5623665489496245	0.341420551564148	0.3008726894118908	0.1730648140327625	0.1183480898717502	0.8425962378205618	0.8454579252626885	0.5499969044575874	0.5235137395002629	0.525338267995985	0.5621841564862644	0.648463388671971	0.5770006002215444	0.6292211084858482	0.1705923785842786	0.2924295369864415	0.0505060198158146	0.1686726991602135	0.490302793535151	0.4630407440138481	0.7750163262186835	0.4885401251583955	0.4336107412984108	0.5751920930688116	0.6394123994478947	0.54471964292493	0.6328953982177923	0.9803849129944222	0.1181278690825696	0.11522189311603	0.1429610292018035	0.4328831318754824	0.9997760540151238	0.9994614010207173	0.06834398350685841	0.9993918846410541	0.9990917245902179	0.9989751739135307	0.9996496244171478	0.7384165704182331	0.9994605766314569	0.7187712407488508	0.9967401537585092	0.01018926977818705	0.01025911645427193	0.01025401175171036	0.01036242048515628	0.9086353240383277	0.5415875959937271	0.01068773441063682	0.01054429838225359	0.01060326335533361	0.3169619408515674	0.3926609167726923	0.9996907205277245	0.9997227184425078	0.01021249680386603	0.01058842869755923	0.01047388349748958	0.9996069000854133	0.2694715528405731	0.3410175569773696	0.301053040333094	0.2395547149886182	0.391710037710812	0.02449665966913408	0.5609085641927881	0.5304249305125059	0.5132333085693773	0.7407131088942152	0.3872146205607575	0.2926778472573511	0.5039626751716939	0.5428656725774416	0.5373846342480038	0.01712896643867344	0.09389257860041531	0.3856044895008582	0.3237654780637644	0.3776255144080896	0.443780180650818	0.03033815639490061	0.06421427165510649	0.02274957689973613	0.2930835008207929	0.7363676329818579	0.6663893909094419	0.4232830889588781	0.3583509854927598	0.219930706594491	0.02815192616203597	0.5136918710057762	0.5710038060811714	0.3864609252344446	0.2540505779702565	0.0745213277814341	0.1106388326411833	0.9617244502582682	0.9744754085473161	0.7070807786789547	0.5379531342268614	0.5889480439802888	0.5558056529440856	0.7305057325878521	0.6210185724640931	0.7028376099408087	0.159221552784449	0.2411974210192293	0.03260377750811846	0.1476861026573601	0.5090232123532065	0.4768652373098605	0.8091030012470786	0.4909383328230585	0.4310750279775962	0.5911228288091773	0.6421736366823828	0.543972722385936	0.9999502276557363	0.9999979911118531	0.08011501831465845	0.01015341971247457	0.2046021438148093	0.8137400008096239	-0.0003375383433370701	0.90994634223031	-0.2001534700695617	-0.3335611462500205	-2.285948929643127	-0.01633880512706297	-0.06241778913269434	0.0145847462633654	0.002422091495606543	0.001690331617272986	0.0002952849234602478	-0.0002336005593925113	-0.0001537667822808062	0.0003018380463516889	-0.0004217432133341796	-0.0009252223934726698	-2.456375366970081e-05	-1.564112045230877e-05	6.603640100386796e-05	-2.374469540302168e-06	0.3988909756187464	-0.08706452089238377	-0.2340235842767039
0.9123809523809524	0.9790831813480697	0.9526838567388419	0.3807743970198283	0.8940506772421061	0.8640096043082369	0.8113407544105364	0.6759115426664813	0.550699141110249	0.6748966533857851	0.5806311463685231	0.8001516105450786	0.1439239234657856	0.05388618748322775	0.1372027230704049	0.1325213831715702	0.6087792301451211	0.5239978462002782	0.1787457738001351	0.2019410339429205	0.3527896834092922	0.5609489180681662	0.4878397515785896	0.6733062835561054	0.8816447780879644	0.2866468864568404	0.2249068157640741	0.1889001827440409	0.8087815488670695	0.3818909583977026	0.3885328521861984	0.360842501630009	0.2518496951293405	0.3688273763743847	0.1459840253866384	0.569902040980886	0.5502089590505231	0.5366386442796403	0.7070898244508255	0.4089806132222321	0.3335424006658594	0.5030148974276912	0.4998218854145162	0.5185441925217524	0.3291520147884704	0.245844190006504	0.2972351087722276	0.4399500837468945	0.4591976355266719	0.4677761497569216	0.05960074287020314	0.1140612687423769	0.1230429561635992	0.3060998189642405	0.7239222404301024	0.6011131999490656	0.3845122112810085	0.3072884768431952	0.215588666878763	0.1530572086998232	0.5157054794926895	0.5604854774827489	0.3555896346585011	0.2679459203017379	0.144787929453455	0.1138740566266837	0.8858398606765734	0.8919517523657641	0.5449558714171481	0.5157135718219557	0.5119409547274699	0.5580095085980514	0.6707883449135386	0.5890510930462323	0.6498252535725439	0.1613533066731806	0.2663389267318511	0.05178193561718338	0.177322423542226	0.5048707171619474	0.4785115788746977	0.7661511962358123	0.4950147605659248	0.4472201544670431	0.5756815229704526	0.6223179207683869	0.53709765048822	0.7269265258683533	0.9914083475301501	0.1239903305670536	0.1969289512694381	0.4304729943170109	0.5179560840777507	0.9467653136782567	0.8487194729794428	0.8955338769769871	0.6861809364027521	0.5880461016429952	0.4464809462349217	0.01075295715258422	0.114322043300248	0.01064280088963142	0.5192479861513102	0.4659252367443396	0.3670046299083473	0.1423992316360724	0.3814458025806302	0.3694103245704532	0.01212527634831485	0.4887455130915005	0.4803928793813657	0.586650801052452	0.9993508253265629	0.9993780307259877	0.7121338734967557	0.01062876860457671	0.6722554057100461	0.7736470362377666	0.5978552255438762	0.5055830332528379	0.3442303364873345	0.6275587699379664	0.5137584256645509	0.5475831071699579	0.298431835197272	0.4231273039850466	0.3524968644977716	0.5847482844637009	0.6048914807875954	0.5982703721910296	0.6983828307847808	0.4551864256064387	0.419235577136429	0.5052762834241282	0.406403161705236	0.4763867345023213	0.8991589269155484	0.5153812597439281	0.185760059513692	0.667702189958576	0.6233812416482005	0.5228718998276404	0.1228789785255717	0.2235561006984128	0.3146057629496124	0.2792508872237492	0.6272452024840056	0.4186444178208133	0.3327853668335765	0.2626360913769091	0.2466109541896064	0.3742681787282394	0.5151206807884707	0.4937652714902798	0.3038338391105282	0.3388543296491063	0.2917495011299425	0.1408765768598582	0.7633627366153047	0.7637597753476512	0.1541761718428215	0.4467099850447082	0.3647590396396164	0.5398558816810379	0.6098661911436367	0.5537239714102331	0.5941881666955185	0.1565743785570486	0.2922253409644501	0.09010839420199748	0.2407965240689851	0.5122138647479967	0.4981896646023417	0.6680089319599002	0.5111947682094419	0.495923909410463	0.5454249110429046	0.5627316404766082	0.5148750498467993	0.4558478886575789	0.9999959982729381	0.1515788721682049	0.4723426058733325	0.9146021862843039	0.01002893161732277	0.000169840544237349	-1.020477044437782	0.3186207818944614	0.4625809280984216	2.411301728766876	0.3117560897696485	0.9424939414906537	-0.02968410301950873	-0.006338341182369076	-0.001566835364986561	-0.0009016850659058226	0.0002959134256552896	0.0008222234714934445	-0.0005092599990657998	0.0008918039252955426	0.001650318654917758	8.50673122391667e-05	3.205357307558784e-05	-0.0001365991713758818	-9.835352425075217e-05	-0.7673407236546839	0.169385306494966	0.4057032175070284
0.9297619047619048	0.9988186481283887	0.9456171631354738	0.3528940016779968	0.892360197047613	0.8666496606858091	0.8115919643466479	0.6348519659311919	0.1929846509306451	0.3797536841039193	0.7209110853663572	0.8106401388477669	0.1397294170410185	0.05855393928810967	0.1514367560000233	0.1401372689988121	0.3578624661148443	0.5310345689135296	0.3629959096757041	0.2085756642888103	0.3527798747686829	0.4127064624769081	0.3422357633157386	0.6429202594810727	0.8759621673737182	0.3084918111408394	0.2398334385351691	0.1676949570894146	0.7948447831601771	0.3593724575362326	0.3766462045768404	0.4277447763938893	0.4108980511786126	0.4520120914194349	0.1391114131183058	0.3788998911838348	0.6022448255058293	0.5712227725388613	0.8198918742218279	0.3802232941762794	0.2323914038616429	0.5610644838977074	0.5873530565884461	0.5405520165887154	0.3415917471792003	0.341127185646689	0.3622219780274398	0.4965224004294905	0.5056614984570387	0.507278903727084	0.0551321171486329	0.1207548263256357	0.1228281662073053	0.2494969418948738	0.7068587627320551	0.5144824865536725	0.350765122605762	0.2827306014382149	0.2306110727289938	0.1809076290309058	0.5163964212559065	0.5331034138653428	0.3177405926249788	0.2851242409171321	0.1621026956418152	0.1143782036315981	0.8721772396616969	0.8848297310986786	0.5318289377652267	0.5617707218669935	0.5676862821309231	0.5573789003677213	0.695287633358923	0.600664295487273	0.6703446449586593	0.1349841882973341	0.234868365288919	0.05500573886907843	0.184130255140182	0.5160196428953514	0.4911646313875516	0.7581637050217082	0.5020906234405946	0.462825758649139	0.5759938535461255	0.606189147860518	0.5299853126360297	0.5700992950332525	0.9964580210083809	0.05779932711666615	0.1923174566295434	0.375551801724525	0.4281710664574496	0.9997655857515692	0.9994086823066598	0.06333767137006945	0.9994225952963717	0.9993067607958315	0.9991876788904827	0.9384108706032889	0.01050485496537287	0.3310360360880967	0.9957421330662752	0.9993601439254455	0.05097679725836989	0.01028533888841237	0.01020362870507588	0.01025493413871569	0.3678642120312065	0.560222498210755	0.4049029648937569	0.01050868801400747	0.01055013908183379	0.01054384169773822	0.08106189875700653	0.9999046025958716	0.9999103112734543	0.01011952890564579	0.01032084756404672	0.01050988551769458	0.9995865105190878	0.2080684269487184	0.3048603836983858	0.431578058387578	0.6326045558028326	0.5552603893140937	0.01054952038739321	0.1297611549181056	0.6472784807258363	0.5870181377981367	0.9980588188270214	0.3198238229374054	0.08086374495876396	0.6425863727297491	0.7667838834683446	0.5948373549686424	0.03921608044845287	0.2932385847266344	0.502353822196938	0.4453891813790736	0.4767913792560398	0.5286092773387299	0.02461977326204881	0.07005442561257838	0.02444191191983019	0.1981145394493063	0.7348992123294993	0.478612731037421	0.3288619308909451	0.2695056880064569	0.225064476258454	0.08680288948220316	0.5177479100774662	0.5290058250054578	0.2956474002859595	0.2648215150265656	0.1014483420526953	0.1033821967950577	0.9167078650891323	0.9425970399302616	0.7263411976877449	0.6717442270863259	0.7284280820072045	0.5678440361929539	0.7623924927174665	0.6356566404421237	0.7292262604703135	0.109221603495113	0.1840715991039829	0.03922694946626944	0.159589090143506	0.5290533981107211	0.4998052736034245	0.7951117050131746	0.5038846158692083	0.4594980712281574	0.5917741834913494	0.6111385718265576	0.5305250739467443	0.4427015478037133	0.9999992689416056	0.01000864089902685	0.01000125149843207	0.0100006010582488	0.5416479086119029	-0.0001201724183889561	0.8644638821851413	-0.2471969057362083	-0.3163805245871928	-2.489375183212557	-1.081604684623818	-0.4480820421746833	0.01500147819411036	0.00276853528952572	0.0005620958604127051	0.0004708390474509984	-0.0001172501857530219	-0.0005448970129548282	0.0002359718308495632	-0.000381987881550501	-0.0008083191490865953	3.002721148205897e-05	-1.902536136537415e-05	6.909410419948559e-05	3.256544030672999e-05	0.3885936791210582	-0.0805115556441235	-0.2209347069270317
0.9471428571428571	0.8472573680203198	0.9873941724849303	0.3817118845557201	0.912722876442721	0.8367964412060477	0.8338935433315154	0.7807297723074229	0.2558126926642181	0.4741655174890836	0.8934324549298159	0.8384111373055122	0.2961012661161306	0.01573075831312372	0.01335310217229299	0.06678312314515979	0.5766957898734323	0.5398813811366968	0.4204731799578609	0.196337523462785	0.3527701514250184	0.3853661720142097	0.4026626152001685	0.9347156768484092	0.9730176264874595	0.03867773670631118	0.01671815778284898	0.2831086424791655	0.7773500967518504	0.3542306872232059	0.3982369536687169	0.5091563293225857	0.6420056375793475	0.5633270849374271	0.04348846954243141	0.3341841518546144	0.6122176569220822	0.5747555258645377	0.8677654265680206	0.3672221174093868	0.2004878667624699	0.5824073047299314	0.6410169942387735	0.5561511357738309	0.2843081682833297	0.3114365253271509	0.3871118425083983	0.47722255394101	0.4895676414596274	0.5007593656192284	0.08439207333897104	0.1179544014127964	0.1214839058995776	0.2302716876894525	0.7205420319755262	0.4748563995968919	0.3184965121086717	0.2460700677614399	0.2053922403179928	0.1651056944316659	0.517003231450191	0.5293815892907017	0.2997676669365498	0.272117581874207	0.1606426933035285	0.1265804873111457	0.8826470453964315	0.8988105942269556	0.6158681477484894	0.6142792307084419	0.6137291017810054	0.5658047979663294	0.7043782602150005	0.6066453748711749	0.6800300884581076	0.1111741708108459	0.2085194620934794	0.06221489937170088	0.1897942770401488	0.5244634677228862	0.5000194933031432	0.7557784615530168	0.5050335693408454	0.468970228664126	0.5769561168216084	0.5959519144496264	0.5254504411441067	0.3990201508415855	0.9984463107199832	0.1607596970259468	0.01000962240944556	0.1479694514359387	0.385314847137233	0.4216659828251527	0.9958079579673086	0.9991543211541841	0.7554437891898768	0.4866603307521051	0.5190319426166938	0.5351717929428508	0.6182244190196554	0.6661976982209304	0.9019349404254856	0.5427016784201212	0.8388042857245913	0.04368368867152658	0.03571828668993328	0.1764985823573794	0.9991841388341881	0.5081947969337347	0.5641958281705177	0.5498383472218553	0.9993203224455989	0.9995078714294191	0.9995785874083856	0.9995339968941053	0.9995623490136994	0.03124616991270119	0.01147380214044302	0.8642615897341152	0.3061957146722453	0.6260304103283033	0.5882773569191446	0.7450044409792274	0.8591337948976707	0.6839119081300709	0.1086949958482244	0.6119033151487704	0.5769776556948374	0.5710721145939198	0.7099675496655333	0.4416421507870135	0.3823615649379368	0.5056952845806344	0.4672205357052323	0.4995900611870568	0.7142789307455415	0.3800963541748977	0.1879748753141242	0.5574912453511413	0.5291870316076905	0.4617092819971682	0.1946162604544582	0.2151492147695359	0.31098994670778	0.2672204857109581	0.6929777781355974	0.399470022611048	0.2722917313571463	0.1837473215067533	0.1716527510568915	0.3264181272027239	0.5162424887698767	0.5134136163853091	0.2861772862502602	0.2913569859091268	0.2837291523621649	0.170693301648464	0.8155943377227702	0.8190634364466634	0.4303367419318063	0.5564835577412879	0.4389469125020442	0.5669268729416785	0.6084327645902683	0.5588471592997053	0.5998139639895906	0.1103131454157633	0.2408440267518276	0.1063791280738001	0.252635594056293	0.5262157805207236	0.5120842058615566	0.6704888118608618	0.5127361160990216	0.499156425418847	0.5480801702538803	0.5496788619078627	0.5087585068007818	0.1342089948677955	0.999988810916008	0.4379628903401239	0.01006160707415022	0.2604353891348882	0.01007440066146313	-3.997680190599652e-05	-0.4383221293414629	-0.1111235769628466	-0.1045767861527554	-0.03122193713241216	-0.3875281724910372	-0.08959205706703259	-0.02788062377407467	-0.007380368667703375	0.004214296382669268	-0.0006484985817099078	0.0004399546599880494	-0.0006374088004848591	-0.0003904462391155642	0.0006210643433238361	0.001520233976196618	-5.490460940784672e-05	4.318282225909789e-05	-0.0001565942336416692	-8.993362323067266e-05	-0.5318145729680555	0.09033877497114857	0.01660443445129192
0.9645238095238096	0.7112556077646518	0.8719917352319588	0.4116160346476707	0.9258948606717258	0.8334353624931895	0.7256494764121271	0.4345395058172871	0.3894146260435796	0.3792559820465301	0.8622219354287433	0.7232444716296433	0.3319985212196062	0.02179078332093658	0.01058239873423741	0.06136811305751981	0.4637810047489245	0.5235706369889483	0.2600719920250377	0.1930179731153383	0.3530603485177412	0.3960200781620679	0.4043342025351871	0.6910384372863451	0.6266042133026183	0.01014145568046456	0.01028083475232564	0.3840256051421986	0.4338355565058717	0.3881322622721484	0.4002738920453718	0.4300811773388146	0.6534999764267321	0.5805910319085902	0.03889541455239282	0.5056329926271377	0.5806562951334334	0.56015298609301	0.7777787474593113	0.4033657878787634	0.309548267329633	0.5351083462890435	0.5518577604047193	0.5294682875391558	0.2798229469202055	0.3246033200897204	0.4102157522625439	0.4989077365919215	0.5088180932059324	0.5193097220145905	0.06836563454451394	0.09585160510525441	0.1139573416082831	0.2447825139154092	0.7340633617170689	0.4539985812572822	0.3030001381817958	0.2068919582044072	0.1483668698821118	0.1322148445046961	0.5172352768922338	0.520861702900258	0.280162300885458	0.2141237334630494	0.1221630364974757	0.07440069970605806	0.8936655323842	0.9011164522974963	0.55763813796095	0.601797893879273	0.642336079304789	0.5666198944989993	0.6937326786454285	0.6010448252875675	0.6714086170510394	0.103879011747852	0.1972578053635036	0.05968367185978989	0.1855747516483347	0.5262415121980784	0.5015260525613974	0.7598663575482947	0.5047601070905097	0.4686297466122749	0.5789879911158826	0.5950377206947001	0.525508304912219	0.2862834012066274	0.92343874692928	0.1505063784014755	0.1458131776715926	0.4891587589311698	0.1057996752972712	0.6753371322958008	0.599974918650501	0.02936496088537253	0.9960473756661682	0.9768458267754428	0.66965586672695	0.02438705277285939	0.2917715775638217	0.1075158034791999	0.7549488069525432	0.7041526851748284	0.01017549977682478	0.01040082979361832	0.01051252371362588	0.01044582291213628	0.01370463206781671	0.516312692075936	0.01060927733045612	0.0107428492715518	0.01038697908825701	0.01034294212564511	0.01044282087251465	0.1980975497914681	0.01085007743938669	0.01784641224132417	0.03365143744916999	0.1396513613392316	0.2310368376868061	0.2336489247723394	0.2545865703704178	0.1435011274380253	0.5013109095577784	0.518426372039861	0.02606539659512975	0.5822980185278044	0.546171734842097	0.5350190147167664	0.7014733242126852	0.4114982988519045	0.3332120380527167	0.5038787805562785	0.5111698038653816	0.5214274362955703	0.05312432582696222	0.331627487200383	0.5846755912660362	0.491067267856791	0.5219034315089768	0.5781042717146836	0.01596612486905342	0.03871438899254693	0.01939601132001157	0.2249120866117265	0.755011644700709	0.4330409369928714	0.306194155296458	0.2025727424037204	0.1195765710146878	0.03196279283129386	0.5171437669300689	0.508376184482892	0.2662119744087184	0.1652348830983076	0.04569562248181527	0.02486449735244638	0.9224993897759277	0.9241936920706316	0.5628494990866272	0.6056011308587225	0.7826260063684564	0.5659013572386569	0.7364966840652397	0.6236776049662474	0.7096226133382366	0.09335431840093744	0.160712400804718	0.03689943135626197	0.1510007338887831	0.5275751231134946	0.4974271404699875	0.8069430359633994	0.5009447857644144	0.4538720373781728	0.5961454156768313	0.6162487794087382	0.5337348113254182	0.2600169572280148	0.8064381413943231	0.01000295927476223	0.2918131739326475	0.8494040795748219	0.0100015324420122	-0.0003834071730659743	0.3754036681470778	-0.0233925770787411	0.01692037843992776	2.865293356219163	1.05815551946058	0.1088575804847468	0.01439806051300134	0.003309391517256749	-0.0002401407426116328	0.0002440437775084663	-0.0001523839704144666	-4.835342208708362e-05	0.0002378098359767418	-0.000322210590276098	-0.0006959410903290494	-6.672868914595237e-05	-1.682681567565143e-05	6.113597373590795e-05	-1.255571987662436e-05	0.2863772086070052	-0.0570679749717237	-0.01665168158057201
0.9819047619047619	0.5214157950970679	0.5158256720521704	0.0652838816138072	0.8306937000115271	0.743189149466953	0.5174787646568192	0.1191818783810271	0.1912152388488842	0.1147666483241014	0.6584200159115186	0.7146389115135547	0.04332112794135175	0.01136045581273831	0.103894825217623	0.1141640651980536	0.09066798118797581	0.5173910761354682	0.2080520796902685	0.2127488651676747	0.3500581468437758	0.1046400586903471	0.07863490399291634	0.271333975386932	0.1917917554619097	0.1833625480953639	0.192351476748148	0.2509188201130343	0.5187595942632977	0.1715300088798856	0.1908346597256585	0.145540464454559	0.4439014781767717	0.4904286787811775	0.1935797702563924	0.5579316203293078	0.5452715069048246	0.5319118802745556	0.6830979315309517	0.4137907745055314	0.3336257987043791	0.5106009649660412	0.5290402393854214	0.5260091725448999	0.2865101293320802	0.4424418030015377	0.6048016553171812	0.5178890946009383	0.540143089985625	0.576914858069816	0.15899989705808	0.1477514555152129	0.157695787804791	0.1674964333362325	0.6919111558730547	0.3278949727746925	0.2932888890408494	0.2336757644859904	0.1930404274596577	0.1737909863223423	0.5142660305676592	0.4853038746342413	0.2839380285481283	0.307561027755693	0.2141584293009815	0.1534787824380766	0.8222086275208172	0.8311078358233508	0.5292021872492071	0.5721011296022593	0.6932409597871509	0.5619549388232362	0.7292516778517592	0.6247493861642179	0.7084591173159202	0.07612847909180705	0.1498881752240664	0.06788015792671676	0.1906903484860827	0.5257884132856266	0.501498002360546	0.7554370448200878	0.5062714017144425	0.4717642719972935	0.5790235067642313	0.5926964155345636	0.5247946892728308	0.1930705546992213	0.8940113915934351	0.2032922827640274	0.2733018391562856	0.5158207420076236	0.1826013084018429	0.01034357851016506	0.01055821565416865	0.01050861509305824	0.4253212338096035	0.1978376424211645	0.01123643768485466	0.01021038930565045	0.01066839307265768	0.01023116125135412	0.2821073907842382	0.6642343340478347	0.03292905657908452	0.0206746194530514	0.2601123600515825	0.3131439406179923	0.01034826014202063	0.5072221968708046	0.4938832392714402	0.6093947682933678	0.9893455779783259	0.1430032735232135	0.06420375230113098	0.010954043298566	0.07008658571048249	0.4800737098564991	0.4752823213716302	0.4346077052951815	0.973830103609364	0.01224131320451138	0.01206768025045682	0.01112908150626943	0.1977113904880477	0.3858129006475915	0.5219298975993697	0.6302174002608658	0.5028416544054808	0.4995893515972247	0.5192300202070906	0.4406738158631927	0.3905932315514645	0.4838972569736293	0.5027666527086472	0.5190135452523261	0.7360834905465024	0.724406863718758	0.7538671156996124	0.5943211181978767	0.6061507246317666	0.6201789706475245	0.4392393405734783	0.3561207605884053	0.4326040468137348	0.06157074943574189	0.5401308282844142	0.06339304813809474	0.2585122483244688	0.2817118047344201	0.3186684940369863	0.4474913813467483	0.5068330000958058	0.4139825705224349	0.3115563836274152	0.594546079873032	0.5511008210751432	0.390094296479686	0.5667897159098911	0.586175178191184	0.4131893135279627	0.4781726654190985	0.5645009348866414	0.5513976212192834	0.73656074917015	0.6406397867765058	0.729825689095761	0.04883997337026119	0.1263634966620896	0.1260799682984379	0.2680891341413593	0.5228658893616041	0.5103979371335258	0.6508737610189695	0.5176799134880705	0.5090549441921295	0.5458318278556438	0.5433913546799503	0.5064896828391761	0.01000668228410303	0.9999939103451564	0.5936762183622445	0.2589431885922377	0.01001542799804041	0.4337593958510099	0.0001202861727939661	-0.8873242887901125	0.1858022019955005	0.3531286947188411	-1.840935471441341	-1.407146270146085	-0.1430393727826902	-0.03052259913673055	-0.007440166014617943	0.001294895758149612	-0.0006246270510361979	0.0003422724620726435	-5.45029951690587e-05	-0.0004489950496201263	0.0006253593457327976	0.001553125043070403	0.0001612775461779766	3.926132037325602e-05	-0.0001063234453291326	-3.548417849572734e-06	-0.6005143073996602	0.1062624956427342	0.199320761666564
0.9992857142857143	0.5804439884455146	0.5902348946560231	0.2226211010505875	0.8036524342874124	0.7242657624706097	0.5949610579308794	0.4624935609772333	0.3612132374327821	0.4344234700791622	0.4935207171892791	0.6317155843440714	0.08889878480110891	0.1875964650600953	0.1830911616772563	0.1090849696766406	0.0147149505154042	0.5122340537665833	0.3151807034458511	0.214511756377442	0.3489837502053875	0.03548214751908495	0.0101569259121073	0.4712519279744229	0.3277087294954016	0.1866869564002623	0.2234772351733879	0.1908597580484007	0.7282535519237803	0.1497371261192324	0.1586201238618011	0.06570534037548162	0.3151401333163724	0.4383730020988129	0.3007984862263589	0.6086783490357504	0.526994540681923	0.5172053150183084	0.6256650163266307	0.4090022268549549	0.3361605469554772	0.4944730340499285	0.5167160308722062	0.5260519824182819	0.2697917534528947	0.3008578140216867	0.4265315069768399	0.4154649648151051	0.4678315780531704	0.5308371098675241	0.1577259454976125	0.1305716286635408	0.1561507041646473	0.2115430432063915	0.7791239647275165	0.3181211329843788	0.1583228145320807	0.137495869619647	0.1350351438451037	0.1663306614688648	0.5294815150078084	0.5309120324508302	0.1602751585191514	0.2248474844762783	0.1919332981958188	0.1416506229415776	0.8548936465513385	0.8623608467466396	0.5462642016683856	0.6140246203685548	0.7796311798091567	0.6391246500240702	0.6870044201901206	0.5997455454900904	0.6682275722506109	0.06906939046078937	0.1470896671502288	0.07306757734581475	0.190292774464937	0.5364988485062147	0.5120997804749378	0.7574898598942938	0.5092614076038887	0.4772212231146533	0.5813777534801359	0.5795531902577314	0.5188783035837092	0.4818999540325868	0.9869156038412059	0.2116628345017531	0.1084713216191524	0.1403826685411977	0.1381926825328802	0.9997480319123342	0.9993427517445543	0.4545471008834646	0.9990315018519498	0.9990355028245639	0.9987104878201469	0.9993643372193012	0.6903683552402526	0.9282454383932394	0.4652215169078099	0.5224878143521069	0.1763845887539544	0.3646514848484373	0.1737058570946623	0.01109166309747442	0.01058986832158431	0.5099749901661724	0.2840412261955273	0.01193263467196282	0.01046009501580666	0.01023818095420782	0.01335231063936119	0.9516375949752689	0.6289733623197004	0.01061711518212142	0.07905679034258541	0.04761236327694796	0.7478284560285438	0.2217559710075945	0.2232835733328079	0.07315149330206119	0.2992574972496391	0.4337438037799705	0.2269085691537818	0.6436780707696561	0.5257914900594759	0.5159171888351874	0.6300024426933286	0.3887754840685276	0.309134879426364	0.4868428013255909	0.5122560763794963	0.5292168925429216	0.01107707063155738	0.01926115892485854	0.1316125980556941	0.2434034504628055	0.3408637075675113	0.4543578144307457	0.01040298899609499	0.01224313237380787	0.0105471318158246	0.3284592628040661	0.9905553625056291	0.4312620488461983	0.02658915679539062	0.01717546174196636	0.01576177103528851	0.01433774969959961	0.5544529329080645	0.6203497931891929	0.02713750880870053	0.01651379922720507	0.01512208627274349	0.01105431894165405	0.9933033041863061	0.9942160040133267	0.6373072173929165	0.7255103161879051	0.9811760799583916	0.75506592278077	0.6131934468710899	0.5541835393696696	0.593867253980325	0.08025402794718117	0.1611214595393969	0.04534435712956373	0.1506355766250104	0.5544503457634259	0.5236873927005911	0.8126885202715403	0.5080232377357913	0.4664549538168339	0.6015822824591837	0.5823496832608606	0.5186379872852599	0.9912127896152614	0.9999992812814937	0.01000209098155945	0.01000041284041709	0.01000039614979141	0.01000039175084798	-0.0003904429182833447	0.8337762468404187	-0.06529615899323288	-0.2047037793170882	0.4046634423362974	0.7180386721114572	-0.1950011349634323	0.01619525222784948	0.003279728341582807	-0.0006477573312977859	0.0002365019390440702	-0.000202501488204212	6.414559636952838e-05	0.00040804470839652	-0.0003365501817756845	-0.0007818457517221278	0.0001474081124931684	-4.362187581832876e-05	7.154150981048214e-05	-3.632606530041325e-05	0.2878888011608438	-0.0604290487328483	-0.09205617985836451
1.016666666666667	0.915095315298855	0.8106862676634309	0.4166448375338545	0.921598093711931	0.8474009791424115	0.7755145533404415	0.6117628880849283	0.4793741307836386	0.5717844414580694	0.5328021380629655	0.5579346384170586	0.3586265633288518	0.2595600094454791	0.203001718083842	0.1514991555618262	0.1250392468548292	0.5098577545238097	0.3694261500002491	0.2291020568969694	0.3519198705049649	0.3236785760636033	0.3311308493310707	0.8101325300391166	0.6804356257640481	0.05986680226517256	0.1045910805987246	0.2073036507234822	0.6388557256125397	0.238697460092089	0.2171884344560523	0.1486480944419765	0.4030470394385549	0.4777231549334359	0.2899730650423796	0.6205240952793329	0.5336683425966586	0.5243669215399063	0.6346468735591099	0.4051765226770403	0.330698754111948	0.4942333674449337	0.5112226541017537	0.5245724293829214	0.2279953426327833	0.3409633988038154	0.4208573949537968	0.3803123148241089	0.4579706792451108	0.5517548666209411	0.1488240252741771	0.1362509426452183	0.1424173406697495	0.2990429584629996	0.8210486678664974	0.3007585912530563	0.05651683773422417	0.0748619459051057	0.09083552176195206	0.1393763287676506	0.5343959022736102	0.5061443525032432	0.1380987127822764	0.2869178403008505	0.266880003442221	0.1398382861135779	0.7297046316269028	0.7396218181361736	0.5864271683487298	0.6412835477771797	0.8316243494023572	0.6582331510869308	0.6459688801725777	0.585604196631178	0.6390921011348097	0.09039500501629107	0.1739344615192153	0.05894613712341276	0.1889866302820702	0.5456009136862464	0.520849161217397	0.7581031454893964	0.5115450377194586	0.4811654455035376	0.5831238509650339	0.5644008429980645	0.5126107462110343	0.6134144719000609	0.7528805443743786	0.190489136601858	0.3308439609575418	0.3570641169346114	0.3190404617731886	0.9987402014567091	0.6028888245457777	0.4038941776018253	0.8484897627694151	0.6238996563154147	0.4698984960115912	0.01099133531815965	0.1355142648162036	0.01074230710646614	0.6067970914567413	0.5294700457732254	0.7551692780675059	0.0938195455935484	0.2929153308591737	0.4309356119276861	0.3012442506781101	0.5055125058220347	0.6108976811674298	0.6540788207318133	0.9992381297666939	0.9995005483215065	0.9994683987672415	0.7899862787553674	0.9882523416031949	0.1409570563038983	0.1506226417958692	0.4999490829373605	0.4696202334001618	0.251192841919908	0.1817222772337076	0.2536522869950371	0.5867330103956914	0.5608109543579467	0.4571072888401161	0.6100343241265856	0.5440141812219716	0.5379922135555347	0.6190868058035677	0.4337685117211361	0.3729151060069063	0.5005518531116501	0.4994124890889313	0.5143908730104969	0.6093168979018226	0.9225969880436756	0.8865437148880599	0.5773182606549762	0.6458052278290826	0.7354089739845944	0.4138709694114193	0.3726432309453102	0.3937043969934281	0.2527474053644007	0.5621106538059246	0.0289374844001856	0.07332422016641964	0.1550095106715603	0.2151648613408173	0.3716575066618081	0.5051820946233895	0.2861169190661182	0.3055337770072757	0.8102648853965169	0.7841065157102652	0.3853676085928908	0.1164985430638295	0.1452180981176087	0.5176217522763453	0.512674364275551	0.621058228181285	0.5187871905972568	0.6557828300899099	0.624587771793825	0.6843223405613488	0.1000936020721227	0.1948848878999757	0.09217868906701805	0.2647964921353836	0.5392483532269159	0.5259663781102889	0.6502302146152262	0.5215157051207764	0.5155698629923657	0.5485690379583048	0.5113415325072789	0.4936827332168289	0.01000029161492096	0.1119563916274671	0.5301455205354074	0.9999994338635622	0.9999840996549189	0.9999996206798276	0.0002924483922853558	-0.2210981140277736	0.4308235602513824	0.1264882695247178	-0.614938148160079	-0.3385824798536571	1.126441315406903	-0.03364753650362776	-0.006186964609395228	0.001802142392544935	-0.0004988011375341954	0.0002648438142085252	0.0001157487075988246	-0.0002269057308213392	0.0004555828072989744	0.001224639930441337	5.208485844063003e-05	5.633906565964855e-05	-0.0001379657704751191	1.739009014914388e-05	-0.07003979344737478	0.2699380431868664	0.05287466936277625
1.034047619047619	0.9647467059380472	0.8640211635234293	0.5397792149522779	0.9326537017186536	0.8517846310695095	0.8034137337640206	0.6490037364620195	0.4060037363025553	0.4640315106876456	0.6831804461934469	0.6274715592766579	0.7095333512900193	0.1530529290081532	0.1145518745031877	0.1603421378596481	0.1921213735404439	0.5120044948692299	0.4533051889920894	0.2336427726694824	0.3561211018724003	0.3509307203963106	0.3819781542096063	0.9071912913641463	0.8988536095824737	0.03790167166636723	0.0588819320994602	0.2042639612473071	0.578306127672811	0.2998742409242174	0.2959405943248264	0.2704087353858935	0.6510723656476467	0.5945368700057547	0.1881230836041082	0.6132465902462206	0.5425643835385664	0.5314325502007993	0.6723448144791239	0.3975679879444917	0.3122888525384651	0.4993122858062268	0.5167705627807587	0.5262646055820265	0.2228798463879643	0.3410683015953816	0.6410150109622337	0.3219648033486804	0.4229299801939425	0.5547137317916059	0.1513028412842741	0.1375991043999515	0.1447573884905943	0.3535057451571241	0.8264815391336313	0.3089963201412513	0.1249916444136664	0.1086278207155352	0.09324042342449569	0.1412676230731716	0.5246803028608166	0.4843071277798344	0.1909616807868064	0.302976146665395	0.2824270847087252	0.1421216250326637	0.7126184145235722	0.7229389547387177	0.658218758475745	0.6179105511080678	0.8107613244003736	0.6453809597048238	0.5761807088861823	0.5357621670476816	0.5622656590538943	0.08991496695081926	0.1697177956621898	0.06952040318919649	0.192369891627784	0.5620864749910178	0.5376464913318623	0.7574957282119342	0.5157258977059069	0.4897518006045651	0.5849970450971892	0.5350104773928388	0.5003842463989264	0.6087268657188611	0.7132006915079464	0.1880289365902356	0.3521175481646514	0.3534694137655471	0.3473585321718093	0.9998803088420007	0.9996613470092548	0.6855023514806959	0.9994066032785903	0.9993827896357128	0.9993741920216148	0.9992068814658583	0.4588264542252533	0.5742347034941687	0.8542618501615579	0.7455921212936292	0.95992203768085	0.1289816763546695	0.01059836129369383	0.01054125905554365	0.1365827267231549	0.5171364218990016	0.4299169956780939	0.01049102549817264	0.01065349089850528	0.01033180874911464	0.01029677016794091	0.9993939150058371	0.9986684225883885	0.0102018675425478	0.01058474108988626	0.01159220044870684	0.5776775726408907	0.3556578510159623	0.3983515251221009	0.3325408935127052	0.9021095025067627	0.7158421610043545	0.01203440892288619	0.6092289155468431	0.5480362143652995	0.5327883822582272	0.7296004827192141	0.373599419068187	0.2698812321595199	0.5020757725807211	0.5295848866341401	0.5336495557947297	0.01488805899055518	0.03302873431730786	0.6965230386297022	0.153980368541424	0.2807874359835414	0.4659516414940055	0.01195343008487077	0.02377889367473623	0.01847219240287032	0.4654006370551274	0.9613777382300225	0.454929510065248	0.1859730936455084	0.1041123107792482	0.0374806871130567	0.02537098288003009	0.5255255668832912	0.5682611925982263	0.1595302885391073	0.03940781735111892	0.02383269121997355	0.02173730330980399	0.9880126967614027	0.9892310134913059	0.8011495787148728	0.6477053618148119	0.8876559632393924	0.691508789456509	0.4622798765651605	0.4438831722395802	0.4244426262119328	0.08525269819277922	0.157874087971757	0.06077463245324963	0.1569127792826583	0.5897514400833775	0.5596371720535773	0.811419601404783	0.5168856892515064	0.4846996839347965	0.6055244555802191	0.5180421196860303	0.4920269453568244	0.894280948634171	0.9999995600188245	0.01000065921349353	0.01000064127125744	0.01000033451515652	0.0100006165661785	-0.000309028577270861	-0.2191467847906309	-0.3302744095391353	-0.08986581978187758	1.139970905438527	0.2470830651461701	-1.393553852175319	0.01720344485476212	0.002726654502995187	-0.0001154520083062379	0.0002929898244246998	-0.0001290416463465329	-6.24704714330292e-05	0.0002419459218722896	-0.0003217407912524831	-0.0005509313136863343	2.123183859202788e-05	-3.399399242299069e-05	3.971427375626812e-05	-3.759977975270186e-05	-0.3049781339889702	-0.3747767428055214	-0.2066855292507785
1.051428571428572	0.9844538487566148	0.7080163777385179	0.4540536507592133	0.9825672151342424	0.9571247028838612	0.8187025725345619	0.6659915687031414	0.3281250589654982	0.4123819412933107	0.692003851410809	0.66077089903241	0.7193225977626057	0.1722150000967051	0.1903395957892572	0.09793923937472646	0.07986638536963563	0.5126414233412827	0.4568224144824999	0.2124664893249212	0.3285519740088083	0.3284649600485265	0.1222493879534053	0.7080401056248359	0.7148857330745961	0.2233640207779076	0.1140596752167854	0.01294692140773479	0.5713624504781255	0.2750746246014	0.2791888554569917	0.2379076967182088	0.7117100572852256	0.6253107384518656	0.1894341461202559	0.6155843964312624	0.5384955121273932	0.5273057016590867	0.6627502749343428	0.3956172161486745	0.30909208438016	0.4968685153247667	0.5154978455453234	0.5265604539895054	0.1972830401485697	0.3338097158347538	0.7101302229886255	0.2997031724166552	0.4019027979806331	0.5555263582769235	0.1275151871219851	0.174196871545505	0.1523138923711022	0.4584168292447357	0.820635889636138	0.3237952687594953	0.1833575703543667	0.1640173910342346	0.1266050323064526	0.1524246255003015	0.5210190658231296	0.5021146263003575	0.2356171993714919	0.2930002007625304	0.2856868925976124	0.1653709139894232	0.7118156145199009	0.7188761222514471	0.6925823284711201	0.6107284156430777	0.8175496488815958	0.6258882576282742	0.5195061483035478	0.509783446923461	0.5142352598405582	0.0934491964048423	0.1833969358373703	0.06874375853476905	0.190384302629213	0.5716485868276301	0.5470059725650314	0.7611210787309752	0.5184444028226269	0.4944940456133595	0.5878118681700235	0.5181805494229488	0.4928815163736792	0.6065343675632194	0.8221876390036296	0.1888120883292995	0.3282259377859348	0.3532694771221439	0.3481012799367371	0.9994118425190422	0.026015823637364	0.01059284712785913	0.9987816691813863	0.9649126714670796	0.4825279483719336	0.01023101977988715	0.01058368522511409	0.01021902560263704	0.4542128535200955	0.5510092031502892	0.4363254819168532	0.2174615306279399	0.5281421019076293	0.260019708162161	0.0103789986828142	0.5051448147097456	0.5543963213467185	0.5892518756005692	0.9080221070265798	0.92271799255599	0.2169827209496034	0.01527500939026643	0.1196334996355408	0.6566150798930787	0.2983955997036598	0.01086458287211003	0.5215916559617921	0.1374141738670917	0.07158998763855656	0.09941343268357962	0.504723315644073	0.5263321121635904	0.4936467083174227	0.6260197226641896	0.5215243189419264	0.5174812273516975	0.5422850138472985	0.4349311003501707	0.3776547876876203	0.4876578801372184	0.4894175865232542	0.5134390252376543	0.532806199225803	0.8989654850464963	0.9118052159124446	0.5456963933472022	0.6094748336865116	0.734995999224517	0.3474860290613726	0.4767641018909614	0.4150188904871417	0.5078998601162058	0.5358194584782282	0.05834086935256604	0.1887318050067441	0.2897951087498697	0.3021252361164048	0.4028306843945754	0.5046731688148116	0.3659272874745909	0.4145829796701926	0.7763530024571854	0.7933251012270527	0.4513465137499321	0.1378709418559053	0.1554492047604095	0.5377362527152588	0.5187766997614512	0.6705733427199906	0.4731590685612305	0.5561874752184853	0.5968133836473982	0.6168650089474997	0.1085583989164139	0.2322477433645717	0.08829089201226936	0.2580213047764203	0.5504021684649056	0.5364416015469057	0.6627855824581431	0.5253980531689972	0.5212444888732135	0.555226355809836	0.4925283255558341	0.4838934355946951	0.01000351946991768	0.5201454929342773	0.5325003916393951	0.9188136499831201	0.999989922937439	0.9999737591213075	-0.0002269083099480719	1.242255306414763	0.3518953096483159	0.005792852054198172	-2.528871906548807	-0.3337053588051097	1.518873691078128	-0.03630602796664609	-0.005937280279915516	0.003797186400743907	-0.0007010701345236308	0.0003583687804373843	-0.000146241332606572	-0.0001460347812303313	0.0007229008168703881	0.0009823714213103071	0.0001131317522008978	6.621209861670831e-05	-0.0001048170328931797	-1.340830667111202e-05	1.10469483754512	0.5903089348272544	0.1092032350794516
1.068809523809524	0.8767775068742123	0.4922597450126555	0.173278454505666	0.8683970870915189	0.8391564264569015	0.6578263408947397	0.5530044925392248	0.3271041105394137	0.3052174660513767	0.5873368826958451	0.6450835522771498	0.3752207774910069	0.211059385110137	0.2302903079924557	0.1178933345127868	0.0308752034961623	0.5097961395737113	0.3608749105735554	0.2234439301195584	0.3187548848464983	0.3232492238192836	0.06049498056511752	0.6209121047879075	0.554717532501027	0.241401950563701	0.262231854751621	0.1312469309591355	0.6315368934863763	0.1960029443362117	0.1813630872373142	0.126167973195373	0.6167507689211107	0.5773469247865411	0.2480807539014183	0.6128736741109356	0.5263976542551758	0.5179106488508589	0.6113189520048953	0.4118341038521529	0.3403164069701999	0.492167881350608	0.506981609503191	0.5222503206507272	0.1916988170705032	0.3397863717243646	0.666020529245246	0.2550651467281232	0.368690528076578	0.5180660901575226	0.1442157017981138	0.1857016818640086	0.1763305163625863	0.5122545571061221	0.8008996115955913	0.235293804968219	0.180509699585386	0.2028995685316857	0.1511986616908834	0.1635934145997707	0.5177658790833538	0.4873904705896399	0.2562358618590286	0.3172295854631261	0.3165224603739281	0.2029838478598894	0.6861141704919383	0.6969052660011749	0.7118223551873579	0.5997393936189274	0.754668293052665	0.6491152174747283	0.456742159985665	0.4463526119201369	0.4268626521132671	0.1073100122478905	0.1963271877090072	0.06340795234955374	0.1887899667244877	0.5831039444081828	0.5579054610359013	0.7628804460610822	0.5192418041189747	0.4956905567971941	0.589647941890537	0.4924375408362312	0.4830541627144599	0.1794980900637931	0.7983139736156472	0.1718870172024071	0.4550065082736529	0.5520590646045926	0.5075011133962907	0.681603127750139	0.5169484115515836	0.04796892573962665	0.6838873463883477	0.6460664521411491	0.5886731504287771	0.6974503871900911	0.4800159994812927	0.3540857723628	0.550030243267679	0.6747672300383255	0.0104181062493758	0.2108396923568671	0.05899233753739264	0.04950918106493814	0.02505036484066733	0.509708703750878	0.1832832235861796	0.03585901044414612	0.01063064228612535	0.01027281912186387	0.01021075437558777	0.8359795533537268	0.6274850696991321	0.01053219783892282	0.3049134780618184	0.2529136995707641	0.7542597895290106	0.1686145692260602	0.1672765642436012	0.07469160483376863	0.5813008645954797	0.5573702888328548	0.1513696040222026	0.6029803520151678	0.5190879549816049	0.5110479780031985	0.593248663447125	0.4140526820520738	0.3451300690908417	0.4902465320872079	0.5053492654285532	0.5216280861085619	0.01441860926354475	0.035824197071099	0.4972840925407425	0.08792214007257104	0.2211975195770066	0.3677546514707953	0.03387110404004956	0.03816097583641365	0.05099622974256884	0.5797379194901748	0.9110206463110149	0.2781006179048295	0.188093057619269	0.1811489107369993	0.08617595051677414	0.04534838999202128	0.5215790036996819	0.5421065157649425	0.1939096473201307	0.07633065237216928	0.06653938386484201	0.08292501250272265	0.958762760139479	0.9684857827488969	0.8082009686904916	0.6275564687318719	0.741700902422657	0.7504709243486987	0.3417354141963758	0.3117260249840539	0.2493829141099843	0.1104183715707091	0.1838393656840984	0.05034587093099995	0.1503890692912097	0.6102241772575946	0.5784933292210376	0.8193038017947223	0.5166715171013783	0.4832182332425788	0.6096375728148973	0.4724359987344552	0.4748206776515885	0.01000094271260656	0.8661072771869107	0.01000170988610042	0.1989126477666361	0.3727677112786899	0.2525385193077638	-0.0003788530237069383	-1.379287074813671	-0.82401620537354	0.0388194103421091	2.814946665512525	0.227311906023306	-2.091399380439396	0.01895638775859501	0.002221172076432464	-0.001154428995048468	0.0002633236886371128	-0.0001125188652126543	7.633514370426235e-05	0.0001586791391359788	-0.0004384656875803514	-0.0004213674676046636	2.487872894176753e-05	-3.493104147707255e-05	5.74969892796808e-05	-3.179141564956834e-05	-0.53619293478149	-0.3103205543695948	-0.08702685489537429
1.086190476190476	0.7607901057717207	0.4654006405927784	0.06596995030007492	0.8238075144761771	0.7674407377926113	0.6239942925842853	0.4998841419498095	0.3267581853183187	0.2566305283102534	0.5471430238827467	0.6333502933518034	0.09448382232354433	0.1347635418035534	0.09436015289220683	0.1161626063138004	0.02366953054170571	0.5092890510140176	0.2889695732974317	0.2227484588941496	0.3451256730637884	0.3462973869063404	0.320006665879061	0.6316082460273263	0.5807096795517964	0.1560477020239877	0.2601415913377372	0.219389359047844	0.6885827854632125	0.1389211020011488	0.1285194089591574	0.06627563105435259	0.5926632069206568	0.5617593752104242	0.2943923309788509	0.6092088211427547	0.5268214977209617	0.5198643271968686	0.5843328970191629	0.4211494203807679	0.3580126727382417	0.4903780235944297	0.4932976717055647	0.5163996075425517	0.1969213338824444	0.2892677380849911	0.6412167653300989	0.2609546667530309	0.3494041895256338	0.4733124504294221	0.09155543552167346	0.1865778220588575	0.1334122200724527	0.6013325612752184	0.7899144660166177	0.3122304001052871	0.2479197123234117	0.2364384109680565	0.1795654022229406	0.1748921864449156	0.5173971335536789	0.5130939029119228	0.2976651371297117	0.2745882527898216	0.2689556640310498	0.1911754377625217	0.7905362596894576	0.7953788120928894	0.6840999213285429	0.5887828989423299	0.7653996145343117	0.6243541266925365	0.3876282445219329	0.3981289412095433	0.351142934668729	0.1014242227414736	0.194924315691266	0.06867853193249056	0.1743271200544821	0.5872002746884404	0.5609632009180122	0.7802883352782538	0.5187366475838335	0.4933291289655248	0.5942773438124807	0.4944670434739205	0.4826298946248117	0.3676539941143686	0.6286964934436402	0.3194720288512997	0.1527114252776242	0.3192347491471995	0.1904152408398965	0.756702405320593	0.2366722765628	0.01276654003914532	0.9979708350812627	0.879373445785557	0.5805954388943688	0.01042489104039511	0.01089319958250528	0.01036569385420505	0.4583959023665572	0.533178175368447	0.01059213430829099	0.01072757911095423	0.1544996936344361	0.2541928783737422	0.01065724748859333	0.5066674650693592	0.4160037253924185	0.586410082428423	0.9961612270657412	0.9993289297238176	0.9993142897605365	0.1719663670436075	0.4159987192417752	0.4036010655002611	0.2335623076003135	0.1670654832272564	0.6299153547695641	0.05657011617472219	0.02473625452578775	0.02756751980623072	0.5466710256965317	0.5343579216745373	0.6184981321875753	0.6175521222172697	0.5362052599142084	0.5337858358457466	0.5197937400579377	0.4476169874295037	0.4043995941184232	0.4871932124640709	0.4568328728959242	0.5001252529363327	0.5485469899651807	0.7364904564168969	0.880727652659652	0.5803741078009736	0.5738149987411569	0.6307027361338012	0.2077689483925377	0.4787212216087967	0.2951740026130595	0.7301109024513495	0.5261239886931636	0.3524694672025038	0.3711919536526884	0.3664976591346649	0.3759484983261169	0.4341572202436771	0.507107148794706	0.461031842019301	0.5254762078604308	0.6384563487055357	0.6394552903225433	0.4133791648357158	0.5098006140559111	0.5034836464822524	0.4241739808284442	0.4976244332328684	0.7861597730157152	0.3656515321365799	0.4092366651281382	0.5085368786213009	0.4646845956234705	0.08998252739973873	0.2221064066351225	0.1016568375400009	0.2208930415639296	0.5499535576005473	0.5336133001721485	0.7171890032062965	0.5229722117947757	0.5127437536631708	0.5676521825725614	0.5263911707854959	0.4929604118357867	0.9999989487924529	0.01000293385896614	0.9999988465328665	0.01000047947675872	0.1846291196846831	0.01000097343565689	0.0003962850464753053	1.098298958263415	0.5013664859059751	-0.03751423244016105	-1.211433094480218	0.2349979193223092	2.695808016041571	-0.03951111014103072	-0.003874471427759097	0.002649722490785694	-0.0006388287013275384	0.0003312080897353833	6.503587730828996e-05	-0.000250919509372792	0.0009467339912712907	0.0006627720810863664	-0.0001206242529868804	9.841743208459177e-05	-4.060639967825472e-05	-4.621875499657467e-05	1.006352586101817	0.4924210707639586	0.1876976075466522
1.103571428571429	0.8437627635557063	0.4281947693412413	0.1495862764678113	0.8644987022375286	0.728853076975262	0.548329192687471	0.4032631454882068	0.09666012678761042	0.3501930607319091	0.6994519635908121	0.7575374264663023	0.4124235311411695	0.05435895875283892	0.06783464427087177	0.1039125288618586	0.01502420217532	0.5111822209312067	0.4615912020170834	0.2564361279385935	0.3540161910648072	0.3515797448502796	0.3474803167180129	0.6606784756696981	0.6952234924701781	0.161839945638604	0.1368307744477787	0.1084207392422562	0.7306959473257704	0.1529780282659753	0.1581200487476347	0.112123541266891	0.7437728896211191	0.6989056679108077	0.2359448694029319	0.6003438394842624	0.5327432021109371	0.5246854966630916	0.6324362782154097	0.4162510340710363	0.3448138950222492	0.49896825616683	0.5144751450867442	0.5223722117422327	0.2645180170245967	0.4423865238731086	0.603272791505499	0.4246540929331242	0.466718478118752	0.5350042222461989	0.3230150463502685	0.3126991618082573	0.3128509990776241	0.6228916742582998	0.726628488941725	0.2689934938980458	0.274375287011454	0.2761345309285891	0.228615522253899	0.2260495436706709	0.5157438215908348	0.4811807991554019	0.3428285192295334	0.3508608082407985	0.2980118296432223	0.2306816358676215	0.7268993984403967	0.7414595578528148	0.5832726260954523	0.5716740018671019	0.677682364904293	0.628844636294936	0.3686519066202285	0.3621298422690064	0.3232929066559119	0.09473953377542617	0.1829382455663495	0.06355032470182323	0.1748594742092405	0.5819218601346342	0.5544321686536196	0.7746270855264333	0.5148882197915238	0.4847962715306163	0.5947034633939232	0.5008504067435647	0.4875367219058927	0.3555385487183667	0.6541672140620565	0.3474157264582973	0.4239730793613862	0.1760792242130358	0.2222014508403906	0.9943145734763468	0.5489230409952197	0.2768378336203029	0.8395176451351294	0.6250917221686466	0.4963615874709951	0.5651913448553495	0.03135476859821106	0.598625136439358	0.9830023247425598	0.9988335359046411	0.9126625112166137	0.04304328930724628	0.01189084350089024	0.01223819005976248	0.03530004138936665	0.5153155804054602	0.6291462431709244	0.08513583122984589	0.01097409449300494	0.01046474387246466	0.01039596505148827	0.9997297682533796	0.9997545026598644	0.01044006553957504	0.0146532467285005	0.0195864475916816	0.822606511632505	0.2165458007899714	0.2488534018397033	0.1821946585304591	0.992750343430383	0.9166882163613574	0.0178138405311191	0.5816070842920448	0.5351545565689589	0.5232709416584125	0.7372037024694084	0.3975667145389683	0.3070211177189591	0.5132325237629868	0.5659830865375604	0.5398557946981427	0.1355663089821255	0.365500335215092	0.3982862971441499	0.4492921412260731	0.4996118009801738	0.5310476162520061	0.5133359168370331	0.2756692619777308	0.4100380157808409	0.5950604670588587	0.7653030512058165	0.1816576401087933	0.2252490309109439	0.2335135770941628	0.1605679868178026	0.1256550497753328	0.519467052134177	0.45749361391909	0.2689723930468072	0.2262175230563412	0.1056960384030381	0.1230844109562086	0.7670527825277673	0.8000258160309542	0.5286786400580552	0.579710160018674	0.5225457724543242	0.7518623635955097	0.3248156034881531	0.2513339245426279	0.219846953456096	0.09616719619680045	0.1575051200540292	0.04058201819812578	0.1488192341473992	0.5909165470237785	0.5564575020204379	0.8025319399275087	0.5060249734833008	0.4604656318185967	0.6091259034020314	0.4996825903737679	0.4914945494351846	0.01000061989440019	0.9999851419189629	0.010002273819408	0.8724916647987592	0.07281443287643558	0.3489038867072066	-0.0003354611736873261	-0.7198857093717675	-0.2961460923798138	-0.1340744709299259	0.7665924048830676	0.004082275082789976	-0.484270717420106	0.02033835136516227	0.001316419584619009	-0.001647046890313204	0.0002460138258073057	-0.0001834848560036215	3.871952459921962e-05	0.000143643189018952	-0.0004739539941037629	-0.0003519350677713181	9.293956587038977e-05	-4.688314766505352e-05	3.746731556689633e-05	-2.500250766365344e-05	-0.4238507009189273	-0.06824225163954969	-0.1818424893869509
1.120952380952381	0.9500569435873899	0.6584272920232249	0.2615359080806117	0.8802355113325353	0.7511472912505088	0.6512314674692349	0.6308366789347967	0.1834870865509072	0.392658733531161	0.795985930366691	0.8138151908518798	0.6680278415146798	0.04154888633743886	0.03025273673888689	0.03161242425348321	0.1573875549471658	0.5125677135740671	0.5562764391164358	0.2047994673379654	0.3280762860568954	0.3517853107956936	0.3482710434407765	0.9280681246146993	0.9204622285477245	0.01349065433568715	0.02066184234034783	0.02169814015798181	0.7430259061192409	0.2016356813688332	0.2102124529920007	0.1684574312575422	0.7929597929377549	0.748021786662545	0.2401259447542353	0.5907891155631457	0.5302191609447556	0.5218413321802063	0.6566495408251189	0.4185316679901216	0.3475223344046521	0.5050561963796181	0.5360942268518191	0.528225805330935	0.2439752565037793	0.4134193605751305	0.4808713178522266	0.4684149794355931	0.4969664480379228	0.5226028437944155	0.3626592480510417	0.2846756858442992	0.3051592547644045	0.6521926480958968	0.7180079256731121	0.1722933732719096	0.211468299153374	0.1978851755739699	0.1711997985477055	0.1746635427506685	0.5185831922382172	0.4485291970897257	0.3195961818838722	0.2977313259450682	0.178308501990874	0.09191350696957282	0.6957394738731594	0.707729251005218	0.4193644868478403	0.5184931384512699	0.5953237716287046	0.5881555898389674	0.3240977391381558	0.3043445729232865	0.2562349622250781	0.1029837565325899	0.1809532643957473	0.0474542989800309	0.1585800227169356	0.5726902753999327	0.543393168271345	0.7903237898227921	0.5082409380478095	0.4704036364826414	0.5967516272115018	0.5264183051068856	0.4985878128141939	0.3547632686827603	0.6851430884358313	0.3481626652190732	0.5434211416122656	0.06382776035089734	0.2344659148861814	0.9995154682766513	0.9987893770289841	0.238312971712228	0.9984970719603822	0.9989130930970638	0.9967593664394155	0.8320448284962187	0.4087324117147508	0.01110792926316046	0.573712595185064	0.5543867829759725	0.3905845540822695	0.0201724938722734	0.06994021300154228	0.07842518923491267	0.3626100397853478	0.5088844677574847	0.5449392313474305	0.4292268047046617	0.9095786964073354	0.9991668485249474	0.9994290654830453	0.9994538856258072	0.9995508433605813	0.03059217040327154	0.01109396757599865	0.01279811812361641	0.6163886377869443	0.1667329379587804	0.1295912551573136	0.1380489247252747	0.5120655900972312	0.5197828159078777	0.6450320924326605	0.5975905694654393	0.5218819883845132	0.519750965250418	0.537620107519028	0.4590404071951639	0.4229430367155983	0.4966538892147126	0.4997774962452629	0.5116076711538823	0.4753090670563775	0.5665108518897766	0.5330845207599361	0.6111242941188738	0.5683920614985999	0.5303009143135137	0.1645993546710454	0.3500983884682823	0.1731695111050949	0.8001206460283805	0.5807752450452306	0.1246367518957539	0.1862206933780592	0.1358165528198035	0.2057230017130707	0.2809821413848183	0.5176737766463912	0.3968196440142239	0.4305765427510968	0.447633299153243	0.2868213683611321	0.04609673305553384	0.4927570205795304	0.4656457452884373	0.05922235320448399	0.3539084110815535	0.6267030654005735	0.2331808782675071	0.2978693408925659	0.3675776227419655	0.2934414593428997	0.1118240576792184	0.2229830066357476	0.06568980261327743	0.1790513531626965	0.5271709070801234	0.5067026906107326	0.7756351847745586	0.5066402477544919	0.4776600200809986	0.5736112986116347	0.5989099875681705	0.5216905174694701	0.9999996284259337	0.07071795139791084	0.9999875749511722	0.01000045817178101	0.0100019727571798	0.01000028004158041	4.328003498092726e-05	0.6511295133443809	-0.3889765390323214	0.1134505236689038	-1.209667547754367	-0.1856871545417507	-1.161524560976343	-0.04116704279940645	-0.00215697377535703	0.003936293017554203	-0.0005085777967109317	0.0002972721063079544	-0.000235716067268749	-0.0001846358959311149	0.000891861330442292	0.0005764443465474269	2.610417657116957e-06	6.344388661742703e-05	-6.706332322122202e-05	-6.945969530148598e-05	0.6340641282618883	-0.06873455200485144	0.2770274242305203
1.138333333333333	0.7816744580507019	0.4539667797166363	0.1524299826557942	0.9278623193956714	0.8244738197621291	0.573150352323002	0.8319453877098748	0.1578885399450673	0.4679424821726575	0.6408365340236999	0.8340309566522133	0.3392741461255001	0.01785624273123994	0.02981221957639594	0.0341583994121771	0.148649370954117	0.5144330229168825	0.3130282554947525	0.1620659818513691	0.3252294695445206	0.3524174568814192	0.3518553524936652	0.9832436844062903	0.9726642154832145	0.01059623295536118	0.2443780451320558	0.1486794354284845	0.8110757325749416	0.1446455470738331	0.1320198469679253	0.1108537577078153	0.6405507055588904	0.6412238404534697	0.3694375574131784	0.6107182689176808	0.5226741665966557	0.5170329768419198	0.5900965062219502	0.4244865889844175	0.3635505329498316	0.4935094125325295	0.5083294956264541	0.5200307184916221	0.4805263396682262	0.4877985384392339	0.4525430809190258	0.5373739958274723	0.5325783334010632	0.5180872956111399	0.4800794609624269	0.4530353698769631	0.4326545146937433	0.7100157924990222	0.624356054698654	0.1880447072105272	0.2541738657621406	0.2381004063888562	0.2516386171131643	0.2770173173368171	0.5139622899666392	0.4399066853434073	0.4279090297907445	0.4021660564011219	0.2730311086358931	0.1565409782336285	0.5332153998820441	0.543230266440048	0.3898623264794571	0.4929795471482814	0.539745319764169	0.4203932471355696	0.2411003334772086	0.2303383947838785	0.1948755789812849	0.08160924917495858	0.1651002594724773	0.05869276023421316	0.1505795726476515	0.567608382134397	0.5353045905534501	0.796518745727903	0.5053853473149363	0.4619162801119211	0.6025239618962029	0.5468223931006576	0.5079499905733386	0.3530455789232192	0.2597667261343701	0.4083284266515257	0.3370583198871739	0.0186748179039793	0.1990134275444479	0.4995898833838353	0.01510933837348879	0.03936171398145046	0.9422132137580495	0.8107538179772465	0.2849323812572896	0.999403953058429	0.01084590593338015	0.7648992649238924	0.5107273174746713	0.9992930999903769	0.01020517156560992	0.01033702545783733	0.01028717709197796	0.01038833559927785	0.01093171779217044	0.5188523561751184	0.01418391874270634	0.0104514689739337	0.01049766615722765	0.01030229362305954	0.01025076785452732	0.9996125252798519	0.9996441063780799	0.01902347240608175	0.4962620670281766	0.2751364652685208	0.9994606761227948	0.09419991921977984	0.08526256092840455	0.06352976232349615	0.5406089191634409	0.5934944929674797	0.308874434341056	0.6386071462854394	0.5147699411565141	0.510193263605359	0.5449195832710956	0.4124486724907407	0.3467132674038932	0.4806569714477832	0.486210543102498	0.5165332915649091	0.6585086486763457	0.5068254761461665	0.3936124158009358	0.5563653167807697	0.5479425198908948	0.5129149201959026	0.7426470549380969	0.6194776569967047	0.6661360092664873	0.7306833490358928	0.5846330580290188	0.2199555788025594	0.3017697591499654	0.3053429432929194	0.3063435411908556	0.3111038055391575	0.5100520896519652	0.4478875132643133	0.4835641028275331	0.4359186989086673	0.2971225484640836	0.2421927634197272	0.4375834244543956	0.4648390294726377	0.5351403472708427	0.5590908570850465	0.4595014148423293	0.3743319433046616	0.1506738611662102	0.1060381075632794	0.1023841878646348	0.06382635960430785	0.1324033944084834	0.05554534494223095	0.1277871292329955	0.581707570497434	0.5399351980832754	0.8212540953675097	0.499637518735482	0.4410408566591222	0.6236078363084638	0.5445016489496365	0.5116102983108325	0.01000113426781851	0.06856848154790633	0.03557017893175994	0.3209060790623546	0.01000244849675436	0.2664184371620243	-0.0001903330178245805	-0.5471724292291762	0.5445095719158987	0.02054072004516954	1.131357809436162	0.1365079212874633	1.499922246196155	0.02145096550148051	0.0004466610679946881	-0.001024537998064437	0.0002295136900606375	-0.0001484190121287088	9.964179602535767e-05	7.491859778727605e-05	-0.0003351840687533649	-0.0003606531782225464	-6.517623497478511e-05	-2.520512025651785e-05	-1.724076748613071e-05	1.476582950783872e-05	-0.0338728650776219	0.2606195423904888	-0.004546373252615624
1.155714285714286	0.7183013616776839	0.3946941520287475	0.0380738604593731	0.9463859064320995	0.8517628313354414	0.5323271670932213	0.7857039308873124	0.09737721169263581	0.5036648087093658	0.5534779528502813	0.8595286311713044	0.09027768758025914	0.01212784528319713	0.03474723695787939	0.02088590444261992	0.01039233357278008	0.5149992814138786	0.2091519252251338	0.1488843354823098	0.3021220260705218	0.3524392017325318	0.3518906574673893	0.8885880753906745	0.9432574390103218	0.1467679057517496	0.3130783895930584	0.1768218121605579	0.9106694303031146	0.06710864414267652	0.0634481733146311	0.04562258008845428	0.5461397230777979	0.5978059682767768	0.4650368478428	0.6265784130447259	0.5143158489764383	0.5108633070007658	0.5399901108630578	0.4284910340140152	0.3747324901646681	0.4851979513749644	0.493182889800761	0.5159592119617077	0.5591473206451925	0.5045915622150344	0.4629605087890603	0.5474422525772832	0.5517860046789543	0.5355707274387074	0.5169502255944669	0.4273375851344464	0.4537228259234752	0.765067610527842	0.7025821207141962	0.1487262137287276	0.2030118215629017	0.205141738936762	0.1997143362338272	0.2020587884053645	0.5203137078662321	0.4122697916759528	0.357484556146311	0.3590550835213818	0.1949249377213045	0.1592680689135434	0.6206387862628838	0.6386566760773085	0.4271418249464772	0.5648482669041756	0.5725010186417484	0.4214748210279827	0.1688749724710188	0.1449512051368709	0.1229963090781378	0.1057145344312076	0.180648502755708	0.0424006027040099	0.1221371792340696	0.560917533780787	0.5239907714290308	0.8268474285550744	0.494421008003246	0.4362279420830744	0.6088267160203654	0.5747663705254221	0.5199892034592288	0.3529518450111214	0.4141556173423603	0.06343792974632409	0.3105103942727371	0.01320947567163703	0.1854172290857803	0.9996151282417386	0.9603763039662235	0.0156757170674093	0.9982714165939979	0.9988831813870214	0.9375738684007243	0.4329062216077096	0.2473196895318711	0.01047617052250326	0.4901403570107568	0.6111845469538051	0.03047530382396553	0.01232088580086111	0.08115517485500162	0.04855683631810746	0.02171557928731153	0.5086023692622983	0.4212930415143205	0.3977826752891985	0.8352605053590423	0.9991293182724456	0.9989574167606029	0.615684044907914	0.8347736565040668	0.3693840692386465	0.01226446619961342	0.01100186203285108	0.8541724942484213	0.0130594941807852	0.0126513340683225	0.01209104254964952	0.4074098918849125	0.5165526516007188	0.8933699750496796	0.624587779249733	0.5043467190146111	0.5059515515303328	0.4608418632902819	0.4654231556911601	0.4427092363253836	0.4835268205832767	0.4836936447497847	0.5080489295365316	0.5209902770363486	0.5481664954280402	0.5924691408579762	0.5723655633811712	0.5905136755715371	0.5895176289987268	0.1260256636702168	0.1119484666981352	0.08564151849371268	0.9109348005481207	0.9480657879981226	0.02061965001606171	0.02624733517014282	0.0234228750478713	0.02351068000706951	0.02906833593683281	0.5423165509489336	0.3242275861153484	0.1341217006565269	0.2405518465561156	0.03258979605556237	0.01378365293162401	0.9636897754371671	0.9686516778602221	0.2015215018207813	0.6055474278251953	0.7908706340031849	0.4333474907138978	0.1634499697637402	0.1800442954897916	0.1390377503732887	0.1763909934649396	0.2706964984104401	0.02735691430567455	0.1126621074210368	0.5121801550443854	0.480854359654543	0.8670752236102078	0.476092531343232	0.4090217840897346	0.5867376738900523	0.6648903091257127	0.5489281983434221	0.9999985030124905	0.9999991630653279	0.01000060000652625	0.1882767382636279	0.01000051967655933	0.01000066867402268	4.324700393161822e-05	-0.2270542313079985	-0.6127555039664933	-0.04524072556854371	-0.4894859208309376	-0.1704813790394751	-1.325697687875269	-0.0432041120975487	-0.001978648076788778	0.0007157227867588417	-0.0005343736346179666	0.0003283110532864879	-7.329918254991193e-05	-0.0001774476895431444	0.000537299582008395	0.0008384752399179442	0.0001475119643776601	6.589747862562592e-05	-4.978573618226611e-05	-9.823459485373095e-05	-0.04564064883928296	-0.5459828486817595	-0.1479928705293161
1.173095238095238	0.7557060797182987	0.3662790157368501	0.01187766495286621	0.9710623634735622	0.8832391790942939	0.4291552886585702	0.7942491581939998	0.08841634222066493	0.2463893680085375	0.6013256427863278	0.8607885892710576	0.03048260467778791	0.01123369257317475	0.03633932321344571	0.02384501707701391	0.01280726051303695	0.515090563607007	0.284297823231184	0.1483170252478389	0.2998121677293208	0.3538553911236685	0.3654672519510884	0.8735616854944096	0.946549122650074	0.3226779571991389	0.3311874230354291	0.04409116210943388	0.9443342890895406	0.04482251437470011	0.03753044391602556	0.03440173740476164	0.6571940046375742	0.6691996874173872	0.4524289197178228	0.6384530519086247	0.5092125058932008	0.5058499666756193	0.5293687797766379	0.4209565636704912	0.3627419235684401	0.4808396135819625	0.4912563414026479	0.5172077032224495	0.5291227869013495	0.5260991734587985	0.4757573993319472	0.5462431769436662	0.5333057325492502	0.4919066637647218	0.5577510241764898	0.532493089553407	0.519149523444526	0.8595870586071978	0.6115143720966558	0.1464448186176815	0.2233044845606094	0.2103120736520545	0.2367010907185704	0.263874495258337	0.5070735573110583	0.3908194287115479	0.4465936258706228	0.4096871708376315	0.251091966301917	0.2181248013164267	0.4289882049792452	0.4369774661410295	0.3659172739592643	0.5051593805201217	0.5102465996323587	0.2058572323216706	0.1032946682776051	0.1014498128527471	0.08153914161400541	0.1230263614169645	0.2059542995110707	0.03568185448410383	0.1021538855779671	0.5630116390853702	0.519445158383236	0.8703935304844364	0.4901145756260335	0.4218506779313381	0.6251395761751407	0.6004946471319776	0.5301631974530105	0.5686907117783105	0.7881014569809904	0.1397880721415288	0.1022049291461667	0.2225809777677966	0.03423772575635316	0.6690763093968043	0.01158131684953455	0.01423617780524394	0.9832831958636989	0.856972902079682	0.08388679549462398	0.9991723289597785	0.0105632792071844	0.1510299354705854	0.7260715742073601	0.9995379871943718	0.0104228399465106	0.01042732833556938	0.01038321026356106	0.01042666224559806	0.01031021108442305	0.5185319568448487	0.2369015966496864	0.01109576258613512	0.01072824020770147	0.01038242671640229	0.01040124596426658	0.9997303627776081	0.9997424402912769	0.3642519663429879	0.5082190597904676	0.01700424375517787	0.9993980455849929	0.05931810777124646	0.04786702086574412	0.04790694165826175	0.9178663983860751	0.8314140406756504	0.2199822586042949	0.6597138390388045	0.5090384842258633	0.5032699702366669	0.5543292579854984	0.3909517472783486	0.3110842072778123	0.4752084867311071	0.4903553722579131	0.5221466433188959	0.4797744483493196	0.5002359534877092	0.3906939002941019	0.530161597596682	0.4874525519792641	0.4056867066433827	0.8060456724531837	0.8368558717278258	0.7919500560360254	0.935972206002097	0.3613422689411604	0.2063726307568421	0.3331013588360179	0.3044877863740936	0.3670874092524712	0.424409388724411	0.4829894340363127	0.4187141466286494	0.6738405564595565	0.517584320405105	0.3979769195216871	0.3588228100183142	0.01714365953205357	0.01611036054281235	0.3872869464253786	0.4123661124267757	0.319407109053732	0.01102254462560401	0.03851426248517351	0.03640436133514553	0.03158272388480528	0.1099312659415411	0.1914559626175884	0.03711960338843338	0.08409026995230592	0.5968187516063167	0.5391980855843431	0.9256763066268399	0.4923641540770005	0.4129106144488622	0.6639169615215802	0.5909669046177778	0.5285678595413132	0.3945443613996819	0.9999875909137101	0.2424507210490072	0.01000378983334643	0.4663539112253781	0.01000134853250408	-0.000229013192675207	0.4932404323153555	0.6098321133622649	0.1106059024574856	-1.433049675641845	0.6186944099183652	0.6554722892827295	0.0225697837279792	-7.592278967446789e-05	-9.569743055703125e-05	0.0002179841899511795	-0.0001358072415303825	0.0001334984696441795	0.0001256349092016687	-0.0002409803256185081	-0.0003971544885515692	-6.169950652383627e-05	-1.949565947011231e-05	7.095556882770223e-05	-3.495276919775838e-06	0.2483772855376906	0.1982882654896034	0.1112486497984672
1.19047619047619	0.7679641465167053	0.2446025378294242	0.08460033572596989	0.9804505148209115	0.8921207523770731	0.3606209147836528	0.8575375766303915	0.1165206450115027	0.1510147308257765	0.7062672619899233	0.9073552775380014	0.01319047675925656	0.01061034127789948	0.01139698414002911	0.01298786451888043	0.02364027248355495	0.5155711089980434	0.2293875707689134	0.1018827767955543	0.2713294750778442	0.3436236632171475	0.2621625675319748	0.9150013542419047	0.9265513497040313	0.2433664890113967	0.36603149693611	0.1020746656400271	0.8692463781005767	0.08261608027267418	0.07597754864181575	0.07170347357163116	0.7946343418685167	0.7518383676646456	0.4638453373375269	0.6531167498607835	0.5149320075943504	0.5115281671936692	0.5281015076710983	0.4117798993218776	0.3476391287623395	0.4773750341412311	0.478981051541089	0.5147361818629334	0.419911596791577	0.4041660808051731	0.3369614282015345	0.5386097308380455	0.5247667086462171	0.479354424664179	0.5597427085779579	0.5526451067863342	0.530999343434297	0.9134206591999827	0.5957648441324994	0.1415573104454837	0.2247535681761551	0.2069390543145301	0.2458073412728557	0.2813887372368714	0.522720198347044	0.4350654260084719	0.4483128425548467	0.3499841901911016	0.264421527131009	0.2385219377806194	0.3976146298418307	0.4006074105074164	0.3120759489077076	0.5235985754703272	0.5049358951364337	0.3473223851211617	0.03819583495237474	0.03362323771218416	0.02957431574648143	0.1701840985927621	0.241734213351827	0.02898433334033524	0.06894726440829391	0.5882223307745048	0.5356152998153831	0.9165875419865308	0.4848767118243621	0.4029816774204711	0.6452583893783016	0.6055181407461447	0.5286751917932377	0.2758371224055584	0.8987204241193483	0.1596149206987757	0.3356130297481664	0.3776155503563527	0.1807535427838968	0.996078955599452	0.5857493742252263	0.1889693961935804	0.9972044927925743	0.9881011846189761	0.7849472446837112	0.6283560514959954	0.3220005736268762	0.04534849576604863	0.7671635544081349	0.7626505696770919	0.01061222295794149	0.01110415733341879	0.02580074207854744	0.02470023077129208	0.04499439089240494	0.5099844793877383	0.2359517447444218	0.2712455467686044	0.7449144890903439	0.9651303757908624	0.6659076525576206	0.7718331629654059	0.7645298560374548	0.07217421130018389	0.0838373583518999	0.2152722904894661	0.5630185980731468	0.105663269940454	0.1071041089672259	0.09839840023772999	0.7063743982472271	0.6926005813095899	0.9385714538710539	0.6572470133176436	0.5275179844449892	0.5288518526648456	0.4691223915378879	0.4450833582398569	0.4083469276971595	0.4775374855634777	0.4483627504305831	0.4990691987043387	0.2265948060404111	0.1624740073864022	0.1741626472258022	0.5498869314992212	0.5837522297267382	0.5949093277122488	0.07612177861023538	0.0293499959447929	0.03128774193971479	0.9686731607270755	0.9920508980812968	0.01105998494686875	0.01114409076443753	0.01071541236677147	0.01073181875169456	0.01128219210541916	0.6049351719786662	0.4767949683657721	0.02871903450949998	0.0207303389526947	0.01170601925595452	0.01048207841608579	0.9981616614242909	0.9987410555709409	0.1198742333393553	0.7254735259290882	0.8317918777517526	0.9992261345790979	0.03451687053101832	0.03330483233064728	0.03060393594543902	0.2935218622246809	0.3565830772976947	0.01442765064554569	0.04350328104538878	0.5888019173505272	0.5359335084836339	0.9632102098349444	0.4647285667738978	0.3676097035984076	0.6312687043671366	0.6520709013476333	0.5332968785869571	0.01000278815953773	0.9999923924531727	0.01000168780285013	0.9999977237313571	0.2676368606322893	0.4627954235315159	0.0006309774679505249	-1.082218420117155	-0.4714154897383944	0.04240421147635149	0.8778315051339074	0.3092934163895453	-0.3503254825864792	-0.04429248762388247	-0.001258885419555632	-0.001980890854563208	-0.0004732420908646811	0.0003417508532168634	-0.0001157487009793221	-0.0005305734016036809	0.0007657052871258023	0.0008414346168913059	-2.043241802111395e-05	1.333476061044804e-05	-7.515727555246133e-05	6.832982500664364e-05	-0.4724841355522613	-0.3584459643768051	-0.2730727154993887
1.207857142857143	0.9032041399015049	0.2003499389776346	0.08385885037686028	0.9911611946967823	0.9284161616967831	0.292406283480235	0.4634961637585014	0.1106418013790516	0.03433714756403398	0.8273963927265761	0.9074980596984636	0.06075137134655151	0.2197629270710637	0.1057153088274075	0.09228547736157064	0.01042835898311326	0.5089323305736785	0.1935862799589659	0.3663929767862746	0.2754038188208035	0.3598945822007946	0.251139658179089	0.9187998582142926	0.9494742477398108	0.1493168147228342	0.3185107279558149	0.1948997115011485	0.4750707173740346	0.04364989197229441	0.04272765587299013	0.04024085116902074	0.8490339146418788	0.8327124843724211	0.4912182707182643	0.648951751206665	0.5186332918872654	0.51491994295932	0.551287137738342	0.411637663916907	0.3474029685972199	0.4817928034433016	0.4888046196624335	0.5170811004235526	0.4440342020225497	0.4594228832116238	0.4366091548817003	0.5345108630270621	0.5288047091921066	0.5145220679880043	0.5630595687472948	0.6111651810004114	0.562735837691775	0.9590344270062372	0.594350197540487	0.1745176238557375	0.2413939269587076	0.1999413868475941	0.2426217045800149	0.2953489603315607	0.5086900314916789	0.4387937577567268	0.5075324207026598	0.3894695449616453	0.3270341745389433	0.2430865479728506	0.46640090773944	0.4589735001425462	0.2714663237730934	0.530644816531488	0.5654134909663441	0.3518784310120319	0.02109493412855469	0.02012099175295771	0.01872481986595541	0.256878344608298	0.3002707113623195	0.0141095036092831	0.03404269548721237	0.6255625450560539	0.5544730006328313	0.9548262053565284	0.4760758056250822	0.3591906193056913	0.6933089359663509	0.6500099459460508	0.5325891101209905	0.5141396490207955	0.969702269544365	0.1226713092735215	0.349761512822951	0.2360699809900548	0.1726197819280626	0.9959677090733207	0.01031156979479613	0.02516386782838024	0.999612475348911	0.9373745265889089	0.01197015911271826	0.01017709842322068	0.01028543104500035	0.01015408486439098	0.9994833618522558	0.9992797130835817	0.1001267779693331	0.4408778879529746	0.185872435035754	0.1664980498594523	0.01024702310828912	0.4996510138928604	0.1351290904203207	0.5498873166803491	0.01075833807204356	0.01045413973332023	0.01047774150283409	0.999829228568346	0.9997421240167748	0.1267933289607373	0.3864844505306482	0.2060675487878694	0.01060666398929303	0.01017607805405119	0.01016068557488392	0.0101241444748816	0.9997125932137823	0.9994018702580003	0.2792524943846603	0.6401418588606034	0.5190448394224025	0.5124503108018894	0.6187721676734308	0.394452625172959	0.3159237705078781	0.4886047827047102	0.5182881834758601	0.5282552722534241	0.5668028087472465	0.6567805107418445	0.657555441422751	0.5185322084767705	0.5009923985519094	0.5004103846423889	0.8165660735675585	0.9590374985104974	0.8597803815574877	0.9881180560160644	0.3886069187395668	0.2865249020280122	0.3680669381127754	0.2887402219093539	0.3537747181779451	0.445734402558816	0.4462926865729192	0.4278620655794104	0.8094226697765949	0.6067775563775005	0.5352806981937863	0.3604634014845444	0.2289281711871586	0.2107382940619686	0.3491062647160396	0.4309303156143888	0.4615735169962429	0.01059669893856268	0.01139681265452616	0.01128354882146448	0.0110814423260265	0.2936932943440786	0.3148433143975035	0.01087773975120952	0.02108131716736759	0.6803029167422756	0.5836831221929428	0.9825073294050287	0.4771569710978482	0.3292387909783772	0.767873824385999	0.6793230237592867	0.5317375117123916	0.9999991248286239	0.9998265491037105	0.1715073253593221	0.01000121495374497	0.1258628835282347	0.01000061220543781	-9.583881439912729e-05	0.5647053383198959	0.2030533533249922	0.2228870815278793	-1.769990523881186	0.2773661540960015	-0.2801613026547769	0.02310803562359013	-0.0001046845661137884	0.0006193122975931971	0.0002473789163994518	-0.0001553363963476165	0.0001352250123599728	0.000625019342797148	-0.0006937802416130484	-0.0005562150205429835	-0.0003557292612528957	7.610324134147816e-05	-4.194424196660808e-05	-0.0002491698459785029	0.2289841994791474	0.1231957364397869	0.1804461009003069
1.225238095238095	0.9561033821771165	0.308782218172704	0.05184645655658573	0.9961107782504739	0.9456815544317757	0.3111770069686429	0.2829611988657215	0.1619459741716684	0.1702169373248864	0.9364468122429342	0.9749696993481166	0.06635658982411614	0.2786226369891501	0.1578385331101834	0.1856208435018717	0.1496050376608573	0.4956986819053945	0.09253733569870817	0.3327993639976414	0.1869259441425901	0.2114111573191438	0.1549098689925045	0.9330353905145418	0.7279624901445956	0.09392917785229535	0.270165130795871	0.1239244811251204	0.1306822641921982	0.0874725059334568	0.08958879187711086	0.08017574703240087	0.9502329207399252	0.9092740304960995	0.4962999874329083	0.6452275370060806	0.5258673711542885	0.5218078421788342	0.5784641383229399	0.4103469144776411	0.3444407356672267	0.4866354215334051	0.4947429989057024	0.5181686510385043	0.4284096583965951	0.4818380732521684	0.4858205898701566	0.5157041317922054	0.5156344421415885	0.5117116361627653	0.6149257474145225	0.6486163886680186	0.5997281776470468	0.9284105141731864	0.5883829871207449	0.2447033264125942	0.255748041646109	0.2023911027524117	0.2431916157430958	0.3030919262535291	0.4969568010682109	0.4603647547385306	0.570825948416084	0.4127997800800489	0.3570791072679624	0.2464024750331921	0.4752853866220785	0.4661122121813291	0.4142162206336091	0.5061515918308785	0.5144510701334974	0.3513963947999465	0.02640305620142442	0.02458302450274944	0.02271852843266099	0.3240259826354902	0.349610391288231	0.01554250883805367	0.0409031968416696	0.6410094653067628	0.5709662798890252	0.9411523091408397	0.4850743947839907	0.3785919583196145	0.6961970173888459	0.6203783614816707	0.5185901413571725	0.6258572265964465	0.8962565346846788	0.1904680859972619	0.3503168800071356	0.1886975168864629	0.117018782357039	0.9998735264164197	0.9332303687127101	0.1115070891932492	0.9996085669598711	0.9982295642349273	0.8648899738414648	0.4794967335617051	0.4659095389975634	0.440985173657713	0.9714861820412701	0.9849871245517257	0.0100642624991224	0.01253019165788308	0.1139992912931744	0.2236404510738218	0.3969160396745486	0.4765426957280821	0.01025642597850823	0.01068245065468944	0.4761739762745592	0.4988233489574761	0.3838195306387734	0.8137960905517406	0.01022592310139043	0.01013310458373714	0.0107195340929729	0.01034622936946559	0.01014963291688589	0.2187419026349889	0.2263834772428986	0.1991975219988461	0.9685546190007017	0.8390631761027679	0.9360702633388186	0.6503154422565018	0.5459149736176099	0.5465201851299631	0.5267829314376659	0.4413753492601361	0.3999461501445025	0.4876712348130767	0.4558196892636641	0.4998459715990144	0.1532766998365622	0.1591272000135907	0.1993900524318482	0.4961762706917598	0.5385935855284426	0.5507993134889462	0.2306973809729792	0.06099677686494685	0.09869821485973651	0.8084602702290526	0.9739345108021616	0.1575630837823394	0.03005226972512946	0.02282042190899045	0.01534369749297817	0.0154441286283211	0.5827981905482249	0.5386534692948055	0.1349261272787017	0.03458516340320106	0.01742690477595324	0.01404697260732965	0.9927421393691647	0.9934308367194267	0.5664447126796308	0.6417046821784093	0.6148708414863036	0.9968916221375976	0.04872282773252338	0.04493941933048361	0.04073290275417274	0.4369455328586683	0.4608666276836519	0.01985332550047029	0.06697238683227991	0.5935277207148938	0.5662330977502754	0.8684665578470492	0.5014559065471542	0.4643675309731879	0.581125622166057	0.505381812663526	0.4857367829410315	0.01000598410175172	0.6658703955679678	0.1997627840133249	0.9999791739908404	0.2462273950038639	0.3079495258041301	0.0002426118744976157	-0.2691621646446755	0.2400411670167986	-0.2477719073232504	0.4744449720139468	0.7594211468625608	-0.9111499560664472	-0.05252123227721907	0.005505449212545888	-0.003695858942778309	-0.0005126506633090747	0.0002924624528853815	-0.0001450066211577879	-0.001339855163474582	0.001516560233695107	0.0007887381792311099	-0.000213132202055537	0.0001829542072245177	-0.0001219470854519749	-0.0006874655669523583	-0.2779217766879493	-0.1051848794579812	-0.2233571160248136
1.242619047619048	0.9818802181930121	0.3235200267375931	0.04780165197205973	0.9983874496665222	0.9997284606606406	0.7623928926568625	0.1809977882466451	0.1761685830740438	0.164806358176101	0.9826696485845237	0.9996776685956785	0.4494704582742983	0.08241019824916007	0.07067480428814238	0.1100330711001417	0.1587347645114717	0.6113026053272493	0.4556779860002589	0.1024808373771876	0.1558058862117764	0.1639452684501452	0.1180165821288497	0.9522830913462045	0.6848931481153467	0.02527646672875891	0.07894484744416268	0.03268018438600521	0.4479682108621039	0.08011818092673399	0.08244611910801794	0.07547192418369392	0.9768441544578834	0.9367771992575014	0.5526787932741709	0.6547317552374771	0.5357887684212577	0.5312513824404154	0.584345590564801	0.4022852736298789	0.3307454492205913	0.485122560841167	0.4826929352529646	0.5154808171743208	0.3785747046294476	0.410558905145716	0.3984374586320215	0.5077679908786972	0.5177824765514253	0.4988290825844116	0.5357801944793613	0.5277543824872009	0.5130139076992831	0.9089239218884042	0.6801892943661303	0.1027164730424528	0.1522262158977445	0.1467070467302419	0.1817132875409193	0.2586571907307981	0.5214947381699347	0.4609455133148797	0.4574196189275527	0.3750477907595777	0.3699570730188989	0.3563308679361477	0.6748685330376418	0.6840947505305263	0.5657699283296858	0.5294050053808345	0.4193847330275432	0.4039812159561115	0.02572998096084074	0.02381640179314938	0.02073816707038466	0.3337714449920394	0.3895604312216754	0.02918536635456187	0.07531936989839699	0.6256392279386317	0.5762256298425908	0.906381577442018	0.4951742057915907	0.4260166990973821	0.6478334139559531	0.540645839287679	0.4964976893416443	0.4851217561360635	0.8805387027173025	0.09554798478438839	0.3522369198848927	0.2921827563264669	0.08850816241174764	0.9999549373398932	0.0100697436194255	0.01002402845434719	0.9999460687257247	0.9999065554210269	0.9996876823412518	0.01000528370934888	0.01001265778764879	0.01000523836245656	0.9993504152591047	0.9999519344413719	0.9999490681282065	0.01002433339868937	0.01002514042673631	0.01002318962590499	0.01000836062479169	0.7884280127639424	0.9998773437388366	0.01019856157555158	0.01011521806780522	0.01004046384311899	0.01002389078049265	0.9999876471637804	0.9999900464738813	0.01011686433097338	0.01013978519276806	0.01005658010057032	0.9999558184682555	0.01015049610156249	0.01013735044034547	0.01010173179545887	0.9995698367230671	0.9993540054328441	0.4049517999753874	0.6740433921387398	0.5382231387132782	0.5312856801389276	0.609530774757442	0.3760227029801128	0.287360430902556	0.4802884608344259	0.4828606704463778	0.5204700193659498	0.4675015233027474	0.4781507015539123	0.4095513788304638	0.5054905094683352	0.4996542533284429	0.4390827485667471	0.6254133951607825	0.6683854745409423	0.6590525545953054	0.9284244609218627	0.5681640980577594	0.02701864004535989	0.1716569007759	0.1821475846035122	0.2405100202494373	0.3772379361988364	0.5031876987313899	0.4205807447702831	0.5402754013638217	0.5374852067507433	0.5841167558416589	0.6425102685402991	0.6510722715473296	0.6788686271449071	0.6821611550934418	0.4758093160004766	0.2000383094099517	0.02953681513116031	0.0182987385284975	0.01677586769916199	0.01499206266986194	0.2891036316585094	0.3837034727049939	0.03839961415341293	0.09562488911105954	0.6261736930803792	0.5862069864446998	0.8810859934462776	0.5027455427330605	0.4473821819237547	0.6327535426199744	0.4792086180873045	0.4803795668597489	0.5710492964031528	0.9999863140859571	0.01000586947703828	0.0100137770367032	0.4026035627101859	0.01000164359976946	0.0001297490411920258	0.4602488653940838	0.366193382894871	0.2061779902369602	0.9669865982078046	0.8709046237203273	-0.1088328380056168	0.01921560282298271	-0.001808497511464573	0.005380580409231745	0.0002423953877448739	-0.0001541224195811307	-1.006060150749598e-05	0.0007465015711205815	-0.0007335057883879456	-0.0003654188551738368	-5.391300450868972e-05	-1.572857086401685e-05	6.545711845786473e-05	6.906297975435752e-05	0.1355317902355579	0.05297654564160514	0.1063886650397282
1.26	0.9919651020618694	0.3439582542700391	0.01578498856472825	0.9985016760685518	0.8215454451428811	0.6212935616977771	0.2711032487138145	0.07755437572105275	0.1071580291077328	0.8705320468115684	0.894505917857182	0.6070066815303987	0.02398523300649496	0.01150679484006293	0.01009655260647355	0.01021259374818779	0.6526736644689725	0.60951748231674	0.02834125743196445	0.295047344136038	0.3218081637647804	0.3166311961506195	0.8146166068811389	0.7855057698461893	0.01474355706072208	0.02379343595704207	0.01638001822604911	0.7860344829819123	0.09121913930111633	0.09567798493044422	0.06496246443344643	0.9546721743350285	0.8948372590022281	0.5855173886295673	0.6866895002790271	0.5337269654211216	0.5314724956595491	0.5525412986013002	0.3983131157924782	0.3305597469204247	0.4758630688893887	0.4682547320028605	0.5129906008545898	0.4542303570204629	0.4231356010840209	0.3303041997928112	0.5012509854187338	0.4817051514815802	0.4079030042662444	0.5752180526247087	0.6206340493179207	0.6000561178343059	0.8656591311260718	0.544282063176625	0.1637575176020895	0.2524877517659756	0.1736750860193508	0.2593837264642921	0.4095591537623464	0.4957100033733925	0.4541556565553859	0.5516204066016424	0.4953717480440341	0.5097827113070549	0.5023013700397714	0.6294973710773553	0.6402128074576386	0.5589170294238396	0.4721462532426776	0.2078194471200851	0.06708232136508153	0.05496262043978283	0.04949273162403823	0.05330281742221465	0.3406741295808005	0.4053604542618321	0.03958222736260035	0.1166888503160128	0.6179538980814123	0.5783554115678975	0.8656640305857988	0.5059958758543052	0.4556077059519789	0.6286436473055325	0.4965597830050621	0.4817151686741458	0.4181731108930978	0.9756478509338807	0.08739251950721995	0.352340122339688	0.4253060393840715	0.3152548769639141	0.9996530275763614	0.9993236971147342	0.03929426536517851	0.9970228980729365	0.3413469109359533	0.01073662662565927	0.7828290114446361	0.1982916841536117	0.2820527918384514	0.5417843021753633	0.6059178994701988	0.01010237489931213	0.01008740866737091	0.01008913569103989	0.01027156327616969	0.02503098594790529	0.4679255548102765	0.01050283642417211	0.01031098855454928	0.9098056000424007	0.9994297015077741	0.9990602966334585	0.3361087518909858	0.3948387480967808	0.01012904579451148	0.01065199897037932	0.01101037211361107	0.6433756495110541	0.2474312994596579	0.2607521736762562	0.1731615111185797	0.8607658569222432	0.6650141811836512	0.9958800806003762	0.741632830518577	0.5286575355484002	0.5369445042129101	0.4208880538752388	0.4369820070577747	0.4099940352999802	0.4610680923988355	0.4250290983781801	0.4951271931067257	0.4313265024339808	0.2811050565834586	0.109858863076466	0.4848085845164491	0.4258420921820158	0.2914096265204797	0.4548826277748134	0.513586263351331	0.4828201181992721	0.6915434647370101	0.4462535787666411	0.3881374121420625	0.3754560465338159	0.1297048527467591	0.2685686230135296	0.482635600769267	0.477941754074645	0.5173930908029123	0.5664884626227649	0.431354485131489	0.4048694750418972	0.2936546399613897	0.661493424400756	0.6497485310760427	0.3870486713830046	0.4419310508269439	0.09771159362542188	0.02711314287928147	0.1154767126999554	0.1031350238566371	0.1148744681357338	0.4501136314549201	0.4749725765259334	0.04027435301826413	0.1566859894534372	0.5875900723555721	0.5668926576187376	0.779649014928128	0.5240575411443962	0.5103975726079626	0.5797393048475497	0.4614899586201294	0.464496064156064	0.01000157382179777	0.9999844681755405	0.2086350186260709	0.999996622425792	0.556213673025106	0.9999979191690338	-0.0001867708202349186	-0.5193544534238812	-0.4489634056768986	0.1672883973978986	-1.848838245552005	-1.147986130074719	0.865788864451708	0.06277762574357597	-0.04779239852616565	-0.0103863586046196	-0.0005033057295145793	0.000296918590702974	-3.491346213415746e-07	-0.001505334194388454	0.001577537439982983	0.000749737100333619	-5.040660055561278e-05	0.0001593674043780651	-6.818625809418788e-05	-6.140311513627963e-05	-0.2128393020097404	-0.07824595383678846	-0.1533910114639468
1.277380952380952	0.5955705886185473	0.3546982552776194	0.0203370890747966	0.5979137969588075	0.3550266668499887	0.1862191360368602	0.4000067450272462	0.1898796719325154	0.2215465946833704	0.7785969444161975	0.7660134926827796	0.1801122854743654	0.07439599954017255	0.02690135500952126	0.06280773037820361	0.1290441753431343	0.5306265404592191	0.2711012119983852	0.01625572433031397	0.3818732523437556	0.4077940136594668	0.390995551279726	0.7722401518735712	0.7734079816762032	0.01068590565348677	0.01227893831825558	0.01115818943262083	0.4139075058288625	0.1027723454705954	0.1049273539184524	0.07053901065614451	0.902685426265165	0.7967610914278032	0.6924751768447569	0.7380217483203543	0.5299423298790084	0.5295218266482016	0.4868746451308599	0.3734655726640979	0.3006918317599856	0.4513796971455162	0.4316834277838683	0.508326092372801	0.3402539543344156	0.4022470902143464	0.3706359988332017	0.4658299691401837	0.4418247602984705	0.3811296488434433	0.5429171016776019	0.5771372306965415	0.5446753659766066	0.8232567594707682	0.5218039688874607	0.2594141409384711	0.2651642678491468	0.07645943457172812	0.1846753772727566	0.32831801636213	0.4844656693240673	0.4760088069509656	0.5414794613001771	0.4779323392270072	0.4666619092894158	0.299799579627533	0.5996260234698617	0.6036555175706341	0.4488973336070397	0.5045964330132068	0.3202994403791563	0.04606416169296285	0.06528037202413274	0.06114338102774138	0.05407793622728262	0.3084896228090644	0.3837480881304215	0.03813595093232162	0.1211917363074487	0.62257726501657	0.5834325282817062	0.8575384497417029	0.4899885173202188	0.431704126529491	0.6208017148732979	0.4713601069379747	0.4787939473528682	0.5309228597331984	0.9899555371871286	0.0596722750262037	0.3839877979332755	0.303806772703533	0.3468794338176616	0.01021805363247096	0.01009483434650529	0.01019313416459751	0.01039520087335809	0.01020188800027359	0.01010990406078488	0.1932917532484724	0.2136776901729069	0.2130968131399571	0.8025071361197479	0.7459407247262075	0.0106518551544694	0.1237480736128938	0.0389469163244922	0.1049562583821929	0.2272374874661419	0.4578246285406944	0.1816608467100358	0.01632356980964743	0.05932435250009536	0.04327328479903271	0.01063613610988054	0.9997418720687541	0.9997613475073128	0.01011086624438081	0.01047718192620123	0.01007549512878935	0.01024048809698112	0.03158502492611316	0.02794313712066443	0.02338142158299765	0.8727575798262165	0.7639655987536553	0.6349639041419681	0.7933536472742131	0.5306284567555266	0.5274349180054788	0.4610298915995573	0.3181772054122287	0.218834030080924	0.4237279536110971	0.3960207374196387	0.5091158538752777	0.2099954637156521	0.4486746548425316	0.5446337927215501	0.4285897864418239	0.4223674970727709	0.4175211005398731	0.5502319013493838	0.5571527480114445	0.5169053004276	0.8346028844207705	0.5572417621958285	0.2424142177376583	0.2243394221526351	0.04352461200389937	0.1256614588640483	0.1971970585892466	0.4811086312209034	0.4739650550588939	0.5122046796329175	0.4749961279791566	0.4391074227499385	0.1656333964336757	0.5676663277541416	0.5741096480716635	0.3966760782657798	0.5692197504025578	0.5378880765818488	0.05690047216948715	0.04783540342732628	0.0458723767979451	0.02834390346322933	0.1828276875722897	0.2985014861625306	0.03780611929510805	0.106077921109322	0.6420752946224938	0.5931936638179857	0.8935439963823959	0.4540840371443851	0.3635684045433245	0.6337945170785783	0.4650451304432947	0.4884696880585975	0.9772605760226051	0.9999783084887511	0.01013005414251158	0.07244464768959165	0.07757484988926183	0.01001804510224302	-0.0001007997299042906	-0.2364566956600827	-0.4062227788312754	-0.01892678479285347	-0.111143192132829	0.2632994097467886	-0.753064211872646	-0.02714581826327137	0.01821877138347981	0.006838680854567673	0.0002130808410870952	-0.0001012697262126397	9.064326295707486e-05	0.0007988376692406333	-0.0007610610448150413	-0.0003453119881228453	1.94499719976336e-05	-5.279623599716764e-05	5.514225213639474e-05	-0.0001594572936808745	0.05850031642728699	-0.005824496485065393	0.03482131755448604
1.294761904761905	0.4656922731734903	0.3255217311209294	0.01004148292481283	0.4669398026828367	0.4091615938077893	0.3695486962393601	0.1364957528724385	0.1266471913773614	0.1256743263625681	0.7503422596092005	0.8353187322398868	0.3679984069063151	0.08208935082287937	0.02808142271787063	0.06916724706887094	0.1438404074836445	0.5303881859162491	0.4699604288135427	0.01524531367148076	0.06542186478587406	0.06391528153830657	0.04460713361135166	0.9572123566013134	0.9529561062903693	0.01044101694760682	0.01131515474853642	0.01049160751993406	0.4129311236189215	0.1042133584861793	0.1090227307701159	0.09435839881336067	0.8950462422743325	0.771589758970212	0.7255614438061712	0.7776454242086134	0.5418419380728039	0.5417420003780774	0.46771510364896	0.3460499963408936	0.2589104486411072	0.4350265274473922	0.3863050008592714	0.5004046547215812	0.3065514644237198	0.4124608218844175	0.4347615297934567	0.4646560671638827	0.4546518573719072	0.4303142145027235	0.5083889653277591	0.5241833973253107	0.500620399277338	0.7713385362052829	0.5851529017060207	0.30745753297586	0.3049596359267129	0.2446033189047198	0.277192044655114	0.3166526447955998	0.4931890971032071	0.4846258930576212	0.5094373165848132	0.4299000683879892	0.3729184739145401	0.3162952774587236	0.6895004357972383	0.6947924533818077	0.4705320286113922	0.5331151079756201	0.4550754799276727	0.09709695846523582	0.1002643331831485	0.08199606148012484	0.08471433958323769	0.1526775300805995	0.281531822186513	0.04546892509724345	0.127847952466842	0.6153150510747697	0.573028312929432	0.8739701359541954	0.4654951786674247	0.3867486966235072	0.6183175183865813	0.5047244373620204	0.4976697061017238	0.8860506636980833	0.9955678707496712	0.252884708285288	0.3861950966980102	0.1813425823488747	0.3476091964919396	0.9999102983214208	0.9019001888286716	0.01675101130740902	0.9998614188222712	0.9998136831737015	0.999664933962204	0.01001699503952859	0.01003889874136973	0.01001647806148506	0.5707360098137538	0.999852744249644	0.9995722867531475	0.01005667455761134	0.0100563768685527	0.01005203154874974	0.01002512959103147	0.6105709524599002	0.9994973077998949	0.01028214992337424	0.01034126711025139	0.01011031178500339	0.01005635821061364	0.9999550920853107	0.9999639125652456	0.0101208927734812	0.01035542530660937	0.01027308444502965	0.999842769999415	0.2508108548230891	0.2712967409957096	0.2330000580503274	0.9031466255227109	0.7102214028878502	0.9923323705171495	0.8071984437648783	0.5698400062770895	0.5771113408752229	0.4367219141031816	0.3783734195933318	0.3125856750626469	0.4367943911788594	0.3283465004014172	0.4759047699143176	0.4293522461766134	0.3331617220269283	0.2444627839099728	0.5178837490485896	0.5059398020919109	0.4634625719428965	0.3869118852462273	0.4011936565442156	0.4119739289984939	0.5773937559518124	0.6701137940500644	0.4919417256683869	0.4827175668381748	0.6318938780265174	0.5722300399559138	0.5084817006949873	0.5165912779585029	0.5219758302037143	0.4784510053700181	0.3070363475663344	0.1787869937609065	0.5294773846954317	0.9859836186583376	0.986529303426059	0.5746289653011987	0.4936358530445424	0.3622770610852721	0.1515328980155205	0.1994901940673345	0.1513106757765898	0.1891099463578993	0.05691416119061556	0.2027237329944337	0.05678226001916745	0.1716681042618064	0.5590635353261384	0.528392119988868	0.844201761243637	0.4659512572058905	0.3986360176680796	0.581273156202416	0.5906853616556206	0.5253151221272774	0.9763766842233805	0.9998984614843764	0.7669140995153272	0.9995272638975717	0.2820991901848294	0.9999581139208842	-0.0001271234523980365	0.6574322588528929	0.1571145134218448	-0.2247182788652001	0.9836948045735523	-0.2007576631115479	0.2525106633589925	0.04010246785226563	-0.02910893960125692	-0.0004270053088698464	-0.0004822950008365896	0.0003116637291904465	-1.396979882459214e-05	-0.001592366582574369	0.001535186375095642	0.0006571647091126626	-0.000115863461573065	0.0001910292019342598	-0.0001026513385675593	0.000288924287658587	-0.1100670589832988	0.007812449893654714	-0.06584572183882503
1.312142857142857	0.8004446130080277	0.3579293766027573	0.01427640754678943	0.786079669876847	0.6931195528243693	0.4152084250184548	0.128479787590646	0.1078301942446935	0.09632581471646862	0.7298563584143148	0.8614118138735659	0.7462267046514178	0.1060931813392422	0.05634237651224881	0.04030998334465252	0.05567748221684079	0.5372044971774622	0.6537528691780672	0.2156211973433534	0.2185120802005075	0.1167668056872126	0.01222395662658379	0.9451614468704164	0.9475769885941335	0.1017790431779265	0.1998798716449869	0.01138387089561651	0.596981869548186	0.1213483797945512	0.1202082218639736	0.09682270124314318	0.8313141450907658	0.7049207064489268	0.6766835016589297	0.7300600605508623	0.5523429967666297	0.5516634675408087	0.468448701165893	0.3822108310078804	0.3161546049651013	0.4469896267311172	0.3682779117439775	0.4865317113151206	0.4472716972453589	0.4789511042182101	0.4920775205923242	0.4929996768886324	0.496520832761604	0.4921385444175661	0.5639904900671537	0.5584644694085981	0.5584399270522393	0.7299059334318904	0.5598652928790394	0.386266657180261	0.4119758100889702	0.4094667349116294	0.3998857343531227	0.428189366733781	0.5068427054756949	0.4906827577662731	0.5230089731976763	0.4755772548640707	0.4460105379609008	0.4222151156751561	0.5601531045573471	0.5572630542012803	0.5445819622799511	0.5158198444854663	0.4810860458354024	0.3135963821057747	0.09633699124189039	0.09101713183767546	0.0833862989644501	0.1063560509678897	0.2116426878937931	0.03629968674656161	0.1039220949803006	0.6050982295613866	0.554863656475503	0.8883932285885033	0.4365333937063544	0.3381236319996622	0.6245759611385372	0.5522038593467662	0.524701784086962	0.8313988431101862	0.8517834671827302	0.281242098383377	0.5820748964310679	0.2816087828636573	0.3716622169235617	0.9983417802534528	0.03171419686886204	0.0205363417482515	0.9590048104235954	0.7504874178504602	0.1253408970938049	0.1826830506927277	0.1469093288916624	0.124836922251395	0.7875648930078046	0.8108288083181643	0.9169195484227336	0.1839921862129588	0.1102246725652408	0.05884704730997985	0.04177870634482104	0.4980769926310173	0.6065179005862938	0.4584680410068787	0.4340923990037446	0.1945276989373925	0.01332615602854589	0.9048562260461288	0.9154609683482953	0.1816227581337839	0.4130386521786925	0.04570984903953541	0.5160377754511366	0.06202825925464622	0.04957026524283149	0.03450639673909385	0.7204805581878463	0.6303389176851374	0.4706571652507259	0.6451202575495046	0.5549193744460768	0.5498896204149795	0.4801418348665762	0.4115557788700283	0.3569900310603831	0.4597094981970726	0.3651102930835595	0.4771806102283552	0.585397884441668	0.6214639424510864	0.6753200768117413	0.512386806456548	0.534447537178822	0.5668545130842351	0.6895383243261728	0.6577349115780313	0.6707959766355316	0.7581870577370621	0.4886186210591137	0.3822703805003423	0.4446902717057471	0.3888724733817488	0.389282085768016	0.459529704753241	0.5134061931159284	0.4787849054793551	0.5516276304324657	0.5998247590355675	0.6380890749798601	0.4398328746686876	0.2315286374202266	0.2199398353522312	0.5806300986920896	0.5102447543478104	0.5729518385625048	0.5357607554092253	0.04857612948735224	0.06602212712338644	0.0310743244447011	0.1069210932997271	0.1619040708021248	0.02253566698444092	0.06193897512318533	0.6173106207972835	0.5491113209868714	0.9294147761890504	0.3920229725709716	0.2624690606334525	0.6518048315428541	0.5810317455757277	0.5517519440606758	0.704391263591148	0.6277784864607154	0.01001500830657503	0.4121798492076802	0.3156404647229692	0.01004331880561796	-0.0004211868971759615	0.3866638272854677	-0.1522990815428485	0.04284999791778354	-0.06211743919094338	-0.6608161950703578	0.5677508048260159	-0.0005425780961584407	0.00279011514032293	0.001740590554133668	0.000145804756924336	-6.722182797852255e-05	0.0001263712968883934	0.0008281888728435765	-0.0008463072094542891	-0.0003366118665527253	6.792016107538674e-05	-3.810015672714202e-05	2.289884070889615e-05	-0.0002381973154976498	0.055321940752409	-0.004418846167626233	0.03216645340347959
1.32952380952381	0.9053161243154673	0.1396805050770839	0.06185406416908286	0.8784285147730352	0.725042857330863	0.3991022219289181	0.1272814018988407	0.1046998893940084	0.0896163372347665	0.7205844286131675	0.8432344995091472	0.8436611177390485	0.2252583039484348	0.2024939298350749	0.1240176952260884	0.04397619726337591	0.508003127719061	0.6301893482217591	0.4157765652489117	0.3560682508436208	0.1311607141795187	0.06792523716194129	0.9395483332623917	0.9445262956221998	0.1175167083101313	0.3447980463505842	0.2530673611496502	0.6112331493215672	0.1348623017298374	0.1418277967390909	0.1346407133671436	0.7758728755489454	0.6629117801772116	0.6601563198046773	0.7179558798091796	0.5626538595756952	0.5624670602428538	0.4498997622692442	0.3935924522164527	0.3368554117214536	0.4414725787774101	0.3249314703941467	0.4721727641021472	0.5737064765509541	0.546555660676613	0.5442566443714889	0.5318400984997415	0.5363765828182263	0.5410519662906746	0.526659800935017	0.5281123884369817	0.5230598842830937	0.696131834443442	0.5777439433239152	0.3909890772923994	0.4116981393600765	0.4478426214260871	0.4332101094646857	0.4254362285513723	0.5093371559603971	0.4871274246350956	0.5051317688919261	0.4908506515445005	0.4506534924587902	0.440765789573833	0.5248251405449279	0.5201039238794957	0.5165242766755928	0.5059427817468428	0.5282257442765783	0.390347542351442	0.128285971051812	0.1092447960667648	0.09259464812562465	0.08451037204650619	0.1359430194796295	0.026764138222545	0.1016397883851159	0.5980000778044099	0.5407259523240154	0.9074926601575359	0.403983602342502	0.2801139960636181	0.6252450001091909	0.5900745933796495	0.5465596285494591	0.81762400232201	0.7961956043989676	0.1757927471328081	0.291928904719973	0.1987389624235358	0.2143637245718336	0.9970049241267832	0.2485076667518347	0.1234630724137437	0.9749701774820083	0.8574378212727441	0.9314435153559413	0.01262645504945869	0.01432561729815941	0.01183699093656923	0.5672861853310981	0.9071240483399974	0.9898945545805338	0.2911953297772623	0.3637005571826915	0.2170889956865637	0.02678859060560247	0.5127482950989199	0.759357237406537	0.4066813639937465	0.2446973421850423	0.01429004499366716	0.1431012557248769	0.997058249822295	0.9968720179596189	0.01061816379026153	0.2616138386065571	0.6504952002715165	0.9091333082646751	0.2844189339066442	0.3282454083490307	0.3330553120193568	0.802613927173359	0.6575102345824839	0.9923724679629509	0.8263169533199147	0.5905051828498586	0.600035424520463	0.3802864061939256	0.3792947368040667	0.3276225254079962	0.4082420513046751	0.223174114366348	0.4470575315558142	0.6901620056057791	0.4634314760221701	0.3314872597227621	0.6089543685036272	0.5857516926976342	0.5491046377007432	0.2056340496013586	0.2671194598163912	0.2352491634656845	0.5221419250928953	0.7541329300760673	0.448264706175676	0.3979160048971278	0.6667549331635573	0.5973927276693157	0.4111224644189135	0.5097664353930621	0.5048309755572727	0.4086205476482257	0.2999759012802928	0.1043408394409461	0.5041307457456223	0.9941901663877507	0.9963368320945367	0.4102540949417584	0.4824192780071045	0.4763265192231454	0.197046509767988	0.2826096932058156	0.1947326774713053	0.2123936552363545	0.0321248023339343	0.06258078644463953	0.03717342874997846	0.1725738181107884	0.5488543641072489	0.5052270465219459	0.8883949865922669	0.3974256718144741	0.2745130404944658	0.5758878302188135	0.6588426880060364	0.5639462086695675	0.9999895659657917	0.9999966370070612	0.4461793192705438	0.01000395614622997	0.0100016393264665	0.5027339220798918	-0.000150364332938312	0.541911131139429	0.0229935988675958	-0.07931030121634881	0.4204668132719808	-0.1765297871563369	0.2385784930997675	0.0003319290545306378	-0.005335747794484271	-0.003493388970829586	-0.0002590704888735664	0.0002684950064569844	-0.000224113453110144	-0.001743278893332182	0.001917741411784531	0.0006801454892440054	-0.0002027461942781625	0.0001342360349961073	-9.813235333064021e-05	0.000218566838561826	-0.1394109272096743	0.008985260494835506	-0.006229621701977369
1.346904761904762	0.9506106356936768	0.1577165432274139	0.04812076968571313	0.8563143203811766	0.7200544928904384	0.4504054491742553	0.05103873941997506	0.06745391462192095	0.04190404669596614	0.6856344384657105	0.8753864872277787	0.9004392722006745	0.1606501791148099	0.1458198740934325	0.08574032772705305	0.02929195242765394	0.5098455238129099	0.6952989872311084	0.4154138867543015	0.3492204259803394	0.1532552737992834	0.06001685499917911	0.9369202403518496	0.942062320172421	0.3560361562589556	0.3873602136719849	0.2310636647805512	0.6765141243549728	0.1372148220419919	0.1426792062087648	0.1301111732407891	0.7242237168614492	0.6259971531101416	0.6578727136670341	0.7097750029345594	0.5820091076843135	0.5814670072770796	0.4339680337966979	0.3992831781438062	0.3439796203183119	0.4396043639104785	0.2575779973221634	0.4445367882976596	0.6515172336048395	0.5665888393287017	0.5070519411798587	0.5626649323731719	0.5536795214235629	0.5364335072187727	0.6092617126590681	0.5825095621930304	0.5955537692656145	0.6676306950292099	0.5572416103757603	0.3099896222627164	0.3856889527511032	0.3977803258994801	0.4419262478094498	0.5262643813108016	0.5184702365686058	0.4644222874647747	0.4985834927761935	0.5232102437567192	0.507017043381265	0.5032053529984413	0.4076442229336191	0.4031851082576433	0.4112483090915402	0.4831324219808301	0.4755319287166746	0.5224552645756974	0.1618074461911178	0.1573864349915537	0.1187191046118912	0.06293484656225487	0.1077416968401047	0.02645561593712589	0.1042717685415416	0.593594137418872	0.5270409507360801	0.9177344317339873	0.35272628266821	0.2163995140107536	0.6220236174965783	0.6354074541780446	0.5745865912078499	0.5180398435317629	0.5086601254166713	0.1440182313803482	0.2410692800556158	0.1943090178645529	0.2929772918802216	0.9749239585224098	0.1371419175128643	0.01476656001185843	0.7752689945917453	0.6509261106144035	0.2270880754275031	0.03912964432812589	0.07928639236517498	0.03979119008999765	0.7154372544622504	0.8909460696551987	0.905956161925854	0.05556992099748322	0.01894405172427094	0.0142037305889101	0.02586329829951295	0.5099000481061403	0.7133284422378666	0.4222081233905297	0.3945587600180108	0.2342843524357685	0.01400289467192753	0.9041499979836459	0.9121044855315599	0.7228757996234031	0.4944333805042115	0.01214913278015529	0.6031441160032857	0.06375256413320343	0.05020687588686752	0.03003941582644686	0.6145737975266122	0.5647748119223405	0.4741061778238229	0.6200592989203992	0.595482768529274	0.5887628783010536	0.450722426483048	0.4237896971780649	0.3719545316877508	0.4590197228205412	0.2242724537284194	0.4153906052446174	0.7246269535596626	0.6476948856637671	0.5665116113035025	0.5725939654289512	0.5576297698650666	0.5308175025473948	0.8764887871778103	0.7773537343196735	0.8283688299016866	0.7057274486274789	0.4335181208427821	0.1929638863499456	0.3553574144841879	0.2154607214097282	0.3547654812959292	0.6466903988125762	0.5289705567475163	0.4257378689550573	0.5352358437130399	0.6646210759649531	0.7551173430837851	0.5200140620245958	0.02815139532422114	0.02113873810531011	0.323715123793867	0.4595818331990027	0.4292320396682109	0.8001811925746952	0.1208490216506583	0.1678735936502962	0.0870365779124509	0.06974835829422581	0.1158784882375434	0.02046380935073656	0.07081686207712701	0.6110004838179547	0.5245286578100277	0.9433871606436959	0.2905340983290622	0.1485088866853234	0.6413750008914324	0.6678157361427829	0.6065540179634504	0.01000643869151854	0.01001832700346502	0.01001089195123943	0.3139383981274972	0.2815827369569931	0.1786306243420568	-5.776839521370278e-05	0.3135322052711652	-0.1436049712922534	-0.08209058942109551	0.3316951349018515	-0.723581786115315	-0.3347771229276325	-0.0005124415452700677	0.002705934666050032	0.00233194194614198	0.0001054824926152599	-9.305366998311129e-05	0.0001899497358318774	0.0009980481565986122	-0.001057160642279686	-0.0003751213324593838	7.859434996071481e-05	-5.201572870502656e-05	4.585169425955141e-05	-0.0001460669153057872	0.1157617453934201	-0.00711314980158166	-0.05623397710224743
1.364285714285714	0.9686279194362498	0.260117956708725	0.09571261694761174	0.8523049447165031	0.7353727042528576	0.4426366406533205	0.03462336259158819	0.06541584705874845	0.03334737167406814	0.6949572325286735	0.880988359900458	0.8923965166532181	0.08905187478434885	0.1527004494719742	0.1104862315478658	0.02226048948202286	0.5099825908060556	0.6719899553330217	0.4263969008569158	0.3425450529114176	0.1588693076330395	0.04424136648932705	0.9361213953280868	0.9412383985511827	0.4558839151172908	0.4440272457035469	0.2596677205936525	0.639945844425798	0.141541776331824	0.1542040905729057	0.1566464044856437	0.6392943975715674	0.5767614204488927	0.6140452652178398	0.6242362803735287	0.5877852085879864	0.5842877852546192	0.4429890796411749	0.4423448339125299	0.4089891961741309	0.4604262129364613	0.2170190317524755	0.4172388187904799	0.7474789643813675	0.6147296921719673	0.5235203019947232	0.5930587061560715	0.5760143087501522	0.5534651201161704	0.5860087992441476	0.5489846061054741	0.5593096665898217	0.6369888132147573	0.5275608005332562	0.318102953526593	0.361647465447198	0.3446322139746854	0.3841567838893602	0.4551011226978403	0.5138757940839167	0.4601179709945425	0.4880631367834409	0.5373599098276176	0.5141872095032278	0.383168270087005	0.3849202020579418	0.3804237745116817	0.3790223781375848	0.4600719587667613	0.4591836835051327	0.5396351650806263	0.2158062667573011	0.2231398912534237	0.1701357430456402	0.05535165159538997	0.09378960561655432	0.02258597647213126	0.1056567701689452	0.5893895903253463	0.5186933608379185	0.9226199569299741	0.3308195642851889	0.1889182454748003	0.6188577044437855	0.6553069382700081	0.5869130980832398	0.4320834174376116	0.4280159007848157	0.2958338144665498	0.2198010170074962	0.1926657265287045	0.1148705689934269	0.9978422525268837	0.5289254500247551	0.2425437335357341	0.9898714979477146	0.913374927996264	0.8790966135471171	0.01078283174087579	0.02671909128639423	0.01082227220498106	0.6415825742315364	0.8843132485794385	0.8908646187174897	0.1331410623650013	0.3940338675699229	0.28647619816361	0.01471589250149786	0.511187481622018	0.6075671798850412	0.4396934690243558	0.2327732233884197	0.0114760835798506	0.106286589444656	0.9978252809928571	0.9973462194077888	0.01359401612947946	0.3829558929030628	0.7417847120497609	0.7202309797971931	0.2955543984063875	0.3597101857668606	0.4069246604784138	0.5922039819419535	0.5450738594868325	0.8523962768900386	0.5612727876305974	0.5867207339765477	0.5874653946379328	0.4238352572054575	0.5021566747780465	0.5118925706091726	0.472755532248072	0.170511400291725	0.3936464142520446	0.9108135983651215	0.5906941271557452	0.4265437021988339	0.6712992658497702	0.6369872284934289	0.6074030066034392	0.0220135881921312	0.09397225035179232	0.02809400820210761	0.4609746504521507	0.6810037488225893	0.5311187971698583	0.3520978873999735	0.5415567573171948	0.4162698987940997	0.08716724804421438	0.4856718042278732	0.5146407148399861	0.3841744428469001	0.3030717865159659	0.04973878473337007	0.08923315422874575	0.9856021883779292	0.9855693372482824	0.4216563680108028	0.4366335408552011	0.4827333463449933	0.07969147653682589	0.4238271554254292	0.3530902142785608	0.3442511078366948	0.02345788111754365	0.04497987990869155	0.02881222464486353	0.1754312151435232	0.5408361520617051	0.4947361426603349	0.891199080236964	0.3784197413362324	0.2403507024919986	0.5697263550558497	0.6697563808087759	0.5708132835425106	0.9999986903900596	0.9999955609300842	0.9169103148062144	0.01000140576300114	0.01000168331747273	0.01000116144763019	-0.0003618515990190062	-0.3470854395672988	0.07220064839114325	0.0749457378827791	1.164054047446597	-0.8001191624827789	0.04057872510243449	-0.0005560627783377738	-0.004878824271253222	-0.004717838653235628	-0.0002281882592498905	0.0003259479934413852	-0.000118192831590569	-0.002063280179300143	0.002152273684061538	0.0008591114444476342	-0.0002066420574675154	0.0001263207228491957	-4.667149720577454e-05	5.127874824940178e-05	-0.2948444969211245	-0.02216515526812026	0.1381260593205699
1.381666666666667	0.7709550593127399	0.197228592103449	0.09561665661137118	0.8011516773079103	0.6985581530244996	0.499925947531559	0.04724495699471393	0.0583827209542102	0.04789789468945782	0.6519683320590819	0.8080983965800922	0.5405540340824511	0.1484409064931734	0.1420239655045584	0.1026437979373614	0.07095233180302024	0.5094636593540154	0.5558997656874038	0.3198804603227776	0.386356134850655	0.2931891100699062	0.03410313853636365	0.812544987234997	0.8105438309320679	0.1329834468818896	0.4068873776356315	0.3353397297876922	0.5952214095438353	0.1604025363925649	0.1700270161656353	0.1579606744415389	0.5811530042705144	0.5426079069536329	0.5423071593319112	0.5341741396035227	0.5962018325238925	0.5914753979036081	0.4830605396553911	0.4888632019051005	0.4835893860209038	0.4916280384582262	0.2082077401814285	0.3947768104819582	0.7969206035818089	0.6458194708181837	0.5319222006483086	0.6345258228548534	0.6172030742130948	0.5988285787833112	0.5540783030000493	0.5003901894796656	0.5109683828111468	0.6144977524268832	0.5530414093282464	0.3811482543934576	0.3548764608373376	0.2984719871299374	0.2883223134436683	0.3672959369813908	0.5173269952538733	0.4573926107564273	0.4508926705011116	0.5057736863693658	0.4243881156215756	0.1269636659476224	0.3820365041819579	0.3585304766622447	0.3445677077777288	0.4450571742747693	0.4846751731887953	0.5531084035752517	0.2793530574670817	0.2764746774207784	0.2311266600381271	0.06377597482011556	0.1068293831307821	0.02409603455152586	0.1459970132264679	0.5739239867384415	0.5068490242375451	0.9161075287037658	0.3226096081904451	0.1804801985772921	0.6014359821341383	0.6747977102476604	0.5924073943037289	0.6293936362263723	0.8251618542903879	0.3556444180257058	0.03900191310840286	0.02927261668307224	0.01014879521275714	0.4535202914912589	0.01116696058938635	0.01159851198556133	0.6266582415004388	0.5271655968178108	0.3119150859461157	0.07405280221292077	0.09110036976686997	0.07407764556224258	0.6183357978037819	0.6757277780077963	0.01388152360062284	0.1757171572988127	0.01514467091744392	0.01618834218916275	0.1147884511954835	0.5075042817220764	0.416681090542155	0.2035023649881297	0.5035960769121104	0.5365632966705562	0.01062122188108454	0.5912828341613163	0.5817391407960266	0.01547091510653963	0.4005101722241037	0.1148724398943645	0.4772182123880496	0.1082472695963441	0.08761224746302829	0.04014941438626462	0.5152526844663501	0.5071930230532112	0.2707656307285708	0.4192926975705702	0.6087931083652338	0.5994857766555111	0.5455953800095668	0.5278581509286541	0.5395621026875573	0.5334083679031674	0.2236215980682037	0.3757016252478724	0.7963750225184966	0.7215534422978181	0.583792523543619	0.6727908149369691	0.6577260188484472	0.6401971305102311	0.7782929624722905	0.6573152858833664	0.6944547893666855	0.6619213505967181	0.4999429415179768	0.314348179023575	0.3371691106118737	0.1437802671000889	0.171052449549382	0.444569501087891	0.5359902843248631	0.4181757363157511	0.4504773171685845	0.5911757616414355	0.5462655891084763	0.02761578745000495	0.06360741325326218	0.01893844422098348	0.2628471841655026	0.4237037224793406	0.4798103238905769	0.7962148683954356	0.2416898728830391	0.2744443876329967	0.2064400227745783	0.08708731592631894	0.1437220698623354	0.02310929463821731	0.1561885425865921	0.574189104571065	0.5020301205971534	0.9150446862896924	0.2912669332293069	0.1508347971327986	0.5982275060906881	0.6930304205676592	0.6071253326675017	0.588815752824699	0.9999769680960415	0.08715970347107176	0.01022367497372693	0.01000396860120346	0.01002127005909722	-0.0003832075469763678	0.9466678576893703	-0.08654127195456314	-0.166940485502754	-1.814040781444089	-0.5038589656601179	0.9599145104617843	0.0001495127183325817	0.002399317908282517	0.002443108756230045	0.00018147946406127	-0.0001487575472135435	-0.0002552553471473769	0.001034719733929153	-0.001023933378107294	-0.0003178765677404125	5.915524771971292e-05	-5.399793158059112e-05	1.435468737903573e-05	-7.594431257249201e-05	0.2551148132439294	0.06376970695187756	-0.07117003828525598
1.399047619047619	0.6936314609028046	0.2231514220241034	0.04144474492929619	0.685274808190998	0.5880242186618818	0.3836521137035572	0.0804513713603056	0.1822863766586001	0.07126590932045829	0.648942589945726	0.7135902877565536	0.3423624836369821	0.1337106912512234	0.1689143705221867	0.154286680827866	0.07655873097930191	0.506836479039243	0.4986928741295469	0.3710151040963076	0.4229340243119198	0.3477918752578198	0.1325306638056412	0.7624295634314476	0.7597327871656282	0.2398333204460864	0.4448675175367319	0.1781371463850269	0.5301605936797431	0.2173548563520734	0.2225046171507867	0.2104861032665953	0.5410509732290719	0.5203561986936102	0.3256241133876738	0.4344533152003766	0.5988097999969297	0.5911893929040997	0.4892189284662231	0.5281850327075123	0.5410902997146556	0.5226115650992212	0.2149683372682726	0.3804448673922391	0.8389427623442932	0.7227158281079472	0.5032069237414523	0.712758068259387	0.674551315997855	0.6272101254903788	0.5381488264871362	0.5103214914161287	0.4853551388721482	0.5820017922772308	0.5203447042526862	0.2635550485881725	0.2930593129808477	0.2697672200590349	0.3063039067038247	0.4170413792337794	0.5175834409118366	0.4240518894299867	0.4338643027681664	0.553637678744206	0.495607865193331	0.2498763743014712	0.3828655282455024	0.3587368941316094	0.2563053187860973	0.3886794419728104	0.3849007300827029	0.5546695389771501	0.3104795496807788	0.3211014418525918	0.270702220200643	0.06716884744963508	0.1122548566509413	0.03141518705878217	0.2052637649857242	0.5622240567127578	0.5016655527416753	0.8902674021779334	0.3303374133696602	0.2015601295950466	0.5865452716360303	0.6695076232077436	0.5896576719477608	0.6701971147283954	0.642511932330966	0.3838172438635664	0.2428827109701202	0.2553899602777826	0.2336099195739892	0.9874739152988998	0.6192452782225231	0.1089578755043662	0.6754170385249739	0.6005782188566366	0.4777409683375912	0.081008535420386	0.3360106452545834	0.05809573450253955	0.6841086413054011	0.6684549272216875	0.6216729712729085	0.07495403286991513	0.4710798185168412	0.4289557139770387	0.01200818732790031	0.503662315221472	0.5601676953919867	0.6781641323935571	0.2917113378786897	0.01075117889816826	0.3582297667547144	0.987927808975086	0.9940157818693326	0.5907328752518968	0.5340816287444321	0.2673207788853166	0.564514329143731	0.4493804312807606	0.5065924446354394	0.5596785114122474	0.5338343362386264	0.5143634747727982	0.2624748590982683	0.3575796455408869	0.5851796429925928	0.5782623015884928	0.3994424464951351	0.5759041548324003	0.6164069805441237	0.5349079130548318	0.1939158545866779	0.373075896385398	0.9878584638782326	0.8004428090440779	0.32937574456095	0.8756148750767759	0.7732148665193378	0.6457204899266336	0.01946679138759787	0.1888182600052241	0.02018751813447924	0.3874677131043105	0.5525762425861521	0.1567732955102189	0.1858560822909914	0.4821065796335842	0.5373256600767771	0.334714112704772	0.4826413494806992	0.4169524927075526	0.3736638061377542	0.4883291877378126	0.3763506350406977	0.6263211333190116	0.9892418301013685	0.9919040636353865	0.2025347580658653	0.2860778451728752	0.1638962150258365	0.06563528483416611	0.4848935558652795	0.4501598818213506	0.4325475188148747	0.02804319941696639	0.05111651838304466	0.04456834962666539	0.3166570206766118	0.5222419049926738	0.4917252245027155	0.8145462070838567	0.4069627946588161	0.3003375062159646	0.5434437590238711	0.6291846591281767	0.555751921851054	0.9716191946675138	0.01001233172067007	0.99998404646044	0.6629049978962402	0.7089161636346976	0.6420023744399642	-5.151465955485819e-05	-0.9910173348669312	-0.09437561690599917	-0.02050824156140537	1.865750022619995	0.7778141227607323	-0.4965884837227896	-0.0007073087525323867	-0.004760552775378655	-0.004472993914451854	-0.000449303249564309	0.0003598826529896245	0.0005920158836699673	-0.00211396604811878	0.002050578095648074	0.0007290261072321537	-9.944577277197222e-05	0.0001098043452260331	-1.716799536752611e-05	2.518349103921705e-05	-0.6048675802566926	-0.180908262170408	0.1101383015091705
1.416428571428571	0.7469874728887713	0.4095450855884012	0.1336300713932473	0.6930109256718906	0.5767150487403445	0.4877828946518781	0.128241170504611	0.1729396180085719	0.03756060435798596	0.6254278857942693	0.6616321266722923	0.5512070421089079	0.2118726648496945	0.1897841921559831	0.164606153519651	0.2212999870453611	0.5082499180990354	0.5033677966948764	0.320311664202729	0.4469873140791341	0.2910989263794111	0.1300416914131307	0.8108393839169593	0.7986982055684434	0.2384694263327084	0.2622815329511005	0.4773772672308639	0.5277696061311085	0.2618166784737734	0.2836063745560328	0.2550540087261143	0.4812101680568313	0.4941111119145731	0.2457116622231932	0.2943770326332571	0.5833025127275142	0.5712746030637633	0.6318574411747546	0.5455955801924881	0.5597700477979752	0.5572620452450848	0.3231960459429055	0.4126504827417198	0.8338446894754689	0.7613208305333808	0.4978776418563725	0.7507237345314266	0.7047615913151795	0.6467459597728387	0.5524150204222772	0.4889498227953533	0.4626049072853459	0.5534510823379361	0.558652191606804	0.1922704519178608	0.2462798872707315	0.2404133396069061	0.307016119399543	0.4583804405579242	0.5205474511334204	0.3934995021106305	0.38353953042698	0.5460170015003646	0.4650937917435036	0.2647459160743004	0.5143187587781304	0.4792653467772678	0.14344672456205	0.3546050706851245	0.4247860423605952	0.5611578618231352	0.3711321230835421	0.3596999255765066	0.3219504354003516	0.0754863070454773	0.1241521922043955	0.0341527909497128	0.2605280397424579	0.5561423157193013	0.5049385261969556	0.8681046052188978	0.3511120841772559	0.2290498911477779	0.5710350974205007	0.6546037342078701	0.5784257713197432	0.892398431268167	0.6571549411363968	0.3638822947426963	0.2230019191953259	0.2402796358578073	0.2146559981411692	0.5888894594980301	0.3475498310381229	0.1700416532025561	0.6496112063327516	0.5006375542410311	0.5381476763229776	0.1806355054075535	0.09337566628732473	0.02565037096138881	0.5673217342127452	0.594368782799322	0.651787836990201	0.3243459390701737	0.01409220249901994	0.01727886825542683	0.4179433710962642	0.5104751647806733	0.4804404262199677	0.1150962779021742	0.5206509503628979	0.3792711889679167	0.01048732892305045	0.7715061278110968	0.7400084217656794	0.01043668381660952	0.0160194335387073	0.7987693886280777	0.5042560112707087	0.2025014073036295	0.2090932795467633	0.1251895584381119	0.398249917067221	0.4591791745164662	0.1688762628120388	0.1603523308518189	0.5581537061609099	0.53914364071125	0.9022900069205185	0.539638383735383	0.5355537375545568	0.5995753948491771	0.4959212599831355	0.4716128920242303	0.7233134289293323	0.7560296869174438	0.553308619264115	0.7073020724845006	0.6787314833125899	0.6419290513656069	0.8261693660004749	0.6208469718265245	0.6543764901969149	0.6171885044008998	0.5832856954170837	0.177627801605695	0.2335229163315279	0.06476649753312885	0.1518130017654916	0.5343912253485996	0.5410311525971914	0.3617468478525985	0.355769217678145	0.5593024648094812	0.4693754132221932	0.03258642160746314	0.3306434488431705	0.2617334861051176	0.04477637269559514	0.3540247594356554	0.5860711237497012	0.8057391473616734	0.3516180985626822	0.3422585013939365	0.2982210923515595	0.1032260243393427	0.1719441833605767	0.03107025671361275	0.2674866667285229	0.5667733530966761	0.5145791787506706	0.8669195000101251	0.3393287772689235	0.2104782885678528	0.5692794803150178	0.6503519967944127	0.5782062274489251	0.9999997687922949	0.9999993782412708	0.01000337315127839	0.01000025047431404	0.01000026392973497	0.01000021108402629	-0.0001034910374905967	0.488379998315311	0.3433384588032479	-0.1669358768733656	-2.396066718222258	-1.171973077815553	0.4450354542033608	0.0004033035163579777	0.0022710328637599	0.002001675967948377	0.0001731214951956796	-0.0001259557617609502	-0.0002765390285600186	0.001073169985821948	-0.001035675725913584	-0.0005785491067683121	3.228131464977375e-05	-5.694526901283499e-05	2.283166017566751e-05	-1.116076059339555e-05	0.2205788339370014	0.06279615258413709	-0.06472934193235694
1.433809523809524	0.4524504011582297	0.2203584441017576	0.1026747064597231	0.4806891350170314	0.3734009411632863	0.360673974531431	0.1868014446944937	0.2070773652526881	0.08484523118415695	0.5943873490709271	0.5973117498667728	0.4998934350338546	0.220648259499786	0.01297239765043881	0.09591248305155045	0.2761172916868453	0.5036373690188917	0.5108441741567574	0.3402187707948707	0.3575347788049617	0.2670964028276313	0.1196610123005141	0.8317924499098194	0.8144910237553983	0.02908057826022254	0.2235880934323765	0.4914633691704003	0.5156618825145781	0.3445095243663442	0.3489547788438829	0.3159194058332446	0.4438501657434214	0.4785668638941249	0.1440460411453126	0.2415525679104298	0.5420784571900668	0.5268066627986479	0.7427002268914533	0.5271708857368055	0.5185835185502023	0.5670153062717037	0.495618909258686	0.4774889421375086	0.733741036968813	0.6885781489040937	0.4066297225164447	0.6994076689167013	0.639159246978979	0.5654635258597255	0.5605749240204497	0.5021040240225209	0.453058869592851	0.5772540104044425	0.5216114113586564	0.2271125619333585	0.1791638950411634	0.05482204609604794	0.1411804204115101	0.3870421752682018	0.5173252714606743	0.4008002567964257	0.3989550201617366	0.5116249952727259	0.4046343449834819	0.04027777506147322	0.4638105887400477	0.4289876485720442	0.04506419997367065	0.3107503418968084	0.4287420256519936	0.5522688002680936	0.3771409266781353	0.3784988403761075	0.3398521353138416	0.08331592157784609	0.1604050921714102	0.04451704997801896	0.2977521379942348	0.5516363294704379	0.5065804288071553	0.8427659809450079	0.3645634374955063	0.2517638024051554	0.5620053473302469	0.640809885219395	0.5708784961774448	0.7068394409382502	0.7097840939634577	0.3230292135531661	0.3274794524073916	0.3299726257350307	0.3259569724653421	0.01044296491620595	0.01064927493034616	0.0115705569588292	0.01106294822699316	0.01147350107926813	0.01060955285625203	0.2042301369471732	0.4339455826645178	0.1770720063303602	0.6126965631090684	0.5268703319436439	0.2760013787616158	0.03873530165752521	0.01951515867857704	0.2416959213304307	0.02920820597565196	0.487968847913946	0.5785057620331421	0.7648130310091134	0.01322989613245452	0.01385154365056961	0.3297677733838215	0.9975806700792192	0.998603185237648	0.03742263175790483	0.5259084496446584	0.01421102836220522	0.5295518942206915	0.6790298173929551	0.6812867644083812	0.7373531092465845	0.4819519124378031	0.4945734082875889	0.06148345460871139	0.3227293464308403	0.4742796509635385	0.462586216885154	0.5727731547946489	0.4997809895569001	0.4681972424841435	0.5263568177919502	0.6008213497348603	0.5361521267194345	0.6670963125131554	0.5176149646389613	0.07026330693909749	0.6634084403962898	0.5267261444192596	0.3670102770325637	0.0236771881908891	0.2552062371578899	0.02386182506187864	0.4964303974139923	0.3956589648610252	0.2996805495058147	0.05400503749285469	0.01558840738570256	0.08865162732960088	0.08493964001546991	0.4694316636723123	0.4671959946835538	0.4677910149850185	0.3914246193472624	0.2325743303363063	0.02723772335048313	0.7530537477262002	0.7756515266141125	0.02448583696133454	0.1968795973859708	0.1276259160396401	0.02975017063121897	0.4592487151069916	0.4767291485907206	0.4524292758709509	0.04224212926578227	0.1309395276290271	0.06725336455620003	0.3901298438380474	0.5151863454723249	0.4932256860748762	0.7600717327707944	0.429755906516584	0.3489691562748786	0.5331676749257321	0.6032614380707899	0.5451171118317134	0.09429990478601426	0.1554897260385158	0.8716509065185276	0.9999969862170957	0.9997319632004303	0.9999910156099587	2.043881766316261e-05	0.4223375287915369	0.2677710697177824	-0.1460285050266194	-0.7296389693629497	0.723037948371589	-0.4043992123023909	-0.000851829398780938	-0.004825167529145797	-0.001956619574602259	-0.0001693459658992281	0.0001871897411314106	3.606759269419318e-05	-0.002208946320578237	0.002172099198428673	0.001070565332278247	-7.17756530882831e-05	0.0001191277069526839	-1.264480507129733e-05	-7.25492318605519e-05	0.5192180718412884	0.2727179690982044	0.06758655900808924
1.451190476190476	0.5826802215948774	0.3372047154391122	0.2862519190130683	0.5260899847936982	0.5191733661453385	0.5309707804097911	0.1033190934671146	0.1745521724555509	0.07825141427526676	0.5985273686076709	0.6827006350488271	0.6380471907968212	0.3417788773802419	0.3484119701998598	0.2613178359659307	0.159339677198863	0.5083655784277223	0.5682223223184718	0.4552792128943388	0.3735999472833051	0.2226969046020603	0.1276391066916829	0.8514916786645578	0.86475867096182	0.3090077110183047	0.4395483789426045	0.524230658395348	0.5282868457961524	0.3791930042930154	0.3983083271765055	0.3878505284999676	0.3824529167312133	0.4463396628394372	0.07342737121125624	0.2106104033750111	0.4795247936772026	0.4571196968689958	0.752988122594119	0.4927886953168147	0.4370553583015744	0.5640236656880991	0.618466563074035	0.5375432619472519	0.8105449396734502	0.7519989224382776	0.2158970420076573	0.7883788834037503	0.7342748580143057	0.6708457443030025	0.5784073810504012	0.4869800807053175	0.3839939883021722	0.6038157882853636	0.5112840053981605	0.1485511066009516	0.09908867277290424	0.07947468500846842	0.09227297484515076	0.2778308360579864	0.5182214378198405	0.2717976582642492	0.2757378734351471	0.4742455780379494	0.2591040728187493	0.03550516542809511	0.4718874533688411	0.37577749120042	0.04488725394214133	0.1696914209772808	0.2221105149692815	0.514216644543439	0.3843634819648025	0.3845836056541492	0.3534797552183906	0.1201889601417589	0.1851168479292815	0.04125527750620432	0.3198998382051473	0.5421966721201067	0.5041711712376077	0.8299945830489369	0.3870607327615446	0.283138806755736	0.5548338378047752	0.6309913036429128	0.5623409189021564	0.6747590292914402	0.7219022682174782	0.7408358841809672	0.3486416215398874	0.3731369285380481	0.3541796608233042	0.9989157794946762	0.5972358530654566	0.5572045615054944	0.8449781185554193	0.9202221967243341	0.959647362988195	0.01592879210518336	0.02008278205783171	0.01847467960899399	0.5648716109552872	0.8436885537214373	0.9882323710610043	0.6323374279299193	0.7711071757465641	0.3689487215334697	0.1568351512748229	0.5234223136999585	0.6145829243120949	0.3557123463706111	0.563365679453721	0.291268758826791	0.01790695658881944	0.7970090853954562	0.8477731612380578	0.6630517680289956	0.5290078425526903	0.8052561777838864	0.5396783454522268	0.2579622466601258	0.292187600433395	0.2527990392468639	0.2705851264011568	0.3881459959878286	0.04992154188089929	0.1341521808124528	0.4236015501760377	0.3900647454578385	0.8653129037762148	0.4558001276499432	0.3455557838522751	0.5811692291540578	0.7456856044197094	0.5933846377114287	0.9890240570508929	0.964602587821568	0.1705739339852538	0.9612721169117164	0.9580913689102464	0.9554074391162666	0.8661209533384077	0.5847804972757257	0.4924498174933052	0.686850377053335	0.5658596467656826	0.03616914345031412	0.0862906618724332	0.1219083164476511	0.07500479774174376	0.2787999207066408	0.5456074093696797	0.08595743667925132	0.09606246143432844	0.4954728930057602	0.1768406669135985	0.03741384320770649	0.3117255492243285	0.1140879850338099	0.05518041427844204	0.0707436331575675	0.1257216841576722	0.7285339961615692	0.3514736073274883	0.3445093967840551	0.3139565763469518	0.1811615034742133	0.235359956889205	0.02772686124574572	0.3036480086595794	0.5488507183817835	0.5098739603951915	0.8463144112841585	0.3837772297978871	0.2714095497636489	0.5580744648226138	0.6303175353543186	0.5611566055142172	0.9999983571923133	0.9999940729000449	0.9340978403791457	0.01000116113625969	0.01000341186751884	0.01000131921825044	-7.532334751730738e-05	-0.8842475982712806	-0.2791646621218436	-0.1734747258781966	3.213154255075147	2.036578488796714	0.5479884360573044	0.0005323318085325048	0.00257864778581923	0.0009007054185862053	5.063276203633148e-05	-6.742060106569803e-05	5.682553354524039e-06	0.00105113293774914	-0.0009628982423694226	-0.0004683859000630209	4.843320459642199e-05	-6.656383576696524e-05	2.075100159801491e-05	4.223610921260372e-05	-0.2218187300794269	-0.1238896903961579	-0.04392349544497131
1.468571428571429	0.64535537763327	0.3894866883459966	0.3561497595608973	0.634270985174026	0.6073648972742614	0.612517260505802	0.05558888682183327	0.1149537379979942	0.02720446567616756	0.4873501312174943	0.7085373727230418	0.8111772320267726	0.570324906860635	0.5519475715985861	0.380261144056023	0.17148734182905	0.5125194408109925	0.5857656300648248	0.4268510595682701	0.3807514982723902	0.2038504724566294	0.08494083633143035	0.853829683120894	0.8785364570880292	0.5465343498951019	0.4741538394258945	0.539194456895839	0.5352756082863588	0.4361054858792129	0.4427154455604952	0.4260464867476576	0.3020045189637759	0.4073581798554507	0.05577259570975952	0.1825514389154387	0.44607897137289	0.4185293052268347	0.8000603908503755	0.4691559152795375	0.3829323354358296	0.5672881552114363	0.678606167277875	0.5648857482270547	0.93740949990026	0.8865489122807765	0.2698921553561714	0.8907705163021886	0.8553976347889395	0.8118980668274112	0.5854869987136635	0.4734070423101645	0.3491107695698141	0.628268222476739	0.5336171103827473	0.1130206883962377	0.1019740096731034	0.09155152233590212	0.08941945340939136	0.2109455021218215	0.527183247539875	0.2060573434236504	0.2175385592165772	0.5146371660521528	0.2538576370726733	0.02871080609134811	0.385661765970956	0.2722097890384156	0.0460044430530869	0.1072413812106375	0.1883879781236866	0.5694237144537709	0.3842470214527861	0.3942620495193539	0.3617794820850785	0.1601551163123777	0.2425997077396631	0.04283574117878484	0.3465648865538226	0.5459557421712107	0.5125090125265824	0.8064096577388934	0.3993376073441774	0.3038726864523759	0.548809677882332	0.6091921774707343	0.5524326257170528	0.9393560482990437	0.6815636708132624	0.5856482703942116	0.3484371823756378	0.1812353026262168	0.3082765646962972	0.0133741205518048	0.01283905298066746	0.01087457494831	0.2764763269413272	0.06917775276877343	0.01259508194393939	0.1133987727504331	0.2753251973479495	0.05756955817531621	0.2656458717293357	0.5018788282633846	0.6465286560468879	0.5645557899042537	0.2817444122131093	0.5008656797896914	0.1552150332904406	0.4955822670324038	0.5702387346373757	0.6064066287356192	0.01231841669580242	0.01142620353998091	0.2171797824910277	0.980503143778788	0.9806854594938836	0.4717600397336947	0.4889411138107487	0.01218502759145448	0.5374407752027005	0.8378721131004263	0.7900690401206032	0.8236124956894684	0.3020251857589278	0.4094684616533373	0.05181241700068065	0.2621072899174278	0.4402375644147365	0.4196088731173832	0.7125237704492607	0.4644838150240801	0.3893171525448966	0.5400154384113378	0.6531054128645167	0.5565116186159239	0.9843473683938972	0.8740307063587772	0.3993832420450964	0.8845314672500706	0.7979182583592341	0.6827359061269761	0.0196690837087627	0.2334713260900205	0.01691269790484022	0.5413304234392519	0.4761719240950293	0.2329578946098468	0.1053933926675835	0.03236983875732403	0.1027603822192298	0.02814711712108495	0.4960305194868007	0.3603989803774523	0.3790898702082899	0.556889738590017	0.3430618174513342	0.01365943129394413	0.4819340644193573	0.4900530278925113	0.02695569033514403	0.1289923163457743	0.2248008110398841	0.2492115513057265	0.4528312932266308	0.5005671959049036	0.4665664456888601	0.1178467420812089	0.2646108701561757	0.07128500266920913	0.4515776606155092	0.5375664917719792	0.5214937643339634	0.6994027684464815	0.4465820425002367	0.3878262991052296	0.5225708256588866	0.5459534595702764	0.5239566077626743	0.9999198222094201	0.01009305437695118	0.01010694732494251	0.9969858020724398	0.4011281016998982	0.8468189206926231	1.908041916611286e-05	0.887791905002019	0.5286024872992394	-0.06794036808847546	-3.703801851986322	-1.16331064272745	0.1290959241246722	-0.001184077728420264	-0.005223703569348642	-0.001351359455335006	-6.499532470652379e-05	0.0001018459872637432	-2.85751239249747e-05	-0.002219392419508776	0.002076243810967234	0.001189556044214513	-0.0001414122644193308	0.0001457467230413998	-5.484030781974307e-05	-0.0001582581234925605	0.586543531933988	0.3232467281186326	0.09557711118520758
1.485952380952381	0.603968028871774	0.3594030469073267	0.3655004003411537	0.5845145341742013	0.5323190963358263	0.5545390419099815	0.05085130937436353	0.1198998797600696	0.03720473234914794	0.4585974185781564	0.7128913687196533	0.8168384893462863	0.5195299205170997	0.5346365865508611	0.3876953686167807	0.1799772443582281	0.5126475048716103	0.6007151516382759	0.4200410729141669	0.4586467005515235	0.2053087903079713	0.08453231678119835	0.9013739696702019	0.9290574063653133	0.681382047902734	0.5274976004366374	0.4871211972365627	0.5389202638738629	0.5385726675715445	0.5321686575729478	0.5341630721453617	0.2631438808490659	0.3595076749165124	0.04450745906169888	0.1809524796688961	0.4460185561195506	0.4140269394444756	0.7960401102392484	0.4567695388809921	0.3540544510768079	0.5676000019872961	0.686816332832846	0.5698943646835891	0.9614037992820232	0.8863029367813482	0.3097947272909519	0.9053817137489822	0.8544876645473649	0.7543487291360097	0.4806561579565594	0.3408200159661003	0.3144311817380111	0.5910288633751596	0.6350854773142629	0.1195373012951694	0.08677302300300913	0.1070749975747555	0.1158884872172907	0.1575450441287118	0.5222483562800999	0.2635766286170913	0.2261017998334333	0.4518924203900726	0.2022638765078809	0.1791163789948023	0.6632356933664653	0.6352822855735496	0.106845717531489	0.1695297584211862	0.2044998042047828	0.6469032330452791	0.3434279164335349	0.3341793135489699	0.2989924522713088	0.150577943269299	0.2501816098021867	0.06668732317725336	0.3756430659856838	0.5359072024691361	0.5092413345005331	0.7689393934515139	0.4213036857264493	0.3429879795288321	0.5415923493945752	0.596114944109491	0.5448185789332778	0.5720614447464475	0.6462034005887261	0.5411451470609842	0.4123413156700899	0.5790667224236736	0.3442715945028033	0.8464159605235296	0.5049910087678763	0.5594326841611852	0.6834234676846295	0.7002385657421195	0.7704726179465047	0.01360511418684607	0.03072796686457036	0.02825170501640383	0.5200164327959997	0.8233000398486191	0.9364837798647924	0.4588767288348904	0.6278096253603398	0.3115643512994887	0.1853051214332231	0.5211225992073055	0.634848626425202	0.3163497567413417	0.752605950640293	0.3027859025859123	0.02262081265249224	0.9112516920647152	0.9560307532889353	0.921552888801955	0.6028300980410305	0.6833889159537406	0.542660921401167	0.4587345752861163	0.4651543313177357	0.4615419498166872	0.2088512211032332	0.2887350168130196	0.0379394266755272	0.1403966194604344	0.4540475182846271	0.4130480541068394	0.8328871425755572	0.4446266248969798	0.3199733009434808	0.5818221667677183	0.7065736599406366	0.5790703703941296	0.9764225283818864	0.9012143765427275	0.2551223666171712	0.9405468978244076	0.8975564712174113	0.7396542508869384	0.6598558445597497	0.3206181964042404	0.4625383395750789	0.5718868948910416	0.7929295212569508	0.04779709711971524	0.06567671860924267	0.1496975738861738	0.1270789831823357	0.2384703208497801	0.532215353714698	0.2165723352257359	0.1306658130122591	0.3650142751414751	0.1413405680104493	0.3422596343206387	0.9836893616319524	0.984027849778774	0.1701192080305307	0.2095109100494578	0.1850510858474478	0.9106397147482689	0.2591339979457903	0.2074319158933788	0.1715657967455852	0.1578231254685789	0.2448735402446649	0.07572850346866888	0.355847913272777	0.5252591815839331	0.4999083466968565	0.7604681220312497	0.4283448612124454	0.3511956398289826	0.5445789464499515	0.6074592793405557	0.5474341120925609	0.01000401470685036	0.999933171403771	0.8325535819165774	0.04579112384300008	0.9511116089801912	0.0223482257460803	0.0001487277176386788	-0.7195206633179709	-0.1701273936400663	-0.05811362570134765	2.704030983860737	-0.2534401150967503	-0.6932867894294444	0.000858080923504278	0.002659807537166844	0.0006711590086737396	3.668709535652691e-05	-5.082358930388512e-05	1.878552793055162e-05	0.001059216665060635	-0.001050549760483138	-0.000384384950604565	7.12222922188111e-05	-6.812955151965118e-05	3.2703389949332e-05	3.185722894221741e-05	-0.2814988026322531	-0.1536628554038532	-0.03814270907634448
1.503333333333333	0.5843364611626323	0.3683247382649438	0.4268199289448441	0.5558076219315892	0.5759374232926051	0.5818244039190971	0.01977870766704472	0.05741049057997993	0.03193058115006796	0.4189057260880878	0.7189747854227945	0.9209334369737949	0.5310588488114703	0.4724852307295201	0.2892095318824419	0.122505250761738	0.5120653262535975	0.6235032769511885	0.4015182299965597	0.4955597427707021	0.2135174023835701	0.1181656487372419	0.9200744531333367	0.9488998904607745	0.7379486990916994	0.578030599710623	0.5400208937900365	0.539005340867437	0.5469908517663118	0.5367967689433618	0.5379716420775761	0.2052537698190323	0.3036591013542377	0.04454466275564861	0.1862872241808975	0.466716507304638	0.43474285813102	0.7921347380278988	0.4614184182481054	0.3666058345202416	0.5683093269500743	0.670971004035652	0.5635098303925743	0.9753603152289589	0.9177392461339665	0.1704778291306425	0.9440464598880313	0.9093308059727107	0.7633128136780087	0.6796496607313383	0.4511154019835413	0.4507755707976943	0.5474051574786315	0.5985649202274378	0.02938276596772468	0.04514586687516291	0.102132733864283	0.08816982933738939	0.4129707480556017	0.525706711517954	0.1477013766193908	0.1238247287061423	0.5029719062031573	0.3668729267844203	0.2324571546504795	0.648725990309752	0.6184315731647777	0.1111526929499344	0.1327452578510219	0.1201429131975255	0.635290903619256	0.329679157877467	0.3094167466981438	0.2689730703573229	0.1251658722915931	0.2397888720951509	0.09940399151144683	0.3742410946318036	0.5298553174931955	0.5069415429576457	0.738344812156048	0.4375588944739149	0.37131142507904	0.539495947268501	0.5871999796249544	0.5391541837278357	0.4554573469608114	0.9359932475595536	0.8324066610539529	0.06919618342803044	0.5742567765295385	0.04323555406558625	0.01238624106217495	0.07456305279702406	0.1695216716859052	0.2534377761242578	0.3052668299674888	0.1776705446468043	0.04321317404424925	0.1184421700494181	0.0447897930284325	0.1840805618956498	0.5157739068656746	0.9811744997171284	0.6556944600953808	0.1184514553605384	0.213829345378868	0.01361023742554003	0.4936513859513297	0.6248624733975994	0.5554838153656537	0.01180274687609188	0.02982710794523022	0.3051759231896589	0.9812691828102982	0.9809840249699376	0.4814218827672167	0.5875580268654059	0.2418352710533405	0.5336671200013837	0.7810958233018187	0.7285650954388733	0.7482713875976135	0.1747883586408837	0.2912641978720325	0.05432191385552188	0.2769309289199616	0.5028949724337928	0.4859077152306764	0.704955455512119	0.491211006325353	0.4509829364068354	0.5418757906970696	0.5921591710104457	0.5308176798806939	0.9992571701673156	0.977940359821608	0.01079611466703945	0.9930856665777353	0.9796096594316944	0.7855452516958067	0.7813970919237014	0.7025119276102606	0.44379035983116	0.4494733025251188	0.2369642583169875	0.01855359997892783	0.01616776273906607	0.01361698281339323	0.02952939285195365	0.7915509771153063	0.5121972020565329	0.03525239044311895	0.109337675537962	0.7775952604833511	0.862702642379055	0.04806793871791162	0.1087614696229835	0.05888744621184886	0.01059559148279836	0.01234995674422125	0.01102858351346117	0.1076157887089618	0.4443297729529509	0.4708460650789376	0.4205182601928191	0.06260573163577203	0.2317388042614079	0.1432720552896639	0.4241190873485208	0.529922787247791	0.5179085802686625	0.6480067917026152	0.4747274789434865	0.4401397061892007	0.5241855225880839	0.5334599570971035	0.5149665086858679	0.9999963229274643	0.9999960614252426	0.999970719327449	0.0100013193301166	0.01000236892771122	0.01000194414956892	2.678435395016423e-05	0.4937782674592013	0.4957537798463842	-0.01847998372252126	-1.567209167079737	0.2892418631860375	1.026496801409018	-0.0009986012289403326	-0.005505679333070524	-0.001125552461938248	-5.394433120901792e-05	0.0001129639915439212	-8.137708814637913e-05	-0.002021010075766101	0.002077824615942444	0.000354109260365477	-0.0001654802263912437	0.0001304275779220833	-5.459321420590976e-05	-1.751098382137269e-05	0.5032698948550457	0.2816378035006916	0.1035691676897797
1.520714285714286	0.3371550353203558	0.2404412722770738	0.3214552826250477	0.3716102016645098	0.338482023892772	0.3483597866241965	0.100699822106429	0.1532521075738912	0.0989150466069568	0.2224696422696211	0.5852887202562919	0.8076645210722491	0.3355786645615808	0.1865960550456072	0.1435800496343064	0.1885963870078712	0.501975371339985	0.6062226670407449	0.3608614205079642	0.508926238252927	0.2893790057492363	0.1393825429763839	0.9567497051389982	0.9682797573354371	0.3949646848866241	0.4548355057032054	0.495608813309474	0.5389132609571212	0.6981556329301402	0.6579601887215283	0.6731616905419785	0.1268380512141689	0.243333910158436	0.05492961570610715	0.214168608401103	0.4959903840337345	0.4677163539853261	0.7753416409230477	0.4744578804010258	0.3991950312752427	0.5658325333944165	0.6368167792115058	0.5487824082038038	0.7140533089647917	0.8742044910619652	0.1549667181542342	0.9015951926741601	0.8446599418058607	0.677581706254846	0.582596378973965	0.3583626699901213	0.3718173933629035	0.506134852624759	0.6305027838718532	0.01577298632325635	0.01985309664104707	0.02947699157276441	0.03864654831407457	0.3895173010266812	0.5241404800715025	0.09996913507447741	0.06475103170153043	0.4947147682382434	0.3917354455636662	0.09704355365289553	0.6791591236907043	0.6578115318681574	0.03106635575555623	0.05098459748338274	0.1022641994826851	0.6494170346373249	0.3020030804641208	0.2616149232198705	0.2245627163334717	0.07399688625983694	0.2229478298644556	0.1492615440091989	0.3734957963575891	0.5305268452347813	0.5113343578593459	0.7094275733993496	0.4562090981621512	0.4049433601061764	0.537668768147102	0.5694273570000913	0.5295828012610724	0.3775610107004469	0.6703959080159798	0.7384393655961484	0.3389523092964668	0.2615947568912663	0.1095469738719006	0.2674278411995769	0.2519683594407554	0.3174341085001629	0.2881649996742822	0.1792091114516239	0.256732516362956	0.1546401974451419	0.2001714034713215	0.1470346915157671	0.1145909405616455	0.5004159737149315	0.6031537077142819	0.01730878927180118	0.01134010752412934	0.01926814674232777	0.3159189876087425	0.4969031690065226	0.5815098746096823	0.222974998527692	0.7636100417233709	0.4755407666545589	0.03751471789025549	0.984338174272739	0.9836838774468011	0.01066727414068463	0.2641695512375867	0.5837745525638321	0.5420786018175754	0.7884391438168726	0.7261260298358871	0.7520714728568179	0.07103552587499135	0.1825945775619148	0.05797209323877688	0.1973791768216724	0.5198207807100006	0.488324295052972	0.7920532228074872	0.4783794799838575	0.4002498179862936	0.575591029893984	0.6224035322231438	0.5427887171569666	0.2887268958553125	0.7542842989858611	0.2168492460613513	0.7921442727058163	0.6822157683185812	0.5140297630491816	0.3927868794528367	0.1196507331370671	0.2784344518989582	0.5069370759037054	0.8669119366686263	0.01156155318888128	0.01575716304619124	0.0124219480343571	0.02696564418587586	0.1512707716623367	0.5276690652621785	0.1237509993214456	0.03605545690594759	0.3307761445452221	0.1476653335706137	0.04876839595286094	0.9939392578955006	0.994000835975269	0.01272105215805986	0.03737661300209945	0.1389619651753657	0.9421454768420283	0.2086128871097177	0.1260933957741296	0.09976795948023136	0.0679923083409002	0.2169224940651626	0.1693552309196534	0.3466982792653134	0.5299434981048684	0.5105189977125603	0.710997505591026	0.4624987842382567	0.4130570161071462	0.5428985232009351	0.5728421906245386	0.5289239866838222	0.0100036998761228	0.1505467635537269	0.4211612060689254	0.7096484360450465	0.1175040000946583	0.1874996582648066	-0.0002461274479958481	-0.3013734697695696	-0.1980163143456103	-0.2402295779604002	1.07544539401765	-0.1407849492845057	-1.432039576697149	0.0002460817181119348	0.002878420453833184	0.0004062662028693099	2.127700905179051e-05	-5.857925810061771e-05	3.631211610712411e-05	0.000812521912801959	-0.001004356486121913	0.0007757806934513931	0.0001594521373444544	-7.653127730454981e-05	3.087580673969554e-05	-2.399879588554864e-05	-0.1846119870940602	-0.1153514244131682	-0.0977004357880403
1.538095238095238	0.22979498192791	0.3259138759129852	0.3177388856155959	0.3805769957202562	0.3430340187980317	0.3830139104030692	0.09847059214936876	0.12571580787587	0.09411002970412524	0.2096260558381141	0.5775182007442693	0.7616598704603502	0.1975583973273176	0.04411094208907317	0.02686098576262386	0.209696976065489	0.497476878408398	0.6039723260658849	0.3028045241092144	0.5156479136576733	0.3153323611110049	0.01849549265172819	0.9759429010792441	0.9807604491478126	0.1010873201655281	0.3390294113737902	0.5021305247924959	0.5412604361491898	0.7138405312483592	0.6670168337312332	0.6855237371932932	0.1297263076515673	0.2287400682078971	0.0551258400150654	0.2261965439486495	0.513457592580731	0.487132186177331	0.7649271028813072	0.4835966270545053	0.4196249706685079	0.5653628258199115	0.6127438017156805	0.5385131327399503	0.5556516610574769	0.7783480705229959	0.1525134022459941	0.8179111509421889	0.7226435881385525	0.5577818573609559	0.5498626620433648	0.3270400543593741	0.3620452229914192	0.5312296037444951	0.6817446458343359	0.01683962543624972	0.02193576503122315	0.01712972830296479	0.0314399225380109	0.3185355244671631	0.5196821206685365	0.176050681032175	0.1376237640538664	0.4413787841751022	0.3462922349968605	0.04828855924159136	0.7055392463845259	0.6835077993917362	0.01737993736747238	0.03828701468713405	0.1000034694652928	0.70465363963884	0.2764914142522653	0.2356151920937529	0.197359535457954	0.1165826822517601	0.25842282064372	0.1395732186718465	0.3698164136722783	0.5250759467416151	0.507375405685435	0.6991717434883885	0.4625826069503081	0.4154305741238223	0.5376437546090231	0.5713778474677532	0.5290957985560887	0.3678971231795678	0.2563651619780247	0.3811866225781868	0.4431763526843469	0.1259635815275414	0.1236194590519093	0.02762642153776446	0.436834984061906	0.2693724479088709	0.4805737520548678	0.5574396253076427	0.5402582450874385	0.01351899712359189	0.02000691987693463	0.01219284264025253	0.3146672909052109	0.653550242584961	0.9718704632230404	0.3803470765984039	0.01085008697374509	0.01107276401624751	0.01134027078605705	0.4907651239843103	0.637831457784224	0.4136185646504612	0.01276041383405082	0.01631210164306238	0.0112544093488798	0.9970407657609341	0.9969934579566128	0.01314105280178852	0.3608990254239469	0.3168932353752808	0.5410668733897318	0.6604578605423027	0.6219498464329701	0.6361417986150839	0.2179637450953917	0.2924032940151445	0.05254846932232583	0.2960514688646297	0.5260313695434852	0.5121856292846477	0.6925647308964824	0.5057953730191553	0.4836573753912463	0.5432508053690785	0.5573126702523001	0.5155962045024205	0.7941446455456302	0.7191991829369986	0.0169530272702281	0.7725732450146063	0.6627111451537272	0.5061813525140483	0.7815774938516792	0.6641715734883069	0.4851914538307667	0.5737614048089981	0.3551792453519317	0.02293870863872633	0.02590560054425579	0.01216003232519632	0.02933139490161049	0.5852791616448192	0.500160710521812	0.2492206471823408	0.3111878403835404	0.6178876630429325	0.7087148246732644	0.01982444268647309	0.1494671734452707	0.08342035281390935	0.01077109333209768	0.02145559555585892	0.01626131269508593	0.2624488298754079	0.3889591859901553	0.4199606209762135	0.3627620970253858	0.1856055390042033	0.3390476685735955	0.1003431951163458	0.4139752494486937	0.5123103597754782	0.5010051741544369	0.6513099502870142	0.4755266999352062	0.4413228495876758	0.5261483143655398	0.5602494495532871	0.5241117629361772	0.9999987422300434	0.04814548433218852	0.01014302526524406	0.0100014742289864	0.01000719637681189	0.01000082891725269	-0.0001167825548565038	0.08988424161883264	0.1777807710731456	0.1841202034214857	-0.8332832610709586	-0.8460963155491007	0.3769258129559331	-0.001284649966781196	-0.005388370571025224	-0.0001549738814801598	-0.0001108669077082033	0.0001102643032841306	-9.305207157985975e-05	-0.001952839971773301	0.00223877446065814	-0.0008325540970979694	-0.0002933643288440546	0.0001479157019940899	-4.34216600524712e-05	7.199266407700963e-05	0.3068398314395908	0.190452362107607	0.1524458733466603
1.55547619047619	0.104157865567857	0.3231228399677981	0.3227781733308125	0.3641040810834065	0.3233557091762503	0.3274545148446229	0.1159700519822098	0.1272977478681657	0.1436615144958178	0.1369826428658554	0.5743775035722463	0.5012703506711772	0.171033483296102	0.02502623551166922	0.05933318586124287	0.2153438423853737	0.4994229771990576	0.5102670115830694	0.275698235413939	0.3887612652087568	0.2583498457926358	0.1163679743378935	0.9400825559819013	0.9555335649605518	0.01106648312256915	0.3993928654938017	0.5194580058931325	0.5501311752445838	0.7784969383063469	0.7259127497083495	0.7465284917011155	0.09557942532763726	0.1604945211610959	0.0708790717484381	0.2495191467997996	0.5334694849652728	0.5106566498207646	0.750422481320605	0.4938447846217792	0.4453768585528559	0.5627013073688015	0.5788601060018913	0.5243583038736068	0.6760117171249505	0.7351864510338816	0.1171567359024307	0.7999911617101182	0.7039355232055726	0.5444868166190665	0.5667363950913136	0.4141651807790901	0.3831695948979911	0.5482032623884957	0.6065525588633963	0.02684449563686311	0.03279336204101753	0.0272687672368454	0.04648149946903602	0.3940100263222366	0.5144943773163461	0.2176496732221465	0.2005000970339419	0.4433054406968777	0.3225374443431658	0.08913620614678931	0.6957106123048523	0.671721447475251	0.02406969757419741	0.050013701083467	0.1029231414236418	0.5827204998845673	0.2686749541675191	0.239675426223005	0.2122620921906169	0.1328848245330589	0.2837033198836745	0.1424143795593843	0.3716005632545103	0.520148487284935	0.5039214019716304	0.6895239977086915	0.4682747952208685	0.4253716271613064	0.5366804081841459	0.5723162529784586	0.5285155522157101	0.7835503010783974	0.386800251935621	0.3314018973040689	0.1306262655742093	0.01019228972885003	0.4196658253110261	0.09421189292942089	0.2276216939415741	0.3307687260477313	0.3116008812272204	0.2090889624473853	0.1994496507642703	0.1750018445790264	0.1803662202326579	0.2350158363244245	0.02048931689624817	0.5603983183310842	0.01465113042146048	0.02670513414873489	0.02684142786013377	0.0936976547119632	0.3191673314076489	0.5087645444012525	0.3725339346273785	0.1563881683752802	0.4485480861992209	0.3298652430481089	0.2086219477843632	0.8741468952917563	0.9085012854280753	0.01292579425138014	0.4890683410014995	0.6273720526742247	0.5742155451769941	0.9027213364514713	0.8370151063264024	0.863094150778262	0.0230942753340355	0.0634716009545539	0.08530609979492372	0.2394360035406106	0.5553472339031276	0.5308445836037625	0.7636215246742339	0.4974858210766244	0.4483460961338183	0.5701057997879244	0.5567748389209338	0.5154778542245577	0.7457680519198965	0.7168847894019054	0.1610810173804327	0.8127860767045838	0.7295087532857272	0.5672839699553273	0.4233552302192654	0.3118539279975246	0.3085662867412579	0.5491551704484033	0.6741242042926049	0.03079111338593129	0.0383593444400362	0.03779312427994364	0.05909507603781869	0.3085222501458718	0.5179791910329763	0.2150452147274495	0.1505456007787464	0.3545518593092274	0.1057355392234504	0.1543617134063028	0.9763406549324062	0.9718648762152037	0.03242948112552479	0.07390657793583698	0.1539670120854242	0.6335308255457985	0.1940535640428243	0.137685976502908	0.1271136696780189	0.1153870777263434	0.2734016941065856	0.1668580055952704	0.3510435247006164	0.5181935965872954	0.5011629499191103	0.6966260671571898	0.4705491467727713	0.4273788871176497	0.5410086874844844	0.5801175028458244	0.5303727583294923	0.9999480942545133	0.6674975643721009	0.442483721769001	0.01004955009177349	0.01012143676990133	0.8916012189081628	-5.176274524433163e-05	-0.01075817908192847	-0.2178248605858273	-0.1142062760277537	1.303335800777689	1.403817354418676	0.3431559473586752	0.0004884387271291224	0.002753462441024448	0.0002002336590434826	5.779238784893447e-05	-7.329496444846833e-05	9.670054931529773e-06	0.0007147146724818044	-0.001101186261550166	0.0008427173983530029	0.0002042037605527978	-7.646895396649403e-05	2.780267278860536e-05	-3.160112678873969e-05	-0.05617564996443966	-0.02766533226600229	-0.02787623601443959
1.572857142857143	0.19074240022513	0.1649060056798767	0.2263698816103083	0.4349314753815638	0.3918524696679495	0.3810111112842564	0.1189803902920542	0.1235199171163539	0.1568301937928581	0.1239241630911885	0.6801309179524463	0.336541847451919	0.0221499511529337	0.02305923627461617	0.06359053735925066	0.2172093805699158	0.512853038533954	0.5147018078556298	0.1163228304386506	0.3280253978586469	0.2317537265469835	0.134896204746713	0.9266841399237464	0.9463250149824378	0.2168820847052065	0.5159651847699576	0.4930214524502669	0.5964099594399251	0.7997842764604679	0.7474302168036208	0.7679136759702425	0.08583066424255002	0.1430158665348754	0.074198504600928	0.2561572519313711	0.540854574872681	0.5195804217214289	0.7418613552938491	0.5000835407106823	0.4588642140045059	0.5623881572826001	0.5640895348961297	0.5177807382578508	0.7797968802661055	0.7814357040182843	0.1841392005006065	0.8550666685792003	0.7823809725882845	0.6004357102394007	0.3891914329192833	0.3155814916561639	0.2307066061507861	0.5480422669111223	0.6487546589401305	0.02566114996530064	0.03028267209216633	0.03166407339563299	0.04737247344961085	0.2619436748783762	0.5164711796573601	0.1886098236696579	0.1222009489204803	0.4367500561251833	0.297513890466851	0.1874322025077858	0.7772439492948374	0.7605380570968818	0.02543159983907804	0.09160039057543116	0.143842190202953	0.5977258010859213	0.2239493134892638	0.1836015299642215	0.1414627755362141	0.152988401784949	0.30034744928408	0.1548065133231182	0.3695484699103719	0.512942143325506	0.4982796442258197	0.6775083749042635	0.4743418384509908	0.4365598407850187	0.5361290047679738	0.5759985993939183	0.5290017183998044	0.8533566961363075	0.4370731357246866	0.3084666521787322	0.1774159918068584	0.2642767072881454	0.5827144918313331	0.3324969833232772	0.02092965147907929	0.01288535181503258	0.7094967135825095	0.7798963217539039	0.7412546433614142	0.0101865955982572	0.01051406177389892	0.01031175619306819	0.2986416059959487	0.9977553128932963	0.6788154854302066	0.01610526808269552	0.01113143443214346	0.0107188698661217	0.01057973646435051	0.5299911088883612	0.7495447179095587	0.01815046522822345	0.01066534464209448	0.01054603529216433	0.01034642196778595	0.9993334323804006	0.9993678864106273	0.582988884898221	0.6570347147059608	0.2165691617173416	0.6767712431013505	0.6467449834625383	0.6170537491144646	0.6278134523796011	0.1989303622095641	0.272352972294539	0.05548964578324955	0.300382475766891	0.5269444953824537	0.5145819942574809	0.6832026721825816	0.514200503792001	0.4998830256132228	0.5453143595626113	0.5505267128548191	0.5109257672379438	0.9979500946468942	0.9244712540686184	0.2023263967587469	0.9762860906312713	0.9414958048737319	0.6974895488740536	0.2256166457984505	0.3195964783729976	0.05028215540624618	0.5546954807531506	0.5859182606512739	0.0189647688876344	0.01870426862362887	0.01977406422919202	0.02795873232853274	0.1614390479960565	0.5119420515529731	0.1530602046609899	0.09471535350302347	0.5960946968306484	0.6414234915196562	0.2404574236848015	0.4254343073117824	0.3842508965404635	0.01252786274368594	0.1125258719266092	0.1094717215616054	0.469433858774595	0.2699290808801857	0.264149399464946	0.1706976127561422	0.2318928093110834	0.3693928788722782	0.1288699607856273	0.4064469852652784	0.495500684788534	0.4874144792037907	0.6246445221800725	0.488139026036429	0.4653022805306065	0.525509897340787	0.5707318971294426	0.5262568971301332	0.85205034973217	0.02849475202407075	0.01007036675643527	0.4005793154185116	0.7450159692398534	0.1179045233551329	-7.148352427474949e-05	0.1810710072445699	0.2116024311804504	-0.1211546109818458	-0.1417476403352331	-0.6507172601090673	-0.05382648147650179	-0.001320543096947422	-0.005455026179346723	0.0001349947337294427	-0.0001402503992051347	0.0001385758953240355	-2.636388663823806e-05	-0.001689433580804494	0.002291634595703552	-0.00146589452914673	-0.0003968272184625558	0.0001521011249667106	-6.346722902410255e-05	2.214825343972138e-05	0.115944373087078	0.05942648239786415	0.0502521210199612
1.590238095238095	0.1419932520175766	0.153582159933267	0.1473921206494448	0.4816847871144495	0.4236769717865366	0.2871063368445206	0.1253026936883541	0.1232799772252776	0.134147652278273	0.1336522031372604	0.7339169642805932	0.288185665182439	0.01466406486097058	0.01313219643436956	0.03837888189238209	0.1458196961632094	0.5143758497159711	0.3736082625507924	0.09134723489266454	0.3104175765351374	0.2048866319604633	0.1077794721302728	0.6361435150925452	0.7008482144810828	0.3211000029750301	0.5780608938512808	0.2787387452211849	0.5843109494114501	0.7597334521908106	0.7148854936025564	0.735325432801324	0.09695626323462458	0.1509731694879755	0.06988649830276671	0.2590182632200296	0.5477765260701329	0.5268179897570279	0.7467531190341752	0.5016515234357131	0.4623149091111219	0.5638483666350416	0.5553154560386184	0.5141850228081598	0.7850365466308729	0.7200503107004833	0.1614586838161224	0.8422250733068072	0.7407853731428146	0.5013316370822321	0.4086993111676863	0.3890167427517242	0.2769303745808753	0.5657655864660621	0.5572543705790385	0.01991536095865037	0.04240231018217158	0.03528347702747119	0.07668214733044591	0.2816852648252805	0.5129546049266193	0.1726512344045069	0.1875331597740275	0.4984398009199288	0.4146326512437351	0.2219398519072836	0.6356242449055235	0.5812781623080568	0.01663032392605785	0.07478830495429277	0.1133865182221756	0.447485008863649	0.2226443347637575	0.1884511853335487	0.153449575300864	0.161412764961023	0.325807823060506	0.1769820689721685	0.3803843318287071	0.5163615938498889	0.5030477181818901	0.6626156359624671	0.4795438254334806	0.4469874415760106	0.5336465453976189	0.5640809552650331	0.5238995901967871	0.4966011552451014	0.3518259584367084	0.2469044715128249	0.2678964091455169	0.3805649227478432	0.2917460670286375	0.01976298390080394	0.2152783543072836	0.1652284894493688	0.4013892145100939	0.2609437857316304	0.0115069978314062	0.1854440360797037	0.1787705650384105	0.1821681600529013	0.05761802565644526	0.6523878508704115	0.01045234579481682	0.01194372708779523	0.01185512795539983	0.04394238866431067	0.1678141732340545	0.5100269877611113	0.0754236464630339	0.1155384787236102	0.4408179790599044	0.2807631034669702	0.1419640848555774	0.1702647237597336	0.3046824285301129	0.1815861568558267	0.5838371379751358	0.1837755212784655	0.5398606739584962	0.7689183167924638	0.7258562283974349	0.7503463043138746	0.04906250978668261	0.09196221699562533	0.07464050567509839	0.2383181131653117	0.5643763808342139	0.5391531640866339	0.7851051330360799	0.4968072837056914	0.4462037812630117	0.5748819161067545	0.5505710505869991	0.5128501182009781	0.6826901769904615	0.5341751612214199	0.12452974909246	0.7618939557733101	0.5981235527289875	0.3254225016171947	0.4972038045005938	0.4539348692360466	0.4204648085719622	0.6005243559140118	0.4901523327889432	0.02422152224084994	0.05718111911642924	0.04349404110056986	0.1101214947918993	0.3425642027129386	0.5109657778803502	0.199168035370359	0.2670257588627005	0.4666051341665504	0.3142632186327761	0.2117735698938148	0.6439352007217921	0.5506882597059451	0.02183450504051251	0.07074499063110924	0.1207288194730479	0.3464495952878577	0.1956744809951348	0.150941061838622	0.1504398281358636	0.1471363877174032	0.3305958234981759	0.2058719215116287	0.3736084685515856	0.5296645453153056	0.5147560293321916	0.66829465322856	0.4795485140698811	0.4459168464196093	0.5358331143047074	0.550681859985674	0.518389276323957	0.01000797816004725	0.5049575093040902	0.3280122469674696	0.2078712043769558	0.1801843423291999	0.1206286883311843	-0.000156854632560868	-0.5830459955286299	-0.05832995995343081	0.07419766677242243	0.6417750195462358	0.5232417026549064	-0.2026324461114152	0.001189986174227605	0.002491790464090533	-0.000256715969329673	8.432769031990915e-05	-2.963941845862269e-05	-2.131647734304863e-05	0.0009916327092921202	-0.001309527996791775	0.0008326338662567658	0.0001887031891960242	-7.444744298930777e-05	3.633965070755736e-05	3.520887494267179e-05	-0.0558408763678416	-0.02925152978567256	-0.01979961780585573
1.607619047619048	0.08602203824079693	0.1671263043439097	0.1274994562078928	0.4946328398190566	0.4316602077400241	0.2936132077251957	0.1270529764000352	0.1231101974289295	0.12709430997512	0.1655622343923715	0.7528748564051163	0.0485099184733648	0.01165589430313067	0.01214162128265892	0.03455504989154992	0.1215002120421666	0.5230146167849367	0.3029131035245198	0.08236081019801425	0.3024808941786003	0.1944026042544247	0.1002919117564387	0.5373901987937846	0.612691128182397	0.1178892741520754	0.5613074957454669	0.3875761914787414	0.6289052131133359	0.7236936603934867	0.6858672372877446	0.7044655394009849	0.1043605611721849	0.1513251405544504	0.06320632240148787	0.2521111117218081	0.5495854749269716	0.5281517938825994	0.7544961208609309	0.5024105214803803	0.4628098440277644	0.565934415265563	0.5558881729343031	0.5139074042361472	0.7850596153600682	0.6189134899220163	0.1255507546552684	0.8376345644143414	0.7244985173172412	0.5023646986405433	0.3385382674438895	0.3010663981081679	0.2797556682776675	0.6202216578283373	0.6487445513423661	0.05572133945785176	0.04071817255700268	0.03225653734470541	0.07378203009231078	0.2292263499424786	0.5142153262194523	0.3008821004387978	0.193005220717314	0.3892377590236713	0.21228530070526	0.1361611254524145	0.7563344258614231	0.7017443984901881	0.05284587159946871	0.1967101996995202	0.2141533598496544	0.5615008194896348	0.2101231316813233	0.1815464171027615	0.1578570725570323	0.257591200428993	0.3749068013334396	0.1471606784294394	0.3758051889921197	0.5168336549919612	0.5034191206899777	0.6623788930095136	0.4806269016517443	0.4483459985030093	0.5342142318200469	0.5635873945742589	0.5231303678611852	0.433391003281373	0.6356458339553851	0.2909240311215989	0.1284045364382333	0.1266265594796964	0.1301599855677097	0.1959205032335656	0.06104622348337087	0.02877280915801239	0.7111912677466216	0.7854578602428385	0.7954218048979363	0.01011180773857105	0.01028550216603592	0.01018665525998938	0.3849041649942966	0.998741477322564	0.04587858415912808	0.01076794765030001	0.01053156369568403	0.0103919208919409	0.01036020170072927	0.5551014311669183	0.6258729181219479	0.01145362850879637	0.01062531262848117	0.01028871838506328	0.01017029087512701	0.9995853759426395	0.9995987173641082	0.01075885712523844	0.5382740774155395	0.7475801375178259	0.8329250346061476	0.5816129546451296	0.5650694238402235	0.5699382407205549	0.2165057511298938	0.2713638904261568	0.04193109603444002	0.2796604180871471	0.5247710207542221	0.5107348292993341	0.7021421379350756	0.5148710523385184	0.4979595326926102	0.5501723046315498	0.5622366248597893	0.5139807827232786	0.9916797736041647	0.6701148652821733	0.1234302962146135	0.9773816215525966	0.9380340506994541	0.7991866737582475	0.0107649289416647	0.01155046449612089	0.01076951777380087	0.7068223788200942	0.9848573665951179	0.09981607048617915	0.01227437226794886	0.0125271930692186	0.01154964586034419	0.01082439552041739	0.5196458097813739	0.5149087554940684	0.06713224439824315	0.213404719814329	0.01265041789023533	0.01069956623211534	0.998483663904415	0.9988283248499816	0.09434096970733062	0.4366035620624035	0.3863017209769157	0.9913993860146073	0.2373398867707976	0.2438665004745295	0.176589541666618	0.4947792993152412	0.4933012689691734	0.04444075773135369	0.3835468229956853	0.4931978806710193	0.48340098363908	0.6421394275715148	0.4860495587615054	0.4591286542608249	0.5300260810219205	0.5826866551225903	0.5294605882720179	0.9999986572870275	0.9999962171641812	0.1891202223280435	0.01000088637523432	0.01000182191759204	0.01000086645254847	-0.0001167474043322462	0.3486584041327688	-0.2259786353115815	-0.07677254032361619	-1.708066440352163	-0.5857365263166611	0.1636566774537407	-0.00309059805740752	-0.005022411851335741	0.0008519166263447861	-0.0001133959588196786	9.625832734111527e-05	-1.372214007534552e-05	-0.002170144707179496	0.002654237109587418	-0.001769447067818502	-0.0003959408190704528	0.0001485136988380296	-7.361806385665952e-05	-0.0001016754780874379	0.04276298257320639	0.0282716086049303	0.04846984534469606
1.625	0.07094901370036413	0.03414335056210765	0.01066502945023812	0.4030698706983799	0.3418752903962237	0.2835971502172434	0.02937505743471729	0.1130754540862502	0.04008809895175585	0.300368870823994	0.7630548529989375	0.01426529841801956	0.01705246359233274	0.02776147373573519	0.09653041257631401	0.1448331090532179	0.5256655988744853	0.289062229865327	0.1725147146864955	0.2284258162087649	0.1068505806923784	0.151009659381198	0.4043734704079502	0.4323634528740758	0.06737750656500033	0.5311484477234916	0.3883535748736018	0.5821029259585333	0.6510283588751897	0.6281029828263824	0.6428940507587425	0.1330066168397176	0.1842402362189092	0.04303141881899825	0.2394201002627119	0.5532177028440053	0.5301310971733807	0.773235916796135	0.4997934167156077	0.4548988756399351	0.5706269384720929	0.5592468604350568	0.5152551378095661	0.5991196064214357	0.6467660136722756	0.08812908998847979	0.7651817527380825	0.6859485470032451	0.5315901226931347	0.3476843669455739	0.3267637717351712	0.17043403498337	0.6748480291073006	0.6547060726963766	0.0563002591358253	0.03039894590775399	0.01546661149846057	0.02726876108871015	0.08264184369414167	0.5117459912947082	0.3425721509323793	0.1891233304221228	0.3514810438033548	0.03616762120494991	0.02440287918882851	0.6112602495336454	0.5303640484862526	0.04593949878976215	0.1832194206970185	0.1707806018230518	0.5235291019145814	0.2059918260728524	0.1934598885920243	0.1666602182297722	0.3613816841655486	0.4291942915779833	0.09801505021613853	0.3762899630962725	0.5066270099041758	0.4930131152463688	0.6720178227113796	0.4765018071652928	0.4398796949566677	0.5348204734570521	0.5804127468006086	0.5297468498595959	0.4339197251579351	0.4740767252565082	0.3794117164666064	0.02152682494221824	0.01001414876630284	0.03191220397333894	0.01045960770460075	0.0106851165364813	0.01260356686979517	0.1752212890235308	0.0535542357468988	0.01074056048813172	0.01073394845977873	0.158696688510896	0.02132707234460784	0.3324857411279574	0.654458587163016	0.01035352302639904	0.02136531192186989	0.0401028081490357	0.1639467661549766	0.2242711145390099	0.5131190134517967	0.1084155334655258	0.3035566383514246	0.2819593638437929	0.1065667311778843	0.2486927606479477	0.01065776308428444	0.01068423661985962	0.07376287758540293	0.4833371003692101	0.2230811875999029	0.4244575148235452	0.6075732468639029	0.5978139357034885	0.6124990820161096	0.09847407040123136	0.1525855331625714	0.03795627953966901	0.2107752851345007	0.5719946017625838	0.5427723199885947	0.8297831445025071	0.4903220646026511	0.4272734882293777	0.5857642385887247	0.5597502696219707	0.5164943684821309	0.2140499396544802	0.6546363051054119	0.0534173348874688	0.5759489664318873	0.5035809390911482	0.3936498007803051	0.5208006437639752	0.5149133455978281	0.174155581133619	0.7046323323114196	0.4662465338654655	0.02944006549438533	0.03703887085299248	0.01338960318503717	0.02215357606318492	0.04244268750242294	0.5044823557135385	0.2606700266120607	0.2557042833985235	0.4165808082725936	0.01389737586257908	0.01057190709885139	0.2710085090031326	0.1403934260399456	0.01520319795466354	0.0254340731409049	0.02600731832738058	0.2237651560996994	0.1882337569997112	0.1724902366693013	0.1644741108812277	0.3561356455684128	0.4382774516037175	0.1066800205302515	0.3722833487308163	0.5067611778389652	0.4913645318625159	0.6920964566335789	0.470344038394082	0.4272198405708401	0.5376908945227581	0.5899855187588634	0.5337520741139075	0.04884765820660218	0.0766068581585005	0.5311164478930942	0.01000341141260643	0.02047065623075896	0.01000447142134379	-0.000199845685169577	0.5141313326857848	0.2009810256957071	-0.3076756854265387	0.2075332534959654	-0.08149048099588391	-0.09542906603484523	0.002526648047372466	0.002111986936295713	-0.0003557040150506241	8.012331573505317e-05	-9.062905583477999e-05	-3.229334715833349e-05	0.001216965089651089	-0.001475173538391364	0.0008781055019255212	0.0002279719690148041	-7.206237947714696e-05	4.511093380065413e-05	3.123466005407645e-05	0.09990498948444335	0.04149869436690521	-0.03828789342999849
1.642380952380952	0.1063063513937667	0.2622300536046033	0.3330330096541744	0.3604435228288531	0.2936698228360547	0.2799731928328504	0.06366742984822493	0.1104617653644412	0.02348751582678529	0.3609845081440359	0.766729806752956	0.1490073947491367	0.01739406369515231	0.02900469986205158	0.1083480885366309	0.1520432338379978	0.5259454887489683	0.2853928494289584	0.1996395957129141	0.218874089622619	0.08164780433586874	0.1660952348517862	0.3814519882152047	0.3944690008293383	0.05621598730458825	0.4570233107062904	0.4670001275419797	0.6082691368076367	0.6036744421061485	0.5891683582831649	0.5996145380719254	0.1295471726268713	0.1848530751337817	0.04263385652666436	0.2310171354935387	0.5590904332830243	0.5352337837028405	0.7869504812270357	0.5003387128145366	0.4545067497519926	0.5743095375756001	0.556301157499038	0.5134127168931654	0.4885511260137114	0.6304136317789567	0.05990865790641206	0.7050672343970472	0.6078747765188534	0.4439431552313531	0.3572733545226071	0.393437944970871	0.1315247093411755	0.6689141442745411	0.5617017920145627	0.0234361488470447	0.03265816402489666	0.01755596940610235	0.03193313186348425	0.04876425894581202	0.5066071073662923	0.2688320772226486	0.2335298458567958	0.4584588683481047	0.2787258926317382	0.1426272892695388	0.5285830191573638	0.4624349838612063	0.0134223050985931	0.06393055886180718	0.06621561304581769	0.4026392791488561	0.2057736643719212	0.1893146245068825	0.1613481298229565	0.3854992585497626	0.4444089527475787	0.11753606818524	0.3733139681089522	0.5129110457663387	0.5000394341346345	0.6597938155919911	0.4836111940943909	0.4530275670453251	0.5347406091719147	0.5678449354398047	0.5240288263282872	0.08488040117137353	0.4247449732484091	0.3476443963852001	0.1457385866804869	0.3426566842487103	0.04047514189435471	0.2879112552122467	0.7463500511057389	0.9887732396291353	0.6477019945805704	0.6791652614561293	0.7851216568020885	0.126748216113367	0.01055076419898404	0.01064346799204348	0.4983057498601669	0.9987130325581067	0.390171473028879	0.01076534252029328	0.01055162347829447	0.01059477159236376	0.01077814012594617	0.5531207627014662	0.6197757740423677	0.01158575942746915	0.06138810557356052	0.01205947564842229	0.01047596002775789	0.9995601774548312	0.999573495184189	0.01063038488315719	0.3458469865619319	0.9990351232090512	0.9661337725569661	0.5213976941886097	0.5127391528540066	0.5089393132708531	0.2016628252041855	0.2616138116574624	0.04610819765609817	0.2649356955098849	0.5389487589779119	0.5243412037797671	0.7229013390336327	0.5193197797359446	0.5045748520787938	0.5563283374486588	0.5492533907408604	0.506839287887575	0.8265067733635018	0.585235147899255	0.06952253513075463	0.8688219799711928	0.7292990145946239	0.5004397528646696	0.02513870002328999	0.161929947535688	0.01476339125708524	0.6231287812799476	0.6793629116164053	0.02609831820690429	0.01957195899632302	0.01993397420311958	0.03547158346440869	0.02707900040088415	0.5064765545873875	0.2792963021008765	0.1818892020486914	0.5678427708093124	0.7801248499308517	0.3489341035214093	0.8808273246047147	0.9333509514385988	0.02265919693859965	0.1249305622124807	0.124849020990637	0.6376983770006966	0.2390662296422982	0.2273963276614741	0.1590204240015341	0.5032777182650091	0.491231368568385	0.1164876451331255	0.3744527514050738	0.5236808426874373	0.5161247661009194	0.5912385191263905	0.5120426642690759	0.5072365456120749	0.5291068993421773	0.5241540491589546	0.5045206147946536	0.01003413468119019	0.9646990876816171	0.01007293453638409	0.359957554856863	0.9999702089865462	0.0684391262262757	-0.0001059015118071123	-0.7101277496179733	-0.1305288513159177	0.07327592465817216	0.8534606344648595	0.4988477801613078	0.6465754382096485	-0.005367409769488697	-0.00380108453362247	0.0009508951539560381	-0.0001579382202046858	6.772296007832546e-05	-3.654966679049774e-05	-0.003035974248780791	0.003286315790079119	-0.001127888763216572	-0.0002414290436510642	0.0001165577917951184	-6.311941108381604e-05	-2.870787011797526e-05	-0.1887026746644542	-0.07435949185695236	0.07879541081571283
1.659761904761905	0.104276227603826	0.3348332733172008	0.6427264346401208	0.3590098038828924	0.3290457968645282	0.3435331805918951	0.03808169549544439	0.1321845077839174	0.03048749406520287	0.3852956935880755	0.7794156683923321	0.2221167801444877	0.08837728652681928	0.0706251094527183	0.1631946585759193	0.2888051826411217	0.5240959015631569	0.4498438829720929	0.2338344262949641	0.3166264043810711	0.3011499742086398	0.4153786792154188	0.7763012702853742	0.7779355646759516	0.06793339160118719	0.4253128062912575	0.6684785173894989	0.5135437468954975	0.5930980846517157	0.5833087551510115	0.5972467149977396	0.1147238133153979	0.1841950601180044	0.04928781936732858	0.2336592462905039	0.5693240235622995	0.5461756821842396	0.7812232984536622	0.5052104656564022	0.4651203495993753	0.5750506580986149	0.5336338928657609	0.5043282849300631	0.6269942891452429	0.6960258729527222	0.1347600702715268	0.8119316515577568	0.6881119034337347	0.4571816337425195	0.3310591364473183	0.2447787887117471	0.2035886176629446	0.6350144716837925	0.6716298469204049	0.01611228322195934	0.015616793110128	0.01342487341817254	0.0157058171263396	0.06516311219450405	0.5116928354859358	0.1479611333800408	0.1053335075291907	0.4693274652712223	0.2951444980561324	0.1133900047983804	0.7962333463902876	0.7852966394146118	0.01527342630973692	0.05992831213073637	0.1145100351284851	0.5399938732501931	0.1680528950850637	0.1479122798065062	0.1204278337603732	0.36771126890045	0.4391167777009212	0.1580247408669853	0.3730474325869165	0.5110013035270141	0.4994593892375721	0.6517648744571769	0.488797140443015	0.4629887653391342	0.5345093480135819	0.5675154434729797	0.5231005439196313	0.2078438715493227	0.787550192029333	0.4124785684043541	0.144613522544609	0.5041326832944835	0.03695995345913899	0.01389066685363699	0.1143672150898257	0.617651161254634	0.2135841954187691	0.1679786061212771	0.1289735708093215	0.01042648630008965	0.203799635011128	0.04366386723132593	0.3501308287883652	0.6818342533371374	0.1302828223793119	0.1524932933966474	0.1147931356210685	0.2702329246434498	0.5312576042278382	0.5115943488477284	0.4447558806436542	0.367661002893735	0.5163526712699724	0.6059529602082528	0.8392170182854942	0.9878614584821303	0.9853080556259562	0.1007796961191629	0.4594677833401941	0.6373442922171785	0.2085233551866847	0.6135508204652375	0.6077942227688714	0.6324579736939375	0.0681735849794506	0.1450742289967083	0.05148228921024201	0.219696421856541	0.5941872544480196	0.5671721154103612	0.8061914472678271	0.5019513780013802	0.4531404871086002	0.585331072198473	0.5054823317791136	0.4951395144999996	0.6306866820173046	0.7845927443863506	0.1950205242714584	0.8695756242036615	0.7264624644690816	0.4335202818373259	0.4673727074101712	0.1999730055694303	0.3463665406811576	0.6097713886503673	0.755660851497304	0.01073256825779158	0.01144008897159753	0.0108338509542368	0.01247291161103796	0.1103941777296275	0.5182099707749528	0.04173586473437253	0.03136170308240838	0.4245992768620114	0.04272882112788215	0.01098938191942601	0.9801110314279713	0.9704366187207552	0.01172212309210443	0.03316221928713306	0.1175708257546466	0.5773791643793565	0.1114675869189977	0.08681212366541376	0.08226731266490857	0.2952618925373306	0.4131999674117474	0.1986445461501379	0.3754949616883869	0.5000730559062746	0.4879032327607123	0.6739861368550669	0.4804369891682139	0.4471333366659312	0.5365063344868299	0.5924657231085048	0.533152317320937	0.415580725800831	0.9998076402307635	0.6699835033160504	0.01000489614946553	0.2468173857768048	0.01641650766978121	-6.17288401720242e-05	0.3489296351130772	0.004046614995827802	-0.1091419303846442	0.14186366580151	-0.5458500722769321	-0.5157017221826408	0.003316038500152665	0.00155819637353112	-0.0003749723768741625	8.369215280202769e-05	-2.815743302482353e-05	-4.750465496959971e-05	0.00132675636171342	-0.00163799551566271	0.001070677072337517	0.0001477020643865907	-6.19891661896148e-05	3.478203296123448e-05	-3.968816569673922e-05	0.09235665567320557	0.03590219492179301	-0.03541121725108828
1.677142857142857	0.1264987297228182	0.1940554755565349	0.4839604545169059	0.3730367705545128	0.3477360505700801	0.3077983389222458	0.1820007816172977	0.1383424637086242	0.04112295876807749	0.4112896585557672	0.7843122584197317	0.07714077751516252	0.09968082017735129	0.07691573843932746	0.1800711564955708	0.3440860064490193	0.5375299542298734	0.3848383986425618	0.2469025444485908	0.3372279564027721	0.3833703255983823	0.5256844895364976	0.8868439200375942	0.8875060094254663	0.07018844845441422	0.5031277959963395	0.6225134756473021	0.4988536930415563	0.5703256938059401	0.5622758294701758	0.5724098887259325	0.1253062872270613	0.1851851115636012	0.0419694241623839	0.2354360705295458	0.5734924926734827	0.5502399164197564	0.7851998591774847	0.5050102558819068	0.464427809144443	0.5761894955166267	0.5267632979472561	0.5016896547688475	0.6157986556273602	0.6043361789567662	0.1280075459333866	0.7752274523946358	0.6500256353668163	0.4105065970854425	0.367300115996496	0.3025848711648167	0.2433928559238294	0.6295704612283574	0.6485048087537162	0.0238894581427691	0.02669367319168873	0.02399551965145376	0.08598416497390797	0.1997589459837759	0.5110716126571964	0.2031741187101207	0.1916108266313636	0.4570718115096919	0.2805534352729843	0.2488487642785266	0.7890806510805519	0.7773496122584691	0.01378411848668089	0.1035801402073042	0.07688710720409811	0.4840856467418221	0.1428554585108582	0.1215998476942134	0.1020183861739259	0.3988227720281051	0.4555704375726082	0.1708502395460489	0.3870569739864236	0.4992429654258624	0.4888032484479362	0.6486546130436492	0.4858909653433097	0.4585737842442832	0.5325529987307006	0.5810277865208047	0.5289427518449756	0.4182166998552226	0.8474924567607341	0.4430522551180687	0.01602722803970646	0.1861574282062213	0.01001245228847693	0.3480006338087452	0.3160699284426776	0.2807165229184101	0.6917608713578112	0.7238287933021619	0.6583494451741596	0.5141572972514823	0.01055381796931223	0.03209851173011546	0.5572919513937213	0.9995329565798885	0.01042869884389408	0.0104281284256555	0.01037962053206287	0.01037718433640809	0.01052509122936165	0.596949814159623	0.3171693477700042	0.01060222406001015	0.01154469566428792	0.01050384657187955	0.01031813385468181	0.9995317883806116	0.9995649173025077	0.01105182064222076	0.616023071613555	0.6683449821645097	0.9985676880036352	0.4628278804772817	0.4541035980077265	0.4341880527197275	0.2323711871151384	0.2645153588456231	0.02865124251491077	0.2681080351929387	0.5402230753486269	0.5246757628120752	0.7431997922938453	0.5135307067618839	0.4919537427892015	0.559048008360476	0.5529034007513109	0.5085013047943484	0.653226055968345	0.2137872746722162	0.02201723715397898	0.6166425189677651	0.5129290578000397	0.3483751339243724	0.154635603988901	0.4589169923240963	0.0511490265994317	0.6465385888495396	0.4771709113556155	0.0438953011385303	0.04634414605197618	0.04329932434677262	0.2027884232457239	0.3573208293890471	0.499061291164979	0.4876776604031362	0.4735795668748871	0.5200574814844504	0.7318777886998976	0.7523858892562161	0.5511010956501703	0.5657517140933757	0.01928553785911833	0.2334239545001594	0.02574951172716716	0.337408724814463	0.1913478178024797	0.1769334308902691	0.1304189970713798	0.6110922777607826	0.5462961632617437	0.1274423211870342	0.4156434871065149	0.4895728599411393	0.4840831029089227	0.5911705768098445	0.4977757154421917	0.4840260179242117	0.5232959984314687	0.5668839084385289	0.5236132617424326	0.4786980161855143	0.7965145262090803	0.01001138309969857	0.03991405032081977	0.01006639479839023	0.01000966860459986	-6.507858002588487e-05	0.1149342668399153	0.1205856542579409	-0.1153575396815666	0.07372850864729537	-0.06023602597960785	-0.05226744301678751	-0.006789919055139103	-0.002802828091895241	0.001146458050760315	-0.0002840811584484512	0.0001260430558195089	-2.242881329479324e-06	-0.003337249449005774	0.003268235357950268	-0.001329808690834005	-0.0002337932932630344	0.0001144228184208764	-5.710879111204153e-05	0.0001309760849005895	-0.1753596177531515	-0.06180142166278473	0.05114929926085149
1.69452380952381	0.104064169264274	0.1326583570643679	0.2668202139826411	0.3833358782395119	0.3559415471399822	0.2598789698361906	0.1650492902184329	0.1390816835555705	0.0101912776967407	0.5108199767579904	0.5659573705485841	0.02176407520166958	0.1292213540881555	0.2000068220122131	0.248753744910185	0.2200678178562596	0.5263481620982638	0.2777516782783174	0.3161092004829055	0.209412609180444	0.210210134495447	0.261412695022707	0.5494455958995916	0.5492558268236654	0.0584876859443472	0.4233156434592708	0.6550719532386288	0.3910243845602555	0.5161744083884943	0.5169493287734598	0.520829719482312	0.1122321200720088	0.1743359283916085	0.04955341763489602	0.2289855998600308	0.5782638381772791	0.5544288749271704	0.7858240501355666	0.506525090292851	0.4663751515823493	0.5790095552940233	0.517627985085452	0.4983859327448963	0.7601769583601288	0.5507083690091769	0.1471224085335396	0.7583662834413191	0.6608554570326214	0.450538620536825	0.1373817854896241	0.2712525790246585	0.07364212950716158	0.6597513014543149	0.6146860769006516	0.1073772660207645	0.1078914763820433	0.02742980872598308	0.08104595482118476	0.1463627637638848	0.5063045761713165	0.3284448707486434	0.3029175495081444	0.4472520286920782	0.2666807672231574	0.2590323165592641	0.7018982966430218	0.6787747932635684	0.05183754193368793	0.206565443054389	0.0948465381668197	0.3146188524703138	0.1323727031286631	0.114208257552677	0.0910549593287677	0.4984275934821931	0.4997459053620703	0.1522359673350734	0.3938742236481076	0.4984088802805268	0.4889414995864416	0.6361743723294531	0.4881254857001443	0.4636045929610386	0.5302884898435241	0.5766589462448132	0.5271675989386783	0.2210831369902843	0.4800119721534045	0.2135177271384701	0.1335200716783705	0.2425203645470821	0.09295407719795497	0.01056211927163481	0.01940401096274939	0.07732818716284057	0.2339880269506601	0.1752950635100383	0.03788226866700873	0.01027161550635503	0.2057346928409636	0.02589267651019311	0.5643370230150854	0.1485977973084386	0.01063394993744394	0.2032582221141659	0.3684496268794537	0.4166645776767194	0.2266837626418628	0.4787738271241582	0.1834429416648687	0.5240618974622758	0.2095280317525578	0.1747957324064606	0.1592894422738564	0.01029688074523182	0.01027629811919527	0.1270525026021902	0.2939651731008997	0.6415158980126398	0.01060787088807316	0.4935230583512161	0.5062293249684088	0.5148271394686041	0.04509362018914059	0.1229191507751785	0.06292416566771988	0.2067011053663092	0.6019564436744543	0.5734285732706828	0.8055850282114594	0.5043089917300972	0.4553600205734404	0.5911788984593302	0.4901868798583893	0.4899153107067749	0.9884686404019809	0.6876535080930501	0.218758436506796	0.8433243366785529	0.7750361359440271	0.5479953412531435	0.0135864771565084	0.1528179232185104	0.0214183976820796	0.6978203944770134	0.6504995001844209	0.1672397526115106	0.1844532763679387	0.04020880746996403	0.03072958134141297	0.02540107510937215	0.5050578581818952	0.2904487696684422	0.2613555139995775	0.4048369929377292	0.01351840127650775	0.01072044050033859	0.6907469000562664	0.6381461430964641	0.07875545621239222	0.2305074145253336	0.1357525443006448	0.144357122715667	0.0983320657961916	0.08007685877526592	0.06885130191760815	0.5294630906457644	0.5184547120756127	0.1582155219542672	0.3881079377111989	0.5019904932855315	0.4915583207887362	0.6443056433737853	0.4861188080168863	0.4592178195401745	0.5316694850812803	0.576777104330204	0.5270212591531243	0.01000314567185325	0.01000422498569723	0.1546919112064929	0.2243650760610128	0.3980578263078063	0.1639616251563353	-2.463451456374556e-06	0.08277809674838538	-0.03425133363808822	0.02690390790788398	-0.1305660202445096	0.9092429585788642	0.1219799573983282	0.004400465744998201	0.0005648635713065114	-0.0009879816470999524	0.0002176939899511675	-4.115108559477377e-05	-8.090952838440883e-05	0.001520326322586865	-0.001686653097235149	0.0005646251792251928	0.0001515935522824321	-4.481204275038212e-05	1.90597399827986e-05	-7.477235367085802e-05	0.09606682180691548	0.02750291609441107	-0.01289656984966299
1.711904761904762	0.3070966718280588	0.1259923918176791	0.09085077747532057	0.3960637832189704	0.3778647207769819	0.2731014340371336	0.3186388170777591	0.1556028903888004	0.2478546807751293	0.5197920838271012	0.4987303284609723	0.01590006758969164	0.1373910454966282	0.2393428484888704	0.2760963937326339	0.1689297827455729	0.5141104078502006	0.2427391600754345	0.3477308659526002	0.1576272363673442	0.139334920287275	0.1461305322015342	0.440283200418616	0.4437071731892609	0.3756303036101055	0.5211038627057495	0.5272850422379345	0.3745563090877844	0.4997821298147067	0.5002343914820564	0.4986545813849756	0.09654398332463365	0.1661575583091703	0.05500740950648684	0.2320821970745733	0.580769772253066	0.5569224298484929	0.7784005477694644	0.5068490275574594	0.4676214821221646	0.5783339851886747	0.5081784565681375	0.4952942171549262	0.9200691161049874	0.6266239669054937	0.1485035509447875	0.8648956659166471	0.7737824251045506	0.5134289952962036	0.1647233194452591	0.237963434918068	0.1462415929354058	0.678203082223183	0.6054790646435815	0.1104637766365536	0.2187785295252952	0.1656599027512833	0.1565306623794529	0.1612359704116482	0.5022550419319767	0.2652320196331572	0.2947163596924414	0.4527802105640962	0.2427182109216618	0.2983599992834028	0.6797330670227673	0.6526732027312026	0.05706113833927162	0.1967868050796477	0.09264145684371264	0.1329382271425856	0.1287817189737755	0.1130829065853869	0.09642440718690433	0.5629098257964132	0.5319825903925151	0.163990468348986	0.3954495008981795	0.4977462200919856	0.4892515075774498	0.6238518277295819	0.4923121071542491	0.4715810360870075	0.5292663433117496	0.5726044387829169	0.5253302523748375	0.3105471322464652	0.4301846234275519	0.2242343048066594	0.1407322821542938	0.264794015634349	0.1061793946671639	0.9700543098445223	0.3116862740797715	0.0145543259683079	0.7251412780500727	0.788697723471514	0.7121686618706279	0.9993672474718786	0.04813119375809342	0.6755619946485251	0.4874163432142788	0.9973195561239545	0.01393050604707116	0.01057828316623933	0.01058708519773944	0.01062563811589743	0.01057585914194781	0.5706688165608383	0.3044684913979859	0.0136990800207972	0.01148749218082331	0.01052672455504355	0.01029895302862992	0.9801531189725163	0.9927792064576396	0.8997195653541469	0.997460842904058	0.2315780732779873	0.9978727906937948	0.4742506265683425	0.4547208604394264	0.4263358396488903	0.1947623930473272	0.2473001661533632	0.03865858857460105	0.2803263487112542	0.542528558976907	0.5276727273893212	0.7181922697461831	0.5129067896422083	0.4937787522488991	0.5536699869725085	0.5334268005580309	0.5025200608709371	0.9952521935899709	0.5206258320066405	0.0122656244891028	0.9871760388360713	0.8641084806915521	0.4951566651779882	0.3820540042073783	0.380389513630127	0.3329902942687644	0.6694292751956072	0.490299186981177	0.02298370664492877	0.2943241408597809	0.3908871757250481	0.4050325279400999	0.4097511330325763	0.4917863976958113	0.2543302807180807	0.4073225367729621	0.546274010398894	0.6591608754896028	0.8784201565173908	0.5919435385553085	0.6071682490871797	0.02229728519538353	0.1707699102674908	0.0126938177334812	0.01239720398816169	0.1858895896877049	0.1761953270379224	0.1463415963202238	0.7226943335371838	0.6016389739214397	0.1669362605123723	0.4140889002852886	0.4884382435741221	0.4848836167248009	0.5671576616022306	0.5082553516643674	0.5032130769543034	0.5226332915760562	0.5591812582556676	0.5198795973216978	0.8636460293934619	0.9999977025260494	0.2707959410659468	0.01000207157705487	0.01000130123889621	0.01002448097074356	-4.071249490131105e-05	-0.4305834507764995	0.108224038896019	0.1122329118726209	-0.1315824075184115	-0.7635035449238642	-0.692903151421666	-0.009692237024864384	-0.001094288893465787	0.002167381150585167	-0.0002372188491539301	6.936771668833182e-05	6.360601777466161e-05	-0.004335010880605286	0.004193281995028742	-0.001682710312765094	-0.0002971014581701354	9.19116641855952e-05	-5.068251646524478e-05	0.0001241001939885565	-0.279257467891166	-0.06474066016121262	0.122536416378187
1.729285714285714	0.3385725959908116	0.2047071496321828	0.0846630035858852	0.5271143459174508	0.4944268410673027	0.3742914266602085	0.3472804782407444	0.03064994849796208	0.2282693061990286	0.6139224449113767	0.5738219899626695	0.01024614368941391	0.1405225990715246	0.160466902576503	0.2187915178316679	0.1805184696987963	0.51772478177185	0.2683570645109339	0.3267328006468302	0.2061310029524584	0.1028065156320794	0.1088308359688504	0.3674772504259532	0.3722188934304659	0.3520185822235587	0.4048843338248075	0.3616747610057608	0.3564735516183035	0.4326625715745853	0.4322324632419443	0.4161628162849499	0.1043114074829508	0.1662891029852793	0.04574768519810348	0.2133555340661406	0.5798881152114709	0.5535440490523658	0.7962826693772971	0.5039607559877215	0.4579041825284798	0.5851042851634533	0.523040635741531	0.5017428516664215	0.9658941186728242	0.4164184157809536	0.05651079139320217	0.9414304550312101	0.8760839403516653	0.7119150522336014	0.1208804763422032	0.1456716331830825	0.1168131329170732	0.7069683381444533	0.7313371395582445	0.1187920649146646	0.1389197820612973	0.1582274991447121	0.1600801813908695	0.1498264357945261	0.5317006799873021	0.4651699207476841	0.187452246344242	0.2663847857720963	0.2451009572228879	0.3265007890557721	0.7784108559364018	0.7719149503192561	0.06575893538329713	0.1827423657563903	0.2785904571425629	0.4521408794589447	0.1041539278093702	0.09365087092094897	0.0784812977524444	0.657514358024855	0.5840041846735942	0.1526816712051795	0.4138070848277806	0.4949203912577207	0.4871113012294893	0.6181258333682722	0.4885310315884607	0.4668422357276041	0.5262765717412816	0.5734285244165174	0.5268771175001608	0.5833004392010241	0.8039393435283125	0.4694642518172527	0.02165596157822232	0.04695621155531814	0.01740175935275663	0.01551459010756707	0.218310763721388	0.1554577363216758	0.5354125246625514	0.4294648629745226	0.2656832531794388	0.0103215541932833	0.01222919072132585	0.01046920542008771	0.7778093760185226	0.414582401518635	0.02897033288897843	0.2065043399054676	0.1824731231949474	0.2775695639330215	0.2714777057143353	0.4967780399471777	0.2868436662126105	0.461236349535784	0.3347527156946539	0.1298600720000224	0.1379855859620191	0.01040858123723852	0.01037691939699969	0.01064993889620741	0.01079059133486648	0.3311421049191709	0.0103279611643529	0.3394674960562374	0.346362760809879	0.320548800455069	0.05562070264476397	0.1250188949541556	0.04959740629865247	0.1674261449942281	0.5981190300468868	0.5634023145866378	0.8546945558373642	0.4967094835452171	0.4309560690560445	0.6076152180887531	0.5313354006404934	0.5072313487672458	0.9996577986148139	0.1606733352801122	0.04072100601058844	0.9995221860016742	0.9993860376754211	0.9987330243178206	0.01008420251295893	0.01017763645091637	0.01009062230846186	0.7569507784469507	0.9995964627058417	0.1768145451964761	0.01031616957118628	0.01034142522111064	0.01027105785930335	0.01012582625365098	0.5788384551180642	0.7210000915319364	0.01186592122597924	0.01158512086088976	0.01039771867054536	0.01022664743724536	0.9998489501085717	0.9998753370873981	0.09398071637470488	0.1734608017590977	0.5437955638876351	0.9996809087810389	0.05583998354619817	0.04716315662382253	0.04058629138944609	0.7236094002824962	0.628959605950665	0.1430562571177819	0.4355912864415855	0.4961015597799909	0.4867153813311386	0.6388399640623397	0.4727598809454531	0.4405102097121528	0.5244508585473309	0.5810090318391524	0.5322495719249599	0.5478936604558746	0.999996632483476	0.7477709272818138	0.01000182816189538	0.01000149669564725	0.0100081278959996	-0.0002491821094451255	0.7269457005736907	0.1638040120115102	-0.352116379656998	-0.6944733236539966	0.632655353953364	0.4536791883432243	0.005161675259389418	-0.0002383351943475242	-0.00172398130268095	-0.0001357165014583553	-7.477980157337256e-05	-6.805167203669665e-05	0.001593813405836174	-0.001969085522381003	0.00130314354388196	0.0001308038741362154	-5.616859375469801e-05	3.030976065772023e-05	-3.866707209231115e-05	0.1880465438113468	0.02246858428676059	-0.1599754571634435
1.746666666666667	0.3481342617341641	0.4110395377347542	0.3211018895140828	0.5948043514006838	0.5398343028956641	0.456922892126347	0.3480374094292634	0.2430132438719697	0.3283675580470316	0.6879522036991451	0.5925867178907199	0.1664356931215696	0.142571848361308	0.1328779915614699	0.1959329838417298	0.1847029252192747	0.5282808867416039	0.3740404684799972	0.3219259208173643	0.2252293883516864	0.09303191236955176	0.09850230342389586	0.3648133014029515	0.3658271774311094	0.1706888158196825	0.3327793445872465	0.5033360595231402	0.3556919476010799	0.3456893436746025	0.3402848053018432	0.3020050899875104	0.0755802279453581	0.1639690052188482	0.06464503791746509	0.1973421084587128	0.5811473642279643	0.5526263951169799	0.80665193629162	0.5021012160625069	0.4514648140079155	0.5891097569854659	0.5291143992669505	0.504722322243775	0.9851736701002646	0.2471982696628075	0.04818899536470143	0.9749781504227646	0.955736742157516	0.7181720264684163	0.3003563722020921	0.21999949707835	0.1740175528657778	0.7266548963872231	0.8521358366552904	0.158347604311604	0.02177910904006799	0.01871579227377228	0.03123539107324437	0.1317817710259772	0.5440459396614101	0.4611008949838267	0.09051934244023743	0.2211189482857175	0.1561942356390568	0.1801200776706439	0.9126392504976509	0.9029249908773983	0.08955206536383922	0.1393417697374301	0.3476862792000334	0.7569035262139017	0.1060295816843099	0.09677394679286243	0.08450606661574198	0.7266378044548031	0.6244318911955572	0.1650890771630607	0.4494349453954425	0.4956177569252064	0.4877776056648034	0.619138487015883	0.4770893507859646	0.4491588525707229	0.5216220637138091	0.5725678271658673	0.5292418149593512	0.3575282138243391	0.808879125425662	0.4662664240871861	0.1793645835770467	0.3105021234308128	0.1302149194062522	0.9993118612429408	0.9084786993337864	0.6523007616404493	0.829131131347851	0.8497065166244391	0.9342691437953835	0.9993709695755446	0.6755628806438959	0.9990565005328064	0.6087469051839228	0.9968908078886299	0.4043513143183524	0.01306418093811903	0.01182328554556748	0.01122298802186418	0.01085510067308868	0.5997244004525403	0.5943767009636997	0.02607115531233212	0.01506677146000383	0.01073324554490767	0.01053234465840072	0.9993520896009156	0.9993953934841936	0.3583621421725229	0.8268801008030452	0.8463299519847282	0.9994402925781528	0.2855741104871309	0.2548190540575184	0.1821696061721506	0.1233241541067269	0.2411923255284965	0.08346837532901931	0.2477203101311755	0.5475087841573931	0.5286624185106583	0.7290820096124285	0.5102731961379601	0.4839448563931198	0.5583764994232503	0.5362035642900058	0.5047922265102751	0.9994434028882502	0.2346902149126001	0.03848797202431958	0.999182444539367	0.9956298667144717	0.2635364548187198	0.9347366920752109	0.6208199234602855	0.4964994346635352	0.6974063183135158	0.7193372342210751	0.1107273009468853	0.03252897106557087	0.04084726481711264	0.07504243740403675	0.3597093446555303	0.4971376186914612	0.02639657429044523	0.1884046114839102	0.5211763757478219	0.3964723078435033	0.4274074613622419	0.9035662807268278	0.88253401714514	0.07251095514434949	0.07262311215608369	0.01223070556471288	0.5355773411264461	0.1967359156117682	0.1879894498077725	0.1644428640274489	0.8383522859112228	0.6715575324683443	0.2037303740547705	0.503354935066433	0.4935952856412927	0.4891817052439799	0.5772504112355116	0.4772601640091555	0.4544040006509752	0.5115292376512519	0.5555361061650489	0.5254983407772623	0.01005350414244875	0.6413869523391502	0.01001318243209107	0.4628345123238616	0.894299421956765	0.3157798657652268	-0.000153827702510963	-0.3150810600508041	-0.10133715129075	0.05772505355805265	0.5926334499571705	-0.3019031376926561	0.2238847514738364	-0.01097108086347294	2.562229776558708e-05	0.004126211327888634	-0.0002630405008707139	8.154713657169285e-05	6.653263030460946e-05	0.002481049037447862	0.0006011202221576877	-0.003783988590156838	-0.000207383270706973	6.475701928772722e-05	-4.416753014246814e-05	3.789556273085021e-05	-0.3481145437832525	-0.06130977959832874	0.2062284540591273
1.764047619047619	0.7451194632836264	0.5743783157800229	0.3912512141840456	0.6115843049751944	0.6063156900981981	0.5880390632106639	0.3520046366952606	0.227916554399675	0.3487632269950031	0.7797662864725109	0.6890064173828933	0.2064643669344357	0.2481316266673827	0.246123851910836	0.2441652055917965	0.2983334354085931	0.5055515123148703	0.4608132365637208	0.3412219797270313	0.2841997885327599	0.2068387360965512	0.1751632143348867	0.4976979750502249	0.4735670367548528	0.3849521943246547	0.5677448018584411	0.4952733815348204	0.3532021697607927	0.2324931856874262	0.2204465283444263	0.178880902671835	0.1071290092668429	0.1800122595391911	0.04901747494879496	0.1566084984604971	0.5813554655225229	0.5455625820537641	0.8482794352457536	0.4924023995882273	0.4217660561593621	0.6057693221704947	0.5587060443279729	0.51939852317441	0.9937336984197005	0.4771186846494073	0.02509518161969887	0.9894275834931832	0.9806514594487796	0.716175480101081	0.4521085998985542	0.3453981906645361	0.2931773921210103	0.7739712933223788	0.8744662952337909	0.05870760382957463	0.03271813515421043	0.03688383139352515	0.08288032586539472	0.2398110696034931	0.5155655032240563	0.1214488937926699	0.08794265475283872	0.302790414527331	0.2625209685473027	0.2587034540959859	0.9417042897514447	0.9328842853939331	0.04262535982188889	0.05424770842280786	0.107925029606637	0.7934445381238771	0.128048720358566	0.1201197109796568	0.105709284367772	0.8212901427838353	0.7037158591422782	0.169897969678359	0.5071158553025933	0.4974369174753828	0.4900038540102662	0.6125639382458419	0.4607442904138006	0.4255900822749789	0.5127122305601177	0.5647334515683913	0.5307034792677852	0.5451602219417816	0.8512417863627335	0.47844516709795	0.1472861442050249	0.3106938802372146	0.09259522528608796	0.8763491299511501	0.4910297599697216	0.2961148726473588	0.5030010824517095	0.5230429984810421	0.4898808432605385	0.01053648625752076	0.01062858364327988	0.01059320631427918	0.9788489287833447	0.5912336548252104	0.1136570521953158	0.4406247310170857	0.4419045935846349	0.3941970582617813	0.5303439990401848	0.4392623724522249	0.4448236398198617	0.5426228599445635	0.464376075788199	0.3753737685870894	0.3015990622612507	0.267385736644431	0.2146054521606724	0.507097812073545	0.5585016489136414	0.3111078850374731	0.01030583711346424	0.1148665563486773	0.1106199775875455	0.09313449019846841	0.1134291393924214	0.1619917116924163	0.02669281280381252	0.08695863134779951	0.601149800859708	0.5491218199297414	0.9632333151070027	0.4742386909557744	0.3639887432276459	0.6478633082634863	0.5986883825286549	0.5402766513508878	0.9999217459576987	0.7769102250184046	0.01085469971719881	0.9998051688746232	0.9997157605990178	0.9991313885928539	0.1899527119818618	0.2053377121850183	0.1947598530212031	0.8820715018983144	0.9996157235458329	0.01009787595139648	0.03380004432746802	0.03682012742166245	0.0965245675502488	0.1904719512305579	0.5156940321208742	0.01028700992806886	0.02361682938969099	0.1842904219835308	0.2057893492059149	0.1699884307631167	0.9996819879766473	0.9997231215653947	0.01011955821449126	0.01032312584992908	0.01012854632280113	0.9996878904426839	0.08816615053294914	0.08117191383158194	0.07186965185246337	0.9212581334560208	0.8216388174931224	0.158134478093646	0.5652551880336247	0.5018563744457137	0.4931325818086398	0.6240260364764109	0.4361565884347731	0.3881754073285262	0.5043931826025084	0.560689245995868	0.5346942016123821	0.9999990651340253	0.9999978517073591	0.7176741499007139	0.01000031927680247	0.01000075299938079	0.01000041000393306	4.267369070094229e-05	0.246002236890787	0.03771962870296078	-0.1634481606505502	-0.6803884273897844	0.3105887431865889	0.1378269541872508	0.005930839002089008	-8.400705248286095e-06	-0.002020557072558148	0.0001976374241869524	-9.002729257976324e-06	-4.857528264984045e-05	-0.001194152696890915	-0.0005685076985867491	0.002219696091885361	0.0001313039100988364	-3.768124789628814e-05	3.95111755555074e-05	3.869471993634497e-06	0.1638314029023874	0.024666041648328	-0.07428677728941767
1.781428571428571	0.6776084682883166	0.4893918251097762	0.3908314531051001	0.5669008783884084	0.5622357723795156	0.5363858280575854	0.3515764427365087	0.325946763821268	0.34883098670609	0.8842596501737539	0.6164110156462718	0.1860587293623721	0.2934557165751965	0.2887517023071343	0.2635390586183899	0.3459194054232144	0.5009159701048386	0.4320117388497469	0.486331812767171	0.3151799907780362	0.2448364876789482	0.1991731681335799	0.3408986797812782	0.3178419773419544	0.3255562316728064	0.4641713011268986	0.4993469389255634	0.3531590082345792	0.1058612701167579	0.1013261305895224	0.08597701031158207	0.1347700840443068	0.2126691139311652	0.04077541518540088	0.1162211744021302	0.591523230545895	0.5492080860412899	0.9069016339515973	0.4862147050764073	0.4014326488999235	0.6210779929817354	0.5748552110277093	0.526170693942496	0.9972487905782021	0.4880109471879304	0.01010928835720325	0.9953351684209361	0.9917448484835868	0.9408244618684457	0.1435741998891975	0.1329690604010585	0.119201878005936	0.8682805277983769	0.9684731611668361	0.1189713485335796	0.02298934221364484	0.02368554377005394	0.05833103739876123	0.1123990890012658	0.5698499149506575	0.351551025700432	0.01068581512647344	0.1194859245720681	0.124410022854767	0.1051000101023244	0.9823693749063562	0.9802852444922711	0.01023811307116508	0.0127869962395521	0.03580869673380237	0.9495806631596705	0.06147363472176977	0.05532220517803723	0.04728899302599444	0.8994481961217601	0.8180208884654664	0.1867034958161683	0.5508929398085507	0.5015393450392155	0.4937718532073607	0.6108093686324011	0.4457087677761299	0.4029030361696267	0.5060155486764906	0.5569154536268518	0.5314638710141354	0.6341448246704385	0.8672162660176682	0.4842813241623712	0.318463417287726	0.342865451177046	0.3162604720206189	0.450000094522181	0.5144960867912003	0.6102797941798173	0.6689602853634345	0.6432615158293594	0.6602267573104424	0.9973036394046008	0.9918016121103492	0.9969618491943221	0.8317629279964817	0.6622806320719663	0.3394760348735731	0.02624247469637633	0.01182484339649592	0.01160497738950576	0.01073495860044658	0.6085362592882295	0.434957624750231	0.417045989560537	0.03098440470121919	0.01088977503238155	0.01048933489518228	0.4475460364037668	0.4675845807260969	0.04917483580133609	0.3375557412030576	0.8659322051630641	0.9997526121753606	0.0431505697821613	0.03973682993994691	0.03794838230550226	0.1824165179395295	0.3218299400350367	0.06744907633044409	0.1610971579192244	0.5792536510109347	0.5479894110689125	0.8676751965750126	0.5015192156436713	0.4509792375947422	0.5870427005281847	0.5532854966587915	0.5096628490688659	0.9999093721359473	0.01241017015100947	0.01027110155336184	0.9998869292543024	0.9998578979207718	0.9997804199457522	0.01001342512705296	0.01002974231296197	0.01001327305724636	0.9459431488255025	0.9999064174342047	0.2959247859292343	0.01003870016738817	0.01004371378688231	0.01003899429443238	0.01001904641840659	0.6987726432527385	0.9994783092561388	0.01020565129979547	0.01033348319530496	0.01011199307362989	0.01007204072024468	0.9999701476673071	0.999976088550522	0.01213923406731695	0.01037319124216903	0.02546059288044181	0.9999335583150415	0.03407968554225771	0.03076997391449967	0.02493769170484914	0.9761633530742075	0.9467872984045123	0.2451449015492009	0.5784206942325666	0.5042374875600317	0.4983584805395945	0.5795291691747247	0.448501466313443	0.4097037265211654	0.5005969424583416	0.5400294352525606	0.5262423096539094	0.01000078774861303	0.6381324476590975	0.01000158697842253	0.9999992227611705	0.9999976362040326	0.9999990858915045	7.394867393046417e-06	-0.002684410041925156	-0.0274581509330333	-0.1887325375142353	-1.051387261062156	0.05224675189274063	-0.03465934772642167	-0.01198872470062527	0.0001491580536492113	0.004186983186784675	-0.0004340714407406681	6.043458955492641e-05	0.0002107159488112969	-0.01418595559396013	0.006951256395837367	0.005961431326934097	-0.0002606585150719767	9.417492409020625e-05	-3.794647299083065e-05	-1.502079012143192e-05	0.09857848687205475	0.2070358774242932	-0.002972600070666088
1.798809523809524	0.7736468193588724	0.5286526195136591	0.2651720516840654	0.5941466816320371	0.6120376473830856	0.6009572561773422	0.3521236386594813	0.4866605832963753	0.3514920961558756	0.9122950295745579	0.6268342121532743	0.2756944441263369	0.3337657764275149	0.3183385803576679	0.1982779570981278	0.195178436186281	0.454720093887849	0.4976406370288319	0.5689825981572478	0.2292498445231198	0.06216288391727782	0.04490475048611199	0.2494647939157972	0.2729375386721864	0.5393064945971996	0.6558209061266767	0.5190596777147324	0.3527673134181379	0.03874404720315249	0.03643973155797805	0.03212144694914968	0.179085277689072	0.2559719148749185	0.03447720072103337	0.07853401770757616	0.6281808464823546	0.5653679219115539	0.9296653207355481	0.4850288689301328	0.3647809311517672	0.6784083742159632	0.6167388734584178	0.5368297165411738	0.9988192794223244	0.2687096248402681	0.01367341747147441	0.9980009800583524	0.9964936461736762	0.952948693221972	0.1287531408578149	0.102969572772349	0.1049660761178097	0.9162631281117281	0.9869281803826851	0.1285606087997526	0.01594658289269087	0.01796774743968397	0.02883529091430516	0.09584429835015777	0.5842180557129776	0.3964562077507378	0.01205054713869423	0.1281660359770621	0.03663396115089172	0.0289740198488274	0.9916251996047587	0.9684774597376737	0.01113862350454889	0.01615910374198232	0.01950018103152695	0.9791659339767562	0.0422532219149085	0.03822918612277542	0.03231313876900357	0.9409247867485192	0.8896309067379041	0.2222660278827362	0.5779544520024109	0.4940263942777918	0.4877808275080106	0.5998522075122055	0.4413465073245583	0.3982386385745663	0.5013499368262057	0.5599302426130952	0.5342738982459193	0.6266684380440214	0.5157687398428875	0.3643747134728054	0.3472818532237558	0.3948995692121355	0.3771523389873827	0.9965845724878951	0.5345923159413911	0.01492803936875716	0.5587153068047528	0.6191423869877949	0.5982425525014279	0.01089708955552283	0.308204537050376	0.01083026244673128	0.9957645552708692	0.5919306447784031	0.2623105350832147	0.5181580021946187	0.5191637084109836	0.2783733072044577	0.1898905591383744	0.3370323004329951	0.554254202140292	0.7455252633755872	0.2833568361877459	0.01136732646191522	0.01055356642122472	0.06170619211196577	0.1100161240090684	0.9973456774445441	0.9978910861979142	0.3490068179492422	0.01017102462123861	0.01231133883144264	0.01184305909985326	0.01114080343004133	0.2222780725699018	0.2597547862705102	0.01308575302831385	0.01624525165659048	0.6928982097821293	0.5921865182595705	0.9948137157080076	0.4726868865051266	0.2851882202707424	0.7856959911069683	0.6933286919442474	0.5609347181613256	0.999928770043838	0.2219848112055787	0.01611532134118126	0.9998627685102689	0.9998054225843183	0.9381703886436161	0.1790734850316776	0.1337862895732519	0.1448138210858802	0.9537751648139559	0.9998404497363217	0.02392990025866577	0.01726657784376484	0.02057301004745985	0.02932029271273164	0.1304212749296947	0.53009983454207	0.01049844181634234	0.01327125192553075	0.1913186751359305	0.01913872876408376	0.01206139955585375	0.9971636739028947	0.9402938241223586	0.0106857048621473	0.01977953282366908	0.01166841072943853	0.9998653199336551	0.03897903871984373	0.03565321320875228	0.03091131100230991	0.9679626192326944	0.9373717284248076	0.2398585932048327	0.6040230002048337	0.4828841815216486	0.4779241638604436	0.5981667974601256	0.434304562731881	0.3893395203984629	0.4973845392358781	0.5714848302247941	0.5404441528185346	0.9999903255924452	0.1539374875136106	0.4579645596630377	0.01000093817233739	0.01000404258158966	0.06973178991118748	0.0001423767001388784	-0.4161632642899725	-0.1754370210995646	0.06544480897075708	1.101521567028505	0.572593191763664	-0.5057820108414725	0.00635826223793559	-7.130301173959124e-05	-0.002067542665517143	0.0001797867376123688	-7.011955744845717e-05	-9.92723571224865e-05	0.03328982749991367	-0.02007756266830055	-0.005769456268081074	6.707192880281642e-05	-5.140519458843867e-05	2.870887422530859e-05	5.9049309677292e-06	-0.1957695145102187	-0.2426000811749711	0.06632926514617572
1.816190476190476	0.6767790765072323	0.4038711675301844	0.2087725721601011	0.5186895704435182	0.5418038672695545	0.5044304494499116	0.3523446035452505	0.5087758246150392	0.3518652288882829	0.9715337495703875	0.5314136687906194	0.1646706003988686	0.349110423111168	0.449157887715749	0.3543526915017966	0.2160669006980935	0.4303383300023284	0.3951856562540866	0.6866049122203077	0.3055571340441999	0.1049618768636923	0.1199527536738388	0.06032376291029356	0.08703499479914097	0.6452448669700624	0.7041128132277364	0.4943410621328831	0.3527435862057081	0.01479976315667357	0.01448047642552303	0.01334273669742435	0.3153954460040374	0.3298589840824251	0.01052187532300495	0.01429831915310791	0.6597185631628901	0.5829440522334564	0.9743891684289907	0.4727025468646847	0.3150504367315332	0.7176980843385194	0.6494454756473477	0.5436825450905882	0.9994479943351485	0.2435702969273401	0.01385133401453851	0.9990553171197104	0.9983636684753199	0.943529010620207	0.1244080124217416	0.09506554144400994	0.1012661658822891	0.9428804108111299	0.9941950854345257	0.01007501293940715	0.01544907957732728	0.0175464089786258	0.02507803823747207	0.0917780072241335	0.553798364808293	0.04990566072216067	0.01224330167956989	0.132816171712885	0.03714708465925449	0.017430853444184	0.9951945629361316	0.9637526255335143	0.01022447879755178	0.0163391724274172	0.01109673880052318	0.9908060060820908	0.02930820599768786	0.02712921644618069	0.02419114848292489	0.9614671643022503	0.9248721273805803	0.2813534958266686	0.5919946717219302	0.4935993371728961	0.4882838343158687	0.5908236406012778	0.4405629042198266	0.3988728012051122	0.4989138924177646	0.5565507834970087	0.5337520566086338	0.9295968667684852	0.5067874927910915	0.4569785973273143	0.3480309975925833	0.04812103216564251	0.3799202924735465	0.01127476725466054	0.1031528102489624	0.4987175619119668	0.4038814763520667	0.3677015721592415	0.2909506136197897	0.9979392697856947	0.9976670523016224	0.9977509472285909	0.9906506867276426	0.3520752866886808	0.01050642125600195	0.01945952171952223	0.3421103156166425	0.4975919404824957	0.2081671790303686	0.5762701500503447	0.06670200793045404	0.6895731532552375	0.3199162447558609	0.2245769790883775	0.2750428290859331	0.01035798758129473	0.01034651489082555	0.07236178566346901	0.2405699085588341	0.7708038006300557	0.9997431101503558	0.01204691916594739	0.01194406466953383	0.01195049781108998	0.5390867335337491	0.5091353050591358	0.01572163418147155	0.0207791438552392	0.63586764072363	0.5847508833074336	0.985607177386451	0.465197048191999	0.337564180706304	0.6422719518166368	0.6070947417429733	0.5189833355778178	0.999941212822982	0.1892118982616941	0.0102128637910909	0.9998985138136541	0.999851786771458	0.9529717659960201	0.01017340718022239	0.01030551489685944	0.01008941622003181	0.9718254762131973	0.9998916482677119	0.01015589027247958	0.01012466169762393	0.01011943391054021	0.01016957255607699	0.01013755742544662	0.5873454668698495	0.01061779695946046	0.01045083694370226	0.01524749030378811	0.04682691521398327	0.01237647728718965	0.9997106195464802	0.9997294881444593	0.01010775675285529	0.01029595835455251	0.01017130814473824	0.9999072770407501	0.01116994890168011	0.01108075140477034	0.01092491565178394	0.9902722679747464	0.9714825299555145	0.3877061715695602	0.59194564492317	0.5108816078222381	0.5061930390597887	0.5639341266352977	0.4504932725177482	0.4159300688526081	0.4981261022156483	0.5260532555077855	0.5215110062548456	0.999991042058243	0.9999574118407529	0.4291904551424062	0.9999949952664944	0.0100572014993849	0.9999860800145527	-3.128292227711669e-06	0.2773308421072735	0.3195023098571448	-0.3768409051122681	-2.305344668784509	0.3145758301117605	0.9246333389969564	-0.01225470414240793	0.0003206788630914736	0.003183074175306496	1.713876631316558e-05	-1.14510658250426e-07	-0.00160001703574062	-0.08472593847059257	0.04871879345366181	0.01300500553965792	-0.0003214414807330886	0.0001152555637276751	-4.505645363280947e-05	2.75878529672354e-05	0.423303859204935	0.5310229142052121	-0.2545108069126082
1.833571428571428	0.4456870833999685	0.3474452201696384	0.4785624963005312	0.4848852749117491	0.4901301855891044	0.4768645976842294	0.4413163879855455	0.4501612827907462	0.4155585471208605	0.9627749631314856	0.6765116154155877	0.4659874016236463	0.2985211586390281	0.2693652982587594	0.2367480835591028	0.096827918659716	0.511090211880023	0.4984410196015691	0.5666060944233979	0.3589111786974014	0.1327923988460305	0.1734080642408437	0.428852221221644	0.4388361432112738	0.4169639435443199	0.5167574712986585	0.6035337612202173	0.3985258716283242	0.02335615866304519	0.0216497154320607	0.02133169216704018	0.3922973765910286	0.4074078936680454	0.01191644616425007	0.03103915513381136	0.6547812543012752	0.5948708847253508	0.9749837823152109	0.4836954305207132	0.3648820872976602	0.6769122780517484	0.5708747735864543	0.5146669736417028	0.9997528649629115	0.1051882428230345	0.01054462126743261	0.9995846635630213	0.9992875235384309	0.9998242271731276	0.02148165917120015	0.02551410884312547	0.02692829360055792	0.9425252885698022	0.9980577879620252	0.08830839599203322	0.01071798326394896	0.01098912012338947	0.01204361270889407	0.02471450290956738	0.7428230249545352	0.44616485504417	0.01044596840147325	0.03559895688042103	0.02539963132674754	0.01030186711813585	0.9999875420677354	0.9999900004139739	0.01008962408552662	0.01090853142453257	0.01020301274626488	0.9995554542364318	0.02514675905548478	0.02342600314045414	0.02114254586480079	0.9614998591139031	0.9275401316668187	0.3520893092725649	0.620127221114978	0.4994000251738244	0.4943558789288742	0.5817471608170052	0.4329902795184968	0.3895736711910346	0.4932703416851498	0.5436839777827938	0.5315187245953623	0.8748241265202451	0.5214569405010799	0.6517077418216867	0.6794471123768694	0.0658113550290336	0.391557341450443	0.4468214881282135	0.4835238277236601	0.6892781739282547	0.5019350952469837	0.518529370322237	0.5765595467244939	0.1721890732619548	0.1132740510411778	0.1294627955251295	0.9253883361632513	0.9820532633307378	0.9974678489792422	0.4258901419692972	0.1227986008817954	0.05044566781907153	0.03736762931440407	0.5374033267605869	0.8391794757428825	0.3871379115668993	0.4583217882977014	0.1412369973661859	0.1857576250312065	0.9995295443912254	0.9995595711786981	0.371544622188919	0.4636939436159793	0.6134851966259827	0.0140624427262526	0.03775159394931993	0.03548830214157753	0.03320131669819729	0.3538990912321645	0.4045478059830421	0.01609978445144774	0.0523125842026886	0.6554885292810159	0.610332434344262	0.9547800112136233	0.5085120813199658	0.4310331597991336	0.6473959151963644	0.4651739933380338	0.481535592235911	0.9999785382998633	0.01004295272690465	0.01001427252962698	0.9999707058456843	0.9999577072653524	0.999803511957596	0.01000315724119598	0.01000717876924354	0.01000306887744566	0.9120120750154355	0.9999744800439125	0.1545811780400322	0.01000985849513966	0.01001042563561915	0.01000946853779707	0.01000455071160207	0.9991761163160333	0.9998368038104537	0.01005461215187095	0.01008225260807793	0.01003014823639692	0.01001715448144237	0.9999903090143077	0.9999922347735368	0.01005001229700233	0.01005453589493358	0.01003828143398281	0.9999806711360528	0.03275881212931952	0.03011420509155469	0.0266256116307202	0.9383331226617732	0.8873140741634129	0.3963006801198749	0.6662285609474952	0.4985365880802288	0.4936561567218952	0.5819510535368321	0.4162636554762852	0.3668143116592137	0.4849549397675433	0.5403688918715185	0.5348982481058144	0.7548812781525202	0.2721014308531804	0.999988847189847	0.6694793452604554	0.09986698625648474	0.01000872204732606	-0.0004807936663575497	-0.1228889224831205	-0.7170405056308874	0.2428498879321983	2.620152116683628	0.9673820690469158	-0.431581020233312	0.005890874768014458	-0.0003955454621764328	-0.00170257291038751	0.0001387767625605627	-4.507591795373814e-05	-0.000383600621161099	0.05484754618718619	-0.03598787723047166	-0.0004250958369283773	-0.000214044076885356	-3.71794208273042e-05	3.349148231765804e-05	-1.339920351764962e-05	-0.2033310167659761	-0.2633360135097823	0.1335282711338725
1.850952380952381	0.4257162059203534	0.610931418454201	0.699251598323325	0.5016013977732641	0.5315021318045074	0.5989201083131285	0.3651667730753101	0.3854653876541447	0.3823469328612071	0.9098036803189444	0.7246568128072152	0.7025362327263509	0.4354063931342005	0.2841769583127714	0.2485999739461946	0.3215704818195282	0.5048568709212202	0.6543192969460052	0.5037669314481656	0.54911710671875	0.3945598096764049	0.4185397749875693	0.7957532311106168	0.7588112445753916	0.3482554415300941	0.4288136226404608	0.6371131310887664	0.0520555843839512	0.07113687888616069	0.0736439265036687	0.05955179322333091	0.3501161547698987	0.4029067447841964	0.05361329820591959	0.1160911755065183	0.6387993975253181	0.5959429300734626	0.9212707052553804	0.5109347506887378	0.4463683029696625	0.6397582379102486	0.492812513630551	0.4860498185739529	0.9998702561391863	0.1150222370619221	0.01030383101618743	0.9997454445359909	0.9995844286381066	0.7347045841617468	0.1355704408290712	0.0148338352224561	0.01502270483451477	0.8885063272922561	0.9953083585234431	0.1002849250748279	0.01039590012095756	0.01054164100687971	0.01103876853492852	0.01456865695165543	0.7775990186537906	0.6053022491248761	0.0102057544849875	0.02455573433469213	0.01044164429984633	0.02605417367619027	0.9838816652177431	0.8813720584059372	0.0100589056232789	0.0105379673642147	0.01016565006094729	0.9731057024381201	0.03660920695655607	0.033242505440938	0.02875004342317985	0.9308670654559168	0.855351275108704	0.4326520435258415	0.6489783734058385	0.5006137100844744	0.4961578023082434	0.5780245723058148	0.423504668055482	0.3769442220435907	0.4877027599915914	0.5381367031297102	0.5322881449292398	0.8527882267608623	0.4746070515611453	0.9026385040748982	0.4380122236121524	0.06873691181499461	0.1259270918481071	0.2583160955765741	0.9715144553537467	0.9982569273909901	0.4929278191351347	0.5549297180627271	0.7014799934334507	0.722476531879358	0.8249671215161365	0.8702382422311312	0.8273312662738672	0.313658648693271	0.3294535740344989	0.4638273236522782	0.528849080436288	0.5891381399774216	0.917527921911241	0.4780165834824487	0.401535812865323	0.6243809776798777	0.8523993723212215	0.998897074144679	0.9990104157648724	0.7015565948555494	0.5559233658903222	0.1655663702367868	0.2162853942612821	0.7681496369398754	0.01045586303270934	0.1179787670195563	0.1281067471760825	0.09561863037835933	0.3616079788691987	0.4353532149754784	0.1087670239853764	0.2184647271188774	0.5908445556564071	0.5743058647140517	0.8076408743243237	0.5370442817079267	0.5344573052834871	0.5738396049223132	0.4541425505765304	0.4628697478456872	0.9999320151185902	0.2742078049312218	0.01010946315458786	0.9997404360206807	0.9996297045584862	0.01064850764830346	0.3298763213175787	0.01041631452920532	0.0101764789430943	0.7942643678194971	0.9857880556174311	0.01003273503952951	0.01004695995180111	0.01004940747449747	0.01006454289182695	0.01011225164100171	0.462473141909112	0.01021941250002442	0.01015442427827603	0.03024149628707422	0.01594615755791376	0.04731987772315649	0.9403026746199713	0.5614218715962409	0.01005796791657581	0.01021755406913513	0.01019470144220383	0.9012052635807239	0.03671282664761669	0.03288847600572831	0.02775768672989039	0.8891642170407129	0.7304243775799732	0.5728549645450691	0.6505077965169885	0.5084791443401703	0.5053386393943168	0.562765576787205	0.4295469712989668	0.3873686156206637	0.4870758350965377	0.5233437879238503	0.5263723910702461	0.9974162933790112	0.8379358337599762	0.9999933936604462	0.01002809119670932	0.01000632073405446	0.2072739687780515	-0.0003960368423820752	0.5635512063007359	0.7032958052921503	-0.4610612287127696	-2.546337532090683	-0.7089285720126273	1.51035838985489	-0.01133716352961054	0.0006084517800266346	0.003794548461086714	-8.874208257089543e-05	2.570087154266723e-05	0.0007733899866186948	0.05538321226907386	-0.03094884808476788	0.0117292778882109	-0.0002247981706313171	9.88543130139957e-05	-6.420552959827295e-05	1.785778602537018e-05	0.4131854176241312	0.5354393746128168	-0.2746745391894688
1.868333333333333	0.2963463212051068	0.5939736754863142	0.6841680483677358	0.5347649151408072	0.538303909056781	0.5621123254319889	0.7079896838379153	0.7359577722821593	0.7464620116789906	0.9329080666530529	0.649279230483918	0.4405146367860328	0.3238548906373622	0.3479744034656104	0.4066202702732594	0.4424764792694346	0.5244905689697068	0.5220131536593351	0.6139516762420216	0.6068053140631393	0.4743799736535814	0.4993532029395379	0.8621374045131317	0.8155322161876956	0.2366284259620747	0.3845053612319856	0.6270025214406854	0.2180254702478354	0.04852650487429251	0.05212866996691776	0.0408430839067734	0.4960846173906832	0.4809429457482123	0.04752174654930853	0.08697911703814429	0.64726902841786	0.6026230377009995	0.927546204145393	0.5217624293704587	0.4582607096324255	0.6577466372681917	0.5002012467509724	0.4784825003085066	0.9998261589800358	0.1113393614018866	0.0100270382883959	0.9997293046949235	0.9539880026477126	0.2669554779296263	0.1354671061259342	0.01086601180066556	0.01071192724058877	0.8664628971347165	0.9946275574967909	0.01133532979798338	0.01026239132094312	0.01020004998001644	0.01030903238467134	0.01069130682243958	0.601280448395875	0.1904879441263505	0.0102696185831414	0.01047831474678456	0.01078125384198558	0.01009548892089179	0.9795465304703777	0.8505481717952833	0.01003322551257129	0.01011875659515256	0.01003333900457801	0.9644378236951011	0.04432613013518531	0.04016786981291333	0.0338737923910453	0.9073388635931632	0.8013526348658212	0.5097391425711457	0.6614413089362116	0.5136170016461837	0.5093200194898431	0.556001671610748	0.4237516959514934	0.3792453910874082	0.4819923686151633	0.5069715943912918	0.5224867848088776	0.5329033376210095	0.6924518660590422	0.555701159898826	0.3676119354802503	0.08047927170875117	0.1118796162989837	0.2471815893820762	0.3887553489222062	0.5109091857150186	0.5791717649396432	0.5339751624739485	0.461428522780964	0.998423375207814	0.9950185902092179	0.9971537939321912	0.9968001479409716	0.7346041200233367	0.2509948292102108	0.1838091758925616	0.3109099977884106	0.432779998317783	0.2627977383349713	0.5632469935611452	0.4597027032935623	0.7107515576990527	0.5448135441841164	0.2481952744156042	0.2918322825718958	0.9978142567436827	0.9978933917190392	0.2352073661386467	0.456226769991747	0.5538141225487362	0.4217168012146288	0.0111759602135908	0.0110697986612754	0.01036216168258905	0.6781959057512932	0.5648759694534055	0.01176032647657005	0.01444338153144314	0.6841411749526283	0.6233217114600678	0.9925942318532964	0.5206420903623129	0.4241157123849293	0.7162602273857197	0.5296822815701581	0.4805947042800259	0.9627674424448439	0.01006413031864127	0.01006490377522462	0.9989937584153913	0.874373452707141	0.01015506589510944	0.01301857986426319	0.01026921037404755	0.01007472803324315	0.8737114298655612	0.9991110308107449	0.01271464597880412	0.01166411388870707	0.01129423173992181	0.01073914663662523	0.01019764986949067	0.4972723066805195	0.02122408516681187	0.02059007705905933	0.0136068086718294	0.01037387431145233	0.01197124165945111	0.9997631475044324	0.9998069134050455	0.01396893139378862	0.01276843094629649	0.01015844014882655	0.9954768151776869	0.05052194565550752	0.04585400735407225	0.03835746238749497	0.8862913437938261	0.7759528564129251	0.5544231740385491	0.6773238323173201	0.5288006275780306	0.5242167140355031	0.5284043997101648	0.4231683023358317	0.3805302110549775	0.4739895084487522	0.4669944238597358	0.5101924932100487	0.01000320668589244	0.7397961494230835	0.01000249548764191	0.4747114346917236	0.144958690247551	0.04462102123313965	-0.0003542965346898266	-0.3077204827773385	-0.6314875609666021	0.09874467560690098	1.570676651585653	0.8004278479525769	-1.442900846013432	0.005597999569950537	-0.0001088709099021586	-0.001733022087154388	0.0002491429675161114	-6.888999833479965e-05	-0.0005572740845637313	-0.02160122663233514	0.002561489077663565	0.009009941409250479	-0.0001759332227622499	-4.81594427159924e-05	3.719091959505447e-05	4.490404123859757e-05	-0.1946441029942669	-0.2508730807310981	0.09741109240814974
1.885714285714286	0.3871127537901505	0.595611854547997	0.6788038616210743	0.5212993401912311	0.5325076984746919	0.5599524515377057	0.8125687724584607	0.8477236392101269	0.8663613222092349	0.8962427364928806	0.6107789011076979	0.3359588721690214	0.3301858987833126	0.4367551445675917	0.5497503270350284	0.4823310805769283	0.5228936887456972	0.4899502179790824	0.6544948005822058	0.6695147081087951	0.486977147454632	0.5142035472315759	0.8396331902617368	0.8163730573410657	0.4003822726954736	0.481814564778045	0.6502465477684474	0.2701339940064603	0.0642010690272113	0.0634284343395998	0.04722304209435385	0.502274682544676	0.4867388335631528	0.0232397410551424	0.0917999739299618	0.651925093887484	0.6057261710197132	0.9249945975158259	0.5135972248169812	0.4402593718348719	0.6605215985800237	0.50247275208342	0.4794723907349491	0.8713308917704202	0.01171815422586247	0.0109845999459996	0.9972443996617261	0.9052001996072394	0.1644155890556253	0.01005682079868882	0.01072118020602408	0.01047519642865632	0.8377282294700389	0.9970698848790339	0.2012420311646737	0.01975904214670412	0.01801135034729388	0.01355511199036928	0.01068452300949402	0.5459256046848983	0.3341897990175786	0.0840627712228839	0.1231064398375916	0.02595340321836807	0.1770695905483088	0.9957635861100851	0.9712529435026778	0.03849261547312124	0.03013286312416917	0.01169975346004628	0.9907457023192207	0.04718282938144247	0.04240516826543542	0.03530006122939038	0.8790657280037586	0.7636802986595113	0.5806485907426535	0.6595324118913585	0.5221570498979269	0.5186735026749998	0.5338695565138396	0.4323903712552034	0.3949566764642588	0.4780826428919943	0.4809647476332186	0.5132565172944268	0.4387051980560329	0.498086867892622	0.4483799376632231	0.3345095890082695	0.2360120087072779	0.02613710653738217	0.6457624511942617	0.9931636274277517	0.9973037038547922	0.4145599502818298	0.5294827515984127	0.7338873705526123	0.7087669412388446	0.8371957983133688	0.9052879863476974	0.6763932883884503	0.2931079055568266	0.3206313398202088	0.5693872095333143	0.7634994797004804	0.9494892830752946	0.9989378364442975	0.4511972311998803	0.4616535336124947	0.6299392681609615	0.9979314941959045	0.9993013918342936	0.9994121200432525	0.5410243031902469	0.4836720858905432	0.7411823891314281	0.5544949994880652	0.8544548741333946	0.01044054948753137	0.1580646911803139	0.15753795645474	0.1125515381322666	0.2221034897224455	0.3720436578970331	0.05392821475875139	0.2340423667778966	0.5953642113129268	0.5762477809341263	0.7910390837961553	0.5001983768637952	0.4686206987743354	0.5604853961306611	0.4529648984392174	0.4739049812524919	0.5764149933162235	0.03399461735025502	0.01216518357024668	0.9915578547101486	0.8979203576766726	0.2362652483988744	0.02296272694250074	0.01060803571309124	0.01022011788260695	0.7285707345857173	0.9947370328093142	0.5314717765061592	0.03036102990670176	0.02674951328318534	0.01703290363817331	0.01058297761002508	0.5089362850943367	0.8513143866381425	0.1799991699066055	0.3061241561682623	0.04878241420884395	0.4796837177477479	0.9994818504755687	0.9995826876313604	0.0723178055913488	0.05361357985404432	0.01373646868308187	0.9993327646068373	0.04138272262778954	0.03640714807117154	0.02991881510161013	0.8266042810334102	0.6771856133061764	0.7191401252367302	0.629353006251364	0.5207742752023313	0.5200104167891723	0.518668294486233	0.4551248737875761	0.4314266941389395	0.4811392997108921	0.4771652510955438	0.5085851983553131	0.9999988635754854	0.01000111604086757	0.9999991203585852	0.01000035562623487	0.3968868454435949	0.01000078308808557	-0.0002315257977891416	0.2587538400339351	0.3013410133942824	-0.02817990940926733	-1.18018562413073	-0.7718535660682885	1.246395860896246	-0.01111270120021458	0.0002768728483857209	0.003751497963916574	7.445603096848172e-06	6.52391797579154e-05	-0.0004828786401864388	0.04775298476788937	-0.008618941856869997	1.846534378910215e-05	1.857104368291047e-05	9.215840723641659e-05	-6.109137881075231e-05	-0.0001542512045423455	0.3551855742274067	0.3155132572386904	-0.03577889698903683
1.903095238095238	0.2527515245463271	0.4252622575109322	0.4905972405477252	0.4113866911225915	0.4229251780239512	0.4415118929910433	0.8200096630940713	0.7972709298091666	0.8676803010611184	0.8201467413402219	0.5348892567813208	0.327128918795846	0.3624613227587631	0.4643141138842267	0.5701836783382929	0.3869763133798895	0.5301626637658666	0.4986624740886937	0.5708087606299804	0.4560619390639074	0.3879582445502497	0.3984009959691431	0.7231232265555863	0.7052310758013342	0.3177009554351156	0.4164210953168178	0.6117190564460998	0.4871805723448134	0.06177019817028891	0.0611691335219435	0.04452699749164197	0.2893164400592356	0.3625225026667414	0.03690255978484171	0.1535595963522917	0.6190936557913037	0.5790707676105555	0.8767185643016514	0.4854412355214234	0.4063508294952533	0.6214311627255742	0.5040567466159387	0.4950811748499439	0.7941754318804314	0.0231768332020478	0.01130971901437825	0.99671396790351	0.9380791728939362	0.1232122898184726	0.02362577232755102	0.01416094067112983	0.01337754894805112	0.7979144513645666	0.997430430891222	0.1731939589477509	0.01264459909261287	0.01297591149608545	0.01317050510636716	0.01059451886584847	0.5310274043036707	0.539792706064995	0.05399473498187583	0.1480655148855075	0.02664241832337798	0.1786487898635403	0.9980045697159483	0.9879735550785821	0.01684849330819291	0.01892561225392821	0.01231343139320094	0.9879617593089062	0.05885550767918885	0.05392712015901267	0.04381009696006363	0.8275293258775257	0.7042947649501785	0.5922733043818043	0.628573607268442	0.5324085254705103	0.5291425143757983	0.5140028994026121	0.4508162299478407	0.4234901187055267	0.4820267240181453	0.454237039892213	0.5000848697843731	0.3913279452314966	0.4768874657909877	0.4194740446981274	0.1207561006733427	0.1712538294881776	0.1538853139044123	0.01034992689194127	0.01285659366307953	0.07955698187310772	0.3311416816376482	0.2913727738334635	0.2122724083919418	0.9080359874034382	0.7388762773480736	0.8580361545760242	0.8085822482417685	0.5535559269355106	0.2972413292601844	0.2973073128659914	0.3498550460689689	0.39721257381727	0.01303652063398	0.5693316477136425	0.4965997367495681	0.4932167969031585	0.01365325704037878	0.01185559892415919	0.01483894914644042	0.6444624531199588	0.6568490676899718	0.04959953928382702	0.2797148219694365	0.4629315808235016	0.9345724891124622	0.01504708378984267	0.01441207204669312	0.01262214191599444	0.1494552774489742	0.2515911095011905	0.03032425757593213	0.1304402857046345	0.5950332248626229	0.5506715879135423	0.8725952299404005	0.4507019424434766	0.3421383145004596	0.6139486638905959	0.5427829904009223	0.5241960690163784	0.7708585620755936	0.01839940594404837	0.0108285005844861	0.9994194081199763	0.9995331056137807	0.03485452495338979	0.0259306150414402	0.01663441513481822	0.01555346163492376	0.7835347044138881	0.9995643063898794	0.01014043810161046	0.01026642764859211	0.0102464741284831	0.01076514741845755	0.01056037183216729	0.5300250714141885	0.5289437343938284	0.01056546694670223	0.05442430127059911	0.01382495708560938	0.01027609788355336	0.999654580923851	0.9997758237920619	0.01014965395883664	0.01134481643853272	0.01152964421219524	0.979372062614735	0.07411149390312451	0.06853189483580939	0.05488654493371865	0.7635047795574484	0.6508423242249972	0.5363633055989526	0.5875498468059219	0.5490787243841794	0.5448270959177763	0.4897784052369499	0.4694214972207637	0.4506550835352915	0.4873854167015788	0.4154691860143923	0.4813509081717704	0.01001453260251699	0.681346269244502	0.01000302739117341	0.045693999324752	0.01001133207056806	0.2870351683467773	-1.392595259706264e-05	0.1487912990405184	0.2317860424844224	-0.1841734623306039	0.3736437868746614	0.08118227595466067	-0.3908375150511147	0.005282150427578724	-0.0001208583177914955	-0.002203863721777453	4.161259672589099e-05	-4.823113359651695e-05	-3.783541824543641e-05	-0.02283538960843987	0.003599571571382036	7.868983358307812e-05	3.455895502754126e-05	-5.26344893239951e-05	3.371944570239424e-05	0.0001339428839782644	-0.1132701622900764	0.06174288437944069	-0.1346392436638057
1.92047619047619	0.3446858173750442	0.3911728271424693	0.4430444080364631	0.4314488439896332	0.4358648667511572	0.4560034147793617	0.9102097802733689	0.8255420239596019	0.8954444367627745	0.7773176549983122	0.4061500216383547	0.2077200655509352	0.4547017964508307	0.543752088520903	0.5911416423207181	0.3736341561747087	0.5066387367100377	0.3921785891418159	0.6551589193529626	0.4061129979238777	0.3737898411520883	0.3798859908681727	0.5040105763413607	0.505919128525942	0.2826852452915469	0.3335741739229401	0.6326289842046747	0.5886982278825219	0.07722811381600279	0.07646003138456912	0.06350183322215509	0.1912308727350797	0.2943072375714059	0.03140474915231761	0.1523270853794841	0.592232500835211	0.5521838692775975	0.8706611710936895	0.4653160841017882	0.3705530270349948	0.6085005598966827	0.5504359145527684	0.5191882764316054	0.5840913289448298	0.01259462670149632	0.01047063837777626	0.998887021064873	0.9749271071041107	0.02323693047821916	0.01831257851962514	0.0141755875915857	0.01348012341973753	0.7552753490092656	0.9989907484916739	0.320865815946924	0.06848446654755459	0.04950332935876774	0.01033017102747826	0.01043438637768484	0.5318592209559619	0.6280569748470582	0.2183274728122512	0.04395475427825239	0.01389166663183717	0.1126008560343542	0.9989981507028813	0.9946540848269149	0.191643407928244	0.1022252148566225	0.01093646635838481	0.9869466403642083	0.07947429509893789	0.07124976617916565	0.05663769304960194	0.7691593053266405	0.6568406091190395	0.5864797813861863	0.5785820004878116	0.5419872446490628	0.5391750748110312	0.4915346401792371	0.4785595881755692	0.466443056927039	0.4892202650608128	0.4268643402511864	0.4845871881295357	0.2375911392119661	0.4667251715296177	0.06507826265663705	0.07394345196209297	0.0500804361604039	0.1846286346792043	0.9941242742651847	0.9949400507582984	0.9993482678311646	0.5874676903681182	0.6742511667140365	0.8815001426109615	0.9955796135095756	0.9940515517349667	0.9950511077297781	0.6357003148329683	0.01207538014205838	0.01439977461226229	0.8350951120145688	0.9972944205279346	0.9993518553644933	0.9995014911146421	0.3710206473213002	0.1395710081532619	0.997237469726685	0.9992963014698214	0.999621301745472	0.9997484831870163	0.01059662934147104	0.01056529889869509	0.6693344373836962	0.3669244638370763	0.9635118338813553	0.01027563680472057	0.1963840147973525	0.195410455195573	0.158077106102046	0.1617637577902258	0.2951027198524995	0.04033008247684525	0.2186308785494166	0.5496993347097098	0.522830442600779	0.8339233422607792	0.4685670348210921	0.3939449438924136	0.5670828478086273	0.5947548517809504	0.5312509050623041	0.0105998641920876	0.01030311522028511	0.01035422462533663	0.9994221892643368	0.9767615537450405	0.01073577868799097	0.01006783705803854	0.01021266992523146	0.01008275204816	0.6409422538058839	0.999419010075088	0.9996472656443049	0.1596915086129683	0.1093586173355292	0.01104852133895951	0.01025489954796535	0.5282213721546436	0.9993021034580201	0.6415666254267336	0.04705535217449324	0.02100626415813911	0.2950871718559657	0.9998457032531075	0.999886313266477	0.535884885365646	0.2560806311758426	0.01075166457115593	0.9996039105681341	0.08489874764397801	0.07228781027526483	0.05634961955954922	0.7018927426541958	0.5987873503476001	0.6881397928051408	0.5082508591047228	0.5391706793101803	0.53960473582155	0.4712874417421611	0.5209392694289103	0.5338214159645834	0.4989753521928756	0.4219110222604007	0.4752110969858849	0.5357579460690004	0.01000951267036761	0.01000512068216586	0.06659466542217861	0.1005233681974232	0.01003457906079282	0.0001511322619223138	0.5072166036603827	-0.2456440293012652	0.1613082966088929	1.105411103653279	0.0997936928906854	-1.214580818066147	-0.009995825318648377	0.000217176243008791	0.003736894492616881	3.139136345147462e-05	7.522716760749539e-05	0.0002097586908108481	0.04429650356725691	-0.008480703848842704	0.001201099501917887	-3.852826609358442e-05	7.809548484762754e-05	-6.917156901003342e-05	-0.0003261650838495607	0.2281014740872926	-0.1446610643088329	0.2653695265843117
1.937857142857143	0.3529365681172598	0.3620024998778546	0.3760853637548547	0.4498752258017453	0.4410690811831987	0.4255146965452409	0.9747592133075834	0.8402603156816598	0.9578696900859512	0.7076467641548883	0.4878707716314439	0.05853432192669344	0.3711805131660654	0.416983479530196	0.5356247410130687	0.6954874623901007	0.5116424270903911	0.3078318548292398	0.5854313805405166	0.3959771045910795	0.3577208429239683	0.6928557133465933	0.4513218448169777	0.463686860554243	0.2702601701286925	0.4096732306283101	0.5465511004619508	0.6393062533540282	0.1225662075247797	0.1178224641224087	0.08805023242090251	0.1323747256036851	0.2292459555546712	0.0364977701770292	0.1568375164027455	0.5806339881946647	0.5387173511659215	0.8646396153655478	0.444633011298444	0.3394480189238905	0.6008325109049896	0.5793267563994795	0.5348931750711151	0.6034262966580911	0.01456943801820948	0.01053865139865294	0.9993145084817845	0.9918792915816393	0.2221012278282812	0.01110334771889307	0.01065025181564969	0.01047942779449137	0.7163594159271807	0.9993613937148613	0.6545764404694606	0.03536223599662033	0.03693350329444541	0.01049734845281173	0.0101994040577379	0.5467414071115135	0.8524670852897569	0.2127747665211296	0.02838038200416753	0.01515901568721647	0.1281603994497232	0.9995159299292106	0.9977452540667935	0.1734423648622431	0.09378871584605264	0.01322221261940124	0.9943952378499016	0.08716043849162668	0.08360099397625032	0.06515998751060426	0.6899015112051267	0.602196453653254	0.5080307310146926	0.5252281686288633	0.5565082903067534	0.5521810241023358	0.4982779999865322	0.4980027525518075	0.4946437715688625	0.501308289808499	0.3954019176117987	0.46720053611235	0.60496176355866	0.1755712981772669	0.02499828206632299	0.01461287278377688	0.05075976752668709	0.4824718054323064	0.01171938704785049	0.01520734410148007	0.01401501330929804	0.4080892140337936	0.33400432301465	0.165259556179831	0.999022426535592	0.7780275314416111	0.9970341339928581	0.6667089228715255	0.8015788050662483	0.01026232401294717	0.0103863809158958	0.01049071841032137	0.2530604325282191	0.7870237374216589	0.5916853648663835	0.3109146846515851	0.2899930191687258	0.0739333683001806	0.01196141077667344	0.7772652212856445	0.6117964543647907	0.6403600743255796	0.01103027117368768	0.4887646159163002	0.2581558575629177	0.999483789766052	0.1067224598793501	0.09853795615604226	0.06803620368509519	0.08620531180037162	0.1520932121240135	0.03562016494938138	0.1327398650201357	0.5841897232224122	0.5331402682608742	0.8735717122845277	0.4112761096337542	0.2829584577793329	0.6089450761989971	0.6003457883284971	0.5525064930374858	0.9117071199333141	0.01710847422602739	0.0106243436269259	0.9997125235477718	0.9996859975841341	0.4424923533316305	0.01005905930768287	0.01012046356930844	0.01004940719494983	0.7113603406523966	0.9997561860162129	0.7052171042210981	0.01010345417560251	0.01009613529503767	0.01020330865648792	0.01010925423597875	0.5737781557154041	0.9994054964998889	0.01032902642989435	0.01291466731986756	0.01176847265688332	0.02502807966003797	0.9999042978654838	0.9999320317016503	0.01011990988411982	0.01155407183725249	0.01489541282181565	0.9996388945221543	0.09296620765911037	0.09583988022166859	0.07353735972307257	0.5965962639719089	0.5474598849664061	0.3489491486833084	0.4847068926743017	0.5807849250749959	0.5724323614100755	0.5184397767910555	0.5029958056609529	0.4985778333406239	0.5129474636765327	0.3506895766944	0.4458546591861743	0.9295508903829639	0.1104513618683618	0.0203878542493803	0.01000124248134938	0.01959246135768974	0.9999897018196807	0.0002385205912303276	-0.00166641008465507	0.2251301558239642	-0.1542510860177308	-0.2549610548444881	-0.6842075017734522	0.7768838825957176	0.004133727538161673	0.0001236636920663403	-0.001917621569316634	1.611281291857783e-05	-4.46183596207633e-05	-0.0002223930270090031	-0.01719558157977755	0.00197473352234168	-0.000493377044663507	-0.000198200556403924	-4.292184705242372e-05	2.779208299059805e-05	0.0002237232787273054	-0.1176640260396225	0.07926676045250235	-0.1384186515032964
1.955238095238095	0.3333192909905149	0.3586389916246525	0.366235522763613	0.5084093307851609	0.4731749380311293	0.4004760462002534	0.8852049487693651	0.8452087011252547	0.9558182314972401	0.659832505149811	0.5270238508233772	0.02008050040887607	0.07002891779040651	0.3064475641267143	0.5202563208167338	0.7762287735054885	0.5355685838756516	0.2275624270868079	0.4741480628194944	0.3938052621789611	0.3564241150419339	0.7719184625887662	0.4261389879982148	0.4434983653607986	0.05826612551949062	0.4264031827577114	0.5104098651464601	0.6629597172973521	0.1778417915329418	0.1725166611178277	0.1474379285880351	0.09480561621362098	0.1839619823162619	0.03561067113871521	0.1852858813652212	0.5730909791226402	0.5296049377854225	0.8618155560470624	0.421482675586745	0.300970553403587	0.5929102871081612	0.5970921027574303	0.5464740242728739	0.6123530544001984	0.01457320902964071	0.01039653459053448	0.999490821345448	0.9374456305789469	0.2801636463327536	0.01061690883644083	0.01036365107842784	0.01027588256369588	0.690706269273863	0.9996249006036139	0.723872826754386	0.3195215613174771	0.1163670119416423	0.01013080443165992	0.01008048046926519	0.5677288675821679	0.9336503295533696	0.3241299774911069	0.01030266330964796	0.01011008999505573	0.01002877584630124	0.9997502023311692	0.9989852808550864	0.3198160026333399	0.1059012399556797	0.01307648079425235	0.9973812815466223	0.100619219223908	0.09984663976153131	0.07472734964916786	0.6323392631268964	0.5682245058535069	0.4815130517048185	0.5066939194971427	0.5700384745869738	0.5644023177219881	0.5033798523896225	0.5031928593476437	0.502063430593938	0.504852152427639	0.3584928609803654	0.4518749412303826	0.7107809537749311	0.4129388330839375	0.01976874620655076	0.2556273066657407	0.01000144665234236	0.6175501330411055	0.9283023579582684	0.9918900356361513	0.9928654793437248	0.7536203554936426	0.7707082988249074	0.8200525851100374	0.6166226327695774	0.9919084537133432	0.9074731312366776	0.5701893158276931	0.01241108657240613	0.01078828264585735	0.03742015458495438	0.7172317934371866	0.9962199898017635	0.9992807967334563	0.4382800906340349	0.01912552358015629	0.7068610488038758	0.9959241096983158	0.9990149100456435	0.999415905709974	0.01071656959750045	0.01069459851176641	0.09126581569950334	0.3444466832813729	0.9248558438196093	0.0106495453531245	0.3343139594271506	0.3328098870884749	0.3078764680150173	0.09820254522420101	0.2152821922352172	0.03755627764954753	0.2916877174330386	0.5395757995430653	0.5097105425748969	0.8324253472084671	0.4197760878681862	0.3098105651125057	0.5511761431714274	0.6182876524726523	0.5499718804829317	0.01012530766096132	0.01005265042763846	0.01004647938363237	0.9994479441910973	0.775055941170564	0.0103360245669485	0.01001934712988092	0.01004332446846859	0.01001802786534199	0.6075328344703991	0.9998065973783663	0.9999415310149018	0.9993739598173524	0.3102915655669543	0.01025561046369723	0.01003018841110534	0.5770668665414006	0.9997881615190999	0.9992953037657338	0.01037899507457363	0.0101387592694354	0.01006739770841294	0.9999453010867358	0.9999573986590864	0.999769723810342	0.2881617441591603	0.01016625555892649	0.9997693295099098	0.1140767787599037	0.1062088929172505	0.07577412649802891	0.6147810534498878	0.5561860764762042	0.6831380745814281	0.5110748345630434	0.5650691492495962	0.5631635425355106	0.4795971459772097	0.5166845153605848	0.5279404722827756	0.4969705585846982	0.3435264081128699	0.4468274368422274	0.5338765184847887	0.9999979796217225	0.01000184014251357	0.7410023761975791	0.01000318880960803	0.01001168778789266	-6.308790818853038e-05	0.316454784259333	-0.0457974740960938	0.01844784500006953	-0.5140256836345451	-0.7904094572615599	-0.8153235270086669	-0.00822028100811829	-0.001599632944162951	0.003347446253873241	9.838914871424057e-06	7.491617851199402e-05	0.000339701008238454	0.04121879932558683	-0.01092329796542037	0.001748163634672334	-0.0001840217841453422	7.003906699514771e-05	-5.187601986541645e-05	-0.0005842779507309385	0.2466554900723725	-0.1175798108762407	0.126577507056453
1.972619047619048	0.3259313434961623	0.3514087413138804	0.353271226793427	0.5764909933551756	0.5463694556870896	0.511090580761524	0.842164260565976	0.6825531939785189	0.8214282066723322	0.6146157922449444	0.3802168805088345	0.1166883955534191	0.1575603434706734	0.3066509451960736	0.3975110154001431	0.5000494093077611	0.527890912467978	0.2684107593195392	0.434773467983581	0.3602148719006181	0.3531900284801214	0.4981578318254244	0.2528692398995641	0.2561637869235593	0.13465798396784	0.4153126398977962	0.5079071449770605	0.6317340159774398	0.2600694376906484	0.2563179135290103	0.2073087161962076	0.09093431158831497	0.1693669405542409	0.03751374627721731	0.2367666680613494	0.562879988069081	0.518841006121631	0.8614585726239653	0.3870086981690548	0.2543700076507801	0.5773647210709296	0.6246187698489494	0.5600670684805752	0.6166390488128319	0.1361034000482854	0.03745693579497412	0.9485567167527357	0.8233021020930019	0.3050039818747991	0.0490964454700386	0.07456098739840604	0.0382930999821754	0.6726460554183114	0.924893693978483	0.7134137698827356	0.3978544517834243	0.1470114740196822	0.05510188491106752	0.0461971231843283	0.5424484461052618	0.7807674485878932	0.4932828327961702	0.1814868175222414	0.06092979947718861	0.02786961427214755	0.950756759000559	0.9563232020955481	0.3917059466035317	0.2969171653133865	0.05146727749107675	0.8212430460658009	0.1182884171364471	0.1249704353288879	0.096825835931099	0.5863390547670239	0.5435641424159742	0.4680572614563167	0.4828601047645353	0.590766653122914	0.5834401810431113	0.5101099543960583	0.5138155743136608	0.5170446893733445	0.5149652593163035	0.2682882667626809	0.4147366109391055	0.3523565301850989	0.5510679626260465	0.3178201365220083	0.271083681895921	0.01001938530520063	0.2562875353121791	0.01029335823883749	0.010482640183944	0.01057558211487624	0.5659166243572674	0.510844485964968	0.4463689837780523	0.942371776812628	0.3677857789212643	0.6467597333453978	0.5870764028223019	0.4176982524474059	0.2091483813544094	0.2593744373371561	0.08731956125266313	0.01069792403760065	0.0105546220500668	0.5580344834904961	0.4215640447241161	0.2883644861176607	0.01047928473165619	0.01029060488031995	0.01044378733128922	0.2273791112297264	0.2194350298948485	0.1799466419335473	0.4114891201885456	0.2979176542830278	0.8999478284692722	0.2754101189535917	0.2705009796302297	0.1938722761266063	0.08392722748656686	0.1411529500894739	0.03803327121511505	0.2482617608945711	0.5596376393583272	0.509594195428637	0.8667440058909558	0.3438966746357033	0.1982200731095601	0.5729060628711805	0.6546440797279727	0.5782078452762894	0.9713198988064712	0.2579040927590663	0.0615312532029287	0.8404166656966024	0.710316840056924	0.5016312367198913	0.08015990405534061	0.1295861617550722	0.06041093261642518	0.6844724355702387	0.7858230710111398	0.5489753856296011	0.06120529408105804	0.06581937889260288	0.09498492534008186	0.07509828263303071	0.4961816414075298	0.4807881059819329	0.2759031790716491	0.3779685230143967	0.104085423700283	0.04188317967954197	0.8714131466483721	0.8870547367247557	0.04100059650557213	0.4093075560871103	0.09704485733880437	0.5121506619610602	0.1292594248260022	0.1513822226387856	0.1173721185927113	0.5233416204092608	0.5119469757271731	0.3416089579346956	0.4421026141349841	0.6203729074255581	0.6089641091938002	0.5210750530199729	0.5260702654761763	0.5311054479102639	0.5349956027749302	0.1719761008895488	0.3670729186079325	0.01002051266722016	0.4139663329372208	0.6789944946597458	0.01000337117683606	0.01003139183074554	0.06962316450103322	-0.0003850055675359586	0.02235454548851019	-0.2986521473120488	-0.1422047154297264	1.45665625747092	-0.4226030562241722	-0.1452000808719933	0.003695315871174333	0.0006775040158411303	-0.001595570269087062	-4.871987154838447e-05	-2.105184823166079e-05	-0.0001645465231842606	4.558992888523511e-05	0.0002560169601157011	-4.89487239601629e-05	-7.0712501518946e-05	-2.182233687743796e-05	2.223572369491267e-05	0.0003348268707419481	-0.06960419360994725	0.01739453377358701	-0.09414293353225918
1.99	0.3473077893713997	0.3533625013358335	0.3545155834842881	0.6736846137049921	0.6382011424732503	0.5924213844018194	0.9413326662747341	0.6277996066797327	0.7973775289729801	0.5772357579945686	0.3103107670892807	0.1353473533323475	0.1679699103201212	0.2806274415729405	0.3783837465865442	0.4244014608347245	0.4972642744252771	0.2819119369949016	0.5089785592121944	0.3585638138310726	0.353258220514244	0.4235791087076869	0.1775011369220959	0.1743787043907783	0.1118461657154959	0.290311441901782	0.530194125200126	0.6171536507306163	0.3323399934826619	0.3290845624059354	0.2833071861416503	0.07830935304364399	0.175004333676767	0.0380756947040269	0.3105199570987756	0.5391967104077656	0.4993836220637827	0.83035583246151	0.3771614022861424	0.2437585424916067	0.5611640625680762	0.6365009445853598	0.5669461133849664	0.8277346066505072	0.1946198776263592	0.06333252615685887	0.8271062611562451	0.7155642890981022	0.4623952770300128	0.05881366890825274	0.09586650894024831	0.04620258019963045	0.6564074108029883	0.8150067877599505	0.6754789162430864	0.2016375736661088	0.1191071684055108	0.08970677036299053	0.05667443858201189	0.5114215220425935	0.606316891120076	0.3519675542385988	0.3569469274488407	0.08377996047363544	0.03542983973409262	0.9201366182984818	0.9304548448774802	0.1654912213534726	0.3918516464515054	0.1476242931188977	0.6252652204165421	0.1325364579291793	0.1678202702899328	0.1120013848910492	0.5504914156089646	0.5247802752571991	0.4379504966376809	0.4516778834337349	0.5878529535700203	0.581037669084791	0.4728048638923926	0.5338431638681204	0.5461146515795099	0.5261392303503138	0.2438382669346165	0.3967430043291921	0.3952238372093868	0.5796402331604424	0.4206280163244757	0.1863555163219438	0.01002237613088127	0.1016770588182744	0.9998207238986406	0.9997449642700807	0.9997202238084367	0.9992345938890189	0.9992265158048629	0.9992682004850847	0.9995128756334914	0.999513111078056	0.9995156784755918	0.5069328044663989	0.01042937514754673	0.01015054454161258	0.01052133078943247	0.6369229923289186	0.9991942035409416	0.9996367971398603	0.353875127870346	0.01062883393276638	0.975392219380175	0.9997375596647178	0.9998379034194711	0.9998065624919984	0.0100856784987535	0.01008091314397131	0.01062865394623211	0.01129383923147786	0.9991728447256344	0.01022288515499069	0.5015632708344773	0.5019368485281707	0.5024080266623685	0.07023755520175165	0.2367068086670951	0.03843707564970898	0.4733058091861732	0.4776458588366779	0.4617638719995934	0.7308294526778693	0.4224382223204909	0.3121338325586742	0.5185528043327602	0.623742582708972	0.5561392328567639	0.6793734106646425	0.08818435791550011	0.06144587141848439	0.6659739616501603	0.571519577281751	0.4235934023692547	0.02219611462729704	0.03762170065286981	0.02149963853852373	0.5780176342188894	0.7350796810431544	0.8879717531487626	0.3822132531022404	0.2339283599095931	0.07608676264737718	0.0247340902167928	0.5085665253276732	0.6219522155690513	0.4903129100741961	0.3651074349841499	0.04701948025186229	0.02330111054059942	0.9625234971525511	0.9700103748584953	0.3021364313413244	0.467119317399223	0.2281753577154876	0.5841945484956809	0.1418811405796432	0.2017377115438881	0.1035450842345108	0.5549991553254011	0.5252880137648988	0.6016070622855599	0.4411326197787318	0.5318485871894563	0.5336810243502367	0.3591017284855679	0.5672880557324943	0.6022604415078111	0.520398482520561	0.3402036192048485	0.4289459235742596	0.9999970653536079	0.9999961064055364	0.01000320245163205	0.4827255639558607	0.01000750332853568	0.01000141863090427	-0.000180626088804179	0.2403707447009356	0.5591740354448954	-0.07378920100685112	-1.468665370165003	-1.097313572559162	-0.2539161745172002	-0.0105827735300143	-0.002128487547912603	0.004176503256480361	-9.098840926552183e-05	0.0001133423797969309	0.0002684783006025023	2.684334504219439e-05	-0.0005124637632864804	0.0003022560899173135	0.0001066457983574821	7.953170784593946e-05	-9.915756083365468e-05	-0.001493707579297375	0.2403657537062598	-0.0210443469119844	0.2009192764062831
