Coordinates
version=1
nRows=742
nColumns=24
inDegrees=yes

Units are S.I. units (second, meters, Newtons, ...)
If the header above contains a line with 'inDegrees', this indicates whether rotational values are in degrees (yes) or radians (no).

endheader
time	pelvis_tilt	pelvis_list	pelvis_rotation	pelvis_tx	pelvis_ty	pelvis_tz	hip_flexion_r	hip_adduction_r	hip_rotation_r	knee_angle_r	ankle_angle_r	subtalar_angle_r	mtp_angle_r	hip_flexion_l	hip_adduction_l	hip_rotation_l	knee_angle_l	ankle_angle_l	subtalar_angle_l	mtp_angle_l	lumbar_extension	lumbar_bending	lumbar_rotation
      0.58999999999999996891	      4.05525146152938908983	      2.91776350747632173821	      1.06311115675154477245	      0.58419723000000001178	      1.01320462000000000025	     -0.01751277000000000042	     18.11286034648017917448	     -5.51998082252465493980	     -8.22257518665975162264	      1.17377623600767777567	      2.55168931301133605771	      5.04338765304129488243	      0.00000000000000000000	    -20.01376643409027522580	      4.87804578435362223843	     -5.26199110540653336443	     -2.47082949825790842979	     12.44254112809114509730	     15.12476283190477666096	      0.00000000000000000000	    -19.58924252311281577477	     -3.67002729867774579731	     -6.30306802423073175845
      0.59101902787331994649	      4.05522216308874305923	      2.92033009214621452898	      1.06873540119159149420	      0.58422874983509121005	      1.01303738504246720886	     -0.01740439452508985019	     18.12438019330968330678	     -5.51214641614884826026	     -8.19280113006956511867	      1.17764487661169692245	      2.56406766597767887816	      5.04359959902743959503	     -0.00388648504692498155	    -20.07008124879889621184	      4.86331370126526518760	     -5.24508242849953720821	     -2.51074437025867158724	     12.48129823058115306367	     15.12649649303503274211	     -0.00364573812151927331	    -19.58385348268888392909	     -3.65617467626002667913	     -6.29750334074890094627
      0.59288156308372685910	      4.05146627694264793718	      2.92220945209136262477	      1.07520438475017932056	      0.58430150599599417482	      1.01272912366982836829	     -0.01719290339113386731	     18.15255553250641540330	     -5.49386974475861578071	     -8.13880425305836219252	      1.16803259296150985236	      2.58739392338420781670	      5.04728554421327402224	     -0.03238565142139342157	    -20.16904549964744219892	      4.83420896023498869454	     -5.21837634912647718721	     -2.58598010640913456015	     12.57564447912996286050	     15.13273644029562881030	     -0.04331083480023144305	    -19.56719017714899422344	     -3.63013478513414122872	     -6.28376338149833735258
      0.59433827087187318661	      4.04444801777876783433	      2.92151728685376133043	      1.07834867829963831909	      0.58437050062521422866	      1.01248475285872441276	     -0.01701799020995668418	     18.18149148335674425425	     -5.47694028837532620457	     -8.09848281543705716956	      1.14601186135303700908	      2.60659967682539983613	      5.05473908077283962115	     -0.07441858486107286175	    -20.24172606435981336404	      4.80957440048315554293	     -5.19882466384176566976	     -2.64694276761044688939	     12.66516739951039483003	     15.13223376234733308365	     -0.09159087245395397536	    -19.54761497660770075413	     -3.60901511842660216445	     -6.27122715781067796570
      0.59584285330946407111	      4.03502508901297218813	      2.91847231053749389673	      1.08091369328848996290	      0.58445148115701950342	      1.01223250078860416146	     -0.01683040342069137482	     18.21550905353478100324	     -5.45698293699847081228	     -8.05982631416183536999	      1.11082324973600954365	      2.62710081192067201883	      5.06652833312422501422	     -0.13499092316106292566	    -20.31428898960544060515	      4.78169945450810551790	     -5.17903852202536896243	     -2.71040054070048475054	     12.75245940567515035013	     15.12052848282364791999	     -0.12583322309074798651	    -19.52363164161129560625	     -3.58564149038218138443	     -6.25739204689659089809
      0.59746169815996486019	      4.02520306503144187360	      2.91187203813633388449	      1.08344239154435539874	      0.58454795115690483254	      1.01196635447418659126	     -0.01662164498044188879	     18.25340578757947085364	     -5.43208047532672733126	     -8.02205425372641300896	      1.05963367081127524116	      2.65044881872829130032	      5.08230147116375530203	     -0.21872002603169662938	    -20.39276305847807790883	      4.74789647350098586998	     -5.15889913243095765694	     -2.77751792205567626937	     12.81918459427845746745	     15.09381997317486678867	     -0.11338605468908696805	    -19.49722747248186038860	     -3.55758963992784682517	     -6.24157470893572252635
      0.59910466204404844159	      4.01812685611050479650	      2.90095825207076174479	      1.08569921017793480367	      0.58465321062141617503	      1.01170648000764673569	     -0.01640230320030701058	     18.29053959443289656406	     -5.40229216645600196500	     -7.98749991056911490261	      0.99386825041332627073	      2.66846200641482145244	      5.09632169986397887129	     -0.30875874691509164194	    -20.47548900973213648058	      4.70855702248898655427	     -5.14163515229636125525	     -2.84384506518883384274	     12.84691024523658242629	     15.05763314541381703293	     -0.03469592516563760332	    -19.47330774353741844607	     -3.52510744748735049825	     -6.22393687690003982738
      0.60024680060054469433	      4.01547299099912713416	      2.89080444125363333896	      1.08683656127070427111	      0.58472897762165321200	      1.01153283371580160477	     -0.01624492563056695663	     18.31535043950046315331	     -5.37870708498792726715	     -7.96504739339896516981	      0.93956274032904629756	      2.67387484639425654365	      5.10184810509515340726	     -0.36596108432128726662	    -20.53505190805184454916	      4.67805933804243423424	     -5.13277396461464441302	     -2.88967057354038203698	     12.84585435845752954265	     15.03385706814375311069	      0.05136464169048497730	    -19.45936866332811376878	     -3.50010127099310874854	     -6.21028323648637581300
      0.60196004103733202761	      4.01454226208138909016	      2.87197712225282764109	      1.08771401279957058428	      0.58484366913178442715	      1.01128188048026879109	     -0.01600115920701370223	     18.35234487968158489934	     -5.33924232291719924604	     -7.93235329492943908036	      0.84361299635781139550	      2.67521185579157005918	      5.10255836393298611853	     -0.45751832176649243067	    -20.62587660163819336390	      4.62787590194614573136	     -5.12398958135741899866	     -2.96159931825729660915	     12.84127314333963987281	     15.00489787895035220799	      0.18222057925259596556	    -19.44262849144005400603	     -3.45926694035076254252	     -6.18731621926076424955
      0.60366933855484694593	      4.01519082857635023487	      2.84865170161195457865	      1.08768570189058078057	      0.58495701663192356534	      1.01103905505348046212	     -0.01574945791779609403	     18.39192471585077370833	     -5.29479224240674017921	     -7.90083667035899228637	      0.72965464005527114200	      2.67000164362189318368	      5.09382610178115413646	     -0.55844250938698780651	    -20.71476453660413596936	      4.57224248168655034164	     -5.12037922945005075093	     -3.04098527601696932976	     12.86305369105699547561	     14.99402321219482558945	      0.26702148523164653815	    -19.42886651353853011415	     -3.41415636664640098630	     -6.16105507348356162822
      0.60556368549078976038	      4.01410858440906714861	      2.81801507912767457142	      1.08828310255707583210	      0.58507895117512220828	      1.01077281843524291460	     -0.01546397367831398549	     18.44308814585264499897	     -5.24078370014437755486	     -7.86974742990491815675	      0.58187414449976482267	      2.65659798104502220539	      5.07527513927092943646	     -0.67586011557913538983	    -20.80587213049825834332	      4.50422920848524555026	     -5.11956027320831363880	     -3.14156903079311211613	     12.93822590512875336799	     15.00938278861838703904	      0.27619441423917856504	    -19.41331080596852487474	     -3.35903357807902347432	     -6.12961356805953538895
      0.60707537891050200596	      4.01089853462065981660	      2.79135268249343271307	      1.09117011254456763858	      0.58517200229130550415	      1.01056143181492275041	     -0.01523459342310848515	     18.49009749488677201157	     -5.19628077655129771983	     -7.85051415102547611724	      0.44848834682433558196	      2.64009336419212248259	      5.05702382366489278098	     -0.77000988600990560862	    -20.87130054857365735188	      4.44613977130317650222	     -5.11745917066442679300	     -3.23225459150574456757	     13.03268337978284918677	     15.03719697675564859196	      0.22710572820599009281	    -19.39993923462912306377	     -3.31209137577207091141	     -6.10522045454606043791
      0.60859358974875288339	      4.00581108030580335111	      2.76402933688673835277	      1.09813875154558915348	      0.58526075741544691944	      1.01035119511409576809	     -0.01500609745494406108	     18.54193384444062431271	     -5.15254301438876005648	     -7.83857964410911911557	      0.30178582731527858751	      2.61840927198704953582	      5.03898182470947197942	     -0.86238797253050625269	    -20.93057854883683077674	      4.38541723425819274240	     -5.11027377237267899091	     -3.33213079503950027060	     13.14213991864946251553	     15.06889874518726202268	      0.15470122103917763323	    -19.38625481213966494920	     -3.26325162266582324833	     -6.08391622017224076302
      0.61000925172929976181	      3.99978634030219959428	      2.73894053914869184396	      1.11004495251373347386	      0.58533880247101721661	      1.01015828402630680749	     -0.01479768680358614988	     18.59336357314596810397	     -5.11419117882686879994	     -7.83603589560847701989	      0.15441652245237016960	      2.59374739665207565409	      5.02498678438495005594	     -0.94495191965642177934	    -20.98039878772084065872	      4.32711798532940328244	     -5.09608827755567261875	     -3.43263485516132904607	     13.24385254641551412647	     15.09337071965715715294	      0.08947902094939337581	    -19.37394668730778590771	     -3.21656038049472403628	     -6.06913556349415639346
      0.61195836030107053638	      3.99158646472610678657	      2.70542237253276995901	      1.13768746165186040997	      0.58543893229242705001	      1.00990201586800210087	     -0.01452249971666440612	     18.66544503269882682162	     -5.06661370851643422242	     -7.84884690236517279516	     -0.06346368985515560279	      2.55356897115225889294	      5.01329052954708398460	     -1.05506478693668093172	    -21.04293489784314630242	      4.24370883369160711851	     -5.06143547796450388176	     -3.58088829223870908081	     13.36230368364525844527	     15.11320593064442796560	      0.04900261490705842826	    -19.36029921215569160609	     -3.14994559648602168167	     -6.06000928196251553715
      0.61387273708217537926	      3.98706418216044511382	      2.67361349050324514920	      1.17844187046104686978	      0.58553044473552584570	      1.00966675548166873178	     -0.01426661127008034546	     18.73297736966290116811	     -5.02606194465090094781	     -7.87991099325226951322	     -0.29294491412843787215	      2.50817441387147566090	      5.01159270434015535756	     -1.16075246290946498817	    -21.10185297843599983025	      4.15773133631113633868	     -5.00937454642789603554	     -3.73590805362164468661	     13.44918550522274891534	     15.11699372325534795891	      0.08076519785110983229	    -19.35425990338248425360	     -3.08154251006152390957	     -6.06510264505879526098
      0.61556679036050598874	      3.98493798838788526595	      2.64803708930943892952	      1.22433430966295664355	      0.58560660063741842851	      1.00946984995626620751	     -0.01404965648103300574	     18.79181384089349293731	     -4.99666518303390105871	     -7.91887723039700031080	     -0.50946436277876472332	      2.46458167043229758875	      5.01730447488851094562	     -1.25148159571289507852	    -21.15094629569164297322	      4.08050876195624656617	     -4.94944979422084330167	     -3.88104846765202182723	     13.51191247200693190678	     15.10929026179222134374	      0.14884960841041297575	    -19.35344205783956894606	     -3.02102973992663592639	     -6.08067134597158709397
      0.61752517813016538639	      3.98166643677669052082	      2.62358516190727897310	      1.28586378816503232869	      0.58569012799370612221	      1.00924942708362319621	     -0.01380505817938151338	     18.86331940189632305760	     -4.97157876854226810082	     -7.97136584070451981177	     -0.77667469533746047450	      2.41130700244158235890	      5.02935849967145287565	     -1.35190705977693026441	    -21.20119448122549954405	      3.99314918497111248641	     -4.86711699219020754725	     -4.05829802298958863815	     13.58072660426847910742	     15.09295286092984866855	      0.24710497845024387287	    -19.35378947213094136259	     -2.95467164135332183150	     -6.10947836027829538352
      0.61958584312418429896	      3.97520776738458270216	      2.60467103725228765754	      1.35673467926420809881	      0.58577502989916108156	      1.00902141802442013585	     -0.01354896734997540660	     18.94569415214182228624	     -4.95515572890330258105	     -8.02947030283701224107	     -1.07724594589534761191	      2.35101312386750826988	      5.04354063758548409879	     -1.44951607587700781465	    -21.24518199607970814213	      3.90555734430158274506	     -4.77050889794489041407	     -4.25458294663674063685	     13.65529362696282333900	     15.07486760036798578710	      0.35148615345025402412	    -19.35246824578383595394	     -2.89138609302004878643	     -6.14897212153362282550
      0.62104112739662153952	      3.96887308577209596550	      2.59497196010819397571	      1.40874306063783172327	      0.58583499514028336552	      1.00886260531836002841	     -0.01336599754904045645	     19.00807610305616179858	     -4.94842284293251921667	     -8.07018263300891725009	     -1.30027924033022634909	      2.30398291994031945151	      5.05141996817935101660	     -1.50956733667623033135	    -21.27165624773260077518	      3.84633190876321817697	     -4.69934551864331329085	     -4.39774457882158475996	     13.70689461922365026680	     15.06512888033167740787	      0.42976666540440738862	    -19.35006025403297158505	     -2.85073475806667309129	     -6.18048815253632088940
      0.62317915767133846838	      3.95617581076624658110	      2.58430782199644148989	      1.48615267119827243469	      0.58592662120983773910	      1.00863093732328890084	     -0.01309101817168261545	     19.10612562053253782324	     -4.94301951989152232869	     -8.12821506929571135913	     -1.64132279417565785096	      2.22453626216979882813	      5.05611185505997973166	     -1.57318602148975417165	    -21.30404831979728186298	      3.76190482218185628938	     -4.59478340955969688508	     -4.61263507200505262773	     13.77299485189088734671	     15.05828955023314286166	      0.59522930235039550606	    -19.34266220242454892286	     -2.79565961323912048897	     -6.22959476985279714256
      0.62510339562520267354	      3.94211798338046470747	      2.57693497122524339815	      1.55591540053845234226	      0.58601595586491395107	      1.00842504510973984821	     -0.01283559133179324775	     19.19879135680018933385	     -4.94078794154758682566	     -8.17894719409872017479	     -1.95853850531652984301	      2.14185223071074748447	      5.05318842775430798753	     -1.60663028091312320988	    -21.32846278553472529893	      3.68731103903740597971	     -4.50353642067411463756	     -4.80900222796470266928	     13.82294542871433762343	     15.06222531055142255241	      0.78270450899996546479	    -19.33241765901976805253	     -2.74965884767355772667	     -6.27533710276394796068
      0.62720499029233567345	      3.92713349581294624002	      2.56991422661730339883	      1.63170426027094195298	      0.58612453187622981510	      1.00820785310946958724	     -0.01254684994115830461	     19.29968249242964972723	     -4.93946027568642875849	     -8.23397804692270973703	     -2.31245551938560334193	      2.04191722657149954401	      5.04504969158262372986	     -1.62442257766590492096	    -21.35458125091379955052	      3.60595824978139090078	     -4.40854015083409223053	     -5.02490087070457214224	     13.87351920280192096868	     15.07869795159878201218	      1.00096006663762593369	    -19.32044560317621417767	     -2.70200731272612504341	     -6.32619071361405982401
      0.62929586978965668109	      3.91595425966141741370	      2.56285855536250117837	      1.70599329521587761427	      0.58624721137676572003	      1.00800475623631946576	     -0.01224815702550973058	     19.39510175523582446999	     -4.93782080559484981563	     -8.28900137143428139552	     -2.67047916496302262246	      1.93789328221316359269	      5.03608742805467990422	     -1.63396730441408233325	    -21.38461807265717240512	      3.52415329223660656055	     -4.31910436271052322610	     -5.23959191391668088755	     13.92555470484083457450	     15.10527794463647666134	      1.20448903107721494443	    -19.31099952533169172852	     -2.65629779388090359049	     -6.37683303146075886048
      0.63048014302702271028	      3.91214323077466419321	      2.55855144586320593092	      1.74707294389230605169	      0.58632427835632761060	      1.00789670532551700610	     -0.01207314332438180239	     19.44599091917277178254	     -4.93630834264981910309	     -8.32000086116832626715	     -2.87605060814312807338	      1.87940734695415434530	      5.03215695315192412806	     -1.63969280413221807358	    -21.40470136289314950773	      3.47735480331905577600	     -4.27056851736385212348	     -5.36058245035557945357	     13.95608688267149943840	     15.12249233444707208207	      1.30810566570153108401	    -19.30752816820528394715	     -2.63103483395329762473	     -6.40501530887354153521
      0.63291849570913361056	      3.90639843914630224830	      2.55193543016137747159	      1.82667628305946561085	      0.58650047401494731503	      1.00768366725423574870	     -0.01169625172996955308	     19.54933757780175085372	     -4.93437821146591382160	     -8.37957771150658459192	     -3.30870045596890971495	      1.76279799039279239103	      5.02976976378057294426	     -1.63175739329973490399	    -21.44914682476609613104	      3.38441768297697498369	     -4.17492802463941270474	     -5.60849746596600429172	     14.01477596043565831962	     15.15371353234134055299	      1.53880089604417613636	    -19.30038339669364333417	     -2.58469459439323445693	     -6.46027938813631052994
      0.63529044269318324378	      3.89682757548563740713	      2.54992016280501587744	      1.89646844603015529707	      0.58669365958132313477	      1.00747779109983781609	     -0.01130883893489095619	     19.65641978462989669652	     -4.93549967646913234631	     -8.43080338332577738925	     -3.74300715479750456538	      1.65385367226937218810	      5.03572829784202369297	     -1.60048330409813965858	    -21.48834837245184559151	      3.30111957974363345869	     -4.08641762289863308411	     -5.85018664471372584757	     14.06529247609478616710	     15.17312370815521305190	      1.77973289144167323705	    -19.28585660704258586406	     -2.54869570754999319462	     -6.50960525429505043604
      0.63761932303540791445	      3.88392243808040493747	      2.54655605649671246127	      1.96076731680279903181	      0.58690510324670863707	      1.00727880929446289571	     -0.01091595364429553267	     19.76495383036137098998	     -4.93444807989277567373	     -8.48099944816109641010	     -4.17744782378944101708	      1.54258480194966240973	      5.04562123341058477166	     -1.54831231694144877409	    -21.52276382429528567286	      3.21941451079415852377	     -4.00288598476643109336	     -6.08917958216651200587	     14.11362564089227511488	     15.18560832714295116830	      2.00849147830064911346	    -19.26453821716130931918	     -2.51388203173780100386	     -6.55478601339047362018
      0.63997871140459428041	      3.86996322025140804257	      2.53594786350726320023	      2.02516178079023356773	      0.58714188866807792699	      1.00708639484353779103	     -0.01051319539161127761	     19.87238158019169276258	     -4.92607761688504908193	     -8.53754083502760074964	     -4.61952999809141395815	      1.41541468620744170792	      5.05360953937040591200	     -1.47366712469905625227	    -21.55595832288283730804	      3.12945215768646134435	     -3.92094525752182887501	     -6.33362535895491607363	     14.16420300179589197853	     15.19690281841864276657	      2.21490888387695372685	    -19.23880343254612412807	     -2.47054526089873061068	     -6.59878519059394719193
      0.64189175132066833562	      3.85810280794614390842	      2.52101299261009481611	      2.07796406437926961530	      0.58734974192409850069	      1.00693821398191651895	     -0.01018675133965146577	     19.95660441152505626405	     -4.91325511686942473233	     -8.58814435020996747028	     -4.97705069596414517719	      1.29645984429992133791	      5.05493498007399200134	     -1.38341600759111282848	    -21.58126914874153001733	      3.04989980696578433239	     -3.85561437791870886826	     -6.53431875433353681615	     14.20474399008985066928	     15.20514065721807206444	      2.36711460945794849309	    -19.21519126772770391653	     -2.42738016049411609032	     -6.63397481282129408697
      0.64403380895854345223	      3.84380891112615330485	      2.49975959361354016508	      2.13839362829321277815	      0.58759680631126642858	      1.00678052664096862046	     -0.00982484380491959602	     20.04837102140244198267	     -4.89528036173907921125	     -8.64879290489323615532	     -5.37582903527400990384	      1.14714769073955635825	      5.05140721332502362628	     -1.23895939172080660207	    -21.60659290089293449455	      2.95614562269267500128	     -3.78146546117615844906	     -6.76302185161656854717	     14.24442401102354693876	     15.21071820339270885825	      2.53480133829244547172	    -19.18582783674997571666	     -2.37214320861419780684	     -6.67407646163917789295
      0.64611816834760726902	      3.82806348807310081739	      2.47653280652160034947	      2.19828937390054113266	      0.58784888866749318570	      1.00663439776465235553	     -0.00947859340654693371	     20.13657525335814213463	     -4.87649123463099787301	     -8.71033005363165102608	     -5.76293006799399609719	      0.99266321632122667129	      5.04674637387995428384	     -1.07210387523403172239	    -21.62648209778074104293	      2.86267579329449173287	     -3.70728473420985782383	     -6.99096449338344783087	     14.27395266752453295567	     15.21165131092558375769	      2.69658286857204787523	    -19.15384194665011818870	     -2.31311015609749759392	     -6.71383999052471569513
      0.64828141818945395070	      3.80884729861075532753	      2.45150426385305753030	      2.26073888498971831140	      0.58811947899559602337	      1.00648882004165907134	     -0.00912683236213904583	     20.22893374653208908853	     -4.85747781027846503576	     -8.77485618844469072997	     -6.16488510383915944146	      0.83130042379316304579	      5.04506328270857018481	     -0.89182857408809312894	    -21.64028891652394293033	      2.76568420791947344739	     -3.62824785480394051973	     -7.23480023685937645439	     14.29860428644471781467	     15.21032196530824620595	      2.85467064960895466896	    -19.11647972947771378927	     -2.24784030620021191282	     -6.75503101284907181423
      0.65000917760776832921	      3.79086312082413723346	      2.43188485190222047905	      2.31012335842392468876	      0.58833989904883132738	      1.00637613094072952968	     -0.00885212574323846271	     20.30450913625186615263	     -4.84369000012564399071	     -8.82535999986856900534	     -6.48683063474386667480	      0.70563067515684474440	      5.04737850594605053089	     -0.75366466723651759363	    -21.64520517857244641391	      2.68968328355407804153	     -3.56413733658808595806	     -7.43593089983627830719	     14.31776868117859002894	     15.21002043573975903712	      2.96604531384613290257	    -19.08332466436239727159	     -2.19370654050149749281	     -6.78709944605935344697
      0.65212728769674965790	      3.76784717042031047640	      2.40801255960470683704	      2.37025694859121172087	      0.58861331333035393776	      1.00624621153014959241	     -0.00852463594525643652	     20.39669869616065156492	     -4.82826674732952731972	     -8.88598914060880318289	     -6.88180016753204970570	      0.55479077338918292295	      5.05330862884526421652	     -0.57977373206094551250	    -21.64586824798341879728	      2.59784856759696003436	     -3.48461344353568325261	     -7.69066296360786072484	     14.34441849974796845402	     15.21377865273622376208	      3.07759044450142793536	    -19.04148536249959278166	     -2.12398022274342501703	     -6.82497623737461900362
      0.65417255037286936581	      3.75113420931055419061	      2.38308350485517639328	      2.42877874359682754957	      0.58887994457348580291	      1.00614035944767921116	     -0.00821913323065097054	     20.47693427031802571037	     -4.81270599905924267858	     -8.94442302878875139527	     -7.26087225715982587104	      0.40994301059114129915	      5.05915719451632472925	     -0.39645930290079406388	    -21.64812250715699093462	      2.50771948013267875766	     -3.40662037196504030589	     -7.94388819018095126978	     14.36898379169439188274	     15.22191597819674235836	      3.16512681139305263045	    -19.00721485454016601579	     -2.05018985252191487945	     -6.85965600081844151248
      0.65637763432680784614	      3.73790904887328201411	      2.35715878807037126919	      2.48964442447504552547	      0.58916766215978588761	      1.00604504378334391745	     -0.00789686164400129828	     20.55736377417187910055	     -4.79750526764402973612	     -9.00201514278053060991	     -7.66999942880211715845	      0.25720347456479486503	      5.06428774482248833522	     -0.19106149599992233723	    -21.65061295511051042695	      2.41322107764721582868	     -3.32165968647988352203	     -8.22511858836111109383	     14.38209654371303436449	     15.22915733585285025242	      3.25542811723183911354	    -18.97566836940636036957	     -1.96801013879694064457	     -6.89260129518285946659
      0.65921093150454534992	      3.71945378703376228202	      2.33268218523434978096	      2.55921005665911094340	      0.58953231314740961455	      1.00593494331361088534	     -0.00748438679931231945	     20.66648489541123367985	     -4.78684494493624779210	     -9.05823117736148297752	     -8.20499918336348166292	      0.07105526907206154152	      5.06931326164855455829	      0.07102604827264644149	    -21.64312106846598382504	      2.30602302742137288405	     -3.21186419716107218747	     -8.60198808119878322032	     14.37014833400894886495	     15.22711603473154262645	      3.38001734347467985842	    -18.93366825781380313742	     -1.86928412795274501157	     -6.92439871236147830302
      0.66072847758396757722	      3.70713378682146021958	      2.32491127377566364487	      2.59188233455916838821	      0.58972362355481877660	      1.00587816620290615433	     -0.00726242174090884710	     20.73073155958055480141	     -4.78645356274302091748	     -9.07947822861558329066	     -8.49785184548074568056	     -0.02466394202387993395	      5.07092285411309529053	      0.20641800292359574476	    -21.63173303759617738251	      2.25670862829098650693	     -3.15298801150566276874	     -8.81230451482687549003	     14.35375412820540930170	     15.22099365117228053634	      3.44690932090077062355	    -18.90852254794872067123	     -1.82151438479885308119	     -6.93597339848176819288
      0.66309842465893431562	      3.68545632718486659840	      2.31648777806466332763	      2.63756058324027797823	      0.59001775754041752009	      1.00579358488407999417	     -0.00691424393016397323	     20.83770483361161396374	     -4.78953410157957382154	     -9.10418841998051497910	     -8.96356642634003897285	     -0.16963575247819248637	      5.07046922328440086147	      0.38132099117161749602	    -21.60453934369351003397	      2.18638066495765626129	     -3.06276037761248609570	     -9.15329980156852407447	     14.32805918291811408949	     15.21106456675711271487	      3.53250947477536403341	    -18.86621225901768283961	     -1.74997820613901189368	     -6.94596141092543462037
      0.66590059179867866490	      3.66284326661334080910	      2.30746402306811626559	      2.68370563809877005212	      0.59036207970829812641	      1.00571113548461954501	     -0.00649718774494424754	     20.96573842834744993979	     -4.79340523161128206908	     -9.12383949521518111681	     -9.52509610180755572628	     -0.33622918231609066897	      5.06353120440536130786	      0.53460536898353161472	    -21.56592623489843063567	      2.10759601844623656319	     -2.96172633800703843932	     -9.57460829778531063994	     14.30786172760650742930	     15.20486199414167316490	      3.58922666584483796015	    -18.81876233476809545664	     -1.66553900268092824888	     -6.94472018451235140191
      0.66803703830210292569	      3.65306503765584222876	      2.30085166892310954978	      2.71354063682007495828	      0.59062449766193370060	      1.00566970583757342439	     -0.00617261598656125825	     21.05797941185339183789	     -4.79582189300311334534	     -9.13287269030599802022	     -9.96018942922174765897	     -0.45722583479702555431	      5.05606021377184067234	      0.61959342001846928749	    -21.53822755605481376051	      2.04952909196026267225	     -2.88932266470581877726	     -9.90738916474347774965	     14.29714611077916153192	     15.20401971232697313496	      3.60374111689353160415	    -18.79042048959557575927	     -1.60160996716734516099	     -6.93546683259646012942
      0.66995794537850328343	      3.65098227252187879088	      2.29510244558776044244	      2.73697453759821307528	      0.59086219144784546398	      1.00565022453361962995	     -0.00587480375026894121	     21.13537881415205887947	     -4.79767327378775476632	     -9.13702074707729039460	    -10.35659753330723731324	     -0.55941342956937967212	      5.05019730108646403011	      0.67932794810797114682	    -21.51621282267769075247	      1.99836336616703591496	     -2.82746467386728950189	    -10.21437450872621077735	     14.28365205035740359563	     15.20435317223035731615	      3.60719547256146588765	    -18.77198316720697235382	     -1.54503093388616830062	     -6.92226791984511446998
      0.67157191045173891819	      3.65259827896820343796	      2.29053465324497018685	      2.75432286872795817345	      0.59106430990407499149	      1.00564416555819136079	     -0.00561950734526428172	     21.19823192336237127620	     -4.79920176050626245967	     -9.13725471125982124931	    -10.69417556461081275643	     -0.63726736228497382619	      5.04774598647907435378	      0.70217224971150782320	    -21.49817317568394514637	      1.95623943367958763595	     -2.77784557939748788513	    -10.47810559631410143311	     14.26674202261533253022	     15.20455732818256144867	      3.60801451297254516248	    -18.75978109035684227024	     -1.49876298630338622431	     -6.90821766512498847135
      0.67362105557010931722	      3.65255379758715026384	      2.28675762710959329382	      2.77204694016243946564	      0.59132508805316252865	      1.00563922427345286970	     -0.00528638401330893022	     21.28327880555926654438	     -4.80266036853268385443	     -9.13107294492261978291	    -11.13044960963660479081	     -0.72137096572726522314	      5.04999888299007082537	      0.66938436625002795122	    -21.46862335890185846665	      1.90645745997357551893	     -2.71864879861200137157	    -10.82166049291730480775	     14.23713053292690489116	     15.20347051614929867469	      3.60862492674416879268	    -18.74125573919806697631	     -1.44467273548806263150	     -6.88659304744696942890
      0.67574941078975725439	      3.65077493976890732341	      2.28333621427604427367	      2.78731767631865512413	      0.59160365752728127919	      1.00563961887330943767	     -0.00493192297675772422	     21.37499228225382807977	     -4.80650838917614287027	     -9.12060376772129899337	    -11.58939438737621330233	     -0.79433800092072548438	      5.05767459404480312912	      0.57953074495984746584	    -21.43115816809080342864	      1.85627545991349940380	     -2.66134322945949453043	    -11.18821435491043914112	     14.19553332315953575460	     15.20232526091948876967	      3.61152691490762833837	    -18.71926729227309493808	     -1.39155164385489582557	     -6.86206664977000091454
      0.67781852124787411729	      3.65388832267499186202	      2.27626434558002843644	      2.80286324692797572666	      0.59188586925386643678	      1.00565758914429426163	     -0.00458383309991559993	     21.45656733623778933406	     -4.80679469169450879207	     -9.11271212307543265752	    -12.03532012986418564537	     -0.85518626986305501525	      5.06736293870535003947	      0.45772885856955008999	    -21.39590514983773061886	      1.80264928353242481762	     -2.60862649999038964665	    -11.55217953628215887818	     14.14728213955869584595	     15.20435842524455161140	      3.61247409722335133253	    -18.70252830326649018389	     -1.33689767034639861443	     -6.83972200356971349322
      0.67999639833676428502	      3.66693385854606246355	      2.26171647848820045468	      2.82236072848308072736	      0.59219863848837794862	      1.00570398082353684721	     -0.00421681139477673821	     21.52657826819756792247	     -4.80047516491875203570	     -9.10968420344835827507	    -12.50025774864247196660	     -0.91200214337954854660	      5.07555291977876876786	      0.31550625703727708249	    -21.36573938806188266426	      1.73663975010501281382	     -2.55532940943980602100	    -11.94173448357381417395	     14.09013866301555850669	     15.21048670468367802755	      3.60871860733639326924	    -18.69501998472703618859	     -1.27190918035858602231	     -6.82037457366448318652
      0.68197211444422101145	      3.68725329294923032108	      2.24284789655140359699	      2.84229303526757348664	      0.59249788563116156936	      1.00577043886873362943	     -0.00388262456897376903	     21.57599496978842879003	     -4.78915083942396702099	     -9.10916096192542568133	    -12.91807080734631085761	     -0.95582105325497568327	      5.07893155456628608846	      0.17722906003291755139	    -21.34470744016080701044	      1.66926556778579526785	     -2.50880359465960856014	    -12.30039433928607728319	     14.03430796874583919021	     15.21714566782416078183	      3.59613470322272466007	    -18.69710238474274532905	     -1.20731905287638485724	     -6.80711808567805842785
      0.68432671865297944880	      3.72041517861322690308	      2.21810649891543620882	      2.86683938671391924657	      0.59287293918281525062	      1.00587713799774958190	     -0.00348126095566836293	     21.62000111698482029965	     -4.77307206377224879645	     -9.10650571399258979000	    -13.41282915985346591015	     -0.99274173287080746952	      5.07971117337591504537	     -0.00357733911269637753	    -21.32552864992168295544	      1.58574180520547325379	     -2.45480705159649570390	    -12.73542902151790912058	     13.96083381180638305352	     15.22068586396915179648	      3.56942880117285543662	    -18.70921628049317675391	     -1.12902330389781702102	     -6.79658149599899719107
      0.68698590376965951165	      3.76598549073689214950	      2.18667597054808338086	      2.89685260550392476020	      0.59332080487248950451	      1.00602825284820696083	     -0.00302904710563671291	     21.65267074405469571730	     -4.75159581367564243237	     -9.10303592646187631487	    -13.96495174665182759099	     -1.01451700887430074083	      5.07757487280762820347	     -0.21230777098311962026	    -21.30612486693260976267	      1.48671835886724479359	     -2.39363681878619427579	    -13.24025133549094235264	     13.86564940568262471743	     15.21567850701237567534	      3.53343662830432458932	    -18.73118793799658376997	     -1.03703244633121860474	     -6.79214267876842292537
      0.68968866056073707682	      3.81595500518468133677	      2.14776852333378220905	      2.93204292288404744227	      0.59380319298918071702	      1.00620749251093322130	     -0.00257759485907903957	     21.67051772468428794127	     -4.72383385485646911661	     -9.10387218626071792471	    -14.51410251865840805863	     -1.01878206489413947189	      5.07233384167427470146	     -0.41540432405705335350	    -21.28145926787179575967	      1.37735805149606926889	     -2.33008806125501832796	    -13.77148240030181014504	     13.75359023227961863256	     15.20243868866664271877	      3.49939013813118737772	    -18.75614532640685538922	     -0.93443669358626979538	     -6.79604031441304634598
      0.69216102814232849383	      3.86097464429119918705	      2.10397106383643217598	      2.96936805871634046383	      0.59426868754181627619	      1.00638809013164332029	     -0.00217622467487371251	     21.67573491265790153193	     -4.69152474046524936568	     -9.11102191393475813186	    -15.00173340302348456987	     -1.01158474164364808878	      5.06472535926799505290	     -0.58373270263365761856	    -21.24926376345061029838	      1.26729733152102119753	     -2.27113550657534402077	    -14.27468845698044574988	     13.63502788154575817714	     15.18768389386390005313	      3.47489225010039382013	    -18.77646997206466750185	     -0.82913482274460892363	     -6.80647958566350119725
      0.69496673145255627446	      3.91769460018297976944	      2.04276158070995661475	      3.02170571502099072347	      0.59482363215614308949	      1.00662236763308077236	     -0.00174246375868670057	     21.65749118057359012823	     -4.64574367246447206270	     -9.13228763919097552559	    -15.52919166601608402800	     -0.99648985579077631325	      5.05339882136894402720	     -0.74730869038533187521	    -21.20718880375291703899	      1.12666001272514826326	     -2.20135498799478623866	    -14.86635161240532276850	     13.48365020436787631297	     15.17477566244971853848	      3.44795593508599829136	    -18.80357059370098227191	     -0.69178811558527919523	     -6.82791761405968156140
      0.69770806918409988828	      3.97655722999797500705	      1.97602516807736283688	      3.08056144153132649421	      0.59538732148190998128	      1.00687479619329134373	     -0.00133978889587464700	     21.61845830855568806328	     -4.59596969287545764615	     -9.16197028795466295037	    -16.01779701583966186718	     -0.97702174038772904296	      5.04204657931460964448	     -0.87899931799517783126	    -21.15550858567473468952	      0.97932742329103783518	     -2.13076482065814376554	    -15.46964016067706815249	     13.32289608656464885428	     15.16658353421484939361	      3.41742313554286525346	    -18.83174261041259001104	     -0.54510295639855677052	     -6.85550424315489514981
      0.70001391857260297780	      4.02370236277852022511	      1.91927214674689095020	      3.13159238719261923123	      0.59587238359854732828	      1.00709430131381361129	     -0.00101285962889062519	     21.57748446316643509135	     -4.55388305441283502972	     -9.18737319385207307221	    -16.41111491863819438208	     -0.95924718065676217726	      5.03390635308343092902	     -0.96875491761052689998	    -21.09690766079264889754	      0.85467503930898669484	     -2.07215051416309803400	    -15.99944535531957612307	     13.18088922784942518263	     15.16190269506892640550	      3.38477018209228841528	    -18.85139059569516462034	     -0.41862179096902296660	     -6.87919339337151214409
      0.70232551105214968690	      4.06830666637081606041	      1.86296573882584426407	      3.18187832899916811513	      0.59636446201923176691	      1.00731839631330366558	     -0.00069299694834114257	     21.53046702167521075921	     -4.51182346161836633769	     -9.21112083529033931484	    -16.78942056473433197539	     -0.94290959798322415697	      5.02749332522191583195	     -1.05053773464074629018	    -21.02282710368967499903	      0.73092924342548648564	     -2.01698874529719862636	    -16.55201280254830820127	     13.03246500273181496254	     15.15972362122313299437	      3.34585564646365973829	    -18.86700849797302126376	     -0.29081657621553352877	     -6.90014467468081704737
      0.70497751427443455796	      4.11562727860175492367	      1.79838766921161141710	      3.23657263319655807976	      0.59692971148788742664	      1.00757784570531594426	     -0.00032810888582439330	     21.47128602405257424834	     -4.46187332622381482850	     -9.23516875220359345633	    -17.20470075889093664046	     -0.92842295360610360699	      5.02127804964383184227	     -1.14633699272088929177	    -20.91674203902464057592	      0.58995028809070426679	     -1.96169375832405212812	    -17.21426060660495593879	     12.85373296789684438579	     15.16041897324590337348	      3.29686096428385244650	    -18.87941941503938281244	     -0.14352843623283370600	     -6.91775657513487729489
      0.70769306598205572456	      4.15665551873980199105	      1.73570956011128485486	      3.28799822706561206687	      0.59750032335948011220	      1.00783899308578628329	      0.00005153898682678481	     21.41089521835561981788	     -4.41197368309741655423	     -9.25499939784116243402	    -17.61280601594603112403	     -0.91580556310508220985	      5.01884963182673704551	     -1.24577202625897531796	    -20.77900459721655934686	      0.45061828675116893939	     -1.91409638833028084015	    -17.92723902802134006151	     12.65773484227134382252	     15.16025218275551367242	      3.24868954417553545966	    -18.88299849099463045832	      0.00240291263108209988	     -6.92829024848206742604
      0.71002626375331923114	      4.18858774720190396579	      1.68555630065651596006	      3.32977001160289498571	      0.59797778378275112665	      1.00806295686063163153	      0.00038597608029867559	     21.35656721492596332723	     -4.37123649594116514550	     -9.27074431267790366462	    -17.94977308504144275503	     -0.90360556969203353894	      5.02166421783244398824	     -1.32962845061232015631	    -20.63862143658462144913	      0.33495179547692383037	     -1.87945111736517267431	    -18.56942377539629873695	     12.47634103444938880045	     15.15824238052229766538	      3.21292520861864838722	    -18.88203870424375807602	      0.12243855366900503745	     -6.93266951678964549188
      0.71217004262671390613	      4.21672104136837688770	      1.64166073673919310494	      3.36721702154749902292	      0.59840261844253128665	      1.00826990032706809153	      0.00070186084530073924	     21.30317170027162276824	     -4.33481050891735986141	     -9.28618163586536660148	    -18.24829984109786451540	     -0.88892173215223757587	      5.02770472820883984610	     -1.40470528185537935073	    -20.49255052408379640383	      0.23038592500155385956	     -1.85240918634344686744	    -19.18426892900037472600	     12.30077980508667323534	     15.15590982090750138411	      3.17320340994092697784	    -18.87960063776598573781	      0.22908774944871657109	     -6.93355688168199346677
      0.71464541432661221609	      4.23959727038282530032	      1.59572119547315649513	      3.40622499127558198140	      0.59887467913562830724	      1.00849531516256907260	      0.00108244116672773704	     21.24960233375297491420	     -4.29571818083743117711	     -9.30081343458448905892	    -18.58612517485470405632	     -0.86224078626240230339	      5.03916145911695334547	     -1.49056593601753895051	    -20.29418287506069162873	      0.11569356266215058415	     -1.82819905835626550505	    -19.92571872667370413978	     12.09106803631571125379	     15.15048786226537380628	      3.10538713771127339314	    -18.86606162281660914459	      0.34342934897278037942	     -6.92927139987664464371
      0.71711068652246434674	      4.25345828839593931292	      1.55702773762264135016	      3.43878782203796129480	      0.59932409501024741516	      1.00870694753819001299	      0.00148300376678351482	     21.20477404113968233901	     -4.26136552811148661135	     -9.30975099956956952951	    -18.91805700344477259023	     -0.82168829816880706307	      5.05512900385322438979	     -1.57350442135023427248	    -20.06686617092292479470	      0.01031572022579059500	     -1.81264599840956464050	    -20.69700936348421649313	     11.87270808421393120113	     15.14111355674022796336	      3.02194111626042261065	    -18.84341154402772744447	      0.44434016927471070568	     -6.91951579577561126655
      0.71963333594419798267	      4.26593525854893051985	      1.52234468078578122352	      3.46691536241844699973	      0.59976341244458342139	      1.00892260658989929567	      0.00191606167693052416	     21.15829459499577325232	     -4.22819922159242977955	     -9.31569053497030630240	    -19.25104241379008485069	     -0.76772635435739711163	      5.07176154288002845050	     -1.65175873644230453152	    -19.81269293780422913187	     -0.09245849275317169491	     -1.80657414376818592494	    -21.51760867192345116905	     11.63860513913801320030	     15.13048997641461745900	      2.92726515111650531509	    -18.81966553334907743533	      0.53679415126778340372	     -6.90566279102679558832
      0.72143752711744857375	      4.27625217604941187943	      1.49860743600738777204	      3.48454884021990940468	      0.60006570152814209251	      1.00908031553011512393	      0.00224031573898803883	     21.12153124497424983019	     -4.20356369080549896466	     -9.31917447946274535298	    -19.48418266256007669313	     -0.72532754873555871367	      5.07958050525405635511	     -1.69257926964781990620	    -19.62073744645205763959	     -0.16565862489711641325	     -1.80891986560648154736	    -22.12265322017824686895	     11.46402404217202786185	     15.12396025914018693470	      2.85687788774237105827	    -18.80517260693119396819	      0.59836842329093131720	     -6.89415348371656389048
      0.72379962502454531226	      4.28920023228020586004	      1.47164004589797281497	      3.50261414975496565560	      0.60044792288583814788	      1.00928723304541345662	      0.00268513116244865511	     21.07266754452457391267	     -4.17268150372023871597	     -9.31986596024418822992	    -19.78533741353836461485	     -0.66731637453896730516	      5.08399156084308678771	     -1.70262763086440527260	    -19.35503968986581568856	     -0.25748353633535964180	     -1.82102017780636038502	    -22.93640834230155078899	     11.22482054122973771371	     15.11523369701238550533	      2.75988161615802773952	    -18.78702613395623544079	      0.66940378253536636510	     -6.87715775813406704486
      0.72609761828803165429	      4.30148012899773579676	      1.44932436639159756275	      3.51543970353906276571	      0.60080911560918459635	      1.00949014072426646038	      0.00313664556720726464	     21.02314404893440169531	     -4.14400723431399509167	     -9.31796672458397878813	    -20.07312847304956449079	     -0.60731629251764385202	      5.08320565753533237796	     -1.67211719029744898535	    -19.08239457151944762359	     -0.34347043018233813783	     -1.84292984659940795034	    -23.74925223164298415668	     10.97596581708717700110	     15.10649279460559490929	      2.66850410701710982764	    -18.77040692983451108944	      0.72938045033146048368	     -6.86003053381595861993
      0.72840224117402463389	      4.31549696957550388277	      1.42613231248254646033	      3.52660362374082225756	      0.60116666021798303987	      1.00969954887463764237	      0.00360095961996003853	     20.96679067559457365633	     -4.11276148503174621140	     -9.31897600883255883275	    -20.35309810583044765053	     -0.54194981193559543797	      5.07929128687786501928	     -1.61556537022771418144	    -18.79832319857199252056	     -0.43278504068721529441	     -1.87503679227265807050	    -24.58271554525233781874	     10.71025958170775815859	     15.10043216434747748167	      2.58072088402407473495	    -18.75634601626826380993	      0.78739780894405098088	     -6.84455819390259101453
      0.73014128061464145247	      4.32685497429705900885	      1.40558025998873969975	      3.53500506083345911179	      0.60143683117385848824	      1.00986143205624290253	      0.00395555262124375976	     20.91922374413886132061	     -4.08537251175730542485	     -9.32371050288887559532	    -20.55738338195901704353	     -0.48800808626683001012	      5.07504296945048860579	     -1.56520427025702790758	    -18.57733888980913050659	     -0.50533058814820841498	     -1.90617150363220333453	    -25.22196265110085278138	     10.49779790188452821553	     15.09826732788009806541	      2.51896789591558611932	    -18.74663956480376469926	      0.83328256047390725225	     -6.83478999432552214444
      0.73240858756479676472	      4.34150662852445368145	      1.37352940254998845404	      3.54663483101406429299	      0.60179270736284939947	      1.01007610224849364577	      0.00442021757491129104	     20.85134401271954018853	     -4.04377828956911411495	     -9.33589846674983370178	    -20.81408208231601264515	     -0.41219036568774908291	      5.06883592619511791355	     -1.47218774283845643680	    -18.28046155603547973101	     -0.60815935551193245345	     -1.95553371063985759193	    -26.06623621960510206463	     10.20483355783508194747	     15.09784310960921338562	      2.44254143762879794011	    -18.73349658573111042870	      0.89788127424930164189	     -6.82528361363679181295
      0.73468058652774126394	      4.35834684803127281327	      1.33437010288604707142	      3.56188920909787398728	      0.60215444449464616827	      1.01030006801892113799	      0.00488285309477885527	     20.77240053241550299390	     -3.99513967090269117577	     -9.35798070380488056230	    -21.05770909611023711250	     -0.33164073383312109300	      5.06255812201386579119	     -1.34073429241438590864	    -17.97618227396613121982	     -0.72289072375117546798	     -2.01305559018322233200	    -26.92193476356018777551	      9.89214254884701560400	     15.10006976889779473083	      2.36952916632153032239	    -18.72219780752144302483	      0.97067477078588537687	     -6.82164963035221472154
      0.73675812459255041187	      4.37611308057517511827	      1.29211187358234624867	      3.57990428422611861592	      0.60249029517112639986	      1.01051396507948787473	      0.00530043865144508384	     20.68931487906284871769	     -3.94452138025453669101	     -9.38741363404133544179	    -21.26711229933260582925	     -0.25538536948955947725	      5.05725315583986922974	     -1.19745137070878837626	    -17.69318237123218295892	     -0.83873069773777952918	     -2.07221740816622501669	    -27.71061740361984959691	      9.58873824935945151537	     15.10455416330196420915	      2.30551812325585769869	    -18.71385466165146738149	      1.04534268320404666319	     -6.82381514557009172250
      0.73917823907080426604	      4.39737105255363491807	      1.23689428488012720386	      3.60453505363846593568	      0.60288775560904594997	      1.01077068675603709558	      0.00578017056224345779	     20.58228609024678235073	     -3.87971838817337477678	     -9.43018816718901042861	    -21.49531416217632084908	     -0.16457296393198556084	      5.05300737959803569765	     -1.01579112805494142791	    -17.35634192360357275220	     -0.98433747950865768672	     -2.14946101797318744886	    -28.63398502346398188934	      9.21348597223891907504	     15.11148852060002312214	      2.23312610032498737311	    -18.70390266081431818179	      1.14007015586041737798	     -6.83169675556685973561
      0.74100008363701086456	      4.41187980655738165581	      1.19276932175203231878	      3.62453659295851560174	      0.60319101541202679861	      1.01096640540370064087	      0.00613697782312707350	     20.49703085831250248816	     -3.82829380828015120031	     -9.46623210806903792047	    -21.65660525939656366745	     -0.09600132482513061560	      5.05180411652527716626	     -0.87098641729930192934	    -17.09613962782174212407	     -1.09916505388703455992	     -2.21378085182626271887	    -29.33097773422920084840	      8.91410585048670434105	     15.11628783271583742476	      2.18180322878324339797	    -18.69417730892569196044	      1.21482099772777951685	     -6.84048990911098364620
      0.74313286083478735655	      4.42827537187054254275	      1.13786231021121997387	      3.65057249826182328434	      0.60354875886279724106	      1.01119940446315137450	      0.00654858388597445631	     20.39063486375831146802	     -3.76484271012479965179	     -9.51316485925103982879	    -21.83300052557330062086	     -0.01930759352053518230	      5.05203775872174443151	     -0.66340125407646455269	    -16.78459215128316017740	     -1.24035092572140293044	     -2.29528893577947457061	    -30.15071760932334399286	      8.54806288509608513948	     15.12233842056380339613	      2.12587150613225173146	    -18.68154871726799370890	      1.30702546175312073196	     -6.85387259835002282671
      0.74522359629397594283	      4.44421056909721912120	      1.08041289638606285983	      3.67764544146516847434	      0.60389990805528159790	      1.01143091468928236765	      0.00694847825652623787	     20.27973017703469693629	     -3.69830978476368077423	     -9.56201265464433980412	    -21.99362579978169307537	      0.05407465670679027087	      5.05421232945439591333	     -0.42946195773065815038	    -16.47230845082676253810	     -1.38605976131298413989	     -2.38330669305413822556	    -30.95816267876392302583	      8.17448269814646799603	     15.12980824582110273013	      2.07363871536307664556	    -18.66848960558956704858	      1.40209104777276882814	     -6.86754189474664844539
      0.74734427370873623975	      4.45803829571594611991	      1.02071488423498513143	      3.70326771625741368865	      0.60425294142208152426	      1.01166308090490342231	      0.00735619472148246484	     20.16521231844363981622	     -3.62769364560706053524	     -9.60924413227233387147	    -22.14729524986274356024	      0.13287340916863479845	      5.06085052814740610216	     -0.18086069999090320648	    -16.14619982763191430308	     -1.53782488942959405520	     -2.48305864424132627377	    -31.78099007596165037626	      7.78101653279800409280	     15.13755033061974053510	      2.02209933902065852607	    -18.65248181483802270009	      1.49941889059183308675	     -6.87779235310746273058
      0.74952190130851814587	      4.46829379088273181964	      0.95979817992548877026	      3.72571666946784896268	      0.60460837343802042998	      1.01189429257779051063	      0.00778052109433744789	     20.04879170070369198697	     -3.55330007786778612200	     -9.65207558237819185365	    -22.29767291934758333127	      0.22444417279734413251	      5.07420127116500818687	      0.06620627725276485853	    -15.79971398097950796569	     -1.69521501982528177699	     -2.59724692652118571701	    -32.62961176466524193529	      7.36017299641251909748	     15.14333951252761778505	      1.97272485486850412961	    -18.63187180078033833297	      1.59738504168649253501	     -6.88174893940008836069
      0.75107114696088017602	      4.47294867452826583332	      0.91670261788851381546	      3.74001683475605384288	      0.60485477653667907294	      1.01205314700929038807	      0.00808521569412970660	     19.96711386248508190988	     -3.49946169494158354496	     -9.67957633321286792238	    -22.40018618895337354502	      0.29750577096427693879	      5.08753691401697061281	      0.23396989082239783020	    -15.54517838979298716140	     -1.80835434725528410027	     -2.68474442270981672465	    -33.23637469288728851780	      7.05020941676188073188	     15.14525131775525146338	      1.93630047909904656755	    -18.61452614472055344663	      1.66598452029784960260	     -6.88046802014126335223
      0.75296281708202472682	      4.47485971071718946490	      0.86331456405292783529	      3.75667913611719805900	      0.60514609357636339748	      1.01223845992701289020	      0.00845948495929702352	     19.86983019285725404757	     -3.43199270376981857567	     -9.71098877551114725293	    -22.52050908650507210496	      0.39361671527168395901	      5.10645679158940701825	      0.45000175413345294695	    -15.22304367526339952121	     -1.94930503018102485591	     -2.79762960741147237442	    -33.98395224128593383739	      6.66555286659035939323	     15.14606210245458761676	      1.86667619002126894401	    -18.58951182451724548628	      1.74979135302659294382	     -6.87436980906405192826
      0.75512423868608391508	      4.47292945787166118521	      0.80133666990074492453	      3.77320048719631495615	      0.60546484992236260236	      1.01243902868583335319	      0.00889357620831486909	     19.76173074732572487733	     -3.35197612790340881972	     -9.74260484988378649973	    -22.65201730948260916421	      0.51163644232910265863	      5.12899060494786951381	      0.70586386733074546473	    -14.84130738226261314594	     -2.11398737528160873822	     -2.93567499204558535197	    -34.84561568714988055717	      6.21985788831768182661	     15.14615880457742846943	      1.75623984962908963325	    -18.55708827579069719604	      1.84483098247472532272	     -6.85923311244646161100
      0.75716624731144688276	      4.46922888514872163057	      0.74239119459550251268	      3.78508329526243780805	      0.60575111698608230526	      1.01262014348991979951	      0.00931342558056677365	     19.66075283101826443044	     -3.27347358510521990738	     -9.76739362773213848357	    -22.77032954710418266586	      0.62952460428406764592	      5.14911071227368033476	      0.94875190428301081624	    -14.47047815999921915875	     -2.27259191098652957308	     -3.07549321612155068806	    -35.66443079936081517189	      5.79211218044636133584	     15.14554322691767751508	      1.63138448100339972235	    -18.52540332698153591195	      1.93263112750780474691	     -6.83521035240095109486
      0.75921872368418796828	      4.46572815176025539330	      0.68284499769762030397	      3.79313639028955895682	      0.60602345419299874507	      1.01279658118925608434	      0.00974674361216409241	     19.55827564623188763449	     -3.19158194538052075728	     -9.78786234650891451281	    -22.88289951547925227260	      0.75164547758523325705	      5.16634421162084578327	      1.18778196878401831604	    -14.09063169973821771919	     -2.43515677983569789333	     -3.22482051334714192592	    -36.48969225627302392923	      5.35131951204877776007	     15.14306578669989988839	      1.50130477638058157375	    -18.49501995825777100890	      2.01850839726116504380	     -6.80072999453986248852
      0.76054556279842977506	      4.46418695385236130591	      0.64397214552709369784	      3.79661114971068824886	      0.60619093645900712364	      1.01290831646941881239	      0.01003294901914174655	     19.49082193454625411277	     -3.13691270296954938246	     -9.79954053901785826497	    -22.95199227923481188895	      0.83090746337867138482	      5.17510881153102619834	      1.33865337373422788048	    -13.84201834758603055775	     -2.54235249225893067404	     -3.32543256527228825448	    -37.02361715429267263744	      5.05757497216310181187	     15.13966716111355026442	      1.42091386831828558890	    -18.47686898471397043409	      2.07298315567928925773	     -6.77295442039594064454
      0.76266624885611888907	      4.46268345840380664669	      0.58134091090329631513	      3.79911091354000030051	      0.60644421555309702132	      1.01308213222866849712	      0.01050105234234112103	     19.38158750730645607518	     -3.04690061751611906971	     -9.81613977413426219698	    -23.05642941854032201832	      0.95388410896805009287	      5.18461319567887368720	      1.59721306583384325961	    -13.43932037730107431628	     -2.71699713107615092866	     -3.49249798324678728534	    -37.87822628680036984861	      4.57856990960171028604	     15.13262982198754080798	      1.25246828028644174857	    -18.45011553983649221777	      2.15795911018614461341	     -6.71929302707203213174
      0.76510056413400739928	      4.46337696998890187672	      0.50865983518987545331	      3.79696074232344038535	      0.60671502253915976510	      1.01327557256767897265	      0.01105513705641914847	     19.25290181973173986307	     -2.93953835225702730938	     -9.83299734667315661341	    -23.16667786204422441187	      1.08753572086869954028	      5.18961905674434476055	      1.91818925178127641651	    -12.97123024275415303919	     -2.92270859991044895665	     -3.69328308213143463590	    -38.85866986736256478707	      4.02405797753319927068	     15.12890846666718402957	      0.99025731085388091213	    -18.42381212290432301870	      2.25216815783822577046	     -6.64384406521474968343
      0.76731128218506294836	      4.46798841976199501147	      0.43908825661928646555	      3.79446023895724682262	      0.60694526349447486258	      1.01344834423203589147	      0.01156779821595004150	     19.12951344230659600498	     -2.83665695491226266256	     -9.85227894637723444760	    -23.25569850695659823714	      1.20209226179748118746	      5.19078602262528487898	      2.21966105702718197179	    -12.54285108063155362856	     -3.11872906734482890911	     -3.87992514373838970343	    -39.74703004581811427443	      3.52457289172555254808	     15.13504409846850506938	      0.70016873964165604605	    -18.40541223950432225820	      2.33902511201702845156	     -6.56665423347537657861
      0.76936991581141356278	      4.47628228324533061766	      0.36858117408128604486	      3.79578895303668639727	      0.60714863223711512674	      1.01360771151932405054	      0.01204685666889127212	     19.00709942327717527633	     -2.73482598677075916527	     -9.87895463666384188173	    -23.32759738264980597933	      1.30373963891748889665	      5.19119140088437269753	      2.49815740952183285017	    -12.14156027793015546479	     -3.31290590354108172022	     -4.05310246208003821522	    -40.57150633943368944756	      3.06069658728230153955	     15.14721840277246478479	      0.41052139112688318390	    -18.39307054982345235317	      2.42523185234728666515	     -6.49157202182848980243
      0.77102046052671013854	      4.48515704084868094270	      0.30719023667173533942	      3.80116109618345943133	      0.60730507177033676847	      1.01373342036965574664	      0.01242908911090323185	     18.90405420455758545017	     -2.64872646806100719985	     -9.90835179673612920226	    -23.37753888864371276668	      1.38200894711338162502	      5.19227828769190313807	      2.71799686473700541356	    -11.81724692916544050547	     -3.47775585148523047607	     -4.18923496455807864436	    -41.23041682721387957145	      2.68380119457137533701	     15.15698542891545841371	      0.17612866980989372312	    -18.38562025441120795222	      2.49952345950172682976	     -6.43123684632647218962
      0.77317994131793854606	      4.49819899158725888810	      0.22087131855598626795	      3.81435586374060608961	      0.60750106386393665225	      1.01389187649946843628	      0.01292499796696552732	     18.76497123929860322278	     -2.53099180868916118214	     -9.95724100189876004663	    -23.43405980879997940747	      1.47998839132527337803	      5.19617357109021504868	      3.01706298127402217091	    -11.38720510845426048263	     -3.70473184227697371895	     -4.36221004158923264526	    -42.09134063473825904111	      2.18701154298607391979	     15.16562462648359144168	     -0.17832637921465002706	    -18.37727494597061195236	      2.60318810993468474635	     -6.35359823434723214319
      0.77533942210916695359	      4.51177782220389822498	      0.12843393282466111782	      3.83204932093403272120	      0.60768950268115295987	      1.01404087061755587840	      0.01341812055705095090	     18.62321172081844622426	     -2.40739524821451489345	    -10.01406104377963757202	    -23.48241694860790218513	      1.57435898766787718550	      5.20307250457461289983	      3.32327722267990210980	    -10.95103792459940450499	     -3.94293164179554089799	     -4.53140364013698349055	    -42.94853861979941456184	      1.69061853833646114076	     15.17092755603567866274	     -0.57769598543753442055	    -18.36894502056593836414	      2.71287447647256207972	     -6.27635001112077617336
      0.77749890290039536112	      4.52675040511876325411	      0.03018578544865498786	      3.85181101924632152134	      0.60787367027403649278	      1.01418111884306005877	      0.01391035286784970959	     18.47820015173423158217	     -2.27720144473486785230	    -10.07496452778735829270	    -23.52327902719080299221	      1.66696758391473887073	      5.21251738319547186506	      3.62757928505772797578	    -10.51171653735629440973	     -4.19149128775568868832	     -4.69950979946547864330	    -43.79861813577542761777	      1.19895177874206582125	     15.17487520969146252980	     -1.00466862632561682034	    -18.36114344307032908432	      2.82785108879420299388	     -6.19844181275477978943
      0.77956910675074331252	      4.54473173735469426759	     -0.06874751150036276237	      3.87030049392885500126	      0.60804923828768009386	      1.01431088334486840807	      0.01438326832272198916	     18.33369003609987757386	     -2.14583370063547418383	    -10.13370894774806529881	    -23.55552644639494275225	      1.75487398934992411270	      5.22289665592554186446	      3.91106803666841473799	    -10.09217043195685192813	     -4.43827522165682175626	     -4.86223193275494924848	    -44.60313110303074068952	      0.72972683623649103879	     15.17619813708486731230	     -1.41711837790580719165	    -18.35646979068803119617	      2.94196248231922874439	     -6.12206146563312625375
      0.78075023053982983701	      4.55726232013860776959	     -0.12694496688415041197	      3.87977327991475240410	      0.60814989162670707312	      1.01438389971078257723	      0.01465413379346657344	     18.24816609304730263830	     -2.06799248045401595775	    -10.16618146562137781075	    -23.57100487082253081894	      1.80454607045315418290	      5.22877049515354563880	      4.06895326385503430799	     -9.85484734891557856429	     -4.58223589606593506574	     -4.95658223408106479724	    -45.05660940391250335324	      0.46111185746339367064	     15.17471337809710618671	     -1.64660113429380139394	    -18.35571796477504236123	      3.00830188082401672744	     -6.07734099748101286309
      0.78268020673614513427	      4.57952572646159250525	     -0.22477162608005032962	      3.89338267174496177603	      0.60831537057849505157	      1.01449778122798006663	      0.01509794037073334573	     18.10586598691536508454	     -1.93632529577947054555	    -10.21688347152162990028	    -23.59249160475032880413	      1.88437251883543099851	      5.23692420443840589428	      4.33109208884614460544	     -9.46803649337330099911	     -4.82213351544655211001	     -5.11276197332556137098	    -45.79210662636884876520	      0.04623154708021533221	     15.17567781766703838287	     -2.05749679274731800405	    -18.35535031782391257593	      3.11855975788712624919	     -6.00289188324131561814
      0.78460917367932392352	      4.60252817116391543806	     -0.32541361057498824350	      3.90336821538144107535	      0.60848329410837109776	      1.01460217652159268020	      0.01554421601148891184	     17.96246515712894264993	     -1.79935198276033392339	    -10.26251984176817977357	    -23.61020559474567548364	      1.96325817165086280447	      5.24226291196692173457	      4.59540790226323991874	     -9.08179467415165753152	     -5.06667954258631247910	     -5.27225036170097371979	    -46.51977375751044263552	     -0.33659422256510668214	     15.18105245140905878998	     -2.51008351818067643180	    -18.35426043542081941951	      3.23015409535878772473	     -5.92630572953481404852
      0.78653814062250271277	      4.62637613004790626547	     -0.42835385769428502289	      3.90831486050095522344	      0.60865550398231316187	      1.01469749772922779307	      0.01599449732484082773	     17.81787196697985464766	     -1.65708681518896505658	    -10.30102683533006491245	    -23.62467562320272662646	      2.04302681463572755050	      5.24475680959694035010	      4.85626671887688132756	     -8.69699515933761979625	     -5.31506823803947892060	     -5.43640648198440512573	    -47.23783672145952294841	     -0.70420485709221658510	     15.18457369265544265602	     -2.97057923363494058577	    -18.35242525807734281784	      3.34227899282848284201	     -5.84691563519724866183
      0.78872860011524081880	      4.65572542478615591932	     -0.54765695055796659307	      3.90641388370894437898	      0.60885862836443049861	      1.01479713490135914356	      0.01651172958541421987	     17.65063657433589483503	     -1.48896937946555807386	    -10.33436549497063872138	    -23.63722454737895262156	      2.13746387526672387835	      5.24513242949661151471	      5.14009469598705770466	     -8.26441806619316743365	     -5.60116267396576716919	     -5.62969251164842443558	    -48.03873422093059275539	     -1.12185859339042592886	     15.17984372345232380042	     -3.46618567459185378254	    -18.35065642992536183442	      3.46973179564713962719	     -5.75270586250567017572
      0.79051082283367768433	      4.68243747575801450012	     -0.64643150799892556968	      3.89802497229991784522	      0.60903162151539258495	      1.01487346860831584294	      0.01693773043084546501	     17.51078389023715331518	     -1.34689736676612858979	    -10.35243286006934937404	    -23.64425608095559994126	      2.21847270883592484481	      5.24403777892921141301	      5.35701522702057975067	     -7.91806249468629008703	     -5.83674130907895349907	     -5.79293741928047190015	    -48.67689326192120091719	     -1.47180881948301189865	     15.16636805790138708971	     -3.82847048992954386293	    -18.35051055719500823216	      3.57331317437805484616	     -5.67239734941037543337
      0.79242178874360347240	      4.71482508558990165426	     -0.75481234033851585252	      3.88336774874824230963	      0.60922586599816519470	      1.01495218816514465310	      0.01739749544077202545	     17.35533555742298617020	     -1.18880295038687622267	    -10.36441360887437213023	    -23.64769158001400128910	      2.30964145308878032736	      5.24177604671286001548	      5.57867278296933744031	     -7.55321791207514348088	     -6.09312553608303009156	     -5.97225395031243255772	    -49.34796272192451027649	     -1.85638212663762813825	     15.14319649427793379459	     -4.18732818745403179150	    -18.35243881379799546494	      3.68561306896814011580	     -5.58370501808726871218
      0.79450055860420709664	      4.75508064320185486196	     -0.87651324155045584607	      3.86530507221512653615	      0.60944757991202302971	      1.01503519694313126820	      0.01789471955474170040	     17.17775255396613687253	     -1.01050070271249858855	    -10.37423712360013539069	    -23.64475268836947918771	      2.41208156834081899333	      5.23777693246231379476	      5.80899626639302457676	     -7.16353285206504075688	     -6.37781674681160026807	     -6.16643543611642463986	    -50.06396263149259340253	     -2.27376012676881966712	     15.11405874595633846980	     -4.55678024467053610636	    -18.35733283284024253135	      3.81146346194726781675	     -5.48839776015389890773
      0.79640841211395196897	      4.79557090904591376557	     -0.99055534092480623798	      3.84882471197730113843	      0.60966012475650044333	      1.01510716397963873803	      0.01834539411292364017	     17.00791590116001117394	     -0.84314028096378279553	    -10.38280415615085061631	    -23.63582840544560070839	      2.50683615920003521893	      5.23249026492349411654	      6.01201791978251254278	     -6.81086022743158370218	     -6.64274647036306475911	     -6.33974961680694715227	    -50.70898741948494858889	     -2.64271122870942765104	     15.08989215068088896032	     -4.88669881799702299219	    -18.36314506398284507327	      3.92946869347891292179	     -5.40440569097390977049
      0.79821057711069831608	      4.83511855822267833105	     -1.09866847446178317327	      3.83367188673186820580	      0.60986831218206982719	      1.01516840436433186667	      0.01876549528886219814	     16.84377439868721282323	     -0.68397259710585744941	    -10.39089304023048043746	    -23.62258959624839249614	      2.59510969093706744815	      5.22595980379125002457	      6.19803203824323922788	     -6.48008331069037790684	     -6.89367783883771423348	     -6.49711019603416595203	    -51.30779597068808328686	     -2.97013587676809009963	     15.07265517407241972592	     -5.19632057283326442843	    -18.36782862281492967327	      4.04115761979824483774	     -5.32900260598367747633
      0.79999401449477358650	      4.87390614013408196570	     -1.20470789365507968682	      3.81897689672675966222	      0.61008098987671177671	      1.01521997635332938970	      0.01917591555252659910	     16.67987864960369037703	     -0.52703730678688898159	    -10.39874245014122600139	    -23.60537274062849988354	      2.67874586744465226218	      5.21723820903977575369	      6.37928547753516372865	     -6.15330301244295263530	     -7.14060892978692240973	     -6.64575915445252451974	    -51.89031209333025174146	     -3.27014408631501307667	     15.06173811371526838343	     -5.50160873008945294771	    -18.36997603168604697998	      4.15022926820344828513	     -5.25846319353706714850
      0.80151585636694056003	      4.90603828574912448346	     -1.29376594260677513226	      3.80676785431632547230	      0.61026755908342311674	      1.01525588969294178199	      0.01952181035028664746	     16.53973778896772017788	     -0.39443053611447870255	    -10.40538331414842332379	    -23.58747981777336732989	      2.74544848497452198544	      5.20764475148205097099	      6.53710038340009447211	     -5.87425900375737342074	     -7.34917464246795670846	     -6.76655030947442348577	    -52.37892469202090239833	     -3.50639654586794113911	     15.05671833466197284679	     -5.76945178880526299281	    -18.36909893651929337466	      4.24133987250789079582	     -5.20171319909722384978
      0.80335185456303337403	      4.94391130457036176438	     -1.39901456211594799051	      3.79359660802440190608	      0.61049814033578408967	      1.01529005481754319717	      0.01993221709019586674	     16.36988681566411329982	     -0.23689467422859891710	    -10.41459280978379631222	    -23.56159201859432883452	      2.81859291911131348840	      5.19340280998364889342	      6.73766206132901324111	     -5.53750383424862135939	     -7.59752156337698281163	     -6.90346708417317955764	    -52.95749644753011153853	     -3.76553471786677684818	     15.05555129006630821209	     -6.11374487641605579569	    -18.36511592696343697639	      4.34864909850561520699	     -5.13819935443558772903
      0.80513330685368877937	      4.98150881855258109709	     -1.49903180214925302316	      3.78351002690268156670	      0.61072659407931462194	      1.01531690772355309704	      0.02032169781903488473	     16.20201988383531599425	     -0.08657333229382840889	    -10.42620405536047556438	    -23.53083141448486159675	      2.88042277903241883408	      5.17652339809697981110	      6.94257322343289118294	     -5.21236163412204067669	     -7.83523949052954193917	     -7.02611291414716987447	    -53.50709536408618305359	     -3.98920210727692081676	     15.05940609793163176278	     -6.46491194290362525265	    -18.36034488152288801643	      4.45064826991568196490	     -5.08176057284150317628
      0.80676495031481798570	      5.01808218324283838996	     -1.58910781006362578083	      3.77750320665249672558	      0.61093893764628437459	      1.01533863431161686108	      0.02066950998928763703	     16.04385257744327830665	      0.04906887509987091500	    -10.44037471350775625467	    -23.49680427483762201746	      2.92905954647508526278	      5.15866497209093299858	      7.13686227619134871958	     -4.91712794178940360013	     -8.05044474304186863378	     -7.12895204549178984621	    -54.00024282120233465321	     -4.17201641932162292647	     15.06589166995643402913	     -6.79278212265758707389	    -18.35689278619333819620	      4.54290366960952063380	     -5.03445085833837246980
      0.80835588621794529640	      5.05639227234723698245	     -1.67562744757794579442	      3.77529936708871094453	      0.61114801908974436540	      1.01535853559028121929	      0.02099934603605744035	     15.88473469603350096691	      0.17941457578151623342	    -10.45826492486900072265	    -23.45770252016375323478	      2.96974457830853255658	      5.13936747453201459024	      7.32950393316794279741	     -4.63204680191352213825	     -8.25798310340626251502	     -7.22009129749967204503	    -54.47145325814753391569	     -4.33462870719090176408	     15.07237848176547068135	     -7.10699259685294570943	    -18.35523007177574683624	      4.63214076738427404933	     -4.99226639564606866628
      0.80995802866724464497	      5.09765972341690609682	     -1.76153760693235472701	      3.77752447447549011272	      0.61135970861314004043	      1.01537751245270380096	      0.02132097064662151140	     15.71958042180551373690	      0.30865496858790941737	    -10.48113056130513953690	    -23.41217386021964941278	      3.00461115192554517606	      5.11802638880126092857	      7.52413050190362664438	     -4.34724982722896946541	     -8.46469467737483860503	     -7.30228553285434411890	    -54.93655642163405161682	     -4.48874227544741621898	     15.07579712458397125374	     -7.40516718183836974987	    -18.35536445506947700324	      4.72163167782025450236	     -4.95386394755472725393
      0.81120341702424580976	      5.13103949711807683087	     -1.82754353812432257520	      3.78273688923594431088	      0.61152439471026409645	      1.01539054417377450079	      0.02156304971314952634	     15.58855840874963227805	      0.40764803875526250954	    -10.50255570273101035639	    -23.37266865778771318674	      3.02801634522025331364	      5.10004238452868463582	      7.67712147492554652928	     -4.12643233711226820049	     -8.62380440680694526634	     -7.35929050485802083159	    -55.29218313695821507281	     -4.60152561069869481258	     15.07658177463910043059	     -7.64316890188160780184	    -18.35612791603628934922	      4.79110414648969307194	     -4.92690095789483351041
      0.81309456448413386376	      5.18091853541014035756	     -1.92532458087399005464	      3.79420247813281852345	      0.61177333051772631034	      1.01540233721381034648	      0.02192022937172194430	     15.38972857576812991454	      0.55459115552941251615	    -10.53823865055687392100	    -23.30815784783053246088	      3.05934544896868843011	      5.07066330450352165116	      7.91579933399522950310	     -3.78911652465205550655	     -8.86093600591972574421	     -7.43661300584310502870	    -55.82315669109524236546	     -4.75312396043447549232	     15.07753881945106932960	     -8.07037198735515559633	    -18.35545849623373371173	      4.89439709318139737348	     -4.88866807474030551361
      0.81496530046803306035	      5.22919301393165447678	     -2.01665487709065960331	      3.80553703129608056344	      0.61201710567202294300	      1.01540469401007937833	      0.02226668696380696907	     15.19455686844533381930	      0.69432487988001623247	    -10.57202016204439765090	    -23.24142481088283318513	      3.08865147931958050620	      5.04043638881055144907	      8.15357808236181469397	     -3.45461985790486147962	     -9.08677957761968713157	     -7.50680494340292980837	    -56.33604641878145713463	     -4.88061767342516006352	     15.07481559611172450275	     -8.55702354522836650119	    -18.35332607847769992304	      4.99002043446814891325	     -4.85016121844921066497
      0.81700697329361504639	      5.28367266569486471184	     -2.10825908041862675191	      3.81395506280105411889	      0.61227943724330469166	      1.01540247616864287572	      0.02264217766612898475	     14.98053991775226201355	      0.83961540585739002918	    -10.60241317284489603878	    -23.16645236250024098013	      3.12208416683934020242	      5.00794051713583598939	      8.40763474910777652838	     -3.09367243943956893304	     -9.32089820251200862344	     -7.58124169202801034828	    -56.87894264926859477782	     -5.01132178876397293976	     15.05705075703092532535	     -9.11287258980214609494	    -18.35363661900294474094	      5.08385595096826126138	     -4.80307534788595713593
      0.81896568897204902182	      5.34068314677556177372	     -2.18863859065789467806	      3.81656310557204569989	      0.61252702054143159938	      1.01540096460072870599	      0.02300173876915794988	     14.77080509717689871252	      0.97305264507315747391	    -10.62353353921304766061	    -23.09209778702102155989	      3.15637996555782818220	      4.97774938142219003367	      8.64152317660973778857	     -2.75579509557637836181	     -9.53392453663653505203	     -7.65294889594465832516	    -57.38257635111419574514	     -5.12216376543271412203	     15.02870744918337564400	     -9.65331053867864596896	    -18.36040805923759222651	      5.16379854397604187710	     -4.75021398188166532606
      0.82035541059639593975	      5.38469246503456400177	     -2.24221551914051486776	      3.81531044564804400210	      0.61270001964309372955	      1.01540153637492380767	      0.02325600759283703856	     14.61835530440707842104	      1.06530159276828850778	    -10.63407573626618685125	    -23.03747011551035583921	      3.18118854292993402666	      4.95647594177142192251	      8.80113855668998468218	     -2.52198143369142391279	     -9.67938426186562139719	     -7.70402265720192147569	    -57.73015437173415875804	     -5.18443776215128337981	     15.00708846986184852312	    -10.03829930898852040855	    -18.37001110380843016401	      5.21579000826261118817	     -4.70750672472977349514
      0.82248008969595653994	      5.45813797111352894120	     -2.32079849503714097381	      3.80799520198996654941	      0.61296012781976993988	      1.01540525724053409817	      0.02364359811658347382	     14.37883486008199085404	      1.20497994644291628319	    -10.64303229245629189847	    -22.95042051680862726926	      3.21728000816876757995	      4.92280524086569126752	      9.04543216024721452584	     -2.17489809573197589998	     -9.89502723229870539967	     -7.78356541645487176595	    -58.24867532441823669842	     -5.21122134665448033530	     14.97471537844521627392	    -10.74694443432852608566	    -18.39301948901850636275	      5.29014091883871540034	     -4.63232585078672354229
      0.82467771058177874455	      5.54140575877144136996	     -2.39757427100792597230	      3.79016644260515755960	      0.61322366904866587589	      1.01541214310719429825	      0.02404763412133619285	     14.12406533684994514033	      1.34814100232089795206	    -10.63960157969949271717	    -22.85703993320511173692	      3.25071345385914689530	      4.88588207845856636879	      9.30157797889425985716	     -1.82952079016461910399	    -10.10877292921107262202	     -7.87083209831128804979	    -58.76841851876774569519	     -5.16176806747002192566	     14.93969028221190953332	    -11.61790011100581487824	    -18.42724814490464524397	      5.35919054088339752440	     -4.53906375326490429956
      0.82679732102625125290	      5.62366180545589600115	     -2.46554410216782171617	      3.76231683996519628010	      0.61347159245035010056	      1.01541391722811291665	      0.02444058097581514738	     13.87791756874211301920	      1.48240872030319636998	    -10.62332842774497088101	    -22.76641969256428410517	      3.28066151313879794671	      4.84965502363826850285	      9.54817323352443558804	     -1.50278296083118911852	    -10.30305417573196002934	     -7.95866973435310764984	    -59.25357208839130862543	     -5.09204757027286536442	     14.89390785799273686507	    -12.48482603061182949489	    -18.46481434383609965266	      5.41580893788022077473	     -4.43521360794661934079
      0.82914266243784284782	      5.71032616115099500576	     -2.53349544147731675636	      3.72234188010699229565	      0.61373757018242680594	      1.01539973526416815730	      0.02487365722427043596	     13.61240449146336928266	      1.62445006201923392020	    -10.59455768310001211319	    -22.66734424559462723892	      3.31368773531062643656	      4.81061760195604826151	      9.81423857384446485241	     -1.13808462401669441277	    -10.50309140664047191649	     -8.05427896671969634212	    -59.77341111605116452665	     -5.05104233376988887017	     14.82017641251681894232	    -13.35278422744080906170	    -18.50396982923331634652	      5.46729618932943584042	     -4.30927180514382079934
      0.83020905398959032873	      5.74704680522711885970	     -2.56239014298375877843	      3.70237705618906964844	      0.61385552169908630393	      1.01538562570537660434	      0.02506777925244108376	     13.49514239258107650699	      1.68679168566827297759	    -10.57961326399158252798	    -22.62264473000048781159	      3.32887812033145680246	      4.79322632956386929237	      9.93156071385859107181	     -0.96891465733762349721	    -10.58928299086962354636	     -8.09510096902564235677	    -60.00470426479954255683	     -5.05357227129013342193	     14.77999165608284393159	    -13.69444348100037167626	    -18.51946249696066360002	      5.48776381962342707510	     -4.24986652631656802726
      0.83267513300441620139	      5.82508913394467953140	     -2.62716623261567772118	      3.65594316026426957578	      0.61412217551350090083	      1.01533138146127388524	      0.02550435699939406983	     13.23188625117435535117	      1.82750056273114469541	    -10.54588956679716282849	    -22.51893566526290513252	      3.36473273595756694476	      4.75288652171121572820	     10.19731551347308595723	     -0.56803967088746087910	    -10.78002352045858280860	     -8.17852637698273809974	    -60.53534129768306115693	     -5.01335236673459228030	     14.69250624118090264858	    -14.51594677270642286260	    -18.54856179738722943284	      5.53222555519833392168	     -4.11147571486960572429
      0.83484576358182038813	      5.88856834221459823908	     -2.68292759163811700418	      3.61709156019972821738	      0.61435256455718745272	      1.01526223181540475871	      0.02587204439821076327	     13.00532881407215590741	      1.94831110558636866337	    -10.52009116950348044384	    -22.42575977229791917011	      3.39599437447988838912	      4.71608518312455959887	     10.42556911532962793387	     -0.20702850110553672192	    -10.93964372020346154102	     -8.23758673601740909476	    -60.99859408014641104501	     -4.90279642366164836176	     14.63432970129978016871	    -15.30145316709801583954	    -18.56871833913955782691	      5.57012043778864462951	     -3.99115228655854226147
      0.83713428279663737452	      5.95394161093678242480	     -2.74011964392382934008	      3.57992969517051840000	      0.61459434299377235789	      1.01517397711774948199	      0.02624157054538609618	     12.76657234673706575734	      2.07221988381235755483	    -10.49875680413273570935	    -22.32404408848052312919	      3.42691118440712827464	      4.67551909842310742249	     10.66006965416726437468	      0.17744501344764382345	    -11.09986847258259956561	     -8.28541910379147417132	    -61.47996187477547636036	     -4.74267646210028459564	     14.59145449189588639172	    -16.13273459524245012631	    -18.58794406181609559781	      5.60920853274206709926	     -3.86866309088420212703
      0.83934972384128314626	      6.02008177106464525963	     -2.79239304787094511084	      3.54851860030097210341	      0.61482968832248530155	      1.01508122982487480890	      0.02658166324185164825	     12.52996840761361951877	      2.18740737585156796996	    -10.48416228417796780548	    -22.22093074239929677560	      3.45336531906146104731	      4.63461610745445984350	     10.88084843417505531704	      0.54807933424976007508	    -11.24603793885560421018	     -8.31901412373900406294	    -61.93531938024612060190	     -4.58742026801926972013	     14.56008018864757680433	    -16.87216560956301236729	    -18.60913126043716658842	      5.64494447501055418570	     -3.75666957088216069138
      0.84087214757945361043	      6.06900987905434163849	     -2.82575206801235978560	      3.52939023618257285975	      0.61499344649136422625	      1.01501644970967874748	      0.02680613617657490871	     12.36202771900488883716	      2.26324811599822828256	    -10.47693339188795924599	    -22.14708368777468194821	      3.46863026795395157365	      4.60526761229389780539	     11.03000757651133234560	      0.79905406051517013921	    -11.34066461404984771377	     -8.33612092864649412149	    -62.24054050759956169259	     -4.48525380660045680514	     14.54181682960875043875	    -17.33620478298649203452	    -18.62709456033711674650	      5.66745208419922086307	     -3.68409641431566736713
      0.84304935740185737991	      6.14316688299480517799	     -2.86885931112195979864	      3.50493884077272843669	      0.61523209335880080229	      1.01492000789013125939	      0.02711463426013601893	     12.11548046605462580771	      2.36599452284758182685	    -10.46917695499076295107	    -22.03838041219833954187	      3.48669504987819944830	      4.56171650749365564792	     11.24454663910222507184	      1.15141835025538874504	    -11.46608109313567247511	     -8.35434388510854297749	    -62.66737720305008707555	     -4.27177019062552076889	     14.51909640744969998138	    -18.05965431960271061484	    -18.65650277994773986734	      5.69559899280860015836	     -3.58701138373734274012
      0.84526380804981471329	      6.22027822401445362743	     -2.90563940278738996881	      3.48345467256163221492	      0.61547953671661714825	      1.01481201694844758165	      0.02741377509229540876	     11.86161532667506612881	      2.46170764051157053842	    -10.46304017881140602242	    -21.92638323543833678286	      3.50143633415338362269	      4.51566675039289489035	     11.46274536943716348958	      1.50617353209684368132	    -11.58005964299944956508	     -8.36659652887349913897	    -63.08833862386438795511	     -4.01896077444315746874	     14.48703856290009994723	    -18.80217141936171643124	    -18.68699402786004171162	      5.71766340369126435661	     -3.49718376221629290157
      0.84756545532972371593	      6.30073737659563359870	     -2.93601218142174502646	      3.46252496038225920927	      0.61574146032613541468	      1.01468753868905037230	      0.02771356555100333921	     11.59704045922415538428	      2.55201141645601703445	    -10.45478007060818548268	    -21.81027398751725598913	      3.51361882976528328015	      4.46518826789596001703	     11.68597087652702626315	      1.87259908492863447194	    -11.68472236209025894027	     -8.37701667961782092675	    -63.50823437398197057746	     -3.79917215568819077731	     14.42878930139776905150	    -19.46142946603753998147	    -18.71764478034019774100	      5.73269893081978487714	     -3.41105221591866136777
      0.84994261363296641498	      6.38505314156517833624	     -2.96076957044432775845	      3.43873804108100200594	      0.61601797446667050373	      1.01454749667404686697	      0.02801849821935433610	     11.32277640708757893151	      2.63856086772145603803	    -10.43929206293591249732	    -21.69138160866350517608	      3.52224271809195110805	      4.40828333842630026851	     11.90983526564335726050	      2.24590696243315557368	    -11.78175365576196931272	     -8.39123950310989918933	    -63.92067333758868841187	     -3.65024732081834413222	     14.34784755468274930479	    -19.97346772718625373955	    -18.74915171076582254273	      5.74089260397848821782	     -3.32482645531192666510
      0.85123672789758031421	      6.43153638573755515040	     -2.97252995031496780598	      3.42358273463461948438	      0.61617164529793311267	      1.01446624165136922713	      0.02818489535590035927	     11.17318299507866896647	      2.68435463588504852339	    -10.42640723645409828180	    -21.62720560596294916422	      3.52484676298679211470	      4.37456364614938841839	     12.02982226593873349429	      2.44597432486438171040	    -11.83159845337082138883	     -8.40247496724649955979	    -64.13603113453154946910	     -3.59409802548892409746	     14.29895297613404636650	    -20.18915151459385270982	    -18.76624473562947059690	      5.74315182373428712026	     -3.27711832797353475044
      0.85277441892031746740	      6.48468818959717285821	     -2.98615191279848168904	      3.40352690220137610311	      0.61635681534248232261	      1.01436033212221987654	      0.02838305922913061594	     10.99829629104382711091	      2.73865543475431216791	    -10.40716733184632225573	    -21.55176632151505344837	      3.52623759308672601875	      4.33195665308740096577	     12.17276228177583163870	      2.68390352281824906555	    -11.88945736960684129713	     -8.41917796482210434306	    -64.38507886689333759023	     -3.53858065144844902150	     14.23520799336370323829	    -20.39800598663344288752	    -18.78350287998100753839	      5.74512841472737534332	     -3.21931345677723435017
      0.85449854121411872310	      6.54158163493670485877	     -3.00130591496815712915	      3.37785809981372953104	      0.61656748099240210603	      1.01422911911800150975	      0.02860659143786240671	     10.80578939413983796669	      2.79982023517469347240	    -10.38019888471579932343	    -21.46790461103720204505	      3.52718751921219642043	      4.28243926467250268786	     12.33004709119324004973	      2.95012722777292157872	    -11.95291498167685695364	     -8.44215865521288222340	    -64.65638970911835770039	     -3.45695533234314167359	     14.17217855481767152526	    -20.62040838437991041587	    -18.79909075411001850853	      5.74665995142060381795	     -3.15213715679732064956
      0.85698922638776353633	      6.62487353303562542806	     -3.02071709287609957428	      3.33282520126193304577	      0.61687632133558489844	      1.01402683631868484326	      0.02893466222214265832	     10.52664595969390148866	      2.88690083505142780496	    -10.32957044122699130639	    -21.34655614886219154869	      3.53423057872221058062	      4.21476911752516869569	     12.53967500781031318979	      3.32402668421356572992	    -12.03934468079292585685	     -8.48434049835071846246	    -65.03198739284032114938	     -3.25261527172864051138	     14.12244755195055923025	    -20.99538077810355218844	    -18.82245089424678852197	      5.74471375362862612945	     -3.04813570778321940580
      0.85949763537140932979	      6.71656097479916969206	     -3.03287957002702235343	      3.27640364555726870677	      0.61718948786715666088	      1.01381986008579016989	      0.02927283810182998089	     10.23602940617560008718	      2.96860453164246251845	    -10.26395586709583973573	    -21.22297145137543950000	      3.55725147619750048378	      4.16095518420473364785	     12.71488483217532206027	      3.67877695416009631302	    -12.11461218291857200313	     -8.53764077113076957914	    -65.38760663960188423971	     -2.93937519720340745266	     14.12993561140992682112	    -21.45062969078844616888	    -18.85563544526619139674	      5.73262320297527061541	     -2.93335013646261399956
      0.86112831138266365816	      6.77977712514858499304	     -3.03545486361387695240	      3.23441725134036817124	      0.61739153848060368546	      1.01368321296823160615	      0.02949564907419674475	     10.04246888526805747688	      3.01661734863641806115	    -10.21482473179537997510	    -21.14205004304660562298	      3.58270994337967474408	      4.13611456609718697308	     12.80683984698529798152	      3.89946222448172274966	    -12.15515600474354940275	     -8.57621567467076673097	    -65.60585411412979794932	     -2.71295491941654232093	     14.15791333890163272713	    -21.74073756185914874095	    -18.88224801053979362564	      5.71797188417208346323	     -2.85391663322236333045
      0.86326382672986401445	      6.86216008999166326987	     -3.03432109732736243757	      3.17647133357730115932	      0.61765030149941624327	      1.01349445722215825150	      0.02978667003083673367	      9.78864488360355800012	      3.07439559481656843332	    -10.14733138896406039464	    -21.03529227070135476652	      3.62511867407704757582	      4.11337619623916328493	     12.90755709161509834360	      4.18637503908929264895	    -12.19990083049251516911	     -8.62589148430868313255	    -65.87697339246739147711	     -2.47900798700509428230	     14.20631069155865411346	    -21.97697493280520575354	    -18.91799855305160349417	      5.69345379308566545973	     -2.74686971324864659394
      0.86488288446505412477	      6.92114734086248528655	     -3.03167187458041365034	      3.13253919590354534819	      0.61784063624009677440	      1.01333816799463694025	      0.03000365718458259875	      9.59929656344126058798	      3.11546671219034720934	    -10.09690394518110423405	    -20.95327160237119912267	      3.65902339635210616109	      4.10001368076225158887	     12.97635460966137976868	      4.40754962245111592267	    -12.22872334994997522983	     -8.65974034204811360382	    -66.07373070961861571959	     -2.34337449271049491628	     14.24791054715116445095	    -22.06117098972612566854	    -18.94216846266524356679	      5.67306367239024034177	     -2.66544878574071475441
      0.86639188621486507014	      6.97149848940961991417	     -3.02817523115013509383	      3.09304997333265019321	      0.61801261115654038125	      1.01317865349708435829	      0.03020098537830545951	      9.42718174038454570507	      3.15161317946113461730	    -10.05250755169019960533	    -20.87559083807716575620	      3.68818134343016224008	      4.08793305979719701071	     13.04049576387144071532	      4.61946008250790196570	    -12.25147162542673306973	     -8.68631888856628719964	    -66.25184375916877854706	     -2.23485521955548138706	     14.28846536886920581821	    -22.09139733671035088491	    -18.96025513322753397460	      5.65331884884400448499	     -2.59101010359151251450
      0.86801169100588193572	      7.01971270890980036938	     -3.02303960562966844705	      3.05330939798075329250	      0.61819065421512930936	      1.01299082695701114787	      0.03040597691063702535	      9.24782453014154270932	      3.18757707507609389097	    -10.00910655359878909110	    -20.79036000989378507597	      3.71380914073291146238	      4.07319307281896225703	     13.11433029479493050928	      4.85442046028415585823	    -12.27064154379273830386	     -8.70817347151528231564	    -66.43835371879688977970	     -2.12151900046040431391	     14.33166970605348566892	    -22.09938055967345960084	    -18.97401620525504739589	      5.63119166749536503858	     -2.51411262133393620388
      0.86978024686296673273	      7.06537358574858220805	     -3.01512967101400652936	      3.01404654191548937447	      0.61837644369180455595	      1.01276576442060561867	      0.03062031321133378697	      9.05811040993248539621	      3.22261681447741299422	     -9.96799354015115746108	    -20.69435326678575393089	      3.73214085790790539576	      4.05287060414506861150	     13.20573546969862732681	      5.12001491794330565455	    -12.28407585311180305609	     -8.72316784344999085477	    -66.63708295703662543019	     -1.98526042838006344660	     14.37421595311782240856	    -22.10733474614874438657	    -18.98244424884804715248	      5.60532823860709861208	     -2.43519702535794779763
      0.87123818799710439631	      7.09890292500300734702	     -3.00595313688549170550	      2.98490460928235323834	      0.61852261240062000880	      1.01256716543873204195	      0.03078977384479451157	      8.90464884805006207102	      3.24741762822425661383	     -9.93896824928162381241	    -20.61215717632670774151	      3.73884054346202798769	      4.03195137918624357809	     13.29100585594617101037	      5.34390286746784592964	    -12.28819020032454822910	     -8.72851617199834350913	    -66.79541850943149938757	     -1.86250753103401622823	     14.41004368450826511605	    -22.11506047389849172191	    -18.98596704314026695215	      5.58164355598967265593	     -2.37446322994814407181
      0.87323102329320645421	      7.14614460880359203543	     -2.98759565184018915929	      2.94760512362988258417	      0.61871349136625719556	      1.01229074214927505793	      0.03101470943215118778	      8.69017113193481449684	      3.27425096404733073641	     -9.90365615566552826010	    -20.49381278647051374264	      3.73684640769122244919	      3.99780773075356954394	     13.42014165097513966884	      5.64578731612969075826	    -12.28217411113691781566	     -8.72819650580579420307	    -66.99699039539709133351	     -1.69460886452981962513	     14.47825277117225262202	    -22.10313812625968310499	    -18.99452303323158730564	      5.54305943505150633399	     -2.29597811955398034556
      0.87541465281970631818	      7.20299215979451723513	     -2.96020509604767356748	      2.90948394341598426394	      0.61891188369348693055	      1.01198703008406099002	      0.03125390706443556543	      8.44517576119390867007	      3.29515291475838045798	     -9.86954199461387737813	    -20.35619064592694016369	      3.72439421540185167103	      3.95493600293884872698	     13.57108042720884633070	      5.96640945664097621659	    -12.26108378990547898013	     -8.72029831297500024334	    -67.19752232114549883590	     -1.50596582957340263675	     14.56447703621100231430	    -22.07359544717665045255	    -19.01244859606083537074	      5.49274201956636520805	     -2.21558036531527191570
      0.87768441693323728803	      7.26338796026115396387	     -2.92690775861010399339	      2.87369620500621714143	      0.61910704576841601998	      1.01166274964261493352	      0.03149409886567999806	      8.18499275498355594038	      3.31063606829950618504	     -9.83937860295121247134	    -20.20653193544408665616	      3.70939782394271899690	      3.90791434347014687845	     13.72362492331923888855	      6.29421289675778350414	    -12.22690816320200113410	     -8.70431131538202507159	    -67.38643678316543628171	     -1.30337010069240721855	     14.64755150948438355840	    -22.03305311176300307352	    -19.03521534991864072595	      5.43508085335132040683	     -2.13914060372345193883
      0.87986350326709872327	      7.31649219194723876569	     -2.89412910817803092911	      2.84397742183906565572	      0.61928443180133718737	      1.01133238076175380193	      0.03171582602952006252	      7.93768317302030812499	      3.32317777280630544112	     -9.81590238729604536161	    -20.05912179239874149062	      3.70238332543164894162	      3.86459756006200505496	     13.85090819364296876870	      6.61200720440933231714	    -12.18675459932699922661	     -8.68149013500288191381	    -67.55278646227999672647	     -1.10513499781319013415	     14.70415717477960448889	    -21.98597549404789575078	    -19.05363333355329658048	      5.37884123562247307149	     -2.07359626953323772369
      0.88154980029165308508	      7.35246065662284387088	     -2.86981735950362004672	      2.82392230100078567290	      0.61941544414333260526	      1.01106065184017057668	      0.03188227787172256966	      7.75048208904911195560	      3.33302559132211362325	     -9.80077514040755026770	    -19.94373752749624983949	      3.70667748540581243333	      3.83489529223699987526	     13.92896249513116124774	      6.86229887701024665603	    -12.15293028345849712935	     -8.65915066725685989013	    -67.67284638620574810375	     -0.94890403847818227678	     14.73687620746305348973	    -21.94649465370419250121	    -19.06333064085766793028	      5.33632078709251267412	     -2.02804050044376715789
      0.88373780130241463837	      7.39795086222387876518	     -2.83821376124827695620	      2.79900258146909708401	      0.61957812942474121964	      1.01069666980064898354	      0.03209642083112222016	      7.50703720926144324466	      3.34525639071945812830	     -9.78116280446679375871	    -19.79253961635550140841	      3.72726461257225549772	      3.80400804925978297533	     14.00027209576215803111	      7.18437701737144340797	    -12.10509540600315148140	     -8.62777580247294473281	    -67.81544438588676371182	     -0.74254618727055665683	     14.78254614949059231321	    -21.89410024868856652347	    -19.07635558451195478824	      5.28015562157846929381	     -1.97325081778646649333
      0.88600799506113514514	      7.45122471448398560057	     -2.80416655715397489246	      2.77044831501504384974	      0.61973888543646082905	      1.01031864925802516986	      0.03232254507589791409	      7.24572533148443209683	      3.35710475840812483384	     -9.75515445879579345956	    -19.63353793543172542968	      3.75944317695826146775	      3.77937824247236298092	     14.04879603054859238398	      7.50415871075455953587	    -12.05083281673047501670	     -8.59934328470469999672	    -67.94495207050152885131	     -0.53438968959684263194	     14.82205003319273828311	    -21.82756428856868069488	    -19.09908626959409616575	      5.21855989733340397407	     -1.91736654922314464500
      0.88816675319281768175	      7.51014153528708217067	     -2.77148409760169833760	      2.73766357126879977812	      0.61988428413814200546	      1.00996334534503029445	      0.03254596037693049948	      6.98698377354651434246	      3.36915993947295078215	     -9.72070436754214739494	    -19.48072183253063371922	      3.78790896687821376787	      3.75731313663012267412	     14.08906010709505451928	      7.79049669784678222584	    -11.99696324779096556767	     -8.58102532215279367733	    -68.05053106217546599055	     -0.35072323727609627797	     14.84325253275645373208	    -21.74203480595866722069	    -19.13226518128037412225	      5.15721854293875026087	     -1.86149460093808793992
      0.89002710591010580909	      7.56635646801611461143	     -2.74420045180418314956	      2.70344031599902967500	      0.62000352364423116924	      1.00965860413592567468	      0.03274738860039944771	      6.75796323573895119097	      3.38148298655021761761	     -9.68137699099938231484	    -19.34871802688609676579	      3.80141933624788697088	      3.73469680891978006443	     14.13326473931771154469	      8.02433222872043572238	    -11.95049808728393436752	     -8.57387196872550561011	    -68.12901613056831706672	     -0.20569311796845479723	     14.84659371225573387676	    -21.64736507216759875405	    -19.16864211526229766491	      5.10311782456195572877	     -1.80928944817395498390
      0.89212886718160000488	      7.63172843594174921122	     -2.71466963687492635060	      2.65757957310416959018	      0.62013107124305810736	      1.00930929012611581008	      0.03298531288733976691	      6.49813168819557507305	      3.39748443262151811339	     -9.62582386527317623859	    -19.20104811077505502226	      3.79901562668804881895	      3.70282624477192889856	     14.20630019476922178967	      8.27919949226412654752	    -11.89815367427688741486	     -8.57522332982918378264	    -68.20463534939983674121	     -0.06310320760687598840	     14.83291085163818578962	    -21.51086695574398532926	    -19.21347360397244585783	      5.04089559322150915222	     -1.74538131540098695460
      0.89398993560401374125	      7.68369553091977142145	     -2.68900238284179904369	      2.61283683122811938304	      0.62023716514538429490	      1.00898389066942706371	      0.03320103824591322944	      6.27601001131755786844	      3.41170979272570784602	     -9.56982043306466678700	    -19.07344455898187618459	      3.78418278049462708523	      3.67123970218729533954	     14.29085997241943317704	      8.50673203936139721293	    -11.85008371849416874966	     -8.58074899492943288237	    -68.26215563283447806953	      0.04648299162015993857	     14.80910931186171453078	    -21.36820989898393818862	    -19.24764771758743364671	      4.98477362995409034596	     -1.68723302249280937559
      0.89587841756268415949	      7.72839336015565159244	     -2.66248447270572441425	      2.56546736553003418280	      0.62033829235718096484	      1.00863545626866235594	      0.03342124849920870971	      6.06064168228335287125	      3.42455914062129007647	     -9.50927932652372120970	    -18.94753533762612107694	      3.76622340418501844184	      3.64167787905983963981	     14.38206814574439107446	      8.74270965340510386454	    -11.79789880153876779900	     -8.58730207485139551693	    -68.31289033728661763689	      0.15655806174779632323	     14.78336912201350727969	    -21.22122731875488454989	    -19.27420561718167490994	      4.92652705506193999696	     -1.62878716384699750996
      0.89794506898112713689	      7.77072313376561218945	     -2.63159247572107002355	      2.51266891421315818889	      0.62044197370664733171	      1.00823929742969475853	      0.03366136865054013272	      5.83272293132015384742	      3.43517012676467015098	     -9.44080191219672393288	    -18.81333017570826271481	      3.75742160147242687529	      3.62040637555377475820	     14.46605294364257510153	      9.00337226204301899202	    -11.73514093412495107316	     -8.59389258437588487993	    -68.35926190644516964312	      0.29128355505404457393	     14.76396210085166949000	    -21.07732783262848741401	    -19.29690690038732370226	      4.86047218180163920209	     -1.56637313388612975373
      0.90000469168509755757	      7.81059743081610058368	     -2.59756506793789831988	      2.45985006744464884676	      0.62053864305286665637	      1.00783873291258085914	      0.03389832178076986752	      5.60768782989989933441	      3.44083574048298146408	     -9.37150442002683448095	    -18.68240867765527468691	      3.77288459332774017696	      3.61681866579826216679	     14.51268397301962131962	      9.25978872908305916667	    -11.66533598147101535858	     -8.59928142478361046130	    -68.39483571450594467933	      0.44871162583513518607	     14.76077852345025220870	    -20.96099887707174858065	    -19.31808803885888892182	      4.79134588933400795696	     -1.50590504634810273821
      0.90187637921754448822	      7.84813047632082394500	     -2.56328848951961152380	      2.41230064361834140030	      0.62062117905750524560	      1.00747752781056543192	      0.03411053809240848639	      5.40062329994968681746	      3.44130091955656292058	     -9.30830398271244163766	    -18.56486583335247786408	      3.81309664549136728695	      3.62925586841519409731	     14.51621780326005506367	      9.48570410869035640644	    -11.59508269292820692442	     -8.60347749094514924195	    -68.41571525304775036602	      0.59993338386860006750	     14.76302275656246365543	    -20.87340320140268801197	    -19.33983019128507407913	      4.72549742493192059811	     -1.45232434538763821585
      0.90375892385453959754	      7.88718390571092431429	     -2.52725929890790057541	      2.36671520906564492037	      0.62069966791145070317	      1.00711855032416019995	      0.03431839167341684677	      5.18912164877562265275	      3.43909944817173451881	     -9.24636090751089767537	    -18.44619413199820812110	      3.87317044154754119845	      3.65078969192032420921	     14.49096198590002160245	      9.70691726053704506683	    -11.51956625341140671992	     -8.60554454922294631558	    -68.42530441987001665893	      0.74397026474718863653	     14.75925077956450870431	    -20.79148643915268834803	    -19.36385915145746139387	      4.65885124600117528360	     -1.40020149297450857695
      0.90556356915180091782	      7.92184597172074056459	     -2.49266946128012634176	      2.32671131021979515907	      0.62077073903709434344	      1.00677259757084014424	      0.03451012710251161880	      4.98759650009879873522	      3.43581425769834591932	     -9.19029792586364457918	    -18.33105099099515200578	      3.93694182652721336169	      3.67063642271895496094	     14.45706195325219667325	      9.91932168452916407375	    -11.44370903547172879655	     -8.60292768557151354969	    -68.42591211645289206444	      0.87019816070892508364	     14.75005897111359054463	    -20.70938414558855455994	    -19.38409654064590625921	      4.59655462671705716815	     -1.35254024726843247173
      0.90752505942630812275	      7.95176785648617823199	     -2.45544231420019665180	      2.28863473772539594009	      0.62084304297846648613	      1.00638783250703034433	      0.03470839393944712137	      4.77499548418826247342	      3.43118653518427274562	     -9.13468011525185552557	    -18.20334160711216853201	      3.99668136041094612665	      3.68108454315834920934	     14.43352882639360856842	     10.15721542077669781179	    -11.35730329107077274386	     -8.59254368688487701888	    -68.41902661150913900201	      0.99148935626125822562	     14.73510059560591045624	    -20.60799495264166836250	    -19.39752049577398196334	      4.53135534442004050959	     -1.30395010990197102174
      0.90950910250709093852	      7.97107323168004455738	     -2.41767631138356309251	      2.25693641187793314629	      0.62091051117144924198	      1.00598617627739672642	      0.03489683943321003623	      4.56944907349999240864	      3.42470750030248449747	     -9.08558310224365861529	    -18.06983316192776101161	      4.03123454728294650096	      3.67229998843160387878	     14.44663116549921255682	     10.40924655153534139629	    -11.26466931814535321621	     -8.57217747089626769252	    -68.40514109412337973026	      1.09806797048393356420	     14.71752447601673097211	    -20.48861476482135657307	    -19.39885788853342063476	      4.46771017724232244461	     -1.25880731722292549257
      0.91103041665795481130	      7.97874194298523331526	     -2.38763688457972600432	      2.23748296212238129144	      0.62095830058182044375	      1.00567140333827498289	      0.03503289223184159057	      4.41751718158016615234	      3.41742831766878918387	     -9.05331552904124592374	    -17.96326317444115971966	      4.03434690128606643356	      3.65131254214676204128	     14.48882383738641266291	     10.60972471309282560981	    -11.18878806718675811283	     -8.54962294204279338317	    -68.38904617241468031352	      1.16823195010129854410	     14.70261088516060787867	    -20.38452051524350849832	    -19.39196824197295399017	      4.41937622381596550980	     -1.22693983604354950323
      0.91284324486461665416	      7.98341988173124317285	     -2.34906057705468418462	      2.21774122865209122324	      0.62101107210873640607	      1.00529603927055899426	      0.03518842023897080645	      4.23857976715345596830	      3.40472376694192835345	     -9.01918344038304375943	    -17.83080017965533059510	      4.01325151238785693408	      3.61401887966127643992	     14.56832082120979876549	     10.85086159348847978379	    -11.09150529877955548841	     -8.51760366989429584805	    -68.35998309444194376283	      1.23179404406556547436	     14.67830997216764643554	    -20.24574133075111248559	    -19.37913844017044695534	      4.36002631206768231920	     -1.18987293010132733073
      0.91446931800498709730	      7.98676034535873569098	     -2.31249630894782942647	      2.20156839511893176464	      0.62105444829379308214	      1.00496448513914415912	      0.03532458472395649807	      4.07634886197615120551	      3.39053104672538152542	     -8.99123518676911359648	    -17.70681784256167645708	      3.97866592406717822783	      3.57511596201686776553	     14.65468637905589943671	     11.06451675653338639904	    -10.99932971125398850631	     -8.48599422768057642941	    -68.32427896027358826814	      1.28145936713178087984	     14.65686495086884200134	    -20.11981384870031064338	    -19.36728418457099465400	      4.30540405939060821794	     -1.15510112890832794541
      0.91624673814807200412	      7.99244236355334169986	     -2.27197621597945964567	      2.18447538783673778084	      0.62109739803467400865	      1.00461210788372157232	      0.03547179382735031472	      3.89385697993551005425	      3.37388424131051900545	     -8.96291468848791339497	    -17.56593088575762351411	      3.93752509157709340570	      3.53590170466905107105	     14.74427303015685097876	     11.29128083753139044632	    -10.89581758136455746921	     -8.44960229356891723285	    -68.27518848964798792167	      1.34300839374322689146	     14.64173281304426055272	    -19.99707838402438042635	    -19.35747444696952612730	      4.24569165173454887707	     -1.11338215858434619321
      0.91819943908611412198	      8.00265571982113854688	     -2.22899075561958026626	      2.16582053785879802277	      0.62113878352551532558	      1.00423880611560734089	      0.03563281735260575428	      3.68567298330722792343	      3.35665988481404609090	     -8.93438972955267907139	    -17.40568596741278994955	      3.90730749958102974162	      3.50876768384812054435	     14.80844291792448075284	     11.53054615971917229444	    -10.78197125376782139483	     -8.40807424964483196561	    -68.21038366689147380839	      1.43294781384226044274	     14.64167071090776417464	    -19.89359160063537146357	    -19.35235225345260445806	      4.18241577761666327717	     -1.06145639950667591833
      0.91998708082194491364	      8.01531114525183596697	     -2.19287517220263650231	      2.14879393329928403134	      0.62117065561770001825	      1.00390844146268598536	      0.03577996005380119221	      3.48878342360350890416	      3.34378581327293211700	     -8.91092859243523172097	    -17.25522672846088667598	      3.90737231322354405805	      3.50708402512004724372	     14.81580334390400999212	     11.74150985356311061025	    -10.68010405120130101864	     -8.36865885834509448671	    -68.14261648488543698932	      1.54009756388965479701	     14.65837910965832158183	    -19.82909522735709728636	    -19.35257122050693467941	      4.12866939965138879387	     -1.00757918450389194476
      0.92140674079640161320	      8.02743720556464168681	     -2.16684305810203348130	      2.13484760229272296783	      0.62119144654167701702	      1.00365360679688353507	      0.03589727390814101415	      3.32860632677395917867	      3.33600823515522426632	     -8.89371962626765544258	    -17.13386262202428866885	      3.93080481259252989545	      3.52411539624371084045	     14.77867670350117812461	     11.90377962381410803516	    -10.60152872440249005592	     -8.33707005006424495264	    -68.08258371627186988917	      1.63403468603780788193	     14.67868692506211658610	    -19.79285771014142270019	    -19.35599773587803795749	      4.08922974154174845296	     -0.95990066760653913747
      0.92313448412365273210	      8.04428995332789753547	     -2.13808974847317001533	      2.11496240046815175972	      0.62121052840654411575	      1.00335244299438253179	      0.03604379334236374605	      3.13039124595860718259	      3.32935536547178090316	     -8.87158774211977352309	    -16.98521511677926554285	      3.98326271200029147224	      3.56373536275029101361	     14.68644580835097102067	     12.09462824601568620153	    -10.50904444307624530097	     -8.30135212222210761013	    -68.00053954555508539670	      1.74415782656656626060	     14.70378444674775764156	    -19.75647227836773112131	    -19.36395451501553921503	      4.04416989150929495622	     -0.89408697851385843247
      0.92470746858515084909	      8.06022045002014841941	     -2.11444520075855013630	      2.09231277223325307091	      0.62122051961144786336	      1.00308465731055873604	      0.03618337570625227567	      2.94944209355888853352	      3.32583547891614506042	     -8.84771569009932790095	    -16.85030892383092293585	      4.04113492911658589435	      3.60933890366057363863	     14.57944530332693844343	     12.26351574923277709672	    -10.42810750572374800527	     -8.27362286594603091316	    -67.91771653861187019174	      1.83514812133249249904	     14.72334880163974801803	    -19.72148961395607003055	    -19.37359764703549203091	      4.00506038730255120583	     -0.82576132522611012110
      0.92637853828718763616	      8.07669582359229742963	     -2.09129960465933040226	      2.06238817155312892382	      0.62122171059356223743	      1.00280533923813952590	      0.03633992401454778920	      2.75887103524498078500	      3.32415849370873317525	     -8.81646382802410855106	    -16.70833232740258011972	      4.09473997698839742299	      3.65588578435531541544	     14.47271197098962502992	     12.43911835420351685855	    -10.34517766717968534351	     -8.25061693235427284776	    -67.82171448527331847345	      1.91805137168869488384	     14.73776898260695666920	    -19.67444638494715647425	    -19.38556012004485396005	      3.96431097728945491809	     -0.74441230557232740406
      0.92808649517027319575	      8.09237353039509166308	     -2.06891368457730129293	      2.02510597211256371253	      0.62121121512978905166	      1.00252439224134604068	      0.03650955725590494805	      2.56743943218266057471	      3.32383939786698068275	     -8.77712619942211880186	    -16.56522203363759970784	      4.12262869786378605141	      3.68951534660709867808	     14.40231296374719427433	     12.61552806366280599093	    -10.26295032994915246150	     -8.23458157613948849018	    -67.71564088830800187679	      1.98704927164293687625	     14.74448984031320541987	    -19.61156023793792968490	    -19.39922155058274810813	      3.92232390119490448299	     -0.65275681452162204188
      0.93000308856520808032	      8.10792709820917600894	     -2.04425775990302760476	      1.97516314122759117922	      0.62118354247933871282	      1.00221348327136583478	      0.03671163081488690999	      2.35822719724735074820	      3.32402917630169936203	     -8.72363856098740164668	    -16.40791596624858428299	      4.10622008388347836672	      3.69961506931160011291	     14.39733742202601618487	     12.81087400495218808771	    -10.17261175661784555757	     -8.22557995560965338200	    -67.58795360604561608397	      2.04857875669628519688	     14.74323342548396986729	    -19.52323672761794526309	    -19.41594125431859652053	      3.87346123451743284960	     -0.54122607066825167976
      0.93183048037498061866	      8.12018362034318919029	     -2.01983505553493269957	      1.91981528293258474349	      0.62114024107562859633	      1.00192008423071565737	      0.03691534391931430847	      2.16568783520472418758	      3.32313790186185986641	     -8.66367592907196026886	    -16.26297238875245909639	      4.04607249969030924319	      3.68040555212303477362	     14.44978932681072159028	     12.99541550575806070356	    -10.08678628003769794930	     -8.22541150169542056858	    -67.45820182281607912955	      2.09549792947644508700	     14.73650575038526255867	    -19.42404897836009425305	    -19.43289227411957398317	      3.82358858794924083568	     -0.42833578838302854841
      0.93347092401761166958	      8.12737720355821835483	     -1.99575483621976523807	      1.86409632421738824526	      0.62108708999804707052	      1.00165573794413353959	      0.03710675537629743587	      2.00122061054208799646	      3.31964388215398420456	     -8.60296000983764308501	    -16.14005120428629780349	      3.97508997058719426576	      3.64778665511589927917	     14.50528132942842063358	     13.16161842518044444716	    -10.00842281142156053875	     -8.23215065059554618188	    -67.33557731216183128709	      2.13282177799549454988	     14.72863138750425093804	    -19.32775938654875957923	    -19.44711676790234022860	      3.77453498997500247469	     -0.32369705213125110621
      0.93505430697336766599	      8.12913061658742286397	     -1.96941776529150058828	      1.80547668560418217432	      0.62102333549107491262	      1.00139587957081288572	      0.03729814421247743678	      1.85250146371112833776	      3.31223787893239718372	     -8.53901936788992799165	    -16.03090100116040872535	      3.91830014013258010053	      3.61640165876087626984	     14.53131877633940227668	     13.32460986283720316692	     -9.93025228634519940840	     -8.24469240575421835615	    -67.21231258963177879195	      2.17095308038124956695	     14.72134144290948221112	    -19.23550747533499816200	    -19.45787523898506066189	      3.72215049664080233072	     -0.22183415458703634182
      0.93658283031847822109	      8.12519773436396164357	     -1.94038078764598154180	      1.74525247922187376481	      0.62095064092038254611	      1.00113859001491278811	      0.03748750708589854153	      1.71935077401459301960	      3.30023508163274792437	     -8.47349670179255909375	    -15.93645635128608617492	      3.89922680357291451259	      3.60008522787643103769	     14.49803135165116430016	     13.48540055053081943015	     -9.85144032650750922642	     -8.26173330175905284989	    -67.08904579103391085937	      2.21456044596022794124	     14.71635368631201146172	    -19.15288266373738679249	    -19.46449089832588441595	      3.66632650298845064185	     -0.12465682217450040070
      0.93876344314398652013	      8.11001882151662734088	     -1.89204772939357357409	      1.65473166595498577536	      0.62082878061528945501	      1.00075974045644788823	      0.03776260670197743169	      1.54702118468128624329	      3.27369795035030897168	     -8.37557508284768559292	    -15.82209532777879879006	      3.96259499771902179432	      3.61796395706913331836	     14.31530311315784587123	     13.72092766234915117707	     -9.73208589850617045158	     -8.29282662826870797801	    -66.90598113193023266376	      2.29382684677346393443	     14.71531488234792917069	    -19.05250055271068632123	    -19.46733262517523499469	      3.57740974836946001858	      0.00894190478406921979
      0.94007886367471360511	      8.09603601562860752949	     -1.85888917863215774595	      1.59792979052419670261	      0.62074532472870769251	      1.00052546290363730819	      0.03793058052499972965	      1.45220315157442025900	      3.25227105042965458637	     -8.31443455613340631771	    -15.76440227347621636511	      4.05380099182157671578	      3.65329101811509371345	     14.13064777634701307818	     13.86580579249746314474	     -9.65601630464627902484	     -8.31497144675203969655	    -66.79121810640852174856	      2.35204745592415820354	     14.71886604402294906890	    -19.00269626875696715729	    -19.46592938510266534990	      3.51856378945560477334	      0.08571864994048622455
      0.94183951792100173428	      8.07320005617420655142	     -1.81031538604740527276	      1.51980436393774476223	      0.62062266185000147800	      1.00020811115179264483	      0.03815722908925426454	      1.33364912691736314798	      3.21804877796053290240	     -8.23038036744791767774	    -15.69805972228107115995	      4.22208122119527473615	      3.72081408737976415679	     13.80890143517057566669	     14.06124831448147993740	     -9.55007598669280710624	     -8.34807402756402439081	    -66.63200374478765297681	      2.43820552312197724731	     14.72892415625714335192	    -18.92469146425489157082	    -19.46202560880650977992	      3.43440147238597193180	      0.18329978100382890438
      0.94359203793104207136	      8.04733888899692217933	     -1.75949915497668274433	      1.44132122489302894053	      0.62049027135093470786	      0.99989120765348282749	      0.03838339488001125260	      1.22181794324052472867	      3.18070395136671546510	     -8.14540020055162727886	    -15.63861822952570257428	      4.40128944644308450762	      3.79023925336160472099	     13.45741915648250142112	     14.25625486025703914095	     -9.44270790626305078774	     -8.38348834628595085405	    -66.46707358421660671866	      2.52670462857238309340	     14.74431253829154009338	    -18.81415401665999453940	    -19.45712805971923486936	      3.34750656951970748665	      0.27366318619977697546
      0.94538287126436215679	      8.01777688131268639893	     -1.70851361147158131715	      1.36264248171573409962	      0.62034697887286405216	      0.99956733362248617603	      0.03861265242797540242	      1.11194864671839876991	      3.14345502644224827904	     -8.05907852724210371775	    -15.57775932688923781200	      4.53933201061392832543	      3.83586230489014745615	     13.15577443567271309632	     14.45694051577954120091	     -9.33492817101419092296	     -8.41982931939713630243	    -66.29251130827302063153	      2.61159721697667412954	     14.76310229320664824115	    -18.66064315745973800631	    -19.45056348745723084903	      3.26004405698187493812	      0.35809457620080992202
      0.94732399289155844180	      7.98189212478320797572	     -1.65714711791798952056	      1.28151510083237418769	      0.62018543439741669054	      0.99921653367015339509	      0.03885594946080842688	      0.99629812689999841524	      3.10751701770356536514	     -7.96832096395752564888	    -15.50554919595281333500	      4.58856947649177460136	      3.83405723986101643064	     12.97366924853665715034	     14.67745043604177901386	     -9.22317413656019091661	     -8.45667206152038453126	    -66.09694000983274975169	      2.68769172163000114040	     14.78258598352708652612	    -18.44292681332852978926	    -19.44070489640299825851	      3.17067071432447367130	      0.43932260874374534643
      0.94883669572278683813	      7.95135281655073011819	     -1.62032793226784899154	      1.22235566939779571882	      0.62005707731057591037	      0.99894371192447928287	      0.03904016701346151030	      0.90752657949118376024	      3.08312454847243389011	     -7.90077903827963901051	    -15.44315522309964983094	      4.54978670509388294363	      3.79459761738841283574	     12.94746971365565713086	     14.85147283505446225149	     -9.13992792229074169086	     -8.48243260169370927315	    -65.93980510472540856881	      2.73131615367854863052	     14.79398813374019816536	    -18.23746729553610279595	    -19.43087044591618095524	      3.10574794841290247049	      0.49438814025924349149
      0.95001632470948327303	      7.92625859186272219148	     -1.59308834457972858800	      1.17894046065309443527	      0.61995659061800967304	      0.99873151921783243079	      0.03917999949829965162	      0.83853871517804323688	      3.06565971758465849462	     -7.85041066903576378877	    -15.39127395693652999853	      4.48573658194211510875	      3.74734162003444604139	     12.97986632278795937623	     14.98807097653286568573	     -9.07668267900121072955	     -8.50054599137038380263	    -65.81411005757024668128	      2.75520534040250231200	     14.79919645865616928404	    -18.05894082864920946463	    -19.42202927311487314910	      3.05756227216836240501	      0.53195744654804433260
      0.95115005871569724416	      7.90113454128553804878	     -1.56758382361385617543	      1.13937871273604529598	      0.61986047907791663736	      0.99852780626190995594	      0.03931114363946002638	      0.77232953526732250893	      3.04944486272716419606	     -7.80387957688233413478	    -15.33982095441634641020	      4.41375033116554149615	      3.69673292477245185594	     13.01482549048999892705	     15.11986944050961412245	     -9.01662746938618830939	     -8.51640621092462879460	    -65.69046548322354794891	      2.76840020170210099337	     14.80092107141462065556	    -17.85613990354204361211	    -19.41249915197462527772	      3.01266691886449944349	      0.56360067000538072168
      0.95253770399329462659	      7.86889829465423851218	     -1.53683213513414940188	      1.09457377184239557089	      0.61974482574671840851	      0.99827795486867398900	      0.03946591893116842970	      0.69133326635659830828	      3.02969028224542791250	     -7.75037661889905216128	    -15.27593436992641429129	      4.33704873728309792114	      3.64045426325189147576	     13.00722851319992301455	     15.28207577954216134231	     -8.94333292766224197123	     -8.53298389150224245725	    -65.53532083144571629418	      2.77187283361889180711	     14.79934656445506391265	    -17.54846654637114156117	    -19.39906162004434264645	      2.95937851184804090465	      0.59573176136463756869
      0.95409221607098082529	      7.83187775250353901413	     -1.50295532058080349991	      1.04999785188370764466	      0.61961987836531495777	      0.99799844861329911616	      0.03963018529024857350	      0.59897280931320762143	      3.00749316504947250550	     -7.69631241001739496710	    -15.20398152449768680583	      4.29424508109962488334	      3.59913068131841651365	     12.89614763349732307063	     15.46358309163690769594	     -8.86121021793011642842	     -8.54706843672926730449	    -65.35640348517765119141	      2.76748350745518134630	     14.79518134316617761215	    -17.14437849000928792975	    -19.38256268817177740971	      2.90213589323610943183	      0.62272910912685330853
      0.95612854506647282360	      7.78534058395300743172	     -1.46028101841966617691	      1.00052669470959121334	      0.61946706098471204793	      0.99763801447145150636	      0.03983062724926953596	      0.47061034361088022182	      2.97918804720489660554	     -7.63562039897445998804	    -15.10906331011027958766	      4.33853106770071583753	      3.59622837947387186119	     12.55262436395365810426	     15.69610538539316202389	     -8.75461644142261441459	     -8.55857273435192134059	    -65.11321748887982607812	      2.76813364595089383968	     14.79320822923110334557	    -16.56190433782283832898	    -19.36210498933572665692	      2.83201381025374976375	      0.64541312708990528080
      0.95798653575418935002	      7.74786506690803644659	     -1.42457771525265619594	      0.96304814414462280858	      0.61934145267535323232	      0.99732010191994047155	      0.04000081368241445445	      0.34180290215576686341	      2.95616331309057889243	     -7.58950593550752827809	    -15.01948647142655879350	      4.47308493793459138743	      3.64256943827900148136	     12.06713238743491345417	     15.89843054882695660979	     -8.66055594274735618399	     -8.56333357648017745589	    -64.88201466861603705638	      2.79194918370730071899	     14.80226236242193671444	    -16.01836453825437089904	    -19.34775338318675252935	      2.77424859989723548992	      0.65686674709082915058
      0.95975293770811731520	      7.71764414135861009925	     -1.39526484981225618043	      0.93283642313764802978	      0.61923641848734389814	      0.99703013291061026724	      0.04015375495907448633	      0.20709733023687929010	      2.93918017634581296704	     -7.55243226443678317139	    -14.92786206695192241511	      4.64455950683486396002	      3.71194673149095555331	     11.52977164387739072993	     16.08026520405788417634	     -8.57644137590722088760	     -8.56385797254561431657	    -64.65377805146448508822	      2.84126201393350275026	     14.82419012728840357340	    -15.51622701766568468429	    -19.33887762155501377492	      2.72637685545315155977	      0.66296718571795276720
      0.96105844405072538006	      7.69838461190085876495	     -1.37737684595619014338	      0.91352124847257099027	      0.61916852624178564390	      0.99682365778048476201	      0.04026202648312688509	      0.09982900857497144231	      2.93093050249488529246	     -7.52869001663357817478	    -14.85367117049242224880	      4.76828894759640053991	      3.76590641921531688041	     11.12950998398845214865	     16.20842887706091417499	     -8.51869358319188307860	     -8.56184310103708057227	    -64.47988910350730407117	      2.89103469142140978576	     14.84855863583949542317	    -15.14860697336355777054	    -19.33488412137688783332	      2.69625032501114469952	      0.66584483721990450622
      0.96298428653183187897	      7.67584427083890652455	     -1.35685576214266667705	      0.88867144819751919815	      0.61908157982397049590	      0.99653431739556586066	      0.04041652024411965249	     -0.07162359237470299067	      2.92583781848897661604	     -7.49779730453187998052	    -14.73138789876725240902	      4.90245044250802575192	      3.83095489175376480162	     10.57277654687365142649	     16.38659647815576292373	     -8.44066927004599243389	     -8.55620173448510890069	    -64.21456770881583508981	      2.97049094955542303254	     14.89309712760363169082	    -14.56576920871025038196	    -19.33447173332653790112	      2.65957438070558049859	      0.66961194322274497637
      0.96524024729215995855	      7.65942049927165680145	     -1.33892644558826745538	      0.86043534808409327663	      0.61899464423102934507	      0.99622214891961602401	      0.04059704823003103952	     -0.29212430781887704923	      2.92782428950088968733	     -7.46260607386494090321	    -14.56868604264459854392	      4.93873092147844428013	      3.86344657660021040257	     10.07051644493078157439	     16.57623322244269559178	     -8.35834707335179061261	     -8.55168603121284576218	    -63.88816118247920172735	      3.05459090365142316159	     14.94668114261091851347	    -13.82055960785075932051	    -19.34420422185344179411	      2.62377646035382161571	      0.67852108688584344964
      0.96711764452682924542	      7.65256094396383534928	     -1.32519499277817254246	      0.83388849163814815491	      0.61893048852406329363	      0.99598236599461598129	      0.04075242474569745754	     -0.48809565111266450810	      2.93163074796832345825	     -7.43015222984650769433	    -14.42188992125830715452	      4.88084507485967566964	      3.85570687216716612156	      9.78450420337744297683	     16.71879430555443235562	     -8.29397700589199970977	     -8.55496871727782348671	    -63.60221149762440973063	      3.10564155747589198953	     14.98198642551439796478	    -13.15488582754784729900	    -19.35957269801804869758	      2.59442823858632243272	      0.69312066335317135124
      0.96871698092806390878	      7.64953356502409320683	     -1.31188640562770464371	      0.80769878965272756677	      0.61887935385884629280	      0.99578822477944606284	      0.04089025151220102711	     -0.66010438690747419432	      2.93339311342040520714	     -7.39899337752815533520	    -14.29390028684573898943	      4.80923463896283287511	      3.83745293275855692272	      9.58959634843615837951	     16.83131528530003961919	     -8.23959665357477710756	     -8.56490128360621838510	    -63.34818988866734201792	      3.13312391239824350464	     15.00078935239586108707	    -12.56528861571296573629	    -19.37569675550986048052	      2.56658972077897784558	      0.71180510941163754879
      0.97024580677570948506	      7.64742454574880969886	     -1.29663425020974942825	      0.77964607881836200942	      0.61883197619034813197	      0.99560773603147989519	      0.04102643714944806397	     -0.82612559747457592341	      2.93231773246533578003	     -7.36646622985192767175	    -14.17270091190232328415	      4.75753424145522796351	      3.82130458752483503915	      9.40117370133388874365	     16.93323433045537385055	     -8.18658745339393334461	     -8.58063466245336670113	    -63.09686500564097144661	      3.14736206166177323595	     15.00807704770913098002	    -11.99319240378838635763	    -19.39189216891919897989	      2.53630176765486003987	      0.73496433378862757735
      0.97256447463758977090	      7.64228641225919957947	     -1.26858317857612679092	      0.73157101892936238219	      0.61876004550925589598	      0.99533650685823937820	      0.04124095920517361485	     -1.07542504090475787848	      2.92503026746111594036	     -7.31244550838536966353	    -13.99631648325272159639	      4.75344266992527320070	      3.81040552698531564957	      9.08254317866691351924	     17.08174111650367166249	     -8.10393701324971971189	     -8.61552513129610808562	    -62.70146474863638275110	      3.15087655876382743969	     15.00425904435899759903	    -11.08080990284427436166	    -19.41418243076989114115	      2.48338489534483963794	      0.78025259758265963494
      0.97437431630337567601	      7.63510914468867785132	     -1.24370919194810758412	      0.68820869874824086576	      0.61870070165679613705	      0.99512418081657227908	      0.04141700115259205200	     -1.26468847365388903370	      2.91580604427377521048	     -7.26488699685172178988	    -13.86716368585077674425	      4.81335490466528614917	      3.80994230407098477542	      8.81536226955313750864	     17.19438169554216244705	     -8.03928944156293212586	     -8.65273552319800387522	    -62.38208430978300356173	      3.15080564031347298837	     14.99683574984831579968	    -10.34482794202682853779	    -19.42842734739540944133	      2.43718657088515211484	      0.82559511847854327726
      0.97598571337560113825	      7.62849377403370976225	     -1.22017015120010596796	      0.64578800062832986129	      0.61864260030978590610	      0.99493880567303927265	      0.04157979884777736335	     -1.43134361172668223006	      2.90597009999855071527	     -7.21896886270782367490	    -13.75675337092548389251	      4.88895962108702075710	      3.80694566692706048983	      8.59556469672091694179	     17.29008991289471097730	     -7.98253723225777545025	     -8.69260579311602299413	    -62.08986281297949005875	      3.15931203919493830412	     14.99373538281338369416	     -9.69709496220128031041	    -19.44172127146739015302	      2.39344749513649057704	      0.87292598389509568069
      0.97771649327940790553	      7.62418880465183335104	     -1.19396475429731396822	      0.59791081197514639456	      0.61857169510769560716	      0.99474944627543171460	      0.04175904515648245358	     -1.61199533997692578957	      2.89437904677157176181	     -7.16781771485469043625	    -13.63984838802320886941	      4.96040596516385345893	      3.79322311716708915341	      8.41937295015418918354	     17.38524039771385432118	     -7.92261896833092116310	     -8.74073126513959408612	    -61.76752392897604693189	      3.18379690472991416783	     14.99935829710937618131	     -9.02780097439497630774	    -19.46063905146484174224	      2.34475556013296859703	      0.92927886294486228280
      0.97960496005438202349	      7.62500156019983332811	     -1.16438879048655308246	      0.54539624446725931683	      0.61848066832377579516	      0.99455874869819971273	      0.04195666081002799586	     -1.81357210694896875403	      2.88057804487820234840	     -7.11288399659770753658	    -13.51176650451052196900	      4.99808811688811260865	      3.76454656616393412705	      8.32806479713290492839	     17.47860827620601753551	     -7.85783363647726762480	     -8.79691765652522050800	    -61.40578356803121806706	      3.23065277775024739526	     15.01945492219839373149	     -8.34297512396759621822	    -19.48989394645266770567	      2.29034503172306447283	      0.99437164476464401375
      0.98062511297950882838	      7.62792651962218570816	     -1.14775625788175661413	      0.51772804506350922349	      0.61842421567788441461	      0.99446286787483628711	      0.04206318580068398733	     -1.92433270950762080886	      2.87227419266385908259	     -7.08470881121491302679	    -13.44236757612722676924	      4.99898541970022147751	      3.74695466889678252542	      8.32157015336953698181	     17.52485413378637701953	     -7.82254404722034113462	     -8.82801391367459231674	    -61.20611306463240453013	      3.26381389894202067481	     15.03648517638616866066	     -7.99607808191071356418	    -19.50976763845988060098	      2.26034484604951657616	      1.02997103913748078163
      0.98208689347523991930	      7.63521400926626014893	     -1.12297623924201994683	      0.47940752332224978449	      0.61833336013103168405	      0.99433417515983191226	      0.04221469806918703299	     -2.08505485366754239607	      2.85902187282793107670	     -7.04688825141395280838	    -13.34355204281678020095	      4.98399125196034287200	      3.72678691831558550618	      8.35837938862793627948	     17.58631550412428978802	     -7.77124869803932760703	     -8.87300892158877907434	    -60.91489415086373782060	      3.31815619523178284567	     15.06690667666871696895	     -7.52922513637609025494	    -19.54345658895887893891	      2.21657210043480201733	      1.08072159990873650770
      0.98359274591804313204	      7.64525849319094419343	     -1.09648655870226297004	      0.44192862593804282945	      0.61822703422725100442	      0.99420974537720641084	      0.04236845072382892236	     -2.25119673339460124595	      2.84374107217593374841	     -7.01147737671865201037	    -13.24441457765161089810	      4.96609988596789975190	      3.72237579279075481153	      8.42151207586614347633	     17.64571901100023509912	     -7.71752981557543460411	     -8.91931218913800272219	    -60.60909642977532030272	      3.37642685870641701129	     15.10275734794923252480	     -7.08033537039128635371	    -19.58315071027230658274	      2.17085236655071156520	      1.13201935585128588002
      0.98514406644858909523	      7.65486597460792328462	     -1.06858200396150060385	      0.40598678795538700737	      0.61810381188920193729	      0.99408375830622230929	      0.04252313471910671577	     -2.41846739235156071857	      2.82657573444294740739	     -6.97900141364403836519	    -13.14782551770401575197	      4.96706753803816258852	      3.74410723296162517570	      8.47499439748716909548	     17.70754989433505599550	     -7.66141276070049581648	     -8.96599655984377186257	    -60.28905063393126084748	      3.43062078230182709859	     15.13985701351520773983	     -6.64226995772833728182	    -19.62534974416163890965	      2.12371443048031105505	      1.18290811535052498016
      0.98733687019801896767	      7.66078305452996488611	     -1.02940199676620891545	      0.36071900182063837415	      0.61790623848462988832	      0.99389772813804910800	      0.04273338768763251805	     -2.64014197240949943790	      2.80135353612248572119	     -6.93952781607502977579	    -13.02450522926080545005	      5.02747107795986813983	      3.82320454934920261891	      8.48500337358814071820	     17.80480365438640077969	     -7.58180413917691442549	     -9.02864471920104172398	    -59.83027700388336000970	      3.48486791696556164055	     15.18392445679774915845	     -6.04813059432501276547	    -19.67973380700974317392	      2.05879668422176820286	      1.25006583858449715763
      0.98911468262314750088	      7.65633944778034969403	     -0.99936904941143434034	      0.32898721366713673531	      0.61772665144193250608	      0.99373539221628748308	      0.04289607559430544392	     -2.80404870806825501361	      2.78209300396379211051	     -6.91143367286132370708	    -12.93608218774066642709	      5.12231667586005023907	      3.91462969837771268544	      8.43910456445381917945	     17.89575698538138226468	     -7.51866939272849865716	     -9.07617861591274710520	    -59.45408271265681321438	      3.50529017831318956411	     15.20723046423917423908	     -5.57892910273700692869	    -19.71603789778430027013	      2.00936686640570050244	      1.30008063874618140510
      0.99036647283032153144	      7.64853037552311665337	     -0.97987183636578356616	      0.30902511767482837568	      0.61759030177865281708	      0.99361557793870225463	      0.04300686269602168460	     -2.91146123923683486368	      2.77023393524056915638	     -6.89241489665215922855	    -12.87891393020143127046	      5.20055691848508505615	      3.98044132703425646014	      8.39603867013822657839	     17.96587987576213762964	     -7.47593995429092039728	     -9.10829547560148355956	    -59.18704829933830069422	      3.50803093932020493284	     15.21586939422873463457	     -5.25388752010359461053	    -19.73762517205744515536	      1.97696970087681234141	      1.33321960719032417408
      0.99242606880897898947	      7.62907920602630973406	     -0.95088955587748302811	      0.27947566488849778787	      0.61735013535515337324	      0.99341214053851678578	      0.04318427428980994159	     -3.07659391526149095242	      2.75440538040239113471	     -6.86014641267477287556	    -12.79085760062910814838	      5.32084983344466877497	      4.06706261099779897705	      8.36463624635673674845	     18.08925603976080864754	     -7.40937073131999390796	     -9.16021542532494947864	    -58.74320183254571503539	      3.49762310977173518367	     15.21700427734541705149	     -4.72831058043498053678	    -19.76774027534278843632	      1.92775360390008376754	      1.38470623781308432854
      0.99458123584501256786	      7.60284681487572910896	     -0.92411367897366447632	      0.25141180569433752012	      0.61708296828201369966	      0.99319638547423683139	      0.04336676982052529994	     -3.23901888779053903633	      2.74260530939828228725	     -6.82316141281381582928	    -12.70152571945150832278	      5.40372997393088283502	      4.10461434994175355939	      8.43092361562555403509	     18.22383445654476474829	     -7.34482469901142120960	     -9.21572095249572065256	    -58.27137681202881225317	      3.48163671789254181022	     15.20715103806307766376	     -4.20444595827749267869	    -19.79454464861780849105	      1.88054158655809255940	      1.43566445399893982682
      0.99620214182490973709	      7.58216335110681072251	     -0.90602076184252267055	      0.23141025336700071779	      0.61687567385305885903	      0.99303733469143773416	      0.04350350814137447786	     -3.35899139340686803124	      2.73662005652218676133	     -6.79318870849555178637	    -12.63333428343267605953	      5.43098230330420594925	      4.09311913594875242950	      8.54943804069172408333	     18.32393817703386673656	     -7.29976556588299008155	     -9.25961541050143566167	    -57.91039222818940146453	      3.47767817721114758100	     15.19904354066467178086	     -3.84193599633032256691	    -19.81423799536364072083	      1.84731967131523333592	      1.47270778495956200516
      0.99764636363036562905	      7.56514987180333342565	     -0.89095712473137289589	      0.21393037015502475162	      0.61668923843284084718	      0.99290129864090725942	      0.04362568889770981895	     -3.46746325476244665609	      2.73276204810542111545	     -6.76553084825934192281	    -12.57105111034041833307	      5.43894106998327675484	      4.06100672941362450530	      8.68527881864395467915	     18.40908252662843125336	     -7.26188221323068905377	     -9.30103733379784003432	    -57.58353761191055042445	      3.48544176010843198554	     15.19553951599673879969	     -3.54904154461556409217	    -19.83335495564120876111	      1.81881053116661317581	      1.50510999521779353927
      0.99923433645752257615	      7.54960774399926393130	     -0.87513288839648506467	      0.19472926839874893368	      0.61648499538368750628	      0.99276030755342181688	      0.04376085883355088080	     -3.59085962797819968628	      2.72942223519256366160	     -6.73492866347192986609	    -12.50096093522820872579	      5.44467449143164738956	      4.01345576470897480448	      8.83926138828318386231	     18.49580710994791843405	     -7.22237331572557295090	     -9.34963052152326845601	    -57.21787140074135891155	      3.50851130761286578164	     15.19876097126098990486	     -3.26338292282793096533	    -19.85746386659646844919	      1.78814850936013303162	      1.54029638531573742632
      1.00028366376852817510	      7.54168900031447542176	     -0.86498332143901879299	      0.18192891759986548617	      0.61635169730519612230	      0.99267280242853273009	      0.04385078288138513636	     -3.67560538031411443427	      2.72746638798952112381	     -6.71503851899795289881	    -12.45388743939408016104	      5.45361602406720535896	      3.98121488446105198378	      8.93069895829731841275	     18.54832825779523020060	     -7.19740850073211468896	     -9.38363758011270832071	    -56.97245562745646907388	      3.53195351226843445858	     15.20594207849951473577	     -3.09559303787775652594	    -19.87554899539211561432	      1.76814899365891498029	      1.56337292402507044287
      1.00236187337649762519	      7.53041927628199303513	     -0.84606565890794727114	      0.15669333123402479080	      0.61609348360020743662	      0.99251059243662487219	      0.04402931939062947747	     -3.85010668790842425224	      2.72437914365210076539	     -6.67796775412423304630	    -12.35926248964834250899	      5.48960150126710999530	      3.92730127073012491579	      9.10846176807925012042	     18.64260854497288377729	     -7.15095456280302776975	     -9.45470516802937233081	    -56.47804238439608326416	      3.59160119273312750110	     15.23204745699808171366	     -2.78871615678044815212	    -19.91472405117283983600	      1.72993030600855290935	      1.60844897822234922380
      1.00514178539888088260	      7.51571730507376667418	     -0.82557581338498153833	      0.12562382396081164804	      0.61576049220893647185	      0.99230151339754424367	      0.04426434540656751931	     -4.08783885408693237196	      2.72421059054990921666	     -6.63674030774011658451	    -12.23043595656523763182	      5.57197761317428774674	      3.89361649482206040318	      9.33753906961221069594	     18.76055104070390910920	     -7.09661484537473796763	     -9.55442292437095552771	    -55.80206071115488697387	      3.67722894648039355658	     15.28203744623706228367	     -2.40099006459857289286	    -19.96357422946701376532	      1.68539314713633259224	      1.66562012668135994709
      1.00779424172829057404	      7.49639903028698384446	     -0.81205228114293770414	      0.09877796566425074698	      0.61545565596455398261	      0.99210187660535953391	      0.04448459317585910094	     -4.31344231468119154727	      2.72939070967289287850	     -6.60618832586521431693	    -12.10323223192971475726	      5.65873991832301115323	      3.90964185584238554938	      9.55285158044174131931	     18.87126505137835508208	     -7.05411945224922742881	     -9.65602312392607764480	    -55.14120751950795806806	      3.73382096747697422856	     15.32581971880088822502	     -2.02517512060394944129	    -19.99959780576094203752	      1.65098695116217331069	      1.71695180955680704038
      1.01000283339876539834	      7.47686107835097146790	     -0.80395231422562785095	      0.07667032395597384031	      0.61521094156222333460	      0.99193741511631905450	      0.04466824237493327576	     -4.50138921067834552048	      2.73648486014915803821	     -6.58476286510963504384	    -11.99206956257239298225	      5.72023847777643368318	      3.95871411913207049693	      9.72913101432767923882	     18.96038595159471995544	     -7.02491794511631706399	     -9.74927260845126930633	    -54.57680210965286704550	      3.74487018944438254664	     15.34530712620744807850	     -1.69451233860259109498	    -20.02218890141786289405	      1.62620689597461121068	      1.75850999200873547856
      1.01202343870804090109	      7.45607730192816831050	     -0.79837195049534703806	      0.05567577764180692279	      0.61499374166289999533	      0.99178829555375447313	      0.04483832839244722424	     -4.67327399168155288578	      2.74472399326815486020	     -6.56641889828832781006	    -11.88597909404904839903	      5.76819640500696362295	      4.02942636117157881870	      9.90256202942534002887	     19.03908172949338251101	     -7.00269650292514267420	     -9.84330040340477374627	    -54.04834182200246317507	      3.72032659773497176303	     15.34433335225406658253	     -1.35209677279805995376	    -20.03680740944033189521	      1.60545196769384790336	      1.79617030786948750354
      1.01440862991994329434	      7.42333128608777492730	     -0.79646119502018408731	      0.03081107744123333381	      0.61474387531343921420	      0.99160549732310077076	      0.04504080368509661564	     -4.87023423476882566518	      2.75977385992194657049	     -6.54520631793932050613	    -11.75724733192752857747	      5.81880824031464261026	      4.13217452149783159854	     10.14200807421005023912	     19.13472061123975009878	     -6.98450127732146874848	     -9.96360544209283283124	    -53.41243089695384327342	      3.66136499561631012511	     15.32657120664743288785	     -0.89236640642906295273	    -20.04179704940622741560	      1.58616378121689738379	      1.83992717042630893332
      1.01697331819686542786	      7.38356983940521427456	     -0.80068764708472595082	      0.00311403848385193895	      0.61447938711424576752	      0.99140967997472628781	      0.04526234131340389072	     -5.08047365564548059069	      2.78359798715576856054	     -6.51976149666135018634	    -11.61463932979598645545	      5.87157798143928033596	      4.24190816439928841675	     10.41573955079123514622	     19.23407653980792630932	     -6.97588755207134791902	    -10.10539586742714668333	    -52.71460087743579236985	      3.60088053540479746673	     15.30979327190229710709	     -0.40059173996075664315	    -20.03967299078262698231	      1.57185237813398015483	      1.88729831906862344226
      1.01962222664671608996	      7.34723846437122674047	     -0.81066514242147735825	     -0.02797502411939769076	      0.61420515626036542578	      0.99122481220832925342	      0.04549759606739200990	     -5.30649197761470947654	      2.81569116620875359303	     -6.48660473141414328779	    -11.46159977425494780334	      5.92646322085307364347	      4.31868784859656074104	     10.69285736217657323266	     19.32092639579023796159	     -6.97807459845190614089	    -10.26706749024473808163	    -51.97818214164545480571	      3.58136762907470140860	     15.32096732508765057901	      0.02922494512996174840	    -20.04208935235977051548	      1.56188139527053704292	      1.93788735833287861787
      1.02152039493734392295	      7.32631900193948926159	     -0.82072499739774151806	     -0.05162258820957616595	      0.61400419706060838099	      0.99110690664183198617	      0.04566954132864591009	     -5.47598470730298014786	      2.84294866909490329121	     -6.45737793618085031966	    -11.34827029876356263571	      5.96434069035798941627	      4.33036941588923607327	     10.88751789409062986635	     19.37144056536294556281	     -6.98557785224772942456	    -10.39159485321736831054	    -51.44168807048753677691	      3.60318720463606334548	     15.35427246492466935024	      0.27051855990801104701	    -20.05015248648677328447	      1.55700693997542094493	      1.97493711015197592751
      1.02340895349708049800	      7.31254434814755072125	     -0.83225815832628702307	     -0.07573981124922532504	      0.61379809867534951273	      0.99100671950780760966	      0.04584192450852678236	     -5.65383394997519062031	      2.87257853112945582552	     -6.42418966951628789275	    -11.23193949978767669506	      5.99562360004956307336	      4.29879118276223426420	     11.09545483330973603131	     19.40940046041228939089	     -6.99638156446924774912	    -10.52173515611606013920	    -50.90037658616923721411	      3.64466965986407887002	     15.40380417037123628177	      0.47530952371058410311	    -20.06714429467756843906	      1.55317588641369397351	      2.01182012598602222297
      1.02529609273091559807	      7.30415913401764438362	     -0.84511712351553147649	     -0.09899953754726484312	      0.61358407756663724264	      0.99092103193349434509	      0.04601222008030310395	     -5.83839136758807786265	      2.90416697768802345436	     -6.38934732636938917949	    -11.11317150781319185171	      6.02068845406942454446	      4.23236972818867762669	     11.30839241084282598138	     19.43832835376488432644	     -7.00923611005783886441	    -10.65573320859810735328	    -50.35257609450434301834	      3.68621936579478814977	     15.45707423202718011623	      0.66688478672947748560	    -20.09145989023250322703	      1.55070363114157960815	      2.04730314811487046356
      1.02718483518592185177	      7.29608996431625911328	     -0.85967414665186314693	     -0.11953906119073710868	      0.61336009393555246394	      0.99084095124824289602	      0.04617634472690134578	     -6.02349001003096340412	      2.93760142841726734630	     -6.35663519237375673754	    -10.99420514791075831340	      6.04869202584543241841	      4.15265633326306193851	     11.50318083158563275958	     19.46595540509310851007	     -7.02325467220156163251	    -10.79065675721481909477	    -49.79919273726805784008	      3.70721949487844737448	     15.49933755779588295809	      0.87010569646949331712	    -20.11752482733795588388	      1.55078082281183937674	      2.07965941995503422746
      1.02937955004591574770	      7.28139744137281308412	     -0.87916422985913134092	     -0.13816768645210555921	      0.61308599474449965161	      0.99074511836710754675	      0.04635444210610735472	     -6.23179012030890877583	      2.97834937060757187766	     -6.32642851512723058960	    -10.85857907656166609911	      6.09744739353460207809	      4.07919748113710944892	     11.67478478913192496691	     19.50484088706905083654	     -7.04018071554679458757	    -10.94541220657841229524	    -49.15183988361054190364	      3.68674149931813888159	     15.51862778460086111920	      1.14254289979348722106	    -20.14357300771713710219	      1.55542387318166053234	      2.11165334248785674376
      1.03087154537801328757	      7.26697189452334324500	     -0.89404274402399253052	     -0.14736000703194043759	      0.61289074870855764221	      0.99067632789926163284	      0.04646649086988274835	     -6.36770073394919666754	      3.00676905907622282754	     -6.31281070489703033388	    -10.76846381019176313032	      6.14193925119099493060	      4.05900337818038803306	     11.75262263936108908524	     19.53717651133355914794	     -7.05179829966018001386	    -11.04886151995258636305	    -48.70960263897484310291	      3.64120141685015008548	     15.50874413725432177102	      1.35651484694828683431	    -20.15736966506855765147	      1.56161146221641278231	      2.12976564224955833282
      1.03291087620202715058	      7.24662778726518830297	     -0.91494155765658458090	     -0.15732412950025648213	      0.61261292812741796610	      0.99058688803676142598	      0.04661044839396055045	     -6.55206061052177002324	      3.04427048775865305430	     -6.30313048931043784506	    -10.64644047140904170590	      6.20728598952684240686	      4.08245684723841328889	     11.84240380820908278281	     19.58162532582435844120	     -7.06674162465766642072	    -11.19098009243826297165	    -48.09995512184248411813	      3.54195123990255433810	     15.46797044006602916966	      1.70000216263469816624	    -20.17687135819236843304	      1.57163845146900515992	      2.15136393364666167471
      1.03471547159633070478	      7.23337432001079871924	     -0.93288914796743083180	     -0.16615023915677296085	      0.61235830729856832733	      0.99052164101215811609	      0.04673308458228973145	     -6.72012446544211972110	      3.07481579886904832222	     -6.30050004248770534332	    -10.53781264080785184944	      6.25603976670222294842	      4.14853379797399135498	     11.92526035624102576094	     19.61296049560707643877	     -7.07892653262187465657	    -11.32123890187113168793	    -47.55301882136055979799	      3.43699935117603683210	     15.41797477417925321674	      2.02466595976995611394	    -20.20047730713719857931	      1.57996865272104947131	      2.16978317727020808547
      1.03679138252179336988	      7.22557722208807629016	     -0.95340005974866492977	     -0.17802072654661596496	      0.61205758129707299453	      0.99046575654319357618	      0.04687190990983166466	     -6.92137012118400285487	      3.10783596267534223401	     -6.30007687679116745727	    -10.41128184683348933959	      6.29059104630857035545	      4.25741873730161302092	     12.04059730205069733699	     19.63604570214633326941	     -7.09314464964679824988	    -11.47833394152343622352	    -46.91461506877395493120	      3.32631485972610585478	     15.36655827169887267303	      2.37387206896320446248	    -20.23661690038849414464	      1.58894549441284627100	      2.19219377259041170447
      1.03880870150547721664	      7.22471791089581039103	     -0.97410548530597129702	     -0.19162756362852767511	      0.61175941932817456959	      0.99042862717436730424	      0.04700583448867939190	     -7.12373100599639119679	      3.13955541089739087468	     -6.29809162132559219316	    -10.28759596585905811139	      6.30655826547636255697	      4.37051990051232674972	     12.16883402648715062355	     19.64587244276593125392	     -7.10842400482005576379	    -11.63806360268335460262	    -46.28568477560617111521	      3.25378489163095485637	     15.34398860558792598852	      2.64696639912814069007	    -20.27926808800117441933	      1.59799608933016079604	      2.21589744971173274735
      1.04018309106227957450	      7.22717685760096184566	     -0.98887081379641728063	     -0.20179671452203110094	      0.61155384504074161711	      0.99041116247351501656	      0.04709654442466210816	     -7.26439327946153579063	      3.16169078233047740056	     -6.29399868289096620089	    -10.20382519872414306406	      6.31559750193232538606	      4.43757088462082460723	     12.25502460311232333368	     19.64641466906067179821	     -7.11980400275356917206	    -11.75010725096360886255	    -45.85293334496629569230	      3.23086763366146412224	     15.35150568912968083168	      2.78266351937334821542	    -20.31140512518448204560	      1.60469545461170337575	      2.23295159903783035915
      1.04194786813759776578	      7.23141754401128089569	     -1.00916279946167208870	     -0.21512724134856231473	      0.61128759589384884521	      0.99039311413397390638	      0.04721146477936999375	     -7.44518881472806004496	      3.19186933881165080251	     -6.28424079708427818503	    -10.09817073251180197246	      6.33505221686063801911	      4.49792613177780076228	     12.35580541754567995838	     19.64337043690541761976	     -7.13580060518649261780	    -11.89620034731542297379	    -45.29334992314907282207	      3.23074215028339395417	     15.39009337322633186318	      2.90790472102269426102	    -20.35315186204560689021	      1.61485593426628448732	      2.25529854468857937633
      1.04292215187436321244	      7.23190793081243388229	     -1.02168241054826824943	     -0.22209393547222458509	      0.61113955058214353144	      0.99038105909442419872	      0.04727332976238491496	     -7.54227020556642813176	      3.21029218099321811408	     -6.27664199728150240531	    -10.04136085098602393373	      6.35152475992278109374	      4.51465531003820785827	     12.40508287571587864306	     19.64316711767598633287	     -7.14579734918500175667	    -11.97693636612661549634	    -44.98348570699921111782	      3.24075138827241060469	     15.42324806580139906487	      2.96091618976783799155	    -20.37366487179804863672	      1.62219302225506534221	      2.26751996981832038003
      1.04424829696190357708	      7.22875832348180935583	     -1.04063978633691722742	     -0.23060519182569569341	      0.61093669404003325685	      0.99035946516758133207	      0.04735482320520377486	     -7.66931556181242335413	      3.23793782288653009260	     -6.26412436425230634285	     -9.96604608315268158947	      6.38045976568866368694	      4.51628933088862716261	     12.46445494794328823218	     19.64716620732670548932	     -7.16093395507135088707	    -12.08627241196564483516	    -44.56114743368193131801	      3.24944588686234858699	     15.47327465745042829326	      3.03913355072754720609	    -20.39671754038463902248	      1.63483709270430299654	      2.28364710564190476205
      1.04648799833111283419	      7.21336853879617567742	     -1.07787653117833381877	     -0.24271410390985814765	      0.61059152703162555831	      0.99030963180678255320	      0.04748511866215571198	     -7.87075069998133081128	      3.29135690399271352291	     -6.23805432398111037173	     -9.84340638064331230339	      6.44141209794543012634	      4.46766724427788108898	     12.54809111630396856185	     19.66493934266662080290	     -7.19047438896492518978	    -12.27013658032562481992	    -43.84592254048888548823	      3.24393656847691191913	     15.55741157787976369775	      3.19236018805671273313	    -20.42262905762449065605	      1.66339285162899774839	      2.30998308557406151209
      1.04835093656333988577	      7.19421043922053726760	     -1.11314059660804143270	     -0.25179596735949233421	      0.61030321850611468637	      0.99026174631848074004	      0.04758740680305718201	     -8.03003635030731821587	      3.34079816068660528927	     -6.21308316385052172848	     -9.74402029846940997970	      6.49473569643842907340	      4.39299233062171623487	     12.60870837639027008947	     19.68539510703989492413	     -7.21810733595295683784	    -12.42470752651811238820	    -43.24698548143001630706	      3.20937154796681811675	     15.61144144171876213534	      3.35071119560694175021	    -20.43527202875885251387	      1.69293179060377108058	      2.33215195433038058326
      1.05024752960055578477	      7.17349414289065823169	     -1.15201424865551849130	     -0.26173983801310796160	      0.61000984420155146548	      0.99021592799577551336	      0.04768740056516242859	     -8.19045656421503665001	      3.39371683627160214414	     -6.18654859597536788129	     -9.64340140309370674743	      6.54173278054759688160	      4.30911738335731353544	     12.66842726496722981722	     19.70468551463679673930	     -7.24814304302818346315	    -12.58660457674815091877	    -42.63079129056112748231	      3.13476245215763649199	     15.63629798164232376223	      3.55440572704885759947	    -20.44504373601985136588	      1.72675317540387118775	      2.35648799048762436215
      1.05248266629203190980	      7.14833775697821760531	     -1.20201012936420292831	     -0.27542156197510397897	      0.60966543307779508254	      0.99016755094675112936	      0.04780026117328310675	     -8.37846463376116012967	      3.45867614738009665487	     -6.15652842836817626448	     -9.52561954797032406361	      6.59157835200692776567	      4.23857424390007242465	     12.64619232092024248004	     19.72382883152790000736	     -7.28629956184981431022	    -12.78447335613878621530	    -41.89568969769996442665	      2.99159723583204550934	     15.61660491195199185199	      3.87769841565027117980	    -20.45339155607429759698	      1.77155696480565172379	      2.38874580555529325565
      1.05449897594321484462	      7.11956608620197251014	     -1.25297741305029020076	     -0.28945100985984589803	      0.60935587916712663503	      0.99011966750630564515	      0.04789675344205899382	     -8.54065440819709742470	      3.52144012770857717243	     -6.13169965816945605752	     -9.42188156180731262168	      6.63434966874193143838	      4.22292574468626025208	     12.50447391019493537101	     19.74459192666519413706	     -7.32525461565643176698	    -12.96777202906049453190	    -41.22718736255617244524	      2.83116220612675517643	     15.56346595057366677395	      4.22595289561723941318	    -20.45214289725148049115	      1.81872634175398206757	      2.42133133732482530576
      1.05629164925934859731	      7.08841107025419425725	     -1.30281055927590450061	     -0.30451720950192578963	      0.60908118861680315970	      0.99007229393458673350	      0.04798071685926773994	     -8.67788221462172160159	      3.58031049617353458459	     -6.10927884244550689630	     -9.33222566153840382697	      6.67012601830308149431	      4.24957871024407030092	     12.30074984874658561296	     19.76614822697662177120	     -7.36390017620665116027	    -13.13518377527024583173	    -40.62953273621250360748	      2.69111428336232583192	     15.50863715914471896440	      4.53498691235861883797	    -20.44362885541348973106	      1.86513580413881463471	      2.45387098844905970907
      1.05816511182160311044	      7.05102778188166556816	     -1.35841071543292413182	     -0.32461306871559392206	      0.60879407803028773305	      0.99001913127856489005	      0.04807015278355016713	     -8.81493498318073420705	      3.64390606280393924976	     -6.08180711112569127863	     -9.24146878207718103226	      6.70722732794206333296	      4.31039807717219858318	     12.03355729078537628141	     19.79006084877276805400	     -7.40806018361117857296	    -13.31608920146445029786	    -40.00194011482942357816	      2.57210911425415966747	     15.46666353421908723931	      4.81391338046708838760	    -20.42865021106386436145	      1.91601996648217043351	      2.49247463526936252620
      1.05999651720881238326	      7.00992168125470271889	     -1.41540592790251884558	     -0.34974555895216741241	      0.60851256481786797359	      0.98996372598192872161	      0.04816195660657481697	     -8.94263105402260727317	      3.70751738536279606961	     -6.04728813683424526459	     -9.15605813687483838237	      6.74616111877273372244	      4.38795640881618354001	     11.74575037255892873134	     19.81419615490073837805	     -7.45470687521637209727	    -13.49961249042314470614	    -39.38604206454159140094	      2.49846570156992076051	     15.45946295967418571138	      5.01358991222960881373	    -20.40870566746679060088	      1.96642545492960674203	      2.53530803702250651099
      1.06137881880028239756	      6.97583299675446166788	     -1.45957478212142599538	     -0.37262416754999255764	      0.60829896871520139356	      0.98991941473748035207	      0.04823508636617678674	     -9.03470963519691494525	      3.75609777098946340246	     -6.01440275086297404528	     -9.09410954513334957028	      6.78251524985461795580	      4.44909949704905205436	     11.50162565043786244701	     19.83301648967454156036	     -7.49176465765100729755	    -13.64256215219974777142	    -38.91991229822487241563	      2.47325112277932435134	     15.48278033859454971832	      5.11425133234930306969	    -20.39036490931934508808	      2.00395725337781982489	      2.57090978518982682388
      1.06297152801485461637	      6.93532730788313234171	     -1.50977529123237386166	     -0.40321428756607768928	      0.60805146338510251969	      0.98986928776326899015	      0.04832400093205227454	     -9.13869379364619227601	      3.81078017242786071250	     -5.96848675190295807624	     -9.02502884686627560029	      6.83557312570984354494	      4.51371061176679511107	     11.17459666595780554132	     19.85270362467040428101	     -7.53428281136302668841	    -13.81226547489301559324	    -38.38023645416937768005	      2.46939426002688611206	     15.53904045592291005562	      5.19086447494171387973	    -20.36823383718036239998	      2.04429648573903088860	      2.61478852815516482622
      1.06460576845802012969	      6.89546287173970284812	     -1.55843290138972490055	     -0.43859975560653330362	      0.60779587984306793214	      0.98982450219724094076	      0.04841948604499185516	     -9.24707788528191798605	      3.86334401351155198867	     -5.91348420954612130629	     -8.95493767282082764325	      6.89557000360216409973	      4.56308514660417063880	     10.81687437981209320981	     19.86702309665963639418	     -7.57489870634302420171	    -13.99154124972008617078	    -37.82171472400872858088	      2.47820461416936810295	     15.61938732678632746342	      5.24447457174646558542	    -20.34805161185656174894	      2.08020392931011244286	      2.66168657517585938166
      1.06618147512352434703	      6.86065887818740005599	     -1.60133831479984101165	     -0.47498168928900985630	      0.60754776149913003458	      0.98979146593996725212	      0.04851306849701291640	     -9.35614948471319607393	      3.90942438592460561608	     -5.85533256924701994706	     -8.88608983384115980186	      6.94960462138222379025	      4.58617071788401542420	     10.47954196808061055890	     19.87333499872619313464	     -7.60880771740009720361	    -14.16766104371970413922	    -37.27742866854161718493	      2.48013046930085501174	     15.70227612649587634053	      5.29749578581964808421	    -20.33341420586179282282	      2.10857688220167860393	      2.70686308649864360021
      1.06785874483003717650	      6.82784267760952090498	     -1.64229073791188628917	     -0.51379345622048566700	      0.60728157788639891557	      0.98976793932400686238	      0.04861029892479160064	     -9.47815242889586251351	      3.95329696531615715216	     -5.79145659367809528817	     -8.80983104283082596453	      6.99617477374828755643	      4.58011341299254937098	     10.15123915734742610084	     19.87271714959023682923	     -7.63745910083575285654	    -14.35561517171118417480	    -36.69173501101768408716	      2.45550578527278862140	     15.77573125449093183192	      5.38276619371326514596	    -20.32349337874041239616	      2.13237089636243171142	      2.75257713429830097596
      1.06987570501502338161	      6.79210149859621559187	     -1.68573166625976189614	     -0.55701042157039004632	      0.60695819461258526673	      0.98975187548373955160	      0.04871771227784984365	     -9.63108146793501695981	      3.99992575539037309440	     -5.71717068168003450523	     -8.71333186183184160711	      7.03648076112008258320	      4.53382957663977137486	      9.81218608087898402914	     19.86642192357588143636	     -7.66051852156480084233	    -14.57712993177250204724	    -35.98029675236663393889	      2.36880827174126507018	     15.81646594610279166204	      5.55422808771355036583	    -20.31708694872202514148	      2.15422551582049814911	      2.80110618989951420943
      1.07151690665591847740	      6.76459844824185552170	     -1.71692222359140700405	     -0.58750725778552259637	      0.60669236619179878200	      0.98974590186725275309	      0.04879391713879797920	     -9.75906384910784474584	      4.03348652022905795889	     -5.66189184209063967046	     -8.63125594976934351621	      7.06440779471882152052	      4.47423295307526203146	      9.57241481763681001382	     19.85966853905534534874	     -7.66965116826356574364	    -14.75081092907443114370	    -35.39699849772610207310	      2.24581627217738644120	     15.79728085463520947940	      5.75732594663621721764	    -20.31477244500652545867	      2.16788363548348028687	      2.83381406678433211965
      1.07360406939851626973	      6.73592520944145167761	     -1.75038291958363223522	     -0.62124693774435146842	      0.60635297089175821394	      0.98975429234294542979	      0.04887713803555285980	     -9.93150667753533156201	      4.06900451951687713859	     -5.59886910069031618065	     -8.52202542521356498639	      7.10696833702000407840	      4.38998655927565106794	      9.29033428624848944821	     19.84317696626057525577	     -7.66813397116377881702	    -14.96435872994337579200	    -34.64874422781598184429	      2.03558867611860572211	     15.70932784636102752529	      6.07381227750528918108	    -20.32009979059153081948	      2.17884613016091543969	      2.86791541870884092447
      1.07546051691122679372	      6.71524780930446141269	     -1.77685082568488383892	     -0.64727446995989834644	      0.60605223492041671030	      0.98977405854365485549	      0.04893930573356699426	    -10.09256518493068277564	      4.09637595621339656304	     -5.54895093392718141700	     -8.42130866817877254960	      7.15655365658237130333	      4.32338040480208274374	      9.05257328811256911649	     19.82238100917852463567	     -7.65794825463729367243	    -15.14711185379177038612	    -33.97978765556163693873	      1.83133976554003830017	     15.59792600941215923172	      6.36119685718941774155	    -20.33088916464120288197	      2.18550927723156052096	      2.89334864735429109217
      1.07724268877508988496	      6.69615144730530253980	     -1.80258086731234512534	     -0.66913899893176675970	      0.60576663087303994626	      0.98979706439253356542	      0.04898945431382740329	    -10.24967496394744514987	      4.12241750070142209950	     -5.50547675063167041287	     -8.32275697881549803014	      7.21443599705678551004	      4.27949593204575418071	      8.83373009941667142186	     19.80153975249573505835	     -7.64479651049574471244	    -15.31533768340260159846	    -33.33838277965501362132	      1.65529588962798301921	     15.49654840577936276702	      6.59151076364291554910	    -20.34216350426775932192	      2.19298578335782279325	      2.91527636226784414575
      1.07930337286739663760	      6.67208439768578553952	     -1.83511596880381988584	     -0.69149646498798533756	      0.60544277943881696924	      0.98982295509631079700	      0.04903788479030564418	    -10.43087799403589954750	      4.15479772485318665787	     -5.45927326400659485017	     -8.20729186690456913311	      7.28834834060994474214	      4.26574696810720865869	      8.59673123989696108538	     19.77981336979680548893	     -7.62942725249193642867	    -15.50149219793216737173	    -32.60093948428752241853	      1.50998054783919655186	     15.42799099466095213984	      6.75391536561329974830	    -20.35248763669870797344	      2.20562199556742655204	      2.93962692374243195204
      1.08106161465496386498	      6.64944453053119310937	     -1.86545186505090176965	     -0.70930185642677834323	      0.60517395214250224722	      0.98984356566492204266	      0.04907356425357831814	    -10.58458767575729098098	      4.18444951723272140498	     -5.42209744532185933252	     -8.10747263410476293188	      7.35141060661066880755	      4.29317269533423484518	      8.41698991351474035127	     19.76327398379928368399	     -7.61753981411843827942	    -15.65513371552568422373	    -31.97601450146944657149	      1.44872335051708578391	     15.43576780628423250619	      6.78396686887376265673	    -20.35810806205621759091	      2.21978369002529385412	      2.96107957321943615625
      1.08256053473162805467	      6.62732786690729902546	     -1.89367819883438537332	     -0.72472969753795624115	      0.60495051903779284430	      0.98985801465594180915	      0.04910208077739914440	    -10.71325014626328453460	      4.21168772985815298426	     -5.39055077458904552401	     -8.02174434255439372521	      7.39873956028847867827	      4.34409091128672120163	      8.29803188810302927436	     19.75195673841869492549	     -7.60953307913854271050	    -15.78377170121817130166	    -31.44667153118329494532	      1.43949644187754355329	     15.49525181128907469486	      6.73134721004243985476	    -20.35902618186783286092	      2.23458911825019912456	      2.98119866653622933583
      1.08423898130787810246	      6.59777185424688106252	     -1.92864519155864289068	     -0.74298804212616142983	      0.60470593094890012775	      0.98986815730041677330	      0.04913328773755547968	    -10.85242101349729004767	      4.24531592136796032122	     -5.35380425883317023761	     -7.92550369006109889369	      7.43812405039573576460	      4.42270516493648546685	      8.21198996126499025650	     19.74452599754924619901	     -7.60393623041568123000	    -15.92575841002518899359	    -30.85760619195504972367	      1.45980749500905981897	     15.60814778648418332807	      6.61143090806400657300	    -20.35392698126794996938	      2.25491332996526017141	      3.00649895059399474562
      1.08578650450836255992	      6.56617268528448239095	     -1.96390796633979358710	     -0.76083324953674624780	      0.60448513530076364297	      0.98987232930864477165	      0.04916149898786516259	    -10.97612802380969654337	      4.27933755944985438902	     -5.31755874172884723805	     -7.83671540624902895900	      7.46088539185546206767	      4.50488381149835959150	      8.17676875106353584499	     19.74254669587677568643	     -7.60145626898877413424	    -16.05478919242854729532	    -30.31687413125261443270	      1.48516093173404062355	     15.73376512546750305432	      6.47685645742756310739	    -20.34367463031281175745	      2.27708461946562312761	      3.03225524849004068884
      1.08733226247641034945	      6.53169576980880339789	     -2.00143990946320471380	     -0.77952426847378952779	      0.60426866006743651383	      0.98987382703987869537	      0.04918877625917075086	    -11.09656984767409326764	      4.31582003256518209611	     -5.27813908455252356333	     -7.74822499470320380510	      7.47543923494516171502	      4.58464399334845662537	      8.17499721363261677709	     19.74378398785422561446	     -7.60030377597854123195	    -16.18180462972505395669	    -29.77740582018887138815	      1.49281054408391633537	     15.85211647449302141410	      6.35592732276127225788	    -20.32955932943414012470	      2.30197538849316796217	      3.05979599486178610590
      1.08894671392537323307	      6.49438641651369152896	     -2.04248434554532520835	     -0.79980792644193576812	      0.60404656364979980587	      0.98987567200140602619	      0.04921579296491580130	    -11.22094612689553194684	      4.35619761050273268665	     -5.23249242253100366185	     -7.65638861945995152780	      7.48959735037350604614	      4.65220662781414251441	      8.19479163492416873282	     19.74634677768210266890	     -7.59914051411976831929	    -16.31227665792564351932	    -29.21294846940761402720	      1.45984652808698966986	     15.93905010030909785712	      6.27808361294622230275	    -20.31274464902979559611	      2.33033589452800082853	      3.08990404630236970007
      1.09000314197789904824	      6.47012677047244810780	     -2.07018779701161204088	     -0.81344952105833912004	      0.60390336627379714862	      0.98987848339005568565	      0.04923248656990224931	    -11.30247525803712349557	      4.38382616357453080980	     -5.19959420680222184075	     -7.59680551651675273206	      7.50175394858452815328	      4.68084338645901176790	      8.21287578105851068244	     19.74767041920534893507	     -7.59792533751465715142	    -16.39631302893670294907	    -28.84240601710681417558	      1.40818036911790001042	     15.96405431030960464511	      6.26593686742807243206	    -20.30158101666602732394	      2.35005571596091655806	      3.11012804113006291473
      1.09180432929057080749	      6.42945390770741820319	     -2.11960559670254156117	     -0.83709520650098834249	      0.60366317277429548671	      0.98988645161787458537	      0.04925892374505425053	    -11.44211670545283610068	      4.43383196217152431018	     -5.13867192985356702195	     -7.49664715663504832577	      7.53392467670700050064	      4.70317898753415164492	      8.24960393856076024122	     19.74880467629502334148	     -7.59591361955584698507	    -16.53676054105522297277	    -28.20888625349802225628	      1.27330746997146193600	     15.96271294480150437778	      6.26753651673503409114	    -20.28269604361157973926	      2.38663649304577152321	      3.14521158796807887015
      1.09343260062738023564	      6.39184524420161181979	     -2.16781743803668502935	     -0.85758584426794026712	      0.60344952089871128909	      0.98989377664611877261	      0.04927887033252632137	    -11.56722413578851949012	      4.48368135592032146519	     -5.07999101121606866371	     -7.40775277907001505895	      7.57408996227834663273	      4.69402346255428870592	      8.29193953071056988335	     19.75118753991210596155	     -7.59526264250835581038	    -16.65839372629677939130	    -27.63629908998974116230	      1.11728471742976642744	     15.92924614553259310412	      6.25132520496054056025	    -20.26410119649667151975	      2.42463299038368784721	      3.17622101044395233060
      1.09512058660142019839	      6.35221254458093120832	     -2.22088424474159662481	     -0.87752698169419873775	      0.60323069736922652062	      0.98990134350171887778	      0.04929519812320697081	    -11.69610798206981350233	      4.53953293521991074755	     -5.01662422673586760880	     -7.31655097301238477314	      7.61933176076879714600	      4.65296363708097437950	      8.34922824452615586210	     19.75486805826455238844	     -7.59518138299553413617	    -16.77806085119179613230	    -27.04393497786801958682	      0.94283808704315541505	     15.87308151857132010321	      6.19856296383045357601	    -20.24369453164031185111	      2.46843245720181503344	      3.20654579288157481898
      1.09697382282584587898	      6.30920999975346141753	     -2.28126513203660197249	     -0.89862166468413384735	      0.60299289035307501727	      0.98991127728575278866	      0.04930938569545682826	    -11.83815885714629523306	      4.60359713887137989019	     -4.94561603261333271320	     -7.21679197653247062050	      7.66575063678854373705	      4.58097160931790448046	      8.42963815161207286053	     19.75823603090959679207	     -7.59468508873925163272	    -16.90252098892964127685	    -26.39573779009600684731	      0.76808481538908557340	     15.80923353051700530614	      6.07319912876364575993	    -20.22159897344691614762	      2.51954221870043371112	      3.23729594212221272187
      1.09890088648299988350	      6.26572041138187785236	     -2.34486444282428019292	     -0.92096872075735580765	      0.60274732210087311746	      0.98992404543287126906	      0.04932207307462335016	    -11.98705644905989586846	      4.67065067987892401646	     -4.87253983053101080714	     -7.11349890095039150140	      7.70658961966307654023	      4.49979072124705048452	      8.52693094284720309872	     19.75949944724549922626	     -7.59294620418611110324	    -17.02549345069653696783	    -25.72510574727472487666	      0.63836503251712439777	     15.76968462451412023029	      5.84784502878634526724	    -20.19996747885798171751	      2.57368930831695941208	      3.26653530221500432162
      1.10006916402653431852	      6.23968668540256743427	     -2.38340208366019101760	     -0.93528849654607826292	      0.60259862950948162030	      0.98993238257197402330	      0.04932955859940649918	    -12.07739737402257595988	      4.71060095598897721203	     -4.82977809502178434542	     -7.05155389762928308528	      7.72810521283496054679	      4.46061857251509774613	      8.58699656643588582483	     19.75929192090219999045	     -7.59121920698135799199	    -17.09727664104544331281	    -25.32071040223171820571	      0.59546463696768126006	     15.76962371098114523704	      5.66264890284502975248	    -20.18734265202413169504	      2.60630393899547918579	      3.28303812068866562868
      1.10179087826392474447	      6.20161940800754774017	     -2.43957027126834002928	     -0.95732133258078566662	      0.60237860509890472915	      0.98994515740694755124	      0.04933954299223435730	    -12.21026127451236753529	      4.76770267838135630711	     -4.76947305728607506836	     -6.96148017696039023150	      7.75488320519935303565	      4.42003492414667498167	      8.66961014103615212889	     19.75805579658273458676	     -7.58657385397729022714	    -17.19819333500358737865	    -24.72783691051806087557	      0.58082181631267382205	     15.78525446773054952132	      5.31102033963249731130	    -20.16939791309530605190	      2.65342854746204626082	      3.30513295789741246011
      1.10386312397470542912	      6.15805343486346945525	     -2.50440451867632285499	     -0.98407317561603246947	      0.60211144010184036723	      0.98996412529414856696	      0.04934682729435340559	    -12.37168940467524613780	      4.83153863354871937474	     -4.70286091183490384537	     -6.85505466915958816543	      7.78566215090428936918	      4.40832712790184899632	      8.74279778405990093404	     19.75324121317435555056	     -7.57466309670323667547	    -17.30999602068370180064	    -24.01735163038608078523	      0.62181000347322235022	     15.80651122998409441323	      4.78169536769220382411	    -20.15089193195798955571	      2.70692080500142084887	      3.32675193006522640360
      1.10577045361851200589	      6.11926337873965398018	     -2.56010884450531595036	     -1.00920561825225685304	      0.60186146982704513686	      0.98998376216919192760	      0.04934850759275114657	    -12.51986015505661953284	      4.88385914685106126143	     -4.64683585684489841583	     -6.76133891622251237408	      7.82571114310003590475	      4.44444415057110386869	      8.76626301045349087815	     19.74656739086490730983	     -7.55617290066049562824	    -17.40330294357660889659	    -23.36424964870017717544	      0.68224329380566117731	     15.81747120191880640050	      4.25194569037447767101	    -20.13599845645447317111	      2.75139841724278833013	      3.34228481563725399184
      1.10757963284532379156	      6.08171122684553644433	     -2.60907705243232124204	     -1.03412546176451725088	      0.60161849055388294527	      0.99000153406994562122	      0.04934612176242968162	    -12.65685251045428039163	      4.92745695804015504393	     -4.59574093561878616043	     -6.67852131487870437354	      7.88111287144679373284	      4.51515143989749656583	      8.74543041785537411670	     19.74062454048269543705	     -7.53173624458453350172	    -17.48311630036771546770	    -22.74369239399611686281	      0.72017228803839894447	     15.80576807451009280214	      3.77502218235383946165	    -20.12181704655830571937	      2.78871125531323471591	      3.35428978464502458579
      1.10924046359720840371	      6.04554950027555548786	     -2.65109511196100955388	     -1.05820123386365749774	      0.60138858314831944440	      0.99001579220586266583	      0.04934083737800457753	    -12.77778090936500099417	      4.96304829914245537736	     -4.54768628013347520067	     -6.60866095027178257482	      7.94425833063500164144	      4.59579582548055398661	      8.70118824077420605079	     19.73695954412722386451	     -7.50394642234462150299	    -17.54860654728815205772	    -22.17199113882796979169	      0.70908391624686750720	     15.76685690416304375105	      3.40511951133648427259	    -20.10778111031119763652	      2.81903362224951470338	      3.36395508583548741299
      1.11043500218646373767	      6.01843913310060063537	     -2.68002256687209605701	     -1.07624615781594079600	      0.60121841673277576223	      0.99002477395600252397	      0.04933530357551135781	    -12.86160609204637594871	      4.98674467691853617879	     -4.51088622911040193486	     -6.56214489885247065359	      7.99356857800631459554	      4.65234612844774719775	      8.66430862112708233269	     19.73565660571401991774	     -7.48139580363991729683	    -17.59098211292344160483	    -21.75938764299250038903	      0.66481125849939692873	     15.72180473369774311720	      3.19314251825995398804	    -20.09706274075223220166	      2.83893304651257105675	      3.37059773988234789854
      1.11221606505489623018	      5.97671880364039065370	     -2.72178732225545916279	     -1.10520762844227538046	      0.60095764711209676001	      0.99003631468086128464	      0.04932660293982880917	    -12.98206311802211665452	      5.02002877447539308520	     -4.44966197201720436993	     -6.49856573941867665667	      8.06883158852588522336	      4.71895529451982476132	      8.61612727444451209635	     19.73506476500789830197	     -7.44566889501315820610	    -17.64856565189279180572	    -21.14367928672251295552	      0.56779023198980849152	     15.65903548102281206411	      2.89738654997765721077	    -20.08055157364775666906	      2.86588175826192692597	      3.38165342365946086645
      1.11416615499861060279	      5.92970249016531081310	     -2.76619117634415001561	     -1.14072548626034397934	      0.60066395556076779272	      0.99004657665257789212	      0.04931860811515928478	    -13.10827911532029155239	      5.05442437197161975604	     -4.37134916115838834116	     -6.43663292339357706595	      8.14587229708984494891	      4.75070880138035800400	      8.59119706044166875358	     19.73550415151350989618	     -7.40520147360490188504	    -17.70513899831842508092	    -20.47035629510874343850	      0.43698409882572858409	     15.61338243922195267999	      2.57782488565211043152	    -20.06205091941102125475	      2.89190823579710087898	      3.39733704782860668203
      1.11627843724284114835	      5.87800225812081666987	     -2.81494033452902314707	     -1.18371031383406499771	      0.60033848904048159323	      0.99005512307702836505	      0.04931175949415913390	    -13.23960566741110511657	      5.09171210892224745947	     -4.27297985273225844338	     -6.37771396047656669026	      8.21567611088231508631	      4.72845101013296886805	      8.60905713075714906779	     19.73682157067855058585	     -7.36266642520112402082	    -17.75801656320803445510	    -19.74555951267256048709	      0.29695852141738698915	     15.60317927314559049989	      2.21551514199119248261	    -20.04211348320593799599	      2.91857903399008655754	      3.42061662815932754356
      1.11808945269063797490	      5.83424217524043076111	     -2.85875614486756202126	     -1.22365622590541689441	      0.60005561542050167567	      0.99006108599377462554	      0.04930578457428229366	    -13.34965067753806167161	      5.12507315909398997178	     -4.17990497557055551425	     -6.33312628091873541791	      8.26795610781663192768	      4.67266994363262266887	      8.65088532954319333612	     19.73782105777072359842	     -7.32879812024965549000	    -17.79500896181292191045	    -19.13106587326383589698	      0.20740065791357237268	     15.63020771831949851105	      1.87209652238738333274	    -20.02614123948588087387	      2.94219393107912896568	      3.44669143512828979325
      1.11983757645688752902	      5.79340816978094519385	     -2.90317182984045762950	     -1.26385278563557901244	      0.59978135800293197466	      0.99006604998406644302	      0.04929744394989585277	    -13.45525172311928940871	      5.15856141102038989743	     -4.08625767325369526617	     -6.29453691211228072433	      8.32029996961323625726	      4.60565816161626795378	      8.69398057763266862707	     19.73806778340289014295	     -7.29828064014788857605	    -17.82184155424165084014	    -18.54592551245612597199	      0.16496234529500417021	     15.68207680847239338107	      1.50651554671437537536	    -20.01237185989313260848	      2.96652857171416783899	      3.47702513033814897270
      1.12075930394941658541	      5.77259850462248369496	     -2.92721126581656987398	     -1.28527704435538514538	      0.59963688209616972102	      0.99006841167376513635	      0.04929102014479666560	    -13.51105777096514337643	      5.17638800982456626087	     -4.03677736618472238206	     -6.27567772022334757764	      8.35116803213360192615	      4.57196534857755132464	      8.71528647060661221246	     19.73780519773393749006	     -7.28249679046325404386	    -17.83186007636031078505	    -18.24055575668702644521	      0.15851789545131039771	     15.71218805118182260117	      1.30391317596679634505	    -20.00582776768786530397	      2.97991809268410623446	      3.49476561450226386185
      1.12276755922998372483	      5.72862412655213582013	     -2.97919341005916393783	     -1.33374505775926843754	      0.59932292409507448294	      0.99007319211371080936	      0.04927315024898160783	    -13.63250224937523036317	      5.21299942895747481231	     -3.92978048264653345711	     -6.23816765489303648451	      8.42697763444640379760	      4.51541033101316457987	      8.78251579696765638516	     19.73588645034693200842	     -7.24640241064792611780	    -17.84416542656176218884	    -17.57998145688758739880	      0.15363810403667058080	     15.74641726875089986493	      0.85963068398583608598	    -19.99276906600101355593	      3.00817619248855949721	      3.53836483287580572110
      1.12523190287938890108	      5.67710019569490142999	     -3.04235314453260485834	     -1.39847490801277429817	      0.59894097655044875594	      0.99007946007998637317	      0.04924755718572224050	    -13.78147479421014942602	      5.25334690135048276716	     -3.79995954454847195692	     -6.19775519273648178853	      8.52785591384948027383	      4.49252480621149263840	      8.89689910310462828136	     19.72995663670564781000	     -7.19990530408118978301	    -17.84282375171470036435	    -16.77678590846056039254	      0.15173704536036375368	     15.72211565231964769396	      0.34455091161039763659	    -19.97871128171387766770	      3.04095182474125724781	      3.60299293472003956396
      1.12745885209135532357	      5.63377564891395810065	     -3.10199717041129652273	     -1.45945996521772736187	      0.59860156142809783919	      0.99008780805167628802	      0.04921914887614035894	    -13.91844725905676227740	      5.28972386225676860505	     -3.68566865169450874617	     -6.16318733395503581818	      8.61069067844956137492	      4.51842660095219894600	      9.02781795175993728719	     19.72035039283696988832	     -7.15925430667903128779	    -17.82370149465990039062	    -16.05759034243716598667	      0.13947848264858081491	     15.64909381572616986489	     -0.05910714596879836774	    -19.96864651521239508725	      3.07329977826615019509	      3.67021289176942167032
      1.12936490331848649049	      5.59973438441807669363	     -3.15708572423528721629	     -1.51082369186613463263	      0.59831780716184745916	      0.99009802699914295498	      0.04918877743659529761	    -14.03923310945534730365	      5.32415290117321760022	     -3.59081898019966194724	     -6.13287691545046609320	      8.67170806313204955984	      4.57070526731687376554	      9.14765363330949909937	     19.70847472986167403519	     -7.12787070058771554670	    -17.79313801853836451983	    -15.44696338816337011224	      0.11368515985526893297	     15.56969997305669295429	     -0.34344058787121423126	    -19.96238050942080377581	      3.10632903376682767416	      3.73193882868060633484
      1.13040068646788238738	      5.58247818121582906059	     -3.18874290497215451268	     -1.53788134569813439434	      0.59816708252006334234	      0.99010480588440641370	      0.04916980445787273724	    -14.10657357021141145026	      5.34462378506792479271	     -3.54019716505196102574	     -6.11580490398762677273	      8.70325340674583713962	      4.60825668886461325968	      9.20896776236371827906	     19.70042624205080272759	     -7.11248416229008917355	    -17.77178531219880142089	    -15.11692064921633260610	      0.09289390663893047628	     15.52843414600697080630	     -0.47382644896461389994	    -19.95982979808225010743	      3.12670080634219083038	      3.76643050352490238453
      1.13233996603011655147	      5.55095170271462734490	     -3.25223977517058004949	     -1.58661558376273004178	      0.59789221912301271367	      0.99011702858305561392	      0.04913031700227350057	    -14.23409807838664420387	      5.38782216814388004167	     -3.44595387501468364277	     -6.08341628819778623694	      8.76277888652851544293	      4.68820208084830802875	      9.33877079464215675841	     19.68417209306738868690	     -7.08842908968463980557	    -17.72477727380254819423	    -14.50332504728392279958	      0.04701190835436693666	     15.46869508664419790023	     -0.70260459834744826146	    -19.95484835383329169645	      3.17065342411367190323	      3.83220239581749400060
      1.13493046516014528535	      5.51155823639120256985	     -3.34526042925506184034	     -1.64851353140780054751	      0.59754048319452990334	      0.99013422281236407319	      0.04907287716395553057	    -14.40876495843079929671	      5.45529796751089346429	     -3.31918327439727001149	     -6.03990155964540953448	      8.85085813978749591513	      4.79783926273152960817	      9.52940926372170693526	     19.65792868769483447977	     -7.06665886770606554990	    -17.65294327544711094902	    -13.69262431308106897632	     -0.01544582912893839588	     15.44703217439772302555	     -0.99922745600963935875	    -19.94942786226605235811	      3.24011852727494575888	      3.92122737163994727894
      1.13771407839250482397	      5.48230155281865272343	     -3.44786295126954422940	     -1.71139941245931370695	      0.59718443618845351573	      0.99016946634952685002	      0.04900824138088691329	    -14.61472112159991532110	      5.53166150639058606941	     -3.18320194650032739503	     -5.98776160020638581472	      8.95430997109700399506	      4.89112787037007823443	      9.73749700226349013121	     19.61069242254001565584	     -7.04785606118409102550	    -17.56732159240211643692	    -12.82964779779984176855	     -0.06263312065252862881	     15.49808221158699872433	     -1.32485126483211623771	    -19.95637217946736541307	      3.31846814326791639260	      4.01341497138522118604
      1.14001717596021534540	      5.46968443538934412373	     -3.52975969433630432093	     -1.75886088872867341060	      0.59690767878348072184	      0.99021330275287844369	      0.04895078366485319105	    -14.80242392423989983286	      5.59286882209075830730	     -3.07408569115031804486	     -5.93641249301689910567	      9.03707206927977146904	      4.92434392440542012537	      9.90886225574240953051	     19.55563258266060699953	     -7.02885576150781687943	    -17.48302119789213904255	    -12.12305949460077947322	     -0.07286127048316264065	     15.56725562956122033142	     -1.60068081905501302664	    -19.97386009110444859971	      3.38064513693288715146	      4.08118480783603398976
      1.14195462943737191530	      5.46400450796377512575	     -3.59553670309142869854	     -1.79371624256339301517	      0.59668659965944492729	      0.99025466534412565078	      0.04889677115782533473	    -14.96929310113156041950	      5.64245599014950904859	     -2.98692545318277558053	     -5.88639682824456400567	      9.10054551095658403881	      4.90991836636424583418	     10.05087419595247411053	     19.50324388265224229144	     -7.00814076012170161789	    -17.39569094767394830114	    -11.53638521473125955197	     -0.05891177037676526007	     15.61672689391284229998	     -1.83631294265509725783	    -19.99341671774306306020	      3.43062734248071476983	      4.12861152581215229418
      1.14403107878037202383	      5.46188073491258840875	     -3.66203141657640562912	     -1.82303071148971684856	      0.59646041052524800818	      0.99030114795577572906	      0.04882779971507339445	    -15.15632371411617107526	      5.69315155315942256209	     -2.90259545724289491631	     -5.82509681534265144620	      9.16243863747461517733	      4.85870617789378833606	     10.19490849895299788841	     19.44368007648883178717	     -6.97889518634031080779	    -17.28022988695143880022	    -10.91700017443979753295	     -0.02944759465560113296	     15.64001621809113729000	     -2.08262662352713245895	    -20.01819828499127851273	      3.48172108607888697307	      4.16581470827708866267
      1.14617326065745084307	      5.46089771741143792383	     -3.72441603175738888964	     -1.84498865929125055452	      0.59623675146960108950	      0.99034622255635940125	      0.04874486285008879788	    -15.35388182322923178447	      5.74034978242392046610	     -2.82782026704987643484	     -5.75541306795673701657	      9.22600099268190554369	      4.79081403939941097292	     10.31794827416624826810	     19.38255950565738316982	     -6.93943906204328175846	    -17.13849857686849986749	    -10.28895878127915608502	     -0.00031075745650054255	     15.62157195332910930574	     -2.30202985098962509269	    -20.04458903184927009988	      3.52933896735136043432	      4.18845231346687985052
      1.14853617502260529903	      5.45633894564985144626	     -3.78477450288848382698	     -1.86309130612955553552	      0.59599815748387596770	      0.99038513643886838533	      0.04864518786352847041	    -15.56995526018074471608	      5.78402771413301408643	     -2.75919532958830027169	     -5.67512927371752962102	      9.30413032583971322254	      4.73217610642789843212	     10.40681810582810307153	     19.32087393283697807078	     -6.88591465290665283305	    -16.96231458515802970055	     -9.60991669667035708358	      0.01092899033679999542	     15.55749353764503162267	     -2.47629606708657545866	    -20.06965079780004757026	      3.57321051993307436945	      4.19727460374946659272
      1.15004163510607071430	      5.44979048699127854860	     -3.81898212363628841715	     -1.87364178279413806649	      0.59584876066230474390	      0.99040178281735125054	      0.04858106475457747708	    -15.70375879024449972121	      5.80699726505842850344	     -2.72161691670792738051	     -5.62401202029719637920	      9.35782679621094359845	      4.71741266728240660200	     10.43870428378409620507	     19.28639798064721944115	     -6.84817084976201151392	    -16.84378226758168750621	     -9.18521951793701951772	      0.00120905461570793666	     15.50370849134028183869	     -2.54503728559806452481	    -20.08182038559789717169	      3.59593618663753211706	      4.19626401530224324432
      1.15174261222993989939	      5.43889666163217988526	     -3.85400878124293067017	     -1.88694686395510502486	      0.59568146183099002222	      0.99041330607911937101	      0.04851189901048851005	    -15.85066291895343759677	      5.82814222917179680650	     -2.68287852734015475065	     -5.56727696621204781735	      9.41874436341792353744	      4.72899943870201067142	     10.45825917770439161814	     19.25159971893278409993	     -6.80378154918223820857	    -16.70838740919544562757	     -8.71330511957920528232	     -0.02140104741812553016	     15.44279677560597718866	     -2.59638318939310908107	    -20.09220299203519033426	      3.61618054674631395073	      4.19136439068890886972
      1.15346646368669714100	      5.42553296507708271434	     -3.88515253393969706153	     -1.90304903486849230632	      0.59551465871492803572	      0.99041921950614930648	      0.04844771119270320503	    -15.99646397445715351182	      5.84366814144686230748	     -2.64578119252168386666	     -5.51072465091501406675	      9.47557423215791949644	      4.76985841762271700617	     10.47063852284451002106	     19.21883891118958231914	     -6.75726548568879081813	    -16.57311978039238198335	     -8.24448825485904457366	     -0.04637807933710463154	     15.39363421860402603158	     -2.64046710440275100851	    -20.10058422701950320288	      3.62981289266273687844	      4.18386097773467735550
      1.15536103736610185067	      5.40806274386170748869	     -3.91597540884896266888	     -1.92426818017566381158	      0.59533546747199994620	      0.99041836664729010486	      0.04838507856552033692	    -16.15263441152323053984	      5.85579215543014974799	     -2.60455365271768890523	     -5.45043799344754820169	      9.52724826158406301602	      4.83774464829425276946	     10.48753931335986244733	     19.18636413172486143708	     -6.70683706358296305439	    -16.42868604000008758703	     -7.74294168309120500737	     -0.06136237787923377873	     15.36849773625502812990	     -2.70020570718833230472	    -20.10710217826173007438	      3.63860846973003360105	      4.17468135717348687308
      1.15751357214633632253	      5.38494974384008084911	     -3.94923942702520092141	     -1.95348866633593210018	      0.59513783959824351211	      0.99040779443778892421	      0.04832466465980469333	    -16.32437211654166375752	      5.86629018601399820909	     -2.55236528701666554042	     -5.38634407712136908941	      9.57529228071409654888	      4.92352412455879573372	     10.51275000259644087919	     19.15439742496230124402	     -6.65368828063602801848	    -16.27080293674083932842	     -7.19370939222055927331	     -0.04508282828821414540	     15.38487737096278351601	     -2.80449995208545965752	    -20.11135905881430474551	      3.64368373286240831987	      4.16617246631761339870
      1.15961285391318735805	      5.36064446243279846271	     -3.98090384838064270667	     -1.98733476783684515077	      0.59495228959874257857	      0.99038931613356229189	      0.04827613504910705650	    -16.48703489032310898210	      5.87459286118772983087	     -2.49212168331217176487	     -5.33046640994836273819	      9.62396676030751585529	      4.99289977471975099377	     10.53037836921680892033	     19.12689818782495976279	     -6.60692353321509617814	    -16.12215908188392887723	     -6.68040255119168957521	      0.01076500627927429524	     15.43807388188818308095	     -2.94742739282213772611	    -20.11389925437237025108	      3.64495543656852527548	      4.16210090606198779284
      1.16111563802683614988	      5.34316056865721389357	     -4.00282364830826509206	     -2.01450335905874666764	      0.59482465039160536957	      0.99037222327747320705	      0.04824661914300393956	    -16.60137081661497759910	      5.87929856790516680576	     -2.44221083800472626990	     -5.29538259493531882072	      9.66869277508361868456	      5.02198765382174983074	     10.52730217600517548249	     19.10836771663750965899	     -6.57572854791771632677	    -16.01768415547763169116	     -6.32600258267252613109	      0.06912211026164861993	     15.48692061847889611670	     -3.06148226453261340652	    -20.11566142902336551401	      3.64356434248677318877	      4.16231754157465250188
      1.16299432719410766879	      5.32027214104896284397	     -4.02991747924564425176	     -2.05258369364182069461	      0.59467092531374055042	      0.99034522058447083115	      0.04821556711886942209	    -16.74034073819722578946	      5.88427496772632618871	     -2.37049985189091172444	     -5.25833051316044208789	      9.73952921078647371189	      5.02443261250735417889	     10.49821452454338910343	     19.08739150003376394693	     -6.53983287176566641108	    -15.88867557084294546144	     -5.89703728799373916303	      0.14661464379968280891	     15.54646767232139836779	     -3.18295940699483992375	    -20.11677980489566053279	      3.63991090622055679660	      4.16791972289894641079
      1.16518440989616101078	      5.29315187853918889260	     -4.06286426774058284650	     -2.10381705094873838746	      0.59450001697820753499	      0.99030896784759736562	      0.04818690699032537883	    -16.89799016118537977604	      5.89007356054565178738	     -2.27386328576349106001	     -5.22388147031638006013	      9.83006935988179364472	      4.97697877698525648071	     10.44736008280325201270	     19.06396269220698869162	     -6.50400058997610663880	    -15.74024648370877699222	     -5.41428404160731613359	      0.22486806866185810039	     15.59563421296494567514	     -3.26896914329849597181	    -20.11782196527184396473	      3.63503490568533393912	      4.18458789226218197399
      1.16744158794188845896	      5.26917287430424785555	     -4.10003019959222125834	     -2.16474825111989721549	      0.59433509334524681211	      0.99027510397399709507	      0.04816362692218630753	    -17.06141813135538143342	      5.89658066351039789055	     -2.16329300868857377083	     -5.19567879257946518834	      9.91556038412639573210	      4.88968085660729734343	     10.39772898626604025196	     19.03432488608621753201	     -6.47507403885059673598	    -15.59001233124462793000	     -4.93255202048465957176	      0.27543866165506858401	     15.61055652130592719118	     -3.27711744953345229803	    -20.12351736152321635132	      3.63131260585274073804	      4.21542180706261859768
      1.16932723206616984157	      5.25540025328130155913	     -4.13437325068866812217	     -2.22166924031364576564	      0.59420829997515145493	      0.99025528640031501570	      0.04814648525030065102	    -17.20300168274541263713	      5.90223569572033390784	     -2.06724998769594625614	     -5.17617014521329199539	      9.97540234131347958169	      4.81515248338629131553	     10.36477096973571221383	     19.00076819986879783642	     -6.45754270747261482910	    -15.46744547411609183030	     -4.54087697924450850451	      0.29303626013192374256	     15.59452273317248582885	     -3.22616859914395925912	    -20.13514433239916101570	      3.63037060566266589490	      4.25254405062416473982
      1.17044196716188397822	      5.25043758942535720990	     -4.15619676841504581688	     -2.25758461655071096530	      0.59413897070060617267	      0.99024795770193108080	      0.04813622483863960050	    -17.28965358546863129163	      5.90549557337050945449	     -2.01088421023416596967	     -5.16612827316587530646	     10.00711798990692535938	      4.78273030374912888618	     10.34521942546243700178	     18.97647197436155863670	     -6.44999522684971449138	    -15.39654635103106983252	     -4.31404656977103240223	      0.29616921041590454911	     15.57538518767707103052	     -3.17809220087549171296	    -20.14535340524716744426	      3.63103922955361113623	      4.27924904067200984059
      1.17222382913051870190	      5.24633488455710494947	     -4.19334533307144941006	     -2.31834822745533353228	      0.59403753435386996706	      0.99024122869180819517	      0.04811937176095873459	    -17.43154865344637372004	      5.91030259100829447050	     -1.92307398672561236097	     -5.15296569677659821451	     10.06031122053432014241	      4.76396554962119456178	     10.26979660238082914248	     18.93208796141107441713	     -6.44230311957965096070	    -15.28643524862806302167	     -3.95982937800212875246	      0.29542323046112406448	     15.53609500640155083317	     -3.06263766086544819700	    -20.16544324488428685527	      3.63405872482478153884	      4.32881025301622290868
      1.17422135545502381859	      5.24298441837935147447	     -4.23831778262267366841	     -2.39307320115744692757	      0.59393697776369236419	      0.99023467151626620719	      0.04810377206754682528	    -17.59016917976285299119	      5.91494900545648505386	     -1.82695556812655013346	     -5.14432404286963773643	     10.12899461857848315560	      4.79792368538746583084	     10.11191968978500810294	     18.87943768076349826401	     -6.44119570369687632905	    -15.17038031547076748495	     -3.57792548084839712175	      0.30136612534718326684	     15.49180137187556738354	     -2.89991324116336945949	    -20.18867135752895691780	      3.63995267739622452297	      4.39504137599215383148
      1.17626344302672025677	      5.23676101008979788531	     -4.28713996732300461900	     -2.47561508259372953233	      0.59384803723288015487	      0.99022264503722845497	      0.04809223803695681504	    -17.74726415193274320359	      5.91909738474205138203	     -1.73092846029419122900	     -5.14218727221088123258	     10.20696573326398315373	      4.88137959744107430282	      9.88974301718044657150	     18.82836369622621930375	     -6.44767258599837234101	    -15.05992100843367431651	     -3.20774550863570384607	      0.33240996587049753686	     15.46069444165667761126	     -2.73372496742546022830	    -20.20849984399502474730	      3.64820500130692382257	      4.47134812352167099192
      1.17838143113197935108	      5.22542448000766057703	     -4.33901485387175434028	     -2.56415894661785648267	      0.59377032190298872916	      0.99020155887657423932	      0.04808252500515046435	    -17.90347487956521277397	      5.92290501781905032175	     -1.63396672286219701853	     -5.14486132453189259905	     10.28834201749246979318	      4.99043230628871103960	      9.62886759565460259580	     18.78184442296184286647	     -6.45974111869870704083	    -14.95165019853820354001	     -2.84730852084774221922	      0.39913077973353000560	     15.45292768638183744656	     -2.58716702162911849072	    -20.22266854235611077684	      3.65807212245495172454	      4.55337136198470471271
      1.18001208257836953663	      5.21322950973693810539	     -4.37845041846617810677	     -2.63176032816448657314	      0.59372036790979210163	      0.99017942171513195770	      0.04807456056666443989	    -18.01957820986224234616	      5.92548817088900570127	     -1.56098047262141603753	     -5.14859590110969023158	     10.34820960459954797273	      5.06654161551915915851	      9.42800684512525499770	     18.75113716949791964339	     -6.47045857021236781037	    -14.87057105771061848998	     -2.58570714413653579555	      0.47113335580799181601	     15.46481288397995612627	     -2.49781401405820702166	    -20.22902216161771349334	      3.66567895677585919856	      4.61415707713218381514
      1.18171933778943816229	      5.19748555930647970769	     -4.41824519597416731642	     -2.69941384962841945949	      0.59367707722682994120	      0.99015115827720234787	      0.04806329753600094984	    -18.13799537920057503015	      5.92804679076736196208	     -1.48654070804810967132	     -5.15297187686838586984	     10.41301471809943457458	      5.12283218772342063829	      9.20448955176319394411	     18.72385906144136669127	     -6.48097539517718068680	    -14.78539261598131204778	     -2.32549049125875839650	      0.55594301841917859175	     15.49069259705319545617	     -2.40499127557842795611	    -20.23169441513711674929	      3.67315360274775004612	      4.67165449785234088154
      1.18381111669928684726	      5.17496937402074852486	     -4.46330021364259277306	     -2.77170108593688224730	      0.59363697412147742316	      0.99010972796200635848	      0.04803782304915496515	    -18.28073998655336751540	      5.93146000858659139254	     -1.40294632746936076551	     -5.15637894052117573551	     10.49479376085012205522	      5.14518353520613214158	      8.90418164742177253856	     18.69767848208957161660	     -6.48886143033277562608	    -14.67456013354354915634	     -2.02478356999782960202	      0.65353102469676682684	     15.52937837596035741683	     -2.25555008599328932206	    -20.23019666501490476662	      3.68141729031849740394	      4.72585285579206182405
      1.18640096680856599320	      5.14511869313856173846	     -4.50789982797364796596	     -2.84001305056027586460	      0.59360719392714056397	      0.99005193308676009423	      0.04798365789433729767	    -18.45812425980477300413	      5.93165957376727703831	     -1.31858269254823601280	     -5.15375813199739862824	     10.58317670257726561545	      5.09928569997914049594	      8.54213812396995919585	     18.67376723862400922371	     -6.48290815213495097424	    -14.52363718435997519407	     -1.67768110487162291911	      0.73665654504085220644	     15.56329277710104186383	     -1.99791969815493142271	    -20.22411004794724931344	      3.68480792170428150811	      4.76039380335406825395
      1.18882575251951028150	      5.11629029066521034963	     -4.53348103281507341933	     -2.88384772496777808115	      0.59359760366630143213	      0.98999337209518578629	      0.04791439671643857312	    -18.62559836872153695708	      5.92174648962936700514	     -1.26308209094652834636	     -5.14405200342422208593	     10.64472699338297978500	      5.01004758066092570346	      8.24612104939686396676	     18.65844582560673003968	     -6.45645878409676310383	    -14.37069020567649246800	     -1.37722289904081507395	      0.76667971144711788423	     15.56447179951227965944	     -1.69176107331987068960	    -20.21565213365698454595	      3.67448302201120746702	      4.75910569448143494498
      1.19013155417123850377	      5.09948124968260430023	     -4.54028737893776845880	     -2.90106254408026753566	      0.59359855011744855346	      0.98995889984584861665	      0.04787289224264452969	    -18.71469513559656050461	      5.91116598269595083792	     -1.24281848845907449963	     -5.13716438804487474101	     10.67101398830779146465	      4.96009673509811133130	      8.10683577375963082545	     18.65406066392821315958	     -6.43402217737745818482	    -14.28535146027895486043	     -1.22613205066239161489	      0.76793829052144502167	     15.55234524121559580578	     -1.51373167171527822639	    -20.20922853744006886245	      3.66233395572847886257	      4.74643201760484423346
      1.19210400593851062467	      5.07258502190664462006	     -4.54155606730289118644	     -2.92167036452082840015	      0.59360641826903093321	      0.98990394763613265283	      0.04780981099306513826	    -18.84714469602559105965	      5.88722113797258206347	     -1.22341117948403166338	     -5.12654874873540400415	     10.70724974504339499504	      4.90326702472109765552	      7.91714866954552221046	     18.65192393160257111617	     -6.39074725050639003143	    -14.15578636875419249463	     -1.01286900696724591064	      0.75622611217539625894	     15.52174845205714603935	     -1.20611233707191556341	    -20.19770925166999475664	      3.63437226354982234611	      4.71504076537130600855
      1.19434552559992490650	      5.04428449352630536850	     -4.53252486865546000416	     -2.93889830707238619567	      0.59362244438441891248	      0.98984484049672250006	      0.04774018561337103894	    -18.99853043228844740042	      5.85014002962751789028	     -1.21465887793298565889	     -5.11610026376769688738	     10.74830277699859237828	      4.88392646983019851348	      7.72584442174985763785	     18.65132190198402639680	     -6.33158449510965670726	    -14.00960375545897385052	     -0.79454218787721953010	      0.74221755316225423993	     15.48324451035910165331	     -0.81168824472146550164	    -20.18751378882863534159	      3.59067236613285434288	      4.66579070584582122905
      1.19665088119980267400	      5.01548082234409520197	     -4.52009001892888484520	     -2.95071714996124256913	      0.59364195731419278079	      0.98978442738801653000	      0.04767232098816116120	    -19.15053120883030857158	      5.81011229431572573390	     -1.21295173315294779748	     -5.11272546546892225905	     10.79548799827102634197	      4.91514671513441925299	      7.55034504863511379824	     18.65775843268487577120	     -6.26999228542935505004	    -13.85963343616706033856	     -0.60387873057570506941	      0.75786754839432390884	     15.46243212796112231899	     -0.41516092865231429831	    -20.17870684217174925834	      3.54204999172483514513	      4.60603437641901614086
      1.19949262216728325114	      4.97476441136822788991	     -4.51187584788273454706	     -2.96039814047388194496	      0.59366288138658751539	      0.98970221473214936569	      0.04759884440023767066	    -19.32271393389304847688	      5.77056663740184738742	     -1.20630897233950928893	     -5.12830960914174749377	     10.87033845715747482075	      5.00040256687031181571	      7.35067361593760981719	     18.68446509551127832083	     -6.20755858360903278736	    -13.67609776123257603331	     -0.42346604853107638888	      0.84095433023884391677	     15.48726675693892396168	      0.00040731017075997580	    -20.16514779130734780210	      3.48960815315053585195	      4.53028591818312431627
      1.20126774906219502270	      4.94686202716341583141	     -4.51296099786399551590	     -2.96623462639376223038	      0.59367161000401202919	      0.98964786142461091956	      0.04756236339601731949	    -19.42074784461017245007	      5.75340235531560661997	     -1.19294503006596097627	     -5.15243020851805511029	     10.93155651100874869996	      5.06091996832643964410	      7.22933806254528388280	     18.71075838907860955374	     -6.17930278409623223723	    -13.56436270061822035871	     -0.34047415482403958764	      0.92134861143697088792	     15.53148327122849536863	      0.20428653633118284971	    -20.15601588619610495812	      3.46281384120851942754	      4.48687525686901267363
      1.20302440042688529864	      4.92042378638457744700	     -4.51820912286113696155	     -2.97516427984651876670	      0.59367575536757188903	      0.98959802691093723404	      0.04753747209332875173	    -19.51305662189608369772	      5.74050484298836050101	     -1.16825622626308911478	     -5.18856212499385183179	     11.00280568576653195123	      5.11236035241599928725	      7.11739361708941142837	     18.73885030590583511412	     -6.15949672486982091613	    -13.45925918500351237128	     -0.27706490144004214393	      1.00758405146563134736	     15.58823305218374422054	      0.35635627650838752611	    -20.15007598948337630418	      3.43904354372846876586	      4.45098294833546681559
      1.20469751607678854377	      4.90030454948030325113	     -4.52597885798770516175	     -2.99011396382111449554	      0.59367543163461744538	      0.98956233847893426692	      0.04752814264074498030	    -19.60076685477483238174	      5.72942074117920796539	     -1.13109304449102832102	     -5.23397232449066596160	     11.07130329702420468152	      5.14335572528993800745	      7.03071012134107853342	     18.76077269240698797148	     -6.14757245586297962348	    -13.36768042579674720116	     -0.22954182548538160091	      1.07975915869613858789	     15.64376179084586837575	      0.47307320089088261694	    -20.15181131821387694458	      3.41643775594023990649	      4.42712936318995886609
      1.20693095468979527674	      4.88572185742816156306	     -4.53888286044554600807	     -3.02217069051326348017	      0.59366960605775354054	      0.98954150068084711922	      0.04753882256535593015	    -19.72301314378449532683	      5.71332787225991722835	     -1.06086385219895751320	     -5.30905844650418323738	     11.14666915986318329601	      5.14804605474450038827	      6.96655813191996386990	     18.77540079582117371615	     -6.14031191379659979646	    -13.25982548441845487730	     -0.18120251634419867748	      1.14283082297923432868	     15.70229567155062966322	      0.61410704232202806274	    -20.17018343708779681833	      3.38360360835204820873	      4.41336013800493187631
      1.20915614696923312543	      4.88500558254252936763	     -4.55363500776670537817	     -3.06615832069088600775	      0.59365951545065531736	      0.98955069780808968538	      0.04757044376584054074	    -19.85128767569105434632	      5.69475103090564438446	     -0.97353277716839703437	     -5.39819200621720085564	     11.19658998119108517244	      5.11406069302419208356	      6.96467870441812042515	     18.77387885320340288331	     -6.14072137167715581541	    -13.16484053805926102143	     -0.15062325925100958357	      1.16347564034864636717	     15.72704791210478703078	      0.75707113160398142870	    -20.20576954736143804325	      3.34771068517002579057	      4.41823188281134537903
      1.21038754375403634356	      4.88887496225920514803	     -4.56255098058666330729	     -3.09384574531034806100	      0.59365290102345602552	      0.98956523168753607322	      0.04759309120236727975	    -19.92352018971274318915	      5.68373614573883134682	     -0.92154510920824839193	     -5.45327873416387376437	     11.21687739178972798015	      5.08436069619308650402	      6.98253818132403836216	     18.76894992464368527862	     -6.14347827771040577716	    -13.11484385612194536463	     -0.14301738536516522826	      1.16088678851730930930	     15.72330951082428640575	      0.83753818998133211515	    -20.23059676200830736548	      3.32730485199386993855	      4.42689296059442671805
      1.21216325804459335025	      4.89551258255645738160	     -4.57632447471482350920	     -3.13595488015207379817	      0.59364349405161909168	      0.98958992421085911761	      0.04762781990903793700	    -20.02485636736058083329	      5.66754559542115554649	     -0.84625575696989907559	     -5.53986885211365187587	     11.24582077098790300340	      5.03769015641352257973	      7.02611723835511803316	     18.76295123832425559840	     -6.15004970276744078461	    -13.04335367637384912598	     -0.14708541070632447090	      1.15465520262509069305	     15.69951223836881126772	      0.89208598529933624821	    -20.26747434343095477516	      3.29841146902141568731	      4.44426428653228011711
      1.21423282182742009461	      4.89767850896189216314	     -4.59243111360004618859	     -3.18671264950030730390	      0.59363592837054113271	      0.98961135511602182913	      0.04766714659479412419	    -20.13153162980189136988	      5.64750598501146150454	     -0.76341471111106229408	     -5.65106712235911334830	     11.29375777506202993550	      4.99488814590808516414	      7.08032816255964281282	     18.76689832390538370532	     -6.15991177719829963166	    -12.95995288053475924528	     -0.17782946841578520236	      1.15784662468442567373	     15.65355980309342953660	      0.84344843717086159796	    -20.30322222482500293950	      3.26551565278809352577	      4.46836596081422410265
      1.21637454399423061702	      4.89260233424252088952	     -4.60585937438133097288	     -3.23948031628135879600	      0.59363697918257885000	      0.98962255649860064732	      0.04770214931728013197	    -20.22937823325293393850	      5.62215733326046418483	     -0.68927164963204134995	     -5.77506106092405691044	     11.36852249337102804816	      4.98258594053202141794	      7.11786289466931609837	     18.78422352451696397679	     -6.16845547656782677848	    -12.87499259242849980467	     -0.23900576097249132124	      1.18219124202321124173	     15.60010555580414504107	      0.67862381930611803682	    -20.32994171248892456560	      3.22956221935368104070	      4.49337265937226160162
      1.21844043080379926813	      4.88537497783621521563	     -4.61260177036574603449	     -3.28971021214104464292	      0.59365161914092501316	      0.98963043583315135621	      0.04772752187429482595	    -20.31869401347860204510	      5.58967194522454757788	     -0.63195674642733978832	     -5.89907818778195558451	     11.45910156569687110562	      5.00985931712869536625	      7.13539364518913821200	     18.80655882367448938908	     -6.17109910775886927325	    -12.79730188110872290963	     -0.32230061036738655300	      1.22682695600037194872	     15.55795887764952389887	      0.43458726843527556438	    -20.35042977972501532236	      3.18964734603819399794	      4.51446832604744052730
      1.22003829263451724074	      4.88135844738185031844	     -4.61271078529276312707	     -3.32786004047094552405	      0.59367477479208763391	      0.98964011528586814936	      0.04774025194784269760	    -20.38877232976977538215	      5.55798483763535600133	     -0.59687148493896158286	     -5.99570842935157966025	     11.53207550018172433681	      5.05531119722023980501	      7.14512852571175294258	     18.82272668083765765346	     -6.16801951246651380956	    -12.74152771461156419264	     -0.39978840487787026259	      1.27186500506749577966	     15.53901067924596368641	      0.21050082523068347484	    -20.36599920865898027955	      3.15412372141144325965	      4.52757140092898247019
      1.22193081887051979706	      4.88021921789518220436	     -4.60717090431436204767	     -3.37199260556323032745	      0.59371767243788253765	      0.98965921188809746756	      0.04774648582889978732	    -20.47561306582479190297	      5.51325983780396811085	     -0.56351759582518357039	     -6.10950414824434684391	     11.61294832399353538221	      5.12911051097227321804	      7.16919625222797218811	     18.83736900664978364262	     -6.15832992161668446585	    -12.68059790421878929578	     -0.50308656651938588045	      1.33212293819131577521	     15.53522898167495469579	     -0.09101761231188895684	    -20.38605196128688135104	      3.10691773554766781373	      4.53865228491179273362
      1.22425211506082054491	      4.88358116436698530549	     -4.59362762392405699075	     -3.42266067281891128715	      0.59379509993357038056	      0.98969369227181791526	      0.04773830644367213494	    -20.58807424975206856743	      5.45073969788901635525	     -0.53054250170360028882	     -6.24641813202987616904	     11.69374910185236160487	      5.22798597468663217569	      7.23447496939814183037	     18.84876006053693231479	     -6.13838732362404559950	    -12.61123330961816613183	     -0.64317478004938788416	      1.39868377188137138489	     15.55318697954234075098	     -0.48886263593020523599	    -20.41217956502250885364	      3.04397713345613318836	      4.54380249949610970361
      1.22617257108317079251	      4.88631864082808231586	     -4.57833174861880110029	     -3.46158723648069654999	      0.59388037952495864591	      0.98972585090870612845	      0.04771806980501502177	    -20.68167906732026395389	      5.39513963863320178405	     -0.50493091569743842051	     -6.35821756921057978929	     11.74431102338052923528	      5.29795864992401988047	      7.31464938879171988617	     18.85699910265759626782	     -6.11676773170254151069	    -12.55672983187032620833	     -0.76814374627149106800	      1.42401567996907374436	     15.57653010074126953555	     -0.79108338160786773052	    -20.43049057781798438782	      2.98995154904280058261	      4.54107501800593826857
      1.22830566942986707524	      4.88462507732257122939	     -4.55793193308974853295	     -3.50342170459533264193	      0.59399768833279531499	      0.98975889299976205216	      0.04768351433997596034	    -20.78062139239870731444	      5.33052570145903903409	     -0.47248962166998792478	     -6.48298537086910631189	     11.79040869626585674723	      5.34678519711850697149	      7.41621260595550158001	     18.86998281168375157790	     -6.08894023989675581277	    -12.49874596742308519026	     -0.91601843639128610608	      1.40467366727440934326	     15.59753331540584397885	     -1.06086848959404167481	    -20.44202825882618057562	      2.92896371753671491689	      4.53251102760436985761
      1.23001941284930405018	      4.87779340960380025649	     -4.53909135894704185432	     -3.53789456202999552659	      0.59410926940615660374	      0.98978101755588432376	      0.04764904127141442874	    -20.85392593621755352729	      5.27630320543515995979	     -0.44003902122848859158	     -6.58499570997451133536	     11.82445226059181742073	      5.35593369369962069015	      7.49765769259898195997	     18.88535187179193997054	     -6.06444784261313696305	    -12.45474147609823845073	     -1.04250991996693720409	      1.35675649543799470287	     15.60244784635523451755	     -1.22614685107993470758	    -20.44248598836822594649	      2.87905832814099316153	      4.52341160437822153995
      1.23193914708799256985	      4.86425425715049719599	     -4.51552120226216846532	     -3.57943267601559655944	      0.59425283706223352986	      0.98980148317959970594	      0.04760620850628696082	    -20.92921519886577641500	      5.21266679347323602656	     -0.39453583951763798732	     -6.70195017598353182109	     11.86039907907886536975	      5.32975794524450829925	      7.59601552779335165155	     18.90785577064955447213	     -6.03558110544781456497	    -12.40939172330362261221	     -1.19382302370992876561	      1.28265996305810503486	     15.59233113372589052403	     -1.36257276858518250329	    -20.43356771551466266601	      2.82176387647909709955	      4.51323208071465131752
      1.23380698809194044863	      4.84716242083850268330	     -4.49126239391440851279	     -3.62302865901381965230	      0.59441135892327856549	      0.98982023858281920070	      0.04756149862390975785	    -20.99771766059731703535	      5.14876384005044407388	     -0.34101327869509506785	     -6.81886887744300462799	     11.89023175261321085827	      5.27018805972595938414	      7.70903108065824849149	     18.93311860336885388278	     -6.00751441615740322533	    -12.37000012749592414707	     -1.35245986720889210808	      1.21017437779056580283	     15.57227331012368054530	     -1.46417737578528073250	    -20.41771967220526207143	      2.76553159614929455756	      4.50476834343754806156
      1.23556038526625644458	      4.82988079434798756040	     -4.46833858547533946393	     -3.66773354136384632795	      0.59457663336214372496	      0.98984061950907520355	      0.04751908217031766690	    -21.05985484757517411936	      5.08736805387868429307	     -0.28279202680699394579	     -6.93244566943539641812	     11.91478736542066130255	      5.19593290285310160925	      7.82404600918119541575	     18.95710447639256912566	     -5.98276915676531828581	    -12.33967508930851941784	     -1.51222820785360867468	      1.16001442529494802613	     15.55445893180007210788	     -1.55762201202666505928	    -20.39915757914855376498	      2.71281475902737456707	      4.50024101044203206357
      1.23738254305553985191	      4.81234700767956180556	     -4.44502211213547404611	     -3.71926080216521715016	      0.59476456555663648196	      0.98986757676723235999	      0.04747708180406341738	    -21.12347512225768753069	      5.02190134062679849336	     -0.21505241706058825235	     -7.05584236035198930637	     11.94415486009031290848	      5.12059313871709242960	      7.93589626784075541366	     18.98002312160458870949	     -5.95997049155029579026	    -12.31772119552690014643	     -1.68919428801487470082	      1.13698996920455042137	     15.54707033510296554368	     -1.67158500532189679966	    -20.37818552623699019932	      2.65817000605375408639	      4.50128065823788148236
      1.23940808023883297651	      4.79435017439013844154	     -4.42020557001285929744	     -3.78309505115331079494	      0.59499179103670440938	      0.98990621624128449785	      0.04743445609546091679	    -21.19351856465527106366	      4.94689144522097379308	     -0.13366598883197874925	     -7.20081018742340894789	     11.99008034741355999131	      5.06698433045463225710	      8.03063421193880166982	     19.00179072215284747926	     -5.93896871429271921983	    -12.30618650682139048058	     -1.89804082349409752872	      1.14473406401121313714	     15.55856866965813978254	     -1.82407804708038234764	    -20.35414873693028425805	      2.59774642566793501075	      4.51089454697898073476
      1.24067085083583394933	      4.78393934110827423467	     -4.40547613145986183270	     -3.82593956521487621458	      0.59514269061222746515	      0.98993497904413796373	      0.04740980688108573093	    -21.23667467241279283030	      4.89902733269375900704	     -0.08151081456750250420	     -7.29555261635482210636	     12.02692276569862528390	      5.06104397028810648607	      8.07070066561987253806	     19.01349847850459084952	     -5.92825381286934049996	    -12.30526224058464990208	     -2.03407185032801773872	      1.15993157717173533960	     15.57588307857490761421	     -1.92296559306813663603	    -20.33884790168965395196	      2.56048455781139638887	      4.52140690434081804483
      1.24258585715151315121	      4.76775032150120736674	     -4.38474125103495460110	     -3.89320195824643766613	      0.59538324072358272954	      0.98998263256503737928	      0.04737302095623196346	    -21.29926234352652514303	      4.82610814813729671613	     -0.00419796436114531178	     -7.44603698481925757591	     12.08893715020255754666	      5.10025596585165530428	      8.12834183849378533182	     19.03132481823028143708	     -5.91545045386416212807	    -12.30929882811493314421	     -2.24854493816212430701	      1.17644989601885208153	     15.61041697046232279433	     -2.00731520187738032845	    -20.31357745739193987333	      2.50580945026927892627	      4.54235154583335720702
      1.24452257546110112152	      4.74905858032198224805	     -4.36586093404111696969	     -3.96168326953298599591	      0.59563791087617856679	      0.99003235568719427651	      0.04733485331194913631	    -21.35651747817196266510	      4.75328044859437426339	      0.06930952728595403400	     -7.60679903931067258327	     12.14592019012147972035	      5.19169943606807837710	      8.20254947069470219390	     19.05269237657295278154	     -5.90619793179518914883	    -12.31542088364431108971	     -2.47524428429594500756	      1.16565829935289966279	     15.64509451880088342079	     -1.99101416620999915885	    -20.28372663393582797653	      2.45348108688872468264	      4.56768191972064130368
      1.24644006163536213982	      4.72811459791293753341	     -4.34796114581974091351	     -4.02730548411241784379	      0.59589891482114065724	      0.99008198598075192187	      0.04729457467477748284	    -21.40686623886983497300	      4.68226672547187394713	      0.13601621370516844833	     -7.77352474761514322665	     12.18247276482289009891	      5.31093090752933694176	      8.31071779372475205605	     19.07827763074589100256	     -5.89842285151610568050	    -12.31889382407451627444	     -2.70873160062410578419	      1.11399250784115966262	     15.66726289877828115493	     -1.87105927988823683705	    -20.24989659419373566607	      2.40356536747029769785	      4.59406536917247887430
      1.24854537763766826330	      4.70275694196127957980	     -4.32704949937939975513	     -4.09394368416102150121	      0.59619334448885097366	      0.99013590941185558592	      0.04724631887542628250	    -21.45512819288779837734	      4.60529105091040769082	      0.20232959068907258038	     -7.96462116265161679252	     12.19681401842255041856	      5.43913118165820907990	      8.47103427774495898461	     19.11206534710938953481	     -5.88817981846771676402	    -12.31528053542709955082	     -2.97550334280373274254	      1.00990819575766344052	     15.66869116327209887629	     -1.64091530881341385317	    -20.20836050384127702273	      2.34877616432200797547	      4.62103950044614020243
      1.25000352854988250328	      4.68383540144534560312	     -4.31068405505945939638	     -4.13534992015351754446	      0.59640093397854954116	      0.99017183898926841579	      0.04721013353954199576	    -21.48411837040698202372	      4.55257410618925462131	      0.24467890977645834205	     -8.10217772643084011008	     12.19717909069178851666	      5.50606544970959888019	      8.59636156701895792764	     19.13947629910663650321	     -5.87844220288293772825	    -12.30638351516726025636	     -3.16713293541810525511	      0.91583972495321597229	     15.65426527414191859577	     -1.44318360674059609217	    -20.17698771345981967329	      2.30969554174705749006	      4.63673618537082710134
      1.25148697175372358714	      4.66291647192467539895	     -4.29212159145790295156	     -4.17279438520484369235	      0.59661419281300431816	      0.99020554181395525895	      0.04717113638486666871	    -21.50902301327660381958	      4.49982320226100807048	      0.28555936482720289948	     -8.24712904518361078487	     12.19703184338678703114	      5.54345306593067821410	      8.73979987181796857953	     19.17173234886326582682	     -5.86585249589213031385	    -12.29120720275970235491	     -3.36833304871689565019	      0.80757529253890203425	     15.62806567205806018706	     -1.20465348290725371427	    -20.14234975678246186703	      2.26865833602963595794	      4.64933811205174940540
      1.25354699229194976873	      4.62811518502537655451	     -4.26463819156045254033	     -4.21782730256228788335	      0.59691119981775597747	      0.99024258429270306525	      0.04711496065656798488	    -21.53195584530688577729	      4.42987037769501945661	      0.34061268192765831175	     -8.45859583685995808366	     12.20960694888885278431	      5.53659779034592514080	      8.96640514990956738473	     19.22751159894805184081	     -5.84609204954288674827	    -12.26079943133880867379	     -3.65951374490168923614	      0.65165642932425560385	     15.58143972758607809226	     -0.81160029859612059511	    -20.08692846158585254557	      2.21102477163072208555	      4.66194947968950579309
      1.25570140725566448126	      4.58644640945664239240	     -4.23419237345593568733	     -4.25728466515535242110	      0.59722056831275704969	      0.99027220266779558688	      0.04705524269716268582	    -21.54344803207567338177	      4.36037401117576184362	      0.39443875012251505829	     -8.69213379357361759503	     12.25199767994250699132	      5.46996788827835711544	      9.20257829080754419238	     19.29673270676973473314	     -5.82338812251416548804	    -12.22099951392689121121	     -3.97798423512710819239	      0.50898142963244819015	     15.53863548733163746363	     -0.38685406336986122300	    -20.02265601785307325144	      2.14955320627053314553	      4.66933352335102558328
      1.25820881298227615908	      4.53951490024739978679	     -4.19561927027026548842	     -4.29344344109231634832	      0.59757706189387171936	      0.99030892505797019076	      0.04698452363797556847	    -21.55090533083778581158	      4.28097064935850113443	      0.44382875454167397544	     -8.97588629952298688863	     12.33256302968197815062	      5.36166280204843470614	      9.45519074413528493039	     19.38009865423076050206	     -5.79287020289943477280	    -12.16935576034078181351	     -4.36224487586668718819	      0.39525684208456135504	     15.52165327630029167949	      0.04861891278018330015	    -19.94992286788240321016	      2.07390226819889589294	      4.66899362357394309697
      1.26001177739722547422	      4.51072752089895256944	     -4.16602179682449680342	     -4.31194456981592022515	      0.59782960363318826680	      0.99034397455042300074	      0.04693114281337511934	    -21.55730548699034798688	      4.22393489752552042660	      0.46389667227818676132	     -9.18500563511610224054	     12.38992743522855377591	      5.29715011549800962598	      9.63140684572049643464	     19.43678483302623050122	     -5.76776228934414003646	    -12.12905758780252973850	     -4.64457407690587409377	      0.34917099431988068980	     15.53824074906179752986	      0.29815260809089055849	    -19.90395715269831100613	      2.01656283278537573622	      4.66108690628426547420
      1.26213924976535452060	      4.48290974629247429561	     -4.13065718168462225890	     -4.32581586264764972327	      0.59812139344436465738	      0.99039761354459376896	      0.04686485990942872160	    -21.56709465832895489257	      4.15738310752818840399	      0.47077810455100016496	     -9.43539869343155679360	     12.42896422675207368513	      5.26110153102224842314	      9.89923651126927417465	     19.49856675999957289491	     -5.73612441109009907336	    -12.07754264694051471452	     -4.98089240483088069311	      0.31528865558452418005	     15.58405404776444846959	      0.56069529554069164057	    -19.85816091450874409929	      1.94710273985509552119	      4.64320358507802311010
      1.26410417846381895046	      4.45993668586234814910	     -4.10048668304021823872	     -4.33194038830171557208	      0.59838307275807278707	      0.99045551666060416274	      0.04680043281095862262	    -21.57452684613393856239	      4.09967618981159898084	      0.46660080336490317165	     -9.67045542213434394796	     12.42979118073352573504	      5.27604380021069552242	     10.23084238098978815401	     19.55409149728755835440	     -5.70827113958453491449	    -12.02514570008243666166	     -5.29274192063915727147	      0.27960619236895456474	     15.63897480888694424550	      0.81764422617246801384	    -19.82104217943388491108	      1.88448115102372715235	      4.61956428496982685061
      1.26588022099099384299	      4.43695098531623699500	     -4.07849130379196189722	     -4.33277685290251746153	      0.59861103602591747563	      0.99050857683984316893	      0.04673958892584115232	    -21.57418271615305371824	      4.05453840585850944223	      0.45927099745920080265	     -9.88902051944135962458	     12.41670709314585252514	      5.33054374737936242923	     10.55849466370633571444	     19.60836174191915759479	     -5.68796513992917596170	    -11.97259754759855354678	     -5.57538645716872593994	      0.22504850632876038929	     15.68581628406190553449	      1.07939551325171390062	    -19.78733184413413681568	      1.83296646866987367197	      4.59359377971761695392
      1.26825439922813609783	      4.39922384607236516274	     -4.05989074325935916931	     -4.33020990560936880343	      0.59890073576160807178	      0.99057589254735489703	      0.04665727649420003953	    -21.55788647714990347026	      4.00781631734906973463	      0.45375503757910734537	    -10.19528529748582812431	     12.41502835442901719887	      5.45029860015741896007	     10.96109678342851445620	     19.69056179154855357183	     -5.67214619896178184888	    -11.89622786728306813586	     -5.95288879790619596122	      0.09745858775657692541	     15.72519725766063203309	      1.49193888559134757443	    -19.73849693862747400885	      1.77441218243279807965	      4.55558946199485514938
      1.27018017140148065103	      4.36313232271473161461	     -4.05454273869522108242	     -4.32854970755137191674	      0.59912248727640493584	      0.99062915990243227693	      0.04659325221385780119	    -21.53134134074182526319	      3.98159191496703979141	      0.46023862277982496849	    -10.45759375721133821457	     12.44417532971223039340	      5.55938171437968797761	     11.21674883852513460170	     19.76367453039110699820	     -5.67038745922462350535	    -11.83231607745513080943	     -6.25678689474243920898	     -0.06055057344873803621	     15.72618266706018452794	      1.88369401310320516707	    -19.69640234719701510357	      1.73524020711331328215	      4.52530687288533783885
      1.27199738745658108563	      4.32877304897708015119	     -4.05615972833568871891	     -4.33088528376138004461	      0.59932255901461439773	      0.99068610324893824348	      0.04653932045022696889	    -21.50043207076262419264	      3.96407483865762610975	      0.48182786770183766434	    -10.71528852611189464028	     12.49145838530331253935	      5.63932714143030011655	     11.41763703289825748755	     19.83127199985134225813	     -5.67718191031196361962	    -11.77512074068815195460	     -6.53880124903881743137	     -0.25275142300265707185	     15.69942758546173955381	      2.30070779970941474701	    -19.65916786051232989507	      1.70212506038122879382	      4.50021297999229741293
      1.27406277985797622421	      4.29812378601025191216	     -4.06248942147669289682	     -4.34038512249123797915	      0.59954585245697888940	      0.99077336470445775962	      0.04648882849539243828	    -21.47006007116220871467	      3.94800743394205699843	      0.52699837801835858198	    -11.01443799928197542215	     12.53786603525974996387	      5.66839669015545144504	     11.65132048669176434430	     19.89411841823212512281	     -5.69171261338588951872	    -11.72014307625822659986	     -6.85057612551676342605	     -0.49940455501328651078	     15.65207700605411922368	      2.79893213245675465117	    -19.62850360342943645264	      1.66381668006034244556	      4.47757950878482180457
      1.27622380616910469087	      4.27494985526473669779	     -4.07428233469232559116	     -4.35749749715327094890	      0.59978171667702562253	      0.99088878139708302939	      0.04644628876783323673	    -21.44472878225334966373	      3.93575187397602599404	      0.59404531908806956775	    -11.33072026714728330887	     12.54561060704163999446	      5.61371292778830532910	     11.93757379331793266886	     19.94529917312446087863	     -5.71522569459023976890	    -11.67567065923282321194	     -7.17120399815126496890	     -0.74400881309911959249	     15.61523135900429082312	      3.28038575018442868370	    -19.60772064249923118950	      1.62380777732893211152	      4.46065732451040908302
      1.27830927236876035202	      4.25504034299526967544	     -4.09092406748939385608	     -4.37967052400190226535	      0.60001697842205514721	      0.99101230498035997041	      0.04641109041062708995	    -21.42054813290275916415	      3.92872030402957284068	      0.67081606282707528788	    -11.63879660851172914704	     12.50961229264788698856	      5.49969608516308205992	     12.24612677166466490064	     19.98950369372569468851	     -5.74675785831109475765	    -11.64438653692483960356	     -7.48239406304915100066	     -0.92629850889181364337	     15.62007192578724712462	      3.64693875121425437058	    -19.59054130127105253223	      1.58728188489322130650	      4.45006512841046131257
      1.28003746276607799359	      4.23657523692268878079	     -4.10743073595081931160	     -4.40186142685827164200	      0.60022093209584026496	      0.99111667516924739640	      0.04638354746086786190	    -21.39670601774496461189	      3.92463887449900061810	      0.73749807579358217513	    -11.89710887226529756333	     12.46128697295700504810	      5.39355246025677281807	     12.49444373975703115320	     20.02761902301669394433	     -5.77840681414389578663	    -11.62634744043701928717	     -7.74520368989097018897	     -1.02426944138180253674	     15.66236873489858894004	      3.85812899228389483142	    -19.57338054302787710981	      1.55827761528142172409	      4.44500518612845674227
      1.28205951933305328794	      4.21127459960378036641	     -4.12677509773038408980	     -4.43109914985041797308	      0.60047339668559562842	      0.99123774054203606099	      0.04634896166515994897	    -21.36311153011294905468	      3.91766302799821541925	      0.80888390904920148827	    -12.20329417739359634254	     12.40305873530117963810	      5.30095273348337858721	     12.75386839142560191362	     20.07627343375274264758	     -5.81789700517140850877	    -11.61251973606687748486	     -8.05977743132529411696	     -1.08233592475485274065	     15.74814543337275907220	      3.99317429482778551986	    -19.54739605143238989626	      1.52339953055115628899	      4.44154388828277735257
      1.28348563290581596519	      4.19221491571627868922	     -4.13773550722620608866	     -4.45369706787573793605	      0.60066191846865069071	      0.99132396207761563911	      0.04632169124435093349	    -21.33703417805607571722	      3.90774259630683884481	      0.85053292588761109094	    -12.42190621419721630048	     12.36984843592623661834	      5.27590547211163141128	     12.90800041153534749583	     20.11161781592844377542	     -5.84398865210662510350	    -11.60723801267660171277	     -8.28483448119754584127	     -1.09988098306818460337	     15.81951683709881173456	      4.02832367515228639832	    -19.52606248282977574604	      1.49535887607880257910	      4.43988328859877068311
      1.28544529208694857658	      4.16619647858913566552	     -4.14627915230520915912	     -4.48757824948985284408	      0.60093654836184728918	      0.99144653384167913401	      0.04627956440594226811	    -21.29987558444460304941	      3.88381088147791420084	      0.89515925484528846567	    -12.72591265090925105596	     12.33921074441090937057	      5.30384131502393163515	     13.07015842051767151588	     20.15877609889261989906	     -5.87374046468342125848	    -11.60548389258022972115	     -8.59513822730268550742	     -1.12095728550903350751	     15.90797943458698782138	      4.03934026622521624716	    -19.49420063774949696267	      1.44901667213159068837	      4.43811370766755608486
      1.28696425537349168344	      4.14680996216841801782	     -4.14669955433107695342	     -4.51544117584020998635	      0.60116267674036605317	      0.99154590895402738848	      0.04624196347476307312	    -21.27075388239612152574	      3.85633161421082171216	      0.92031457233598956691	    -12.96411531882782597336	     12.32435320404774969916	      5.36885523792113339425	     13.15988766475914495402	     20.19327440537637485818	     -5.89022256739903760092	    -11.60685293367964199263	     -8.83462250887930444776	     -1.15500480005564876151	     15.95157975614102419115	      4.04878261070971934288	    -19.46792740406458932512	      1.40604785897645756521	      4.43627590719708031486
      1.28867409982306679872	      4.12591692262237064170	     -4.14053051171033370537	     -4.54724711099876355291	      0.60143192148456414703	      0.99166257329917950614	      0.04619281831970235147	    -21.23788758792424857802	      3.81683221368578795563	      0.94048648930247702449	    -13.23431526555014414726	     12.30760979124677767516	      5.46966518194019091226	     13.23800778810046629985	     20.22993983551948460331	     -5.90103113797341549684	    -11.60882415149672652888	     -9.10196642207287887061	     -1.22915801188177975511	     15.96008206568441956108	      4.08992777545167296438	    -19.43661583554093397197	      1.35063226898338095694	      4.43249702332232775603
      1.29000171152680853659	      4.11022337809497351202	     -4.13114014094368986463	     -4.57143605710098732686	      0.60165228117170854727	      0.99175638741187033265	      0.04614877675587066713	    -21.21224360313490464591	      3.78091737699519780946	      0.95174342227312613840	    -13.44521139637852868987	     12.28772542049344629334	      5.55360840933153099286	     13.29336617723721580830	     20.25716587132216517375	     -5.90371134131858532612	    -11.60931821941059816083	     -9.30774110926051001513	     -1.31902280770409130461	     15.93245081238219817976	      4.15598318511127917674	    -19.41074950883332661533	      1.30307068598218123157	      4.42757905960509834387
      1.29152061812015150899	      4.09217449722672466095	     -4.11636808464168435506	     -4.59766698516650862416	      0.60191672710437438276	      0.99186586816784927390	      0.04609133880128524902	    -21.18204083957941463723	      3.73597169701949072262	      0.96077508701357461351	    -13.68776895935761039880	     12.25433462235111470306	      5.64202350746057845754	     13.35435062289928787038	     20.28809970643896676279	     -5.90156145679394761316	    -11.60793960467951535520	     -9.54217426237810784073	     -1.44934561291357488777	     15.87102656477600604035	      4.22433076583013544791	    -19.37871706174635377806	      1.24517765650767997521	      4.41921794119034405668
      1.29358780125243755244	      4.06515930489930887859	     -4.09298825081628958600	     -4.63015282566329222647	      0.60229505410385930642	      0.99201485791638321921	      0.04600132062405892786	    -21.13607224600049150354	      3.67317280606720597547	      0.96884471314744180503	    -14.02254908556634305228	     12.19096355918514440475	      5.72875443320569743832	     13.43176733978507364498	     20.33293010623986774021	     -5.89411274869623369455	    -11.60272342345900753457	     -9.86162884743468026727	     -1.64720844793211207424	     15.76224345938887161367	      4.22338316589569018333	    -19.32891234479801667590	      1.16486964379113011603	      4.40339680380973419460
      1.29571497328490004008	      4.03769872819207353842	     -4.06597779256364422196	     -4.66126097963477015185	      0.60270384278894095775	      0.99217369143401135112	      0.04589811743557885987	    -21.08551150559539522078	      3.60716769396895342581	      0.97552709427652972707	    -14.37472922818990106464	     12.11072356222376633639	      5.76410804965345135997	     13.50100839401712349286	     20.37714010329217373396	     -5.88310896270996863677	    -11.59870782787738541231	    -10.18986670653377757390	     -1.83927908178881738266	     15.65557212664098507560	      4.08561103894285526650	    -19.27432081481328296491	      1.08050236034930113860	      4.38332451641144604793
      1.29826180339896679605	      4.01502922271111373220	     -4.02724962636468486465	     -4.69847124101086954795	      0.60321651510155105402	      0.99238674010248117963	      0.04576669927004351629	    -21.03024780989836273193	      3.52153021979931324381	      0.98316799402818266795	    -14.80800698364453182876	     12.01312214479412077139	      5.73782033006993863467	     13.55047691040389779005	     20.41354741501244873803	     -5.86430249318555851801	    -11.60591031549549079216	    -10.58012724730504849902	     -1.99542872626490908061	     15.58915238524403079623	      3.71311231622754300830	    -19.21568740160469701550	      0.97211735162821333311	      4.35602048190583435172
      1.30000419822805968195	      4.00956156312390277208	     -3.99557767424067700190	     -4.72437421354124431616	      0.60357974727066598941	      0.99255250225809921183	      0.04567320056394412464	    -20.99915731068185209551	      3.45671572859271858391	      0.98748104232385502943	    -15.11217743144730185634	     11.94944141877564369736	      5.68583266929872443995	     13.56089047431135341526	     20.42331962297597769407	     -5.84694108668059442380	    -11.62077744264299994370	    -10.84550731682734436845	     -2.03483967710693791631	     15.60207426938258556959	      3.33869185215202435302	    -19.18403105773794337097	      0.89134271918285212788	      4.33505154963335659346
      1.30170053112530248463	      4.01182089915635309296	     -3.96072573829346064045	     -4.74903903861706133682	      0.60394100798624605897	      0.99272897552747529915	      0.04557796804123717682	    -20.97334230558768908281	      3.38879398494298289535	      0.98953270815196947563	    -15.41502283209945112219	     11.88889910829665730319	      5.61816226776755289762	     13.54757606824177429417	     20.42174693476784597124	     -5.82609272889523577277	    -11.64089534689571969750	    -11.10335672004482354680	     -2.01866961344055084737	     15.65661282595427472586	      2.86676779841758300194	    -19.15973303495313473377	      0.80783808627012465564	      4.31170934378223158490
      1.30394546554469425992	      4.02192740246353874767	     -3.91086146796949662985	     -4.77809148840852770945	      0.60442693823154280963	      0.99297886209900743104	      0.04544060055606903570	    -20.93991311401421739902	      3.29506062203356231421	      0.98680050715178324605	    -15.82872727257232092768	     11.80452773136940258780	      5.51854133998368201475	     13.49357358174726506661	     20.40888646452891563854	     -5.79350980430912443353	    -11.66898484854479711714	    -11.44307929320872396772	     -1.94106832315616983919	     15.76409436347732295758	      2.09106241499113165716	    -19.13315324158674357591	      0.69400014869229276204	      4.27434919833654713983
      1.30610180976391965224	      4.03456189061950531993	     -3.86257040706813148390	     -4.80018784827726996411	      0.60489657949558661709	      0.99323046548046012294	      0.04529271062059525566	    -20.90179409637244134501	      3.20555639926672508722	      0.97787082102608013923	    -16.24330766756753874347	     11.71003691416640535294	      5.43177514914095826981	     13.41941765598210345445	     20.39110709416204159083	     -5.75930711536972683717	    -11.69082534144724050407	    -11.76482989013755542373	     -1.86295133018057268437	     15.86381528402358931373	      1.29979966496273791066	    -19.10932215890545293746	      0.58634139822142261611	      4.23122459866721190025
      1.30834030778275556273	      4.04755766067100353212	     -3.81466376735478940319	     -4.81696325751073395338	      0.60538074760136717511	      0.99350050804047662645	      0.04512173602165835129	    -20.85079278479283715342	      3.11601957574528976025	      0.96290594578277410864	    -16.69468606050797276907	     11.59883312159976043176	      5.37639131662832081560	     13.32334313380844825758	     20.37097511060617449630	     -5.72262845319399104937	    -11.70407596528531257718	    -12.09045125028795197863	     -1.84305622994492446232	     15.91343202822603153379	      0.55561059296632053783	    -19.08385401194719577234	      0.47968975316462558744	      4.18051057809470361093
      1.31003994037904547554	      4.05682711621534242141	     -3.78044300839283753390	     -4.82647962010307551850	      0.60574261122179939854	      0.99371168670159226721	      0.04498138897098982042	    -20.80285382750716394185	      3.05056494241701470216	      0.94874154027070700668	    -17.05289903309269305964	     11.50838692473457491872	      5.37207497396711097792	     13.23785177334895024615	     20.35509726897950955049	     -5.69457208193694164322	    -11.70768166946847088639	    -12.33036058950447966254	     -1.89739338147247527111	     15.89153886303414431325	      0.10161201930165127127	    -19.06394344420857578370	      0.40261191971339999052	      4.13972789659060502743
      1.31247074870634228283	      4.06946155306373213989	     -3.73631625851928284021	     -4.83845321049106491529	      0.60624883737062962297	      0.99402291672766140973	      0.04477239016826863038	    -20.72025400738165146208	      2.96159059557514003913	      0.92861564588731038139	    -17.58872017537058241032	     11.37798216908801229863	      5.43058797199764775598	     13.07598658051483120346	     20.33105930794820537244	     -5.65913077697977495717	    -11.71238887452599897188	    -12.66731425845413561149	     -2.01867562547592527267	     15.85459633506290799687	     -0.48585504604392781847	    -19.03532179171494931325	      0.29857402876954786120	      4.08247982355062077886
      1.31445340338421279291	      4.08016748992699707088	     -3.70422672088119719902	     -4.84880117076646577345	      0.60665242456234236279	      0.99428545490578579269	      0.04459917970181646873	    -20.64209427663492490979	      2.89239368341844516053	      0.91477194207416046012	    -18.04441082233972792892	     11.26957217714825176813	      5.52263099542218238724	     12.91140485639654222894	     20.30861668473613690367	     -5.63576632110775221918	    -11.72108240287872682472	    -12.93927348215811434784	     -2.10578686617055677033	     15.86901400152425800627	     -0.98568898570705376638	    -19.01273253683400454861	      0.21786460340064509045	      4.03921443925203149661
      1.31677051889531515627	      4.09448277025765872139	     -3.66961702172091452923	     -4.86230008604869823330	      0.60711468259461542907	      0.99460347876099264308	      0.04439478529907778248	    -20.54066048395960564221	      2.81396926554968862533	      0.90227612043045701817	    -18.59566054664565371013	     11.13317265670553091184	      5.64634668098912229084	     12.70937982944618660497	     20.27715332930509717357	     -5.61273541177998591678	    -11.73585892373832706426	    -13.25398730967241078815	     -2.17586775808032228952	     15.92288974880975693793	     -1.59270914492959692055	    -18.98830670879177873189	      0.12613215001446928532	      3.99349499244005512466
      1.31907907996287976360	      4.11117764780392125346	     -3.63706191869504058545	     -4.87688617447384675785	      0.60756612145576294193	      0.99493184967852277278	      0.04418838437896202564	    -20.42999430505964042482	      2.73813223008279216231	      0.89362957253291752657	    -19.16331698507197245362	     10.98475325015871817413	      5.74155199592635678840	     12.51769644926356583881	     20.23994835630966449003	     -5.59218276849965434394	    -11.75220607562759767006	    -13.56551522049531754988	     -2.19883074584913895677	     15.99196465137098854825	     -2.21447613951965793788	    -18.96626926147423120028	      0.03627824294950636463	      3.95304569959472917873
      1.32075381574706818277	      4.12464524207551441748	     -3.61401436104042472763	     -4.88756219175426043222	      0.60788819677713867851	      0.99517623086601014748	      0.04403574121386797519	    -20.34382668430381357894	      2.68453000119935536461	      0.88895905144365550132	    -19.58622732682122347114	     10.87146046664316223485	      5.76833377532170654689	     12.38700991586593502802	     20.20994397352182403438	     -5.57734763892767926308	    -11.76262920400523981357	    -13.79099409261287689787	     -2.18767140569676010742	     16.03206444704884603425	     -2.66405750171010513583	    -18.95134977913674845240	     -0.02840452264115757297	      3.92642213389526206768
      1.32314376182407000826	      4.14688806229007056459	     -3.57978525808860359447	     -4.90289759778127010037	      0.60834054712695173617	      0.99553533799591087394	      0.04381216116383560011	    -20.21366529900193143021	      2.60772450940307587430	      0.88265388755177431879	    -20.20593204890063177004	     10.71606660263139332301	      5.73134624765614475450	     12.16069817568533117935	     20.16114034985508496334	     -5.55264101495610429282	    -11.77328739784075750663	    -14.10877499629148346116	     -2.16416102171037083579	     16.02971383712769792851	     -3.28270112633214372622	    -18.93242038053688247601	     -0.12228524319905942352	      3.89194367413312747317
      1.32520869118197692771	      4.16995904085717672416	     -3.54768646354972583268	     -4.91570875452436606423	      0.60872641666400861826	      0.99585685712007310233	      0.04361172054173547558	    -20.09606756959470885704	      2.53912419613093875981	      0.87396685986814204306	    -20.75527421743403877485	     10.58365316066883998758	      5.63763279507795900258	     11.93230288262500060625	     20.11169100713535939917	     -5.52607698232822031059	    -11.77822492378894558840	    -14.37755674450151488486	     -2.14692378653014115386	     15.96741417375794114264	     -3.78008511459690454970	    -18.91899380592887425223	     -0.20605457829918671919	      3.86432675750775622703
      1.32730338113369916719	      4.19644987574735761626	     -3.51304644754507933158	     -4.92624754507368312062	      0.60911523512282117476	      0.99619259623716049923	      0.04339776243431932301	    -19.97219160400490878260	      2.46731602910979086474	      0.85694659800314276765	    -21.32329674533713159690	     10.43157375171114864543	      5.50810201677447519586	     11.70165881862642365263	     20.05560067535325785570	     -5.49426806465591344164	    -11.77832202484896484407	    -14.64502837777023103172	     -2.13278314650660894003	     15.86710140892859044470	     -4.24414414656327299014	    -18.90723331197071033216	     -0.29236286781238501886	      3.83598735774767174433
      1.32967604338729228353	      4.22866162807119572165	     -3.47222247820739404744	     -4.93280878872174888272	      0.60955465972174704969	      0.99658188230251876227	      0.04313818027542758865	    -19.82558962582797690288	      2.38340401410226876422	      0.82153227438713238850	    -21.97705207349849843013	     10.21521932708903435127	      5.36508348761089148837	     11.47820545151824234154	     19.98731587668234155331	     -5.45365166544340507215	    -11.77265879793590919178	    -14.94342844499041689232	     -2.11683727690822776069	     15.74886465848526206912	     -4.72291706480497897047	    -18.89419143718332705362	     -0.38962239756073002717	      3.80079756295999615645
      1.33142393380037060702	      4.25277106448056052557	     -3.44110857171747186456	     -4.93327157281137296252	      0.60987875122993662202	      0.99687265982423611810	      0.04293333324232581627	    -19.71242440400845552517	      2.31896821435908950804	      0.78137054243725356795	    -22.46497225708511180642	     10.02458267613226361448	      5.29828638047251665455	     11.33852357694358836682	     19.93543034722427975680	     -5.42086105390215511335	    -11.76493755372044347496	    -15.16150557315362057409	     -2.10123091460911926021	     15.67295658566773397524	     -5.04726634462053347363	    -18.88334614178756254432	     -0.46039877691499553336	      3.77167542532033417402
      1.33340925921684094746	      4.28093966136995529581	     -3.40391845089948663627	     -4.92971894320239290010	      0.61024776923170476195	      0.99720719088989617784	      0.04268592099922291494	    -19.57886147892208228427	      2.24107921729916093057	      0.71992448122412344702	    -23.02653700669102576626	      9.79185879872293618575	      5.29347435956369238852	     11.17261148919089386311	     19.87407195753357314061	     -5.37954049490167207637	    -11.75279404753000989103	    -15.40702127417130107290	     -2.07502137945860987145	     15.58763089408343915920	     -5.39122442215117025910	    -18.87008311386902192908	     -0.54074238103416771839	      3.73509737620773041300
      1.33570405530322133814	      4.31892874185834507728	     -3.35769750986620607591	     -4.92192479750206768330	      0.61067543395080137181	      0.99760663702068907988	      0.04238323671909118712	    -19.42238329774599492339	      2.14287427053192258697	      0.63026075214522581103	    -23.68626399100406842990	      9.52487844842209341323	      5.39206331780535297327	     10.94101091648163937009	     19.79290876345173444406	     -5.32638153632761923717	    -11.73981505957200788259	    -15.68343579701459944431	     -2.03451184639723781089	     15.51505884317821326590	     -5.76043189962965840323	    -18.85854138223396603280	     -0.63544483021550990376	      3.68922106339978528311
      1.33771478722771353098	      4.35976379043037010064	     -3.31456612939517158978	     -4.91295912349400598629	      0.61105045522025558391	      0.99797253122130358260	      0.04210604604996331934	    -19.28625840671186608688	      2.05018180113666748099	      0.53939933570857268030	    -24.27388269318944935549	      9.30113259268678582714	      5.54357248607772401527	     10.69819395337435530280	     19.70841716870204152201	     -5.27590147245246932073	    -11.73262660097094212119	    -15.91661557393666370785	     -1.99002254938730938072	     15.48932356990335001967	     -6.06341028421755545708	    -18.85512101725773348448	     -0.72055720378990195663	      3.64663813127566660555
      1.33969577904873182739	      4.40698587561142662850	     -3.27048761924623798691	     -4.90254346909805249766	      0.61141909807064975801	      0.99834798904482646709	      0.04182394265037503445	    -19.15293899386070464175	      1.95512395823392126637	      0.44290364009191823813	    -24.86099820860012954427	      9.07692733744122470796	      5.69917517451904132031	     10.45193138788105002845	     19.61268580936316752172	     -5.22382765848375552054	    -11.73006016265383522068	    -16.13790944000779603584	     -1.93962220833606346915	     15.50104347131597748444	     -6.34331575896564459072	    -18.85826458196780208709	     -0.80571202978677558537	      3.60274967232890652724
      1.34144991274908154111	      4.45290309899825764717	     -3.23072014952143193867	     -4.89190462255796543189	      0.61174377711878402675	      0.99869020352993875811	      0.04156730295273551590	    -19.03343312244342655504	      1.86996909564570645834	      0.35427048825671791921	    -25.38733160600412119834	      8.86039485285749073284	      5.79567781048508212649	     10.25978989161419541176	     19.51996120210718643762	     -5.17632916622702765608	    -11.73033229249225151136	    -16.32797928585174673799	     -1.89135800506334406101	     15.53110525854582668615	     -6.57363280508418856840	    -18.86476628162347068951	     -0.88141234135843682385	      3.56205742809543846050
      1.34378497769599891676	      4.51318679452391702256	     -3.17829158895212504632	     -4.87405554078870828505	      0.61217075060687731192	      0.99914831914850033012	      0.04121330941527245884	    -18.86388837696956244372	      1.75918248802674548337	      0.23235838894476201766	    -26.09924856577206142560	      8.53712057677345192985	      5.81801875192120387936	     10.06731084534969511424	     19.39434381181308708619	     -5.11201076014378408274	    -11.72924279045049900105	    -16.57549477444705843254	     -1.82463568003156240138	     15.56886367125455095106	     -6.85006159394981395394	    -18.87180505552231579713	     -0.97960146017261573448	      3.50379479315766229064
      1.34557490476494079346	      4.55762549976646091920	     -3.13851873346881804494	     -4.85759638224453293986	      0.61249230743049898340	      0.99949950571274248645	      0.04093159739722121437	    -18.72408457475806642378	      1.67607864547787444032	      0.13516110244685888842	    -26.65470428936893299010	      8.26703557664781740755	      5.75118759232140064341	      9.96114114102959113950	     19.29751938938714417304	     -5.06161037313704564866	    -11.72663211378645975458	    -16.76007465668419982308	     -1.77629858784152894202	     15.58655872312696644144	     -7.03346035659859314393	    -18.87515372778860722747	     -1.05262956718831346414	      3.45612400071669600976
      1.34745073753069100064	      4.60415958154078364117	     -3.09613613928155650967	     -4.83864541842161610674	      0.61282295861410895910	      0.99987004628982367738	      0.04062641201267203767	    -18.56988355554749503540	      1.58798552524132130515	      0.02833499520905564950	    -27.24630870713719232867	      7.97472114604701598495	      5.62704714355339774556	      9.86574151332487048194	     19.19294886486451190422	     -5.00637328339678955302	    -11.72323053992429642278	    -16.94666357247018595444	     -1.73026670341187949198	     15.58958026912484839954	     -7.19819927187427577309	    -18.87888149568842521830	     -1.12854298559875454444	      3.40406733097604652372
      1.34961217725061199957	      4.65952988173386195569	     -3.04498103302281375449	     -4.81551154435126171904	      0.61319492992619162308	      1.00030285882490610483	      0.04026112046800858074	    -18.38416021936945554671	      1.48136481897427962906	     -0.10348085614030735901	    -27.94011045040995711020	      7.63422515435322424082	      5.46150628568747542602	      9.75395367660052592385	     19.06584045636018842629	     -4.93789771130843391234	    -11.71959703439720357210	    -17.15144151709505848657	     -1.68226088992296074487	     15.57242336177355923610	     -7.35584414857046553493	    -18.88581730311468831474	     -1.21701126609086118791	      3.34201472015815115313
      1.35129985594187496112	      4.70435864514531498770	     -3.00267146812981167159	     -4.79671933225843272197	      0.61347794439508662734	      1.00064542244179799368	      0.03996463047471603830	    -18.23331298224482921455	      1.39214852521767329385	     -0.21454244065527050545	    -28.49069832048525796608	      7.36416538677918364186	      5.35003090446844797867	      9.66219050429080361653	     18.96127932838760088430	     -4.88010333849179556154	    -11.71730554650078381940	    -17.30376874579397039611	     -1.64482303006208097074	     15.54802549963031133018	     -7.46161064205348356637	    -18.89378549905291393429	     -1.28747469031246564164	      3.29215014517397808191
      1.35345274295844530954	      4.76399815080102229103	     -2.94552275132744156849	     -4.77175783152446975066	      0.61382903277208777926	      1.00108888440378684948	      0.03957124977587226505	    -18.03428874718149188539	      1.26935316479392445999	     -0.36767943031104438623	    -29.20225616001597401805	      7.00213708164002746059	      5.26102752016921382250	      9.55717597454830247727	     18.82060313235885473659	     -4.80077301451216964523	    -11.71509912357830529572	    -17.48857933312893919719	     -1.58971724391416469047	     15.51547486029849309830	     -7.58883957060491631808	    -18.90794611984723871956	     -1.37920854208572851718	      3.22683688243912580873
      1.35580126108764686954	      4.82868626778578313719	     -2.88133410377216891973	     -4.74177675655518449105	      0.61419803483397072963	      1.00157491466480985665	      0.03912118137456117861	    -17.80540628140614956010	      1.12676484189110892586	     -0.54939545987903160018	    -29.98826529249818761969	      6.56815163273357427443	      5.24337068591870103518	      9.47555214595816863721	     18.66284897452840496612	     -4.70951218057900788949	    -11.71068780835504696825	    -17.68014350414573243597	     -1.51588356373359500751	     15.48763830065465008090	     -7.72354502391942521200	    -18.92503458554637774114	     -1.47832287941024320688	      3.15296733216418179069
      1.35795153495204723448	      4.88178866563098345921	     -2.82318657963178187842	     -4.71057244825373988562	      0.61452114575907546001	      1.00201165986958917742	      0.03868958371130666596	    -17.57866488680842920189	      0.99218324454176642924	     -0.72801991123008658047	    -30.71767235208453783457	      6.13715469684788761384	      5.29436557076207758854	      9.42448683315782176351	     18.52257017246944670319	     -4.62459405630793707331	    -11.70223923095676177297	    -17.84975777667778373825	     -1.43338262134651683866	     15.47544224707179161271	     -7.84602650627349706980	    -18.93612482145807618394	     -1.56472176156314901618	      3.08270310901129951375
      1.35993850421323148048	      4.92158252100867432688	     -2.77066274396513190226	     -4.67863788127367197234	      0.61480541693022638938	      1.00240064880831147853	      0.03827569609972456682	    -17.34965576914562745969	      0.86615995639613307944	     -0.90176515597666573321	    -31.40187043596927551903	      5.72144967722535646715	      5.38427760339158467673	      9.38142035979276478486	     18.40200913240640545609	     -4.54635920470453847031	    -11.69058821236791168019	    -18.00379814226737096305	     -1.34642902978266021385	     15.47573718492249206236	     -7.95640110483341889136	    -18.93816878231038813851	     -1.63982925699109016726	      3.01604251327991823572
      1.36129116732577104543	      4.94309182284958037457	     -2.73527175779512088383	     -4.65579723992940319732	      0.61499029519292514046	      1.00265646350529569197	      0.03798732882406256200	    -17.18229636890976053110	      0.77937812366582570611	     -1.02375850817348190702	    -31.87404424585340478870	      5.43511657678478066202	      5.45895565008949557040	      9.34433007747843191737	     18.32540958932739272313	     -4.49337342313313659048	    -11.68191418225114119878	    -18.10673820788848686902	     -1.29103177617402575805	     15.48418973293506795130	     -8.00934829685651372699	    -18.93456258719112028643	     -1.68890920331149829714	      2.97032594411590267214
      1.36335415160179596050	      4.97141532486341830577	     -2.68058552128067217879	     -4.62126470688006030230	      0.61525850959255423689	      1.00303990623055350184	      0.03754159380335910651	    -16.91397919876143518536	      0.64363866153657434133	     -1.21344239098273476429	    -32.60329115919282827463	      4.99803893425567302700	      5.57513961767529409030	      9.26523806181563536200	     18.21093051225201264742	     -4.41228807134902467624	    -11.67175158296169001915	    -18.25656415494143303135	     -1.23367138138993803764	     15.51565656236881274310	     -8.00767154029109917701	    -18.92581627994849213792	     -1.76319175880698253422	      2.90183067812800210561
      1.36505857184742662724	      4.99245961076025324132	     -2.63381906866436565906	     -4.59426269918810792348	      0.61546813258242094591	      1.00335318852085442209	      0.03717048547765752081	    -16.68251796839090772551	      0.52717479606086048438	     -1.37238224980855361146	    -33.21316934376383045446	      4.63446188391364710668	      5.65612462480398114906	      9.18577697875265286598	     18.11593794208564744963	     -4.34419414148795102193	    -11.66764214890097406396	    -18.37293221875967574874	     -1.20446984266490475513	     15.55442288490591096206	     -7.94403518218227233660	    -18.91720568818665526578	     -1.82570214483593940002	      2.84722854272135394993
      1.36677521831598935975	      5.01219726455567560208	     -2.58485062819569222370	     -4.56903949222625893611	      0.61566888561288812820	      1.00366624054698561075	      0.03679542363065092109	    -16.44151559270211038211	      0.40544324232105088957	     -1.53406247379959759236	    -33.83323124621028199499	      4.26218836591907734856	      5.70884438109089042968	      9.10202963846845314322	     18.01900700893146378689	     -4.27412976812387057635	    -11.66754988909823786969	    -18.48381966721600022652	     -1.17976296237948741208	     15.60098018253563445512	     -7.84355831253579616202	    -18.90773109724720058011	     -1.89042068620028835824	      2.79436966868810188203
      1.36862959968168995672	      5.03263646283635956991	     -2.52976783071490585186	     -4.54413808060999180327	      0.61587460974423602345	      1.00400241336076101462	      0.03638919654128994902	    -16.17358614557095464193	      0.26879634559670090299	     -1.71058165302678255593	    -34.50819586986958142916	      3.84784671306116621281	      5.72130427168535327098	      9.01871117059917892789	     17.91222811440626117019	     -4.19644076979416880135	    -11.67127291690112933509	    -18.59770748533719597617	     -1.14366195068590914552	     15.65455398445602597235	     -7.71926426425109823981	    -18.89717475701881355121	     -1.96248041066547429523	      2.73965282433790280336
      1.37000381895440925817	      5.04778992823839534054	     -2.48747015028273077419	     -4.52719248942614527209	      0.61601987822135573225	      1.00425094520335078663	      0.03608731902745868775	    -15.97092927701494780024	      0.16394729670101890195	     -1.84289661647893310281	    -35.01082020579666220783	      3.52921226741533322624	      5.69678168979029742047	      8.96862175942525219341	     17.83124427504084863472	     -4.13727647408172405363	    -11.67595170465248877179	    -18.67899380974757761464	     -1.10285045878455578716	     15.69244724836025461912	     -7.63095233777509918127	    -18.88966754983754725572	     -2.01733096078935814077	      2.70057057265672373347
      1.37154417825441332646	      5.06509925917669079354	     -2.43833521087499915936	     -4.50966419353363079381	      0.61617556500873704728	      1.00452936051657881755	      0.03574760649353028036	    -15.74022583279679743384	      0.04231958396762889457	     -1.99310566871010386159	    -35.57592750384436897093	      3.16042755329510827167	      5.63659511909482269232	      8.91853832272382263113	     17.73844191331735942185	     -4.06863563291000485123	    -11.68205810709387826307	    -18.76714425311859457679	     -1.04545746586622634311	     15.71919967340915391674	     -7.52807626938337559608	    -18.88180247421573909605	     -2.08045591837888776965	      2.65803821364998915655
      1.37360472382666043423	      5.08694030558909737749	     -2.36994799893510021960	     -4.48895568989489834877	      0.61637231301620398760	      1.00489848138918103082	      0.03529089309014091930	    -15.42388598549870160070	     -0.12724576040792942577	     -2.19664942440018151615	    -36.33460426971832646359	      2.65462083341140386850	      5.51626871875392676969	      8.84290695103562462975	     17.61334898779993807238	     -3.97297756006685087726	    -11.69051572443661513034	    -18.88056282128530938280	     -0.95718453606269560119	     15.71470405651671242708	     -7.36855717420162470432	    -18.86989373998376962049	     -2.16715462451080265183	      2.60327434413095293309
      1.37571858531819191107	      5.10602687266839883051	     -2.29770553604440985751	     -4.47046618807997830913	      0.61656120715135975807	      1.00527019617592983103	      0.03481916774657529273	    -15.08877708555031027515	     -0.30832537888290550976	     -2.40780855549678740601	    -37.11556133491659181800	      2.12876134715417775212	      5.37426177477511402003	      8.74444689575522815517	     17.48626969408442022313	     -3.87161798133444268188	    -11.69879268062325294864	    -18.99240437878028942009	     -0.85252182492608830078	     15.67231418678994714355	     -7.19128410414210783586	    -18.85385915138248336120	     -2.25718027592568626361	      2.54885647893052436075
      1.37844997839429361797	      5.12741149330735535017	     -2.20235970511075063172	     -4.44916211815752493663	      0.61678747296468083849	      1.00574297925443656432	      0.03420387890387493329	    -14.64316502787879770153	     -0.55224185173305162522	     -2.68329261452420420042	    -38.12621601005020721686	      1.44785038356736373011	      5.22187876973474551789	      8.57551115481387071782	     17.32206967095319072314	     -3.73715690303407788164	    -11.70886775744033236890	    -19.12925391185324031085	     -0.70074371187709860731	     15.59177874156074850021	     -6.96106606119847182157	    -18.82910297089757278854	     -2.37363688699169372853	      2.47882387498785794477
      1.38001327937805839952	      5.14017754642157331801	     -2.14675574404327518252	     -4.43782367352757223244	      0.61690862550853364787	      1.00601360545109308475	      0.03384904942863803390	    -14.38475560242144268841	     -0.69723641145664638774	     -2.84174249662382294446	    -38.70397713778965709253	      1.05682424655899409593	      5.17603640726405700434	      8.46144281535593378862	     17.22542059650817236616	     -3.65853932823459526702	    -11.71520746636512200212	    -19.20265142872652575079	     -0.61010680768544289787	     15.54914004254005810424	     -6.83545363622771251499	    -18.81525028798058229995	     -2.44055318556811240427	      2.43786721554885410512
      1.38176106171941714962	      5.15503456525171355196	     -2.08389948049591611223	     -4.42525235250183612834	      0.61703713727531017685	      1.00631660313914950144	      0.03344992724340582757	    -14.09348671157270160847	     -0.86363662178244127166	     -3.01919255305168787729	    -39.34864339526731669139	      0.61980159735125484044	      5.17612900996723901414	      8.28415169462665623712	     17.11516537263952386638	     -3.56956621528797013454	    -11.72283094774627265622	    -19.28061423040817956576	     -0.50986623374347361803	     15.51524850091528939799	     -6.68456362188151587134	    -18.80016631362342494072	     -2.51529762322008565434	      2.39033350008324596558
      1.38375361678650365960	      5.16810688986622590591	     -2.01289239894834093292	     -4.40840887106608025903	      0.61717463123063298625	      1.00665545229527686466	      0.03298856641114039645	    -13.75392445553289633153	     -1.05586697930955364377	     -3.22334906809248122883	    -40.08140609215714533775	      0.11792920028186337777	      5.24039525244607684584	      7.99614147534532548889	     16.99327045713569006580	     -3.46828485600334701644	    -11.72926833670999258175	    -19.36696179712497567493	     -0.39969394545351327741	     15.50135985530098103879	     -6.48297024109097375089	    -18.77859577185596506865	     -2.59761892884503886592	      2.33139548346870206785
      1.38609018008849105286	      5.17913265338657602399	     -1.93082232638879669473	     -4.38394544631604698992	      0.61732439639397884701	      1.00704695271796973444	      0.03243816642911542120	    -13.34783174573446196121	     -1.28345304369562929203	     -3.46622592332529366743	    -40.93477624983521678814	     -0.48977072807553334588	      5.37367954290679339380	      7.59426443292682229469	     16.85429840511711319095	     -3.34976545166730899084	    -11.73319459820783805526	    -19.46425860003765251349	     -0.27781105462768523884	     15.52192924786652206137	     -6.22011482929271775077	    -18.74876236143454377725	     -2.68990005641333951303	      2.25429974977445235496
      1.38862890301109920266	      5.19130367296849115633	     -1.84182118175438591656	     -4.35305071058496118042	      0.61747476137383494610	      1.00747632733894887380	      0.03183223103448157287	    -12.90432614931478738640	     -1.53427986943326510882	     -3.73334768778834158454	    -41.85129998603658663114	     -1.18044659412671704146	      5.53112142321837474412	      7.14084590032454968878	     16.70014537795964670863	     -3.21964962679671007351	    -11.73542206960671308025	    -19.56158728737530339004	     -0.15209096476839473189	     15.57970211059010878785	     -5.92544103540813882347	    -18.71709355510178696136	     -2.78776217747612786724	      2.16143596445929464522
      1.39039384181954117636	      5.20132278783158508162	     -1.77949716311986372297	     -4.33025207917129417723	      0.61757253175051163296	      1.00778073795935596557	      0.03140864577930772839	    -12.59670652626396325502	     -1.71096938666358622250	     -3.91992261881528802903	    -42.48097356141759206594	     -1.67764182341230694284	      5.61049349987508438886	      6.84689990785675473006	     16.58860140841766295239	     -3.12771829725267780375	    -11.73679030354326613406	    -19.62308587065669485128	     -0.06558358920725983199	     15.62889175697382526664	     -5.72814098214295608358	    -18.69718407847441810077	     -2.85563659114295997909	      2.09227562582687287573
      1.39327706279885621399	      5.21924629872010203968	     -1.67662763920428159459	     -4.29188438543989025931	      0.61772164918634964170	      1.00828740068990674317	      0.03071473610990884534	    -12.09510031863381662731	     -2.00270988950013872909	     -4.22490146193586291190	    -43.49648723724025956017	     -2.49559484876916082285	      5.63579592866122691674	      6.38830168689477240207	     16.39951273310826707075	     -2.97453397746307590666	    -11.73849374194964134688	    -19.71292403148575900218	      0.08031011198424413411	     15.70430416660179417931	     -5.44327877379031210836	    -18.66716111454118731672	     -2.96691414983426238194	      1.97238017349184069360
      1.39607103759803852228	      5.24154406082541690637	     -1.57573061388000867922	     -4.25409428626816410457	      0.61785494021840925427	      1.00879528741362078925	      0.03003954621574278852	    -11.61519386550654431289	     -2.28902198145208135571	     -4.51910672654724265840	    -44.46377502904353917756	     -3.26159259680105817480	      5.53307031966937046263	      5.97175671864880364126	     16.20326736682073232032	     -2.82153804344193837039	    -11.73867918102808438618	    -19.78457855609461191193	      0.23062031997119367133	     15.74821492329861172266	     -5.22291850857337447422	    -18.64507989454777714400	     -3.07546989524467484500	      1.84986298911137225787
      1.39852301689601565826	      5.26757230764322237349	     -1.48640845661172638081	     -4.22172238578111880258	      0.61796311609210008431	      1.00926008506454389924	      0.02944449535702425153	    -11.20256712434610690821	     -2.54394171799721302563	     -4.77302145707864866608	    -45.29769839223678928875	     -3.89930715993912668793	      5.38169302601117394147	      5.62856406514623230919	     16.01625319966876759281	     -2.68337255225694981675	    -11.73856379362554314127	    -19.83179944901865709994	      0.37042050573732460128	     15.75562031420507125290	     -5.07352284798812824818	    -18.63483719757906342807	     -3.17140757302291165232	      1.73970853178953999141
      1.40015274029504377395	      5.28715760690354308338	     -1.42675987164294815202	     -4.20067633839604237522	      0.61803032000302215998	      1.00957762171414189289	      0.02904685371840258837	    -10.93176456156770726125	     -2.71543741425932561029	     -4.93810446436092220779	    -45.84391063677702504719	     -4.30262081795423956265	      5.28129894312915126875	      5.39984847983529192561	     15.88544590519093091530	     -2.58972023115907123980	    -11.73856033641076734853	    -19.85505233112835199449	      0.46685899603261499236	     15.74669612515003791486	     -4.99221800331945964047	    -18.63188304415040619233	     -3.23519939808514056523	      1.66568392481153049189
      1.40274270259150912743	      5.32479993938095308437	     -1.33063206476583140159	     -4.16883034584304468240	      0.61812853266830036780	      1.01010128947920585496	      0.02841177572609102434	    -10.51029428343932536905	     -2.99306422083329382033	     -5.19177881266859753140	    -46.69760379266128325071	     -4.90805011404628199756	      5.16924825271196652920	      4.92020389266460345112	     15.66331466130616334453	     -2.43705022558375405950	    -11.74067018255808214633	    -19.87737542417868752409	      0.62189631516682297718	     15.71581828597459207231	     -4.87003981863238788463	    -18.63697587990534643154	     -3.33796074277173282496	      1.54796592465745153078
      1.40507612871828935219	      5.37230832849277906149	     -1.24258226056365050916	     -4.14369041544461502724	      0.61820527481718368090	      1.01060347142296058642	      0.02783956921514807795	    -10.14705711186670278323	     -3.24873779339602242189	     -5.40790645477463183255	    -47.44993945522234213286	     -5.42882038406070677183	      5.13343170440309126690	      4.36027901051620503381	     15.43989333196000046655	     -2.29573615217519089171	    -11.74794221113998382577	    -19.87982535753781476728	      0.75940048106979862741	     15.68257085276510842675	     -4.75338714801288819700	    -18.65947852890464631059	     -3.43299547346502587075	      1.44458842784513064039
      1.40762736562407475560	      5.43031842358376604096	     -1.14746214162648074719	     -4.11988956604023570662	      0.61827096060651010045	      1.01116904330927770417	      0.02721457599316589454	     -9.75640383339220029768	     -3.52899013881158563066	     -5.62878305378000298731	    -48.25683048804451402702	     -5.99044870413279895160	      5.15459043528120020028	      3.69306438533109337996	     15.18240031578893756148	     -2.14136490236739618354	    -11.76072751116453041220	    -19.86802893352539101102	      0.90720796777984180626	     15.65666582440126752829	     -4.61915838117724142364	    -18.69380112969221841013	     -3.53541952511598012165	      1.33617022513248162596
      1.40989993333705010414	      5.47832219619658111753	     -1.06478648343632431583	     -4.10226233581799881733	      0.61830856741827866507	      1.01167045152983248180	      0.02665937924130185738	     -9.40220698610516691929	     -3.77616920627263441546	     -5.81109334388585185849	    -48.96508926704331088331	     -6.49336222503053761557	      5.20616664058066636045	      3.11729120285797467460	     14.95330542805518803107	     -2.00626352794625617548	    -11.77597472673753031813	    -19.84811698077061947743	      1.03624123715543348112	     15.65236689436211214854	     -4.49966346668483119231	    -18.72274240655403687583	     -3.62326350819180831309	      1.24502419346896231467
      1.41123518600719055627	      5.50340298227724300517	     -1.01674874073835952437	     -4.09404654266148071429	      0.61831994424029035340	      1.01196080274312016911	      0.02633474891760566663	     -9.18903791909199973986	     -3.92030871711029949012	     -5.91155827546679901729	    -49.37753570006932335446	     -6.79060678663279748690	      5.24250738754580858370	      2.80265082985621916123	     14.82069468408505841239	     -1.92784607751214709381	    -11.78714133997460500325	    -19.83220414184183866269	      1.10851830532515149841	     15.65972532582822474012	     -4.41499627495373481167	    -18.73726021428639043620	     -3.67374721239483470470	      1.19452093545490689586
      1.41369135608532192627	      5.54317137550173555383	     -0.92882743703778425370	     -4.08407843717372642800	      0.61831914515050256931	      1.01248501665281520623	      0.02574249176376332618	     -8.78607988778262161134	     -4.18337602917219708587	     -6.08227957863665569249	    -50.13059221683351296406	     -7.32819601683799337621	      5.31295632702816789106	      2.26111908694677143927	     14.58091427167226683537	     -1.78500262597376568863	    -11.81246998374318124547	    -19.79352981168690917002	      1.22721775330500104673	     15.69072585631448113475	     -4.16762532537453278536	    -18.75845968057795332129	     -3.76528866659470295986	      1.10852000504998393637
      1.41628471899744123874	      5.57560395610859416138	     -0.83513465181279744609	     -4.08154197701647269980	      0.61828775102956901044	      1.01302135745436916459	      0.02512563132845688219	     -8.34408179398654326064	     -4.45897299352049181209	     -6.24152718157081842776	    -50.92038038903331198526	     -7.85974815533049842031	      5.38326058895177972374	      1.73429497130444021380	     14.33498152868637021129	     -1.63455025297181721911	    -11.84575371691460965451	    -19.74032163265960093668	      1.33588339850330473091	     15.73912530354752803419	     -3.80532245393553614221	    -18.77169683069158878652	     -3.86185083618353974799	      1.02768877342706743683
      1.41892596791094227626	      5.60310657691864211216	     -0.73647657707343716638	     -4.08784235113658667160	      0.61822410244839465232	      1.01355409945489127743	      0.02450702193725134287	     -7.88134500954741312739	     -4.73958175676538839838	     -6.38198444238118156591	    -51.72047136966003222369	     -8.34572863387374397348	      5.42919580921014244268	      1.23811187681736467603	     14.08823394357210290195	     -1.47857042954416573188	    -11.88615748365858770796	    -19.67544757235603825052	      1.43921153224502007539	     15.79011213202399055433	     -3.37994360902210599917	    -18.77981500347138776874	     -3.96304548238204956689	      0.95548008397700179284
      1.42054674879567022217	      5.62087305373384094054	     -0.67341179173741572139	     -4.09611523772176333580	      0.61816957887028911589	      1.01387912270833013828	      0.02413197959707066506	     -7.59528104176150886673	     -4.91283576878011096767	     -6.45823684670369324579	    -52.20905853333907487013	     -8.61480546327403473583	      5.43190665672525252461	      0.95708734967718456232	     13.93522283039925113712	     -1.38002149993818368223	    -11.91384982529298142140	    -19.63174467385067245573	      1.50362262861846041062	     15.81468973186388815577	     -3.11204266107100258054	    -18.78591347830420943410	     -4.02775921229570776916	      0.91583241748518950942
      1.42296011064230709664	      5.64708741251458246069	     -0.57710464917708526045	     -4.11298561987892430380	      0.61806684368451625389	      1.01435745905075602735	      0.02357737364276359104	     -7.16513247511164319548	     -5.17044769846994078932	     -6.55963809456784474605	    -52.93292477468350654135	     -8.97855981818402426597	      5.38907486783162958943	      0.62999450868507389512	     13.70887144817088376669	     -1.23030234052540365930	    -11.95652231479819072035	    -19.56612089136516985377	      1.59896202010437660235	     15.83453000530193754969	     -2.63149840453794636730	    -18.79472909781410550067	     -4.12580657699491126778	      0.86200934909816728791
      1.42511128591346025729	      5.66519395829983718471	     -0.49088869552936631457	     -4.13068857305151837522	      0.61795507328323595608	      1.01477063797140631962	      0.02308455083728674570	     -6.77293948636157505661	     -5.39659545671066176453	     -6.63838739960660983996	    -53.57468964437233438503	     -9.25140962021713342267	      5.32082027343308983092	      0.40664631252153426999	     13.51573652347481946379	     -1.09631992397739574940	    -11.99389331469452280032	    -19.51149697044949959945	      1.68726645010956044501	     15.83530770927006692261	     -2.13228933532850062349	    -18.79653406287247818796	     -4.21176387390270257072	      0.81781584949548424834
      1.42748489931873479009	      5.68182473495611528591	     -0.39535280502613662224	     -4.15329731869611418205	      0.61781349672624830127	      1.01521762706351958983	      0.02254343071129807224	     -6.33465897763010588051	     -5.64262701367607899527	     -6.71104765650685219924	    -54.27777028698931616191	     -9.48032355103979185174	      5.24912039537565888736	      0.18587491962998758943	     13.30839558211661000087	     -0.94805326070163042917	    -12.03598241578230343407	    -19.45418580674651209961	      1.79067873089744833415	     15.82438330679019600211	     -1.54635959511545006961	    -18.79407564021203569382	     -4.30553282369936951568	      0.77286913758125552754
      1.42945258243897832529	      5.69723275394200801003	     -0.31547942696082298397	     -4.17524471133984764748	      0.61768489184840258410	      1.01558972653117085549	      0.02209858580132979117	     -5.97261327696667443377	     -5.84476922437248092024	     -6.75849817653638673676	    -54.85477403238074600722	     -9.61342170612258684059	      5.21666587822038074762	      0.00529998313174088239	     13.13473433424843328510	     -0.82440011418408865040	    -12.07357253252750872718	    -19.40587433404943240589	      1.87988862654752320047	     15.81319478271651668422	     -1.06095187008182412214	    -18.79286087705799701553	     -4.38356306755303393174	      0.73888557705986146473
      1.43043191413555081937	      5.70647553665394102751	     -0.27557705153181788482	     -4.18737761428915877815	      0.61761794329929387004	      1.01577769999674405454	      0.02187879348013409969	     -5.79419750863118832029	     -5.94477038831534887464	     -6.77768207463856153794	    -55.13911364157802097452	     -9.66732328374836313856	      5.20984930703746762504	     -0.08106905450505796917	     13.04614888530816152468	     -0.76267454066556517045	    -12.09356987844285669098	    -19.38071326550235795594	      1.92456668669462005461	     15.80895989143728996851	     -0.82414223552139864726	    -18.79358261295289977966	     -4.42258310717361258213	      0.72312936907077129955
      1.43240728309460529921	      5.72781869194586512606	     -0.19570839191978728344	     -4.21361835241673521324	      0.61747882106067575325	      1.01616276065560673381	      0.02143840460426547218	     -5.43795777258982404589	     -6.14397079597909190340	     -6.80818060752915066303	    -55.70560326775686377232	     -9.76021757924544708374	      5.21078429430638045972	     -0.29921044724474549215	     12.86342744517031988494	     -0.63881826397774488235	    -12.13587880822506548384	    -19.32726403813502713547	      2.00894844316466691936	     15.80608015004997390918	     -0.30637802044940681823	    -18.79707051365880943194	     -4.50053189699341871233	      0.69319012503671628700
      1.43438087017844084770	      5.75205663920210774620	     -0.11869978680321113806	     -4.24033603845417506051	      0.61733727861739029485	      1.01655574842356277721	      0.02100085557328381161	     -5.08747076963232647273	     -6.33699625662139798266	     -6.82955331639638618668	    -56.26026473408707317958	     -9.83858473233296670912	      5.23151116171631791474	     -0.56772048348032888576	     12.67613698919302755996	     -0.51787310110127116047	    -12.17884670192358065322	    -19.27047289301950527829	      2.08570660549120789895	     15.81435001912734250595	      0.25569943459866500968	    -18.80259052052277013445	     -4.57482500707170203214	      0.66439046645582233719
      1.43655944111995159673	      5.78307115780244807013	     -0.03883088991444563765	     -4.26848087898075512214	      0.61718155000259133924	      1.01700286924698679591	      0.02051954348993773394	     -4.70948455929727405334	     -6.54061202826793408605	     -6.84550644857141499244	    -56.85673978324562938269	     -9.91715424455578720142	      5.26702868508282229243	     -0.88930326639904377917	     12.46242512472974794946	     -0.38927079164771716258	    -12.22519443735619937286	    -19.20331309120520302258	      2.16369904359372533520	     15.83841637394058032839	      0.89982659775531226298	    -18.81230163261510313077	     -4.65039073063281094278	      0.63228506578105780900
      1.43876271360255381104	      5.81867206076081977528	      0.03548497224943093775	     -4.29420085738995549463	      0.61702778735484253847	      1.01747097827785548674	      0.02003439145605308280	     -4.33759153504757044573	     -6.73492720384566379010	     -6.85634404447492329382	    -57.44149341101561390133	     -9.99122097562318245423	      5.29938388819503369831	     -1.20673344323712794512	     12.23872969755515072166	     -0.26522019227835869071	    -12.26966280485870264272	    -19.13023159318976240684	      2.23865450992582237788	     15.87615389075959804188	      1.54499738004353570631	    -18.82589252991271067117	     -4.71882853262975388020	      0.59808347678919027146
      1.44004403783239731673	      5.84040632231687784071	      0.07563582716953501373	     -4.30761388437190451128	      0.61694122911109250396	      1.01774984181412420092	      0.01975321416811546410	     -4.12538569290136791778	     -6.84227556093671651638	     -6.86112431092074714911	    -57.77281782179152713752	    -10.03080252575527886449	      5.30928133557025905276	     -1.37555628290406040115	     12.10606545140235823510	     -0.19591566503541046895	    -12.29415038727935538532	    -19.08538563030986168201	      2.28159942097238355174	     15.90139417328696147536	      1.90539007135784044245	    -18.83456719268745516160	     -4.75484342029988038547	      0.57697157725775305437
      1.44219108663497208589	      5.87727619609800111533	      0.13819482466586185954	     -4.32680307679084830141	      0.61680246321285503441	      1.01822665802255252210	      0.01928338757978835180	     -3.77588052259152551215	     -7.01304255318478109160	     -6.86765803724951240383	    -58.31438864376166719694	    -10.06321620709602271404	      5.32329771766388581966	     -1.72357763893774040831	     11.88089740750911538214	     -0.08390540005775858068	    -12.33206319935093908668	    -19.00641721517281723663	      2.35034367803397481467	     15.94190397088425470429	      2.51466417065100555917	    -18.84910034483614538203	     -4.80922663779384329530	      0.53846620904444053579
      1.44431155291615387348	      5.91510647798773092632	      0.19190093832325896828	     -4.33719743102550481240	      0.61667389381980308727	      1.01871120133284076559	      0.01881633705101873680	     -3.44138501809545171994	     -7.16730406095475647277	     -6.87780236171223346986	    -58.83111944526516623455	    -10.03644532727145843864	      5.33334137164723198765	     -2.19374582681888652402	     11.65484533847232029302	      0.02016840036046101126	    -12.36010371582526445877	    -18.92529999571956977888	      2.41571483629362493417	     15.97503459234394362909	      3.13219904588871544959	    -18.86515840626604045838	     -4.85210892538445648370	      0.49262369957320517599
      1.44651417568082685250	      5.95379028054569570116	      0.23545256694348071225	     -4.33357625320367834121	      0.61654939359138438704	      1.01922620865340718410	      0.01832218982291729942	     -3.10487788024103483764	     -7.30722169954739264597	     -6.89894251365180544155	    -59.34679906377448332933	     -9.95497414274571745807	      5.32262536199146740756	     -2.77072606127058085335	     11.41990667566112449549	      0.11801971436391285597	    -12.37242115219634364109	    -18.84117123898230161672	      2.48752244550334200568	     16.00143908472889364702	      3.76239468408286459322	    -18.88220760067411063687	     -4.87960547842792546902	      0.43250589267947037175
      1.44882568605077199919	      5.98928243538364579734	      0.26648866983260210972	     -4.31246470847982177332	      0.61642822319328238745	      1.01977282738775798521	      0.01779262336791410590	     -2.75867935678270104205	     -7.42991743620777622681	     -6.93455303778434206663	    -59.86478852278645490514	     -9.83101206219849110823	      5.28130258599982838064	     -3.40632958331128055107	     11.17875297289820046842	      0.20780899092989166266	    -12.36461713903549508586	    -18.75507144511291102162	      2.57289527575756382660	     16.02145370131908208577	      4.38287273714367309196	    -18.89597423213816895782	     -4.88771401337327215941	      0.35451532872137586638
      1.45000980560372361161	      6.00406344833586658183	      0.27718081404728323047	     -4.29576110523742293879	      0.61636970075932284718	      1.02005314032737248731	      0.01751844714694574326	     -2.58182642492573011239	     -7.48397199810008295628	     -6.95690916443627571653	    -60.12146232833040926380	     -9.76093378329340133348	      5.25095178151666974742	     -3.71845063279286280888	     11.05866613243641261022	      0.24902399523570944995	    -12.35343783262544903323	    -18.71154259815787312959	      2.62106905312183835477	     16.02902398468452815905	      4.67696947523508299582	    -18.89980064964302641783	     -4.88451512829328660104	      0.30937412399536179386
      1.45175223348865989337	      6.02156811513982681561	      0.28863471719405142668	     -4.26593928521702459022	      0.61628782865561571036	      1.02046495609990151010	      0.01711449180160341116	     -2.32162750399030803905	     -7.55520339419617581456	     -6.99310851805914523993	    -60.49158638162921164394	     -9.60676735903517808879	      5.20485885604844611407	     -4.24802370685664953953	     10.88562801875166918819	      0.30574482864170443586	    -12.33050398278273185326	    -18.64663047356083680484	      2.69505071508559002069	     16.03686866760166651602	      5.09407087799016622398	    -18.90114861289369230235	     -4.87375688145631258408	      0.23778206058266049272
      1.45415841991031236091	      6.04340993063380871320	      0.29839017740215545427	     -4.21667670552563311759	      0.61618072965281511788	      1.02104089047501456200	      0.01655865362351747333	     -1.96843306212503121877	     -7.64047521509359661707	     -7.04791626199827003774	    -60.98811989010862077976	     -9.27982426874774901648	      5.14340932066303402337	     -5.16397296864745669609	     10.64593058029613459325	      0.37910792011832172843	    -12.28803240105545313554	    -18.55141531174673730220	      2.79821888072784652479	     16.04235339865213916255	      5.65555813180546351759	    -18.90129681216100010488	     -4.85075618204790526278	      0.13013401021915063649
      1.45592076832386219110	      6.05938345685447554700	      0.29946639306486172449	     -4.17457542832348149631	      0.61610377673149430144	      1.02147119592225399387	      0.01615263801837524618	     -1.71510692106490569842	     -7.69162275207338286265	     -7.09130032537115440050	    -61.33703521560218518971	     -9.03336418053502399061	      5.08775562893157395905	     -5.84272417284108769309	     10.46792047844332884665	      0.42745824499405515873	    -12.24788496958755423805	    -18.47729512418846198329	      2.87409071844218955150	     16.04501956644830329424	      6.04773745423698816381	    -18.90235131831233061916	     -4.82616617463390085163	      0.04541003845452743631
      1.45796684841701451596	      6.07723726351611315266	      0.29238196831695562050	     -4.11878419413156571238	      0.61601246434529277618	      1.02197874150533252191	      0.01568098270011904910	     -1.42452279990583385860	     -7.73700028238228920685	     -7.14509207085491571121	    -61.72305890464709676735	     -8.82629745637593821073	      5.00106808046043571636	     -6.49433606805604934920	     10.26001546939553499271	      0.47562263652764430466	    -12.19028542905163803312	    -18.38787393676033588008	      2.96342501792169787933	     16.04936886234295201348	      6.47311564194682365070	    -18.90416088139956940495	     -4.78693458127877846664	     -0.05892161471955245644
      1.45999915410507474789	      6.09282612823467850660	      0.27634877068697438762	     -4.05551080796332730216	      0.61591645464410471611	      1.02248776660126661220	      0.01521034367272076741	     -1.13694954348215349071	     -7.76737837665142816235	     -7.20176954534591384771	    -62.08625362301533101572	     -8.73895870579328359895	      4.90558557187047927783	     -6.92582535368869134373	     10.05459908907723942662	      0.51464429996637472975	    -12.12071205002319196353	    -18.29687792235779042471	      3.05316594218312475917	     16.05579066058960080454	      6.85674387965760789854	    -18.90514577687552133511	     -4.73599868140963753405	     -0.16928882071441178625
      1.46130388376675757200	      6.10101213333786596138	      0.26223766630790623644	     -4.01060722839863714739	      0.61585096566243491267	      1.02281441324900534973	      0.01490659173052942370	     -0.95215134435978010519	     -7.78017031477064602285	     -7.24042165929803438473	    -62.31134147572356596356	     -8.71155873845582284787	      4.84481061466408657878	     -7.13569188118867803183	      9.92445361287015437313	      0.53593630564731198351	    -12.06965776126823364223	    -18.23778803835232764641	      3.11024574889338323302	     16.06068769022892794851	      7.08745469740522349156	    -18.90450602381176992139	     -4.69787164644001098424	     -0.24412841586256919801
      1.46322542770623353903	      6.11014129432751929016	      0.23897849997045370052	     -3.93950654953035561689	      0.61574865750311336132	      1.02329184220716551401	      0.01445842396024387549	     -0.67954397410819566971	     -7.79274711389138108331	     -7.30069333665731701188	    -62.63645283255515039400	     -8.63130912032472963347	      4.75948708205945258953	     -7.46974324504974429573	      9.73561532451656752585	      0.56485108625549285133	    -11.98750803714319879134	    -18.14908994371875294860	      3.19017600975403903263	     16.06791435445726179410	      7.41987724647678259515	    -18.90101553620384677856	     -4.63760734873208946283	     -0.35980479982035107334
      1.46584704069574978114	      6.12127077089351079309	      0.20974362539331228850	     -3.84082277689357676209	      0.61559595307949943610	      1.02393941373065167078	      0.01385468169605906172	     -0.30848368215922561397	     -7.80751748451706628629	     -7.37941101141583288836	    -63.07303284645118424123	     -8.39916800411250719094	      4.70650001364033077067	     -8.01697263899191270298	      9.47667756607978972738	      0.60650691330400807733	    -11.87325136018290372419	    -18.01928502304961199343	      3.28491520830177785584	     16.07720592780794888199	      7.85671108843198151561	    -18.89533969737292196100	     -4.55807769567472576000	     -0.52237662638565052209
      1.46819214801178432594	      6.13612350390376271037	      0.19039185158624966077	     -3.75931882376623427433	      0.61544347952802291868	      1.02452228174178094910	      0.01333247363070740391	      0.01930686026565094429	     -7.82443437189243962138	     -7.43677924521577615735	    -63.45873117530386053886	     -8.07979637650183235564	      4.74039512479715341442	     -8.56831553821731084497	      9.23478606428387926996	      0.64954493716214334320	    -11.78083774020421969908	    -17.88944335336668345349	      3.35471308124849354471	     16.08802378514049280511	      8.22158959106367959180	    -18.89584408774226886862	     -4.49716611673090671530	     -0.66488732025113261859
      1.47002809361117314779	      6.15364538567887287002	      0.17998156158425032691	     -3.70346513286978362700	      0.61531135879899423458	      1.02498394198430919921	      0.01293962034017043586	      0.27200313034781287147	     -7.84059870406402836807	     -7.46976393378008474144	    -63.75728015754474142796	     -7.78051441145097211205	      4.80793090609986784045	     -9.00491880671604150166	      9.03515412520082072945	      0.68676129133620700262	    -11.71969981300334673335	    -17.77769977762647357622	      3.40286766001698248729	     16.10071727671993002673	      8.48082125395656305500	    -18.90291530556945431840	     -4.45758696662418074652	     -0.77057650005745226274
      1.47267226985770993686	      6.18581936042163249567	      0.16892605873914182113	     -3.63709777124641009394	      0.61509742574899306522	      1.02565290826473476393	      0.01240013435728449555	      0.63480980552139032458	     -7.86412373645920936838	     -7.49789057239421907752	    -64.17845283931714561731	     -7.37857806001167215726	      4.91484175591349981005	     -9.49671711723465428179	      8.73529979503634912419	      0.74136866384828692400	    -11.65046400363936029976	    -17.60437260659775304816	      3.47016771785227851055	     16.12731941888969089405	      8.81843364347067470987	    -18.92144152301336035293	     -4.40953136561849490249	     -0.90973811618052868866
      1.47488182604148021504	      6.21230727287973127915	      0.16027280687559919414	     -3.59425717415970824575	      0.61489537255997761545	      1.02620445987360930928	      0.01197310446938967994	      0.94535462361916122731	     -7.87976815944981279216	     -7.50448674152931793913	    -64.52107850401985444933	     -7.11822676464846448852	      4.97732784967351093997	     -9.72067775880476148131	      8.48283627809204432424	      0.78406921099475357373	    -11.60826283264920988358	    -17.45332286404323696161	      3.52977237137430144287	     16.15550036821744583904	      9.07180090753784540425	    -18.93740884846356209437	     -4.37376294253109865195	     -1.01231130318446327365
      1.47642187749375808359	      6.22996266394092135243	      0.15484215066630407920	     -3.57092444955873933310	      0.61474186034378386356	      1.02658330552484500231	      0.01168784138890442865	      1.16608643905341957669	     -7.88874911702682890535	     -7.50073748231503323325	    -64.75517896811874152263	     -6.96539054304936300355	      5.00216807079851122353	     -9.79678845384123953011	      8.30709244077419661778	      0.81272568740669337561	    -11.58632413954777184983	    -17.34591475704429797133	      3.57306608506822875881	     16.17576208308934226920	      9.23206874178705128031	    -18.94830476670320251742	     -4.35149023049852612388	     -1.07636757718242526138
      1.47803398708844468956	      6.24844661024978442754	      0.15019161791164961639	     -3.55145411715903414063	      0.61457014161451939405	      1.02697561731510522698	      0.01139882586671500317	      1.39942881725288970074	     -7.89713365735681360746	     -7.49062862346789071211	    -64.99624359181531474405	     -6.81369295212700443187	      5.01357254276078823096	     -9.83229285836598521087	      8.12293317802237346825	      0.84265110679628940638	    -11.56861631467938167361	    -17.23223024835242611630	      3.61891259701815926064	     16.19530209070227044776	      9.38606239162864319781	    -18.96047891949135433265	     -4.33095458684225942392	     -1.13759622178251484925
      1.47974568184313315378	      6.26880511415858254765	      0.14668885463251393753	     -3.53498769240214327780	      0.61437570176423894619	      1.02738810175118500112	      0.01110056680832875731	      1.64798786681688480549	     -7.90534510363538078792	     -7.47465093823339454815	    -65.24771515736654237116	     -6.64408140606395658523	      5.01221204545297105426	     -9.84841007408958368785	      7.92688038153947527320	      0.87505524574085158385	    -11.55384553778417355829	    -17.11094842496718015923	      3.66676472821915577782	     16.21227047122720321681	      9.53552955422884451764	    -18.97530427790980667169	     -4.31227284267954935615	     -1.19730322208085171454
      1.48040527378981745521	      6.27695419956445466170	      0.14572256796824520353	     -3.52944162207535727660	      0.61429748662801575421	      1.02754604104471924941	      0.01098741146109795397	      1.74368285721691607115	     -7.90835285148300126679	     -7.46740766871694106044	    -65.34325326247400766988	     -6.57500685204437651521	      5.00921214343039888917	     -9.85105365963371681914	      7.85120695611290120297	      0.88779104623042781608	    -11.54880296656619620421	    -17.06429321830746914657	      3.68476705918222524616	     16.21748437515060814462	      9.58968672736290095315	    -18.98171064968425625352	     -4.30582668082750075200	     -1.21916102985138441461
      1.48211226187368172447	      6.29968866304122609989	      0.14386707976310655899	     -3.51651531415262441627	      0.61408683198869984388	      1.02795427608411027443	      0.01069781259349929410	      1.99021525340225968748	     -7.91577359080177700434	     -7.44522478853765790063	    -65.58486036613679459606	     -6.41999012939134949818	      5.01233504197612411701	     -9.79804866518922068508	      7.65420567923084149697	      0.92127068976904313846	    -11.53647723274821856876	    -16.94397273284627658541	      3.72940823178707026031	     16.22700275345078324563	      9.72674299551579046863	    -19.00117486906169972372	     -4.29053655701549185864	     -1.27320804209898241766
      1.48367442632338186748	      6.32214575796770805738	      0.14224192111850705866	     -3.50487930284592641428	      0.61388481079296419729	      1.02832668747233513251	      0.01043507100726068747	      2.21392242630713242946	     -7.92120934539403087626	     -7.42255890532280293570	    -65.79865729860958367681	     -6.29660258864686550595	      5.03015851106612643662	     -9.69281009789403391608	      7.47332652898958826881	      0.95192568655767861863	    -11.52396831115704678439	    -16.83544085997344197381	      3.76881804492470928736	     16.23129176018485608779	      9.84708817510223255454	    -19.02219280152738178913	     -4.27700662604220127605	     -1.32077783236138057710
      1.48536994040342706924	      6.34543150270306988148	      0.13883926799762624782	     -3.48915134266059867585	      0.61365719504840376963	      1.02872496472693986114	      0.01014828971202511552	      2.45623949272929120724	     -7.92350755409083351566	     -7.39942271987356114948	    -66.02292576633212206616	     -6.16218393532519215228	      5.06523718196866923336	     -9.54986029668195435249	      7.28059672336389596126	      0.98347585270965498516	    -11.50480936096114881195	    -16.72197955099763078124	      3.81306672868635798679	     16.23249375032883534686	      9.96862307817968584800	    -19.04533617801925515778	     -4.25976060562074110294	     -1.37300466410247290483
      1.48735008580696947966	      6.36656806547436282528	      0.13059868301769012033	     -3.46242780664987703787	      0.61338270116522031206	      1.02917484230693667691	      0.00980589296833497999	      2.74177629791156096672	     -7.91887631554599202843	     -7.37959546781650121972	    -66.27485434688377097245	     -5.98126727563617865968	      5.12420781896408783496	     -9.38173491256339175948	      7.06667483534512363974	      1.01580231555489985951	    -11.46977730276241835838	    -16.59854797459324515785	      3.87173467593314413193	     16.23163093212353658146	     10.09230220650878528943	    -19.06766609167771164834	     -4.23233443707371304043	     -1.43829420745736946685
      1.48953131205803779302	      6.37800754983973128276	      0.11484392576457197466	     -3.41902753310439644352	      0.61307282457304579371	      1.02964473767691444550	      0.00941534415485579396	      3.06252170257291078670	     -7.90310013764662055991	     -7.37159426474900936199	    -66.54002744612974140637	     -5.73351995203524733569	      5.20322302396068625541	     -9.22587993850319421085	      6.85043152597358151468	      1.04421310131328115567	    -11.41145035522003148287	    -16.47596654035618968237	      3.94884922091730494742	     16.23064523746741727450	     10.20045326247970507438	    -19.08145508146703051011	     -4.19023394862508702374	     -1.51872206130902931420
      1.49038706327743319946	      6.37864474140070658592	      0.10669091518157143572	     -3.39766894956793397142	      0.61294989409339761810	      1.02982117094692604553	      0.00925804944766884554	      3.19045247537239484714	     -7.89382872219150044657	     -7.37302963804530531178	    -66.64039575313184116112	     -5.62229129727100751523	      5.23528058150882280586	     -9.17376155870858589481	      6.77158874235592467272	      1.05319695970230009507	    -11.38270300032324477968	    -16.43161888572007711673	      3.98282671312067915181	     16.23083159828435029226	     10.23454977281235578346	    -19.08318479877183904136	     -4.17013316499998687448	     -1.55306813536301757672
      1.49259567649097935060	      6.37241840015457050583	      0.08025338616622759713	     -3.33212599714101775916	      0.61263037205600490154	      1.03026088172875018856	      0.00884262071807458139	      3.52438542907522345260	     -7.86209149334417034538	     -7.38767134712997286528	    -66.88724328268928331909	     -5.35058904484288078152	      5.31280125996749497119	     -8.96225127407675614677	      6.58025442056180054351	      1.07049042651875847554	    -11.29492851762533511817	    -16.32456011454706512609	      4.07776299919503237845	     16.23450048695584158054	     10.30954163879223273170	    -19.08030976203936290858	     -4.10898814738965967308	     -1.64828851552715516249
      1.49462286090105589409	      6.36132791670395025818	      0.04990272593756390346	     -3.26120592943963094612	      0.61233634514770818313	      1.03065289186759501128	      0.00845276545531014646	      3.83092717529346371563	     -7.82426269555532716282	     -7.41325411468143435911	    -67.09796574602367513762	     -5.12366372463135810733	      5.36407541242891827693	     -8.67325006147934018941	      6.41289753320802180525	      1.07977494010213126430	    -11.20113346062262671410	    -16.23102105474378475947	      4.16789876933806890946	     16.24271209484435019021	     10.36855049406607420792	    -19.07299711938454933602	     -4.04292915607890090968	     -1.74228959118960724517
      1.49675757660806629801	      6.34801672776681424892	      0.01323705158921830057	     -3.17830910872570537862	      0.61202903822946241874	      1.03106065019114123693	      0.00803741547166727729	      4.14984243969896748894	     -7.77754465719531573598	     -7.45035956803561472128	    -67.30392253709665340011	     -4.89842309032683420611	      5.38877841205160734717	     -8.30209066325241629158	      6.23847460854966495702	      1.08445101238267449517	    -11.09367576043548098141	    -16.13201322207087784477	      4.25793836869454089822	     16.25612759651333405486	     10.42792986271923538766	    -19.06404931932211255230	     -3.96590441585421382698	     -1.84640804560440985327
      1.49898603289425658147	      6.33466648443486501918	     -0.02836577247311665786	     -3.08528275960901599007	      0.61171387368104757076	      1.03148497423780027837	      0.00760177062306221455	      4.47636975993865693368	     -7.72364747264473106014	     -7.49769169688104941685	    -67.50214900677268303752	     -4.66570375407108173249	      5.38519048313099535363	     -7.88166490078950587872	      6.05380333059735775691	      1.08569818431469600206	    -10.97627445007538504740	    -16.02373929761688131634	      4.34119191358267109138	     16.27378417381963515709	     10.49047887790614197456	    -19.05512638961036131491	     -3.88016001726694348406	     -1.95959056516846286122
      1.50050415717860374798	      6.32638106292816360110	     -0.05782248368439568686	     -3.01912003912965909436	      0.61150385656272621127	      1.03177421854673445623	      0.00730496325508800219	      4.69477303169507731440	     -7.68504633938089920520	     -7.53372246721691407600	    -67.62769560068036867051	     -4.50292244080748993440	      5.37104526036896245955	     -7.59443159862422234596	      5.92521047372035791767	      1.08530861489930408048	    -10.89481159730473969205	    -15.94563517265617136331	      4.39072508331960609240	     16.28651783012834286524	     10.53317728395098384908	    -19.04946007607241043047	     -3.81982812021693352023	     -2.03898550262634570274
      1.50299891689062525835	      6.31354687521869450961	     -0.10684882945188853287	     -2.90775297269354338070	      0.61116761718987422380	      1.03224851638692749489	      0.00681949333131400860	      5.04834231248231102285	     -7.62002014816020611931	     -7.59648784132939880465	    -67.81812622684199709511	     -4.22922020677503329722	      5.33995049200876437112	     -7.07645062559286941450	      5.70900759135336777206	      1.08381622194041349339	    -10.76094181055940168790	    -15.80860808166546860321	      4.46192953814726767092	     16.30536808332076148531	     10.60737041057767449104	    -19.03967640302145269970	     -3.71929259951554058716	     -2.17235972597995186106
      1.50561706222594460236	      6.30305504295359764200	     -0.15834734445099576949	     -2.79008516022401709122	      0.61082492514160102726	      1.03274715439910558246	      0.00631562533032899078	      5.41117026799566591677	     -7.55066921280633707170	     -7.66343907890884601386	    -67.99692060381433122984	     -3.93438096218910882129	      5.31145693387781214767	     -6.48427969108931900877	      5.47281439827738402926	      1.08192833338849614400	    -10.62359303342418037630	    -15.65225057186000157117	      4.52807751081866882714	     16.32118863611693981852	     10.68315386333407879249	    -19.03086681165160953810	     -3.61350841777639830710	     -2.31476304656178877295
      1.50806724004502878955	      6.30002778454546064069	     -0.20708644200297426918	     -2.68142514010983612494	      0.61051121933052376889	      1.03322065221287640036	      0.00585137896423653173	      5.73934846680872556846	     -7.48407808717948697108	     -7.72391973279159937960	    -68.14398877591034420220	     -3.65810264842330612467	      5.29839207487881846959	     -5.91292896556932134899	      5.23815144565400014898	      1.07935861246950537407	    -10.50055346975770120821	    -15.49346600737793622216	      4.58858738071752902954	     16.33507758787315466975	     10.73971302354723000860	    -19.02870761427773871333	     -3.51436121601156070682	     -2.44891703521447290370
      1.51034184667253490453	      6.30449602166800726621	     -0.25318198368500383078	     -2.58398529260259923745	      0.61022335801798432975	      1.03366782901957576790	      0.00542894263065417642	      6.03376996624279460235	     -7.42002081670317537032	     -7.77516316411238506134	    -68.26324136587554392008	     -3.41044291922169762188	      5.30194306208149157555	     -5.38717416295549877958	      5.00689965997097097272	      1.07573148340745339269	    -10.39325654640544804863	    -15.33536872594248023915	      4.64793990899592390775	     16.35053624408069339324	     10.77166951874900391317	    -19.03373216221805819259	     -3.42228961483532989618	     -2.57265692711774773827
      1.51293629784731797905	      6.31517198388963674205	     -0.30719630563818889346	     -2.47727867836886117558	      0.60989555689911967296	      1.03418063305503005189	      0.00495650521007079490	      6.36194229910981157161	     -7.34346349544952214927	     -7.82673842402025599085	    -68.37992572478212593978	     -3.15062508641982308433	      5.32417055367662506171	     -4.78647874964876240966	      4.73191076255616049906	      1.06947510900918296706	    -10.27870782846467712091	    -15.14511514747191256447	      4.72310245371370029943	     16.37357671242466139461	     10.78250322707877728590	    -19.04472905616809086382	     -3.31653162354340080853	     -2.71288005122608533171
      1.51541863391471087752	      6.32710061416304547777	     -0.36010584682683854929	     -2.37674414461476457561	      0.60957892929325696585	      1.03466569434263555571	      0.00450877058684792057	      6.67240256369379203250	     -7.26708506524937636328	     -7.87202650746213627997	    -68.47274066144046855698	     -2.92894341420139303622	      5.35942988460986580179	     -4.21820314135870511052	      4.46434075135791896827	      1.06165359656491453677	    -10.17283266625157800433	    -14.95751179726038770923	      4.80004081109854396914	     16.39930105004652460821	     10.77394615569590818893	    -19.05692401506671274092	     -3.21388131595783299588	     -2.84899299494894986395
      1.51784672224218897263	      6.34111133338786459035	     -0.41170609319586648489	     -2.28036563996570196267	      0.60926283104546397063	      1.03513424438552825713	      0.00407511322341935593	      6.97241349208976313179	     -7.19081660006977596566	     -7.91222151449565291870	    -68.54648069212235839132	     -2.73309322340189853051	      5.39966923550850630420	     -3.68708105455095447311	      4.19862536200706681910	      1.05372201677309140777	    -10.07258221845142465156	    -14.76977357834364745770	      4.87178447534103753469	     16.42411240370404712507	     10.75948541890321408232	    -19.07190169288182346463	     -3.11393871889044504542	     -2.98348857020626478942
      1.52038927619639974154	      6.35927515994734804394	     -0.46449936382906831245	     -2.18390119303142249407	      0.60892163855850045540	      1.03561839615978290574	      0.00362864545522180969	      7.28249696565351101185	     -7.11004939238008848434	     -7.94783928309162135406	    -68.60694272897313794601	     -2.54099522973323166397	      5.43806789764684328503	     -3.16980124446722788534	      3.91542218590103985321	      1.04618546773585818777	     -9.97309038495696498217	    -14.56860815331835112829	      4.93421928790846653357	     16.44530823459804480535	     10.75084256787640235586	    -19.09247227857714790389	     -3.01191965642420589333	     -3.12302890354432127751
      1.52326332339718328868	      6.38367805719822634103	     -0.52076248025794158458	     -2.08299847171987195793	      0.60852020589669642003	      1.03615451784704948324	      0.00313763160146040372	      7.62964660091636392991	     -7.01910251567884024837	     -7.97774804127465664294	    -68.65709193094147622105	     -2.32836763547471248259	      5.46648400818845825455	     -2.61971301464909922530	      3.59030214066749930879	      1.04047071697937409951	     -9.86934113471066609691	    -14.33615580048614468467	      4.98240010115055032003	     16.45816673816307584843	     10.76629260319291248038	    -19.12171318364445937732	     -2.90304216966576111858	     -3.27581245945395060915
      1.52551634564137938987	      6.40240631427726736291	     -0.55953326093900201954	     -2.01129387828390449044	      0.60819242974465781426	      1.03655933349857876102	      0.00276640147431623119	      7.90406183239791104711	     -6.95089433514630172795	     -7.99237642662731673227	    -68.68579211553353047748	     -2.15982005687166767061	      5.47412649659085026599	     -2.20914201665587173196	      3.33658084252743902809	      1.04075602177756065814	     -9.79509280552749928006	    -14.15287994676009653006	      5.00613892330553422738	     16.45881773371024436869	     10.79632411703998684516	    -19.14550333855254748983	     -2.82624149519124046037	     -3.38987295282637646210
      1.52759350166302665386	      6.41508230356076580847	     -0.59102896229106205439	     -1.95040449455873643458	      0.60787921444818249217	      1.03691235591844144182	      0.00243494812660969250	      8.16390227823395164819	     -6.89046964216610557941	     -7.99969436013219059589	    -68.70525690908677063362	     -2.00342153942378375930	      5.47030525822501179078	     -1.84868808422022690152	      3.10980271714518519133	      1.04447669717938018685	     -9.73106756719536569733	    -13.98708399121679768484	      5.02920095821317136853	     16.45578660395240433445	     10.82079099212899819804	    -19.16343544231200723971	     -2.76203029918989706459	     -3.48986927663394030930
      1.52983794643194803697	      6.42055737211278820809	     -0.62200067719551432877	     -1.88788119659644393344	      0.60752854152388391373	      1.03726594635798807786	      0.00208571304917123381	      8.45507271046946584647	     -6.82641752743371466039	     -8.00349336676260669776	    -68.71851805844431737569	     -1.83593327339268252985	      5.45820258189935270110	     -1.48240861170171589478	      2.87757156531342772610	      1.05031841430580041852	     -9.66402766163399107313	    -13.81527992418928008078	      5.06999314342272189293	     16.45440852297727829523	     10.82255564653325841107	    -19.17505252298365547858	     -2.69732053644051461561	     -3.59303872805151236491
      1.53221916544452230191	      6.41632358588153373091	     -0.65309384380539492465	     -1.82262549099549020504	      0.60714287785060283564	      1.03760813272447682820	      0.00172224438658182054	      8.77550264000908697426	     -6.75850586405537079315	     -8.00574920632211650684	    -68.72249504487137983233	     -1.66326741863078830796	      5.44273554153219496499	     -1.12375800863209351910	      2.64735817900055225849	      1.05658940112134480671	     -9.59286629516623357006	    -13.64344625083105810859	      5.14145420589835566716	     16.46044427857144398786	     10.78317652103819490605	    -19.17800713623617525627	     -2.63134808975397271880	     -3.69786541106070787421
      1.53418829378217846937	      6.40707561856234253383	     -0.67685500750961802297	     -1.77009130241982504117	      0.60681444976273524183	      1.03786967057335854925	      0.00142857491100686061	      9.04695666081918581369	     -6.70335971492485427348	     -8.00595068003930698808	    -68.71725742115474133698	     -1.52615690490099353838	      5.43284349810936539882	     -0.85209147349017144712	      2.46655481829809941630	      1.06248612826409427612	     -9.53517834369977457243	    -13.50771825687492366797	      5.21833663645675205345	     16.47113116409450839228	     10.72486972234944424542	    -19.17534566132643547576	     -2.57984732442349207204	     -3.78004306444812421262
      1.53607062245488168450	      6.39398435656800501192	     -0.69641300785185122901	     -1.72174111959410813810	      0.60649364435981767407	      1.03810325593433327995	      0.00115483711227706560	      9.31133759546189310186	     -6.65352464990677550105	     -8.00439708761335211307	    -68.70525386335251027958	     -1.40027220126629559083	      5.42881114267448872113	     -0.61510856889777132395	      2.30052006502203010285	      1.07046847853348126023	     -9.48216108569066129519	    -13.38152956242521796071	      5.29508493781162936642	     16.48182747231173550517	     10.66317836014810715994	    -19.16892045597348115393	     -2.53512186823972918148	     -3.85441326824262864292
      1.53809120147288047598	      6.37565829150598784025	     -0.71277904857746354761	     -1.67193605309798343228	      0.60614303646793599167	      1.03833749529101315723	      0.00086886910501772301	      9.59996514376929077628	     -6.60483865966145078374	     -8.00112079472132542435	    -68.68491448647353081469	     -1.27105333017861754641	      5.43119547723639151116	     -0.38438558939322159391	      2.12885149214578772714	      1.08304082927409628390	     -9.42798612811692926527	    -13.24838302254874555786	      5.36662251301052695140	     16.48805682604666600355	     10.61073786369168026056	    -19.15797437171682915391	     -2.49338370976354717357	     -3.92983947730987059899
      1.54008407457367080262	      6.35380061649391070233	     -0.72377344773327045857	     -1.62446063039183341559	      0.60579210140064454482	      1.03855356065274473387	      0.00059443683585204280	      9.88855982665316446401	     -6.56248393286279263492	     -7.99707457173310931609	    -68.65713798820129909473	     -1.14985258597620476628	      5.43938456868232300678	     -0.17770424858497493870	      1.96529648648272536882	      1.10012010856674380399	     -9.37713899818089480220	    -13.11837455127503204722	      5.41419931475101012808	     16.48423685648049996644	     10.59019575867006501824	    -19.14352460874048134087	     -2.45896603298360405532	     -4.00019771387228040282
      1.54221049048801805981	      6.32765761871515319825	     -0.73073193110281176033	     -1.57504655116418912364	      0.60541349670612809586	      1.03877095572233213439	      0.00030964695648844526	     10.19867234947196266148	     -6.52264810993349364310	     -7.99281949211518050191	    -68.61824291087044969117	     -1.02876783185809062005	      5.45147232466674225293	      0.03525961622130903417	      1.79529562151473998100	      1.12258025594949639725	     -9.32550115006112889660	    -12.98055020165155859502	      5.43566475127889603414	     16.46823081905252195156	     10.61357818629137028665	    -19.12541911891949553137	     -2.42854165307006253371	     -4.07097407992553428357
      1.54400616480752739257	      6.30510584647091842925	     -0.73591245268137595037	     -1.53356303413820094228	      0.60509213211201950955	      1.03894798382256525748	      0.00007492206987810086	     10.45917270996530135108	     -6.48968271938286367373	     -7.99050964923797124584	    -68.57601559378646527421	     -0.93438112627040348368	      5.46061489762661533831	      0.21799752539291533671	      1.65304676845310338784	      1.14147802779138762830	     -9.28338593707715276082	    -12.86511013861598229369	      5.43870012402504432458	     16.44988851413586772310	     10.66062933485384078836	    -19.10981305860191170609	     -2.40419309497913591400	     -4.12715419057181964746
      1.54590147279968626037	      6.28254555089407684676	     -0.74471137197875281188	     -1.48724853559775604950	      0.60475326396264894591	      1.03913216533402663622	     -0.00017075230935507013	     10.72890629454229305395	     -6.45130742397420586798	     -7.99274751729209942397	    -68.51945499830324592949	     -0.84247243315727970980	      5.46619819680345742086	      0.41258920578499486131	      1.50240056588790049652	      1.15693071264651869967	     -9.23745295612381234207	    -12.74552100647938779332	      5.44428009213653751885	     16.43400094552214341093	     10.71099665349063023712	    -19.09485443315162456202	     -2.37450590420301521632	     -4.18474140656575777086
      1.54779034191329945003	      6.26312789299380678898	     -0.75973855566275627638	     -1.43563060141990495033	      0.60441765741624031705	      1.03931674852616029447	     -0.00041740932396737494	     10.98861064282816890625	     -6.40667603234454485772	     -8.00310630879332229881	    -68.44862865559282738559	     -0.75737056719897544177	      5.46680492549992891327	      0.60390139114460805736	      1.34986744460404572976	      1.16464744555881805077	     -9.18691960431267595766	    -12.62973178936199936118	      5.47016562677723960917	     16.42937268018641105982	     10.73398678160748787036	    -19.08343445042992669869	     -2.33681772199984516547	     -4.24288841603684030446
      1.54992664995912954318	      6.24646208622701326618	     -0.78548437710296115100	     -1.36870747419334737316	      0.60404251119410856674	      1.03953012597501781578	     -0.00070129048578630162	     11.26832800222994457329	     -6.34763258777435801505	     -8.02674500552828718014	    -68.34979380421077621577	     -0.66586171547917494262	      5.46318048228898867080	      0.80875113305772972083	      1.17249887910840810967	      1.16288609152417055093	     -9.12150348895126050763	    -12.50297694548593518959	      5.53746733590821360593	     16.44259464840043349909	     10.70450786454236968837	    -19.07632620928047728626	     -2.28252880829225546222	     -4.31196418735472786210
      1.55140043576713093643	      6.23836177246480083625	     -0.80822232290951157019	     -1.31714474253670243975	      0.60378727962293232689	      1.03968063661790099950	     -0.00090039320235142466	     11.45239014545006916990	     -6.30223512120902373823	     -8.05041016416567245528	    -68.27007413949070269155	     -0.60459804637957226259	      5.45956888203154022676	      0.94549103455342808910	      1.04674494786953009573	      1.15573951871572777605	     -9.07076756319806065676	    -12.41754240057925429142	      5.60834797388764982884	     16.46244296300890042062	     10.64753417555749948065	    -19.07498112888998065273	     -2.23831300960778412090	     -4.36242102269314013796
      1.55299364233691838955	      6.23155332027970665365	     -0.83628458069382416440	     -1.25686021721621865588	      0.60351497652076180334	      1.03984426372643290470	     -0.00111840851073321504	     11.64482659816150267318	     -6.25017208224575870901	     -8.08214715495818047941	    -68.17401215526470537043	     -0.54005776675672045872	      5.45585084255223495830	      1.09720306144721058139	      0.90888093959972926505	      1.14384140879880691344	     -9.01072443616762441820	    -12.32643032147401918053	      5.70088196265128743789	     16.48967230352273816152	     10.56223054829630214613	    -19.07533326889463509701	     -2.18556894404892965156	     -4.41994841378862979298
      1.55469401600125722851	      6.22607108191147240461	     -0.86942938240649036974	     -1.18759479049335037182	      0.60322861312214759444	      1.04001913411339641513	     -0.00135428415841597725	     11.84339295038283701444	     -6.19216551236300905003	     -8.12269962280976365321	    -68.06055579630168494987	     -0.47258098061251285760	      5.45292406236044335799	      1.25996525642801970868	      0.75992192918194834128	      1.12732561012632870323	     -8.94064715311961499822	    -12.22959659606548932231	      5.80422131170076660567	     16.51930784133229579425	     10.46374122287646990515	    -19.07721169407087913328	     -2.12452329560871344682	     -4.48516713684109635807
      1.55639445984231139519	      6.22304060902627131924	     -0.90557971430147021774	     -1.11350870532900292353	      0.60294669624170571520	      1.04019540480026706497	     -0.00159347169341950449	     12.03427164207801602913	     -6.13202296096711485518	     -8.16986785694045281048	    -67.93572713435611376553	     -0.40688477327930860916	      5.45121325992117355952	      1.42040169140634486844	      0.60816036616195967568	      1.10728835210165255099	     -8.86455865931693054449	    -12.13174044430866693745	      5.89575304684679135647	     16.54285592541218008478	     10.38263581557614578799	    -19.08131965645711503043	     -2.05893666256466101316	     -4.55454320671978241108
      1.55850327462212834284	      6.22408161198399589864	     -0.95469194670754731202	     -1.01559437379642725219	      0.60260328311096245102	      1.04041846188119158079	     -0.00189424562412278288	     12.25878022444298487414	     -6.05430423992161159674	     -8.23690522632228017130	    -67.76477290171368395022	     -0.32944842886398112425	      5.45009085772332912967	      1.61251790111647608228	      0.41415011363888998286	      1.07749970577090747881	     -8.76272045740625671328	    -12.00713039721664010528	      5.97355348874543246041	     16.55650443690828410581	     10.33491475895647937477	    -19.09108924413601116044	     -1.97131065331490185066	     -4.64615279193516439449
      1.56045137957050039645	      6.23064701316567770562	     -1.00456863037123533822	     -0.92031211957950476155	      0.60229208715469706448	      1.04063030455085980819	     -0.00217500167079082238	     12.45342642528435206373	     -5.97887805550921491715	     -8.30609402643990790693	    -67.59084216514543186349	     -0.26377863126156714246	      5.44903939368324508052	      1.78045032555140858577	      0.22799430648238480646	      1.04475755263096026226	     -8.66279786475902646714	    -11.88793172015650512208	      6.00218550777146475639	     16.55137705098384870439	     10.35454088287434259996	    -19.10568989117898652808	     -1.88409552489071496773	     -4.73551285635094476589
      1.56218642033824228754	      6.24026360049773032301	     -1.05214161654517135425	     -0.83248312148699277202	      0.60201956226803488015	      1.04082180117138278774	     -0.00242648729686758104	     12.61784553350320337017	     -5.90917423972704280999	     -8.37247897704518884154	    -67.42369792370163850137	     -0.21181248546754727347	      5.44759815321465712401	      1.92932033097663668819	      0.05760286295129525558	      1.01182259683162145691	     -8.57027745139536634156	    -11.77912639616961065769	      5.99835762313299625248	     16.53452726431710217980	     10.41140725736433303439	    -19.12231497284887282717	     -1.80207590556211294519	     -4.81847723693184715188
      1.56379414868668109584	      6.24996033429851927110	     -1.09697418666198975856	     -0.74958638511591102471	      0.60177023602033286043	      1.04099655966055237855	     -0.00265980256518849904	     12.76631037016666603279	     -5.84451585388744199179	     -8.43658677496819819908	    -67.26035505230549915723	     -0.16875651478202968736	      5.44666364314242468225	      2.06762879392739362672	     -0.10096373242859117692	      0.98009735142706300159	     -8.48272116522369756808	    -11.67794853740083205196	      5.98340248285789488847	     16.51313004514166138392	     10.47573455207602854955	    -19.13808477719306111453	     -1.72472123609071581463	     -4.89801401197640817742
      1.56553362519460526059	      6.25887857550618065261	     -1.14423382691947250756	     -0.66026902258877684382	      0.60150309439085081209	      1.04117742748847685874	     -0.00291000846121483017	     12.92676433632046162359	     -5.77643905345492214565	     -8.50618233058438555361	    -67.07661860128544617510	     -0.12607076872398928491	      5.44729103688702487318	      2.21410931167350755189	     -0.27016275236592995901	      0.94655657872464404878	     -8.38838291609979158636	    -11.57016846737863247085	      5.97427594842163500743	     16.49144410980219177532	     10.52862120969578008101	    -19.15282035350383438299	     -1.64237163805153874030	     -4.98570881743901672678
      1.56739310620722793743	      6.26482506185496834661	     -1.19159120144765529048	     -0.56787153537690482352	      0.60121977908996815376	      1.04135710025171213111	     -0.00317139203953932785	     13.10145558279897137766	     -5.70719169755224875473	     -8.57763227553731688602	    -66.87416048064181950394	     -0.08272119534710703492	      5.45080893111575726095	      2.36304089546056061977	     -0.44620674612928407088	      0.91333433783433137787	     -8.29117890086430264773	    -11.45865293399124240636	      5.99480365327097608485	     16.47955647127164269250	     10.53288954490742668213	    -19.16391600749393830938	     -1.55853603954153130395	     -5.07924920194839035759
      1.56985999768930040155	      6.26623209097076472318	     -1.24755517984523622843	     -0.45450381120748278851	      0.60084669070612717334	      1.04157084025964330465	     -0.00350285169715894512	     13.34089626910211023869	     -5.62193275088812605134	     -8.66273787482782431368	    -66.59815526283858844181	     -0.02521867818513460688	      5.46033050982947454344	      2.54247689319492087279	     -0.67157446904223461193	      0.87534822672988066294	     -8.17309986574355207267	    -11.31753740942459884877	      6.09327230289031529509	     16.49264211749420994124	     10.42238755328797594757	    -19.17045114598237631753	     -1.45720244179164359899	     -5.19913065645992489294
      1.57132953968805888501	      6.26390741184005150899	     -1.27679022631558880541	     -0.39352808007203976537	      0.60062567869173399959	      1.04168507388595266150	     -0.00369014749899097393	     13.48782578851393054720	     -5.57472105078455104632	     -8.70644302654435442435	    -66.43020926506868306660	      0.00991509846131236397	      5.46787109766605095018	      2.64116557649802530250	     -0.80213441826853759675	      0.85650767557323825852	     -8.11030334771442795727	    -11.23654495287090782085	      6.18964613006179042998	     16.51594035942046545529	     10.29426088250300175275	    -19.17039183217595521569	     -1.40301606498770170539	     -5.26664551659453561427
      1.57301032895262848932	      6.25843801417434075773	     -1.30637904201133148163	     -0.33010146035061194159	      0.60037368248992717401	      1.04180427127183983238	     -0.00389485217438263927	     13.65978524551801243092	     -5.52393486669483291251	     -8.74965575749269852679	    -66.23484704008878054537	      0.05041097014739386734	      5.47679396330604806309	      2.75317432585826171731	     -0.94843982438099838639	      0.83866430924169155237	     -8.04554089524119930843	    -11.14538207498894273328	      6.31893940373461227011	     16.55036996734904164441	     10.11119199417260183793	    -19.16695719463928782034	     -1.34684704003733513034	     -5.33970312659876711336
      1.57477573777199753025	      6.25076524712980496901	     -1.33288825261652466025	     -0.27100569372505262100	      0.60010970026981846903	      1.04191938457582966571	     -0.00409881756195551363	     13.84333025476391121344	     -5.47428827154249386666	     -8.78697962284709888081	    -66.02540321594737804389	      0.09275277776346574354	      5.48511656538816350093	      2.86972570514406122300	     -1.10074870742148944736	      0.82458628146494816757	     -7.98574505289090552651	    -11.04842902665954262886	      6.44689531596264675528	     16.58389974610185646497	      9.92431817095632951009	    -19.16112758293101592244	     -1.29473070886757612996	     -5.41094401132857605319
      1.57656849228864937018	      6.24282719424550247567	     -1.35524206191643270536	     -0.21892938481225532321	      0.59984231894168593691	      1.04202987939834246234	     -0.00429475679485652028	     14.03039897382030964934	     -5.42738571864822727520	     -8.81646060725601543595	    -65.80742749310341821456	      0.13438137233052921404	      5.49091743507945651004	      2.98678960716568608902	     -1.25683056648476942918	      0.81521966148342372982	     -7.93343605866938172966	    -10.94557107494613390486	      6.53687956883754317516	     16.60300330301212667905	      9.79087886749724134461	    -19.15517167621753813478	     -1.24870282439341817593	     -5.47679460042790378083
      1.57862129955249863578	      6.23508218419281856626	     -1.37615305681430322160	     -0.16854883518694882549	      0.59953706772654558055	      1.04215196468656356998	     -0.00450673755899328073	     14.24319936807617281715	     -5.37695946136093194667	     -8.84057153411257701237	    -65.55019043712024995330	      0.17866122380134499825	      5.49258781036734600178	      3.11842118948637647691	     -1.43950749515679299328	      0.80979291152016064093	     -7.88290188129389157723	    -10.82031356356026385868	      6.56923156190369805785	     16.59808153482164172488	      9.74307287450634085246	    -19.15021241017435116305	     -1.20313409634233181578	     -5.54360552266472783600
      1.58022245638318015182	      6.23003880596129100411	     -1.38998626820622894762	     -0.13529864833329946494	      0.59929974916042494382	      1.04224406336009156604	     -0.00466445198420433610	     14.40772683465489656385	     -5.33907148605466996827	     -8.85321009452416696206	    -65.34333486290816495057	      0.20984425311769788758	      5.48953810886337745245	      3.21792234776627728010	     -1.58482240824508036070	      0.80845544865833107728	     -7.84921203093900565761	    -10.71768197575862480164	      6.54818014708315132566	     16.57615977284788399970	      9.77591814216432375417	    -19.14780993369832984285	     -1.17141331893009947862	     -5.58930260787334276529
      1.58169046489287001833	      6.22576576747573895432	     -1.40185858784280914513	     -0.10858628815446792759	      0.59908274103434122626	      1.04232526081915577443	     -0.00480453753846965537	     14.55755044964579880684	     -5.30438269179578814061	     -8.86111101442848969612	    -65.14846687768351785053	      0.23491296309838130552	      5.48306799996988747381	      3.31173000357191860132	     -1.71942215250825825024	      0.80820095784048695542	     -7.82163007500117490878	    -10.62141253417168229589	      6.51077217591772150485	     16.54831732059291482528	      9.83395667889568514397	    -19.14631700588211771219	     -1.14373549547999431297	     -5.62643917349376199155
      1.58350200857351985917	      6.22153638877101400340	     -1.41780247003292481089	     -0.07899179221003989337	      0.59881535385865469756	      1.04242204635545387958	     -0.00497321890272514090	     14.73954227582040310551	     -5.25927724995630985205	     -8.86813174636587042698	    -64.89975932269368286143	      0.26108106303002803772	      5.47031678169831803160	      3.43290139129153892839	     -1.88744126645680521115	      0.80634186775279825810	     -7.79048133384411922719	    -10.50220971333219388555	      6.47137793561390228803	     16.51598579167923830369	      9.89662521822390317539	    -19.14618341126908873662	     -1.10840604750338278528	     -5.66638676838572052930
      1.58523008777462703911	      6.21920090499046285260	     -1.43590189627027564612	     -0.05282701387848641461	      0.59856026713182952648	      1.04251174640253441162	     -0.00513108800824202491	     14.90867424987590261765	     -5.21244367903798178077	     -8.87389639603144964042	    -64.65296781036693118949	      0.28292110234636574928	      5.45471442439912479472	      3.54876886593528251268	     -2.04999742240357463174	      0.80102291119378710160	     -7.76260489709670231662	    -10.39003566303542669402	      6.46893870719986008311	     16.49883843385918780200	      9.90469799345461687778	    -19.14864271372406534510	     -1.07150145007867836355	     -5.69897028140899841731
      1.58718499042343830219	      6.21822412865386020542	     -1.46028566388389902109	     -0.02445821525387273029	      0.59827089546098410899	      1.04260943649031334601	     -0.00530696927147460487	     15.09458194561208976836	     -5.15476337535980544402	     -8.88080345954260508279	    -64.36216644760598626362	      0.30715198767608747898	      5.43623888778237951414	      3.67255735368181079892	     -2.23588734420632162525	      0.79007372453964208603	     -7.73224887368852265013	    -10.26623613088816000527	      6.52796181782900397650	     16.50411445987521119605	      9.82098279145676933410	    -19.15424775210259156211	     -1.02528127988696882156	     -5.73005954993595700842
      1.58905245254518190379	      6.21768093389495124512	     -1.48688743869960871002	      0.00221789812566833364	      0.59799267626418861621	      1.04269708665196714215	     -0.00547283515891345239	     15.26804603327105880339	     -5.09596145118247267902	     -8.88860574134700875959	    -64.07313876182931267067	      0.33277628990622148963	      5.42133525908429803053	      3.77696561784533546557	     -2.41397389088723501871	      0.77531814264090936906	     -7.70359782024422035107	    -10.15060749320968902509	      6.64242862237541409343	     16.53217871152608253738	      9.65361553172653863442	    -19.16114403460852955163	     -0.97728450875033978651	     -5.75482904834074737721
      1.59065405117321856387	      6.21634955691075674622	     -1.51158220251911745713	      0.02529173441674263320	      0.59775185835632138609	      1.04276629672514942193	     -0.00561386199397467551	     15.41487832212126640741	     -5.04367400442104596436	     -8.89671159924337651148	    -63.81683964782166640362	      0.35799126943539788526	      5.41286262651236071974	      3.85296584545948395117	     -2.56593563477024622088	      0.76015070068362722289	     -7.67866995128370000145	    -10.05203479013274048270	      6.76970449786442252105	     16.56758064179797784732	      9.46584823313198597816	    -19.16707383769833228371	     -0.93387093740819648868	     -5.77288691370577833339
      1.59251360022863353016	      6.21476960671809575132	     -1.54133004238860960022	      0.05205564766478448097	      0.59746897782842978142	      1.04284194516421124810	     -0.00577555656934504447	     15.58208416056774936465	     -4.98213330193923908951	     -8.90759199265694334713	    -63.50955324824654724125	      0.39046997948936806866	      5.40911224392909861791	      3.93249088932782564498	     -2.74327296836487644072	      0.74103728855550343724	     -7.64940079312635212716	     -9.93484924594292095890	      6.92170190842568100464	     16.61041005267206926987	      9.23927145525246196200	    -19.17518958713882071265	     -0.88232052046365772036	     -5.79020284497767789844
      1.59430709831568107049	      6.21488598688270155179	     -1.56889428279161458057	      0.07733986068971653027	      0.59719188865547956357	      1.04291334065950325183	     -0.00592857843634683399	     15.73837716614158921402	     -4.92459290458208265306	     -8.91936092548155734505	    -63.20369027211469159511	      0.42413412541179446036	      5.41161295315212154122	      4.00247367525716946091	     -2.91766068304964765190	      0.72379199784687708874	     -7.62073193047420094359	     -9.81557452046643952315	      7.03310851156739502699	     16.63842100343924101935	      9.07100628111525608688	    -19.18626650343392370246	     -0.83424565158578389834	     -5.80357862446753802743
      1.59630356939779338710	      6.21650830785480223994	     -1.59603618795121748875	      0.10550734030680199160	      0.59687691290071065442	      1.04299043967139470901	     -0.00609620345967056606	     15.90728477500901405506	     -4.86566375638354653432	     -8.93494401060507570378	    -62.85308341444320490154	      0.46196080418975588033	      5.41946258834190164322	      4.07510075063451981947	     -3.11479999129609197439	      0.70857816840795373459	     -7.58682722045317436965	     -9.67458916388811296372	      7.08544090348592092710	     16.64221653085897045798	      8.98990788273941987541	    -19.20204930932714049163	     -0.78514283694098085942	     -5.81640565736163228650
      1.59807925578540555023	      6.21821423505659787168	     -1.61648282958749200944	      0.13172113407472732516	      0.59658952156243727494	      1.04305475600873598374	     -0.00624403176342371632	     16.05422024055445717750	     -4.81886669436843906311	     -8.95249860061650615251	    -62.53273915005397043387	      0.49313261247647538488	      5.42782454514727241701	      4.13812366224636729584	     -3.29066753890674590366	      0.69906986659992120803	     -7.55343525093737611087	     -9.54379571994531161749	      7.07100213258575394093	     16.62218187489042975358	      9.00933699500725460041	    -19.21807062658450604431	     -0.74583512527833051298	     -5.82768879525576899425
      1.59956683411078603996	      6.21919991075830402849	     -1.63135023902072595625	      0.15541683854733895354	      0.59634256351700565268	      1.04310398643379875772	     -0.00636772032775135763	     16.17554390522450447065	     -4.78351497823013183108	     -8.97102475887963990431	    -62.25828070717297890724	      0.51565612610870770194	      5.43340732771208934082	      4.19159104717886688007	     -3.43684446739733662213	      0.69334789024967991011	     -7.52237933109211454052	     -9.43275463182039075605	      7.03281389685675417667	     16.59566290126168652819	      9.06441909143476287625	    -19.23228556023556379273	     -0.71546606785129074346	     -5.83803694104486314842
      1.60110366620160271545	      6.21963770673867877292	     -1.64513444786291129773	      0.18211482995267450069	      0.59608084419138829269	      1.04314958159990522901	     -0.00649564351462653296	     16.29927801886867655412	     -4.75013108470694778163	     -8.99454623700598610014	    -61.96887936704018073897	      0.53438758159939692138	      5.43600571507885277356	      4.24936742793578403621	     -3.58593974066529197486	      0.68871386141452728413	     -7.48715078851493753831	     -9.31889908105852704523	      6.99059205425615282081	     16.56794806415539866862	      9.12531255533996876750	    -19.24759230253041408787	     -0.68582876865164998925	     -5.85012411656585218367
      1.60263816428690764049	      6.21937684812117730360	     -1.65682895508093630532	      0.21024522658936778408	      0.59581310151717659096	      1.04318881518972261802	     -0.00662228592673376124	     16.42164003299586383378	     -4.72032926607920444440	     -9.02169563747470171222	    -61.67452576347652382083	      0.54839152318378492357	      5.43473192171437080589	      4.31224315216198039735	     -3.73249157156703237348	      0.68582683521376586189	     -7.44973832596455043387	     -9.20772614497975006032	      6.96520015596813291125	     16.54764005724914710527	      9.16108727571987202509	    -19.26324191549380415722	     -0.65877388037642492513	     -5.86320517471277202759
      1.60495545170871523055	      6.21282564861298958192	     -1.66904661047942926011	      0.25350022193653581892	      0.59539790009581738950	      1.04322627616571517173	     -0.00680931211869079123	     16.61078286813065219008	     -4.68345961581637570958	     -9.06742857478980468500	    -61.22238720330651773338	      0.56369088565876457331	      5.42696247884645011084	      4.41300784337674567581	     -3.94293490337307561688	      0.68646632678281549467	     -7.39061517736480411145	     -9.04922400766285583984	      6.98519360007138345736	     16.53939369753289412301	      9.12958061116816566027	    -19.28152466128170416937	     -0.62480071090781152954	     -5.88410179980996961291
      1.60681475527866668429	      6.19990213800733247496	     -1.67352661009709713369	      0.28848370617251900550	      0.59505655619383612809	      1.04323258729176093773	     -0.00695595466649342326	     16.76924842879997257228	     -4.66172788590643882856	     -9.10771894352931710159	    -60.85422075321339008269	      0.57567774518308778564	      5.41874846112346997273	      4.49190926296718728850	     -4.09895265459467683655	      0.69203706241515261510	     -7.34093419888747611424	     -8.93258393917511206439	      7.05332631576267132800	     16.55114654962694231699	      9.02932990666519152967	    -19.28848874087987397274	     -0.60408051669673690220	     -5.90234163974305037215
      1.60844311686978547193	      6.18477228544701862489	     -1.67381877739497908486	      0.31973311487553063293	      0.59475276092740481104	      1.04322366476799155421	     -0.00708308687446097211	     16.91050615213884000809	     -4.64832917547616286669	     -9.14605768590143064500	    -60.52742809420236369533	      0.58985636038260502723	      5.41280866408108440879	      4.55366206634656478514	     -4.22819320176410773371	      0.70039967438813854894	     -7.29536366033035044154	     -8.83753533340559194187	      7.13654195141238822941	     16.56864062625971101284	      8.90959218271788877530	    -19.29074736882594720555	     -0.59014717570855790285	     -5.92010230924589997414
      1.61007088365139505726	      6.16947057486741989862	     -1.67131131611838390505	      0.35190117225406708501	      0.59444566214747518451	      1.04320710205190647635	     -0.00720994915062295530	     17.04966081877677908096	     -4.63960902239281747228	     -9.18764777322687287153	    -60.19568854378989897214	      0.60999357900096240481	      5.40988004009772360803	      4.60446425305509698944	     -4.35466069931654242708	      0.71143444037637471045	     -7.24772480437801558395	     -8.74732681093171926534	      7.22433691223819440808	     16.58610321925907271634	      8.78663543722801776426	    -19.29308194526291941884	     -0.57926277079299237638	     -5.93992098286508429794
      1.61198931049637672608	      6.15377352196672688933	     -1.66564332993641484038	      0.39113895750155563968	      0.59408085050528669502	      1.04318221236565866761	     -0.00736017528403684358	     17.20768723349272733003	     -4.63434521013701150594	     -9.24102693367703409422	    -59.79730837386895814234	      0.64231825229974059965	      5.41124021651144460066	      4.65213093003946198678	     -4.50352104571736333583	      0.72701002541005554924	     -7.18898634456170793072	     -8.64541872062112659592	      7.31759935158207674988	     16.59983899329870382644	      8.66506239410974643533	    -19.29859777068552872947	     -0.56911666539296179579	     -5.96608602014508182521
      1.61454991122946744930	      6.13005781214721245931	     -1.65611345579962954133	      0.44618563852677550763	      0.59359231032516546200	      1.04312893626751468368	     -0.00756542142021890841	     17.41596299313021134481	     -4.63307974989630277918	     -9.32015319055446944674	    -59.25328612400184624676	      0.69519061245601831978	      5.41786892923875385009	      4.70413923158289737358	     -4.69389305426763403517	      0.74941969086394577548	     -7.10611068491970954142	     -8.51815682622524050771	      7.41004394009311795344	     16.59918452498784446902	      8.56980762568465159745	    -19.30243337593068631008	     -0.55643334860078441650	     -6.00617325909509602866
      1.61660072994703374327	      6.10377403062537737810	     -1.64975834776107399549	      0.49104507401262870170	      0.59320331526590974747	      1.04306136670674964861	     -0.00773368432425091106	     17.58643550121857757063	     -4.63300030572469001555	     -9.38871203472907644993	    -58.80728396390835399643	      0.73759506294426480100	      5.42094336480014238333	      4.74402412053585553764	     -4.83414217730540229923	      0.76559847094663691092	     -7.03873200609609650513	     -8.42432688388009331959	      7.46088372116527320799	     16.58586951784758412032	      8.54378160991561586002	    -19.29627215468755352390	     -0.54373850957410874152	     -6.04068746539174394883
      1.61846460700574823477	      6.07308667875396590574	     -1.64679069347328899120	      0.53022682908801599400	      0.59285476977532802767	      1.04297859063658582279	     -0.00788765590728033109	     17.74575089427419882782	     -4.63074800103974038024	     -9.45292020987504777452	    -58.39356834294129328100	      0.76986402119075381112	      5.41718446236944206618	      4.78498093557648385143	     -4.95173935957025346255	      0.77701086660158769082	     -6.98038763897091563138	     -8.34490335919150183486	      7.50113414015093038500	     16.57138725664968248452	      8.53886801098942704868	    -19.28168822443997143523	     -0.52862713218696699702	     -6.07139669274263571452
      1.62028103356276020897	      6.03769662155418718186	     -1.64716793244607395685	      0.56490633755869734678	      0.59252243146315963784	      1.04287934320224318085	     -0.00803662840915602035	     17.90435646569028804720	     -4.62500488759606209754	     -9.51517857240692066512	    -57.98236902926248603762	      0.79243977009065336148	      5.40543430950066472462	      4.83154715987221816675	     -5.05918012058069699322	      0.78447111570059091523	     -6.92934847757746386065	     -8.27175688258280494836	      7.54522469359097325281	     16.56149298714303341740	      8.53308560618088662864	    -19.25968509205686274299	     -0.51031687965596683743	     -6.09862006078631235795
      1.62248571137793629049	      5.98752397088867649444	     -1.65165520768708118382	      0.60064604217723371882	      0.59213092710603587587	      1.04273422527604453514	     -0.00821402067339029388	     18.10147909411582745065	     -4.61298529327855533211	     -9.58837724506185296036	    -57.47281986390600394543	      0.80670889422402347613	      5.38047872265858462271	      4.90412790053309066707	     -5.18107153653120811043	      0.78911404461182865777	     -6.87759215729599571176	     -8.18757761495586322553	      7.61398791566206956105	     16.56048737183549235397	      8.51552711178777421708	    -19.22244191398826629325	     -0.48410941268413210103	     -6.12676658367558957252
      1.62441929715055222161	      5.93734354565099664569	     -1.65811540748184427230	      0.62655881297795512630	      0.59179767338806765764	      1.04258595191668379520	     -0.00836589651399424934	     18.27797127629402496041	     -4.59901993007362897004	     -9.65044706440165533934	    -57.01660775393528979293	      0.81104971115963997441	      5.35233493855485420454	      4.97843561396416145470	     -5.28105766553357458548	      0.79035174579190659028	     -6.84158776015202274579	     -8.11685160112111248054	      7.68735024611042661036	     16.57059147579696656294	      8.49183331601620494666	    -19.18088626202182922498	     -0.45877281142907466727	     -6.14782127012650203568
      1.62642423162805060954	      5.88346724157881695305	     -1.66591294317088856047	      0.64847211685904659895	      0.59146174330771550398	      1.04241961451260478633	     -0.00851947866601695733	     18.45909088662694941263	     -4.58267410922404305751	     -9.71301927699272837913	    -56.53362393415989828327	      0.81541276040738264186	      5.32377081890924763741	      5.05290352775502515925	     -5.38382920954968025029	      0.79043488065855815883	     -6.81349288204553094062	     -8.04323917938420152041	      7.76863500200551815311	     16.58952169958205047351	      8.46626627070586046386	    -19.13414975342205792685	     -0.43165787114555809190	     -6.16678289875859597657
      1.62860325060441279987	      5.82702892560529406296	     -1.67403284846947353337	      0.66656222001900578000	      0.59110754312865099180	      1.04223245355865756778	     -0.00868141144124667981	     18.64841712865371192720	     -4.56445836510752389614	     -9.77888521926869458412	    -55.99670795375812559769	      0.82955700739275850530	      5.30195895961710483846	      5.11569741022016266641	     -5.50067154127056134882	      0.79118138099794377283	     -6.79334428257327438416	     -7.95911206420285655128	      7.85552456207772298313	     16.61540148819853968121	      8.44343151977136052722	    -19.08424653443957197396	     -0.40297679672335190437	     -6.18433448238502769811
      1.63021790632452523440	      5.78754925852317292367	     -1.67886020395070523215	      0.67586426160070356417	      0.59085220534292237637	      1.04209154303100670624	     -0.00879754946858451667	     18.78253400050108723462	     -4.55161244847230950228	     -9.82595376938226294783	    -55.59093207476718845328	      0.85071224336205875094	      5.29613758515849575303	      5.14316140311031411159	     -5.59241384429960586289	      0.79344999816742822762	     -6.78499109161037239346	     -7.89250183791508863607	      7.91801745068731754884	     16.63559390229334056244	      8.42814353735279375712	    -19.04904352812026502306	     -0.38331620593420556720	     -6.19518166227952260527
      1.63245787010527410033	      5.73582804508386878695	     -1.68317878025644596107	      0.68345576804254415393	      0.59050774450690612927	      1.04189315393652659480	     -0.00895372633783748234	     18.95996151372698790283	     -4.53569401449184539388	     -9.88952857699187504181	    -55.01698575154138382004	      0.89603642312587483687	      5.30470097629069936573	      5.15757185969909759393	     -5.72710141766782587780	      0.80003865666887552521	     -6.78092629259801604746	     -7.79346324637073006869	      8.00829281682621640925	     16.66310635330171052715	      8.38805425387145575655	    -19.00259779157057238308	     -0.35886232277091906218	     -6.20758775720170863366
      1.63476918273378957203	      5.68964579693537242377	     -1.68247942160687968816	      0.68645201620800910813	      0.59016316199159046807	      1.04169177903568344057	     -0.00911027531433830293	     19.12813152726891630095	     -4.52475138673409205126	     -9.95538367842258153928	    -54.41075220283387636755	      0.95599462472278484704	      5.32994175625168509214	      5.15510939488167441169	     -5.87929648091694279088	      0.81361574443883044605	     -6.78294864040141565198	     -7.68194741526902902251	      8.10288301665457666445	     16.68584016942573100550	      8.32116470339650327048	    -18.96210344408045855857	     -0.33940166336787780388	     -6.21886392625466477568
      1.63687662284974777549	      5.65758691018803006045	     -1.67317085325825365416	      0.68417860956081666401	      0.58985624152968796352	      1.04151829007922613890	     -0.00924613727552931440	     19.26482945744589869719	     -4.52382191907211694826	    -10.01498768700944097532	    -53.84613794316467760837	      1.01148288426426757880	      5.35907117172956315443	      5.15247849739400898272	     -6.03424418835422127216	      0.83668444011750464639	     -6.78982159164800069817	     -7.57050800667201517768	      8.17985437936109249790	     16.69543232240522812049	      8.25337727580209090661	    -18.93676056025602250088	     -0.33207440692278966665	     -6.22772946039738783952
      1.63900257894307999074	      5.63482752612534376624	     -1.65286587132354423346	      0.67612686148435918732	      0.58955092929863950335	      1.04135374440653749595	     -0.00937321457860481461	     19.38783882010370973603	     -4.53380709768470069321	    -10.07356470124700997815	    -53.26617337103144222965	      1.05601966907273703278	      5.38359510609169245043	      5.16574215099386524486	     -6.20570512988471190141	      0.87313344738591569527	     -6.80147301942225368521	     -7.44905867524020859349	      8.24251104788340072105	     16.69125566074470512490	      8.19061825593952974600	    -18.92298067356331969791	     -0.33832963120162806714	     -6.23464746320308549343
      1.64107516347533999301	      5.61857122017154964055	     -1.62318979353850156855	      0.66375695704659043450	      0.58925517151443784769	      1.04119879712708751640	     -0.00948724102560726153	     19.49739783887474331436	     -4.55333702105708226782	    -10.13024470072982730073	    -52.69113684051491475202	      1.07888085415598578010	      5.39327555686080284403	      5.20660070545231334904	     -6.38259504238237251883	      0.92042533794330672059	     -6.81572940814911110152	     -7.32444505808740764508	      8.29096012197454257375	     16.67520359356993608912	      8.13562134226072508625	    -18.91769429912676869776	     -0.35688015135189665727	     -6.23983401989241670549
      1.64338795787486247058	      5.60883892029577868499	     -1.58284269971668245525	      0.64782992945648654182	      0.58892625061239867179	      1.04103567598863366861	     -0.00960593941025575555	     19.60446117636531937478	     -4.58232317914113629342	    -10.19697966176254766424	    -52.03564442034012671456	      1.07571741010167576391	      5.38112664658064421275	      5.29674564848162177100	     -6.59184182953871200539	      0.98155984104001192669	     -6.83205170477303003196	     -7.18028038655489364572	      8.33921669444402269278	     16.65013820794421306459	      8.06273397491834131756	    -18.92329880903871952569	     -0.38659571726225799848	     -6.24474406980286023128
      1.64523593390369682332	      5.60880286915170245265	     -1.54947971419462127152	      0.63643271049712724086	      0.58866429635739625503	      1.04091530185949343590	     -0.00969785816125566177	     19.67538746108623470832	     -4.60690198396908279221	    -10.25685296489711717527	    -51.49919631673295583596	      1.05649853304955976263	      5.35629378234216968480	      5.39251400044780826448	     -6.76857599299831935724	      1.03135213890827537320	     -6.84293264255235200721	     -7.06303756486163702988	      8.37969457175986320863	     16.63066927900762692616	      7.99049815869362944909	    -18.93802126578011524316	     -0.41148595673778859405	     -6.24889529921141217983
      1.64726660380348044477	      5.61373173084940901845	     -1.51529809344369548185	      0.62775338550476889043	      0.58837736364191517424	      1.04078811398546755562	     -0.00979896767432143420	     19.74073050632408055094	     -4.63221672502884818101	    -10.33235055550879444297	    -50.89637017189090784086	      1.02965929571091763250	      5.32173431311526812237	      5.50186245474756407958	     -6.96797493759818298287	      1.08248633559403684146	     -6.85057916987194825964	     -6.93491336244619471785	      8.43234103574132909387	     16.61488854079892973914	      7.89343481630800702931	    -18.96118835913508604563	     -0.43524452253887702113	     -6.25459560087007471196
      1.64920211802316329930	      5.61928669134573777200	     -1.48690704262895923016	      0.62430804264766781575	      0.58810481540863634997	      1.04066476510032068781	     -0.00989656406618462728	     19.79503908872002782005	     -4.65319697917834584899	    -10.41473736843795272478	    -50.30977494526093352079	      1.01101889063655758783	      5.29190093267835592883	      5.58913819597958205776	     -7.15776561445815229234	      1.12545437252404667561	     -6.85289571612177628168	     -6.81547230629152167580	      8.49257036700600487222	     16.60750726840972646414	      7.78513677102580992084	    -18.98539910827297205742	     -0.45214794535445740342	     -6.26140801300990812450
      1.65112051490356703809	      5.62260170433034289772	     -1.46320486988523956740	      0.62545828013815552016	      0.58783566660575736762	      1.04053491665073027939	     -0.00999388439875050286	     19.84486860592680557147	     -4.67055802062156999455	    -10.50593213882667242842	    -49.71820130166677387251	      1.00973602082256497248	      5.27465834174682601798	      5.64208812142739279949	     -7.34191666764654549127	      1.16189943439844856066	     -6.85085320519106755199	     -6.70037172513703449539	      8.56032191824516530687	     16.60746752877166088069	      7.66765448898181301018	    -19.00788284111491677209	     -0.46304979108419352940	     -6.26908168707232960060
      1.65337268248457958109	      5.62351738742881401834	     -1.43925013151743885764	      0.62966173281681292462	      0.58752112962285574227	      1.04037141032643543070	     -0.01010499924210268505	     19.89975106404391169690	     -4.68761950558766748998	    -10.62172672650550175888	    -49.01257127358561405117	      1.03361422181919304641	      5.27569038995407968429	      5.65614798627582082702	     -7.55354188577481000522	      1.19914862644489406129	     -6.84615877165749964206	     -6.56778091411778319753	      8.64201179844783595740	     16.61354678974720044948	      7.52792653761192109840	    -19.03191744143044061843	     -0.47127339992977906880	     -6.27676027785857026942
      1.65524786806449242249	      5.62138293806464872659	     -1.42153060074065207274	      0.63383687227382323748	      0.58726062716023830212	      1.04022452003533882881	     -0.01019338730287159753	     19.94380624453505035376	     -4.69964410747955607661	    -10.72399051687408011446	    -48.41653699824782819405	      1.06528764831222089171	      5.28914181885990686283	      5.64058762367555033279	     -7.72572964341042744962	      1.22689440889066014861	     -6.84208440874248680075	     -6.45881785493408511201	      8.70379365056935405676	     16.62069356493061533797	      7.42369412946371198814	    -19.04921078808325063392	     -0.47582127773090604483	     -6.28087660588045437748
      1.65723495036164059080	      5.61650378103553649112	     -1.40610078536632210344	      0.63963728350407489387	      0.58698626898812256147	      1.04005810624171224354	     -0.01028487266399416220	     19.98840811485774437983	     -4.70912351183102195762	    -10.83971204239122698709	    -47.77541489565749088797	      1.09426456992795873013	      5.30463793858847676432	      5.61970861073346039660	     -7.90421667017383366982	      1.25169686654752165822	     -6.83723521663764088885	     -6.34518627130790058288	      8.76097218947477784923	     16.62988738280012768200	      7.33092022531067932789	    -19.06486596215802720167	     -0.47671842397343788811	     -6.28356682699118440638
      1.65957737952077644117	      5.60959958814119996617	     -1.39446120329042777541	      0.64998633490186275008	      0.58666554417251814968	      1.03985091974393406566	     -0.01039352782960696088	     20.03494309269518325323	     -4.71393163586611052551	    -10.98832529568379001716	    -47.00481102325166204992	      1.10147898354776807572	      5.30946851291374244397	      5.61820513221046624608	     -8.11156078893117715722	      1.27227381114500581738	     -6.82977022218723917035	     -6.21426695626315872545	      8.82085684986466311841	     16.64410723400007441342	      7.24181129248664845477	    -19.08210976667403357965	     -0.46947165671857327141	     -6.28585054476249549538
      1.66114174538173942075	      5.60570691957441002984	     -1.39108086130394381641	      0.65932753938229682333	      0.58645318022773784694	      1.03970769548867880694	     -0.01046776257220137160	     20.06067491362766830321	     -4.71272095648160682657	    -11.09510705672307828706	    -46.48057804042723972771	      1.08285835013741982280	      5.29933057598563550528	      5.64411358941559715419	     -8.24967227306346018167	      1.28027963441195469230	     -6.82359260103380549367	     -6.12887145660068100028	      8.85974509649948060996	     16.65609390760339891813	      7.19065838286374958699	    -19.09434762745416236385	     -0.45890493786764979811	     -6.28721459239310576095
      1.66301033747753668202	      5.60030245932419656896	     -1.38933357509469845859	      0.67130855448941517682	      0.58620125991350346961	      1.03952803937997950712	     -0.01055621405015123165	     20.08867684159962863077	     -4.70846078458865857641	    -11.22749707872764801664	    -45.84637169264990319562	      1.03661594549465796433	      5.27393566294402660333	      5.71394176162263711660	     -8.41254579233035748587	      1.28667534733444366424	     -6.81607237840372270909	     -6.02954833510497678617	      8.90832574804210430841	     16.67198537305592154212	      7.13614030754625616737	    -19.10790905614012302749	     -0.44332304937221311825	     -6.28820995343843858194
      1.66475887991750770567	      5.59177411886492237159	     -1.38541357615306837126	      0.68042520879498824549	      0.58596688578642996958	      1.03934573418499853759	     -0.01063482084343061497	     20.11716086160335237309	     -4.70566476268560407448	    -11.35123928504895829406	    -45.24884045841658064546	      0.97982087385464156082	      5.24419702619773620000	      5.80396151552445616062	     -8.55993651009585576617	      1.29505308406396002496	     -6.81058384225993052041	     -5.93973336916986482947	      8.95725914318254545776	     16.68586208824460825895	      7.08847420647375336955	    -19.11642165350708921778	     -0.43180781290339559364	     -6.28777021791873824696
      1.66583082751948952094	      5.58439587392821579215	     -1.38015589135574923141	      0.68402281010562537844	      0.58582380723525295796	      1.03922591188842994292	     -0.01067972070135376692	     20.13689013188868770499	     -4.70611174621250150096	    -11.42529777397409596063	    -44.88195064920822829890	      0.94411124081421504695	      5.22722610351688210528	      5.86291208920269646399	     -8.64743197002781904814	      1.30346444489743773509	     -6.80846419081815312779	     -5.88621895658518123895	      8.98934089996689955626	     16.69296261609704146167	      7.05954859016229629987	    -19.11907080435099359761	     -0.42849023731176905105	     -6.28668960416770783439
      1.66746054527652032284	      5.57049982728618697791	     -1.36660448909500198411	      0.68596734167198181176	      0.58560726033979093597	      1.03903238410659781721	     -0.01074253765598399274	     20.17008361741024913272	     -4.71125038424381070712	    -11.53406446974946142348	    -44.32426327145846300937	      0.89240155800366915972	      5.20730709903967881047	      5.95238317883781054007	     -8.77691323329476347226	      1.32271328758832318329	     -6.80725368591562407516	     -5.80702319320211479692	      9.04188712490268997612	     16.70115436526742769274	      7.01395414745326650774	    -19.11984474817159451732	     -0.43062599451111904791	     -6.28396657957845672371
      1.66942340340703343493	      5.55166318241587930515	     -1.34078802543030883854	      0.68315034316140665904	      0.58534886011879438961	      1.03878436626296433154	     -0.01081069998404360528	     20.21227367084877712955	     -4.72532361787441868017	    -11.65903566891930687177	    -43.65289217449909386914	      0.85080742160317801570	      5.20297057854350164519	      6.03315244571205244739	     -8.92980234047754706239	      1.35690431499311525698	     -6.80819382677545803517	     -5.71481869193588121192	      9.11221002332417562286	     16.70672971510884252666	      6.95363827326258654438	    -19.11793584808799906227	     -0.44510981278832995045	     -6.27993897685189494950
      1.67141337019306690514	      5.53309271255314172322	     -1.30538485528407521841	      0.67633957616690298931	      0.58509080198115981375	      1.03852110115580043015	     -0.01087475943874271350	     20.25313652807804842837	     -4.74733683320521748783	    -11.78094404213091550560	    -42.97125880033988210016	      0.84077688127629968129	      5.22644918442746053699	      6.07138131947229897634	     -9.08460712103657463956	      1.40214314918831184364	     -6.80995072067428086626	     -5.62482786225209618891	      9.19299928982554881429	     16.70862145619149785603	      6.88472764500480582939	    -19.11590322116322226975	     -0.47081468432921425027	     -6.27668631183972891563
      1.67326442921181506307	      5.51514769007796079592	     -1.26733082541340569271	      0.66933315746621180331	      0.58485493199296634259	      1.03826464053086930939	     -0.01093381101659073908	     20.28950024538730900758	     -4.77197895157970730651	    -11.89314229803142985986	    -42.33461001826124459058	      0.85587673739312963850	      5.26923910931958339177	      6.07955462377860467171	     -9.22650441119051478722	      1.44977155059922546698	     -6.80972632894871932052	     -5.54567383584238449146	      9.27805536455318602407	     16.70838852189128331815	      6.81673852559539916740	    -19.11248839333130433715	     -0.50011564769414984521	     -6.27656368594383451409
      1.67504157204557269090	      5.49509541906873444361	     -1.22855467613957580753	      0.66362151181688644463	      0.58463248589959226909	      1.03800556036995894615	     -0.01099171472037523828	     20.32486262368164631198	     -4.79694307091767324636	    -12.00119736980619222777	    -41.71982184615535516059	      0.88026258135268886651	      5.31862731552520706657	      6.07711418326948926705	     -9.35797182731239907127	      1.49759880305986348148	     -6.80665208220545547846	     -5.47461940472842290006	      9.36581664697598448299	     16.70615905612238449862	      6.75258406988983139740	    -19.10524810955945795854	     -0.52996055828710730840	     -6.28015277024112794635
      1.67677213248398926382	      5.47196260142971357965	     -1.18950926698621795019	      0.65887332702258760708	      0.58441974999428725202	      1.03774069299198545835	     -0.01104830743467439397	     20.36086536258506995978	     -4.82112186320832503128	    -12.10615756620289928946	    -41.11710789327875659183	      0.89900822814295644481	      5.36195865662695414500	      6.08324532691942021501	     -9.48064400882804569903	      1.54524055754253208939	     -6.80154313925974651767	     -5.40959092865208912571	      9.45165185654724027131	     16.70110878703718171323	      6.69810869247912687996	    -19.09336846605346948991	     -0.55981076811057783882	     -6.28686493321508255150
      1.67876967022249656836	      5.44064135546464111570	     -1.14252390266507064531	      0.65284238244380610183	      0.58417907802770607795	      1.03742037767522266023	     -0.01111055604998960160	     20.40512162852982669392	     -4.84821941972417302935	    -12.22476630159156840705	    -40.41615935875142184841	      0.89777175339537163001	      5.39088489255877512107	      6.12277743503915683476	     -9.61613479162562789782	      1.60212625150131771079	     -6.79503750238988946109	     -5.33814494030882968900	      9.54455676972838951144	     16.69062862292712168255	      6.65228758081154669668	    -19.07349785617754633904	     -0.59621138649456795200	     -6.29720749303068316749
      1.68014268029776658864	      5.41643271919622470989	     -1.10839594914055661334	      0.64712543150970835981	      0.58401682410290745029	      1.03719199380058335613	     -0.01114897094221943899	     20.43741054835291137692	     -4.86638905658148512856	    -12.30312415297790451518	    -39.93118960116476756639	      0.87593387880902129350	      5.39104780531109550878	      6.17895823682197242732	     -9.70617570846247268435	      1.64328155621948202025	     -6.79154787161716466670	     -5.29026263465465351743	      9.60219490195696145918	     16.68039052630471630323	      6.63294220702919723465	    -19.05621421253154323949	     -0.62362953948235411161	     -6.30491327586220240420
      1.68220712222877621933	      5.37640261141188702254	     -1.05376914812752131567	      0.63530739924563650600	      0.58377820421918991123	      1.03683752945217366737	     -0.01119780835079359216	     20.48835827340268167518	     -4.89306370233405285575	    -12.41510967262518683185	    -39.19692097212310244458	      0.80612421296234737511	      5.35629487660362180179	      6.32492984337009911400	     -9.83792680705631816807	      1.70894726384401529629	     -6.78878779339549165428	     -5.21898604989440428881	      9.67953146674372177927	     16.66169919323328230121	      6.62505261099758602228	    -19.02515981396885180743	     -0.66951307829908845992	     -6.31661936229421794309
      1.68397863989177132282	      5.34018005914341831186	     -1.00594299700479505866	      0.62428932458038388642	      0.58357937941405357840	      1.03652625874326931310	     -0.01123370813742394572	     20.53106612229627003785	     -4.91363434725843717388	    -12.50869101251674031516	    -38.56010555222079716486	      0.71701317834513023097	      5.29763340132154336715	      6.50183186632633081103	     -9.94932877939464610506	      1.76605817230173722798	     -6.78731005067729942226	     -5.15822327923240830927	      9.74126283995599351329	     16.64595449132573534712	      6.63291522872278527245	    -18.99544377588154020486	     -0.71029069884818230030	     -6.32775416863772655063
      1.68578427971761568571	      5.30349417386283494835	     -0.95927627025748762879	      0.61456860736867613415	      0.58338324868375268650	      1.03620631509446092799	     -0.01126746810827370174	     20.56966577297868781216	     -4.93002992211471369188	    -12.60497681239630907157	    -37.90297371989686325833	      0.61552298444359587748	      5.22503120515478958197	      6.70094830547793751663	    -10.06358978762210298896	      1.82125891645148896281	     -6.78522396897293589291	     -5.09637743076181148894	      9.80575288734477723551	     16.63452914786628156207	      6.64384612593155754467	    -18.96450772074826929270	     -0.74919537618332432416	     -6.34084983049043771075
      1.68744761820884181525	      5.27034036104193326366	     -0.91970452826912607591	      0.60796972193878684454	      0.58320883247290644658	      1.03591020341680883909	     -0.01129711505611825408	     20.59956496556471350345	     -4.93984003272156257935	    -12.69564875389605873579	    -37.29036545315806705503	      0.53098233518295889777	      5.16358301441031031231	      6.86954959537612896980	    -10.17000036754093805769	      1.86750449920500116718	     -6.78223935217944795539	     -5.03937150922205834291	      9.87151357030782605761	     16.63090268993101261685	      6.64733120226862084223	    -18.93592943954608998069	     -0.78066483569702038725	     -6.35449863158880656755
      1.68937052864240810912	      5.23183759185297869720	     -0.87865411672179749569	      0.60329888270834497455	      0.58301469214381584916	      1.03556482344214995095	     -0.01132938818170639052	     20.62832185665239137506	     -4.94442231773564966346	    -12.80244750280498600148	    -36.57461474550947144735	      0.46428905125356417782	      5.11890903391789731103	      7.01155240866618978401	    -10.29337135362053956555	      1.91476650914130908099	     -6.77749634068832751410	     -4.97338628925394576896	      9.95890871696972368454	     16.63626538047854452884	      6.63560818911091221395	    -18.90178415500643183123	     -0.81118740164503100321	     -6.37165316821338567621
      1.69128204663009373832	      5.19177829865270901166	     -0.84258590361988572326	      0.60126429146284987581	      0.58282916673783424777	      1.03521573686424606109	     -0.01135806311404953008	     20.65299553048614811246	     -4.94202885171579620049	    -12.90926331771401613935	    -35.85670298327725902254	      0.44399616344372494492	      5.11715712331190353268	      7.07503324946414391405	    -10.41463167050260096858	      1.95556901951306172371	     -6.77173814337134505337	     -4.90757910468031521845	     10.05950326706766162488	     16.65114749930792825694	      6.60404105484400449910	    -18.86497591109560190148	     -0.83586825791982843903	     -6.38929796384198134263
      1.69298003465439350634	      5.15513617501969623191	     -0.81340631224175508063	      0.60063756398924561530	      0.58266960719836369265	      1.03490154613185003640	     -0.01137930268026976326	     20.67185524656944650701	     -4.93500154252624767537	    -13.00302011003652502552	    -35.21450541876505724304	      0.46238875697415998678	      5.15306008465048481781	      7.07405321380590734748	    -10.52186916022770191148	      1.98812489580855467075	     -6.76641673844773361424	     -4.84817343266573885785	     10.15685710399718999497	     16.66980790251590249795	      6.56695402508186898416	    -18.83059745364410630941	     -0.85464283917025485326	     -6.40442036758768562521
      1.69440506723475081685	      5.12567000120066840196	     -0.78999863537332781771	      0.60014185791259888614	      0.58253849960394754603	      1.03463843177411995988	     -0.01139297781935636952	     20.68359242557402311036	     -4.92624582445909631190	    -13.07982781978786590571	    -34.67199965507884229510	      0.49350297892080496887	      5.20309922966458859861	      7.04663000141930062625	    -10.61403086643517745813	      2.01406538074420815576	     -6.76242742156796516895	     -4.79668490608034225886	     10.23783425253551371270	     16.68657555089861332931	      6.53790225899197707804	    -18.80309272048990010262	     -0.86950132825348513954	     -6.41587776285694300071
      1.69592675507771128984	      5.09772810746842175433	     -0.76533883102182209690	      0.59910414102484854659	      0.58240025370494707957	      1.03436203244263968948	     -0.01140258652781261581	     20.68978524567901899900	     -4.91444979570533924118	    -13.15933166541091914326	    -34.08831492262328310971	      0.52695907395540908524	      5.26395836346797363348	      7.01293041224117175148	    -10.71720461824530801209	      2.04132412478080205176	     -6.75899740011036787024	     -4.73939590478254224593	     10.31742571233926852869	     16.70308107909487915776	      6.51712705712395834468	    -18.77786012590806308253	     -0.88551240821767207567	     -6.42627031389040137555
      1.69761040176413668945	      5.07307095608439073686	     -0.73785748702672138144	      0.59707554978234822496	      0.58224809948084166322	      1.03406540485549203190	     -0.01140674613387021585	     20.68697938218362608609	     -4.89872929559838166114	    -13.24392342070000161414	    -33.43615667467783936218	      0.54413764248296603299	      5.32238677840386031903	      6.99980865612315561464	    -10.83925119136010550847	      2.07168333195169696026	     -6.75615904948386436502	     -4.67301332787765133503	     10.39264008576470565970	     16.71745483984149771572	      6.51230164685570223071	    -18.75750174262386948953	     -0.90420753072285364738	     -6.43514356726234915129
      1.69935601976949435254	      5.05546515723877121218	     -0.70872011535761714196	      0.59412697587940166422	      0.58208978647462983336	      1.03377000493991877406	     -0.01140407359060923234	     20.67244590020978023404	     -4.87968186108075663299	    -13.32779903397393894693	    -32.75208318683092301171	      0.51998559023717227934	      5.35363738631190599904	      7.04259096145855156834	    -10.97531586468836017900	      2.10385813685667200090	     -6.75367038684238618629	     -4.60137122420109978549	     10.45481453336680743860	     16.72646248159504978048	      6.52891256519502327649	    -18.74622479447694090027	     -0.92516017020979568475	     -6.44136073286669130766
      1.70062729901985631997	      5.04752479694860767268	     -0.68692026193160293790	      0.59174249717975946350	      0.58197336347059736017	      1.03356229187034798223	     -0.01139818485911240666	     20.65479043504319989211	     -4.86422244200918818535	    -13.38648183422179904767	    -32.24874792235554821218	      0.46854534894405730494	      5.34930232967019403389	      7.11809890274365919538	    -11.07993095499185542963	      2.12789163681224913205	     -6.75151836078223688276	     -4.54809013219789992633	     10.49157430420117442793	     16.72899094129739339110	      6.55248648683279988347	    -18.74420206819146983435	     -0.94153394297646797462	     -6.44416878749781485425
      1.70252260924585674395	      5.04226482060111269590	     -0.65246659084592317779	      0.58717873996118552515	      0.58179705802235093248	      1.03326177757944703828	     -0.01138280421263563637	     20.61935614551730111543	     -4.83960796398085424386	    -13.46863090051025402261	    -31.49190701952580440093	      0.34365986155514727241	      5.29902497345100531589	      7.26769034934415891769	    -11.24304234184385897777	      2.16599135257444652680	     -6.74774563793459769556	     -4.46785700719019196470	     10.53810430411847143262	     16.72694448937552991197	      6.60232167066885367035	    -18.74980776803468884850	     -0.96899991746310931706	     -6.44524240374314150159
      1.70410213470892113463	      5.04274680311589218462	     -0.62052428706262274805	      0.58134849898118190481	      0.58164714038177123268	      1.03301671790663163186	     -0.01136314678230624514	     20.58369744910219623080	     -4.81908126447674156623	    -13.52992255287810685616	    -30.85776066793660277199	      0.21101616734802991493	      5.22748454397480522005	      7.40350996874013134175	    -11.38413973516919952544	      2.20168090910255864756	     -6.74461585200461311018	     -4.40087326336710304986	     10.57505638058937513790	     16.72115846481326428830	      6.64802116845331880768	    -18.76110406130808172520	     -0.99651552477800520169	     -6.44269581849134809204
      1.70578503570968442737	      5.04700797411292878536	     -0.58218421221658656073	      0.57303414758268456097	      0.58148438646173550293	      1.03275791195468524819	     -0.01133635249754855363	     20.54132892512877006652	     -4.79883359293006606094	    -13.58697545874318102221	    -30.18145926355170161060	      0.06771869808745616115	      5.14344560822768137598	      7.52505290014241534635	    -11.53821988531640663211	      2.24492700717306670199	     -6.74098599621958260997	     -4.33017562695335289646	     10.61937745103460173368	     16.71294698545036538917	      6.68933236526400509803	    -18.77848521157910965940	     -1.03153065338718197275	     -6.43691568465381891428
      1.70722537647043193232	      5.05323609543908780495	     -0.54552474041699428042	      0.56488195807625096734	      0.58134287383628047152	      1.03253666068464222683	     -0.01131052039947715721	     20.50201036075662486269	     -4.78386839670436447847	    -13.62936672782253388903	    -29.60374700749733634098	     -0.03492982590852013874	      5.08442812964641710494	      7.58296637894011382741	    -11.67247976338235382343	      2.28649270441486329730	     -6.73685760073455952579	     -4.27074080953932622151	     10.66579569818020978289	     16.70589743686444705872	      6.71114867206827181434	    -18.79714948196735235797	     -1.06618527478682856291	     -6.43033789109183917532
      1.70919388623824275442	      5.06533211682692208200	     -0.48977007833434826889	      0.55386665996172546045	      0.58114678819968790258	      1.03223325333045656826	     -0.01127473093150362267	     20.44360802642719221467	     -4.76812340093553821418	    -13.67929807281104004346	    -28.81751510630775925392	     -0.11741782862131246168	      5.05021433355383564390	      7.56091337188490975052	    -11.85907983266357490493	      2.34975651727782386402	     -6.72815473913505002201	     -4.19161157013730356624	     10.74529229043575462299	     16.69808310745548496357	      6.71459238146099224309	    -18.82793558752619844654	     -1.11972668737280622864	     -6.42072518422231386381
      1.71056362558172536659	      5.07621518788813119727	     -0.44739616130405934769	      0.54732580989855850184	      0.58100891335324000853	      1.03202110452793061057	     -0.01125179599430673090	     20.39944232493608566870	     -4.76077032164174873685	    -13.70975374450895856171	    -28.27311234646466786558	     -0.12545014174506666227	      5.06918360227095554649	      7.46582212170120218531	    -11.99103845850178373666	      2.39770899665474335194	     -6.71920632768783843147	     -4.13804013379113211357	     10.81123472980649502517	     16.69441809281126865017	      6.69916436082042654476	    -18.85293901344611811055	     -1.16044672288600847487	     -6.41467467675571967334
      1.71227955634050399425	      5.09256827606584039358	     -0.39086254297297667870	      0.54053218170601746717	      0.58083519393801452679	      1.03175381584884862107	     -0.01122596475750396207	     20.34004697419383589363	     -4.75510579525229637454	    -13.74310024375963301679	    -27.59396744209803031822	     -0.07915914505185475680	      5.14345741871539097190	      7.23506930614064724949	    -12.15887663378305738604	      2.46154663127661965660	     -6.70494722104059359680	     -4.07221966025791282107	     10.90305195955798467367	     16.69202024064728462349	      6.66629224473921855321	    -18.88812418380209834368	     -1.21453790015223739296	     -6.40796944988966288292
      1.71390035604248569534	      5.10766403744761010586	     -0.33480542485482728265	      0.53431237704682132961	      0.58067069112762514926	      1.03149486857015437735	     -0.01120274899779406808	     20.28387206696577749199	     -4.75179580383097555085	    -13.76797111342587598415	    -26.95494539147031787252	     -0.00231953036078278840	      5.24656668450421204142	      6.94089465230912239235	    -12.31664524181229403155	      2.52495836189347810929	     -6.68988284487910789267	     -4.01140797440900165327	     10.99464078282218260085	     16.69132060812540885308	      6.62913586880790361988	    -18.92148685850574096889	     -1.26808714852680060048	     -6.40153103953496316336
      1.71542978551895752837	      5.11817772342831034393	     -0.28058781200937205069	      0.52767351330703415879	      0.58051546489576510979	      1.03123957332334814652	     -0.01118041554697221489	     20.23513637899922912311	     -4.74863194295493684649	    -13.78394800216699778161	    -26.35311958663477582832	      0.06567305641935652916	      5.34455673970852274124	      6.65248881939186009760	    -12.46104907936133443513	      2.58659036103631345682	     -6.67553669279724637420	     -3.95543048337398950309	     11.08047181827349270122	     16.69104328315508922742	      6.59662324274826250559	    -18.94896829364054369194	     -1.31985136716140138979	     -6.39458721061656554241
      1.71719543674730434901	      5.12397998494302431283	     -0.21813654280356845061	      0.51865034677346699699	      0.58033683862603024917	      1.03092939354775015026	     -0.01115325383692749445	     20.18609050743081567703	     -4.74229094608840551217	    -13.79235524903669052321	    -25.65741910558315908020	      0.09750012084324855000	      5.42090008575700288418	      6.37528558712764681360	    -12.62048070976095637263	      2.65806301595006022609	     -6.65992855640427627861	     -3.89215807892413145908	     11.17316948019655065139	     16.69034764949952887036	      6.57094992806199496016	    -18.97356336039048940734	     -1.37921374926912454484	     -6.38507471212781485548
      1.71928047564345698461	      5.12305704878772960598	     -0.14690556871192442245	      0.50634093822920600569	      0.58012801345408349096	      1.03054435755426032628	     -0.01111930484121821314	     20.13629975115918213646	     -4.72792297740926148464	    -13.78825629262617802340	    -24.83104355529331286334	      0.03070310099204805881	      5.41907736876682655236	      6.19492668410439417670	    -12.80030874994760381469	      2.74028054420329736374	     -6.64367880812086575304	     -3.81786679983320276222	     11.26639268780414049331	     16.68795780510651027839	      6.56747348131016295270	    -18.99359604108596499827	     -1.44598904332089150948	     -6.37195666187316156481
      1.72031402389313492485	      5.12056905361792669140	     -0.11307563209383741931	      0.49979645890731377866	      0.58002598938888871860	      1.03034790469227210963	     -0.01110205265852605427	     20.11329379725437860316	     -4.71752409698892716250	    -13.78081531988509667030	    -24.41873226104904404110	     -0.04725527890429374184	      5.37603461139104599198	      6.17082312592473680724	    -12.88751893966964168214	      2.77960077534796123899	     -6.63655087413630884186	     -3.78054372133062166483	     11.30428979280868162505	     16.68574387904115496895	      6.57869797900134933855	    -19.00105574738956093483	     -1.47711796610464762836	     -6.36500797742438084725
      1.72188398474297033047	      5.11529047492672717112	     -0.06345639244681829105	      0.49018579416794777481	      0.57987435894583871931	      1.03004387129898855591	     -0.01107715532102110899	     20.07863146269313148196	     -4.69871217864905599271	    -13.76426296643916380447	    -23.78990048552683589378	     -0.19639478116012779041	      5.28831713796439917274	      6.12450892465296270473	    -13.01893897156504209534	      2.83749880833130019298	     -6.62601805347835171034	     -3.72275135039979687690	     11.35124872295688902568	     16.68045152643497885947	      6.61368633893349056052	    -19.01030836262103562717	     -1.52165726644279986068	     -6.35510901896347668583
      1.72359275697623837154	      5.10678167215544220880	     -0.01183228420093030558	      0.48136834469115152846	      0.57971601236890812903	      1.02970359507515518693	     -0.01105364554723684174	     20.04163525965732972622	     -4.67516230934898402438	    -13.74046886671786893430	    -23.10394585099002640050	     -0.36922473485527274040	      5.18909675420140548141	      6.00433183697220940189	    -13.15959697236080216953	      2.89780819355077667865	     -6.61352772988413928346	     -3.65903227577504530643	     11.39256432209202429817	     16.67245491671425838831	      6.66949028522871412150	    -19.01646992578070438640	     -1.56602550494222136912	     -6.34678536318949948480
      1.72525400080541801984	      5.09430857416422089301	      0.03663195967090355359	      0.47510481270862214842	      0.57957069178284548183	      1.02936031102994229869	     -0.01103522057349206643	     20.00806293459860185635	     -4.65073260621532647008	    -13.71208107955208355122	    -22.43861421234259978519	     -0.51279007338877047317	      5.11480509058581489512	      5.78407165580572435459	    -13.29204486557948960979	      2.95427915029721344098	     -6.59926751029991542907	     -3.59754280528632897074	     11.43124995343896088684	     16.66386819884558434524	      6.72816252179747564810	    -19.01668229509903795815	     -1.60559115263335105972	     -6.34242497412405636936
      1.72713843698397395698	      5.07397801488791611035	      0.09099296288678244971	      0.47052698165978068534	      0.57941814591209772622	      1.02895312408820194250	     -0.01101881723975445086	     19.97468676095822814887	     -4.62335462948487219137	    -13.67323422309099711924	    -21.68972813623544482198	     -0.60833538025754252399	      5.08607301190198768381	      5.38444241124261235854	    -13.43563871964631140088	      3.01729079196229577065	     -6.58039746524813295991	     -3.52957275910343337699	     11.48511364806559775786	     16.65617277073850743818	      6.78057920115291068441	    -19.00847093393892350832	     -1.64796548785324303843	     -6.34268393674648844893
      1.72926750323620970207	      5.04300767943842309649	      0.15351602146103582314	      0.46672506061077345674	      0.57926391510082364533	      1.02846933270866647270	     -0.01100205731574250244	     19.94411055662874332484	     -4.59475641412763380345	    -13.61906931670598552842	    -20.85478193159197246587	     -0.60333865442750367336	      5.14423220125147917514	      4.74789031179639664515	    -13.58946228138808542951	      3.08941947497622404484	     -6.55744367087742752176	     -3.45545035358062202491	     11.57085748387882340182	     16.65427673449742584921	      6.80039801600268756232	    -18.98800724228555836248	     -1.69549359620436712603	     -6.34902509905804546264
      1.73048471218125499149	      5.02199518141491196843	      0.19028911952261395868	      0.46392457900242822788	      0.57918531863949096472	      1.02818221256055664092	     -0.01099060806571809656	     19.92986171034527131951	     -4.57955822851108607097	    -13.58199375197682456928	    -20.38315096929000347359	     -0.54895435015663440748	      5.21665116777942916571	      4.31644683698517983572	    -13.67423790328936661354	      3.13182567278751644579	     -6.54497642975752658145	     -3.41396662563870867402	     11.63440174450059672040	     16.65780674247876902427	      6.78764519407056354794	    -18.97144037037828923076	     -1.72355696608124442371	     -6.35465766522795849625
      1.73200374995189054772	      4.99338903052378846326	      0.23666511978856022425	      0.45916698378737047515	      0.57909694356819796379	      1.02781540570615725905	     -0.01097215516381696947	     19.91431247101573376312	     -4.56008747673028391745	    -13.52798970559375568712	    -19.79871420118926295117	     -0.45051339782291777158	      5.31103904651636682388	      3.72897877069834926544	    -13.77801343144651546879	      3.18531285895559079790	     -6.53109181701376595441	     -3.36275548751115982427	     11.72849032655241785505	     16.66775692262103802932	      6.74815396971109304758	    -18.94694129121198855614	     -1.75922039704660138071	     -6.36301791642027314566
      1.73364663790315032266	      4.96139190382725647765	      0.28652229563752701358	      0.45359647794662705245	      0.57901208462628328544	      1.02741271268490108604	     -0.01094794046456653083	     19.89749224725988341334	     -4.53734239578918341351	    -13.46084801161221200516	    -19.16868200093788843219	     -0.33994263884754899463	      5.38983754066290376983	      3.08742762865986231091	    -13.88954236275878884044	      3.24253238831807744091	     -6.51727113024652915385	     -3.30803491980777586434	     11.84230908836918771954	     16.68349200932606635206	      6.68608600321138357714	    -18.91808101162330757461	     -1.79738374465706685079	     -6.37446908916161003589
      1.73535345292860920807	      4.92954472487847539242	      0.33782283192733952859	      0.44820161906236261062	      0.57893403690353240076	      1.02699377306378414332	     -0.01091870511890605071	     19.87649478390065027611	     -4.51165054299394174819	    -13.38213739722360173801	    -18.51286996549390195810	     -0.26154384601602448379	      5.41970991660559953118	      2.48493775478091016851	    -14.00723627101880985890	      3.30082751388601458586	     -6.50309731724659556562	     -3.25147966545943178929	     11.96046328034890393610	     16.70046237622540630241	      6.62057379062317430396	    -18.88866847982059482547	     -1.83631327067939720266	     -6.38959619548637025588
      1.73735862435905907830	      4.89670077547006865615	      0.39822759367529930730	      0.44294803558046952352	      0.57885351992015154909	      1.02650736276469389807	     -0.01087927861283812317	     19.84360735881571358163	     -4.47977610136494064363	    -13.27864085841781616182	    -17.73760614385415124161	     -0.25709201100166473308	      5.36591718937028261394	      1.93005478491606830005	    -14.15068260619039897108	      3.36844452041855424440	     -6.48510824825146503514	     -3.18487578592247810860	     12.08053228778907417507	     16.71388302628872679634	      6.57042974328845019727	    -18.85824953358276090398	     -1.88204890552086978595	     -6.41198042735653928048
      1.73944034051624218939	      4.86932556928246373928	      0.46258493943970258044	      0.43920380638039546728	      0.57878104388468232244	      1.02601276031882604478	     -0.01083314503207508800	     19.79823627413427544752	     -4.44723455651431986979	    -13.16041486380878389184	    -16.92711189502053059641	     -0.36221239940491450904	      5.21539290330437488308	      1.55229593492804585075	    -14.30683725299437902834	      3.43910690479907188433	     -6.46294302189735159203	     -3.11554789526954278855	     12.16808686096832659018	     16.71327522080687444372	      6.57269459047386384043	    -18.83323426387605081800	     -1.93126750517971901289	     -6.44083578759965380556
      1.74043079080217100163	      4.85863384600252690149	      0.49419235243467563024	      0.43819433537890750685	      0.57875026186491440594	      1.02578111774749336504	     -0.01080972477822052941	     19.77278464134694502263	     -4.43286209320368929099	    -13.10131061949310371517	    -16.54047625862901682581	     -0.44257681312645508198	      5.12174259574096080172	      1.43163629526991420526	    -14.38351459519346065008	      3.47328110165545478338	     -6.45060555920919043160	     -3.08273492347208932784	     12.19495685104668147858	     16.70678206686105937706	      6.59555983494419884039	    -18.82358822860063085614	     -1.95574256598862539214	     -6.45665515834072323287
      1.74204296312026785110	      4.84271322725195307868	      0.54796210385468657744	      0.43825489246193216619	      0.57870518673718585045	      1.02540572162093535091	     -0.01077134727232711975	     19.72834684130853233341	     -4.41334792831357880516	    -13.00368007674092751813	    -15.91323374835620718670	     -0.58239906909079552921	      4.97723160255698715559	      1.25212042017325830834	    -14.50934295336473667248	      3.53060376256448327226	     -6.42702003897525120379	     -3.03055890453435194942	     12.22155402052600692286	     16.68806136122889682838	      6.66052349969058532508	    -18.80898855014971005062	     -1.99789474890282292563	     -6.48592841702901434786
      1.74361171227976563536	      4.82730903872911643049	      0.60349220013754978353	      0.44096125533091035109	      0.57866711195630116116	      1.02503886509260833115	     -0.01073525605527211879	     19.68389952499310879830	     -4.40036947996717398013	    -12.90859580292180375238	    -15.30873353119996593819	     -0.70072140997027188014	      4.87257454049425753340	      1.05693167259375053746	    -14.63082290842176469425	      3.58872743402994265338	     -6.39943348834780323386	     -2.98236779314950206654	     12.23549221458191382794	     16.66326196686256722046	      6.74393731159511045092	    -18.79423017878973212191	     -2.04193786719267045271	     -6.51893510618149463198
      1.74527840413237989026	      4.81132718315411267440	      0.66524908719772046783	      0.44671060854230243420	      0.57863266973648352920	      1.02464708128922521446	     -0.01069854046434397590	     19.63549889086058541920	     -4.39273951861195932622	    -12.80825059105381491520	    -14.67561148744397492294	     -0.77976375216726112605	      4.82294601135428191441	      0.79346886567886898423	    -14.75919851366516688529	      3.65213801093820533694	     -6.36607439819795928315	     -2.93442215488793500811	     12.25104292288743046413	     16.63656574135106325230	      6.83235885790904440285	    -18.77837765262601621430	     -2.09117748426218197366	     -6.55809043314463835372
      1.74715468719918010088	      4.79519337962355418625	      0.73648716659411261887	      0.45585959502923106834	      0.57860073140116141666	      1.02420504894652220074	     -0.01065765139965077837	     19.57860342319887081430	     -4.38962944790378273296	    -12.69524164303249946784	    -13.97613107271917343155	     -0.79304818040194691164	      4.85446779316100673896	      0.40924145224552521682	    -14.90470722373096101876	      3.72374004672099667701	     -6.32613817190689342596	     -2.88442845338039743908	     12.28842821345164004754	     16.61651899745238125661	      6.90068329793610502065	    -18.76205251009170638099	     -2.14801582789043354893	     -6.60509350372123371642
      1.74910775740625412666	      4.78147520605001385974	      0.81053936245245383763	      0.46662782413556525007	      0.57857394768219927439	      1.02374501194027556217	     -0.01061211430672479895	     19.51642254294496936495	     -4.38915540634005196807	    -12.57417656831343677482	    -13.26357383654472066326	     -0.72659387048341161908	      4.97325825875366689388	     -0.07356303296717228712	    -15.05877677529267266721	      3.79652227926963092841	     -6.28543822711174904327	     -2.83650226500818147812	     12.36695107513538083310	     16.61646871850959783501	      6.90815580480168556221	    -18.74812661707150240886	     -2.20711329652099452758	     -6.65416037416604844168
      1.75062312490968974288	      4.77292649112457123550	      0.86686716555521248218	      0.47453726873883522730	      0.57855653421421049387	      1.02338809977122613404	     -0.01057195329560540846	     19.46676007149564568977	     -4.38840113407313037186	    -12.47441939809623434599	    -12.72094973543108231695	     -0.63839557317713457874	      5.10124842966889602280	     -0.47278384765364039888	    -15.18028273834781671781	      3.85085139302188972366	     -6.25641070385383457619	     -2.80182530937925644565	     12.46113214604601537872	     16.63369275532637914239	      6.86001588796913353008	    -18.73959262765007949270	     -2.25223510628857948035	     -6.69025696584568763114
      1.75219853469242603516	      4.76634241577341555285	      0.92354694200324183306	      0.47997559589300720084	      0.57854040305194420757	      1.02301802298448385464	     -0.01052122605318596069	     19.41413060262992829053	     -4.38443032498767593097	    -12.35980879249068919989	    -12.16468727685100681413	     -0.54659520982338516415	      5.22249482231571793278	     -0.86048908054713646454	    -15.30928373167263956134	      3.90498734482117404454	     -6.23086876476243123335	     -2.76686351437724420421	     12.58682069248264134842	     16.66630356358716014142	      6.76569134892687440441	    -18.73334720014013399236	     -2.29834074049480774349	     -6.72314677410516825518
      1.75377851075781898693	      4.76218793181950683646	      0.97841368591073829553	      0.48037179901028370654	      0.57852566597381227531	      1.02264844768634022287	     -0.01045784712079393143	     19.36089849388948280762	     -4.37593232635412832110	    -12.22992866952684920534	    -11.61414354568564100134	     -0.47918673137835349207	      5.30463391504525283437	     -1.18397586031219259617	    -15.44205492639093435514	      3.95749351886502198639	     -6.21121822423670533198	     -2.73117224032851524385	     12.72678767015213097125	     16.70730844484270960493	      6.64811865969318560587	    -18.72984192888703347535	     -2.34431309332926041122	     -6.74926076519556072952
      1.75539478741341969936	      4.75968663370558164871	      1.03300323712669750442	      0.47563082937184780752	      0.57851192780107685287	      1.02227140919596015678	     -0.01038087975902431126	     19.30681484240380285655	     -4.36314910946024880900	    -12.08143615113712066034	    -11.05781996331914562859	     -0.45283581986988608037	      5.33147348210763372123	     -1.42223727315959647122	    -15.58069131239912330500	      4.01013284671156799988	     -6.19560149077701804998	     -2.69288919369823798178	     12.86350964854737100040	     16.74736780999677776549	      6.53661282966129686400	    -18.72816950143275249729	     -2.39148953383039675202	     -6.76927478805249904781
      1.75693725232343633813	      4.75843382845287088401	      1.08407181530547336301	      0.46794549807934771035	      0.57850031589278361199	      1.02191239317744408943	     -0.01029948688779885532	     19.25548552701571836110	     -4.34841247965442345702	    -11.92768506952260132437	    -10.53268876575650914162	     -0.47360527923249706728	      5.29866955144628626329	     -1.55524669940460835704	    -15.71501607216191409577	      4.05963102221854477136	     -6.18176170413509940005	     -2.65417777657510800537	     12.97038609321172764055	     16.77478367193176111982	      6.46604982312618759011	    -18.72775275671035188907	     -2.43646174088871969587	     -6.78403249034044986132
      1.75836323284632412012	      4.75813162422949176289	      1.13058258018623480901	      0.46019443400623227802	      0.57849132837339289903	      1.02158141765085175301	     -0.01022144699567015085	     19.20765094684154661309	     -4.33393887053159687639	    -11.77893528887974383679	    -10.05199020357479788856	     -0.52809490477597453850	      5.22316823367488680674	     -1.60479286479340998994	    -15.84066583166273289862	      4.10460400347744780447	     -6.16684597193921302249	     -2.61643582790256701287	     13.03859710659206783134	     16.78526334381104589966	      6.44795488688337137262	    -18.72820939107859672390	     -2.47742641504173510825	     -6.79618218308777954917
      1.75981752667565349846	      4.75868936379183882224	      1.17739527654505882204	      0.45377504054937006783	      0.57848443808575067404	      1.02124504328980014733	     -0.01014323384609071461	     19.15773382705215155397	     -4.31966615423976296739	    -11.62504606233368775747	     -9.56669111434353425238	     -0.60710446657562999739	      5.11372040593988064217	     -1.60149681969806967352	    -15.97011911732005984277	      4.14935338137501652511	     -6.14689926808146580584	     -2.57623792163383091847	     13.07401945226061990013	     16.77869794901636524287	      6.48222855553785404226	    -18.72948869150490480706	     -2.51789015837566099165	     -6.80934967777586486193
      1.76093945741092272605	      4.75973396381562796620	      1.21318687284356685474	      0.45110213673432414394	      0.57848110633454419283	      1.02098634839221880100	     -0.01008641614759350769	     19.11805727703622181934	     -4.31003673361490502458	    -11.50806342428272444067	     -9.19634627135656756991	     -0.67136579981823185648	      5.02325991779533431725	     -1.58150862976407036165	    -16.07080311766600999590	      4.18295484514992477187	     -6.12689677522398579157	     -2.54434375180047345211	     13.07911661232409628042	     16.76194033761662538495	      6.54346729237991553418	    -18.73102082855833216968	     -2.54783821611507388383	     -6.82139658186450414945
      1.76239572483473216913	      4.76187100088374837270	      1.25951459954613165237	      0.45213479241340054360	      0.57848018615543428389	      1.02065138150942247286	     -0.01002039241296567157	     19.06466313315402416606	     -4.30096807594717311929	    -11.36313386628278720991	     -8.72216837422773672017	     -0.73653834679854346401	      4.92993953553666042211	     -1.56583206197931135151	    -16.20237523279967817302	      4.22531445518316406407	     -6.09354341292551726639	     -2.50245099669723902736	     13.06362733980373569409	     16.72763687480045291522	      6.65923604006087632712	    -18.73361811568719303978	     -2.58480164760995023698	     -6.84120389393859706928
      1.76391888837964661008	      4.76429375690100531671	      1.30753361981740479081	      0.45942770487323691952	      0.57848409323857163944	      1.02030054165086037088	     -0.00996198030219390580	     19.00724903610490201800	     -4.29579358767422547771	    -11.22188699956311275230	     -8.23493547283210780563	     -0.77127058773390710922	      4.87337718677888176444	     -1.58067867440640941190	    -16.34000760241471539302	      4.26751956972776280708	     -6.04967433088119754814	     -2.45917746714244955797	     13.03568544470561008097	     16.68309384051271138105	      6.80025737940167740447	    -18.73608559378879689916	     -2.62056678219924776840	     -6.86777377683914558304
      1.76555959046589938666	      4.76570593558278243762	      1.35814651033744482334	      0.47408756745838936952	      0.57849447958161781536	      1.01991931553131132127	     -0.00991056721017894750	     18.94553601193290504057	     -4.29437559788610734302	    -11.08157940694174037333	     -7.72125547863439720686	     -0.76402101646023301562	      4.86600522951510150449	     -1.64443058768424510419	    -16.48651919400920817793	      4.30983939808894156442	     -5.99383728452115782659	     -2.41464304443047339532	     13.01575538437622725496	     16.63614299983231958890	      6.93710419504453934536	    -18.73668555028167048704	     -2.65518762890292059353	     -6.90280900426877952469
      1.76721666320474057876	      4.76470767313195953108	      1.40748214097480150997	      0.49461505131643551669	      0.57851181512387628292	      1.01952845933973867965	     -0.00986797058912143414	     18.88530519179151667686	     -4.29586322946213350349	    -10.94987545372862491888	     -7.21494184821491657544	     -0.71355341387550408339	      4.91103841626783754748	     -1.75604052062211346552	    -16.63135778166624234586	      4.34879411418038497317	     -5.93154380925873603303	     -2.37287368776226159639	     13.03062309773777549537	     16.60195770564131478864	      7.02012229750332217293	    -18.73363659986151930070	     -2.68585109908177610549	     -6.94359743673653007079
      1.76888753944831433884	      4.76092952692814019855	      1.45511231126903251010	      0.51888273542704266283	      0.57853642627788504083	      1.01912771771796428766	     -0.00983024852388372783	     18.82778427230250528623	     -4.29870263008236896951	    -10.82281121453347516592	     -6.71707670462997175065	     -0.63263310459681809661	      4.99596286249197074625	     -1.89867753606801215049	    -16.77413779887606182228	      4.38431634684571491789	     -5.86647145720832519089	     -2.33404346840351095693	     13.09746165576391696561	     16.58995191162734528234	      7.02033141613498212763	    -18.72635667671589487782	     -2.71282397471302516578	     -6.98821572737592955349
      1.77001292690056111212	      4.75712521226987483658	      1.48604843661343921646	      0.53596173151500636767	      0.57855710266029236610	      1.01885460005714323373	     -0.00980539863324687670	     18.79083911040507004486	     -4.30067705176181203086	    -10.73780095259570721566	     -6.38856464433815762760	     -0.57071702570179405622	      5.06602838756025253275	     -1.99863750124596295521	    -16.86905737697823681742	      4.40646246033713673285	     -5.82312471692422128910	     -2.30921302391577754065	     13.17404461209061494742	     16.59642674771625792118	      6.96859129820472755767	    -18.71936881246788431099	     -2.72925391170540487806	     -7.01915928561947133346
      1.77159982096839385690	      4.75075637597406430501	      1.52786017119327088842	      0.55956695090231867162	      0.57859179536296045931	      1.01846670633178026932	     -0.00976802476316174229	     18.74058064183395444502	     -4.30196943187586811064	    -10.61392098551701757003	     -5.93313524414692938791	     -0.49605474376284930393	      5.15088017288860910980	     -2.11583571804005243777	    -17.00237687562506039285	      4.43534270482641090894	     -5.76447284669720261263	     -2.27483300355134065995	     13.32047719621138703872	     16.62455127733716864213	      6.83210172366585233306	    -18.70744679188893400124	     -2.75031055048571237975	     -7.06267397759146930980
      1.77326602293853530234	      4.74348870569568603628	      1.56881018610334099783	      0.58356174110178860026	      0.57863460174995084984	      1.01805814852298226469	     -0.00972520104288236709	     18.68927781112243380335	     -4.30011985082186853901	    -10.47632433359241055371	     -5.46361928568329258127	     -0.45203219647670067616	      5.19626100684335945346	     -2.18518051904482346615	    -17.14256218682518806418	      4.46209911240377099517	     -5.70603125921638554274	     -2.23827095080912519265	     13.50212243986694460318	     16.67024387966961285201	      6.64142317622240341279	    -18.69321197168161674540	     -2.76913469563623104719	     -7.10792924139416726348
      1.77479088365757164958	      4.73748023065782497554	      1.60417517276492738176	      0.60517077844275912746	      0.57867876171057419654	      1.01768615886413593685	     -0.00968360656755471415	     18.64231129237065331949	     -4.29635617747502163155	    -10.34412005611651075299	     -5.04191740232623608620	     -0.44256045745131311620	      5.19785172851476939826	     -2.19952837309536208821	    -17.27229121700338154710	      4.48398017791214975603	     -5.65400098522460403672	     -2.20307954029313002309	     13.66119727176956111236	     16.71373260684817907418	      6.47541368921205862108	    -18.68016113462714145044	     -2.78392034170555779937	     -7.14948545151758185767
      1.77631955595700063988	      4.73316475137507453042	      1.63884223555065555722	      0.62681752443383764728	      0.57872707930625177930	      1.01731781938093224227	     -0.00964048140511715446	     18.59409226180475727119	     -4.29232915197810172003	    -10.20687615327928021713	     -4.62770194807637924583	     -0.45387535168033038557	      5.16837446079830886703	     -2.17818860288077642551	    -17.40481674695180913659	      4.50475581413978432010	     -5.60161911615141505649	     -2.16511407775387754171	     13.78208612292360157880	     16.74641616369143193310	      6.36745107068543969575	    -18.66849031859744911799	     -2.79770331160742280474	     -7.19190488962065987977
      1.77796119441947109152	      4.73092472643331873883	      1.67667553628793242204	      0.65028073334315439347	      0.57878267817501394266	      1.01692890098355226414	     -0.00959341902847678576	     18.54079924484057428913	     -4.28982987213921873604	    -10.05635150548020995132	     -4.19405514129579515270	     -0.47360809006949067257	      5.11557035005041704778	     -2.13630282887909084266	    -17.55013742037897728210	      4.52736716116422410749	     -5.54360598337617993536	     -2.12104747920176750497	     13.84368102288206259232	     16.75928309063992216466	      6.35686362633745716266	    -18.65826670096848260982	     -2.81295686286274770893	     -7.23882516941749809547
      1.77956110846707571405	      4.73071080534167975884	      1.71516898281561469553	      0.67351694073214418701	      0.57883978094245869261	      1.01655617515966723019	     -0.00954746830782689758	     18.48823356951564633732	     -4.29079940315036356679	     -9.90899220857141926899	     -3.78449451316545637525	     -0.48376319750530649699	      5.05761884987648802081	     -2.09901542788102313253	    -17.69377177087735120153	      4.55077571146721115980	     -5.48439157009262689968	     -2.07567670709854290578	     13.82728194664014154114	     16.74547139844986176627	      6.46544252010828479627	    -18.65025233557264883189	     -2.82940904203544674189	     -7.28612678444601424843
      1.78069171984687879551	      4.73111359510772366832	      1.74349687505413708521	      0.69027483996247640530	      0.57888145836676596634	      1.01629555319474151887	     -0.00951527696595140179	     18.45160036582295859375	     -4.29391783680845229298	     -9.80589236488596149854	     -3.50373310253616443433	     -0.47859740647786280787	      5.01941454736506731393	     -2.08207482112459807411	    -17.79537805686537055294	      4.56825208390330050889	     -5.44079364003018639551	     -2.04330077911644858446	     13.77662189929065661431	     16.72157277912067740999	      6.59727808954944361375	    -18.64508627600623213993	     -2.84215845797680266571	     -7.32048320126414964193
      1.78228102397864995865	      4.73075346524565532036	      1.78489268326368244466	      0.71497709981498280829	      0.57894122481259424617	      1.01593011940809607729	     -0.00947142250566947522	     18.40285451180775666558	     -4.30211013513382223294	     -9.66459364430114931110	     -3.12192636855411320695	     -0.45077272703060644599	      4.97636533751282783555	     -2.06023465549268669506	    -17.93560036411148317370	      4.59385901702106203004	     -5.37681662720339215156	     -2.00020966900040786385	     13.67754105517961349392	     16.67602023785102716147	      6.77779453706507162281	    -18.63667607324949315739	     -2.86152947002695290379	     -7.37043567710339964094
      1.78370576317521378762	      4.72844378745299920297	      1.82284797481796934093	      0.73892591625358228224	      0.57899529263488269670	      1.01560149232052898682	     -0.00943419370105290887	     18.36304964244966697606	     -4.31265596845639542778	     -9.54312242133143584510	     -2.79250634439471667747	     -0.40653245284564215600	      4.95024533664011467948	     -2.04228620917867065288	    -18.05668797561939342700	      4.61675135126295632659	     -5.31710456515787743825	     -1.96689847506083848039	     13.59191320792851165322	     16.63389599603956270357	      6.88696862155386746451	    -18.62690781875806678158	     -2.87940219988560608400	     -7.41696290913784839205
      1.78505330205212109362	      4.72440192992575269670	      1.85825955644593077132	      0.76341900723744504642	      0.57904622877387135205	      1.01528940094391839644	     -0.00940077935319872000	     18.32882898434992569037	     -4.32406313089483962386	     -9.43367533430308746745	     -2.49166751014659881847	     -0.35317695109878277648	      4.93585459982864982464	     -2.02334299171430043174	    -18.16641906270360351527	      4.63680503038761315793	     -5.25953344626945629159	     -1.94238859704856237087	     13.54370702553056560191	     16.60401322724984041201	      6.90251639334691802219	    -18.61569900772946084544	     -2.89535309047311173458	     -7.46209019049434463255
      1.78666923820896483832	      4.71751362757574455031	      1.89861720863401650661	      0.79483983741070463047	      0.57910621740763268406	      1.01491394698334325142	     -0.00936194417310388938	     18.29181448343643268117	     -4.33766209059296858896	     -9.30942038189814802251	     -2.14395761562131736966	     -0.28463277193758085293	      4.92937895633329414835	     -1.99051314219098518521	    -18.29168504383775584188	      4.65713516832838614334	     -5.19083123805444035526	     -1.92411130934200635956	     13.55902956402479730968	     16.59257145592964732828	      6.76935821557048633679	    -18.60026272792224233399	     -2.91175914860627127467	     -7.51654654237997554844
      1.78848275457349759066	      4.70782569348407786691	      1.94006726046395816532	      0.83128895514555356527	      0.57917097634179315335	      1.01449223292864409984	     -0.00931706884692038578	     18.25514120192703160228	     -4.35086067401866127824	     -9.17717193667556330183	     -1.77015970645383768911	     -0.21637584920519109533	      4.93258231842907868270	     -1.93044488564079874671	    -18.42456873318904797543	      4.67427152610764196083	     -5.11665238284526591173	     -1.91900511362954917516	     13.68985729209239288195	     16.61725512889396938476	      6.40934768877344218652	    -18.58132838875820880276	     -2.92591477077770223403	     -7.57591190705800343608
      1.79000605925907785299	      4.69871101600397622633	      1.97179376577381759716	      0.86101138746332195328	      0.57922244663692257216	      1.01413906561993982791	     -0.00927518234713967799	     18.22827887160296000957	     -4.35952792377753262087	     -9.06914702035784081602	     -1.46977279150012951625	     -0.17536684279901318395	      4.94229344687501814803	     -1.85695432532457216368	    -18.53081881849099588067	      4.68468425940780441863	     -5.05843328726584395838	     -1.92622699964472166023	     13.88287811635504631624	     16.66313562421681737646	      5.96536000439033742282	    -18.56496447721637821360	     -2.93497649043403008307	     -7.62225134958492134274
      1.79144688886284786378	      4.68979970980697657978	      1.99986723923165166106	      0.88647535751065487108	      0.57926810403120410076	      1.01380713540472733314	     -0.00922897014058235085	     18.20639126107821326173	     -4.36556552749838289174	     -8.96576346459058370897	     -1.19782960835848206749	     -0.15478458056062163739	      4.95069329750294340187	     -1.76124466303366356001	    -18.62789722656269120193	      4.69257709924836241555	     -5.00778390579964316487	     -1.94064605861459971159	     14.11332013482589431419	     16.71752195357570869305	      5.44664071324991638789	    -18.54980897350171531457	     -2.94249635577505852524	     -7.66129062264212645772
      1.79300571822337873051	      4.68093516472523063499	      2.02979608877456163540	      0.90843065077306006661	      0.57931365574277404740	      1.01345254068586365648	     -0.00916780691860143680	     18.18656259357169702184	     -4.37054601042249579734	     -8.84815146321269629937	     -0.91869339911337877247	     -0.15062651955706082840	      4.95456853083902526436	     -1.62813756925039432311	    -18.73129389751215256865	      4.70174401505662409306	     -4.95869085285652744233	     -1.96099158679679508310	     14.37400174684065845554	     16.77242777436843468308	      4.82145180870865708300	    -18.53509790387177602611	     -2.95210130928982739107	     -7.69611700696070499816
      1.79473055483876953176	      4.67351128853475561442	      2.06483534762399667528	      0.92428019902785918394	      0.57935922785043492134	      1.01306900354393691899	     -0.00908473959289023657	     18.16855663176054491714	     -4.37644491258716605842	     -8.70931899281385568656	     -0.62997902755732682056	     -0.15722147084765134006	      4.96065358036092263205	     -1.46447313290584535395	    -18.84639877020531173457	      4.71602118966315053683	     -4.91045251714480013305	     -1.98448625423174185300	     14.60723062447323528090	     16.80569790792684514713	      4.17559072404033138071	    -18.52262943346098111874	     -2.96760496324371381149	     -7.72488066676754314699
      1.79682221127844421460	      4.66913783679065819143	      2.11231923532084131523	      0.93269366693764155229	      0.57940812780969197515	      1.01262007070784476603	     -0.00896502851590465222	     18.15085936393946042244	     -4.38716074240238818049	     -8.53098388812679431226	     -0.30991713136278375984	     -0.16023654091474068273	      4.98169814235558217064	     -1.27629180046079704347	    -18.98933174667556755821	      4.74153893777942148091	     -4.85666818568050739913	     -2.00935738160474297587	     14.72531185270939602105	     16.78319096027641776914	      3.61936151733412536657	    -18.51449662341800816989	     -2.99524477925194743122	     -7.74800212719087522117
      1.79848483917455737036	      4.66912253908563990024	      2.15374433606723725276	      0.93441365164190215431	      0.57944256627965629036	      1.01227642141100515616	     -0.00886080895415306859	     18.13922003516288583569	     -4.39936050592064109566	     -8.38632865178210629153	     -0.07902321517148643004	     -0.14542704159045374834	      5.01146220667316733000	     -1.15431098751162264371	    -19.10511424679089742540	      4.76696295857200080803	     -4.81380147062565288962	     -2.02639981762737209081	     14.67302590632686332128	     16.71619252674089750599	      3.40084944231706209905	    -18.51342824283959487275	     -3.02267999745822546487	     -7.76073734644362467350
      1.79974661528830459645	      4.67050542275346369792	      2.18637890763309883368	      0.93553193348965435483	      0.57946629212627920325	      1.01202240590747982729	     -0.00878055746267255438	     18.13168050318401114396	     -4.41054543515292607481	     -8.27827791902658027823	      0.08288495786788727115	     -0.12025219719807823948	      5.03871364959457945787	     -1.08294919700102654225	    -19.19283244340491023650	      4.78732145001470943413	     -4.77922151691629704118	     -2.04007940285406519365	     14.56905607721701478852	     16.64652691377336779510	      3.34281795336675768837	    -18.51512469188479315108	     -3.04477297111477396285	     -7.76956031041054107078
      1.80029936577006788312	      4.67130853914984278674	      2.20075236913903582447	      0.93653901755886670433	      0.57947604182208978241	      1.01191262337366749691	     -0.00874592563161586366	     18.12874748646155609322	     -4.41586428159262833759	     -8.23210375111114345259	      0.15036362396741936864	     -0.10531290658537961757	      5.05104566057394865908	     -1.05731253238478939416	    -19.23082204926899407837	      4.79606139624682015210	     -4.76319398736314436604	     -2.04699606080566409716	     14.51435205010442430762	     16.61406059465835483024	      3.33386824455166053127	    -18.51635493612524641094	     -3.05434839436884697506	     -7.77369361334266439911
      1.80157043677784556301	      4.67344462114226200100	      2.23327932411094876031	      0.94112019585297579383	      0.57949702365340516330	      1.01166317061736021898	     -0.00866914835943842499	     18.12262335545635494327	     -4.42870775334647159838	     -8.13074178713320350198	      0.29806710317531071031	     -0.06280728332813420578	      5.08370581954698508298	     -1.00682271612634210989	    -19.31657177199732799977	      4.81461547558542068970	     -4.72379774956613385228	     -2.06678482392171503079	     14.39219761419916032708	     16.54277392690833892175	      3.27823273316786112375	    -18.52012233855231571056	     -3.07501137534863566714	     -7.78469456196528231118
      1.80292019143427451056	      4.67563149290469137753	      2.26602765293174046590	      0.95034215462625692972	      0.57951736738334203025	      1.01140166077678150813	     -0.00859320514161906676	     18.11726688018079656217	     -4.44239391398626004559	     -8.03166548540658631339	      0.44407757864954666704	     -0.00841974531925963714	      5.11999725675399730562	     -0.96127745213543269731	    -19.40413028286049978988	      4.83054146948664531180	     -4.67803453540912883568	     -2.09591995313342716045	     14.29935026444625201236	     16.48280996450877111670	      3.12016660442467497205	    -18.52487812536711686562	     -3.09352818635004700454	     -7.79932922850015053484
      1.80478470563032300511	      4.67672226936207291459	      2.30700896789028453426	      0.97151077539747909828	      0.57954280998074803044	      1.01104256329238251233	     -0.00849908801479101576	     18.11332468497919379047	     -4.46013799147406064804	     -7.90994235821011137944	      0.62843677967662858741	      0.07193981169293996170	      5.15920263436129999945	     -0.89889818072409111149	    -19.51644448529676623139	      4.84443244067482403636	     -4.60836525335111080182	     -2.15376324994723233885	     14.28941380342627986977	     16.44323332735491405288	      2.66756733499998466286	    -18.53046358318476549698	     -3.11171126543422138511	     -7.82549745289830855910
      1.80680813303016618576	      4.67491898227651514475	      2.34595591840117378979	      1.00524163669112920338	      0.57956819187219277278	      1.01065473295341456961	     -0.00841064906553289256	     18.11366529358108579117	     -4.47753430365355775677	     -7.79591522041826490153	      0.80752847958558249264	      0.14925650561251765924	      5.17108496986565402409	     -0.81352195706037977452	    -19.62679400157222175949	      4.84910226131121468995	     -4.52484438931940236017	     -2.24009182374182325148	     14.45868956564388518871	     16.45977558480736746560	      1.86083028267394001709	    -18.53439004977117932071	     -3.12193844493311889465	     -7.86204251302799583812
      1.80892155680673893947	      4.67306030813646788857	      2.38297123687742917753	      1.04938660928451876764	      0.57959446821553461948	      1.01025821774786384033	     -0.00832955893971783559	     18.11535452995545725230	     -4.49517268183164553363	     -7.69194714511124466583	      0.97327110382967740865	      0.20443991815340142870	      5.14154125980798504258	     -0.69359886741098197849	    -19.73550801291424505735	      4.84631171481385703004	     -4.43017813352773082158	     -2.34846519360537264731	     14.77060400342655732686	     16.51620880568971472258	      0.80154735607628069260	    -18.53952369584352766196	     -3.12560616699566162779	     -7.90800270858254972239
      1.81036461878446375273	      4.67446536016218683329	      2.40800808449977976622	      1.08208459169819226631	      0.57961377373478384367	      1.00999776205803803997	     -0.00827742934545547086	     18.11462171103898910474	     -4.50816170597718723911	     -7.62667440065543189576	      1.07435136133036612804	      0.22502292378076485524	      5.10088432854865647670	     -0.59620833510982895742	    -19.81098878033521160091	      4.84299774087255219257	     -4.36245021651735598311	     -2.42596112510439221310	     14.99439028829241138396	     16.55478956587799288513	      0.07239810980852721956	    -18.54641754529576047617	     -3.12677926883191581453	     -7.94245957344438835435
      1.81228866873975746898	      4.68228600913425996310	      2.44197225694732589218	      1.12669318104654392343	      0.57964350638360273571	      1.00966877786060904576	     -0.00820920200084943909	     18.10840334296915798973	     -4.52702908551540517124	     -7.54572690192616768456	      1.19437813162280215273	      0.23326814029375411708	      5.03340476212774223796	     -0.44795268832580742435	    -19.91847267964881140756	      4.83860852917937211970	     -4.26995123530135600731	     -2.52570437818672166586	     15.23138177754155186960	     16.58542788337973306056	     -0.79977837974711651903	    -18.56245418801857738345	     -3.12814328002092700842	     -7.99089573600479585735
      1.81418822662289191960	      4.69776791803507620671	      2.47380663208482554083	      1.17261041994671777466	      0.57968033971575028129	      1.00936743771977033290	     -0.00814443261334311767	     18.09415323418310350689	     -4.54522150440689731710	     -7.47718418256801253818	      1.29740273991107790685	      0.22796566799092088385	      4.97235968649396120611	     -0.29628845709600276637	    -20.03496322682955366190	      4.83168218297229934421	     -4.17653338994030942644	     -2.61519169822349839549	     15.34430612581638264658	     16.58042533022882736304	     -1.45760281191255169908	    -18.58673624289822967626	     -3.12629284310245614265	     -8.04171134461836345508
      1.81591092083919014577	      4.71650837482305007597	      2.49802819110030549510	      1.21649857441024877858	      0.57972202457873556192	      1.00911110380737789605	     -0.00808887138421317611	     18.07633312801256053604	     -4.55829193327993209550	     -7.42814574954081585645	      1.37646353453830316838	      0.22224161824746890836	      4.93918441892441606456	     -0.17323918081009456738	    -20.14741122178902088535	      4.81967400398880663204	     -4.09121392103281689145	     -2.68891303492495215011	     15.34588140305001324748	     16.54906347964966428776	     -1.86868206866102748442	    -18.61331725915898260837	     -3.11807570736963457492	     -8.08994069983132924051
      1.81754399916785991387	      4.73485383756215316708	      2.51452217222151963583	      1.26027384130981068289	      0.57976937483000423601	      1.00887625831951011079	     -0.00803905033669675799	     18.05968537697618003790	     -4.56531254316239376578	     -7.39387380959830142757	      1.43660937568301982914	      0.22448650752968060673	      4.93633107476215293730	     -0.08211388775568663478	    -20.25511822398730288342	      4.80072626806842794878	     -4.01128561316301990303	     -2.75632918374922120108	     15.30591909830812724636	     16.50977718274266337062	     -2.15873451696194162963	    -18.63814819482912454873	     -3.10192154169655998075	     -8.13684019595779695067
      1.81904434645418944250	      4.74957119724440879338	      2.52298174621518667138	      1.30222843748092120819	      0.57981958887643025857	      1.00866222453392873071	     -0.00799516401638846776	     18.04817822907840607627	     -4.56594921055130775756	     -7.37167563979594664403	      1.47742125731628104468	      0.23747560256468538964	      4.95994779916702555056	     -0.02575147320559659919	    -20.35113218944731627857	      4.77567513147632105586	     -3.93982660742743906468	     -2.82024542378962994604	     15.28215603117570609015	     16.47889867906456018432	     -2.41048882868536429314	    -18.65745656405670871436	     -3.07880484813152666135	     -8.18034114189826588870
      1.82065704608535794407	      4.76180998695610302462	      2.52469110237186322721	      1.34880793048693559122	      0.57988067245633934110	      1.00843117270760607163	     -0.00794897208977008232	     18.04180578048259775414	     -4.56005304933599120432	     -7.35503535473916247867	      1.50478362464499526574	      0.26417457672074240449	      5.00977544163491206319	      0.00562566553488139109	    -20.44905757339276775042	      4.74044223390070929014	     -3.86601899537649673633	     -2.89408354589234750875	     15.30721111166741188470	     16.46146321889392183380	     -2.71929953648923383724	    -18.67286903509678097635	     -3.04511248830621683581	     -8.22704502511792234998
      1.82237864208237243524	      4.77085350723385204219	      2.51894909545155343267	      1.40005824858842564673	      0.57995408387702951369	      1.00818342135344618526	     -0.00789991523547503398	     18.04191794274768412265	     -4.54701996279578235516	     -7.34185364912133575643	      1.51512951748563029497	      0.30286578572519951003	      5.08052063819480359541	      0.01484296086930133977	    -20.54736516031995563480	      4.69426403621321064463	     -3.79066277771549842157	     -2.97978991904085521725	     15.40009415460828634536	     16.46387339799024474019	     -3.08958671569884657515	    -18.68327561378723089547	     -3.00021683499339530954	     -8.27689339489875308686
      1.82402567921000335893	      4.77716474692363579635	      2.50792191590380175725	      1.45005602839372849111	      0.58003225529754876000	      1.00794843857341875903	     -0.00785164790161294902	     18.04687918170153082542	     -4.52952587718204657818	     -7.32984915627507493951	      1.50795704135498853660	      0.33913230645427505650	      5.14889808257275571890	      0.01704972110815755268	    -20.63736749501883238622	      4.64374847792810196978	     -3.72146100685119973761	     -3.06697625576572452388	     15.52863377026100977218	     16.48042248406012078021	     -3.44686982309399958524	    -18.68924688012526402758	     -2.95093335059252259711	     -8.32442909532241337445
      1.82578568272580166187	      4.78413550915118612750	      2.49228536908473641276	      1.50315240860817667112	      0.58012437991793008862	      1.00770502397348171719	     -0.00779557792606240963	     18.05421801877957932447	     -4.50684420399386898026	     -7.31366797300266124893	      1.48376177632872230383	      0.36262390259424115424	      5.20306454707970633677	      0.03373112490872214042	    -20.73294889135695129312	      4.58547530975497963368	     -3.65052254870304881962	     -3.16237318636061504051	     15.66179461243993209507	     16.50094408813051671814	     -3.76743494815672885778	    -18.69459356078753486941	     -2.89434866194307183207	     -8.37399553923120265608
      1.82768984675580248300	      4.79402475739935240995	      2.47270263158019609762	      1.55865459430005737218	      0.58023391098749710348	      1.00745492195872898833	     -0.00772622604103247700	     18.06220945324262316944	     -4.47868438181913219864	     -7.28945932224164039326	      1.44009299549991531819	      0.35703098630523261159	      5.22168895990568415755	      0.08733190809061280868	    -20.83855014541108374715	      4.51975050906985398314	     -3.57722539159750008153	     -3.26524758823437277755	     15.75612022207343088098	     16.51341177738797583174	     -3.98501123710368165831	    -18.70168816846845416535	     -2.83123509749718538231	     -8.42461949106904484097
      1.82916224332096488681	      4.80330172394506327294	      2.45615378542445972343	      1.59969184894096527749	      0.58032536576109083892	      1.00727107842750607247	     -0.00766492307565614945	     18.06859257515198535771	     -4.45449465182622539317	     -7.26593320378442086849	      1.39430969836053386679	      0.32714972573954231860	      5.20119246322088812917	      0.15831237756605318068	    -20.92157796320120510813	      4.46767661464894239032	     -3.52282261379019834280	     -3.34458176146845564958	     15.78538721839503367050	     16.51209401132387810662	     -4.05640219274869906485	    -18.70813731050040829018	     -2.78193928924864897212	     -8.46080337578399088727
      1.83001461679603183441	      4.80894626100105249122	      2.44596492388539843432	      1.62273141028603640201	      0.58038086255298404481	      1.00716778591504629858	     -0.00762620336365172572	     18.07284245793648480571	     -4.43947284560248345286	     -7.25104956618444962402	      1.36295567617216795142	      0.30026521681093620852	      5.17616875672281118170	      0.20999745613455572668	    -20.96957757042663317293	      4.43697325179706769660	     -3.49213065421449675441	     -3.39100248884156307838	     15.78906534673322248352	     16.50729854630790072179	     -4.06807685618006065198	    -18.71184955114312842284	     -2.75320311023225539060	     -8.48041745670748525754
      1.83128451899875588360	      4.81705171183542280033	      2.43004993694721438402	      1.65591254722336578276	      0.58046670715427139964	      1.00701684967773652524	     -0.00756369876415904658	     18.08091525773900087870	     -4.41581444167937764433	     -7.22799563343428186357	      1.30921002028720834254	      0.24954530597888027743	      5.12535636307274877765	      0.30141678179529229897	    -21.03997206411638387635	      4.39063388103734286716	     -3.44757834324844081308	     -3.46174010431037171287	     15.78409405787901498286	     16.49618397980698958349	     -4.04441145483337027855	    -18.71661691048034015239	     -2.71033915493111443595	     -8.50751704496006233569
      1.83257379605301928827	      4.82381513529345085090	      2.41392214436535423872	      1.68709903646663073040	      0.58055693338618308275	      1.00686487343781827519	     -0.00749269677584390829	     18.09326774733107612292	     -4.39101640471366216900	     -7.20314857122862495231	      1.24465149607126468467	      0.19062254184949306568	      5.06428990533941103536	      0.40670987911987360741	    -21.10857443934387234208	      4.34424481603587242518	     -3.40445729069657510024	     -3.53656876765601602131	     15.77712084844840489950	     16.48214745260558444784	     -3.97870396513802671024	    -18.71936912485470472234	     -2.66816813422048149107	     -8.53155133619718064608
      1.83399197672882330323	      4.82830472667491772398	      2.39714206829294518286	      1.71765581596974525880	      0.58065877183258784999	      1.00669644201478236667	     -0.00740469054238464871	     18.11393604781277133497	     -4.36378976849623168022	     -7.17444721171462962417	      1.16023504816213862689	      0.12725795123463992664	      4.99837637824232317030	      0.52239326400525953886	    -21.17891651886494130963	      4.29530054901878255436	     -3.35997492119871399296	     -3.62384379164087677694	     15.78274015369448690649	     16.46665072997342349481	     -3.88767764195743037448	    -18.71868931335767882729	     -2.62464520283326407935	     -8.55339953790020501856
      1.83553193016225590917	      4.82902058109868903557	      2.38051525421000542693	      1.74623945674084546376	      0.58077156966146092909	      1.00651040302943894922	     -0.00729738610631622958	     18.14604081992262152312	     -4.33500640754867738735	     -7.14316549058554883800	      1.05121863230078238516	      0.07282853985615155012	      4.94486914153156220664	      0.62913289248822101829	    -21.24812519172884961449	      4.24519131846099728733	     -3.31533385632072086224	     -3.72568629998292744077	     15.81767852614412639412	     16.45323539172891358362	     -3.79446266703597734349	    -18.71296390164820522273	     -2.58127953749136107575	     -8.57176841010202750226
      1.83731958949188745045	      4.82487826340042769147	      2.36324939853581073024	      1.77379614883609670883	      0.58090470008489936138	      1.00629072923841000886	     -0.00715840367072312963	     18.19551727265163876268	     -4.30295380363756319042	     -7.10875625446953218756	      0.90132522116060975748	      0.04169689945153983585	      4.92464969981447620029	      0.70768625739441703981	    -21.31945793693213886399	      4.19078375577967143784	     -3.26839857195046867844	     -3.85331681888842991768	     15.89939435133052825222	     16.44506878640457259166	     -3.71147736275212558610	    -18.70052069709783992835	     -2.53568071651772086739	     -8.58668911488836350543
      1.83919136975616237528	      4.81651292650870033185	      2.34703548070537948433	      1.79661641107411829132	      0.58104616863214242350	      1.00605931470972231878	     -0.00699733191504808491	     18.25920481250523152994	     -4.27068790206385084929	     -7.07559994599804298332	      0.71799636059131932697	      0.05202276362493717110	      4.96137588285300434876	      0.72615006521913172399	    -21.38592580779381435718	      4.13738695389726185425	     -3.22534764434619569684	     -3.99621035046220862696	     16.01642577630448371906	     16.44502568883113369225	     -3.64635302976090347471	    -18.68294395999226154004	     -2.49242790258598878594	     -8.59558333171192145983
      1.84005163756312639656	      4.81182220244315761448	      2.34003529206094329496	      1.80508226248637648759	      0.58111177998395668887	      1.00595344820994103685	     -0.00691812572998077701	     18.29187495070999958102	     -4.25608655932447099701	     -7.06094071164478087610	      0.62497679308214781901	      0.07028775773943476968	      4.99707277274664463107	      0.71354823861812610719	    -21.41437064487009322988	      4.11381822484465686784	     -3.20789851545216952999	     -4.06441788803335679603	     16.07386221385068836298	     16.44746293412251247901	     -3.61823584397033304327	    -18.67396497354093654053	     -2.47377327534323487868	     -8.59746153095120568821
      1.84173937080998983973	      4.80177659225865838266	      2.32644343844622270012	      1.81831443503212630830	      0.58124149228869337325	      1.00574811358885751744	     -0.00675406070341999943	     18.36106157343723310760	     -4.22704437133608479371	     -7.03193704280503606441	      0.42765220747474602669	      0.12132112093859068191	      5.09023694584925845419	      0.67002145393834822151	    -21.46726947710093114097	      4.06848969146436179045	     -3.17789432981008657109	     -4.20184899462655270241	     16.17924511448904212330	     16.45545297374391680023	     -3.52403383870299125036	    -18.65556559824707250073	     -2.43838306029664098062	     -8.59744609317999675113
      1.84349197225822902801	      4.79096425358790423132	      2.31075527069943831293	      1.82800279969416923365	      0.58137809767129078331	      1.00554001796340641839	     -0.00657370017207639223	     18.43806830378950678551	     -4.19428664919437377279	     -7.00011803812350752452	      0.20535823358113911019	      0.17429656302632159925	      5.19541961316439149243	      0.63030774018440671735	    -21.51929148819958825811	      4.02063630571402796932	     -3.15271155606198982824	     -4.34834805483114994473	     16.26544647074732097281	     16.46704529772367209262	     -3.34638908671901980085	    -18.63623816063737237414	     -2.40086496602605592443	     -8.59273627706277487448
      1.84514611600817080017	      4.78127932461349480775	      2.29303136239973515131	      1.83437006583498840584	      0.58150932675445743403	      1.00535033359272185649	     -0.00639681150920748832	     18.51325735382380699434	     -4.15926979334353230655	     -6.96752054947899335247	     -0.01654975021960452750	      0.19927784207795029570	      5.27441162599361046404	      0.62906265277083228682	    -21.56679442542818492257	      3.97292232848847515214	     -3.13409196890840346938	     -4.48939304456754761929	     16.31891874974622069772	     16.48002704799591811025	     -3.10824639990131190714	    -18.61877361508312844762	     -2.36256982372709867235	     -8.58490283400537812497
      1.84706108465838614308	      4.77173054770427018667	      2.26840310692426783135	      1.83976387852071776585	      0.58166427588141444982	      1.00514086378013289824	     -0.00618731700129296174	     18.60075737903742876256	     -4.11309656942719659156	     -6.92582330761003372999	     -0.28369890642062223218	      0.17279405034277037223	      5.31006746774855020732	      0.70389202618803892175	    -21.62090009227677711579	      3.91359301700026840365	     -3.11728830649035204559	     -4.65624033427241634797	     16.35240905663568256045	     16.49696663805989871321	     -2.77225661715063642632	    -18.60075565348169135405	     -2.31346153329830528378	     -8.57357134645512175553
      1.84898162142381927708	      4.76466733566337463657	      2.24002906739808205216	      1.84416655211501767653	      0.58182283035845827612	      1.00494258952039006161	     -0.00597533029613244154	     18.68745541386286035390	     -4.06166439939957513161	     -6.87967705897467673992	     -0.56046036557955203339	      0.07823009293736632452	      5.26914597598552880697	      0.86890913871940711477	    -21.67472363117781597452	      3.85023072437974711590	     -3.10356179649188224090	     -4.82852478102467230769	     16.37150226684032716662	     16.51568225618591156945	     -2.41246251122682808798	    -18.58603794544609399964	     -2.25939245658347775958	     -8.56188158503313800907
      1.85006883945108913103	      4.76194616688780580915	      2.22296939590879416571	      1.84645304282340760871	      0.58191393990655260193	      1.00483554468003188909	     -0.00585554770692361514	     18.73586848022662465496	     -4.03108702446992950286	     -6.85206661951878359673	     -0.72112080720594240457	     -0.00091927878726216566	      5.21344422409418051245	      0.99435420585308120778	    -21.70507828922570325858	      3.81330712864121856853	     -3.09645594705223858867	     -4.92876430247779317995	     16.38326795323362006229	     16.52679049995356663771	     -2.21664310121563312705	    -18.57944073006743224141	     -2.22721512824513867557	     -8.55585786363919531539
      1.85186941121581494230	      4.75945970059688416853	      2.19393970643181068780	      1.85087054826731378654	      0.58206726345580328541	      1.00466617747824993323	     -0.00565999780484766589	     18.81483191825794420993	     -3.97964308188751525464	     -6.80691414780853243371	     -0.99389178422598856155	     -0.16171433200101714700	      5.08518310660438199733	      1.28551220713399172446	    -21.75500394790802616285	      3.75112502482170073748	     -3.08377869390996028898	     -5.09976700464914944888	     16.41115168648947175711	     16.54505661501155699966	     -1.89480303406564831725	    -18.57130702777308428608	     -2.17197670522355545941	     -8.54833919745652970335
      1.85393789830101707317	      4.75923655353040242488	      2.15917585304650216926	      1.86158534951301835036	      0.58224914613818301579	      1.00448315777699082041	     -0.00544736824216710946	     18.90265043416915702323	     -3.92134553612715253124	     -6.76582863110123167161	     -1.31751362868482213564	     -0.35713405362159400536	      4.92666706446068403125	      1.72272349571014204983	    -21.81093280087884522800	      3.67638398453682757605	     -3.06309572829089660218	     -5.30506594860381319734	     16.46280532371952887161	     16.56464995082398061754	     -1.53002413195978714811	    -18.56559815241224598026	     -2.10394822717788443356	     -8.54810125496767092557
      1.85569464450606513850	      4.76119828537473122054	      2.12837286280272941497	      1.87769645610434210425	      0.58241100028349801487	      1.00433715527193112571	     -0.00528099884519674708	     18.97402746782671911774	     -3.87395031413715251745	     -6.74671601438032020326	     -1.60203953316508074245	     -0.49312097184668773897	      4.82990196257843962258	      2.10646739963044327126	    -21.85750290220129343766	      3.60934581514739649677	     -3.03857352971072858239	     -5.48634712479742425728	     16.52188209478649483231	     16.57889582142835038781	     -1.23534758014444179253	    -18.56341735122590108631	     -2.04157959909221675687	     -8.55702245112536097338
      1.85773856968013539870	      4.76573060837581863325	      2.09132388654304657294	      1.90414266595571790575	      0.58261121721405673135	      1.00417737325078371136	     -0.00510430300027685854	     19.05347895895686249901	     -3.82230454973911548677	     -6.74525811307341172096	     -1.94589510296367640407	     -0.58250260757188410121	      4.80960954972429366450	      2.48663325270392254751	    -21.91149159248388045285	      3.52778543967190838515	     -3.00291149378863009289	     -5.70292882114209920275	     16.59810677562537506446	     16.59145876613048642412	     -0.91101052178860708608	    -18.56313396802796944485	     -1.96411368890202253645	     -8.57722871489274396595
      1.85998632596903656911	      4.77228151032621017436	      2.04914497829779262972	      1.93953637660093369810	      0.58285050473923716297	      1.00401179688785879840	     -0.00492718796507596053	     19.13790753040191461309	     -3.76938558107853172174	     -6.76490231020838450604	     -2.33983008898985422874	     -0.58971267115969727701	      4.92493563222671415502	      2.77101263538674702502	    -21.97121609535083308629	      3.43504918035776851681	     -2.95900598458820596193	     -5.94410573599695890579	     16.67346924228417748282	     16.60021330742888423515	     -0.57014866970369093568	    -18.56336597459990045422	     -1.87388576206238433031	     -8.60773341455553619994
      1.86127916910719060084	      4.77617774896259650319	      2.02373914039882452087	      1.96127679919271069586	      0.58299892089635274584	      1.00392040975718521700	     -0.00483085922568425932	     19.18558458682323575317	     -3.73926320778895115993	     -6.78072803839587656682	     -2.57208533877826628355	     -0.56860792235474655332	      5.03032983291221924560	      2.87610759840364416107	    -22.00587438303350396041	      3.38036394639408355189	     -2.93336528309975941298	     -6.08258638537508833366	     16.70709021123036919221	     16.60374377584903982097	     -0.37079200364365999532	    -18.56267532280661924915	     -1.81963852680655335803	     -8.62709964240986870720
      1.86292979293180627209	      4.78100232696690863321	      1.98985595852737451317	      1.98940334964572818066	      0.58320059985596606200	      1.00380768967639033562	     -0.00471052479211295748	     19.24547609746826637434	     -3.69938491596413010498	     -6.79881132764006235192	     -2.87169066268527961583	     -0.54608679392110826001	      5.15158447293864618644	      2.97675426636529483204	    -22.05060480025359126444	      3.30914500168810388203	     -2.90100307711839811020	     -6.25817409820292169798	     16.73731666739634604824	     16.60784613076862825665	     -0.09708870474046153720	    -18.56034718589050669380	     -1.74821213100383943129	     -8.65218446040700861488
      1.86451394122254154873	      4.78451788090436380685	      1.95655094761547654336	      2.01617841651718165963	      0.58340708569523080929	      1.00370249429983537937	     -0.00459572875608746986	     19.30270719235088705545	     -3.65981640396006646654	     -6.81207563052285092198	     -3.16019681513033212639	     -0.55157125441462417914	      5.23382432955785148465	      3.06497027238101615865	    -22.09305332883018024859	      3.24024444735346550672	     -2.87078820390483624436	     -6.42547222299298326220	     16.75495505026093567835	     16.61275999153776794515	      0.17654981211189865742	    -18.55537723248065873349	     -1.67865937864854286588	     -8.67584318938563825441
      1.86627722075568835969	      4.78603157764432118881	      1.91934623638306534055	      2.04578505409030464435	      0.58365179104076048144	      1.00358751973208515373	     -0.00446742561506650523	     19.36680647294856782992	     -3.61475872863391822776	     -6.82173810137904368389	     -3.47966344290286944130	     -0.61136399012494324623	      5.26606336072820457872	      3.18491631190129576012	    -22.13834624616892199356	      3.16364152530666453700	     -2.83782213711759201402	     -6.61099348167910072505	     16.76790036547832229985	     16.62110999508375641653	      0.47688212076670716266	    -18.54530677345359634955	     -1.60126522949970628851	     -8.70142237269721263715
      1.86855477072299058783	      4.78356088319272210185	      1.87159505316864493984	      2.08529279462061589712	      0.58399116195348188540	      1.00344198807134832307	     -0.00430124976262396142	     19.44975908782075180170	     -3.55584534333313406762	     -6.82958406022779573874	     -3.88617337793744743735	     -0.78724624042468349661	      5.20277684958531061454	      3.40309181455271270167	    -22.19255392460565090573	      3.06469343129426352590	     -2.79450650493892727155	     -6.85103241559246267656	     16.78658775984142437210	     16.63853147853710368054	      0.82845170096212905619	    -18.52425038302128967871	     -1.50187628675440065784	     -8.73396865393401888866
      1.87008726980561745812	      4.77927973007180639797	      1.83965727790974309386	      2.11421750819686771194	      0.58423448820532242198	      1.00334670339324349975	     -0.00419057372137129035	     19.50474917057206880600	     -3.51645251660754043499	     -6.83562572565474546593	     -4.15482572826607299277	     -0.96089646297414788023	      5.10132773698927799444	      3.58877580682295693748	    -22.22620254447363663530	      2.99750150943095405864	     -2.76334627040332225789	     -7.01351734157194961483	     16.80382139606200908588	     16.65412250553199058345	      1.03117451134967819115	    -18.50506934506506340199	     -1.43508854962982290715	     -8.75644912392631269427
      1.87211386689824155205	      4.77050831794671115205	      1.79891527960628194727	      2.15674015881320979560	      0.58457490221771146732	      1.00322421554337082306	     -0.00404799722412630368	     19.57608859477089069401	     -3.46809663737637174918	     -6.85342532264732628988	     -4.50610159292613055015	     -1.21197036898934817906	      4.96973069500181274805	      3.76768437704547753953	    -22.26705884782450084458	      2.90877777848372343072	     -2.71769210171142638899	     -7.23009163131491217058	     16.82868722071185985101	     16.67615785892531476975	      1.27142585270159469424	    -18.47356529747316500334	     -1.34790319380575795982	     -8.78796450628154346418
      1.87415700407401941696	      4.75729728403234464196	      1.76298558797475313220	      2.20286470591722949308	      0.58493865457722671319	      1.00310269583440536678	     -0.00390633477517862530	     19.64860089154592159844	     -3.42812792184025783015	     -6.88457378061228819632	     -4.86013228917697048814	     -1.43608504445733853316	      4.90671047343457900070	      3.77578388697601186053	    -22.30311240289483265542	      2.82378565773621570401	     -2.66634183360762211379	     -7.45038137172619308046	     16.84426129998028898171	     16.69362487881744883111	      1.50425191020416781917	    -18.43398097268021729178	     -1.26563276321034257066	     -8.82086867779798211586
      1.87638746419633895002	      4.73690453588080195857	      1.73125937730345569321	      2.25453896668416486904	      0.58535737999627823758	      1.00296980168856997295	     -0.00374928394070089691	     19.73154733631256974036	     -3.39571793255496423569	     -6.92866171260844865287	     -5.25183709328718961729	     -1.60690341172724071583	      4.93766900879735270991	      3.57368104842275746691	    -22.33527244773758724250	      2.73864943941953420392	     -2.60544184363115949310	     -7.69319052884290766059	     16.83914745981225280502	     16.70210154425855364480	      1.75984121781599900380	    -18.38097875110097945139	     -1.18483163612754038851	     -8.85604383181587984097
      1.87819663340638998150	      4.71529425229436949252	      1.71031848715635015346	      2.29644712052416233306	      0.58571188634306547982	      1.00286065110577982118	     -0.00361707028404326635	     19.80330651933075358784	     -3.37632086419334287442	     -6.96784660098430119746	     -5.57568370662765566692	     -1.68053983200825918232	      5.02998466614361472438	      3.27262810408808180185	    -22.35488661574164481749	      2.67471009052807495721	     -2.55374783343833655636	     -7.89246689623865016472	     16.81855901543180564772	     16.70130234410661884681	      1.96508936139458234571	    -18.33013149865955782047	     -1.12548991585264235304	     -8.88264881419689267261
      1.87998934712574783390	      4.68940594631287588356	      1.69181682516383879999	      2.33771652491166648247	      0.58607466533961793953	      1.00275136059423219947	     -0.00347976398105123144	     19.87866110552193532612	     -3.36030636292118156661	     -7.00607710478904976981	     -5.90154807436466466442	     -1.71025198524708144099	      5.15487235364140872207	      2.90421188248119133135	    -22.36812260415509712175	      2.61368499457411251896	     -2.50187023183217505107	     -8.09269605614264264659	     16.78898147276346008994	     16.69678853490705705553	      2.15747827021622784471	    -18.27299579408801122327	     -1.07007251960255356238	     -8.90641967420937774591
      1.88154721807032498937	      4.66380432264393540720	      1.67593821695032474395	      2.37314578885734306368	      0.58639799720850915854	      1.00265644190786695766	     -0.00335383443858799793	     19.94704166431366942902	     -3.34653864403231970925	     -7.03610948713113959485	     -6.18757202048170906750	     -1.71777339782624927089	      5.26537667923290086947	      2.54228449213940121965	    -22.37487433035813566562	      2.56073507957334767227	     -2.45761930935996142367	     -8.26931503576273208012	     16.76133724486920328900	     16.69305061281701441089	      2.30997781343376473728	    -18.21860854601315438117	     -1.02291632521467112937	     -8.92428810527703397781
      1.88364053978653123167	      4.62777810631437702682	      1.65286798503006204797	      2.41833934203347489245	      0.58684232590915819117	      1.00253393211611907532	     -0.00317199200934208374	     20.04014035816961580849	     -3.32458376028709823302	     -7.06757874113934825289	     -6.57356531607852634380	     -1.73390246174296569492	      5.37704291649594701141	      2.01773046731700889111	    -22.38010410791918758378	      2.48799336186501829360	     -2.40228476601664242551	     -8.51023427369314511282	     16.72765798312176244167	     16.69182378410810585478	      2.48801745070500013313	    -18.14216986932148145684	     -0.95896483274124300067	     -8.94215725873473665786
      1.88587311964124237917	      4.59006196379445974287	      1.62477205837420468626	      2.46273556284401040628	      0.58732533282991827850	      1.00241483908221895582	     -0.00296169629795904393	     20.13787435418731774917	     -3.29449951166674548375	     -7.08855555964846928418	     -6.98340179446134001751	     -1.80536424908179782278	      5.40913869065919872270	      1.50756695933518658492	    -22.38304446627350685617	      2.40724428163052905916	     -2.34919930203974747229	     -8.77285258810147183794	     16.70033642713768173849	     16.69608463668302178462	      2.63766040633051934705	    -18.06006216889538507075	     -0.88830188673726306892	     -8.95303676707363393916
      1.88776518775067536637	      4.55883415519641133073	      1.59881926990493128393	      2.49744610551004919685	      0.58773897489910142955	      1.00232392720793050955	     -0.00277150941248792589	     20.21964192263904180891	     -3.26441146811786175874	     -7.09722414917342714347	     -7.32821379854180676716	     -1.92892405066560224114	      5.35289675613734772242	      1.16537266733055644430	    -22.38249043328131548947	      2.33702085553735061652	     -2.30777779669829374853	     -9.00197890460985661321	     16.68396721689515871390	     16.70227723222387794522	      2.73329442954258849952	    -17.99070924373908297866	     -0.82685491046318748687	     -8.95678514980989071148
      1.89001050777863865981	      4.52146254579269157858	      1.56770154668586569890	      2.53559934999919489584	      0.58823150557185477361	      1.00222606404019809467	     -0.00253393335949094736	     20.31778547122936373626	     -3.22654839983244290380	     -7.10004177448805950945	     -7.73654318413240904562	     -2.14159957400950373696	      5.20289989346256565028	      0.87616251871050254696	    -22.37551023535450767099	      2.25396787697394929140	     -2.26057990014183252114	     -9.28426343826256861291	     16.66475658229927958587	     16.70828933748974520768	      2.82398064297147621815	    -17.90794533603159521817	     -0.75416194393620006320	     -8.95683131805767018818
      1.89175596856192140827	      4.49164155851092239402	      1.54475550573641684515	      2.56389539800810828396	      0.58861376833251966012	      1.00215650288153579339	     -0.00234331014324774996	     20.39602348733850689655	     -3.19847043187316248947	     -7.10145759607423965321	     -8.05565232506327255635	     -2.33286218491602026504	      5.05990847472499627457	      0.71874382754444843258	    -22.36385889359035772372	      2.19097485091684207603	     -2.22368819977845566527	     -9.51313772578637006916	     16.64451063182490031522	     16.70979223394706281169	      2.88743444769575718922	    -17.84299738679163027655	     -0.69897597124496813059	     -8.95555851225881305311
      1.89343612656143056583	      4.46358439981125432183	      1.52377765804629428104	      2.59263389652019116127	      0.58898059993165385873	      1.00209733410198764680	     -0.00216033680834936065	     20.47072761097655657636	     -3.17448106636179083750	     -7.10860501521164778183	     -8.36441487947039163942	     -2.51216014812508303677	      4.93911133189033080271	      0.59256981030651489917	    -22.34824032579805574983	      2.13081548120772934496	     -2.18564366905282847497	     -9.74223124787476635333	     16.61830313590116503519	     16.70812742562116781642	      2.94738852504467541138	    -17.78157908720971391858	     -0.64599485406501466755	     -8.95625302057610817030
      1.89519837628953724540	      4.43767986893466481746	      1.50200296530691934649	      2.62631512155646440476	      0.58936430143925977454	      1.00204828589839833874	     -0.00197296952343845337	     20.54443243670964136527	     -3.15266565643265472829	     -7.12628673775460885764	     -8.68987587921587767426	     -2.67090880955423815024	      4.85819374784919144616	      0.45354201448481218373	    -22.33021886014634560524	      2.06644547188560823159	     -2.14186414584060269561	     -9.99154878374443633504	     16.58235172058349959912	     16.70391670306156939318	      3.01190042071410646329	    -17.72154407934869979613	     -0.58862819038329072807	     -8.96096938061645253981
      1.89752415679777897140	      4.41344408415738431728	      1.47200504621890382317	      2.67692036356591067658	      0.58986956785728705821	      1.00201084147329844143	     -0.00173508708818966863	     20.62913400653667750362	     -3.12794689166120454260	     -7.16666143775380959369	     -9.12310762018867471568	     -2.80561531330469682288	      4.85533124991356057620	      0.21772568157318725190	    -22.30918623436872749721	      1.97740516539033417409	     -2.07873825874103257405	    -10.33343469938933978369	     16.52545235864037920237	     16.69788917720109466813	      3.09384135492559497749	    -17.65409420000456819366	     -0.50761870712596157684	     -8.97406681557642293967
      1.89960383846982527878	      4.40345520623778075020	      1.44321638299775534264	      2.72601875703739171541	      0.59032046346368527434	      1.00200648028932359779	     -0.00152915267941643304	     20.69126221941890975131	     -3.10796844625085455505	     -7.21374647098287447022	     -9.51575822151926331571	     -2.85195378022080747726	      4.95561435996973198570	     -0.04987565350703973555	    -22.29610242530382890891	      1.89371384095856765128	     -2.01989437955778239342	    -10.64996908089243810025	     16.47056631785677893731	     16.69547960376019801743	      3.15597060849083055345	    -17.60737383845239989455	     -0.42952111362903505620	     -8.99061138059333231354
      1.90106736506110873819	      4.40288671981245638420	      1.42176427792735493583	      2.76085359820792985985	      0.59063721037542737946	      1.00201938555967440259	     -0.00138530504305446329	     20.72818910235401546061	     -3.09381214929669656755	     -7.24783582956265259867	     -9.79547125196718759810	     -2.85748385807645366441	      5.06594832905028358283	     -0.25345908358070284860	    -22.29042533061390685134	      1.83310742574424589968	     -1.97907372329517161624	    -10.87807159874481754969	     16.43217071282808916521	     16.69677649602246560789	      3.18893702400878176206	    -17.58194284057293899082	     -0.37176514957960254959	     -9.00332969155135920403
      1.90313980871102272907	      4.40943304614751774295	      1.38867884250583073502	      2.80896229797407359641	      0.59108575286073850030	      1.00205740017853051071	     -0.00117993885483905474	     20.77330907848575236585	     -3.07065228181946414665	     -7.29033446506927251818	    -10.19511805816232907773	     -2.86349356754503769906	      5.22298502818031806783	     -0.52153860478896096886	    -22.28578509771616822377	      1.74443441711948499240	     -1.92407827754945959242	    -11.20823487965344256168	     16.38098418653510535137	     16.70364262191716520078	      3.21420786889180165602	    -17.55420218982506241900	     -0.28560465763801307082	     -9.02100636015082812946
      1.90526119718289344007	      4.42281386525596520443	      1.35278706554412675445	      2.85514195911659829363	      0.59154580478283735889	      1.00211704974191362361	     -0.00096471886748058556	     20.81356707877856138111	     -3.04301763596194296824	     -7.32138686145837613850	    -10.60704740472302987087	     -2.90160676548315965562	      5.33767048226281559664	     -0.72378293256753767348	    -22.28285033174530127553	      1.65226477696327656020	     -1.87135522764112205429	    -11.55481223482504660183	     16.32616153498694444579	     16.71366137940175278231	      3.22490625002038644453	    -17.53319801064283822711	     -0.19444601480752024547	     -9.03712963863508278450
      1.90737213762220547686	      4.44119456166923587404	      1.31756342509942325769	      2.89710266386055659282	      0.59200567199758791226	      1.00219504030032990904	     -0.00074388377627225934	     20.84932762130203443007	     -3.01328410697030202314	     -7.33717550734995871409	    -11.01819304799564669395	     -2.99281902038813596434	      5.36734260292533882364	     -0.82074089751066514609	    -22.28001279644871601704	      1.56230177984134366298	     -1.82117170058258071030	    -11.90832537680843472572	     16.26064182800271140650	     16.72151743011969315944	      3.23458638463587799805	    -17.51778207387553720764	     -0.10434196308560561572	     -9.05034864665826788155
      1.90938225670053629557	      4.46270291407380348403	      1.28576082950436521024	      2.93468461413700643092	      0.59244736150108923134	      1.00228584436889600617	     -0.00052970072544268620	     20.87911892303933925064	     -2.98470182350842749841	     -7.34133358528227741857	    -11.40938397028199169370	     -3.12714894101185381103	      5.30498122483914791303	     -0.81710257944679975939	    -22.27649376198229091983	      1.47925979793071915580	     -1.77295498446360233480	    -12.25315910027376631319	     16.18310794700050081474	     16.72366573035073145093	      3.25187889438540445042	    -17.50716096245127317843	     -0.02048883641456194366	     -9.06126099328186107584
      1.91054865458362277408	      4.47680601188134463797	      1.26811265441567555534	      2.95657362018194769249	      0.59270629991579737439	      1.00234573664627757417	     -0.00040575603746125476	     20.89407254216389375756	     -2.96869343584849332274	     -7.34176562439141822125	    -11.63583382046377856511	     -3.21848521700775247467	      5.23441590815990842600	     -0.78248608009694986531	    -22.27378617759438483859	      1.43190727544210094635	     -1.74360167906790963777	    -12.45710353565721284497	     16.13139897594438210149	     16.72217133365666796863	      3.26588908500193397799	    -17.50246144307040196963	      0.02751264872881463430	     -9.06769877559029602310
      1.91226545585580343101	      4.49883279083628462303	      1.24408234745633072826	      2.98984687238005841792	      0.59309192846200342597	      1.00244168053221316406	     -0.00022647452504600250	     20.91364770423937002874	     -2.94863566589169989740	     -7.34540206814523255474	    -11.97000736047513669291	     -3.34158775005391950330	      5.13846452577537249340	     -0.72803603286044404896	    -22.26775639281320451346	      1.36405127681391236116	     -1.69760496149539941158	    -12.76295886642096455432	     16.04945319882980570014	     16.71647122368074889209	      3.28535244739554954663	    -17.49632176500827185350	      0.09655191854061259682	     -9.07820095988238762175
      1.91408721971887074709	      4.52120502269840418563	      1.22286661154347875424	      3.02528586353270556586	      0.59350742206650275445	      1.00254847519643974785	     -0.00003859264372920411	     20.93489433934331955811	     -2.93393500547918106847	     -7.35233485747177706315	    -12.32842338472737786503	     -3.43661224319208979949	      5.07021947063430822311	     -0.69386657282156127824	    -22.25558658386023225262	      1.29695772842083734133	     -1.64535375008854201084	    -13.09596106408817206557	     15.95820532928574309040	     16.70555450537513308973	      3.29961061473301153768	    -17.48773768285624186092	      0.16511183937596898841	     -9.08967197739638166354
      1.91626394058472349080	      4.54261716716828267693	      1.20454964149726917455	      3.06490982180778237520	      0.59401320495158016488	      1.00267504950683106202	      0.00018753129341156111	     20.96650627853407300449	     -2.92583100967609865961	     -7.36014902522685066089	    -12.76505501050981372657	     -3.48399817356328567186	      5.05168393895201539578	     -0.71118521399000855787	    -22.22871573462984429170	      1.22604951964263153563	     -1.58043632404430356431	    -13.50676427746916274941	     15.84825726930503897449	     16.68714975974567948924	      3.30177244586133245008	    -17.47001549848421220190	      0.23798406530127341751	     -9.10092106491957864023
      1.91799889950323043664	      4.55442042705151450832	      1.19436356369297014268	      3.09294312044900543412	      0.59442466561177864648	      1.00277276423859262877	      0.00037194884015241030	     20.99782466006117687130	     -2.92487439307161078972	     -7.36316132958344660153	    -13.11931406216831241807	     -3.47195413605794600542	      5.08797709502664208259	     -0.77151809389870085187	    -22.19644854409114032023	      1.17613098676338401205	     -1.52912175444816744729	    -13.84480440245466326132	     15.76309399033059577278	     16.67100856549456011635	      3.28792699549605993425	    -17.44857636385988897132	      0.28955173106556164608	     -9.10595930836108813367
      1.91973648660990336978	      4.56239460406303365403	      1.18574887574376730548	      3.11759194668712824594	      0.59484531358585690519	      1.00286920679597146844	      0.00056177741468178225	     21.03290350924494944707	     -2.92567296897154704993	     -7.36209877544151325424	    -13.47687151999565102756	     -3.43133767837677083890	      5.16058052877151851590	     -0.85605594877463841996	    -22.15548283584730171469	      1.12942083546151672557	     -1.48028679337256474646	    -14.19252869641541359158	     15.67855469279314917230	     16.65657372193943075445	      3.26346650607370003527	    -17.42128871417982338698	      0.33782308079823469837	     -9.10632214754547675284
      1.92065794882803042576	      4.56556513512598538540	      1.18092557862552993697	      3.12931681778512782444	      0.59507220796743598434	      1.00292070822578627265	      0.00066494281416390585	     21.05208636452951509455	     -2.92551549854053405397	     -7.35936196569171574566	    -13.66621941952631580364	     -3.40735570227061090876	      5.20413156282513345019	     -0.89904406729887120786	    -22.13083094008232976080	      1.10491339136204791416	     -1.45609036629591903633	    -14.38048231980932101237	     15.63317827001671744824	     16.65054041149163310820	      3.24775127435221477867	    -17.40494724744860377541	      0.36303280030203832762	     -9.10433002476915298473
      1.92250240367241365114	      4.57096481089569284251	      1.16959894544840570241	      3.14855885750309871796	      0.59553411080972884495	      1.00302667496655706358	      0.00088055025177578600	     21.09005531683563461343	     -2.92066018550932682274	     -7.34474378010536987915	    -14.04150961890962534540	     -3.38501360013264518400	      5.24845464906384506776	     -0.93690594560360629384	    -22.07705376558918430874	      1.05539348654065023858	     -1.41364495654801891611	    -14.76327862071178920189	     15.53880183972381168189	     16.64313323478115691501	      3.21376055334896415516	    -17.36979783260130005829	      0.41345519306238248669	     -9.09407965941714913072
      1.92469899485525219873	      4.57921894587015199107	      1.15230587402795614516	      3.16404096842222415376	      0.59609633177858356579	      1.00316358018118534368	      0.00115381802086836761	     21.12974221158473042692	     -2.90566466998748618167	     -7.31340772104430136835	    -14.47876756099345385564	     -3.41313721133255221218	      5.22532958696060312320	     -0.88933045545920219599	    -22.00912654718526439979	      0.99433482581051491067	     -1.37446373616674022422	    -15.22951617981777872046	     15.41362523281700447342	     16.64227267037049884379	      3.17924222713474025070	    -17.32788048571847028256	      0.47469302307268962382	     -9.07101015206990268780
      1.92645128253839126309	      4.58953564666687441331	      1.13476893453270366585	      3.17318113579186844575	      0.59655277685820362610	      1.00328499317546704361	      0.00138047701731663659	     21.15326159345609724483	     -2.88699896644980524840	     -7.28361437575369929931	    -14.81828485417444341010	     -3.46793635034002001305	      5.16585695465711491892	     -0.79828275018245542505	    -21.95370743913758815324	      0.94214934728931776231	     -1.34986262404404477877	    -15.60999329150698677893	     15.30172164541138180027	     16.64650173134467792124	      3.16051013425506521770	    -17.29724004655429325794	      0.52636931531357533665	     -9.04695752142115061645
      1.92799651222188739297	      4.60150774481101798585	      1.11671883033694063769	      3.18094931829205052054	      0.59695969947500715502	      1.00340107664422251155	      0.00158306175151129414	     21.16737982212140423144	     -2.86710445932710866757	     -7.25806493811982278430	    -15.11126551138523410600	     -3.52249364875873149927	      5.10373085665605241701	     -0.70588907922485677471	    -21.90324606348896452346	      0.89312554983293557243	     -1.33059863025382041357	    -15.95297061213267575397	     15.19566729422815498651	     16.65211377336414599881	      3.14896976496035208015	    -17.27262951746082819682	      0.57455601084214757979	     -9.02410418749554388285
      1.92978477869884623708	      4.61747654941679375185	      1.09360794920151671583	      3.19117170794048732319	      0.59743390135688811959	      1.00354352414750369604	      0.00181766014965924704	     21.17743160798591617322	     -2.84216831461722607699	     -7.23227964174767379291	    -15.44460434132978932098	     -3.57145649907767781528	      5.04271252419919857601	     -0.61622653500683255423	    -21.84067859688846269250	      0.83339733798852955182	     -1.30875737273909509284	    -16.36013970137565465279	     15.06565199866682824847	     16.65840951077559140003	      3.14035591406296088479	    -17.24582666112023332516	      0.63299016478132918984	     -8.99801511354505123563
      1.93119737339994279601	      4.63040529012415191801	      1.07432256397731551445	      3.20091632206699694407	      0.59780946868280326889	      1.00365975952637609403	      0.00200162898024673326	     21.18229713114055101641	     -2.82236860205788753220	     -7.21579839793926502978	    -15.70495732753903439516	     -3.58818476558555810030	      5.01402438341743561523	     -0.56969423341634739533	    -21.78605061566301159814	      0.78455152445907483383	     -1.29054329160583347580	    -16.69062934106447571025	     14.95940385475751988054	     16.66186329977753288745	      3.13431477723148654846	    -17.22468580317237041299	      0.68065105255559110731	     -8.97893438149699463224
      1.93359397758402984380	      4.65265389247464433709	      1.04059856533934036449	      3.22428992523733182196	      0.59844378879267712268	      1.00386381098988941574	      0.00230555404220688731	     21.18442815852004557087	     -2.79129359616242478381	     -7.19914223597724056702	    -16.14115526362112618131	     -3.56603416838361031438	      5.01384284678672376145	     -0.52933322289853568243	    -21.68069885465311941175	      0.69830909701247900756	     -1.25387138080250704064	    -17.27198600926736915540	     14.77781117749961836694	     16.66380453472278944105	      3.11609780144299053362	    -17.18923445493934565320	      0.76441345753049871892	     -8.95395914725775199372
      1.93525307554289227596	      4.67243986971856628543	      1.01548876095922069318	      3.24829804833932156427	      0.59887774524958492517	      1.00401726708704730484	      0.00250632644450726576	     21.17541873695015297585	     -2.77106599971041722696	     -7.19895638505510682137	    -16.43572598548031038490	     -3.52364871914785826590	      5.04200058523152705448	     -0.52065525703089055032	    -21.60212374907817434178	      0.63362446603153887992	     -1.22285129526384661602	    -17.69025955567673236146	     14.65265580024618330413	     16.66405029791935632488	      3.09526370853872423439	    -17.17015126969959126768	      0.82673456880945350722	     -8.94472324705408539103
      1.93686984044036725194	      4.69861480924249796942	      0.98819719531868333018	      3.27885370891260707893	      0.59929457153101006739	      1.00418225103820435429	      0.00269362649358357176	     21.15357435659517548743	     -2.75051109817172267924	     -7.20827030125525247684	    -16.71350950971152826696	     -3.47793966069688398335	      5.07784711000872146514	     -0.50974730847593263672	    -21.52461281830599304499	      0.56437901846231774972	     -1.18870454483785104038	    -18.11007936953665620194	     14.53223909497691757053	     16.66572414132715707069	      3.06648120683912273066	    -17.16000885284811872111	      0.89298994589994307169	     -8.94260832848168618625
      1.93891170870086715361	      4.74266848213756819774	      0.94856795486797040873	      3.32650440003633063313	      0.59980993233023904843	      1.00441433404413693609	      0.00292077970114983532	     21.10607993854391750688	     -2.72085373836948063442	     -7.23067685413836525044	    -17.04863532698984229796	     -3.43885480909802421223	      5.11358174946682630946	     -0.46575901575451933434	    -21.42673287873504861523	      0.46695577776231300682	     -1.14238786507502942946	    -18.65708725762845787699	     14.38118770565018778029	     16.67172206478627316528	      3.01982151424856271049	    -17.16085262488993024022	      0.98562798490359271320	     -8.94816443667770755610
      1.94033207150767394999	      4.77952333302794585279	      0.91752228629086329814	      3.36406283169237019237	      0.60015947577134365343	      1.00458935471961030572	      0.00307525156593734666	     21.06173922709343671045	     -2.69677727060405825199	     -7.25043135145100947625	    -17.27138620334102725451	     -3.43528317671087002338	      5.12215075767245853200	     -0.40386123584618616178	    -21.35754208931878750377	      0.39303304586056386771	     -1.10986756822958754221	    -19.04850356609402695085	     14.27443694670617624354	     16.67857339601998134526	      2.98430545988270212732	    -17.16945604207045761314	      1.05562181771866669955	     -8.95580785960678404933
      1.94258817825525142986	      4.84427952247328619251	      0.86392395521891274246	      3.42805643463273668203	      0.60069743014910736978	      1.00488176679231266952	      0.00331877324051364428	     20.97906496898252015626	     -2.65360445343906459215	     -7.28401098890100140437	    -17.61230042473686197013	     -3.45056961269058470876	      5.12471893114145338188	     -0.28038684007373426699	    -21.24114104951378934061	      0.26832457493183514696	     -1.05942697446221800739	    -19.68886350729842149576	     14.09916494605003478569	     16.69180736025230871178	      2.92305853419685934824	    -17.19211745290842685563	      1.17339569253555131567	     -8.97152752398404373935
      1.94473363033805601852	      4.90545317679815262579	      0.81435726118055484779	      3.48860885338906623332	      0.60118681617565328246	      1.00516222470208460571	      0.00355503131677626164	     20.89832648927233194058	     -2.61239271882205370545	     -7.30969048443783808722	    -17.92930751280720969021	     -3.47092331539691212328	      5.12699799409887280177	     -0.15836617947202563661	    -21.11458730716269371896	      0.15076664100966105653	     -1.01336144859508769933	    -20.32071111489903003644	     13.91791069086613674699	     16.69958498520822942623	      2.87027538598250187007	    -17.21609528483456230674	      1.28385586353736869114	     -8.98692122209134858224
      1.94695110784877245536	      4.96045429843028617967	      0.77308306868388998456	      3.54616811418459754179	      0.60166655131248247823	      1.00544003364280776225	      0.00380993030831992948	     20.82486878016334941321	     -2.57795460144890808962	     -7.32238045517270208506	    -18.25761226112957658074	     -3.47815889271496425650	      5.13920062084585982376	     -0.05127951757350446282	    -20.95824237682685620143	      0.04192696305586415817	     -0.96669101902765397494	    -21.00014093179528273936	     13.70831438932987111912	     16.69442050935887777996	      2.83236996902178939095	    -17.23545423636905127296	      1.38488418984806083145	     -9.00074007669602593751
      1.94901989319262480826	      5.00198993250669055044	      0.74698986801008060432	      3.59541490520414219745	      0.60208882891325277154	      1.00568354559993222708	      0.00405690402552421302	     20.76847117137160836364	     -2.55744933305084209962	     -7.32288727398212557773	    -18.56691677533536832811	     -3.45700248984565527977	      5.16421886129763763051	      0.01388769822358241340	    -20.78582524496443539874	     -0.04435358035541176608	     -0.92225152190458270507	    -21.66006378354581585199	     13.49272234649769508508	     16.67637134447986824171	      2.81163324086536103863	    -17.24637766452840281772	      1.46310149774530318112	     -9.01237582503184775362
      1.95001081881028670573	      5.01896286108430533801	      0.73846111635101674420	      3.61839500595830232399	      0.60228249656337617957	      1.00579538465810292003	      0.00417705717926002487	     20.74471924667718170099	     -2.55168298711789010014	     -7.32120836901089688808	    -18.71560881649755359035	     -3.43526465096215360973	      5.17990159495121371691	      0.03142018987582523293	    -20.69448350504145750506	     -0.08117417000888671463	     -0.90022631900800620386	    -21.98523368601992444837	     13.38361494756239622461	     16.66442925147298836919	      2.80516760092971217944	    -17.24961407549148617591	      1.49561090548717801063	     -9.01818885393203828471
      1.95231504059947691410	      5.05320289304859926460	      0.72551145339905642739	      3.67227487087515003239	      0.60271273110787060290	      1.00604695587557313452	      0.00445930579955692262	     20.69373476743019324431	     -2.54534708570982459719	     -7.31708689336959494653	    -19.05830924218525623814	     -3.37867813770053082578	      5.20027577682370356627	      0.08042935725050741336	    -20.46263257706148763759	     -0.16005631850385040882	     -0.84863823797009152461	    -22.76331044685647952974	     13.12135184414400512765	     16.63492078080682290420	      2.78620896308447596468	    -17.25414331770335962801	      1.56267767539433033441	     -9.03305340281171176287
      1.95488456050938075315	      5.08171093734098100470	      0.72045243335336928148	      3.73168086806190979487	      0.60316431144711757373	      1.00631120549644004214	      0.00478243691556039328	     20.64466807101386436329	     -2.54720634628819020406	     -7.31303565656148979457	    -19.43394601529617560232	     -3.31996427840747054816	      5.18200730658839514575	      0.17456019849900786256	    -20.17216829470709882344	     -0.23895603326044048687	     -0.79499012925353806924	    -23.66494921019365449411	     12.81903066559749504449	     16.60496696380273817795	      2.74860704131318156485	    -17.25234252750615837613	      1.62466791267325705306	     -9.05015478375234216912
      1.95726632498826913498	      5.09530633279302946903	      0.72560052084583059884	      3.78309763866015469347	      0.60356180312824969647	      1.00653376053031751169	      0.00509470234230856561	     20.61142407225912975832	     -2.55806979458881533773	     -7.30765486813468445604	    -19.77832744929778030496	     -3.26242888226455507450	      5.14302000466726294547	      0.28341561222933564501	    -19.87050088881074216829	     -0.30124597427644883574	     -0.75213401008256419722	    -24.52985658557270554070	     12.52830522899821552585	     16.58028233520567695791	      2.69778689898038104289	    -17.23943924937331573233	      1.66743455347535163291	     -9.06459113407866290402
      1.95972921272739086795	      5.09738556589631208738	      0.73973646647241830809	      3.83146054407365310723	      0.60395778340297989750	      1.00674257399690758596	      0.00543216886060489054	     20.58764050946750856497	     -2.57753486046147495259	     -7.30104277065892226517	    -20.12991585442277653328	     -3.19424807801265187024	      5.10550887434081435146	      0.39740657558791375736	    -19.52892517768783164911	     -0.35551060252465060962	     -0.71628308616651670260	    -25.44907968448934454386	     12.21191541642401645618	     16.55742590773170874741	      2.63474976204642974409	    -17.21513465037962475890	      1.69750423329518662641	     -9.07737133097933046599
      1.96114839512077820949	      5.09486528829405038721	      0.75060034879722115075	      3.85748656052731231370	      0.60418148574107743976	      1.00685610578990059061	      0.00563289926728817447	     20.57606920574639985944	     -2.59131553998178842946	     -7.29806577781296184071	    -20.32900557934451057918	     -3.15228668295582137304	      5.09282039106664452532	      0.46713914963587566120	    -19.32108871606429190138	     -0.38378017654533291836	     -0.69959125690888546156	    -25.98848337874077429888	     12.01999202379753128866	     16.54564799934516372559	      2.59479886132986781178	    -17.19777540939956850252	      1.70992687962354250608	     -9.08394226403644999834
      1.96374093580278508142	      5.09216275853267230644	      0.77016585726052366745	      3.90436433561161955197	      0.60458523456578117106	      1.00706514710173911098	      0.00600789644705052896	     20.54624012793294340895	     -2.61591018732700097971	     -7.29958214800377458431	    -20.67958945646477886271	     -3.08081318199226972254	      5.09069340409577808515	      0.64787796323386703801	    -18.93084485760788382436	     -0.43745618136326480663	     -0.67716259531168931929	    -26.99055666065539327292	     11.65138120742307314970	     16.53020317740429945275	      2.50468575489289424496	    -17.16897685797077954817	      1.73069129985965508567	     -9.09568080585349214573
      1.96628346636116746460	      5.10097763148360971996	      0.77782031433017495559	      3.95256333356443168014	      0.60498116896284048760	      1.00728609441620897691	      0.00638245418529527746	     20.49272291806158463601	     -2.62720220238276924718	     -7.31625883521055442316	    -20.99918034473390093808	     -3.02190882858551823631	      5.10972528421544414101	      0.87958988480435329471	    -18.54639880809309104848	     -0.50722595899898892391	     -0.66989958845843144974	    -27.98894883964441149260	     11.26627678023278811281	     16.53016623563114251283	      2.40119014098524452550	    -17.15287044399808635831	      1.76268876821523545750	     -9.10663481184905876376
      1.96880500192121488112	      5.12018556173726402392	      0.76740463408797521261	      4.00104694700343710423	      0.60537848735646038190	      1.00751727287136350064	      0.00676252686008293417	     20.41720432613104563302	     -2.61734868511537710489	     -7.34470214004374089001	    -21.29264362158154710869	     -2.96638586513332747074	      5.13964546647507258825	      1.13218141924433601808	    -18.16403065576208675225	     -0.60037673590587192773	     -0.68256052155610591470	    -28.99084405235676697998	     10.86135934161303318035	     16.54578439809096579438	      2.29006703246742349123	    -17.14648798306622623500	      1.81302022807126039794	     -9.11401680706074834859
      1.97029861541331086094	      5.13368463165868682552	      0.75311626767407802152	      4.02794056331378502733	      0.60561680891940972149	      1.00765418045919408208	      0.00699427752019172143	     20.36647429916243012826	     -2.60113784603255604466	     -7.36272029944846462257	    -21.45830917295586814930	     -2.92829538848389470118	      5.15854352317469722067	      1.27765451690409603813	    -17.93449118779751927377	     -0.66547161864253978614	     -0.70072949297791642387	    -29.58879490909802711940	     10.60841691853386592470	     16.55906156794891614936	      2.22554093450017909106	    -17.14383253900559012095	      1.85045547010917355024	     -9.11507618074779557560
      1.97275152241378926021	      5.15253145696744674353	      0.72046143250569083527	      4.06752246846855669560	      0.60601084719751363572	      1.00786623598937086221	      0.00738709915071026225	     20.28357955028618420101	     -2.56174464621789654828	     -7.38884034616066642798	    -21.72282706016184761211	     -2.85369867512149522071	      5.18675205317051712939	      1.56050162913984746815	    -17.54387096845061577710	     -0.78281198002070240261	     -0.74606740433378981869	    -30.58214370742693688499	     10.17444657283731679343	     16.58092176753101654185	      2.10138897115954037531	    -17.13388966411208258478	      1.91893916536428332797	     -9.11149510747731383731
      1.97529299534511859626	      5.16673352089777182528	      0.67791060393016444596	      4.10362587596302486048	      0.60641990188425298758	      1.00806641339420388626	      0.00780802093122881947	     20.20009613053809616190	     -2.50833213805272636776	     -7.41127022623518438849	    -21.98876929083978026824	     -2.75932607492973236418	      5.20780643905349815981	      1.91571289477444839378	    -17.11991659910688312607	     -0.91493074759829762232	     -0.81044323517500760357	    -31.62573778605412044840	      9.70239390996189499106	     16.60142943183959829412	      1.94487172695001175882	    -17.11547446456879484344	      1.99583869564002136521	     -9.10255753981216919613
      1.97775523633290561953	      5.18507439374161283041	      0.62630565402644755579	      4.13726527117126785527	      0.60681611303565530235	      1.00825717018574767536	      0.00822357769588885450	     20.10854128379764560464	     -2.44308695282999366327	     -7.43481958648814345025	    -22.23305461257716331147	     -2.65803826900728346061	      5.21588540879360795799	      2.29480985414134952549	    -16.70248144693791303439	     -1.05761353908194677409	     -0.88786219517494924247	    -32.64460015313068907972	      9.22282761001324935535	     16.62096400071815338606	      1.77623580921491841522	    -17.10066000157162591222	      2.08048481725290113076	     -9.09032799747030750837
      1.98038877321907125229	      5.21819079700863674987	      0.55955957584847826336	      4.17334578977090142615	      0.60723813786622571342	      1.00847147364193046037	      0.00867256623469618224	     19.98833455999722019669	     -2.35880643517992361069	     -7.46651058044465898433	    -22.47571449185161185369	     -2.54846833328313104872	      5.21011003592258159500	      2.70967311093571217029	    -16.25961866776049546957	     -1.22781677679409084725	     -0.98487928376225686300	    -33.73587036695101915029	      8.67871058075609624893	     16.63969004734092038689	      1.59760063131915264201	    -17.09784227142613843853	      2.18414629574632179754	     -9.07317580822565084020
      1.98292840097428446633	      5.26434091758367639358	      0.48722938232123513824	      4.20706874483503945328	      0.60764044592398513966	      1.00868901988954440263	      0.00910961752558975962	     19.85060503448542590377	     -2.26712135449673413135	     -7.50369388080364885241	    -22.69258247234614600529	     -2.44550485882811585725	      5.19376679567284238459	      3.09311010868793268003	    -15.83816183371799724000	     -1.40496301527748657101	     -1.08953669741476355526	    -34.78536514534789603204	      8.11485649382166407406	     16.65141028949964763228	      1.44461818525263163693	    -17.10946270119503864748	      2.29365754035976499026	     -9.05109543115404413527
      1.98538091279116524213	      5.32073454202659679169	      0.41304294320579931776	      4.23750718118378877364	      0.60802186467331120756	      1.00890588146182280660	      0.00953581348913123267	     19.70019733003050887987	     -2.17238794491183151436	     -7.54608816787991099062	    -22.88794662487519815386	     -2.34951641709356140453	      5.16925684575175736768	      3.44367280089686156330	    -15.43545769901024122817	     -1.58409673331084777104	     -1.19829904190679314979	    -35.79319000218563218141	      7.53017463131392528197	     16.65647124891929564683	      1.31668438903586682009	    -17.13281979685785927359	      2.40494357857454232885	     -9.02329618948143341584
      1.98782647233012732535	      5.38787256954672866271	      0.33654104855162425558	      4.26554285494123153200	      0.60839314889842111000	      1.00912662766208360843	      0.00996467966942787831	     19.53459595537663417986	     -2.07391898387844175744	     -7.59610017425432104687	    -23.06959251419528555971	     -2.25605746700234632840	      5.13652889193904282905	      3.77402393298642380159	    -15.03778300418686519890	     -1.76851941422863867537	     -1.31211932360889482752	    -36.79020596151552524589	      6.90749335922963147993	     16.65636178565693370501	      1.20823959141990133759	    -17.16743759008156544610	      2.51965580084647156056	     -8.98857359226106389372
      1.98999999999999999112	      5.45670517867366910991	      0.26722836803320970667	      4.28861756250022452264	      0.60871406573996067468	      1.00932580882871758554	      0.01034895814799320635	     19.37454819412019801916	     -1.98396541156639050207	     -7.64810355267564290216	    -23.21979855178604168486	     -2.17412479791583512778	      5.10033249178043046612	      4.05169063279820740320	    -14.68784707298828884348	     -1.93646663735935864459	     -1.41652482294126591533	    -37.66801990453540582848	      6.32014323404506495052	     16.65243844169541276301	      1.12786267581622490219	    -17.20783251811258551811	      2.62411354181666256480	     -8.95151731578739706663
