Coordinates

Units are S.I. units (second, meters, Newtons, ...)
If the header above contains a line with 'inDegrees', this indicates whether rotational values are in degrees (yes) or radians (no).

inDegrees=yes
nColumns=24
nRows=151
DataType=double
version=3
OpenSimVersion=4.5
endheader
time	pelvis_tilt	pelvis_list	pelvis_rotation	pelvis_tx	pelvis_ty	pelvis_tz	hip_flexion_r	hip_adduction_r	hip_rotation_r	knee_angle_r	ankle_angle_r	subtalar_angle_r	mtp_angle_r	hip_flexion_l	hip_adduction_l	hip_rotation_l	knee_angle_l	ankle_angle_l	subtalar_angle_l	mtp_angle_l	lumbar_extension	lumbar_bending	lumbar_rotation	/forceset/glut_med1_r/activation	/forceset/glut_med2_r/activation	/forceset/glut_med3_r/activation	/forceset/glut_min1_r/activation	/forceset/glut_min2_r/activation	/forceset/glut_min3_r/activation	/forceset/semimem_r/activation	/forceset/semiten_r/activation	/forceset/bifemlh_r/activation	/forceset/bifemsh_r/activation	/forceset/sar_r/activation	/forceset/add_long_r/activation	/forceset/add_brev_r/activation	/forceset/add_mag1_r/activation	/forceset/add_mag2_r/activation	/forceset/add_mag3_r/activation	/forceset/tfl_r/activation	/forceset/pect_r/activation	/forceset/grac_r/activation	/forceset/glut_max1_r/activation	/forceset/glut_max2_r/activation	/forceset/glut_max3_r/activation	/forceset/iliacus_r/activation	/forceset/psoas_r/activation	/forceset/quad_fem_r/activation	/forceset/gem_r/activation	/forceset/peri_r/activation	/forceset/rect_fem_r/activation	/forceset/vas_med_r/activation	/forceset/vas_int_r/activation	/forceset/vas_lat_r/activation	/forceset/med_gas_r/activation	/forceset/lat_gas_r/activation	/forceset/soleus_r/activation	/forceset/tib_post_r/activation	/forceset/flex_dig_r/activation	/forceset/flex_hal_r/activation	/forceset/tib_ant_r/activation	/forceset/per_brev_r/activation	/forceset/per_long_r/activation	/forceset/per_tert_r/activation	/forceset/ext_dig_r/activation	/forceset/ext_hal_r/activation	/forceset/glut_med1_l/activation	/forceset/glut_med2_l/activation	/forceset/glut_med3_l/activation	/forceset/glut_min1_l/activation	/forceset/glut_min2_l/activation	/forceset/glut_min3_l/activation	/forceset/semimem_l/activation	/forceset/semiten_l/activation	/forceset/bifemlh_l/activation	/forceset/bifemsh_l/activation	/forceset/sar_l/activation	/forceset/add_long_l/activation	/forceset/add_brev_l/activation	/forceset/add_mag1_l/activation	/forceset/add_mag2_l/activation	/forceset/add_mag3_l/activation	/forceset/tfl_l/activation	/forceset/pect_l/activation	/forceset/grac_l/activation	/forceset/glut_max1_l/activation	/forceset/glut_max2_l/activation	/forceset/glut_max3_l/activation	/forceset/iliacus_l/activation	/forceset/psoas_l/activation	/forceset/quad_fem_l/activation	/forceset/gem_l/activation	/forceset/peri_l/activation	/forceset/rect_fem_l/activation	/forceset/vas_med_l/activation	/forceset/vas_int_l/activation	/forceset/vas_lat_l/activation	/forceset/med_gas_l/activation	/forceset/lat_gas_l/activation	/forceset/soleus_l/activation	/forceset/tib_post_l/activation	/forceset/flex_dig_l/activation	/forceset/flex_hal_l/activation	/forceset/tib_ant_l/activation	/forceset/per_brev_l/activation	/forceset/per_long_l/activation	/forceset/per_tert_l/activation	/forceset/ext_dig_l/activation	/forceset/ext_hal_l/activation	/forceset/ercspn_r/activation	/forceset/ercspn_l/activation	/forceset/intobl_r/activation	/forceset/intobl_l/activation	/forceset/extobl_r/activation	/forceset/extobl_l/activation
0	9.76611466	-6.17820038	-3.36938084	0.61401261	0.97438937	0.03755202	-28.592428	4.17831761	0.46883528	-6.29676912	6.26085996	10.1721523	0	16.5908837	-9.17081179	-9.494902099999999	-8.238113029999999	-3.3742557	11.37994685	0	-26.91578396	4.93407824	2.87777182	0.1701450763289518	0.1744656596007182	0.1803611578319426	0.170542438257815	0.176237003748967	0.1775211620097988	2.560162758220283	0.4386996685777887	0.9805180282485877	1.152400567199393	0.1865176826035637	0.09647593616953626	0.09268071432304303	0.09101456607815528	0.09166977361408335	0.06930068527618044	0.1757099929193076	0.1360826183306731	0.146960331037783	0.1422560570548866	0.1179357855669903	0.06301828017352812	0.2712938811317465	0.2786678661948458	0.1257424581237611	0.1546292455464112	0.1648463698556291	0.09839890696950704	0.6660329307741407	0.7198980153278727	0.6056452756274882	0.01005720055386311	0.01005712062820688	0.0100569958646034	0.1176407971863246	0.1393361016224136	0.1380455110380251	0.1788841319429813	0.1474195192005071	0.1422033063966059	0.1571087891935539	0.1752109311513045	0.1576692472802609	0.9370088193978283	0.4111334902090835	1.04922711917189	-0.100984227208917	0.06817554936599635	0.4587525710620763	0.7629718247211716	1.030118927123699	1.456216515940768	-0.07137052250335607	0.3173355424640683	0.3466081836710381	1.337360227008027	1.346477244718987	0.8461872538400153	1.053462929622614	0.2223112521339985	1.10861028858038	1.18528089679325	0.713985405710801	0.7418603080596915	0.7814780336534728	-0.6903391655937963	-0.9172176156692888	0.0717050467800649	0.871167717634334	0.4629506207259082	1.573465329415909	0.9503378984875681	1.001265337483236	1.000380313591062	-1.054758736160856	-0.1360582574663658	0.7723993324535887	0.2307773859180475	0.5903990108187482	0.6127155822029513	0.4050001074813547	0.9959187950257826	1.297680149727011	0.7521870085013953	0.7514677552038691	0.6585959210719441	-3.024958559590003	-0.7308667566294349	0.1559495373984565	1.452659360143841	0.3080418633141429	0.6058701778749147
0.017	9.662109879999999	-5.85882554	-3.47149822	0.61513763	0.97279204	0.03516331	-28.68326708	3.40436505	-0.2802151	-8.10637887	6.40824733	11.5832183	0	17.1003197	-8.573566980000001	-8.60190201	-10.37138862	-4.78836766	10.25889597	0	-26.6962176	4.35966763	2.72443072	0.1643889529849344	0.1684787274195791	0.1741296391661614	0.1646752213475489	0.1701591797545314	0.1713897918804339	2.461677730096617	0.4227592823596131	0.9430917305145575	1.109504335574897	0.1802088174253668	0.09332984926835119	0.08967202002315022	0.0880639095132198	0.08869586374839394	0.06715578294402563	0.169764196188283	0.1314808566388793	0.1420379153789066	0.1374246350560229	0.1139910786210249	0.06109996140438401	0.2616878477637558	0.2687856261234483	0.1214938170850371	0.1493313727946207	0.1591732736410516	0.09517059514664916	0.6406223166071755	0.6924011250000934	0.58247681029117	0.01005502764257082	0.01005495085413297	0.01005483093510237	0.1136687492451834	0.1346024441587516	0.1333576491539288	0.1728164910381468	0.1423941909674632	0.1373637352723743	0.151734702644804	0.1692084978167961	0.1522774139990755	0.9388650567770487	0.4156882938901791	1.011636549499987	-0.06437926960060381	0.09322998570420182	0.4606308192394577	0.7535448033168706	1.007930867814195	1.413493053633573	-0.04479489268619474	0.3258738190457038	0.3338315349475268	1.286378496327831	1.305430906981026	0.8302592322175162	1.028507602148913	0.238462326324937	1.077977674493611	1.150272442077925	0.7047128625866081	0.7313009911806772	0.7687537549260277	-0.6404069082315091	-0.8594359908392999	0.06996834846264727	0.8478025793785999	0.4581731997633556	1.522106362226959	0.9302973888583681	0.9788707836542816	0.9779989466616383	-0.9936296737760228	-0.1109730315914277	0.7466312750936412	0.2424655289816258	0.5868436165358499	0.6079759013747319	0.41376755455099	0.9732297742372218	1.260376790335374	0.7417552673257521	0.7422941333277597	0.6526804246150144	-2.895791444280253	-0.6987427936198335	0.1510132181195211	1.396971467292424	0.2965131594615869	0.5828118905647726
0.033	9.35717973	-5.7516276	-3.47577534	0.61656891	0.97118246	0.03280264	-28.50254775	2.90916791	-0.6259335700000001	-9.941758289999999	6.02140852	12.59688435	0	17.89063659	-8.247116249999999	-8.38416529	-12.9187101	-5.95601919	9.644435140000001	0	-26.23186091	4.0562371	2.61337244	0.1589714251317415	0.1628439677196833	0.1682646804218967	0.1591531348437691	0.1644388748185919	0.1656190905822079	2.3689859389214	0.4077565659189768	0.907866979706058	1.069131411693018	0.1742710619635343	0.09036882630252996	0.08684030774089813	0.0852868209815158	0.08589688975715681	0.06513705133729167	0.164168152206142	0.1271497868113086	0.1374050535823169	0.1328774143512099	0.1102784132601163	0.05929448491577771	0.2526468751821173	0.2594846942915446	0.1174950961074147	0.1443451396164647	0.1538338889685081	0.09213218401925349	0.6167064444500315	0.6665216988092425	0.5606711958569882	0.01005298254958978	0.01005290871382811	0.01005279335439543	0.1099303511829328	0.1301472371341286	0.1289455438512498	0.1671057701865377	0.1376644702775396	0.1328088448025092	0.1466767388342159	0.1635591487960822	0.1472027473814891	0.9406121037221897	0.4199751679429733	0.9762571898087824	-0.02992754479278403	0.1168106316695692	0.4623985822299321	0.7446723125834103	0.9870479884640702	1.373282736167978	-0.01978253521121864	0.3339098440637116	0.3218064537959864	1.238395690981763	1.266799059698236	0.8152681530433972	1.005020235114841	0.2536633373281703	1.049146978882533	1.117323308228206	0.6959857631756021	0.7213628105886647	0.7567779631825475	-0.5934118424787709	-0.8050532851169567	0.06833380886978346	0.8258118610202603	0.4536768035633054	1.473768510755004	0.9114357327367646	0.9577935565211453	0.9569341307280599	-0.9360964385902983	-0.08736340723854763	0.7223789858136902	0.2534661342179314	0.5834973630931213	0.603515025301113	0.4220192694400584	0.9518754017303408	1.225267746202068	0.7319371579839675	0.7336601362678898	0.6471128985379009	-2.774222394576959	-0.66850847549315	0.1463672705628757	1.344559332844031	0.2856626146591809	0.5611099730964033
0.05	8.945065509999999	-5.65244841	-3.72396423	0.61795491	0.96993978	0.03052388	-27.82496818	2.35374193	-0.61560631	-12.42034003	5.42413996	13.11664753	0	18.73563939	-8.073621559999999	-8.332522490000001	-15.52947096	-6.96615139	9.02175924	0	-25.70279882	3.63758979	2.40132575	0.1532153017877239	0.1568570355385441	0.1620331617561154	0.1532859179335031	0.1583610508241562	0.1594877204528429	2.270500910797733	0.3918161797008011	0.8704406819720276	1.026235180068522	0.1679621967853375	0.08722273940134492	0.08383161344100523	0.08233616441658026	0.08292297989146738	0.06299214900513683	0.1582223554751172	0.1225480251195148	0.1324826379234404	0.1280459923523462	0.1063337063141509	0.05737616614663354	0.2430408418141264	0.249602454220147	0.1132464550686907	0.1390472668646741	0.1481607927539307	0.08890387219639562	0.5912958302830664	0.6390248084814633	0.5375027305206701	0.01005080963829744	0.01005073893975419	0.01005062842489435	0.1059583032417916	0.1254135796704666	0.1242576819671534	0.1610381292817032	0.1326391420444957	0.1279692736782777	0.1413026522854661	0.1575567154615739	0.1418109141003037	0.9424683411014065	0.4245299716240689	0.9386666201368783	0.006677412815527362	0.1418650680077729	0.4642768304073126	0.735245291179111	0.9648599291545663	1.330559273860784	0.006793094605944461	0.3424481206453462	0.3090298050724751	1.187413960301567	1.225752721960274	0.7993401314208972	0.9800649076411396	0.2698144115191035	1.018514364795764	1.082314853512881	0.6867132200514083	0.7108034937096512	0.7440536844551016	-0.5434795851164855	-0.7472716602869669	0.06659711055236572	0.8024467227645253	0.4488993826007528	1.422409543566053	0.8913952231075637	0.935399002692189	0.9345527637986333	-0.8749673762054657	-0.06227818136361041	0.696610928453743	0.2651542772815079	0.5799419688102221	0.5987753444728945	0.4307867165096937	0.92918638094178	1.18796438681043	0.7215054168083226	0.7244865143917805	0.6411974020809703	-2.64505527926721	-0.6363845124835488	0.1414309512839401	1.288871439992613	0.2741339108066248	0.5380516857862612
0.067	8.97541024	-5.40217722	-3.69533766	0.62051972	0.96958009	0.02780695	-27.50060227	1.69900578	-0.97411711	-15.10268266	4.21569244	13.71650828	0	19.02731483	-7.70838127	-7.92183283	-18.23506632	-7.25780817	8.59027056	0	-25.45316844	3.16140748	2.11278325	0.1474591784437064	0.1508701033574049	0.1558016430903342	0.147418701023237	0.1522832268297205	0.1533563503234778	2.172015882674065	0.3758757934826251	0.8330143842379971	0.9833389484440258	0.1616533316071405	0.08407665250015989	0.08082291914111236	0.07938550785164469	0.07994907002577792	0.06084724667298202	0.1522765587440926	0.117946263427721	0.127560222264564	0.1232145703534825	0.1023889993681855	0.05545784737748938	0.2334348084461356	0.2397202141487493	0.1089978140299668	0.1337493941128835	0.1424876965393533	0.08567556037353768	0.5658852161161012	0.6115279181536841	0.5143342651843519	0.01004863672700509	0.01004856916568028	0.01004846349539329	0.1019862553006503	0.1206799222068046	0.119569820083057	0.1549704883768686	0.1276138138114519	0.1231297025540461	0.1359285657367162	0.1515542821270655	0.1364190808191182	0.9443245784806216	0.4290847753051636	0.9010760504649742	0.04328237042383876	0.1669195043459766	0.4661550785846931	0.725818269774809	0.9426718698450607	1.28783581155359	0.03336872442310579	0.3509863972269809	0.2962531563489636	1.13643222962137	1.18470638422231	0.7834121097983973	0.9551095801674379	0.2859654857100402	0.9878817507089943	1.047306398797555	0.6774406769272154	0.7002441768306387	0.7313294057276547	-0.4935473277541993	-0.6894900354569771	0.06486041223494798	0.7790815845087899	0.4441219616381993	1.371050576377101	0.8713547134783619	0.9130044488632327	0.9121713968692076	-0.8138383138206322	-0.03719295548867407	0.6708428710937953	0.2768424203450843	0.576386574527322	0.5940356636446751	0.4395541635793272	0.9064973601532191	1.150661027418793	0.7110736756326776	0.7153128925156693	0.635281905624038	-2.51588816395746	-0.6042605494739475	0.1364946320050046	1.233183547141196	0.2626052069540686	0.5149933984761188
0.083	8.72599722	-5.00255596	-3.57430287	0.62254135	0.96996521	0.0249455	-26.28146005	0.99781169	-1.3371033	-18.63977621	2.73757695	13.95837832	0	19.12440271	-7.03220565	-6.92979676	-20.00849491	-7.64880839	7.41370172	0	-25.01849847	2.55678162	1.92406522	0.1420416505905135	0.1452353436575092	0.1499366843460695	0.1418966145194572	0.1465629218937811	0.147585649025252	2.079324091498849	0.360873077041989	0.7977896334294979	0.9429660245621474	0.1557155761453081	0.08111562953433868	0.0779912068588603	0.07660841931994067	0.07715009603454079	0.05882851506624806	0.1466805147619516	0.1136151936001503	0.1229273604679744	0.1186673496486697	0.09867633400727693	0.05365237088888308	0.2243938358644972	0.2304192823168457	0.1049990930523443	0.1287631609347276	0.1371483118668098	0.08263714924614204	0.5419693439589575	0.5856484919628332	0.4925286507501701	0.01004659163402408	0.01004652702537545	0.01004642591468641	0.09824785723839971	0.1162247151821815	0.1151577147803781	0.1492597675252596	0.1228840931215283	0.1185748120841811	0.1308706019261281	0.1459049331063517	0.1313444142015319	0.9460716254257662	0.4333716493579596	0.8656966907737704	0.07773409523166031	0.1905001503113439	0.4679228415751684	0.7169457790413496	0.921788990494937	1.247625494087995	0.05838108189808189	0.3590224222449914	0.2842280751974235	1.088449424275304	1.146074536939522	0.76842103062428	0.931622213133366	0.3011664967132734	0.959051055097917	1.014357264947836	0.6687135775162094	0.6903059962386253	0.7193536139841763	-0.4465522620014601	-0.6351073297346348	0.06322587264208424	0.7570908661504516	0.4396255654381491	1.322712724905147	0.8524930573567602	0.8919272217300973	0.89110658093563	-0.7563050786349068	-0.01358333113579313	0.6465905818138444	0.2878430255813917	0.5730403210845942	0.5895747875710562	0.4478058784683956	0.8851429876463381	1.115551983285488	0.7012555662908939	0.7066788954558012	0.6297143795469262	-2.394319114254166	-0.5740262313472638	0.1318486844483593	1.180771412692804	0.2517546621516628	0.4932914810077497
0.1	9.15257991	-4.25467819	-3.6892463	0.6260173999999999	0.97153509	0.02150393	-25.39470528	-0.36991017	-1.97628392	-22.77200763	0.77208007	14.54514773	0	18.30650527	-6.19278267	-7.21926467	-21.97141357	-7.03988709	7.48396311	0	-25.15080936	1.57079942	1.67510134	0.136285527246496	0.1392484114763701	0.1437051656802883	0.1360293976091912	0.1404850978993454	0.1414542788958869	1.980839063375182	0.3449326908238132	0.7603633356954675	0.9000697929376512	0.1494067109671113	0.07796954263315362	0.07498251255896746	0.07365776275500513	0.07417618616885141	0.05668361273409322	0.140734718030927	0.1090134319083566	0.118004944809098	0.1138359276498059	0.09473162706131155	0.05173405211973892	0.2147878024965064	0.220537042245448	0.1007504520136204	0.1234652881829369	0.1314752156522324	0.07940883742328417	0.5165587297919922	0.5581516016350541	0.469360185413852	0.01004441872273173	0.01004435725130151	0.01004426098518531	0.09427580929725846	0.1114910577185196	0.1104698528962817	0.143192126620425	0.1178587648884845	0.1137352409599494	0.1254965153773783	0.1399024997718432	0.1259525809203463	0.947927862804983	0.4379264530390543	0.8281061211018663	0.1143390528399717	0.2155545866495494	0.4698010897525489	0.7075187576370494	0.8996009311854314	1.204902031780801	0.0849567117152441	0.367560698826626	0.2714514264739121	1.037467693595107	1.10502819920156	0.7524930090017801	0.9066668856596642	0.3173175709042084	0.9284184410111482	0.9793488102325112	0.6594410343920156	0.6797466793596119	0.7066293352567294	-0.3966200046391748	-0.577325704904645	0.0614891743246665	0.7337257278947167	0.4348481444755965	1.271353757716196	0.8324525477275593	0.869532667901141	0.8687252140062043	-0.6951760162500742	0.01150189473914409	0.6208225244538974	0.2995311686449682	0.569484926801695	0.5848351067428377	0.4565733255380309	0.8624539668577773	1.07824862389385	0.690823825115249	0.6975052735796909	0.6237988830899956	-2.265151998944416	-0.5419022683376625	0.1269123651694238	1.125083519841386	0.2402259582991066	0.4702331936976075
0.117	9.5083787	-3.57774654	-3.2322028	0.62902481	0.97363807	0.01701854	-24.01069287	-1.46922068	-3.27267229	-27.40433472	-2.0612118	14.38937486	0	17.35188585	-5.22045904	-7.00807009	-23.33648379	-6.36083514	7.71540479	0	-25.23176242	0.9230055	0.83998892	0.1305294039024784	0.1332614792952309	0.1374736470145071	0.1301621806989252	0.1344072739049098	0.1353229087665219	1.882354035251515	0.3289923046056373	0.722937037961437	0.8571735613131553	0.1430978457889144	0.07482345573196855	0.07197381825907462	0.07070710619006959	0.07120227630316192	0.05453871040193839	0.1347889212999023	0.1044116702165627	0.1130825291502215	0.1090045056509422	0.09078692011534617	0.04981573335059475	0.2051817691285155	0.2106548021740505	0.09650181097489652	0.1181674154311463	0.125802119437655	0.07618052560042624	0.491148115625027	0.5306547113072748	0.4461917200775338	0.01004224581143939	0.01004218747722761	0.01004209605568425	0.09030376135611717	0.1067574002548576	0.1057819910121853	0.1371244857155904	0.1128334366554406	0.1088956698357179	0.1201224288286284	0.1339000664373348	0.1205607476391609	0.949784100184198	0.4424812567201499	0.7905155514299622	0.1509440104482813	0.2406090229877531	0.4716793379299293	0.6980917362327483	0.8774128718759266	1.162178569473607	0.1115323415324063	0.3760989754082606	0.2586747777504007	0.9864859629149106	1.063981861463596	0.7365649873792801	0.8817115581859643	0.3334686450951443	0.8977858269243777	0.9443403555171854	0.6501684912678227	0.6691873624805984	0.6939050565292826	-0.3466877472768894	-0.5195440800746551	0.05975247600724876	0.7103605896389817	0.430070723513043	1.219994790527245	0.8124120380983575	0.8471381140721848	0.8463438470767777	-0.6340469538652407	0.03658712061408043	0.5950544670939495	0.3112193117085447	0.565929532518795	0.5800954259146183	0.4653407726076662	0.8397649460692174	1.040945264502212	0.680392083939604	0.6883316517035798	0.6178833866330642	-2.135984883634667	-0.5097783053280612	0.1219760458904883	1.069395626989969	0.2286972544465504	0.4471749063874652
0.133	9.32393763	-2.87848253	-3.22217996	0.63073103	0.97530455	0.01341611	-21.08852038	-2.78029688	-4.19798665	-33.25852896	-5.12688586	13.51461383	0	16.66478998	-4.37158568	-7.29287323	-24.1651039	-5.52550675	8.01590508	0	-24.86785814	0.1042359	0.37716546	0.1251118760492855	0.1276267195953352	0.1316086882702425	0.1246400941951454	0.1286869689689703	0.1295522074682959	1.789662244076299	0.3139895881650011	0.6877122871529378	0.8168006374312765	0.137160090327082	0.07186243276614734	0.06914210597682255	0.06793001765836557	0.06840330231192482	0.05251997879520443	0.1291928773177614	0.100080600388992	0.1084496673536319	0.1044572849461294	0.08707425475443756	0.04801025686198848	0.1961407965468772	0.2013538703421468	0.092503089997274	0.1131811822529905	0.1204627347651114	0.07314211447303054	0.4672322434678832	0.504775285116424	0.4243861056433521	0.01004020071845838	0.01004014533692275	0.01004005847497735	0.08656536329386663	0.1023021932302345	0.1013698857095063	0.1314137648639814	0.108103715965517	0.1043407793658528	0.1150644650180403	0.128250717416621	0.1154860810215745	0.9515311471293426	0.4467681307729459	0.7551361917387582	0.1853957352561046	0.2641896689531205	0.4734471009204055	0.6892192454992889	0.8565299925258039	1.121968252008013	0.1365446990073824	0.3841350004262711	0.2466496965988605	0.9385031575688436	1.025350014180807	0.721573908205162	0.8582241911518915	0.3486696560983784	0.8689551313133013	0.9113912216674676	0.6414413918568167	0.6592491818885859	0.6819292647858042	-0.2996926815241503	-0.465161374352312	0.05811793641438501	0.6883698712806425	0.4255743273129928	1.171656939055291	0.7935503819767558	0.8260608869390502	0.8252790311432001	-0.5765137186795153	0.06019674496696226	0.5708021778139991	0.3222199169448512	0.5625832790760672	0.5756345498409994	0.4735924874967345	0.8184105735623364	1.005836220368907	0.6705739745978203	0.6796976546437117	0.6123158605559524	-2.014415833931373	-0.4795439872013776	0.117330098333843	1.016983492541576	0.2178467096441446	0.4254729889190961
0.15	8.804825360000001	-1.95302712	-3.17293645	0.6310039	0.97671382	0.00908169	-17.12826311	-4.42970045	-5.21713951	-39.79152601	-8.70893302	11.96262036	0	15.99752982	-3.05652986	-7.35801622	-24.14212331	-4.84370404	7.60230475	0	-24.22028759	-0.77063578	-0.0006656500000000001	0.119355752705268	0.121639787414196	0.1253771696044612	0.1187728772848793	0.1226091449745346	0.1234208373389309	1.691177215952631	0.2980492019468252	0.6502859894189073	0.7739044058067803	0.1308512251488851	0.06871634586496231	0.06613341167692965	0.06497936109343003	0.06542939244623541	0.05037507646304962	0.1232470805867366	0.09547883869719823	0.1035272516947555	0.09962586294726566	0.08312954780847218	0.04609193809284431	0.1865347631788863	0.1914716302707491	0.08825444895855011	0.1078833095011998	0.114789638550534	0.06991380265017266	0.441821629300918	0.4772783947886446	0.4012176403070339	0.01003802780716603	0.01003797556284884	0.01003789354547628	0.08259331535272535	0.09756853576657254	0.09668202382540989	0.1253461239591468	0.1030783877324732	0.09950120824162126	0.1096903784692905	0.1222482840821126	0.1100942477403891	0.9533873845085594	0.4513229344540406	0.7175456220668539	0.2220006928644143	0.289244105291325	0.4753253490977851	0.6797922240949879	0.8343419332162982	1.079244789700817	0.1631203288245446	0.3926732770079058	0.233873047875349	0.887521426888647	0.984303676442845	0.7056458865826629	0.8332688636781906	0.3648207302893134	0.8383225172265316	0.8763827669521418	0.6321688487326229	0.6486898650095725	0.6692049860583582	-0.2497604241618649	-0.4073797495223221	0.05638123809696732	0.6650047330249076	0.4207969063504402	1.12029797186634	0.773509872347554	0.8036663331100931	0.8028976642137744	-0.5153846562946827	0.08528197084189859	0.5450341204540514	0.3339080600084285	0.559027884793168	0.5708948690127809	0.4823599345663689	0.7957215527737755	0.9685328609772696	0.6601422334221754	0.6705240327676014	0.606400364099021	-1.885248718621623	-0.4474200241917763	0.1123937790549074	0.9612955996901588	0.2063180057915884	0.4024147016089539
0.167	8.618504209999999	-0.73988146	-2.95250444	0.63225115	0.9787190099999999	0.00497722	-13.6747449	-6.3521492	-6.27894309	-45.7080556	-12.29216261	9.803494600000001	0	14.60195162	-1.36656643	-7.52785582	-23.54525804	-3.98322912	7.33741942	0	-23.8706747	-1.95482131	-1.11634849	0.1135996293612505	0.1156528552330568	0.11914565093868	0.1129056603746133	0.1165313209800989	0.1172894672095659	1.592692187828964	0.2821088157286494	0.6128596916848769	0.7310081741822844	0.1245423599706882	0.06557025896377724	0.06312471737703682	0.06202870452849452	0.06245548258054595	0.04823017413089478	0.1173012838557119	0.0908770770054044	0.09860483603587902	0.09479444094840195	0.07918484086250679	0.04417361932370015	0.1769287298108955	0.1815893901993516	0.08400580791982618	0.1025854367494091	0.1091165423359566	0.06668549082731473	0.4164110151339527	0.4497815044608655	0.3780491749707158	0.01003585489587369	0.01003580578877493	0.01003572861597521	0.07862126741158409	0.09283487830291057	0.09199416194131352	0.1192784830543123	0.09805305949942933	0.09466163711738962	0.1043162919205406	0.1162458507476042	0.1047024144592035	0.9552436218877745	0.4558777381351362	0.6799550523949498	0.2586056504727257	0.3142985416295287	0.4772035972751665	0.6703652026906877	0.8121538739067935	1.036521327393623	0.1896959586417069	0.4012115535895404	0.2210963991518376	0.8365396962084505	0.9432573387048819	0.6897178649601621	0.8083135362044889	0.3809718044802484	0.8076899031397624	0.8413743122368165	0.62289630560843	0.638130548130559	0.6564807073309114	-0.1998281667995787	-0.3495981246923323	0.05464453977954953	0.6416395947691726	0.4160194853878867	1.068939004677389	0.7534693627183531	0.7812717792811368	0.7805162972843478	-0.45425559390985	0.1103671967168349	0.5192660630941039	0.345596203072005	0.5554724905102679	0.5661551881845615	0.4911273816360042	0.7730325319852143	0.9312295015856318	0.6497104922465304	0.6613504108914903	0.6004848676420895	-1.756081603311874	-0.415296061182175	0.1074574597759719	0.9056077068387415	0.1947893019390322	0.3793564142988116
0.183	8.10213298	0.59548084	-3.140105	0.6310842	0.9803002200000001	0.00095819	-9.35600818	-8.55566327	-6.69378263	-51.78172505	-14.57804047	7.58759356	0	13.48068057	0.48639772	-7.6313214	-22.48283838	-3.54912138	6.53523325	0	-23.35131818	-3.3264345	-1.74208045	0.1081821015080575	0.1100180955331611	0.1132806921944153	0.1073835738708334	0.1108110160441595	0.11151876591134	1.500000396653748	0.2671060992880133	0.5776349408763776	0.6906352503004056	0.1186046045088558	0.06260923599795604	0.06029300509478472	0.05925161599679049	0.05965650858930885	0.04621144252416082	0.111705239873571	0.08654600717783373	0.09397197423928944	0.09024722024358903	0.07547217550159818	0.04236814283509388	0.167887757229257	0.1722884583674479	0.08000708694220371	0.09759920357125332	0.1037771576634131	0.06364707969991909	0.3924951429768089	0.4239020782700145	0.3562435605365339	0.01003380980289266	0.01003376364847007	0.01003369103526831	0.07488286934933353	0.08837967127828752	0.08758205663863455	0.1135677622027033	0.09332333880950569	0.0901067466475246	0.09925832810995253	0.1105965017268904	0.09962774784161718	0.9569906688329191	0.4601646121879313	0.6445756927037459	0.2930573752805472	0.3378791875948979	0.4789713602656409	0.6614927119572274	0.7912709945566707	0.9963110099280281	0.2147083161166821	0.4092475786075491	0.2090713180002974	0.7885568908623832	0.9046254914220935	0.6747267857860453	0.7848261691704166	0.3961728154834816	0.7788592075286851	0.8084251783870982	0.614169206197424	0.6281923675385466	0.6445049155874329	-0.1528331010468396	-0.2952154189699892	0.05301000018668578	0.6196488764108339	0.4115230891878365	1.020601153205435	0.7346077065967518	0.7601945521480022	0.7594514813507707	-0.3967223587241246	0.1339768210697168	0.4950137738141531	0.3565968083083115	0.5521262370675402	0.5616943121109426	0.4993790965250726	0.7516781594783342	0.896120457452326	0.6398923829047467	0.6527164138316222	0.5949173415649787	-1.63451255360858	-0.3850617430554915	0.1028115122193267	0.8531955723903486	0.1839387571366264	0.3576544968304425
0.2	8.11195966	1.69752449	-2.96821397	0.6309304100000001	0.98275311	-0.00288437	-6.09886852	-10.27222956	-7.10735654	-56.81267084	-15.2490874	4.70839074	0	11.71215226	2.12917555	-7.50742984	-21.39516567	-2.95282585	6.13888819	0	-23.2474694	-4.32584823	-2.85818096	0.10242597816404	0.1040311633520219	0.1070491735286342	0.1015163569605674	0.1047331920497238	0.105387395781975	1.401515368530081	0.2511657130698373	0.5402086431423471	0.6477390186759097	0.1122957393306589	0.05946314909677097	0.05728431079489185	0.05630095943185492	0.05668259872361939	0.04406654019200601	0.1057594431425463	0.08194424548603993	0.089049558580413	0.08541579824472537	0.0715274685556328	0.04044982406594971	0.1582817238612662	0.1624062182960502	0.0757584459034798	0.09230133081946265	0.09810406144883566	0.06041876787706116	0.3670845288098437	0.3964051879422353	0.3330750952002158	0.01003163689160032	0.01003159387439616	0.01003152610576724	0.07091082140819227	0.0836460138146255	0.08289419475453813	0.1075001212978687	0.08829801057646183	0.08526717552329302	0.09388424156120267	0.1045940683923819	0.09423591456043171	0.9588469062121341	0.4647194158690269	0.6069851230318419	0.3296623328888577	0.3629336239331016	0.4808496084430223	0.6520656905529272	0.7690829352471655	0.9535875476208342	0.2412839459338443	0.4177858551891847	0.196294669276786	0.7375751601821869	0.8635791536841304	0.6587987641635444	0.7598708416967161	0.4123238896744175	0.7482265934419154	0.7734167236717724	0.6048966630732302	0.6176330506595336	0.6317806368599861	-0.1029008436845542	-0.2374337941399989	0.05127330186926801	0.5962837381550989	0.4067456682252839	0.969242186016483	0.7145671969675496	0.7377999983190451	0.7370701144213445	-0.3355932963392916	0.1590620469446526	0.4692457164542057	0.3682849513718889	0.548570842784641	0.5569546312827236	0.5081465435947079	0.7289891386897729	0.8588170980606886	0.6294606417291013	0.6435427919555119	0.5890018451080472	-1.50534543829883	-0.3529377800458901	0.0978751929403911	0.7975076795389313	0.1724100532840702	0.3345962095203002
0.217	8.22303533	2.25623767	-2.7444281	0.63032789	0.9856056	-0.00649319	-3.12758942	-11.18356448	-7.28541072	-61.09709335	-14.33344716	1.684083	0	9.8454382	3.12822147	-7.26008559	-20.37142002	-2.28879108	6.11169712	0	-23.34006598	-4.74649241	-3.49373498	0.09666985482002255	0.09804423117088279	0.1008176548628529	0.09564914005030137	0.09865536805528813	0.09925602565260996	1.303030340406413	0.2352253268516615	0.5027823454083167	0.6048427870514136	0.105986874152462	0.05631706219558594	0.05427561649499901	0.05335030286691941	0.05370868885792995	0.04192163785985116	0.0998136464115216	0.0773424837942461	0.08412714292153656	0.08058437624586165	0.06758276160966742	0.03853150529680556	0.1486756904932754	0.1525239782246526	0.07150980486475589	0.08700345806767204	0.09243096523425823	0.05719045605420328	0.3416739146428786	0.3689082976144562	0.3099066298638977	0.01002946398030799	0.01002942410032225	0.01002936117626617	0.06693877346705102	0.07891235635096353	0.07820633287044174	0.1014324803930341	0.08327268234341803	0.08042760439906144	0.0885101550124528	0.09859163505787349	0.0888440812792462	0.9607031435913509	0.4692742195501216	0.5693945533599378	0.3662672904971691	0.3879880602713053	0.4827278566204023	0.6426386691486261	0.7468948759376599	0.9108640853136398	0.2678595757510065	0.4263241317708202	0.1835180205532746	0.6865934295019905	0.8225328159461678	0.6428707425410449	0.7349155142230144	0.4284749638653533	0.7175939793551462	0.7384082689564471	0.595624119949036	0.6070737337805197	0.6190563581325397	-0.05296858632226797	-0.1796521693100099	0.0495366035518503	0.572918599899364	0.4019682472627304	0.9178832188275319	0.6945266873383482	0.7154054444900892	0.7146887474919188	-0.274464233954459	0.1841472728195894	0.4434776590942583	0.3799730944354645	0.5450154485017409	0.5522149504545042	0.5169139906643423	0.7063001179012125	0.8215137386690512	0.6190289005534568	0.6343691700794012	0.5830863486511157	-1.376178322989081	-0.3208138170362889	0.09293887366145553	0.7418197866875139	0.160881349431514	0.311537922210158
0.233	8.48646772	2.68789178	-2.09357582	0.63041489	0.98896912	-0.01022915	-0.79071621	-11.85833378	-7.84654427	-64.42525101	-12.51342678	-0.63313431	0	7.61148252	4.01414092	-6.60152459	-19.05480647	-1.77428584	6.25454237	0	-23.60771287	-4.89186924	-4.56650622	0.09125232696682958	0.09240947147098705	0.09495269611858825	0.09012705354652159	0.09293506311934865	0.09348532435438406	1.210338549231197	0.2202226104110254	0.4675575945998174	0.564469863169535	0.1000491186906296	0.05335603922976474	0.05144390421274692	0.0505732143352154	0.05090971486669285	0.03990290625311722	0.09421760242938071	0.07301141396667546	0.07949428112494691	0.07603715554104873	0.06387009624875881	0.03672602880819927	0.139634717911637	0.143223046392749	0.06751108388713337	0.08201722488951615	0.08709158056171476	0.0541520449268076	0.3177580424857347	0.3430288714236053	0.2881010154297159	0.01002741888732697	0.0100273819600174	0.01002732359555927	0.06320037540480042	0.07445714932634051	0.07379422756776277	0.09572175954142512	0.07854296165349439	0.07587271392919639	0.08345219120186473	0.0929422860371597	0.08376941466165988	0.9624501905364946	0.4735610936029175	0.5340151936687338	0.4007190153049907	0.4115687062366735	0.4844956196108781	0.6337661784151667	0.7260119965875371	0.8706537678480455	0.292871933225983	0.4343601567888289	0.1714929394017344	0.6386106241559233	0.7839009686633789	0.6278796633669277	0.7114281471889425	0.4436759748685866	0.6887632837440689	0.7054591351067288	0.5868970205380308	0.5971355531885072	0.6070805663890608	-0.005973520569528379	-0.1252694635876663	0.04790206395898655	0.5509278815410255	0.3974718510626807	0.8695453673555777	0.6756650312167465	0.6943282173569543	0.6936239315583412	-0.2169309987687336	0.2077568971724708	0.4192253698143077	0.3909736996717723	0.5416691950590127	0.5477540743808857	0.5251657055534107	0.6849457453943315	0.7864046945357455	0.6092107912116735	0.6257351730195331	0.577518822574004	-1.254609273285787	-0.2905794989096052	0.08829292610481029	0.6894076522391213	0.1500308046291082	0.2898360047417889
0.25	8.84344892	3.04905257	-1.86573511	0.62932013	0.99218832	-0.01273788	1.71689217	-12.30790471	-7.71311155	-67.29451233	-10.63709464	-2.26610568	0	5.17978373	4.72655656	-6.14020684	-17.43315493	-1.48247083	6.22890106	0	-23.9592346	-5.11792286	-5.32704594	0.0854962036228121	0.08642253928984786	0.08872117745280705	0.08425983663625555	0.086857239124913	0.08735395422501901	1.11185352110753	0.2042822241928495	0.430131296865787	0.521573631545039	0.09374025351243273	0.05020995232857968	0.04843520991285406	0.04762255777027985	0.04793580500100339	0.0377580039209624	0.08827180569835602	0.06840965227488166	0.07457186546607047	0.07120573354218504	0.05992538930279342	0.03480771003905511	0.1300286845436462	0.1333408063213514	0.06326244284840947	0.07671935213772552	0.0814184843471373	0.05092373310394969	0.2923474283187695	0.315531981095826	0.2649325500933978	0.01002524597603463	0.01002521218594347	0.01002515866605819	0.05922832746365915	0.06972349186267851	0.06910636568366638	0.08965411863659054	0.07351763342045056	0.07103314280496478	0.07807810465311485	0.08693985270265128	0.07837758138047438	0.9643064279157114	0.4781158972840127	0.4964246239968297	0.4373239729133021	0.4366231425748772	0.4863738677882585	0.6243391570108661	0.7038239372780315	0.8279303055408511	0.3194475630431448	0.442898433370464	0.158716290678223	0.5876288934757268	0.742854630925416	0.6119516417444277	0.6864728197152412	0.459827049059522	0.6581306696572997	0.670450680391403	0.577624477413837	0.5865762363094942	0.5943562876616144	0.04395873679275697	-0.0674878387576765	0.04616536564156881	0.5275627432852903	0.3926944301001276	0.8181864001666268	0.6556245215875447	0.6719336635279975	0.6712425646289151	-0.1558019363839005	0.2328421230474076	0.39345731245436	0.4026618427353488	0.5381138007761135	0.5430143935526663	0.5339331526230455	0.6622567246057707	0.749101335144108	0.5987790500360282	0.6165615511434228	0.5716033261170725	-1.125442157976037	-0.2584555359000039	0.08335660682587473	0.6337197593877039	0.138502100776552	0.2667777174316466
0.267	8.75338837	3.34934648	-1.18756897	0.6277341400000001	0.99421785	-0.01606099	4.44106821	-12.82465635	-8.14874305	-69.43376539	-9.000135050000001	-2.84657239	0	3.43677121	5.36951768	-5.26323375	-16.14200814	-1.13357777	6.12450865	0	-23.89562162	-5.054293	-6.34840977	0.07974008027879456	0.08043560710870867	0.08248965878702583	0.07839261972598949	0.08077941513047732	0.08122258409565397	1.013368492983863	0.1883418379746736	0.3927049991317564	0.4786773999205429	0.0874313883342358	0.04706386542739462	0.04542651561296121	0.04467190120534432	0.04496189513531397	0.03561310158880755	0.0823260089673313	0.06380789058308781	0.06964944980719401	0.06637431154332134	0.05598068235682804	0.03288939126991094	0.1204226511756554	0.1234585662499537	0.05901380180968556	0.07142147938593489	0.07574538813255985	0.0476954212810918	0.2669368141518043	0.2880350907680468	0.2417640847570796	0.01002307306474228	0.01002304241186956	0.01002299373655713	0.05525627952251791	0.0649898343990165	0.06441850379956998	0.08358647773175593	0.06849230518740673	0.06619357168073321	0.07270401810436503	0.08093741936814286	0.07298574809928887	0.9661626652949273	0.4826707009651079	0.4588340543249256	0.4739289305216126	0.4616775789130814	0.4882521159656386	0.6149121356065654	0.6816358779685263	0.7852068432336567	0.346023192860307	0.4514367099520986	0.1459396419547116	0.5366471627955303	0.7018082931874532	0.5960236201219273	0.6615174922415403	0.4759781232504574	0.6274980555705298	0.6354422256760774	0.5683519342896437	0.5760169194304807	0.581632008934168	0.09389099415504276	-0.009706213927687113	0.04442866732415107	0.5041976050295554	0.3879170091375741	0.7668274329776754	0.6355840119583434	0.6495391096990417	0.6488611976994889	-0.09467287399906743	0.2579273489223444	0.3676892550944124	0.4143499857989248	0.5345584064932143	0.5382747127244469	0.5427005996926808	0.6395677038172098	0.7117979757524708	0.5883473088603832	0.6073879292673121	0.5656878296601415	-0.9962750426662876	-0.2263315728904026	0.07842028754693917	0.5780318665362865	0.1269733969239958	0.2437194301215044
0.283	9.14042079	3.32826063	-0.57330162	0.62677189	0.99700245	-0.017733	6.41114539	-12.62343094	-8.27752635	-70.55993802	-7.84334546	-3.15472601	0	1.12471873	5.41276426	-5.07498999	-14.88300816	-0.63809545	6.98259912	0	-24.34646259	-4.83271778	-7.17027617	0.07432255242560164	0.074800847408813	0.07662470004276117	0.07287053322220972	0.0750591101945379	0.07545188279742807	0.9206767018086468	0.1733391215340376	0.3574802483232573	0.4383044760386643	0.08149363287240344	0.04410284246157342	0.04259480333070913	0.0418948126736403	0.04216292114407685	0.0335943699820736	0.07672996498519044	0.05947682075551718	0.06501658801060443	0.06182709083850844	0.05226801699591943	0.03108391478130466	0.1113816785940169	0.1141576344180501	0.05501508083206307	0.06643524620777903	0.07040600346001641	0.04465701015369614	0.2430209419946605	0.262155664577196	0.2199584703228979	0.01002102797176126	0.01002100027156471	0.01002095615585024	0.05151788146026734	0.0605346273743935	0.06000639849689103	0.07787575688014697	0.06376258449748311	0.06163868121086818	0.06764605429377693	0.07528807034742907	0.06791108148170255	0.9679097122400711	0.4869575750179038	0.4234546946337219	0.5083806553294345	0.4852582248784496	0.4900198789561148	0.606039644873106	0.6607529986184035	0.7449965257680622	0.3710355503352822	0.4594727349701082	0.1339145608031715	0.4886643574494632	0.6631764459046645	0.5810325409478101	0.6380301252074685	0.4911791342536906	0.598667359959453	0.6024930918263596	0.5596248348786381	0.5660787388384683	0.5696562171906892	0.1408860599077815	0.04467649179465649	0.04279412773128732	0.4822068866712166	0.3834206129375244	0.7184895815057217	0.6167223558367421	0.6284618825659063	0.6277963817659113	-0.03713963881334248	0.2815369732752258	0.3434369658144619	0.4253505910352322	0.5312121530504856	0.5338138366508289	0.5509523145817492	0.6182133313103293	0.6766889316191649	0.5785291995185995	0.5987539322074436	0.5601203035830298	-0.8747059929629943	-0.1960972547637191	0.07377433999029392	0.5256197320878939	0.11612285212159	0.2220175126531353
0.3	9.39289172	3.52645794	0.02566378	0.62542458	0.99916656	-0.02025519	8.408577409999999	-12.89037538	-8.458269339999999	-71.06053222	-6.7761652	-2.1540801	0	-1.18343548	5.77785796	-4.51283044	-13.24018471	-0.5247924	7.23244059	0	-24.69543442	-4.70418655	-8.088733660000001	0.06856642908158413	0.0688139152276738	0.07039318137697996	0.06700331631194369	0.06898128620010223	0.06932051266806306	0.8221916736849795	0.1573987353158617	0.3200539505892269	0.3954082444141683	0.07518476769420653	0.04095675556038837	0.03958610903081629	0.03894415610870476	0.03918901127838741	0.03144946764991878	0.07078416825416571	0.05487505906372334	0.06009417235172798	0.05699566883964474	0.04832331004995404	0.0291655960121605	0.1017756452260261	0.1042753943466525	0.05076643979333918	0.06113737345598839	0.06473290724543897	0.04142869833083823	0.2176103278276953	0.2346587742494167	0.1967900049865797	0.01001885506046892	0.0100188304974908	0.01001879122634916	0.04754583351912609	0.05580096991073148	0.05531853661279464	0.07180811597531238	0.05873725626443926	0.0567991100866366	0.06227196774502707	0.06928563701292065	0.06251924820051707	0.969765949619287	0.491512378698999	0.3858641249618177	0.5449856129377451	0.5103126612166538	0.4918981271334952	0.5966126234688054	0.6385649393088981	0.702273063460868	0.3976111801524449	0.4680110115517437	0.12113791207966	0.4376826267692668	0.6221301081667019	0.5651045193253101	0.6130747977337667	0.5073302084446261	0.5680347458726833	0.5674846371110338	0.5503522917544446	0.555519421959455	0.5569319384632427	0.1908183172700673	0.1024581166246459	0.04105742941386961	0.4588417484154816	0.3786431919749711	0.6671306143167706	0.5966818462075405	0.6060673287369502	0.6054150148364854	0.02398942357149081	0.3066221991501623	0.3176689084545143	0.4370387340988087	0.5276567587675864	0.5290741558226093	0.559719761651384	0.5955243105217685	0.6393855722275275	0.5680974583429548	0.5895803103313333	0.5542048071260988	-0.7455388776532446	-0.1639732917541178	0.06883802071135839	0.4699318392364765	0.1045941482690339	0.198959225342993
0.317	9.57796725	3.67257495	0.30188304	0.62284205	1.00051079	-0.02165896	10.64421656	-12.85676653	-8.052217300000001	-71.0360182	-5.87047476	-0.74092691	0	-3.23043187	5.96810498	-4.40505191	-11.83281268	-0.2213562	7.86054921	0	-24.98435668	-4.68354544	-8.84459128	0.06281030573756664	0.06282698304653464	0.06416166271119877	0.06113609940167762	0.06290346220566656	0.06318914253869803	0.7237066455613124	0.1414583490976858	0.2826276528551963	0.3525120127896722	0.06887590251600964	0.03781066865920333	0.03657741473092344	0.03599349954376923	0.03621510141269797	0.02930456531776396	0.06483837152314101	0.05027329737192954	0.05517175669285153	0.05216424684078105	0.04437860310398865	0.02724727724301634	0.09216961185803531	0.09439315427525485	0.04651779875461527	0.05583950070419776	0.05905981103086151	0.03820038650798033	0.1921997136607301	0.2071618839216376	0.1736215396502616	0.01001668214917659	0.01001666072341689	0.01001662629684809	0.04357378557798484	0.05106731244706951	0.05063067472869824	0.06574047507047781	0.05371192803139543	0.051959538962405	0.05689788119627724	0.06328320367841221	0.05712741491933158	0.9716221869985042	0.4960671823800942	0.3482735552899136	0.5815905705460565	0.5353670975548579	0.4937763753108755	0.587185602064505	0.6163768799993932	0.6595496011536737	0.4241868099696071	0.4765492881333786	0.1083612633561486	0.3867008960890703	0.581083770428739	0.5491764977028102	0.5881194702600658	0.5234812826355619	0.5374021317859141	0.5324761823957085	0.5410797486302508	0.5449601050804416	0.5442076597357965	0.2407505746323533	0.1602397414546357	0.03932073109645187	0.4354766101597466	0.3738657710124182	0.6157716471278193	0.5766413365783387	0.583672774907994	0.5830336479070595	0.0851184859563241	0.3317074250250991	0.2919008510945668	0.4487268771623856	0.5241013644846877	0.5243344749943899	0.5684872087210193	0.5728352897332079	0.60208221283589	0.5576657171673098	0.580406688455223	0.5482893106691675	-0.6163717623434948	-0.1318493287445164	0.06390170143242281	0.4142439463850591	0.09306544441647767	0.1759009380328508
0.333	9.80370169	3.42731299	1.05578193	0.621331	1.00237763	-0.02306388	12.09476969	-12.51530396	-8.47080152	-69.80779799	-5.08991241	1.13335522	0	-5.26987344	5.53772696	-4.53391514	-10.66326776	0.21023298	9.48520894	0	-25.33627861	-4.13389264	-9.525461780000001	0.05739277788437366	0.05719222334663891	0.05829670396693408	0.05561401289789782	0.05718315726972707	0.05741844124047209	0.6310148543860958	0.1264556326570497	0.247402902046697	0.3121390889077934	0.06293814705417725	0.03484964569338211	0.03374570244867134	0.0332164110120652	0.03341612742146084	0.02728583371102999	0.05924232754100008	0.04594222754435887	0.05053889489626193	0.04761702613596813	0.04066593774308006	0.02544180075441006	0.08312863927639687	0.08509222244335117	0.04251907777699276	0.05085326752604187	0.05372042635831802	0.03516197538058465	0.1682838415035862	0.1812824577307865	0.1518159252160797	0.01001463705619556	0.01001461858311203	0.01001458871614119	0.03983538751573423	0.04661210542244644	0.04621856942601926	0.06002975421886876	0.0489822073414718	0.04740464849253996	0.05183991738568912	0.05763385465769839	0.05205274830174523	0.9733692339436479	0.5003540564328897	0.3128941955987096	0.616042295353878	0.5589477435202259	0.495544138301351	0.5783131113310449	0.5954940006492702	0.6193392836880787	0.449199167444583	0.4845853131513878	0.09633618220460839	0.338718090743003	0.5424519231459504	0.5341854185286925	0.5646321032259938	0.5386822936387952	0.5085714361748367	0.4995270485459899	0.532352649219245	0.5350219244884289	0.5322318679923173	0.2877456403850926	0.2146224471769789	0.0376861915035881	0.4134858918014077	0.3693693748123682	0.567433795655865	0.557779680456737	0.5625955477748585	0.5619688319734819	0.142651721142049	0.3553170493779803	0.2676485618146162	0.4597274823986923	0.5207551110419586	0.5198735989207717	0.5767389236100873	0.5514809172263269	0.5669731687025841	0.5478476078255261	0.5717726913953545	0.5427217845920556	-0.4948027126402009	-0.1016150106178328	0.05925575387577756	0.3618318119366663	0.08221489961407182	0.1541990205644816
0.35	9.99250245	3.34696248	1.33077025	0.6187175700000001	1.00331879	-0.0239387	13.71006961	-12.2580372	-8.25815586	-68.12766299	-3.9987594	3.05457837	0	-7.21727511	5.36419053	-4.72622752	-9.449038290000001	0.57846959	10.55413833	0	-25.71922611	-3.87169774	-9.926940330000001	0.05163665454035617	0.05120529116549975	0.05206518530115288	0.04974679598763179	0.05110533327529141	0.05128707111110708	0.5325298262624287	0.1105152464388738	0.2099766043126666	0.2692428572832974	0.05662928187598035	0.03170355879219706	0.0307370081487785	0.03026575444712967	0.03044221755577142	0.02514093137887518	0.05329653080997539	0.04134046585256505	0.04561647923738549	0.04278560413710444	0.03672123079711467	0.02352348198526589	0.07352260590840606	0.07520998237195357	0.03827043673826886	0.04555539477425125	0.0480473301437406	0.03193366355772676	0.1428732273366211	0.1537855674030074	0.1286474598797616	0.01001246414490322	0.01001244880903812	0.01001242378664012	0.03586333957459298	0.04187844795878447	0.04153070754192287	0.05396211331403422	0.04395687910842797	0.04256507736830837	0.04646583083693928	0.05163142132318999	0.04666091502055974	0.9752254713228639	0.5049088601139848	0.2753036259268056	0.652647252962189	0.5840021798584298	0.4974223864787315	0.5688860899267443	0.5733059413397649	0.5766158213808845	0.475774797261745	0.4931235897330226	0.08355953348109701	0.2877363600628067	0.5014055854079875	0.5182573969061925	0.5396767757522926	0.5548333678297306	0.4779388220880674	0.4645185938306646	0.5230801060950515	0.5244626076094155	0.5195075892648708	0.337677897747378	0.2724040720069683	0.03594949318617037	0.3901207535456729	0.364591953849815	0.5160748284669139	0.5377391708275355	0.5402009939459024	0.5395874650440556	0.2037807835268819	0.3804022752529167	0.2418805044546687	0.471415625462269	0.5171997167590594	0.5151339180925524	0.5855063706797226	0.5287918964377661	0.5296698093109468	0.5374158666498813	0.562599069519244	0.5368062881351243	-0.3656355973304516	-0.0694910476082316	0.05431943459684202	0.3061439190852491	0.07068619576151566	0.1311407332543394
0.367	10.56314716	3.17983021	1.4663221	0.61645616	1.00461848	-0.0245838	14.54780456	-11.82971611	-8.061560200000001	-65.5417229	-3.25285561	4.52941986	0	-9.67453134	5.07619562	-5.23488927	-8.075328219999999	0.82878565	11.8530185	0	-26.39809183	-3.58089844	-9.8864891	0.04588053119633867	0.04521835898436057	0.04583366663537166	0.04387957907736575	0.04502750928085574	0.04515570098174204	0.4340447981387616	0.09457486022069794	0.1725503065786362	0.2263466256588014	0.05032041669778343	0.02855747189101201	0.02772831384888564	0.02731509788219414	0.02746830769008198	0.02299602904672035	0.04735073407895068	0.03673870416077124	0.04069406357850903	0.03795418213824073	0.03277652385114928	0.02160516321612173	0.06391657254041523	0.06532774230055594	0.03402179569954495	0.04025752202246061	0.04237423392916316	0.02870535173486885	0.1174626131696558	0.1262886770752282	0.1054789945434434	0.01001029123361088	0.01001027903496421	0.01001025885713905	0.03189129163345173	0.03714479049512248	0.03684284565782647	0.04789447240919963	0.03893155087538413	0.03772550624407678	0.04109174428818942	0.04562898798868156	0.04126908173937426	0.9770817087020796	0.5094636637950802	0.2377130562549014	0.6892522105704995	0.6090566161966338	0.499300634656112	0.5594590685224436	0.5511178820302594	0.5338923590736901	0.502350427078907	0.5016618663146578	0.07078288475758557	0.2367546293826103	0.4603592476700246	0.5023293752836927	0.5147214482785911	0.570984442020666	0.4473062080012979	0.4295101391153389	0.5138075629708578	0.5139032907304022	0.5067833105374245	0.3876101551096637	0.3301856968369582	0.03421279486875262	0.3667556152899378	0.3598145328872619	0.4647158612779627	0.5176986611983337	0.5178064401169462	0.5172060981146298	0.264909845911715	0.4054875011278534	0.2161124470947211	0.4831037685258452	0.5136443224761602	0.5103942372643331	0.5942738177493574	0.5061028756492054	0.4923664499193094	0.5269841254742362	0.5534254476431334	0.530890791678193	-0.2364684820207019	-0.03736708459863027	0.04938311531790645	0.2504560262338317	0.05915749190895948	0.1080824459441972
0.383	10.89816031	3.19098006	1.28091889	0.61452041	1.00511138	-0.02579968	15.43973166	-11.68602544	-7.74776872	-62.36376521	-2.59075924	5.758957	0	-11.94134532	5.1656536	-5.75966094	-6.59911329	0.82617326	12.58825705	0	-26.8493866	-3.49975437	-10.13346232	0.04046300334314572	0.03958359928446487	0.03996870789110699	0.03835749257358594	0.03930720434491627	0.03938499968351612	0.3413530069635452	0.0795721437800618	0.1373255557701369	0.1859737017769227	0.04438266123595105	0.02559644892519079	0.02489660156663354	0.0245380093504901	0.02466933369884485	0.02097729743998639	0.04175469009680977	0.03240763433320058	0.03606120178191943	0.03340696143342783	0.02906385849024067	0.01979968672751545	0.05487559995877681	0.05602681046865228	0.03002307472192245	0.03527128884430472	0.03703484925661968	0.02566694060747318	0.09354674101251202	0.1004092508843772	0.08367338010926166	0.01000824614062986	0.01000823689465935	0.01000822127643216	0.02815289357120114	0.03268958347049943	0.03243074035514751	0.04218375155759062	0.0342018301854605	0.03317061577421174	0.03603378047760133	0.03997963896796775	0.03619441512178791	0.9788287556472242	0.5137505378478757	0.2023336965636974	0.7237039353783216	0.6326372621620022	0.5010683976465875	0.5505865777889841	0.5302350026801366	0.4936820416080955	0.5273627845538831	0.5096978913326671	0.05875780360604539	0.188771824036543	0.421727400387236	0.4873382961095751	0.4912340812445192	0.5861854530238995	0.4184755123902207	0.3965610052656207	0.505080463559852	0.5039651101383895	0.4948075187939456	0.4346052208624032	0.3845684025593015	0.03257825527588887	0.3447648969315991	0.3553181366872119	0.4163780098060086	0.4988370050767323	0.4967292129838108	0.4961412821810522	0.3224430810974402	0.4290971254807349	0.1918601578147705	0.4941043737621525	0.5102980690334316	0.5059333611907149	0.6025255326384258	0.4847485031423246	0.4572574057860035	0.5171660161324527	0.5447914505832649	0.5253232656010812	-0.114899432317408	-0.007132766471946654	0.0447371677612612	0.1980438917854389	0.04830694710655364	0.086380528475828
0.4	11.48112046	3.36978671	1.18402288	0.61217459	1.00525478	-0.02685596	15.78383356	-11.71625763	-7.6091138	-58.61623677	-1.97339431	6.09694818	0	-14.48323001	5.40377379	-5.98710444	-5.07977288	0.80678611	13.20611871	0	-27.53686616	-3.50417382	-10.09297689	0.03470687999912821	0.03359666710332567	0.03373718922532577	0.03249027566331989	0.0332293803504806	0.03325362955415109	0.2428679788398779	0.06363175756188592	0.09989925803610637	0.1430774701524266	0.03807379605775414	0.02245036202400574	0.02188790726674069	0.02158735278555457	0.02169542383315541	0.01883239510783156	0.03580889336578506	0.02780587264140675	0.03113878612304298	0.02857553943456412	0.02511915154427528	0.01788136795837128	0.04526956659078597	0.04614457039725465	0.02577443368319854	0.02997341609251409	0.03136175304204224	0.02243862878461527	0.06813612684554675	0.072912360556598	0.06050491477294349	0.01000607322933752	0.01000606712058544	0.01000605634693108	0.02418084563005988	0.02795592600683744	0.0277428784710511	0.03611611065275604	0.02917650195241666	0.02833104464998015	0.03065969392885147	0.03397720563345932	0.03080258184060241	0.98068499302644	0.518305341528971	0.1647431268917933	0.7603088929866324	0.657691698500206	0.502946645823968	0.5411595563846834	0.5080469433706313	0.4509585793009012	0.5539384143710452	0.518236167914302	0.04598115488253395	0.1377900933563465	0.3806810626492731	0.4714102744870752	0.4662787537708179	0.602336527214835	0.3878428983034512	0.3615525505502951	0.4958079204356585	0.4934057932593761	0.4820832400664992	0.4845374782246888	0.4423500273892912	0.03084155695847113	0.321399758675864	0.3505407157246588	0.3650190426170574	0.4787964954475307	0.4743346591548546	0.4737599152516261	0.3835721434822733	0.4541823513556715	0.1660921004548229	0.505792516825729	0.5067426747505324	0.5011936803624955	0.6112929797080608	0.4620594823537638	0.4199540463943661	0.5067342749568077	0.5356178287071546	0.51940776914415	0.01426768299234175	0.02499119653765468	0.03980084848232564	0.1423559989340215	0.03677824325399746	0.06332224116568574
0.417	11.52785232	3.41769987	1.26029829	0.60968581	1.00475981	-0.02818875	16.32414019	-11.67777008	-7.96865204	-54.12029454	-1.78472436	5.7254957	0	-16.29684419	5.51446019	-5.97214945	-3.79917286	0.82151044	13.49135492	0	-27.81671717	-3.36195356	-10.33265872	0.02895075665511072	0.0276097349221865	0.02750567055954458	0.02662305875305386	0.02715155635604494	0.02712225942478608	0.1443829507162109	0.04769137134371008	0.062472960302076	0.1001812385279306	0.03176493087955725	0.0193042751228207	0.01887921296684785	0.01863669622061905	0.01872151396746598	0.01668749277567674	0.02986309663476037	0.02320411094961294	0.02621637046416654	0.02374411743570043	0.0211744445983099	0.01596304918922712	0.03566353322279518	0.03626233032585705	0.02152579264447464	0.02467554334072347	0.02568865682746481	0.01921031696175738	0.04272551267858157	0.04541547022881889	0.0373364494366254	0.01000390031804518	0.01000389734651153	0.01000389141743001	0.02020879768891864	0.02322226854317546	0.02305501658695471	0.03004846974792148	0.02415117371937283	0.02349147352574857	0.02528560738010163	0.02797477229895092	0.02541074855941693	0.982541230405656	0.5228601452100663	0.1271525572198892	0.7969138505949431	0.6827461348384098	0.5048248940013484	0.5317325349803828	0.485858884061126	0.408235116993707	0.5805140441882072	0.526774444495937	0.03320450615902255	0.08680836267615021	0.3396347249113103	0.4554822528645753	0.4413234262971166	0.6184876014057705	0.3572102842166818	0.3265440958349696	0.486535377311465	0.4828464763803628	0.4693589613390529	0.5344697355869743	0.5001316522192807	0.0291048586410534	0.2980346204201291	0.3457632947621057	0.3136600754281064	0.4587559858183291	0.4519401053258985	0.4513785483222	0.4447012058671062	0.479267577230608	0.1403240430948754	0.5174806598893054	0.5031872804676332	0.496453999534276	0.6200604267776959	0.4393704615652031	0.3826506870027288	0.4963025337811627	0.5264442068310442	0.5134922726872188	0.143434798302091	0.05711515954725591	0.03486452920339009	0.08666810608260431	0.0252495394014413	0.04026395385554357
0.433	11.4933747	3.60258443	1.05685564	0.60709424	1.0036524	-0.02828652	16.74230806	-11.60952174	-8.135573340000001	-49.06786304	-1.68371548	5.05090811	0	-17.92056847	5.76602761	-6.4595004	-2.68120744	0.89428545	14.17079436	0	-27.95944553	-3.52806105	-10.17576373	0.02731110932310758	0.02512280928181247	0.02463037628693107	0.0231075339128939	0.02354750293311635	0.02344744637079597	0.09340425576585276	0.03842205138800611	0.0469492562980821	0.07115547064122774	0.02668601479493893	0.0166340767163412	0.01657247432352933	0.01650060560343502	0.01668025038532021	0.0154525104836254	0.02511502285294069	0.01992054030106865	0.02248371267959098	0.02081565468647997	0.01932476127808717	0.0149837488776719	0.02699984761436788	0.02737868767236646	0.01865358068941399	0.0211088343875121	0.021916016164817	0.01630193924030965	0.03215495191444024	0.03312775042392078	0.03349206144269079	0.01000245926930833	0.01000245790763609	0.01000245495901472	0.01773938874958674	0.02014121310042154	0.02000768727176589	0.02580172883846791	0.02080744531896729	0.02027836574055931	0.02167507187003635	0.02385742824385451	0.02179039274647983	0.9801552039295693	0.5007554260738394	0.08747052616316545	0.8037880433309124	0.6853816630797189	0.496665242097345	0.5173163935315576	0.460396355945081	0.3625069436723227	0.6001497407172869	0.5350862861074237	0.03931659179162514	0.06751447131498176	0.3214465382840113	0.4467209480392795	0.4241271246250944	0.6238275685041255	0.3493561634706951	0.3158141727733457	0.4794252680185346	0.4746176641046139	0.4609222792884173	0.6015876215680578	0.5793859715672358	0.02948602981345586	0.2860892788654246	0.3463776562074753	0.3074560903805507	0.4451014406161143	0.4367174236919529	0.4361843941239173	0.501253820106197	0.501946776301792	0.1239792910972573	0.5149308009573917	0.4983386035501522	0.4911996724039971	0.6180067019942246	0.4307558355561855	0.3708918399242327	0.4903648352794593	0.5211425605839883	0.5083982586442702	0.2313387087014366	0.07432522406044041	0.02886236004061404	0.04457955341970116	0.0174264741091689	0.02336583257622824
0.45	11.71615059	3.93300767	1.0436162	0.60491605	1.00237945	-0.02881769	16.44936179	-11.71567071	-8.612569969999999	-43.44985004	-1.71104559	4.22326191	0	-19.80663914	6.12729717	-6.50161432	-1.69114925	1.05203556	14.57342549	0	-28.31840971	-3.72473476	-10.23802789	0.02958298208661844	0.02582502447715683	0.02475189462340859	0.02150426053782001	0.02196671340382877	0.02176983876043203	0.08355955712000905	0.03466513270031106	0.05138768302362558	0.05237194550648012	0.02220218329332191	0.01410599200375731	0.01467934900637033	0.01491206960685451	0.01531647513894989	0.01497307544517113	0.0209711627975986	0.01754471436470587	0.01947423054624436	0.0194240933432502	0.01933889116857927	0.01482105448476123	0.01819554906445073	0.01838318710509659	0.01679877132363403	0.01882745061372856	0.01957225097126785	0.01334994840509113	0.03510312445760519	0.03451323616629152	0.04849120229189793	0.01000156995203487	0.0100015688740997	0.0100015674143833	0.01646394269464772	0.01832762774823146	0.01821997436108605	0.02284504531071366	0.01872735070114937	0.01829008282126375	0.01937677045989747	0.02111050546128308	0.01948896992517399	0.9732286602886698	0.4492280942282622	0.04073677983953153	0.781790745286536	0.6659277242542968	0.4774477336239573	0.4961091143571051	0.4284765430079909	0.3080580376715754	0.6152999660244193	0.544210672950198	0.06508142248441705	0.07749668285269527	0.3238429794389638	0.444031196908026	0.4125403110457487	0.6190239243971944	0.3632987709722429	0.3280215409827203	0.4735888288952512	0.4676907548976608	0.4557186086582634	0.6942808719155746	0.6900197753516508	0.03203271687222882	0.2840705663174126	0.352460595241439	0.3456315893434463	0.4361260416906093	0.426763779048775	0.4262781833819925	0.5602990629794321	0.5250548484531212	0.1150147504622663	0.4978242076634986	0.4915905593834047	0.4847739080803737	0.6048750897597132	0.4351387760755837	0.3832076492740661	0.4881789671389846	0.5190501841851051	0.503488975259936	0.2889674029902963	0.07877264814135616	0.02104406984865051	0.01082927186244936	0.01233116421564623	0.01051561216782542
0.467	11.58822586	4.28216105	0.88847579	0.60212076	1.00027413	-0.02888676	16.34581035	-11.73219371	-9.017567339999999	-37.35685216	-1.89198599	3.80574501	0	-21.07227645	6.53298745	-6.87659843	-1.09771014	1.37341583	15.1599069	0	-28.32750776	-3.99232708	-10.26223166	0.0332149657833911	0.02734420732357173	0.02541541265326123	0.0231685456628664	0.02371814439931208	0.02315157092762752	0.08403597434459607	0.03995971372875879	0.05119852157954	0.07029800099543801	0.02516079829582702	0.01396001929427312	0.01444744490753909	0.01465379221653986	0.01501983249983024	0.01448553131719221	0.02368372847744393	0.01784136460445741	0.02022241259827728	0.01977438750803814	0.01898189468571744	0.01426807877604976	0.02298411021767171	0.02331278277948058	0.01677584068745239	0.01935106348708619	0.0201224453177292	0.01365401069718382	0.02928256765690516	0.03109847696915821	0.03844628905601342	0.01000180609769203	0.01000180517981324	0.01000180346074232	0.01684309108779467	0.01880999075887363	0.01867853728613551	0.02398180972383637	0.01921069167893928	0.01866074457374453	0.02002258775104674	0.0220592422576641	0.02014074494385866	0.9729828758092175	0.4247315544264433	0.03127033729150377	0.7893450736549302	0.6662202510289771	0.4600810293086989	0.5076148898971977	0.4597082771932938	0.3554598156457411	0.6115266999642894	0.5353669458711167	0.05988992391804709	0.08448413696609458	0.3125353911252263	0.443915563420677	0.423646731777269	0.61113581332366	0.3471955412205616	0.3107353285547393	0.4737380211196086	0.4694433622738193	0.4569524960745344	0.6325789063103859	0.6197384455452288	0.0303367961450551	0.2504506068300389	0.3418059593152969	0.2606299470701361	0.441497455307004	0.4333016429290942	0.4326350156116306	0.5650036936544367	0.5268972785892548	0.1254183002761326	0.4954769160869389	0.4910836002083022	0.4847128915964118	0.5963436816559058	0.439697741235155	0.3929514492084212	0.488933869509928	0.5186732866314878	0.5026924864212922	0.1595001939626799	0.03594611480954726	0.0292307457329013	0.02577352782206536	0.03394349945138185	0.02044629045289317
0.483	11.2148096	4.53734217	1.11485223	0.59957293	0.99777902	-0.0288623	16.04338866	-11.67012826	-9.838744050000001	-30.79582786	-2.0911299	3.8785562	0	-22.18259949	6.67507077	-6.5668779	-0.3609172	1.61981249	15.40835592	0	-28.14740142	-4.09001609	-10.36954022	0.03328849099857811	0.02714523557374026	0.02511186171197407	0.02366136271497972	0.02422135442748731	0.02355867023588204	0.08424692766011846	0.04248807228868917	0.05141785487893484	0.08133224007131923	0.0265033739752627	0.01397661355548153	0.0143075344822469	0.01444473335233459	0.01474763468186779	0.01400021293961694	0.02444480981311427	0.01799445075250498	0.02098282098186258	0.01970039453310843	0.01825403382537092	0.01369272937635111	0.02586619223913727	0.02627869347156798	0.01656857875161279	0.01955459042198192	0.02035304790468083	0.01335686888687748	0.04750463378105236	0.03655079542438298	0.05943491781419811	0.01000186114695167	0.01000185999251453	0.01000185800838422	0.0171252460275645	0.01901163934071569	0.01886258040321619	0.02438116859284158	0.01931765065580374	0.01866682907940516	0.02024883822605715	0.02241496839489025	0.02036785601926521	0.9753790384556451	0.4207743987336707	0.03323522000879656	0.8068313692345314	0.6764232332050328	0.4581714991227676	0.513313987297318	0.4703966683889604	0.3669890453718452	0.6205635835265237	0.5359620213714322	0.04761984671304151	0.06826321593689003	0.3012525967029538	0.4423418411094931	0.425661155041463	0.6131456806446856	0.3366085583517236	0.3003793724384602	0.4735642019507992	0.4695730965932757	0.4563701826965325	0.6210755211965009	0.6023529951505957	0.02930827990911437	0.2404215683504635	0.3489925591728524	0.2153802152647654	0.4408869917944915	0.4328209189476612	0.4318045749735102	0.5968165902299135	0.5426464557643382	0.1253122104921073	0.503238058560898	0.4925313304338181	0.486182008711297	0.594951865132425	0.4370829457451721	0.3886581697816289	0.4880380969356666	0.5167247646161203	0.5025261363803106	0.09854854004711497	0.04946010029445972	0.04363875737475374	0.02750484912899682	0.04160496064524451	0.02272601221839111
0.5	10.682205	4.83310128	0.88197949	0.59742922	0.9945192899999999	-0.02750977	15.8890328	-11.3887692	-10.01683442	-24.14906898	-2.34072566	4.38677688	0	-22.95143974	6.94266709	-7.3186611	-0.00653236	2.10212461	16.53985556	0	-27.69628153	-4.47002534	-9.97709397	0.02981274838407786	0.02520323775893349	0.02380329793188622	0.02304431382567413	0.02353924474187638	0.02304202409872742	0.08421878623101654	0.04256625320009353	0.05207309958423447	0.08685394261860907	0.02639773229155841	0.01415784907003362	0.01424212892733225	0.01425876065621303	0.01446585695781723	0.01345645551524841	0.02334954197156845	0.01802310857735454	0.02185050674494843	0.01919286529659485	0.01706432597999638	0.01302308761070295	0.02720205538153064	0.02765165801786974	0.0161510777741353	0.01946347228527772	0.0202928840554917	0.0124213802478838	0.09204708109556514	0.05155173133886891	0.114080667161225	0.01000174198097122	0.01000174016379124	0.01000173787576425	0.01734567688142846	0.01895777956648791	0.01879510910196318	0.02409304177635496	0.01906159750385081	0.01830909690145321	0.020083803194305	0.02222214964011479	0.02019869203581947	0.9807166685587559	0.4368619826883475	0.04687703833107144	0.8364354189727901	0.6978120435544711	0.4714804517929216	0.5139187937324814	0.4618777654944496	0.3440868805656512	0.6435402271564014	0.5460702838886844	0.02673743121877457	0.0268063046364311	0.288584246869362	0.4391133146855764	0.418835383746355	0.6253047597753992	0.3302144495071239	0.2956591781193484	0.4730456439927216	0.468096174645962	0.4538988793520077	0.6583327934346835	0.6356902428684218	0.02881860363491404	0.2527298210687394	0.3749187197962998	0.2042261774516624	0.4342183432140082	0.425261516606797	0.4236830563878666	0.6597143647777974	0.5742710271252568	0.1146832198871872	0.5220777778946206	0.4961147163381419	0.4893648990643897	0.6005256631238358	0.4269675401693873	0.3697911510653402	0.4853796778444179	0.5129610528870816	0.5029691313818686	0.09849348450415497	0.1210038527817073	0.06606910622943944	0.01623965094661029	0.03627323044646717	0.01763974268500658
0.517	10.24465285	5.25178834	0.7464237500000001	0.595166	0.9910460800000001	-0.02656197	15.52815655	-11.2868565	-10.00069766	-17.64615517	-2.33688059	5.82457538	0	-23.77630099	7.31184874	-7.62439468	0.25800067	2.55567926	17.23835457	0	-27.41160086	-4.85354616	-9.948797130000001	0.02829879013058107	0.02469118239539986	0.02346578794086887	0.02251033061088957	0.02292741183964223	0.02259763497363798	0.1255743745464891	0.04481369478386758	0.07480202306026548	0.09607394866596559	0.02589216855558232	0.01444285142681063	0.01473345882370291	0.01484382047651008	0.0151580023003128	0.01433620682716245	0.0238862611226506	0.01820025735591396	0.02186864004172864	0.0194910432407056	0.01798388971165725	0.01384112822594843	0.02611277410618183	0.02654534034833923	0.01631445391746321	0.01943379158308378	0.0202134984418406	0.01543604041083156	0.08303449485280809	0.04829634898496583	0.1050217149500838	0.01000180698078312	0.01000180461847364	0.01000180182530009	0.01756161424700699	0.01909414677037954	0.01893430320935703	0.02387983672565333	0.01911358819640055	0.01835297583331125	0.02013340552195097	0.02212592498874679	0.02024856210028245	0.9816153595700796	0.5007839396952104	0.04060822603948184	0.8653136350571109	0.7596849601309652	0.5119961854320009	0.4890869515381506	0.3908180594514513	0.2220056465288271	0.6946341912307994	0.5867614454108101	0.03082861674760906	0.02926961928961642	0.2284131830682253	0.4242285782139777	0.3863944010470912	0.6755620148941117	0.2999903705419225	0.2625549308000398	0.4713629037192509	0.4628769616358073	0.4454980764980392	0.8050078656113295	0.7904424378063458	0.02883251343500097	0.2478310389067996	0.409155650561559	0.2833418680300141	0.4164362591317974	0.40470149053666	0.4023266612260329	0.7529945550815319	0.6152378301109919	0.07380413227418328	0.5065026015001058	0.4936023544002535	0.4859644021261483	0.6145024522082929	0.4250335038502178	0.3652631319675542	0.4887052589524656	0.5242987299054898	0.5062229329627619	0.1585439011992357	0.1213964419325102	0.05302762919008819	0.01248145711629079	0.01923763452791471	0.0130535825863323
0.533	9.77822098	5.58197971	0.80238562	0.5933663300000001	0.9872366299999999	-0.02537151	14.98362733	-11.0972031	-9.67014344	-11.35209308	-2.44428587	7.13520236	0	-24.50836525	7.4537359	-7.70665495	0.35908666	3.19418061	18.0245827	0	-27.01904785	-5.09720894	-9.815908159999999	0.02649560956871683	0.02302320061272275	0.0216053493689823	0.02221408905139378	0.02248741038484748	0.02201079265864232	0.1464438759835857	0.05017704776856481	0.0809617216674698	0.1072237676803447	0.02677173577397491	0.01521879724721276	0.01492393121390281	0.01489248414179678	0.01514897510835976	0.01424736115931845	0.02392585008628256	0.01859860326318795	0.02203305981074972	0.01920151666329549	0.01739069345329232	0.0137022353198823	0.03682100910422241	0.03745613475049776	0.01627123140498104	0.01944512342539142	0.02000703299250052	0.01681083586699698	0.05975332584561164	0.03789939784531628	0.07446655431911213	0.01000182353880521	0.0100018212614665	0.01000181861423155	0.01771809015379779	0.01916608899555719	0.01902496040405095	0.02333892429503592	0.0191995849409789	0.01853873997954926	0.02009227913086557	0.02180779622178895	0.02018804698027905	0.9835281941908797	0.5660368530202686	0.05214003759993834	0.9071736413776708	0.8151141613496136	0.5456280559587527	0.4812528134966761	0.3597724285550445	0.1698531474443029	0.7276328060286431	0.6111330564905911	0.02822563305752958	0.02815901728333528	0.161081846042112	0.4114410674250089	0.3680750437199264	0.7135583532179619	0.2628291558613575	0.2254665907075473	0.4711693270471438	0.4611678695329167	0.4401912308114575	0.8767826753889514	0.8732076408795002	0.02741689384401946	0.2283962186963086	0.4296663691317499	0.2943173303548389	0.4050411017949916	0.3916183664562747	0.3887634192905178	0.8262162154664459	0.6433317123080584	0.06194697162009061	0.4986518219414915	0.4923801279898714	0.4845260043544374	0.6186973024318667	0.4249665612901152	0.3651797770893092	0.4901579043116377	0.5288247640792815	0.5073323281484221	0.1789334607153037	0.08914134360718595	0.03610692314594256	0.01291556410223411	0.01523764053713455	0.01149588196837448
0.55	9.536927970000001	5.82485661	0.3700571	0.5924121	0.98323696	-0.02343966	14.30562331	-10.76535039	-8.61463605	-5.78476803	-2.43648849	8.228339350000001	0	-25.50674321	7.65506891	-8.794354759999999	0.46700194	3.78515091	19.6297792	0	-26.68654524	-5.41133844	-9.386152040000001	0.02417780912825211	0.0199907946880675	0.0179894273947407	0.02211855895224978	0.02216424019564278	0.02120814186436599	0.1494359782219432	0.05932673127727236	0.07132215773174795	0.1216971270385438	0.02914637984903527	0.01658267975879027	0.01483735514670694	0.01441083461023399	0.01443764698296398	0.01317881280323593	0.02347325748291833	0.01926793953758575	0.0223643185231393	0.01828809474218825	0.01521058767260599	0.0125890472792463	0.06066528975040744	0.06174789052461518	0.01601600742262852	0.01949888429248908	0.01964767952630394	0.01671761604840073	0.01929342794807629	0.01906125902746408	0.01859579018943859	0.01000179372479026	0.01000179217314393	0.01000179034117507	0.0178346640901497	0.01918259902016809	0.01907841283538167	0.02240269043067556	0.01933033733065815	0.018889609858447	0.01995528322216313	0.02122799724337155	0.02000958228580885	0.9866942767487563	0.6407773368291545	0.08291394945749801	0.9672479387245398	0.8710282973627475	0.5765800471890212	0.4894371123528738	0.3648601689431788	0.1811103209265129	0.7466608983996634	0.6222315685130005	0.0186031071872762	0.02333567336680254	0.07817381866275791	0.3991523434700486	0.3615873920989651	0.7440433170374308	0.2140856536303582	0.1797581153303096	0.4724407168923869	0.4627552618244289	0.43731498658144	0.8826290739897521	0.8943315024720297	0.02439479241309684	0.191996007910955	0.4390147153281466	0.2385244972167399	0.3986084765364901	0.384376753855593	0.3812979253393821	0.8885320534806536	0.6620644089910896	0.07762959284314762	0.4975440917739509	0.492295258805698	0.4848699060277931	0.613634570072504	0.4267583446690669	0.3695306670708247	0.4899191945918309	0.5271049096801806	0.5064359913370566	0.1622108579918674	0.02020667051506893	0.01319189984148438	0.01759623527768316	0.02377324922527918	0.01277192825388841
0.5669999999999999	9.51951107	5.92572658	0.27114649	0.59165773	0.97964465	-0.02204208	13.56562536	-10.45583331	-7.12244669	-1.64545874	-2.43187349	8.034284599999999	0	-26.66637106	7.55315092	-9.295052460000001	0.39624468	4.34087515	20.78142918	0	-26.66486588	-5.38487983	-9.096586739999999	0.02549352344205006	0.02148576582807494	0.02017156487789228	0.02384446127623804	0.0244034193221565	0.02349948446851281	0.2274273964542506	0.09257782352897904	0.1143431451270526	0.1641146016992588	0.03308081991246979	0.01479528559448201	0.01354252513913454	0.01323585064051535	0.01328366844827537	0.01218463708127941	0.02043598381362695	0.01868376559910104	0.02776624205896084	0.01806106106700723	0.01442284289862571	0.01179507847585914	0.0800501002579181	0.0818460996210853	0.01539031918199225	0.02014344586889924	0.02125758431925233	0.01224202100062074	0.02782708175959949	0.02382571570131715	0.02869202925776669	0.01000181546499656	0.01000181053980364	0.01000180615345172	0.01810208177180129	0.01924763982432618	0.01917018331401241	0.021656796754208	0.01944807443351741	0.01915640857413563	0.01988574249281157	0.02089119195106565	0.01990498472238357	0.9873442291288821	0.6262592734627092	0.07229140074398208	0.9726936983894039	0.898283368979271	0.5867923383956343	0.4724312938145425	0.2662828686502046	0.1346943997595216	0.8174011373601746	0.6806555395356275	0.01941528691567061	0.0217773281351466	0.06029367358377949	0.3651890084889331	0.3125863331394129	0.8012922871973703	0.1809585858164134	0.1420638969670999	0.4674688314341775	0.4525305267153391	0.4203577048977207	0.9166587554402288	0.9350585769918616	0.02280542831777206	0.1326825141723201	0.4508976367491643	0.3073277228591749	0.3448943632488796	0.3197566589890524	0.315710587657917	0.9318462480763396	0.771921524081965	0.07771954987233951	0.4643066312347413	0.485582320747009	0.479875325176471	0.5821770889179499	0.4516740016095936	0.4166977588741813	0.4944971945715079	0.5278360036459951	0.5020462316903807	0.1432179410360249	0.01653934776469356	0.03391369650101093	0.01539984412441927	0.02114740254049988	0.01141648243358583
0.583	9.489618159999999	6.15814788	0.79469706	0.59039056	0.97650509	-0.02107798	13.3293079	-10.58361433	-7.19386599	0.30328753	-2.31105628	8.797404220000001	0	-27.38426649	7.20073335	-9.192744510000001	-0.42677217	4.97397343	21.72263692	0	-26.84723357	-5.21261951	-9.386720479999999	0.02440306195800392	0.02093085025143304	0.02008343903679856	0.02392498511957139	0.02459840692339276	0.02374510482864221	0.2315097182051334	0.09611795438061814	0.1215401770837588	0.1623737448634144	0.03576117233204652	0.01626967077826172	0.01369937230660051	0.01315324881513876	0.01300889222817069	0.01174825364990151	0.02370643911693725	0.01893075182807289	0.02813284690244812	0.0175595520478467	0.01375800344953452	0.01140871214586123	0.08911110825574697	0.09106611615900795	0.01546855891445605	0.02052343298909047	0.02157984260042271	0.01972028828384268	0.03838878763435175	0.02891232963015176	0.04670506642758587	0.01000181917016827	0.01000181449632223	0.01000181026998155	0.01780977315300488	0.01918566282054463	0.01912127389011592	0.02144033559539586	0.01952950832777756	0.01932047866686209	0.01989577430981318	0.02083719755000824	0.01990376496409602	0.9861561582585655	0.607739138408426	0.05755694140006948	0.9697236726733478	0.9070783218824388	0.5878027343078025	0.4591932112934907	0.1978325304977651	0.08365646099857425	0.8703468971647048	0.7227552677360271	0.02019140309621097	0.02037135473327577	0.04285175584718829	0.3381687957382756	0.2783753697826657	0.8379288851025094	0.1675859147886065	0.1261060377661301	0.464167206307083	0.4455289881507151	0.4084602811972827	0.9485812717848094	0.9632719542149997	0.02293789818210136	0.09544404111321561	0.4567779932719792	0.376639529290031	0.3036199157108925	0.269970060081675	0.266600970120243	0.96113204902659	0.8403722785859502	0.09423790673191904	0.4231478818057718	0.4775300852426029	0.4733221951344144	0.5540577518138861	0.4754111612821735	0.4601327805442154	0.5005487594083373	0.532731885309742	0.4986212380851745	0.1222952433483001	0.04636382962578332	0.05030572109011418	0.01498883863310532	0.01728545299551481	0.02563058017057698
0.6	9.460449580000001	5.99782297	0.84837347	0.59084529	0.97340248	-0.01866737	13.67521307	-10.13670497	-6.41278537	0.08279860999999999	-2.00091695	8.05703278	0	-28.21262039	6.5558755	-9.725954939999999	-1.13108693	5.29738694	22.79864456	0	-26.7248954	-4.9111972	-8.95602575	0.0207701169906079	0.01825668351106157	0.01771403414132281	0.02237019596266646	0.02277357644950607	0.02197570548977035	0.1621932336934515	0.0703896401886443	0.09381288259645461	0.1162569494265299	0.03752248116021251	0.02119013345810187	0.01532750254503812	0.01415270390593214	0.01357897129513687	0.01181511458017999	0.03369343030576303	0.02003977150312278	0.02350995865903702	0.01672087905731161	0.01313296439419601	0.01138165249800284	0.08898093974362253	0.09056044220562331	0.01626050658657789	0.02068634404308666	0.02065473665496138	0.04008720130846931	0.05229875880667701	0.03495692755507219	0.07488653134512346	0.01000180530345186	0.01000180453726451	0.01000180320533081	0.0169211996564109	0.01898892088335077	0.01892557088570516	0.02172624930938761	0.01958481825022113	0.01940232889821716	0.01998663265029316	0.02105926474006715	0.02000577054116023	0.9829815552790174	0.5829019147845194	0.0368687640077712	0.9579666083618642	0.898512525185146	0.5797375344145469	0.4480681044745868	0.1509528622168061	0.02161676229855279	0.9121163977888195	0.7537932191392487	0.02102847025146482	0.01894200648595622	0.02366782573591052	0.3147141786242441	0.2546781316091306	0.8585326854909899	0.172296056668462	0.1298898053272791	0.4621231383702164	0.4408754538099787	0.4001355375175712	0.9823869375665659	0.9824983062943359	0.02480876073912591	0.07562577960125369	0.4573908294619429	0.4551238923131647	0.269625827980281	0.2287936322700392	0.227830370534151	0.9800501814501852	0.8759730168160423	0.1292494580293337	0.3689229998084217	0.4671320228544288	0.4643913746463663	0.5257616416223043	0.500936968645879	0.505265109789681	0.5088303347069225	0.5424045398793894	0.4957328863207873	0.09682742771772747	0.1134081763309745	0.0644169766824319	0.01631184311732705	0.01170465689720085	0.05719098368198577
0.617	9.58086065	5.60760801	1.170863	0.59168501	0.97094769	-0.01631285	14.27640057	-9.52118067	-5.94984089	-2.0028524	-2.17130193	6.70140195	0	-28.96153503	5.48397606	-10.11549605	-2.27271643	5.58830754	23.71579546	0	-26.78676963	-4.23638603	-9.001679279999999	0.02332428947391221	0.02203946042368271	0.02215042193256972	0.02148371920641502	0.02184274520838636	0.02165776937549498	0.2146802281476251	0.1056325358301404	0.1571481224764749	0.135064017694554	0.02948506323796845	0.01962424698701685	0.01560168960930854	0.01501427399700118	0.0150127617847798	0.01440147585969637	0.02691770519654907	0.01962283471388726	0.03421893887206799	0.01875183145521412	0.01791205275287253	0.01424165241524178	0.0587968011898611	0.05965600999166817	0.01690651893131361	0.02008386540263867	0.02098987940639611	0.03304582301144626	0.04894453063842968	0.03368919927533479	0.06129124571707874	0.0100018088121999	0.01000180827031033	0.01000180695726952	0.01620339927530641	0.01872146680378205	0.01865822283242625	0.02430071335121645	0.01965646451466143	0.01946659148450778	0.02022753516925431	0.02256647731966869	0.02027009730098064	0.988717499042179	0.5103819824037759	0.05058747851432065	0.965092124168578	0.8475704944096212	0.5450179015126567	0.4627125164730551	0.2223985410562729	0.05850134345015796	0.8842967202609471	0.720196542663448	0.01632153209087431	0.01838270939949866	0.02226085846049978	0.2996480107273393	0.2817516284378749	0.8112634877965075	0.1886882687323803	0.1398677782909761	0.4654301198274979	0.4482288880281822	0.4073190663765001	0.9782839816111393	0.9784797649714077	0.02045695588272733	0.06980703263631786	0.4576365886964094	0.391275796454636	0.2641872101274153	0.2184363520741464	0.2138832847354223	0.9817259564068017	0.8099790997183804	0.2196138996315659	0.2920308212112742	0.4523737444748696	0.4524956185977913	0.4769678647184565	0.5373018255735477	0.5691664711259244	0.5207753483310149	0.553997651848544	0.4900634438288401	0.1467420537927403	0.1011370287612268	0.05248805954074161	0.0124508532705153	0.01193238681475465	0.03710776842464752
0.633	9.81717246	5.53694734	1.81221321	0.59282228	0.96923459	-0.01431591	14.89137355	-9.318765750000001	-5.79959634	-5.19069081	-2.56784449	5.14951455	0	-29.66159189	4.55499146	-9.70084838	-3.68618849	5.4903245	24.03401842	0	-26.99803998	-3.71280189	-9.3950148	0.02443274848471278	0.02371786950470206	0.02409670308708784	0.02083559725886831	0.0211908643019062	0.02132362133865153	0.2589102477314759	0.1293459755917066	0.2006306531628547	0.153769615500134	0.0238165847527957	0.01963427154949064	0.01704313540351182	0.01676269688353083	0.01667261020037561	0.01602789329327874	0.02012279093642594	0.01935592437515263	0.04120820777148941	0.01959009495990956	0.01998537510984149	0.01591649632321024	0.03528516450391887	0.03564984498663096	0.01822329497332092	0.01981075646474914	0.02088350821390766	0.02351072885464416	0.04288325706120226	0.027301198177828	0.09417409546928956	0.01000181083137793	0.01000180976574961	0.01000180747269249	0.01525555069465258	0.01833056614488263	0.01822912368994195	0.02944456851996035	0.01961676441130885	0.01919264920060913	0.02070318183042195	0.02517165010880252	0.020842190527193	0.9344456353465888	0.3938777474240303	0.0456521559300917	0.9306593797694335	0.7785951169011452	0.4870182895036717	0.4703344654270329	0.2623009216799897	0.09552407819650616	0.8694035543552308	0.6968891769854644	0.07690882246407192	0.03964947399100036	0.06791900164937562	0.307540907722843	0.3008319483913673	0.7679462968813299	0.2357022777938178	0.1853140950449581	0.464719693028625	0.4486026110374727	0.4119059857187667	0.9756129082167235	0.9758488432050831	0.04437844105852184	0.09527381163105793	0.4555708661476109	0.380466692509995	0.2162970535455078	0.1726844256257215	0.1656306013788992	0.9698038793448109	0.7626994005715453	0.2726519708046214	0.2445784827426933	0.4428726297149526	0.4447708497898649	0.4452277611354792	0.560486137593382	0.6098786455472947	0.5289609655922729	0.5624960929223071	0.4864810146934871	0.1632322447947668	0.06850887337251244	0.0407384117460214	0.03373699776307266	0.01934294389072578	0.08387396276223999
0.65	9.673018949999999	5.5261068	2.34439852	0.59424334	0.96730292	-0.01184176	16.04067386	-9.146049379999999	-5.78469297	-8.9304597	-3.42596243	3.52554762	0	-29.6874013	3.72575627	-9.4625751	-5.59714207	5.43156438	24.83437803	0	-26.74738619	-3.33672625	-9.79764701	0.02423405139935965	0.02350171188924702	0.0237961627491919	0.02034481487658297	0.02073644861675557	0.02093149287463457	0.3004120448929842	0.1444941394435384	0.2296957909913907	0.1747119425689668	0.01980848589404773	0.0212214602158325	0.01983202065192338	0.0196165254263373	0.01876599759387376	0.01689766906012487	0.01245932324287836	0.01920567669457708	0.04535142396972886	0.01934045250948486	0.01961209675972398	0.01661553971040425	0.01550707510005326	0.01554117656488222	0.02037543171785072	0.01983287861218188	0.02032232667843496	0.01029003206846294	0.03335727887784144	0.01499442412536352	0.1776454368207826	0.01000181161338322	0.01000180921051225	0.01000180481602759	0.01395917284186769	0.01776735632429011	0.01758463606544172	0.03780079671171228	0.01946075542724432	0.01854625926103389	0.02147302846644206	0.02920042970611035	0.02179356187307386	0.8133819812302979	0.2188261804728149	0.02144588093205553	0.8503642821145373	0.6829644704711592	0.3984887468864691	0.4718866949557673	0.2756478016659203	0.1373128083808903	0.8655752543334562	0.6809577013955503	0.2103637526677074	0.08540064583439901	0.1663495232011474	0.3393794817351932	0.3143041314637937	0.72316646388106	0.3192148349854544	0.2719095451834726	0.4599030546237386	0.4420433382140114	0.4144696604621546	0.9740398332090175	0.9742766757745723	0.09956340191348377	0.1552094639598163	0.4509354464969474	0.4213454424861625	0.1199690886618199	0.0858188621187113	0.07704073504501613	0.942793690631464	0.7282239569821836	0.2949934304451319	0.2206344420941066	0.437441039229688	0.4402514721215962	0.4265738179255001	0.5733879437078613	0.6324906548564629	0.5344103886483538	0.5689621682348991	0.4845377952728093	0.1483592745990598	0.01144519074124272	0.0276993273239314	0.08283104465656882	0.03486264775961059	0.2033353409869626
0.667	9.552163309999999	5.52915323	2.79041746	0.59601189	0.96638769	-0.00960307	16.88858202	-9.053674969999999	-5.72493536	-12.286446	-4.75045818	2.38911912	0	-29.51137775	3.06303225	-9.00295936	-7.86876924	4.96248208	25.08865493	0	-26.49713918	-2.89915401	-9.965869720000001	0.01661989679010391	0.01723421613588922	0.01812982223050893	0.01777958597777924	0.01769436342507882	0.01772216904847838	0.1548420346888115	0.07729454981202541	0.1222544301993914	0.08587340467762779	0.01874773765711915	0.02650910747418625	0.02704510404984713	0.02726482242922014	0.02582112610397773	0.03011060194712438	0.01568746387934781	0.02056417886588343	0.03134507354515032	0.01916060706330094	0.02314841972500731	0.03508314976673958	0.02015615739133397	0.02004723375769029	0.02551406339028328	0.02015565105852698	0.01831969459369356	0.01750321265171119	0.05445055020770013	0.07443324184356014	0.1742444757962098	0.01000180869517341	0.01000180833692421	0.01000180521394587	0.01340126151181151	0.01730758487978547	0.01705724049507063	0.04813483514493092	0.01919128898716119	0.01780122745260669	0.0222650920306781	0.03419224460217574	0.02296628736470457	0.7908026292214342	0.09803175690261846	0.02336078412505012	0.8172540667055603	0.627515970556292	0.3374445597656954	0.4674008449626442	0.2334616349606972	0.09313575937266289	0.8923061719309451	0.6967656247420835	0.1878751030939856	0.06795616971590954	0.1417130901698815	0.3274530120575229	0.283670730840186	0.7157563114819183	0.3809462284301468	0.3397376698168166	0.4543268835996892	0.431257705842903	0.4052070578559295	0.9845762884249489	0.9854990220883979	0.09359290159092656	0.159703072147813	0.4459638158556689	0.5552052534647354	0.05788133110282881	0.04439501804289181	0.04087735516948104	0.9570645606062057	0.7179380145713956	0.3565831669014243	0.2062082987198385	0.4346144164267094	0.438732693755364	0.4019741048457454	0.5814562038900177	0.6465060480723172	0.5388884172081159	0.5718877833393275	0.4812636019965184	0.1189529512437459	0.0505102749501647	0.01822847848904705	0.08839122730504324	0.03536543448299335	0.2237043335770104
0.6830000000000001	9.273195980000001	5.69656017	2.86493928	0.59704554	0.96549513	-0.00661672	18.34520637	-9.080877579999999	-5.3046445	-16.39662611	-5.40460038	1.53521826	0	-28.69570377	2.73899918	-8.53242341	-10.8735363	4.24539482	25.00173229	0	-26.12995819	-2.80711159	-9.784837169999999	0.02447898570151971	0.02859653529042389	0.0327886344712838	0.01807672549275302	0.01862934020769788	0.02002662109618759	0.09493773037700165	0.05539346578809691	0.08937511322308439	0.03641895970039326	0.01660212089976368	0.02453996429220717	0.02801323962041804	0.03040391593570187	0.03134269416322043	0.05118931210555783	0.01546640955060695	0.01968523057139168	0.02490194874865186	0.02500434031538064	0.04288191312971447	0.0651677261931107	0.01858908544593765	0.01847179748779237	0.02746779470760472	0.02008568125327439	0.02100080545765756	0.01754426996352159	0.08072656957277942	0.1102845730003909	0.1350700272994946	0.01000180712688661	0.01000180773137164	0.01000180459069682	0.01301256250920879	0.01696758974641395	0.01663939885234217	0.05596238498229535	0.01893604028545092	0.0170973524545834	0.02280926926949754	0.0380746340739451	0.0237156416065666	0.7669960257051249	0.05098255980499905	0.02486948064293994	0.7849109180277025	0.5932871450478566	0.3160139950492873	0.4680347172489598	0.2384365114863387	0.1196390939360985	0.8713789925890153	0.6882023678478413	0.1336080075996375	0.07664581896127057	0.1284040666765929	0.3247161731463726	0.2839988208486552	0.6972614784328721	0.3945715627291452	0.3544891990625708	0.4538820959762602	0.4301650094838697	0.4041978470262177	0.9437112512259727	0.948327354903032	0.06762361543007385	0.1568298844887767	0.441887608931824	0.577780565292508	0.04037460435968467	0.0354707725362015	0.03288079672707912	0.9121532908943338	0.6884949910358027	0.400354878196452	0.2003728943731697	0.4332788729742572	0.4383335024596797	0.3816415000599565	0.5862368965597815	0.654849730520178	0.5425486452805929	0.5744779489109295	0.4785354796035618	0.1505327944676157	0.1738166045700935	0.02965020159917101	0.06516188686494719	0.02766047087107615	0.1619287626583475
0.7	9.199605910000001	5.26479866	3.33674726	0.60003684	0.96601903	-0.00385229	18.91922552	-8.55661441	-5.20012698	-19.81951213	-5.71276909	0.6976981	0	-27.76593763	1.53487356	-8.01940987	-14.45134556	2.98643587	25.07100315	0	-25.90561137	-1.99960029	-9.846625749999999	0.04879370424753388	0.05900895924716765	0.06960495100161314	0.02127337586087602	0.02365825106244011	0.02813290552372583	0.1132110939185782	0.07605325186876169	0.1269479254404309	0.02016680201510896	0.01310343352731191	0.01506788777214794	0.02285744430995751	0.02942619263409274	0.03602089777900718	0.08276863830522921	0.01176852846556319	0.01645896327429037	0.02521665898067117	0.03760211892223385	0.08127926364943358	0.1106298410428137	0.01060997527068981	0.01061793822145125	0.02648084208448024	0.01961422297076753	0.02870079812832241	0.01041833616787048	0.115469839393714	0.1270298339904594	0.05522528526854822	0.01000180671248699	0.01000180731816046	0.01000180286837431	0.01274448845873419	0.0167048715325041	0.01627888093191526	0.06226188995347606	0.01866310323439974	0.01634664989221112	0.02317358233775279	0.04133289680538961	0.0241352938788927	0.7389863452418317	0.07179743954275405	0.02616055755046121	0.7492919424962317	0.5759993907572989	0.3315182321476936	0.4738675458505036	0.2911942908085494	0.220135728891626	0.8001778188899261	0.6541975236010433	0.04077907924787012	0.112555799726152	0.1247588247846208	0.3308268601378486	0.3153294127402599	0.6653701106027907	0.3617940046698243	0.3180080740764549	0.4585130933005229	0.4386286620920324	0.4113158766193052	0.846336591962217	0.8581152158203049	0.01840938266081936	0.1462307525253279	0.4381972998599321	0.4918932919479528	0.06526056758949431	0.05793059491030395	0.05205148991251	0.8024459727818649	0.6362145084334564	0.431780028242093	0.2023988035107667	0.4332674659407748	0.4390039993225826	0.3630344279699103	0.5883276083008729	0.6585646625060282	0.5458486013748444	0.5770564356461554	0.4760124127948198	0.2470462846736523	0.3967774708035188	0.06339221204306855	0.01023935578126899	0.01078463647236942	0.01028668186614186
0.717	9.48952472	4.59258408	3.86994673	0.60323063	0.96753031	-0.00102156	18.29838654	-7.80362856	-5.39172436	-21.99970345	-5.57608451	0.4430491	0	-26.74086555	-0.03473957	-7.50519858	-18.67687897	1.20882762	25.00973201	0	-25.90882425	-0.83195449	-9.896628679999999	0.05236788875319459	0.06199594203913605	0.07284589238876181	0.0222701087517531	0.02472901683209688	0.0291240670080211	0.1245311845601631	0.07397879587498413	0.1312556795821987	0.02202902076690986	0.01426470400648254	0.0134324146982935	0.0180333569045135	0.02360914493564379	0.03017349602632394	0.07339773185618517	0.01350886604116694	0.01624713250153752	0.0227313274185812	0.03680331261768185	0.07903163540717986	0.09987043142466613	0.01123654181609687	0.0112584459622893	0.02271957900800783	0.01950078761433297	0.02924644476083896	0.01072146169043181	0.2870320832598344	0.2734077562838272	0.2695278824796441	0.01000180632407322	0.01000180725440779	0.01000180252800105	0.01263996035724854	0.01660083625751088	0.01610280583565004	0.06499657162353602	0.01826110787167345	0.01577933808388468	0.02357276890016981	0.04303053050952971	0.0246613937351033	0.6354637442625215	0.05359684978358221	0.02590336252423656	0.6702645858315921	0.5126263290855078	0.3016877327605287	0.4761940190726799	0.3104052863927431	0.2893556499286883	0.8111930427078538	0.6573802509963137	0.3524572769302354	0.2098793795173347	0.2305437701756257	0.362918054504728	0.2662859296629226	0.6266433761332817	0.4563340775746292	0.4227524720440367	0.4539943570815061	0.4281290892176715	0.4075237213683052	0.8431867596250581	0.8549602120352786	0.1205529483353966	0.2509472606539797	0.4315931140568442	0.517973057287593	0.05303730079449325	0.04731889866120287	0.04226471366777955	0.7164739984128957	0.5875460239913946	0.4303261799591888	0.1987358687062838	0.4331551936920383	0.4397762532600261	0.3450225262930375	0.5838195311154135	0.6509591881906507	0.5485183074277977	0.5808226206982754	0.4739239771915096	0.1635996346531689	0.3828957093716976	0.05928382198400548	0.0856005000359002	0.01394453599968377	0.06225991303173756
0.733	9.248654610000001	4.30116815	4.17269949	0.6053550599999999	0.96823193	0.00242544	18.40780162	-7.46979176	-5.67176196	-24.24079123	-5.21282355	0.6793899	0	-24.12430305	-1.09846672	-6.86824753	-24.47088839	-0.89933305	24.14682605	0	-25.4714452	-0.321296	-9.6726873	0.04592311399595188	0.05255090075038137	0.06066502274741135	0.02164087840115678	0.02340841449132439	0.02654307887253128	0.1157981478906339	0.06476820403645256	0.1186568350700749	0.02141236324102628	0.01500541964834209	0.01375471623316635	0.01784049068875066	0.02199421674560939	0.0270395882138936	0.06198760063088233	0.01433012334451896	0.01695896184458547	0.02177148759171432	0.03251036050262451	0.0664966976357601	0.08348747837232171	0.01166793083333359	0.01169312606225825	0.02110407187110653	0.01941867601590188	0.02635031494831483	0.01105365491232948	0.4153634588409746	0.4055515834132186	0.4132897575428685	0.01000180597357299	0.01000180712585162	0.01000180234804985	0.01281359018084499	0.016740830143213	0.01616739349756463	0.06477486200286373	0.0177673639278009	0.01518024351052181	0.02352052258860921	0.04254333826573748	0.02473593914794554	0.6154649408365975	0.06196210518614202	0.02546814116082648	0.6517350606452014	0.5059198453445792	0.308988227891342	0.4725997704315491	0.2484336896620481	0.2463942402443308	0.8393453770237262	0.6899162495404263	0.56559911486897	0.2316248599915646	0.2451273423041194	0.3478539734419127	0.1735498972979443	0.6310940522031157	0.516782766973536	0.4765550492540052	0.4473568199324565	0.4105428357996998	0.3614445346648255	0.88890479223373	0.897285484912241	0.1919779336574253	0.306180745223703	0.4259027157872476	0.6165783934001567	0.03621145201258336	0.0327698795708602	0.02933614686930667	0.6765456875381242	0.5660426307618898	0.4168550027502975	0.1918498452188968	0.4326911158273227	0.4400873723309277	0.3495511431411684	0.5757938959105087	0.6375370889985797	0.5493527042276463	0.5863147718875013	0.4748580993505352	0.1017075100241795	0.2609308757174103	0.04353999128777894	0.1435688127813924	0.04189077499434065	0.08914816370315237
0.75	8.76653527	3.65398651	4.37620617	0.60744609	0.96874134	0.0058974	18.2986939	-6.82157102	-6.37953076	-25.67973216	-4.40213385	1.38706977	0	-20.74521952	-2.44856782	-6.59734916	-30.84960789	-3.4412888	22.8218825	0	-24.694533	0.5117219	-9.760047399999999	0.02865378313115012	0.02949320521980889	0.03153973337239252	0.01930703101526247	0.01953136874752602	0.02006731760032002	0.08592035432629876	0.04727015237335035	0.08757653634004332	0.0182397472467227	0.01541816990812301	0.01607508006862566	0.02225473738569878	0.02437954204023535	0.02622743586516245	0.04711197822615776	0.01433495753853822	0.01868342997131523	0.02221715952171222	0.02418664356267957	0.04210758311374653	0.05943311275423714	0.01195806594955453	0.0119763135338542	0.02143238228166373	0.01935762422567037	0.01965039246418441	0.0114564399863007	0.5165053880847763	0.5399792937698072	0.5044811448411229	0.01000180561717377	0.0100018069164224	0.01000180230602682	0.01328708165747312	0.01714235242532321	0.01648071737539836	0.06156904738887506	0.01712015340979801	0.01447447935045214	0.0230103126141259	0.03981042104353885	0.02436824829402468	0.6764900845358217	0.09793886267575423	0.02480049078980468	0.6913871762887622	0.5550416290668989	0.3543322794314862	0.4626355188469698	0.09753305102512504	0.08588132362800587	0.8881538636270283	0.7558725190513962	0.7068473228064135	0.1805104262081182	0.170332487686161	0.2837516068165493	0.02552931159970109	0.6792784733210231	0.5506961590414069	0.4861411278576054	0.4377707897097428	0.383671620160871	0.2673184181709297	0.9892054438643182	0.990381693560814	0.2416124617921583	0.3188353918057121	0.4204148052674424	0.8000349672997169	0.01267979014602576	0.01246491025298298	0.01164971866728214	0.6776700012982053	0.5690164045912548	0.3896825994643076	0.1808799801126822	0.4318172226135385	0.4399762464191501	0.3771863556203199	0.5632474982855449	0.6166206025308064	0.5484560913743709	0.5942194081124865	0.478931544541775	0.05363339520806088	0.01563736563386767	0.01419274111736025	0.1913903331109318	0.09811663333067291	0.09431246521431252
0.767	8.000500280000001	2.84919913	4.57354357	0.6085691600000001	0.96924887	0.009249230000000001	18.31517998	-5.89888248	-6.85793802	-26.69203463	-3.2677265	1.50567735	0	-16.29337172	-4.01716676	-6.53854832	-38.02094824	-6.73915002	21.050687	0	-23.77125619	1.4371777	-9.14269897	0.07380843816733444	0.06581390687706767	0.06876418312127919	0.02712365023128901	0.03013127680756399	0.03447459778654181	0.1180216303209238	0.06525050551568218	0.1186030167502447	0.01968174948684238	0.01464853556417751	0.0142204513847606	0.01876492981624979	0.02141561494685414	0.02466782100112697	0.0564746780947412	0.01431424079003909	0.01707745857185421	0.02077587343505861	0.03590747259760617	0.06736657206717495	0.07172839235426567	0.0114639926048649	0.01147949812109975	0.01930824981127927	0.01892308021329169	0.02999261157526068	0.01111116107708343	0.5731151940049286	0.585622401952737	0.5962262145105761	0.01000180584944682	0.01000180705795138	0.01000180278946277	0.01392966611516345	0.01769297868842441	0.01698743229475098	0.05350430110394562	0.01693182513064301	0.01445260361824506	0.02206008958291278	0.0347742925201872	0.02340231549072417	0.71819751697379	0.2316927490788411	0.04066108094618351	0.6442620773530872	0.5466942178054018	0.3978642419770773	0.4791578047909374	0.3712483617936027	0.3397161670991604	0.7689429710820784	0.6262016089184061	0.5513374879346006	0.293751612934718	0.2911287084906134	0.3851121364209048	0.3202028761308905	0.5878724315225423	0.5077755417802114	0.4901704328059786	0.4581576734067381	0.4322128219743088	0.4498406138685658	0.6976764655987007	0.6930068895319574	0.2055805638166947	0.3476219915582573	0.4224915307534944	0.5861730361286666	0.03662924239825142	0.03461470324805357	0.03208271790685259	0.5822224556179926	0.5254122418106387	0.3708251681189463	0.1462712277636451	0.4268380251738514	0.4377914532095234	0.376963609931757	0.5520856942959135	0.6005846428788632	0.545417019478099	0.5957105900232076	0.4798680604142658	0.1409705242127817	0.3496766591354606	0.03974333760543958	0.1047951365151434	0.07826191092247246	0.03722398520644783
0.783	7.34128181	1.68943571	4.65097771	0.60861644	0.96984693	0.01258626	17.90042664	-4.53335417	-7.43118466	-26.90314992	-2.29455333	1.88304865	0	-11.85180714	-5.7212272	-6.39948994	-44.78546056	-9.95983846	18.1123889	0	-22.95348584	2.69854832	-8.41151062	0.1104993510332867	0.09577945223648951	0.1006641380629719	0.03257579366107843	0.0379825923364966	0.04591193064929577	0.1430844115355216	0.07930341114660422	0.1424825680290389	0.02016237662623872	0.01407147772143584	0.01269186958165627	0.01573943756951251	0.01871551264269122	0.02265043978064124	0.06187170483976517	0.01419680104504405	0.01579331304692318	0.0194033956614825	0.04535772881464675	0.08729253462495462	0.07964219449891662	0.01104872907491452	0.01106265159323615	0.01779087358732099	0.01870048559382009	0.03885361963379885	0.01088477330208787	0.605387946762433	0.6144324259618028	0.6475667097899994	0.01000180635269207	0.01000180731659302	0.01000180421449179	0.01579653889088697	0.01842515378159811	0.01775285206937367	0.04488949349411045	0.0169348403232449	0.01469235130001928	0.02116006362978063	0.02990285770274628	0.02246550210796385	0.7163975622221915	0.3403831044228046	0.1133085477572305	0.5933222991848479	0.5257334855014228	0.4212436006953381	0.4912423353962181	0.5823872890607102	0.5116637105081703	0.6862331728772534	0.5312452700032471	0.4514262549719589	0.3948313391644027	0.3920324051353163	0.4545698697487303	0.5135290071954373	0.519694831524229	0.4789805651114394	0.4992074972985035	0.4734747658015771	0.4622305910760488	0.5387079808944246	0.5030611536006868	0.4926373200388207	0.21205199520018	0.3764377056230603	0.4314809736345461	0.3709148473320351	0.06384924562544211	0.05876211398437122	0.05191389494499078	0.5231647809444507	0.4989550636828052	0.3450132944857786	0.1166375197148333	0.4219627368866571	0.4345114783370322	0.3767368302653403	0.5468324904123113	0.5942130021794282	0.5411008043202992	0.5918918853511997	0.4802770979244693	0.157876615964759	0.550347109005377	0.04962023446866865	0.05957050786661267	0.05039118204590502	0.06056573911916011
0.8	6.92029171	0.28061868	4.47851521	0.60892412	0.97074469	0.01620334	17.16105078	-2.64117327	-7.57512142	-26.89253071	-1.33881955	1.40851705	0	-7.53859199	-7.76968925	-6.64702719	-51.24703516	-13.09074311	15.02212069	0	-22.3562919	4.12158808	-7.23896674	0.1433128858372508	0.123135534468002	0.1312270925651821	0.03634497923335436	0.04406672977544034	0.05580898279642608	0.1642415456219168	0.09118548246998168	0.1622001340862749	0.01974170705733626	0.0136148641495553	0.01129826193392464	0.01280007411464478	0.0159417223397262	0.01992311955114452	0.06397768680435753	0.01396795833542872	0.01467047520590577	0.0179281664792869	0.05371869424093136	0.1043762161068079	0.0841637444562712	0.01066036741845959	0.01067366813428047	0.01669058158179413	0.01866201603982163	0.04734104264711615	0.01074897818943959	0.6173577404519766	0.6300106187981377	0.6649201925893197	0.01000180718981516	0.01000180772467752	0.01000180675924251	0.01912105908160918	0.01943039959149101	0.01887265417109424	0.03464777360814014	0.01712957588667892	0.01522369085599658	0.02019773151058793	0.02458718723903599	0.02144070647289869	0.670865225937075	0.4375962231256397	0.2518238245743281	0.5322003695130145	0.4895393406169641	0.4273927754260507	0.5003996769884718	0.7573421987348349	0.6232173967811601	0.6296857442369507	0.4591339599415246	0.3946247197981598	0.4963845706758829	0.4856565397008574	0.500807023466003	0.629673471176407	0.4662234733262943	0.4607118569514945	0.5143819543967457	0.4856367034436147	0.4774771486038082	0.5450289401267359	0.3810325938705276	0.3642267888947638	0.2618356848655511	0.4088844982582214	0.448506814270729	0.1273531273102433	0.09774230023099681	0.08792556880397571	0.07362214691146401	0.493114767943388	0.4863377229417755	0.3090204943606584	0.08827464246014538	0.4165819467160563	0.429726324942615	0.3764776691627677	0.5468312361492881	0.5967092253450725	0.5349679190062464	0.5822859560124619	0.4802097867611611	0.1064649319329881	0.6427325214773528	0.04505804381495068	0.05006336858427432	0.01102060559139938	0.1672554461915407
0.8169999999999999	6.70569342	-0.88623136	4.40121407	0.60857087	0.9724618	0.01962466	15.80611938	-1.02056471	-7.75138841	-26.14039056	-0.4565019	1.3138345	0	-3.75999899	-9.325804720000001	-6.46681786	-56.57582008	-14.69154197	11.46870357	0	-21.9864133	5.29870993	-6.61587054	0.118619818570873	0.09750320886252573	0.101245584290196	0.03293266274033928	0.03807423977365235	0.04617650528403457	0.1212187877605767	0.06940953409645126	0.1203310853987458	0.02101241614697517	0.01489110627208071	0.01204406967905018	0.01399006444592958	0.01706385187023831	0.01991733965944936	0.04840342168299867	0.01612602330646076	0.01558881064542505	0.01824886260280871	0.04265007152221893	0.0774495032575999	0.06139817953430833	0.01115949817926412	0.0111818743200039	0.01686337767171573	0.01859457858678856	0.03910411967971973	0.01065401965072798	0.6175678712601056	0.6239637221340226	0.6649958691241769	0.0100018076874218	0.01000180795909164	0.01000180746452128	0.02727992527439198	0.02071586192403015	0.02035031674074348	0.0261685985304503	0.01713736146466541	0.01542020590406767	0.01924800097574846	0.02034740902861563	0.0202337978314967	0.608164990970167	0.4698543745815607	0.3848548172666514	0.5381382417065403	0.519786526592465	0.4860822571677526	0.4885091619571345	0.5134131762637737	0.4477898786047069	0.6515758652865049	0.5473092601559614	0.4390915113236097	0.4042069472030974	0.3722521408541818	0.3797505627273691	0.3249875923368734	0.5277279491487117	0.478975916818292	0.4936966823662048	0.4802360442613886	0.4705621590877741	0.2496309038227788	0.6031776927013118	0.6076025699411162	0.3580868959360598	0.4549275653860735	0.4742999191336876	0.3909358545725551	0.07213363639675524	0.06526853106567335	0.0540100559201204	0.4898128912302533	0.4860876120889397	0.2182942523146864	0.07809637470946622	0.4072807561891988	0.4185741663085184	0.4521447189855693	0.5396896103521046	0.5852282484892956	0.5284059230965574	0.5882159666149229	0.4915593064287045	0.1022871270099102	0.2912519276935862	0.02635386962007912	0.09134121942840304	0.0317985515505231	0.1467844633528492
0.833	6.68310225	-1.82795238	4.16660344	0.60847703	0.97501614	0.02272453	14.13613605	0.42923729	-7.66442804	-25.18639256	0.24716661	1.15026921	0	-0.43788065	-10.55566445	-6.45085256	-60.99114447	-15.02597871	8.158362329999999	0	-21.88006016	6.21376302	-5.54025662	0.1074244948101804	0.08231422169821022	0.08105824827572551	0.03298651298453768	0.03641313476623467	0.04164616982919157	0.07967236746812417	0.04714302635193356	0.07811097825109298	0.02114950025093426	0.0166794067946715	0.01216447996216115	0.01382377050199643	0.01672618355256175	0.01868447667264273	0.03319848316618926	0.02063830866445302	0.01587143898241323	0.0173293370789438	0.03363215954320499	0.05406454578504696	0.03943512057410577	0.01162788282114816	0.01165692685701908	0.01604920725717482	0.01843684622926688	0.03419856132128285	0.01538988256725668	0.59442072293361	0.5985397087077848	0.6248531333549464	0.01000180844043415	0.01000180832097233	0.01000180929140393	0.03627942125385304	0.02189481654647934	0.02178941815866415	0.01995351429969855	0.01726120989597033	0.01595979469839379	0.01838504086925032	0.01727824958231519	0.01912457552327584	0.5862135430811708	0.5004312256391804	0.4661989500259244	0.5442527872501348	0.5398118336272277	0.5202420209322435	0.4828653306078975	0.3997772039759727	0.3714342267066741	0.6659608602143141	0.5907996085325672	0.4475383035515205	0.352452897913108	0.3147126766369509	0.3196024025739199	0.1924389043704537	0.5583340266217353	0.4854505239836887	0.4837960356985685	0.4776350102014021	0.4631541629724465	0.1401408178192514	0.6922339799023987	0.7083060102989673	0.4122243635076114	0.4799065325550707	0.4873323686406433	0.5329461920708272	0.05703005994279955	0.04928548907732479	0.04113584924282686	0.4869972113420328	0.4853665371432591	0.1503081429097199	0.0856943990730098	0.4040779320781908	0.4131333363466642	0.5040626661454863	0.5340117311776984	0.5740877919091573	0.5244983935282581	0.5919912346376989	0.4992834302539806	0.1216066728125618	0.2062901291308171	0.01663656399680215	0.1134283696101566	0.03727575658599698	0.09657035863982029
0.85	6.59906963	-2.59227175	3.77645483	0.60791474	0.9777004	0.02601056	12.35558792	1.76016498	-7.28115649	-23.83506532	0.77188008	0.7899319	0	2.84871121	-11.46257636	-6.49986533	-64.65184067	-14.39129491	5.05901278	0	-21.82440142	6.81309776	-4.52280139	0.1083274990850867	0.07566994957951619	0.06814166751996191	0.03651326124647438	0.03887577662726011	0.04165168450004178	0.03440898220800293	0.02160264576836397	0.03026229924986021	0.02017009488220841	0.01920330328265149	0.01167454406864639	0.01228040553985367	0.01488650884698694	0.0160704227173738	0.01646225393932817	0.02806885007915452	0.01555368875899382	0.01505464921720903	0.02553771930651287	0.03129822400508012	0.01552918520563834	0.01212406942434723	0.0121582073124529	0.01414629903635378	0.01816910242256638	0.03201117277700093	0.0255485498035918	0.5450229019316777	0.5505605768411448	0.5394741433104745	0.01000180954297873	0.01000180885555469	0.0100018124682508	0.04724448401742493	0.0231146327866447	0.02336984610209631	0.01522563538704098	0.0175166022345068	0.01690990583826571	0.01750098117778126	0.01499606396934714	0.01797438675970851	0.6022669512839619	0.5331488826807009	0.5060242394470554	0.551308324336747	0.5521184251005973	0.5341420371900847	0.4827627040221061	0.4022297853354587	0.3846059845998087	0.6746388533863541	0.5950412986184175	0.4210209455103804	0.3346531666446666	0.3058457140220115	0.3128440229864752	0.2154588212813478	0.5618674654294923	0.4809450043433591	0.4834424335603826	0.477508472006157	0.4543271607434093	0.2028724213657148	0.6593334913739223	0.6789250400130469	0.4310152710266491	0.4869437706613373	0.4892332189799653	0.5711354319923417	0.05054362381238545	0.03797856259038657	0.03339025104492183	0.4843157682926988	0.4840843637365235	0.09656390247013892	0.1120184685962191	0.4065731213691561	0.4127237313118207	0.5387212540375078	0.5290878637292686	0.5618952985321405	0.5227568891053109	0.5940836685836364	0.5043476737151487	0.1668385125662742	0.3772269009687015	0.01469146374221028	0.1190857129022541	0.02813687132725511	0.01033636896332549
0.867	6.96782915	-3.01341594	3.41557749	0.60802605	0.98126283	0.02862299	10.02506192	2.5813331	-7.02895438	-22.5670689	1.37167372	1.16160794	0	5.23136658	-11.91906248	-6.5788276	-67.23377919000001	-12.99339076	2.91557518	0	-22.10124015	7.13281322	-3.49709569	0.118562674481731	0.0876088833831197	0.08044627292490028	0.0385225127796678	0.04185613507548987	0.04573921445647584	0.04976471204321321	0.03680040481855968	0.0535867756149928	0.02209023695377326	0.01716411940478566	0.01137894631717968	0.01225706384969421	0.01531804545991386	0.01690460374222552	0.02391204797268996	0.02449951464418352	0.01480638889441036	0.01530358491494416	0.02805695888752217	0.03788000561001861	0.02473560793818327	0.01143145418788028	0.01144837050651104	0.01419172689307596	0.01804448000631033	0.03543263593830086	0.02148903124048249	0.4768370406089611	0.4610359189824922	0.4319191754464744	0.0100018098957313	0.01000180901953477	0.01000181308776983	0.05925144145495427	0.02489161517345652	0.02575106956231631	0.01368458756823063	0.01786294970886484	0.01810619157088944	0.01691382718109579	0.01402524247327751	0.0171547594872689	0.5360218890692379	0.5110540209516414	0.5042291115652818	0.528379130975986	0.5326237976954888	0.5229496201755217	0.482694719648198	0.4099620032111169	0.327334762421674	0.6664055725383703	0.5898691802952418	0.3983669999000362	0.3483084269000801	0.3237111788680233	0.3237190821674665	0.1870383504896876	0.561620984446808	0.4757185758197617	0.4819348525405414	0.4780991517988515	0.4370333563151514	0.1615532471338875	0.6257025844133003	0.6386639668550629	0.441292056616732	0.4933750022232576	0.4949695280553456	0.4944825389684627	0.06205794962594347	0.05650791581227661	0.04574716772844574	0.4801444980035795	0.4819365580759962	0.06880080564359531	0.1801677678185865	0.425366289735238	0.4238462763407248	0.6021733861919277	0.4951059907251814	0.4861665116928406	0.5162752196075188	0.5897853078874612	0.5121144671405751	0.09387701222195008	0.3462737635683465	0.01960012352501214	0.1059610804620144	0.0280038961581099	0.1799282658415558
0.883	7.29565514	-3.44831665	3.14557437	0.60756661	0.98490081	0.03104213	7.39686621	3.44790123	-6.70512807	-20.53192366	1.68238413	1.14604474	0	7.61567849	-12.29648054	-6.38527982	-69.22362661	-11.29935087	2.20006523	0	-22.4830759	7.45450568	-2.69784104	0.1163263973048677	0.08765465515806628	0.08022553899178642	0.03850080305689986	0.04168133646732801	0.04501341172062179	0.05341338341881446	0.04219496514473136	0.06112126244429307	0.02266489035151292	0.01689779866202279	0.01130299747235613	0.01225421535528854	0.01581733057762199	0.01758038749118412	0.02653070759071396	0.02311739753392493	0.01459096071451097	0.01542414041520299	0.02796852219696122	0.03841873926586889	0.02832840798961221	0.01150166567190564	0.01150422517198708	0.01416376775576178	0.01798771029284385	0.03495114051610215	0.01999178750949688	0.3982040300853211	0.3731528693657264	0.3513927107477336	0.01000181115817575	0.01000180959705638	0.01000181473473171	0.06913213655783132	0.02621272016651324	0.0277349544713304	0.01265357031519295	0.01826352842059376	0.01960923877936898	0.0162954186732455	0.01324245273932342	0.01637122760168199	0.4971329378657864	0.5080279618549846	0.5237627266139033	0.5144069836784683	0.522866740648829	0.5213196217406755	0.4828369943686027	0.4167131940178866	0.3236101588464927	0.6592129664147636	0.5857964692176338	0.3696262764115225	0.3484922803276358	0.3319086587662596	0.3295641170664799	0.181848357079083	0.5610536999204621	0.4700801033414223	0.480030640857248	0.4804734553061941	0.4442576835236924	0.1681676452791498	0.5844914553334051	0.5960259267480039	0.4577794227096821	0.4998421490544546	0.5011814933934671	0.4541808016032584	0.07510493482704213	0.07812066431773765	0.0512249252881307	0.4765141064698591	0.480230115556405	0.05384001797227632	0.247917301183062	0.4417883638995748	0.4350148297524655	0.6442688197638367	0.4653887799218527	0.4211531528267997	0.5113817051238235	0.5862343534921746	0.5171289768694769	0.07043934377280682	0.2981355671363357	0.02580823115423146	0.07836225325569854	0.02488359556707127	0.2529487717198073
0.9	7.95005523	-3.82935354	2.77158758	0.6082771300000001	0.98859238	0.03347905	4.29837246	4.26699209	-6.16039568	-18.43827119	1.89601425	1.14590652	0	9.32894771	-12.65732224	-6.22178317	-70.51438573999999	-9.56136596	3.16634028	0	-23.08136925	7.60238554	-1.79691082	0.1013391329073889	0.07581298637622416	0.06745187397898093	0.03644541836282461	0.03832953097675432	0.03938355095049782	0.04581108025675647	0.0384606467876502	0.05380757059142309	0.02196588675014485	0.01837105096151756	0.01143720392857281	0.01227150399483595	0.01644677483982484	0.01818224693286941	0.02464556524565301	0.02374973410959649	0.01488047569680823	0.01543138515551788	0.02526135464850984	0.03298176667961203	0.02675668536635357	0.0123434803119265	0.01233275314206553	0.01405892673224696	0.01799169706798362	0.03050649958262995	0.02086966314426184	0.2992947440453027	0.2759260467887521	0.28782894112691	0.01000181348811765	0.01000181066030974	0.01000181761500667	0.07812165621391567	0.02724308588994697	0.02956948644276534	0.01200370647129819	0.0187684107086597	0.02160692836476428	0.01556845459074909	0.01254984605074061	0.01552584961724941	0.4807389787731767	0.5236924480036486	0.5670667864739979	0.5076453640320044	0.5216276218297856	0.5290482920811903	0.4832073125233706	0.4233272566066142	0.3729665984273678	0.6521619592500832	0.5823140765008927	0.331206184608775	0.3352277086057779	0.3314628387040002	0.331109757045892	0.1992400918732088	0.5600947012846613	0.4633247778485484	0.4774917720500908	0.4849281704666027	0.4769031832701003	0.2235424155696602	0.5305487129992497	0.5456811646784876	0.4825382900671187	0.5071536045088278	0.5086456106615951	0.4451925027260787	0.09131545256581865	0.1055184016699521	0.05050824341893722	0.4729707947498227	0.4787517308628012	0.04981144099726697	0.3237357603602048	0.4578921031327086	0.4476254607235101	0.6702694839497231	0.4362215799688669	0.3587285520757632	0.5074646563437635	0.5829869360983659	0.520018016617967	0.09359579866270226	0.2267950371186692	0.03409180008352062	0.03283937788251723	0.01838593198025932	0.2385254498328598
0.917	8.72924282	-4.03882903	2.50567051	0.60828796	0.99205544	0.03508825	1.09546527	4.74186815	-5.87308444	-16.31960746	2.06097927	1.72805219	0	10.72640809	-12.70007297	-5.98924742	-71.026973	-7.8673553	4.70402348	0	-23.82987481	7.72754606	-1.29898021	0.09362100526337311	0.06789360417822672	0.05738531506339145	0.03746174970311483	0.0381638963626747	0.03697175165645461	0.02990869054966466	0.0372673064120109	0.04659282802707043	0.04337358817262271	0.02109985351535665	0.01143607772028068	0.01213510023126955	0.01596320280123452	0.01757357286348664	0.01847262299352952	0.02899690363240711	0.01494562404681466	0.01481216709505937	0.02209187391017284	0.02459068246182219	0.01980558250581229	0.01320328935989375	0.01321290530657471	0.01371113430169122	0.01778379814438073	0.02794953373523236	0.02477202312041222	0.1377339127123988	0.1315461504705542	0.1272696253722045	0.01000181338818343	0.01000181064005418	0.01000181824090036	0.08942928985769875	0.02897377866635734	0.03224179204922812	0.01169505130191542	0.0193652943718408	0.0252553249307514	0.01520806522505049	0.01224734930884777	0.01511535623148113	0.3662948031572534	0.4757212594320412	0.5548827457018317	0.4749767885005929	0.4942598136971975	0.5140187174719143	0.4806354948425096	0.392198459609124	0.2899333612730836	0.6495971750381918	0.5937620434207026	0.3714371351123258	0.358619275118474	0.3529853058868151	0.3402921131271189	0.2013798008499572	0.570274180408789	0.473144393018848	0.4784018084909588	0.47582130928467	0.4285312096782983	0.2189231780951831	0.6023680692828782	0.615465332214455	0.5173195951155651	0.5193973248495256	0.5161953695799768	0.494573053053167	0.110678692725525	0.1155758606370176	0.0721774773230397	0.4698668571786671	0.4769624057136915	0.04915424491530773	0.356227185843958	0.4647724315630063	0.453308345635275	0.6684354451790963	0.4374939186181099	0.3614594579624201	0.5095716826205559	0.5847120809491428	0.5195715018239958	0.09394060818153251	0.2844284181948201	0.02640942883933416	0.1640625945540776	0.01808133319941061	0.1025471438199776
0.9330000000000001	9.2986284	-4.07163616	2.09134924	0.60844935	0.99525801	0.03670367	-1.88244474	4.95318822	-5.74802145	-14.25762603	2.1212888	2.27080215	0	12.08230845	-12.43564859	-5.87896824	-70.65369548	-6.61348807	6.18578831	0	-24.39869827	7.57180831	-0.13261717	0.08760517234400209	0.0635870599966064	0.05239862216974568	0.03786755522056286	0.03796944918538942	0.03572315200764705	0.04864092855547901	0.06075545708938175	0.07368437081117328	0.0976551366157512	0.02348723760637006	0.0114203471478781	0.0120147052801211	0.01560119733513669	0.01735215899272768	0.01572449238090078	0.02881691024906821	0.0149516156773302	0.01742967797911865	0.0206701543025671	0.02086593669106809	0.01723573173887129	0.01468008116319192	0.01472473714363073	0.01335129332329792	0.01751818527586297	0.026908131125877	0.02137066232852512	0.04727278164237935	0.04762406896526803	0.04105965275343257	0.01000181674984821	0.01000181213741072	0.0100018199995789	0.1012701151403073	0.03068274296473988	0.03478668845848452	0.01143158159881795	0.02007757756827829	0.02899329477049269	0.01484188958954307	0.01197063215600754	0.01467822340081818	0.3049276485393426	0.4584647260891415	0.5665542525232112	0.4557892938055393	0.4815198044706935	0.5127773954375783	0.4783207809730992	0.3674899218241411	0.2486924410505869	0.6527973195824496	0.6062698940137714	0.382551501801661	0.3585863360126263	0.3557774935501725	0.3343485704634187	0.1824327134229986	0.5809903536202915	0.4770658951673014	0.4748723496978238	0.4744549704277367	0.4144379011488144	0.2042216522085746	0.6464689591958015	0.6610062224991573	0.5437473440094499	0.5293194160358161	0.5309596297878594	0.5412694016556785	0.1218586547741945	0.1215002299976556	0.07875353938515116	0.4633710774149556	0.473599157355606	0.04986279303443499	0.3581750302686544	0.4660424497162549	0.4542769106673632	0.6681013967875176	0.4430270170846853	0.3736122365306916	0.5117875205940801	0.5878119003701104	0.5195634251121555	0.0773185178554474	0.2225212041634866	0.02129389120605156	0.2335374928823491	0.02014778013922455	0.03353332957803145
0.95	9.867665840000001	-3.89855563	1.29361924	0.60742052	0.99776345	0.03881754	-4.4926733	4.9133864	-4.9360988	-12.73784666	2.3495717	2.41069959	0	13.16635955	-11.99960887	-6.24686197	-69.46916874	-5.61853723	7.41253796	0	-25.10602223	7.00441476	0.8379347	0.08253965503435449	0.06235503580866063	0.05186845868633791	0.03771356060484972	0.03772188354773785	0.03548167704797422	0.1043493240249259	0.1118611176544338	0.1384686417917441	0.1915957256349208	0.02583162624593446	0.01138804588981477	0.01189526977249702	0.01531550775826912	0.01749032858674766	0.01605765708118818	0.02318725478666249	0.01489919954216929	0.02361110666820309	0.02081848087474191	0.02134193614600545	0.01872590171966294	0.01695845469723326	0.0170572276328656	0.01293442367476787	0.01716165685386563	0.02725211642839445	0.01024041066961475	0.0166037094514922	0.01366954208473301	0.01842277669324775	0.0100018239933201	0.01000181533954892	0.01000182311087712	0.1151242352220674	0.03258359932239241	0.03752228772169157	0.01118036364911859	0.02099429569752686	0.03328808411395577	0.0144241557297884	0.01168510494811488	0.0141598095214277	0.2889666205922057	0.4697657813070868	0.6035402452908086	0.4476844431099621	0.4818150929969608	0.5251691607238901	0.4759738316814632	0.346113076028543	0.2440887227320659	0.662162410950889	0.6214011096042326	0.3659385805129475	0.3351247739000043	0.3401884251519923	0.312536186221829	0.1400304436639635	0.5935827425706069	0.4755794720624651	0.4664622133215441	0.480658361538686	0.432861594115463	0.1776001471740087	0.6683639939771348	0.687996446818182	0.5651250053605085	0.5381601394659855	0.5547839238112283	0.5911185921089268	0.1262528339679109	0.1240320559219459	0.0710584373630356	0.4526714829882247	0.4682415797437838	0.05202565386953962	0.3298227741873815	0.4618609098616104	0.4506522264487859	0.6692255827260397	0.4535125126769152	0.3967059851016115	0.5143891500110269	0.5926738717888899	0.5199927768934659	0.04165176639368651	0.03333499327075302	0.01810574497951253	0.2499484351583656	0.02484357866717785	0.02285728032677826
0.967	10.31817182	-3.77706658	0.85132416	0.6065123	0.99966225	0.04018979	-6.99958913	4.8290739	-4.67698707	-11.16194813	2.48391202	3.01885862	0	14.30219559	-11.57000493	-6.40625232	-67.62425116	-4.82253508	8.26852978	0	-25.61816955	6.65587145	1.23710538	0.07025204524831795	0.05119570661951292	0.04145213808764818	0.03544607107755319	0.03471204849415398	0.03164177836558525	0.1685303508022068	0.2275550883914145	0.2575451056017645	0.3448518077445463	0.02946413625882237	0.01177182198391875	0.01220552579348295	0.01548005655371091	0.01757849982501805	0.01537497446200182	0.01806806479391976	0.01563605469991346	0.05107041805308037	0.0200467285458979	0.01989488709587364	0.01806535213718799	0.03213136064115911	0.03434843965983207	0.01342299029217754	0.01747831863071135	0.02464069717468043	0.01025932045129535	0.01262160928539974	0.01164101373659861	0.01305035425836245	0.01000183108297176	0.01000181860962835	0.01000182392527105	0.130410598016626	0.03515188807324897	0.04119789296949827	0.01106863339497681	0.0220014287847358	0.03890816847048613	0.01416737153468297	0.01154813085529797	0.01389013112998722	0.279363779819154	0.4825258697881353	0.6192566169014857	0.4419229297533992	0.4759917645597896	0.520441013711501	0.4794362453793372	0.3907471764772326	0.3108781710682735	0.6590826734304404	0.6053724932886579	0.3539842831978193	0.3440619572889698	0.3554725883309902	0.3354222173864392	0.2088934383353945	0.5755270874404532	0.4715966545544429	0.4694996326887483	0.4779960274932243	0.4427001181015207	0.2583567911965152	0.627412003714837	0.6446474286439214	0.5672759230804787	0.5362546184122404	0.5536264950088454	0.5346793633350622	0.1712017120595117	0.1629256293400207	0.1000444593005405	0.4156375386583715	0.448823470256163	0.04622780598263355	0.2889620699373036	0.4540699120835766	0.4425283076633124	0.6915978140168372	0.458168050939437	0.4037902090074439	0.5199053874423695	0.6102776931585978	0.5250158244853028	0.06437580002556914	0.1012685842608911	0.0175700794530771	0.116782229330289	0.02442206730327937	0.01499703825079204
0.983	10.88749154	-3.63539855	0.43310502	0.60653036	1.00139249	0.04154061	-9.75257133	4.72867894	-4.60590557	-9.537426780000001	2.46921372	3.29986744	0	14.91848577	-11.1151781	-6.68219512	-64.98539752000001	-4.03541083	8.69940549	0	-26.14824583	6.26605662	1.5952032	0.06635766364564474	0.04635361555709948	0.03602482967061571	0.03587267222601805	0.03456854884877951	0.03042475016886264	0.2147073919576564	0.3329845226515992	0.3639259790867447	0.4770422273181837	0.03246127204668586	0.01189750288176655	0.01223204537837315	0.0151686420960385	0.01748467258917343	0.01491797029911864	0.01512222323823277	0.01594026830580496	0.07510269049648094	0.01965097090969431	0.0191777426698436	0.0178593159926537	0.04627219945385428	0.05062551558157843	0.01349260020131264	0.01741741665331315	0.02329678110525635	0.01085687240689968	0.01100135250504309	0.01085391775516285	0.01084276258501059	0.01000183659752788	0.01000182100937521	0.0100018257139653	0.1473700680965619	0.03797301846611055	0.04492524444501168	0.01094661493608398	0.02266967091253655	0.0430469417922623	0.01391046679849679	0.01140077529102591	0.01359448667351581	0.262601503035316	0.4734359639787176	0.6100456171080014	0.4355612124125713	0.4680315404557396	0.5119481950988377	0.474470522297603	0.405727117098437	0.3314046683388303	0.6609406677169515	0.5980209058338809	0.3623206789793139	0.3552880088625426	0.3663209745919738	0.3483104069776305	0.2314295736350282	0.5626937209431144	0.4727073294975722	0.4724489204493648	0.4755848237119913	0.4407337682377898	0.2800535489743795	0.6201315404302669	0.6361097537675692	0.5704108051954542	0.5348402453750245	0.552645174544653	0.5084423363979752	0.2057003622631537	0.192459557932106	0.1310537122688433	0.3770110028616388	0.4279437609015421	0.04171742419123568	0.2458936678029601	0.4458257899837222	0.4344330757305609	0.7091377958796505	0.4654176852294349	0.416783960126029	0.5251757198574564	0.6262116069163961	0.5290431798029699	0.06004519710518418	0.2199257437791316	0.01916000984977638	0.04807190256578306	0.02181952456711841	0.06343927059431813
1	11.4777084	-3.35083145	0.27562302	0.60519938	1.00299654	0.04254182	-12.2958673	4.5381176	-4.27815544	-8.082359350000001	2.40609705	3.09854912	0	15.33988687	-10.4029513	-6.81420235	-61.56995818	-3.4679224	8.53953989	0	-26.86474867	5.79399556	1.93671898	0.07036971252600097	0.04722350123861886	0.03490811988311163	0.03904668919380248	0.03727344715594273	0.03167846393321613	0.2486525776357056	0.4413280997175103	0.4709088714323071	0.604690786802537	0.03519767558300785	0.01178079869558913	0.01197814347527889	0.01434233757804285	0.01719711847473322	0.01462951907217825	0.01398149992514067	0.01584986706058021	0.09871195805382968	0.01958173826160571	0.01910085981466161	0.0180820387679933	0.0611485759869056	0.06792308988832291	0.01315195464081504	0.01697133817449624	0.02305237871144427	0.01210776053087821	0.01154040701287757	0.0112098671427461	0.01152405271402314	0.01000184122630799	0.01000182283875784	0.01000182870054666	0.1681225792218671	0.04139963180008486	0.04917026108267095	0.01079905596507851	0.0230825523469042	0.04622175074450625	0.01362132842920659	0.01122461880976471	0.01323592059495456	0.2365845056427117	0.4413598256526561	0.5747558709361694	0.4278040764198748	0.4569393926718045	0.4986291025593171	0.4604559470510435	0.3929253904698056	0.308234026702554	0.6679686430962365	0.5984273988080544	0.3919898173301184	0.370206185067419	0.374089632217566	0.352811778694301	0.2104558664753168	0.5534784722664232	0.4790503312597441	0.4756787375734707	0.4731233497223328	0.4267167507913037	0.2454025152298325	0.6456125462128547	0.6613162128295826	0.5749215119698071	0.5337402237246862	0.5517172973606274	0.5091278829305314	0.2340611158542915	0.2163255827722118	0.1679623528889818	0.331963558623435	0.4029924880105936	0.03793071077142136	0.1952340175175583	0.4360980282995658	0.4253546266589374	0.7240380260473313	0.4761676198331587	0.4373114573471901	0.5308589388081736	0.6424673522820094	0.5325782622611754	0.02811863226748234	0.4041386167652546	0.02307427746919783	0.03522866401928713	0.01671063261667485	0.1742392564002989
1.017	11.8066199	-3.17237698	0.08306794000000001	0.60368222	1.0037186	0.04356727	-14.41365376	4.4055728	-4.19406478	-6.86667437	2.48737761	3.31303035	0	15.76616183	-9.804401670000001	-7.05591861	-57.56832719	-3.03037101	7.79121356	0	-27.29247838	5.4113226	2.13158767	0.07575406164844786	0.04844451319495651	0.03461299047537768	0.04132351689854974	0.03924053864253099	0.03278349421279703	0.2609880496803644	0.5344943797622201	0.564678665086512	0.7124075962640948	0.0333183312668334	0.01181344415498618	0.01197139437641921	0.01424056386262725	0.01712555804273581	0.01452739633859453	0.0126499327086278	0.01593670543775131	0.1129635435874352	0.01947447874681594	0.01887959718512093	0.01785180868151837	0.06906251123224226	0.07736998985065621	0.01314969234356124	0.01686262296561614	0.02289510518958706	0.01069272429027187	0.01069523150962041	0.01055515893190196	0.01064428544859449	0.01000185105346781	0.01000182763318483	0.01000182957841659	0.1808881312676851	0.0439268494429277	0.05247741281930572	0.01077501779838999	0.02389876836057287	0.05008718986692325	0.01353849906963272	0.01119569789317144	0.01314134246159005	0.2497580517187925	0.4847792984983461	0.6331777840064564	0.4329700641662582	0.4712234296684506	0.5211724593843873	0.4186490649265127	0.3316755069543055	0.2274661637444962	0.6675990668313282	0.6140183127646588	0.325230358521667	0.3180221270856818	0.333332122350332	0.3141137608306358	0.1658141789721849	0.5755170471084172	0.4675684290216142	0.4505675444161779	0.474705417447387	0.4310023282255616	0.2157197801424221	0.6376989324590208	0.6560784462610472	0.5752504976506686	0.5368561794387775	0.5749306763215399	0.5438269527187576	0.2517979552543331	0.235578882141916	0.1721747923417631	0.2544004697903186	0.3576238722147649	0.04527467431369851	0.1669161682904927	0.4287916684189227	0.4197066070825547	0.728968342971015	0.4870853318214634	0.4604504627866777	0.5344954482469969	0.6513662988400367	0.5341217807190666	0.06168495665082853	0.2833100796256333	0.02480641215485647	0.0216985964385163	0.02072892382268725	0.1737559395349043
1.033	11.88677046	-3.13531238	-0.17453747	0.6016699	1.00361784	0.04486561	-16.23488748	4.44121554	-3.92242711	-5.66717733	2.50735753	2.98015372	0	16.29579827	-9.552168269999999	-7.64319217	-53.17013658	-2.92666444	6.86424145	0	-27.50119715	5.15009212	2.45830581	0.08013440201311849	0.04944867111087485	0.03421322488320627	0.04370419881884235	0.04130100794314576	0.0339256575565467	0.2274573097642162	0.6131675291777046	0.6361364937290269	0.8047750484230987	0.03331347554439561	0.01187300618162126	0.01195297021955517	0.01407662021716523	0.01704161776781345	0.01447243432280588	0.01922302046112654	0.01609303808921944	0.1038918195948818	0.01937357222075373	0.01869916565033814	0.01772317860250452	0.07843382990899053	0.0885291034250492	0.01319211887793992	0.01672511527230309	0.02267053738242902	0.01753116600415326	0.01554814412859371	0.01525489611343735	0.01493944656845517	0.01000183958891289	0.01000182213909643	0.01000183073227458	0.1886126523496068	0.04536006951613859	0.05455241766648435	0.01074264599533245	0.02446392113607974	0.05342904552054122	0.01342348650554478	0.01114596061180222	0.01303336996624523	0.2351935325825734	0.4983649742697188	0.6602759242937104	0.4305291241745117	0.474759321024752	0.5312374192576027	0.3828539674599234	0.2910814408243058	0.1849038581676614	0.6684128935618099	0.6267142409979508	0.2906920325331764	0.2915631618528178	0.3155107677318539	0.294684261222384	0.1417979743618517	0.5919593057571126	0.4623226223333223	0.434425715829298	0.4736613729125636	0.4275581079065052	0.1994475942605753	0.64377225530075	0.6644147318763363	0.5802601964413465	0.5403692040753316	0.5875358587840968	0.5772236916401597	0.2730331342726104	0.2587951888693235	0.1941134849788058	0.2098119494216817	0.3294900882341634	0.04881186212283764	0.1496552309699583	0.4236952557895683	0.4160929004722631	0.7294321600300617	0.4950934878286063	0.4772909820293858	0.537042355540065	0.6571548490794854	0.5346866432560435	0.109896049055486	0.2400701312071006	0.02134020523915486	0.01552873196230425	0.02337095750844453	0.1213075040038734
1.05	11.93123967	-3.08395309	-0.09274702	0.59962958	1.00311218	0.04542984	-17.93565797	4.4801182	-4.21022384	-4.6538031	2.62590609	3.2076866	0	16.66759302	-9.15819913	-8.06008349	-48.22218589	-3.1706338	5.56156965	0	-27.65508507	5.00259848	2.26017253	0.08405827616559661	0.05036149472586369	0.03365885240757595	0.04648632019471689	0.04371241372036389	0.03524772438243388	0.1438690153977417	0.6871816916408986	0.6942145859401661	0.8933390747994236	0.03518250145038977	0.01196693002882374	0.01192056798507877	0.01383001368597404	0.01693480511560086	0.01445776277283874	0.03452239915169934	0.01633840659641813	0.07036282057709982	0.01926640536766131	0.01853701126846537	0.01768006977107502	0.09043394685174393	0.102795319808301	0.01328453756074842	0.01654162663289295	0.02235060431407541	0.03347789088675766	0.02670575894716923	0.02589654583504426	0.02494643121358784	0.01000180539957389	0.01000180566973159	0.01000183230635287	0.1922617076028726	0.04587844452886886	0.05565465123010414	0.0106978940805237	0.02484865477036319	0.05666504966206239	0.01326191416643179	0.01106918980548591	0.01289850654700199	0.1910703833420267	0.4838150624381954	0.6594375593338377	0.4201761389456669	0.4679890531602463	0.5300821021631152	0.3485962674679518	0.2660689338135569	0.1752268217749458	0.6705118516289916	0.6381021745370919	0.2840575486160856	0.2875219187147191	0.318397899034822	0.2920945924185144	0.1354052270680257	0.604860530543596	0.4626571853588318	0.4252355232394712	0.4698607105510094	0.4159535622942523	0.1945519343490615	0.6645916800932585	0.6873671053773608	0.5905768206906755	0.5447184257139177	0.5911084925561174	0.613492692059913	0.3004210502864083	0.2888765412953601	0.2365207673797405	0.1926244324714452	0.3150744130712141	0.04898442267498108	0.1412935883908882	0.4201717388328332	0.4140617935017761	0.7254874543568522	0.5011931073554804	0.4899380799806527	0.5388180240990113	0.6605565717802864	0.5343434576892285	0.1787782960320371	0.2690137779573408	0.0122423808576302	0.01594783753112458	0.02496698788466632	0.01033789536582646
1.067	11.65267514	-3.3235013	-0.30318292	0.59684004	1.00174262	0.04621777	-19.03649423	4.70981806	-4.19479306	-4.01280278	2.82740463	3.54493619	0	17.11397166	-9.108841229999999	-8.73112759	-42.85187852	-3.49645812	4.22947622	0	-27.52245984	5.05505447	2.68676476	0.09561728659959254	0.05865339292601886	0.03855962557826873	0.05140815729071901	0.04864628936964573	0.03918921527374904	0.4062350402135497	0.793330512628456	0.7909618937581329	0.9376412936457004	0.02807143112271069	0.01158966380923599	0.01166067967573352	0.01338663180534775	0.01666718642128357	0.01443628515239717	0.02951661211186905	0.01564063953743758	0.2510609311045836	0.019333657561258	0.0185882135640566	0.01760622862767855	0.09018544386088267	0.1032117017128158	0.01274203385658344	0.01599262744411754	0.02318702365007311	0.02879897764061092	0.02288163307159614	0.02229123559218835	0.02144416693566453	0.01000187476762521	0.01000183742754553	0.0100018319511079	0.1977152045186167	0.04686303779203251	0.05709316045135578	0.01067573573400295	0.02586330278584993	0.06027845754037238	0.013215781453231	0.0110501297422868	0.01282746269369863	0.1630954881451986	0.4722623993779852	0.6488834940961146	0.4136075389242902	0.462685929018959	0.5262416450265762	0.2029862274858011	0.2269071317568619	0.1576947220655713	0.6679513717309179	0.6432343235483056	0.2721149941097802	0.2797247521802815	0.3204002914886178	0.290773055841429	0.1157082789083161	0.6105085271866462	0.4622390282394532	0.4163142991127607	0.46448222999731	0.4038079150374306	0.1781733898809663	0.6734855009552686	0.6978116282967874	0.5947395131751589	0.546998014891853	0.5917244040754575	0.6202626419947639	0.3187248386538577	0.3084578697367917	0.2545939064098134	0.1828474870359125	0.2874058002552508	0.04588647334836148	0.137692612496301	0.4213550467680947	0.4155860156074469	0.7294629528466358	0.5014809861528268	0.4911309617281816	0.538982680648053	0.661051498352225	0.5346484968142244	0.1091879444978655	0.2612032922534292	0.02337033548624826	0.0576151549218786	0.02688084956992793	0.1619151081134185
1.083	11.49518119	-3.429499	-0.36303163	0.5947988	1.00026827	0.04658043	-20.5940825	4.81430303	-3.51527813	-2.84774882	2.68645989	3.24320055	0	17.05834831	-8.81723416	-9.42750693	-36.95728405	-3.92942528	3.11180443	0	-27.51687873	4.99761242	2.58583912	0.1042342991681612	0.06068693686941246	0.03807890922810116	0.05473030863705856	0.05160080013178406	0.04107250494982879	0.6057651816658907	0.8546460639576582	0.8567292325465941	0.9567286711952419	0.02475066211745075	0.01159579715670402	0.01160466873269606	0.01331455445324952	0.01661836594999589	0.0144055025124032	0.02180369640746755	0.015664883871943	0.3536696249884035	0.01927164610407096	0.01846013819971658	0.01746919599548585	0.09721529981587659	0.1118302629614983	0.0127089592097178	0.01578089355103542	0.02306164116881685	0.02128999776736507	0.01758381716372866	0.01724406253986958	0.01670118044876386	0.01000194832938936	0.01000186516142434	0.01000183347565368	0.2039907038227701	0.04789910731410427	0.05880134895015446	0.01066434643413137	0.02678384591215425	0.06418808813296521	0.01316318494264681	0.01103036225863016	0.01278028679335619	0.1581027483114422	0.4662890436775837	0.6390183032335404	0.4098749510588675	0.4567258283703136	0.5189776711624081	0.1838721894186434	0.238258976988485	0.1898863367275423	0.6524549600122286	0.6281868544531876	0.2853201868998587	0.3000038016068945	0.3430018760955652	0.314031458845577	0.1428616019982293	0.593980861154048	0.4635544312505686	0.4212778066446335	0.4660175519535302	0.4137218893107732	0.2066876805370124	0.6422896567933991	0.6670943949651058	0.5973874385094734	0.5450613571372642	0.5867265455121383	0.6000528830916279	0.3438721970725547	0.335191651338572	0.286974944889216	0.1571218901545646	0.2647669643710735	0.0513134394565223	0.1707017617428011	0.4286815764897576	0.421795558958698	0.7369585395397222	0.491322230407775	0.4699178613281788	0.5367821444347181	0.6571194365069566	0.5350066990806056	0.09679666505645149	0.2361622497485872	0.02897410220786086	0.074972462493264	0.02700990090654525	0.2390908534292927
1.1	10.64502005	-3.83656668	-0.6494203	0.59187033	0.9972515	0.04714568	-20.92342839	5.12006188	-3.54241411	-2.57066481	3.15353817	3.95435802	0	17.88134784	-8.964148359999999	-10.28527474	-31.38031104	-4.41927995	2.90586548	0	-26.84793425	5.19342514	3.0312848	0.1109864404423737	0.05671631954896857	0.0321566138133022	0.05686804315202793	0.05294525985204615	0.04113300462018308	0.7674007074363066	0.8787927895446546	0.8997375196541074	0.9529871296417403	0.0248050983089525	0.01198609673966134	0.0117455337880867	0.01360477196066709	0.01678224114282686	0.01436156702285758	0.01041953757544462	0.01641417014174759	0.3910149889640359	0.01907261956395182	0.0181367757549028	0.01725184279547284	0.1124022467111	0.1297283237104341	0.01318117928929332	0.01587995821701135	0.0219587840601496	0.01001232878286434	0.01015008423508336	0.01012413004654807	0.01012459844202321	0.01000203528008688	0.01000189233810286	0.01000183707055845	0.2118726429283522	0.04911616178534311	0.06099274028885	0.01066230251842501	0.02772535204006419	0.06888264526391498	0.01309755007085619	0.01100741641905891	0.01275108185843185	0.1754680713615383	0.4651483258744407	0.6286088378882935	0.4085118018662207	0.4493637386332293	0.5073821838375898	0.2888648985080853	0.3015434501623795	0.2758256175936062	0.622085565008087	0.5910788336148476	0.325323776085081	0.3508939481728853	0.3890278509315331	0.3647771018064773	0.2202593617240049	0.5532115741917263	0.4667678197685672	0.4407464842765738	0.4746585916641978	0.4469347318984479	0.2836590926492061	0.5671046670874155	0.591375751215855	0.5988515873604082	0.5386663702308276	0.5754901845457447	0.5503371954876124	0.3790065453448363	0.3724196088009238	0.3377115126278737	0.1122319422172327	0.24432805093316	0.06594369176298376	0.2444471797862013	0.44306714421303	0.4334666164744356	0.7489111627727476	0.4694469956521933	0.4236471412306435	0.5319413484323392	0.6482688785138226	0.5354628397716698	0.1400555477776189	0.1907605201297091	0.02975415186266949	0.07018942369170364	0.02537027331159541	0.2515120994779323
1.117	10.0098876	-4.02697036	-0.77822479	0.58937861	0.99449033	0.04708374	-21.52563548	5.24604923	-3.36715146	-2.30296468	3.52399058	4.16702883	0	18.00794401	-8.60990518	-10.64577553	-25.19828926	-4.76878533	3.16016581	0	-26.41048506	5.26776189	2.92002281	0.1139583445150011	0.0566954649633072	0.03088870222675039	0.05906170250029313	0.05475638050365453	0.04207336285302994	0.7578297036104157	0.881098597422117	0.9024082444917767	0.9543855336173048	0.02753456683243038	0.01202980872552268	0.01169509663336858	0.01356222814922486	0.01671065566348242	0.01410186578141652	0.01683699280778409	0.01662993872144094	0.5040324084640314	0.01892059998381988	0.0178538145246378	0.01700244477291323	0.1232500623404566	0.1423436048154354	0.01323729395343613	0.01578339666068455	0.02173134465369937	0.01636604397124478	0.0143747868461834	0.01418754969389822	0.01387437589708386	0.01000180161773337	0.0100018235041929	0.010001837683375	0.2194748715622248	0.05076165326793527	0.06333031437659285	0.01064969674126668	0.02870687105762933	0.07277974512419066	0.01307747924153268	0.01099973838334905	0.0127082498639218	0.2076128038032274	0.4720535194466509	0.6321523950817112	0.4212178720915333	0.4645075609708847	0.5214934288775324	0.2727460281236588	0.2540287174363295	0.2750013031782216	0.6026881351779374	0.640076503100377	0.2537305019421305	0.2503606337808109	0.2844845953288414	0.263098055277074	0.2025851197790985	0.6133022908593164	0.4613727934796948	0.3825211471955463	0.462994353248585	0.3908876388269571	0.2469446395191207	0.6554553797015673	0.6706804333598417	0.5864753619495517	0.5526251703592178	0.5808480274306587	0.6608993765860109	0.4026939298813189	0.3970692693642246	0.3710092755061891	0.1048916291012324	0.2150994367047725	0.05883359897835272	0.3093236989675215	0.4564858261091918	0.4435818487396168	0.765537429609737	0.4455275227471043	0.3709694367537901	0.5298493292883797	0.6467931855744042	0.5376141208703517	0.1770576181439047	0.3360263641671306	0.01770370104723328	0.06165351576002719	0.02566290826704008	0.08800194650205438
1.133	9.41122433	-4.35004681	-1.06316282	0.58677353	0.99140367	0.04671739	-22.05241013	5.40705689	-2.88019736	-2.26339213	3.90859145	4.02807208	0	18.04676301	-8.446364239999999	-10.94085111	-19.30331416	-4.88516414	4.43954096	0	-26.01266524	5.39295598	3.20782419	0.1125280733318267	0.05909688408659482	0.03349522848929026	0.0588285702425887	0.05444808272916027	0.04162699411407655	0.8322514942385046	0.9198725138733296	0.9343949145299855	0.9693470478392138	0.02305570880353152	0.01182460270249598	0.01162583148448321	0.01335776937204027	0.01663933857662067	0.01437608341895731	0.01672205407222061	0.01623469122967326	0.6988923078138374	0.01901832538922918	0.01803108452249598	0.01716654540551136	0.1150227537973935	0.1332570387089595	0.01304093504063764	0.01574604123209128	0.0219698352497659	0.01636270527630712	0.01433654021065424	0.0141559860014175	0.01384269325266474	0.01000276980362572	0.01000201729957539	0.01000183879773991	0.2228785243501861	0.05146018619159896	0.06484434164071083	0.0106259446624181	0.02973237331310745	0.07745834817387556	0.01295590283705617	0.01095599369943711	0.01261911683853537	0.2386761328311198	0.479849482154787	0.6312601026782868	0.4338078397142648	0.4774408928387692	0.5309125321806054	0.2374823226501409	0.2188355497000701	0.2445559391988752	0.5869124348532632	0.6690864635283709	0.2060258633315656	0.1963126095520624	0.230221946938887	0.2134288862942407	0.1928558248627827	0.6524313066219652	0.4559493205126427	0.3493907696671092	0.4546867827399006	0.3576315110103403	0.2245733579096691	0.7019158978819497	0.7115939253088408	0.5729748876586496	0.5611473581688361	0.5863894509431777	0.7113006739671864	0.4201664639800349	0.4152115070542777	0.3954756707458876	0.1026596657621387	0.1985488164868	0.05423312947132275	0.3374703144005988	0.4632571940782312	0.4488692129151463	0.7714462833210407	0.4336922126581078	0.3461721148609043	0.5286255354737255	0.6448453943154844	0.5381641814779478	0.141237954661	0.3905317694223494	0.02041039781725574	0.09266626014858315	0.02570780212154953	0.1361345595954525
1.15	9.29044347	-4.34661337	-0.97139367	0.58529473	0.98881982	0.04560846	-23.26508221	5.27759114	-3.04657893	-1.90011611	4.29545476	4.8644466	0	17.12885188	-7.68556893	-10.33282294	-13.01958428	-5.16559344	5.65795831	0	-25.94904333	5.33448697	3.09231821	0.1065168429949538	0.06422075430924237	0.04030200838373926	0.05613950484670158	0.0519818293067516	0.03973810231095375	0.9999688031490835	0.9999612784546934	0.9996958635235093	0.9997418615852056	0.01080866696864363	0.01134482791770291	0.01152908019781993	0.01296583828196526	0.01655937524638388	0.01521849714017255	0.01006035402680874	0.01517902172997361	0.999952174432177	0.01937801145585588	0.01869074449820961	0.01776465727234199	0.08669190751402803	0.101332804627697	0.01256755768679803	0.01576322250265736	0.02270406717285749	0.01000189536118414	0.01003056349905473	0.01002549350754581	0.01002559017821345	0.0100050608610005	0.01000249794867315	0.0100018405529488	0.222509057890731	0.05129907717179209	0.06572407548921869	0.01058807727202321	0.03093004658843328	0.08350327979418025	0.0127176238068671	0.0108707142818341	0.01247254115409924	0.2725409745737017	0.4895107093373659	0.6258204241275924	0.4478554506872566	0.489780400720368	0.5368168816596929	0.1786658189033421	0.1915648009865691	0.1806838551581492	0.5727865014934804	0.681734959952328	0.1762467804270664	0.1819938724580472	0.2194570747129265	0.209560948735124	0.1898553151105184	0.6754897484500035	0.4498194667465293	0.3372140545002084	0.4486974338245592	0.3430093324715209	0.2137488376196699	0.71229378640111	0.7192304135564765	0.5566626052013391	0.5652982071358845	0.5928071330223664	0.707841249803785	0.4336082144033238	0.4291141015823393	0.4141689977519313	0.1052570567825649	0.1926073627519962	0.05156722455351517	0.3324053530145675	0.4642276691162781	0.449989629522965	0.7673763306205716	0.4324616516240794	0.3461555103153754	0.528116992761545	0.6421820308296984	0.5371817791704075	0.02811909939354204	0.361089911552267	0.03821257926898965	0.1671042499059406	0.02551056660693747	0.4019265153948008
1.167	8.992882979999999	-4.44454292	-1.22205056	0.58421843	0.9856633299999999	0.04482059	-24.32438524	5.17149767	-3.00777578	-1.5557438	4.61513777	5.29454415	0	16.52613661	-7.26857767	-9.90005307	-7.80307964	-5.28750476	7.23933566	0	-25.7955406	5.21088449	2.80361114	0.1046951402000697	0.06283512907132877	0.03816048460417596	0.05903666815668696	0.05290476882976979	0.03792925011032237	0.999966910937643	0.9999782956069092	0.9998454137767127	0.9998688971256167	0.01060463378409694	0.01127820347683468	0.01140848586075524	0.01265786626982453	0.01621036274383608	0.01497665365181289	0.01005331522305232	0.01506017121527671	0.9999575187922527	0.01933422852940051	0.0186060190926657	0.01763987623098053	0.09661695215596199	0.1129963185755796	0.01243435472133544	0.01550551361666961	0.02199764107697485	0.01000172419667907	0.01002754111739952	0.01002301205667438	0.01002300497965503	0.01000532305086824	0.01000257025549051	0.01000184169736102	0.2233962387278463	0.05090528615240834	0.06654309894905593	0.01058939970990392	0.03263601754715287	0.08990150636498122	0.01261351790344052	0.01084903246816226	0.01243409431759339	0.3329661009400653	0.4961642106851875	0.6018326281464622	0.4602441226926541	0.4914331426495748	0.525427762283506	0.2911788209032025	0.322646333089795	0.2658605855118911	0.5852805547244082	0.6172707403204603	0.2277298501278263	0.2721464775093584	0.3119818913492661	0.3122456508659825	0.2256329352553683	0.6119826843042573	0.4507419660975811	0.3945025442523068	0.4644609863935519	0.3978768928490155	0.2263306102437025	0.5899341848209886	0.6049219744314732	0.5475565741624538	0.5510625591336082	0.5797471573432491	0.6213994109573184	0.4439567814348055	0.4382349321345664	0.4325128392838917	0.1068102562272492	0.1910618972859881	0.05049273234065407	0.3224904280565108	0.4629069654871764	0.447510091017225	0.7808008831069755	0.424718959705069	0.3283722606606208	0.529929717812324	0.6502639191579541	0.5401140182172057	0.1585425561613215	0.3121303516747427	0.03568980538135363	0.1114364519367058	0.02005955725122178	0.3888576265226237
1.183	9.298426060000001	-4.53204975	-1.47416563	0.58364899	0.98322104	0.04391089	-25.89144063	4.93211943	-3.21161687	-1.54072244	5.0655544	6.33657097	0	15.40951176	-6.95044125	-9.45797295	-3.80598649	-5.18650625	8.821988640000001	0	-26.13929114	5.07085402	3.12010313	0.102843375771961	0.06067545675089376	0.03546479069418906	0.06126412328810943	0.05379295224100954	0.03698839693536542	0.9999605929603508	0.9999864306199253	0.9999305770371196	0.9999412465700765	0.01055323294907226	0.01128090801453582	0.01134260355771705	0.01240850926256687	0.01587268809943387	0.01473216371307524	0.01005246997947802	0.01514515938355674	0.9999566069137049	0.0192477162479289	0.01845123276664147	0.01746962871808398	0.1085905933464071	0.1272635636949019	0.01245468456226763	0.01532269008667847	0.02134381904418998	0.01000178922398632	0.01002692643208493	0.01002264144749802	0.01002213378186501	0.01000741500943388	0.0100027076676225	0.01000184285645324	0.2288752685843514	0.05138769008077013	0.06792744609083513	0.01057474650927188	0.0343031489047463	0.09521463295396032	0.01251974187309064	0.01081977961979563	0.01236987342570695	0.3499203991247988	0.4915732280154874	0.5855653327459682	0.4650607571983343	0.4909435832871275	0.5192760394967789	0.2873029644409881	0.3679817704429003	0.2670141896942585	0.6113887776895139	0.5946460685530145	0.2707205313117563	0.3070252678153131	0.3420985998571916	0.3439580832202587	0.2126238558521644	0.5873158770259351	0.4561063675670154	0.4219914863507861	0.4695869694182069	0.4113153617455841	0.2010330251817335	0.5900633709613179	0.6087647222073163	0.5422530450275151	0.5444520217726571	0.5746903905559723	0.5446987752961591	0.4376092485247427	0.4289941763794745	0.4274091431361506	0.1275251124376801	0.2052973845152517	0.04123483366241975	0.2934484000072841	0.4583500213133865	0.4417580228318226	0.7956528359689612	0.4237003109818976	0.3243599810045575	0.5333333717712987	0.6620287867856351	0.5436338834659163	0.2493824010669234	0.3080552475291064	0.02692390341712379	0.07912407276687994	0.02088401690611809	0.2635761451822861
1.2	9.18554754	-4.45229871	-1.6944396	0.58375785	0.98014673	0.04290475	-27.00674218	4.56524994	-3.69645798	-1.55022665	5.51380951	7.53477536	0	15.07673791	-6.53684978	-8.90141219	-1.43301286	-5.04767102	9.80432465	0	-26.0357866	4.74507349	2.62666808	0.1007300791571142	0.05747177830788302	0.03187796491503021	0.06310030213239677	0.05475740246687579	0.03679793613921327	0.9999490594700451	0.9999867003703687	0.9999619987122812	0.9999679535991428	0.01064803935919148	0.01135327959801898	0.01132319800082559	0.01218659763428506	0.01550414198262699	0.01445446608161741	0.01005771264063904	0.01544460975584871	0.9999493248117151	0.0191076605762571	0.01820703722938389	0.01723263379454027	0.124109536234169	0.1459179456255791	0.01263108843971114	0.01519189897143504	0.02066087332040476	0.01000209857151932	0.01002864260744662	0.01002433535386969	0.01002286768511963	0.01001159823151814	0.01000292736158563	0.01000184417511197	0.2396310261923091	0.05280658944792264	0.07005016030727867	0.01054228602004809	0.03613983208091275	0.1001068003847399	0.01242457371202372	0.01077929913068837	0.01227185086695412	0.3255231564009942	0.4751638884945534	0.5749851260010485	0.4629074335175073	0.4882505277127199	0.5175927479511709	0.1665537674589236	0.3332380427150243	0.1842888682280484	0.6543746982594353	0.6110328606790598	0.3105926591268477	0.2909900921641563	0.3135717888001944	0.3086622998422382	0.1492019419755067	0.5984059757052463	0.4665832213385113	0.4231169985579564	0.4647161307766062	0.3850045477732984	0.1346938843010171	0.7126974930896375	0.7312390003559842	0.5400890766546556	0.5446402778829121	0.5770047368121262	0.4681517633626621	0.4137721740593778	0.4002367398476774	0.3982199472902407	0.1699909824401611	0.2370932603434449	0.02263629118403302	0.2416490153607343	0.4499872185731847	0.4320144164435827	0.8137886833142771	0.4292783743641689	0.3336171363901775	0.5387534113833404	0.6789472421662013	0.5481813580726281	0.3119936147235485	0.3483552110971531	0.0108191356307715	0.06612806500023437	0.02808700302848836	0.01042188620624713
1.217	9.556266920000001	-4.45426932	-1.86446693	0.58382735	0.97803088	0.04185568	-28.27435017	4.2043211	-4.225896	-2.22830937	5.8979857	8.76796085	0	14.91434579	-6.33309723	-8.504392360000001	-1.40221987	-4.47375931	10.65413489	0	-26.43069764	4.45223294	2.66564944	0.08835475958806205	0.05123208112139527	0.02919545367923704	0.05724016226779671	0.04988851840154504	0.03404632253489365	0.9999704970320462	0.9999942536856333	0.9999860235796909	0.9999884543277255	0.0103931282288829	0.0115358405614473	0.01147327574311712	0.0123499672360241	0.01565803745262872	0.01483363130001672	0.01002978115146843	0.01582836712277386	0.9999755602987146	0.01914294487201094	0.01834268000347831	0.01744694086567334	0.1118456113171042	0.132516805967209	0.01299431841972805	0.01545749695418557	0.02027639138204773	0.01000097530337134	0.01001340223028259	0.01001126046383679	0.01001098736564527	0.01001120042238867	0.01000291445371497	0.01000184472001638	0.2441648811554365	0.05306244774957126	0.07026085193043399	0.01053647503397523	0.03743019109446384	0.1014942425515508	0.01239700330186603	0.01077195634081618	0.01225068926372384	0.3610572609855849	0.4786421524636219	0.5626537354316594	0.4691711426886311	0.4900484679774257	0.514750388305369	0.2870234791327664	0.3811007007250709	0.2699908188360999	0.6670085017768967	0.599900423514634	0.3418490972426197	0.3159866218769973	0.3285033777586237	0.3259397657786089	0.182474422538448	0.5856432542282397	0.4706904884949163	0.4398146060991157	0.4575496267016574	0.3791543423460093	0.1758166946705623	0.7155027740779145	0.7294266920194219	0.5221038910969392	0.5344458973670086	0.5675243958433427	0.3783003179280206	0.3918230119488667	0.3736416807143703	0.3736050348991845	0.169878752711933	0.2799155920758465	0.02984821946588066	0.2019158620516709	0.4417639413820266	0.4240138113587885	0.8143985481834664	0.4409894731029791	0.3578748447064107	0.5411625076054565	0.6846689335011982	0.5491088044568918	0.1667343360955889	0.3085231022489237	0.02820206155888246	0.06367501567479494	0.02311631439604839	0.1144045467785536
1.233	9.729289809999999	-4.52287797	-2.16685411	0.58413512	0.97572028	0.0412005	-29.17321499	3.86044433	-4.28553879	-3.12613602	6.21475984	9.608013290000001	0	15.34734072	-6.3154873	-8.18050352	-3.08000508	-3.92311192	10.96933567	0	-26.56787036	4.12465174	2.44870696	0.08118486394738988	0.04792695008552103	0.02738507845611252	0.05435253754965935	0.04761343356390102	0.03288229080103972	0.877995078392767	0.9991964200586947	0.9995108107127002	0.9980450176386439	0.02035981906215364	0.01164485753953073	0.01158071200078322	0.01240670906084724	0.01559654980277928	0.01497527684295448	0.01068528313424297	0.01603901071693565	0.9132280401868855	0.01915026727382353	0.01838682873967409	0.01751091057529	0.1031165381318036	0.1227389804204034	0.01317797723201044	0.01554135528882025	0.02002959707358107	0.01279430495814645	0.01047223828921638	0.01047550744148496	0.01027741858347385	0.01000799129478137	0.01000256326686142	0.01000184317054629	0.245522941482933	0.05274645738036703	0.06960529600165102	0.01053031972992269	0.03799765449898978	0.1009702573464731	0.01238564374219901	0.01076896267642151	0.0122383586775857	0.3630442825088006	0.4611050410768756	0.5299048710244416	0.469904418637917	0.4863916940852764	0.5049083844129127	0.3619991169079235	0.4060589771879116	0.308035814189582	0.670421528838674	0.5927713591986474	0.369949872825332	0.3388411251878268	0.3430429828965585	0.3382440072899268	0.1892212503560745	0.5783235059998928	0.474919468915779	0.4513615758016231	0.4503105467157365	0.3644116045687593	0.1724562812281421	0.7083994922262653	0.719750719482698	0.5146690893991791	0.5278679656251766	0.5528212352347839	0.3795298714242884	0.3568292815920757	0.3331076515261001	0.3255264442636283	0.1909873310001269	0.3106419298663013	0.03596597410215827	0.1778216193491086	0.4364292519632094	0.4202365179915876	0.8058011116795593	0.4534687806326441	0.3842258026164858	0.5428524296702029	0.6860962014364951	0.5479382949801068	0.07466640035573474	0.3245095763308752	0.03450694642900014	0.07141969099960199	0.01820138198375192	0.1512322466928751
1.25	9.811481949999999	-4.49386236	-2.72672699	0.58565877	0.9736944	0.03998023	-29.77840436	3.19323726	-4.38039819	-4.55384629	6.28977806	10.68092711	0	15.90383742	-6.23544988	-8.09207651	-5.7592044	-3.68821937	10.71841711	0	-26.49729819	3.69086918	2.75668713	0.07832415528001364	0.04714324382077598	0.02622054234276606	0.05407647488821749	0.04764776234923819	0.03316033697091971	0.618775876222299	0.9974934702861855	0.9984769585029352	0.9938947139457627	0.04179394821316242	0.0116939576545297	0.01165893630603216	0.01236391583685736	0.01531199307684749	0.01489710840329795	0.01210615633680948	0.01610287098760432	0.7288633244622501	0.01913054308192144	0.0183450020299957	0.01743253913709234	0.09683118253010457	0.1153622407918118	0.0132050222280936	0.01545395626716842	0.01988964110644644	0.01873125374269149	0.0114625052916147	0.01147510715902022	0.01085546524083395	0.01000156970774534	0.01000182990266826	0.01000183933301791	0.2438749647157356	0.05181911954415943	0.06800154802983191	0.0105230506948839	0.03791315522005633	0.09846934661887201	0.01238907508806427	0.01076994392945503	0.01223331778527244	0.3317325986610436	0.4203604154109714	0.472644924728493	0.4651989208590259	0.4768231092997536	0.486836485787245	0.4008526355062902	0.4112326566614019	0.3031794787076805	0.6650404078274893	0.5887545346916017	0.3984075828228235	0.3624104150104985	0.3590080548562408	0.3471130545651065	0.17028577890559	0.5755317624916624	0.479798785153707	0.4592012788782918	0.4420940058206034	0.3389334922193926	0.1241925922934546	0.6904997373032339	0.7010015861787217	0.5168553213491552	0.5240842411896869	0.5310573599103799	0.471994118038498	0.3044167666944061	0.2735678986343333	0.2479743515541281	0.2359552895907668	0.3331130659386164	0.04175427442240058	0.166354506915227	0.4333163141393808	0.4202103746710798	0.7869216942395674	0.4682762103943722	0.415963879859162	0.5440344178356729	0.6834074544640039	0.5445235159576751	0.02428131553650362	0.3983129426032506	0.03052190084988937	0.09033017539025626	0.01272783924006189	0.1255084484385027
1.267	9.739526140000001	-4.59579192	-2.78591283	0.58759856	0.9715595	0.0386637	-30.01663015	2.92299897	-4.46254405	-6.28171123	6.19677318	11.30399842	0	16.90600281	-6.23486793	-7.50565355	-9.21385025	-3.96115599	10.09415451	0	-26.1996728	3.51304371	2.65413541	0.06359552549962459	0.03885784048479442	0.02375131059988893	0.04750022601185051	0.04217724740637302	0.03035199230964167	0.363258424294002	0.9991445024594829	0.9991137679008464	0.9980184374385646	0.05373270566171517	0.01200708427582527	0.01173428116341835	0.01260857336631918	0.01565611065927037	0.01512462962312738	0.01098615499009035	0.01709137996686962	0.5411183267850185	0.0190943015476838	0.01834645377882909	0.01757283770056309	0.09501154981018961	0.1135446695801398	0.01411279221466667	0.01596308557357566	0.01975523570983863	0.01279801167493847	0.01049256234571386	0.01049257122601611	0.01029390004394804	0.01000182259126052	0.01000182429950531	0.01000183819809784	0.2333115056383589	0.0497694629586422	0.06456612375531845	0.01050770449483166	0.03648032746755753	0.09216434610969904	0.01236935637427259	0.01075556943815219	0.0122034139790211	0.3715917946972006	0.4612261953221086	0.5162845465505153	0.469925372836611	0.483811348745332	0.4965954515998968	0.4147939556504774	0.4407173555041953	0.3635612106989798	0.6519683372221853	0.5686293971119252	0.3475727255317719	0.3524806770693256	0.3652481912607094	0.3639483771647225	0.2439754778932207	0.5532292985825915	0.4700638662396188	0.4624219578948451	0.4621430928763657	0.3996907336565396	0.2316703209359635	0.5926430000853721	0.6045417178317725	0.5184601792370789	0.5217056617672272	0.5392322068990345	0.3241221459531536	0.2698907564137258	0.236350916302534	0.2060353750395347	0.2721781250959674	0.3606309979754766	0.05022665544308553	0.1453675683184888	0.4292271419658095	0.4193115313375677	0.7789890091988515	0.4864930273163804	0.4560426898104444	0.5482764318470492	0.6885960042143602	0.5430532362689251	0.03080064685563963	0.3406355932949818	0.04250970069984681	0.1144252931654749	0.03246603841614321	0.05898999691536722
1.283	9.800331890000001	-4.86615633	-3.02814245	0.58914791	0.97034672	0.03785602	-29.98831792	2.72171874	-4.27335741	-8.652417	5.70630249	11.61815712	0	17.38190432	-6.47752645	-7.37512621	-12.15891031	-4.91321705	9.368383010000001	0	-26.15465059	3.3686399	2.64898582	0.04495458527380539	0.02847907319266084	0.01995879169121588	0.0382976805455679	0.03421497418898456	0.02592900299975819	0.2070957477949292	0.8763260680084975	0.8753431339225877	0.8779587232410289	0.0515991616479402	0.02545171784656424	0.01470936172973752	0.01552366764664314	0.01678500072671334	0.01539259205506183	0.0157771874930773	0.02003311154406855	0.3876168715151026	0.0189459175134731	0.01819087844301337	0.01769039358231702	0.1012125748387679	0.1210460620677432	0.02122390263112639	0.01729105746309213	0.01947048835356676	0.03527420429757967	0.0149640350601325	0.01494528561771507	0.01296269467669321	0.01000189110043931	0.01000182416045193	0.01000183397771421	0.2135545767731114	0.04625019230460474	0.05921125193487758	0.01054817201720367	0.03469261639184139	0.08441520984815214	0.01251889196899021	0.01082002043069156	0.01234531600103401	0.3697915716368381	0.4651120164571382	0.5210826127780598	0.4655948366089055	0.4796871585483354	0.4940778517920444	0.4095035875666786	0.4509529494767264	0.3831485661205372	0.6346942339677053	0.5535755386542953	0.3522617208389811	0.3694108330598361	0.3841656610542055	0.3827848151848996	0.285935843514169	0.5311138449949702	0.4700073199777988	0.4682607248253305	0.4644051163503862	0.4160777346797555	0.2873881349731185	0.5444643453268192	0.5553689015492124	0.5232679237710107	0.5195868725328435	0.5366294825730207	0.2793159526622668	0.2609310370997789	0.2296063694622587	0.1914916130906354	0.2410150837296553	0.3530181852473337	0.05064399939604719	0.1268896503847384	0.4257748372938172	0.4162352121985156	0.7976586277608104	0.4905585088170138	0.4634036588811468	0.5521382755277259	0.7003749168801547	0.5462195089416829	0.0934276662697424	0.3078350176168406	0.06007483646629262	0.08904033029768296	0.03985275381637796	0.02692289286425695
1.3	9.4103884	-4.94656134	-3.343119	0.5910677	0.96897262	0.03657339	-29.26679692	2.24493838	-4.32314143	-11.3525269	5.06101308	12.32320157	0	18.42674318	-6.59975309	-7.33423883	-15.38200652	-5.83478917	8.70048882	0	-25.56950307	3.01790873	2.54505282	0.02007121707432854	0.01470959603285849	0.01436892075316277	0.02531852030608431	0.02276565854489919	0.01933849537753377	0.1307675121626976	0.6136858626268543	0.6116937273208748	0.6187081070784614	0.03512662317011547	0.05370843756308918	0.02095606307577961	0.02147358546286979	0.0188397745376068	0.01573449100309311	0.02707813290864377	0.02529578216635102	0.2491712767437634	0.01866684297501302	0.01785882910557159	0.01779990126757335	0.1162093857444118	0.1388040923155724	0.0354272422795303	0.01960386842190739	0.01899980561809686	0.08896935568844561	0.02543585752417302	0.02538983963307955	0.01919544846816267	0.01000178379892906	0.01000182946812646	0.01000182614431909	0.1821345620118371	0.04082139875029235	0.05126757359095416	0.01064951170229644	0.03232655810844336	0.0742532958015379	0.01285637382155684	0.01097135328114054	0.01267676160406277	0.3261069015974103	0.4325036064579383	0.4876388816895689	0.4516659951474463	0.4639350149341388	0.4789689863877062	0.3843202352444187	0.4432188878255611	0.3643899644000467	0.611058835157239	0.5417112270115084	0.4130606931578528	0.4153171524808439	0.4181251479609161	0.4059769233781599	0.3014119214710529	0.5064209700303455	0.4796220780855194	0.4774474255360587	0.4491628291769169	0.3901428704169415	0.2983107611595633	0.5399414411827563	0.547336535295722	0.5318795230176921	0.5174630248322378	0.5229238463915864	0.3319747640044781	0.2764176438383224	0.2524911897584731	0.2025250954638183	0.1385707853210406	0.3093230261631692	0.04305847427540565	0.1086110133722569	0.4225278620394048	0.4105968773615417	0.8452642522456896	0.4809808400838511	0.4389669082051068	0.5561026793377872	0.7202165565446121	0.5544181180600434	0.2199907512055756	0.2958111436090594	0.08541295012003261	0.01100216642840586	0.03581132486579531	0.02529874827878353
1.317	9.41385496	-4.82915935	-3.48968004	0.59410774	0.96897292	0.03467754	-28.51500903	1.59088915	-4.45599792	-14.79475366	3.83616258	12.7164838	0	18.67451042	-6.44825774	-7.34421103	-18.08279826	-6.48137348	8.19819238	0	-25.28551375	2.60097789	2.10752406	0.0160056849479362	0.01395641545766559	0.01432458655332364	0.02193615993696885	0.02001277583344799	0.01818129748478134	0.06014772784580743	0.3386542758030633	0.3100983783620069	0.3785381782532629	0.03356749732661973	0.06520899384433052	0.0212293170323147	0.0220512553082525	0.01890140763311387	0.01560424353542534	0.02605645638844241	0.02667163574823284	0.1309213309341864	0.01866697128864356	0.01786426842337378	0.01777442354953473	0.1134993941324214	0.1354510952916196	0.0398638920626615	0.02020714632414353	0.01907501310190822	0.0757550516736632	0.01857950576960423	0.01848007098404116	0.01425753698134259	0.01000180878297414	0.01000181151740099	0.01000182337732764	0.1452155014124499	0.03450849142179083	0.04207127220832871	0.01067820478295799	0.02982013655503462	0.06288258939008368	0.01307973733943256	0.01102486327878797	0.01287643702570858	0.3801837272764439	0.4557817074810941	0.4952907916898706	0.4627831013779163	0.4734342055069534	0.4867193096821859	0.4097495077084787	0.4592085096219308	0.4001603504631895	0.5807590458950924	0.5248771022047148	0.4300380218462504	0.4379196556665887	0.4475172462168509	0.4377095858719099	0.3669386188936702	0.4988229622797351	0.4803914232827567	0.481539556586187	0.466742414801154	0.4302962580623659	0.3631108299707363	0.5077633715705737	0.5151360684261561	0.5215564757334874	0.5081550643796203	0.516149246166088	0.3202893059576834	0.2933318055143347	0.2732509090253392	0.2086989119666863	0.08564052707980707	0.2178228079583053	0.03194809086882633	0.09070116074522029	0.4120500177701737	0.3952013400616636	0.8728824293114372	0.4641621222802036	0.3973994907562475	0.5635251641558292	0.7541453904171551	0.570042436860308	0.2126257865097961	0.3044209858864725	0.05367697272582767	0.04049883779908871	0.03493932565444167	0.01591471281263094
1.333	9.66609631	-4.4767865	-3.64502994	0.59751032	0.97000449	0.0323683	-27.5374408	0.59705436	-4.72984465	-18.96856014	2.24167083	13.1150669	0	18.27311198	-5.99958357	-7.41429926	-20.25252399	-6.70224569	7.70734652	0	-25.19186616	1.9326305	1.8476321	0.01438554411451862	0.01370926818146079	0.01444235610490553	0.02018653974571069	0.01874939135179557	0.01783815343173551	0.02756096438278215	0.1747585647844307	0.133730118325353	0.2335851923147423	0.03233223499852821	0.07070637999755069	0.02321179858663466	0.02350505904663869	0.01927966463406203	0.01547730151795997	0.02276036565514127	0.0270166713377537	0.0695895757238819	0.01868504409086628	0.01789122547958583	0.01777252299468269	0.1051697079957914	0.125120889831841	0.04019069793493998	0.02056171811078104	0.01922533832165121	0.05312028361506528	0.03799556703444824	0.03832814088287434	0.03146801643821387	0.01000181590902964	0.01000180686583659	0.010001818908491	0.1107965470561688	0.02965125931103433	0.03466297812962486	0.01092536102833367	0.02739010320622978	0.05142034340125014	0.01377548686607981	0.01139795917779677	0.01350055296524482	0.4496957149384286	0.4896943849444366	0.5117240738493083	0.478872457400944	0.4879458701108211	0.4980568962392801	0.4532519535670591	0.4738269878038518	0.4439206305994796	0.5570641671647986	0.513625837871197	0.4236698137848482	0.4398851357755676	0.4549024955560039	0.4520191494398254	0.4145540296484167	0.5026115678191156	0.4774735145326338	0.4801677098729519	0.4814060060395319	0.4643253321429069	0.4118741285436194	0.4858573706997345	0.4926446941028839	0.5013831900250152	0.4988690740084718	0.5116310309340835	0.3321392279177275	0.3266263512323068	0.3107018223911023	0.2517047005086798	0.05177443485887576	0.1348543079819786	0.02529834539983879	0.07864889383645708	0.4056924917426417	0.3844078410719826	0.9032444698708557	0.4461751776641082	0.3543325680095467	0.5682925121732865	0.7793798781556225	0.5819841969344204	0.1637924600031479	0.2446509820228837	0.03225091898595259	0.05397584309625916	0.03494644209255324	0.01287084041537834
1.35	9.92349272	-3.89524169	-3.49856287	0.60074216	0.9712714099999999	0.02914048	-25.89998152	-0.62678387	-5.63267655	-24.14307774	0.14984114	13.41187487	0	17.68578283	-5.13788784	-6.96724807	-22.04535224	-6.57045535	7.07407973	0	-25.0354521	1.24148124	1.1231616	0.01500827696989865	0.01393726079471851	0.01473695060185615	0.01985095720840258	0.01881758203973538	0.01826617021176556	0.02893387634074406	0.1015117656936288	0.06054291470633277	0.1657300260205856	0.03126642839482949	0.07088776929190214	0.02715131793302952	0.02601672214532664	0.02002182766556983	0.01533779719851384	0.01677784936707766	0.02637401838360369	0.05750954171156254	0.01872332048195902	0.01794306990623424	0.01779396203366071	0.09017911656744299	0.106522200253764	0.03644851063040051	0.02071190525514958	0.0194695719297937	0.01823570550532696	0.08611104897681089	0.0874150580669336	0.07297819677088573	0.01000180606785252	0.01000181493198771	0.01000181217920461	0.07457532964845848	0.02564254840417831	0.02811665459500463	0.01142187496909545	0.02473270389342822	0.03843377708643306	0.01503059109232949	0.01213727796554305	0.01462712391511353	0.5433318630411127	0.5384807235308835	0.5389928884378117	0.5019452327194076	0.5092839668212258	0.5143989443786254	0.5202653785524827	0.4889016321440642	0.5011408398259534	0.5370123391250707	0.506551025969265	0.3931600429659708	0.4214592778214025	0.4412040521457688	0.4506943095278956	0.4502100800796353	0.5182603623409098	0.4705036132413848	0.4731604045571986	0.4949865517968477	0.4964837269186319	0.4506960691998226	0.4714851884613838	0.4770509905354963	0.4688380051787165	0.4884443049223985	0.5088044237915718	0.3690057701296163	0.3804630992069853	0.3695252940264832	0.3369181846575487	0.03273924713063046	0.05004646373714822	0.02227801968481962	0.07094767928237192	0.4026605932033669	0.3768671930187886	0.9401456289938724	0.4247716381585529	0.3043827746216666	0.5710006418923413	0.7990743307273226	0.5917361182916445	0.06738660587229905	0.1090298815353433	0.01845653218292308	0.05311780798206335	0.03583356373489395	0.01578664703736924
1.367	9.908839459999999	-3.01682087	-3.41616382	0.60364012	0.97263169	0.02521456	-23.22558064	-2.36875474	-6.62621965	-30.30263342	-2.78159388	13.52893233	0	17.02545326	-3.96961638	-6.92868559	-23.21421205	-6.20044582	6.73245201	0	-24.74980236	0.29944826	0.41651492	0.01368057685900781	0.01330980496408463	0.01444845058203473	0.01771023806717269	0.01718984824472449	0.01746299426606084	0.02245094327886546	0.06516980825674346	0.03728445949306691	0.1018734872108838	0.02854924839568033	0.07684106315417924	0.03332757383943544	0.03045483849395399	0.02099711721932324	0.01525618715568176	0.01946804158203735	0.02702237231589343	0.04175116519258788	0.01871988814333658	0.01797803746178266	0.01788928228187237	0.07801014868574324	0.09133540667970401	0.03808552459233593	0.02141904501259914	0.01943785060546438	0.02751464721032452	0.07331472210473423	0.07484480802180335	0.06162352804990969	0.01000180893966997	0.01000180923181186	0.01000181100962727	0.04976290834308889	0.02272357103955894	0.02394137304704249	0.01166301453776142	0.02236282977665002	0.02949186896665188	0.01604563494304579	0.01269210012631663	0.01549709468762587	0.6477332599856166	0.5554371092826	0.5107888563263048	0.5324901325503983	0.5304081245682256	0.5225053465359719	0.5009714292055356	0.4898461079201472	0.4782434022723336	0.5133312267285133	0.4913651934762299	0.4090462288873074	0.4312440474378567	0.451829562104176	0.4614317887987979	0.4643971240237517	0.5177188556777912	0.4712460696020199	0.4715665884066833	0.4939439890708267	0.488609548259777	0.436266653784084	0.4469307532472281	0.4465027309495846	0.4361746801518093	0.4709058418271439	0.4819291875939716	0.3790833616109405	0.4258317418985572	0.4202312861692626	0.3989584241607909	0.02748025298144517	0.03959325372007515	0.01853503994328276	0.06637780223913607	0.4039870857786432	0.3715730250514172	0.9561656427679017	0.3913774327996846	0.2216020783857818	0.5705641288334857	0.8110883110654676	0.6007925014548332	0.1705182686483397	0.2188235052450465	0.044663022087394	0.02550001747993096	0.01957869120294647	0.01313768952027669
1.383	9.920078480000001	-2.05583237	-3.3479643	0.60620943	0.97422435	0.02128787	-20.09554058	-4.29612526	-7.60399186	-36.84217305	-6.4376049	12.56485125	0	16.01357746	-2.73155173	-7.13821581	-23.86418483	-5.43004019	6.72345253	0	-24.45974814	-0.70135932	-0.17533089	0.0134240984516292	0.01335447705784647	0.01463393918038277	0.0168714411693478	0.01664986134198452	0.01732247148003641	0.01966531919153769	0.04800117206324919	0.02670409677410599	0.06903682822058939	0.02608145692585923	0.07177478250413165	0.03492489193941129	0.0317061106784883	0.02175253247888204	0.01575016423651736	0.02025397653872112	0.02628488444730027	0.03395789825753337	0.01880408165225891	0.01815889963057538	0.01807361095464713	0.0631457254918502	0.0729388061312576	0.03701578793559898	0.02164042116474258	0.01945519837647347	0.02544928738859261	0.05953745274819923	0.05835776554843112	0.04786901619792095	0.01000180931212517	0.01000180750783098	0.01000180968199522	0.03354263706489053	0.02096846123411168	0.02147862565167705	0.01355914767760381	0.02098417577632178	0.0241937788616684	0.01732253136375832	0.01465858843091197	0.01679432333303629	0.7232859397959704	0.5564386574463838	0.4721838484091425	0.5523147706163816	0.5416825659081093	0.5205928560753408	0.4912414984026674	0.4916302904567041	0.467554701114515	0.4878293666018594	0.4768130200456895	0.4300749316546092	0.4479882536998636	0.4604861148973174	0.4717256744350062	0.4863719604454051	0.5136118242925568	0.4734353409601223	0.4735389486496387	0.4916425063264731	0.4851637637999104	0.4410128028608571	0.4326601732195216	0.4275727706405748	0.4177218538435186	0.4577593534401005	0.4502431843213131	0.3904454570714959	0.4726380127073331	0.4713980872728796	0.465632201696398	0.02654486844942477	0.04007222529596083	0.01860762432428858	0.08437151070172329	0.407782538451289	0.3735094129164789	0.9455356021815772	0.379777244276528	0.1971511514617903	0.5669494443559356	0.8047433401724505	0.6010928411643729	0.2551651766886583	0.2716332075985763	0.06362497300659112	0.01301898963803589	0.01321478330482129	0.01283464422005498
1.4	9.531526489999999	-0.786762	-3.31765054	0.60772585	0.9753072699999999	0.0171385	-16.09860036	-6.55996442	-8.21282366	-43.57381976	-10.30791363	10.89722873	0	15.29755695	-1.08547713	-7.23137253	-24.11055024	-4.68387552	6.38646139	0	-23.75247655	-1.96049831	-1.06584438	0.0142067819468405	0.01407686108772428	0.01531660247169376	0.01722971690269981	0.01713012296867295	0.01782703650543923	0.0202288010678448	0.04785977758895946	0.02747928120958005	0.06311546667591605	0.02355458005163858	0.05505564226050346	0.03214293699545404	0.02992694772199633	0.0223825003516911	0.0168814755761251	0.01923389610671444	0.0240693687942501	0.03315558253951728	0.0189864251973413	0.01850826418371149	0.01836998913608183	0.04372779408652742	0.0490328235398692	0.0331055835780976	0.02140370573059782	0.01952378371419712	0.01178145606241477	0.0430570822376392	0.03589305033764563	0.0299953472334211	0.01000180723177501	0.01000180954454746	0.01000180803035443	0.02388698190408884	0.02015783026215563	0.02042056898448767	0.01734729103110287	0.02042441014240247	0.02187724550835976	0.01902089240705612	0.01828255391740346	0.01868096343202107	0.7794339874484675	0.5416105615427074	0.4183522386966798	0.5638972266756049	0.544516596008362	0.5084224116891533	0.4898593447935196	0.4944772025708046	0.4677386487077705	0.4573190262292777	0.4610754839988265	0.4588747391137887	0.4737849223901739	0.4682557796243358	0.4828627021410464	0.518881443897302	0.5054258892620527	0.4773450862354548	0.4793240303164343	0.4877944182207425	0.4857156504815489	0.4655277850647384	0.4268896258748013	0.4178948645698406	0.4111729229653085	0.4473615287128881	0.409785663564514	0.4045123184438517	0.5267326954844092	0.5294215474752856	0.5452737394563197	0.02981617046806671	0.05154324991179097	0.02250484587546281	0.1271780182279567	0.4145213828053849	0.3829184050971065	0.9069267521616081	0.3885210490236887	0.2279736279841933	0.5597047528999972	0.7792462966866442	0.5926746798839562	0.3319081934982937	0.2740602013901231	0.07771262880541382	0.01411459597614142	0.01594635155325282	0.01483963047417641
1.417	8.95872378	0.43647102	-3.34294851	0.60833301	0.97648662	0.01323446	-11.69087445	-8.704443339999999	-8.341948240000001	-49.9431043	-13.87774654	8.732789070000001	0	14.46940311	0.55570286	-7.30205942	-23.69373949	-3.93945515	5.95033251	0	-22.98706038	-3.16723978	-1.81103194	0.0145808173189107	0.01458366187779127	0.01605415969507343	0.0171708008453324	0.01719999320366084	0.01806599341916565	0.02483509800257849	0.1551256739677339	0.09099522418397776	0.1598903322999792	0.03550007188734591	0.04403676759389806	0.03080711672769213	0.02973610003570132	0.0237639027055636	0.01943772074194049	0.01744304322259143	0.02257569338965068	0.06707105373245816	0.01917555569577952	0.0189428581037128	0.02029433790430493	0.03143800891079161	0.03397416998971439	0.03088482092486713	0.02123083810940109	0.01952580420250432	0.01692263489243346	0.0459696488096998	0.04209982189665887	0.03520873333837847	0.01000180838563774	0.01000180840858737	0.01000180801541565	0.01906898129408438	0.019355344001806	0.01942314287893927	0.02052676299033996	0.01982274580268646	0.02013978140051123	0.01971079909815624	0.02032355091343871	0.019612565113648	0.7934338491630805	0.5395997601387452	0.3581188097458397	0.594328318642468	0.5600206386678366	0.5036982002714822	0.4969975696807586	0.4941248828718825	0.4551716507758444	0.454223450712503	0.4590729775516441	0.4449846515935294	0.449446308203064	0.4662699459367202	0.4806849309637495	0.5119209467865041	0.5245875363397665	0.4740505149302898	0.4711244410448006	0.4756089325294863	0.459780135904868	0.4305427381411551	0.4613917583888454	0.4438878740498989	0.3541573439126765	0.4213399677539027	0.3625757356800599	0.4613886518671507	0.5401850253564667	0.5444916268017868	0.5666725390925684	0.03352050648562441	0.05719401993820405	0.02475438552178531	0.1806975577529205	0.4292952259098948	0.4025726601108322	0.8924540933261658	0.4007195904384407	0.2662026056262516	0.5462419551224924	0.7328933895804152	0.5759864212107799	0.3233270324377324	0.2372133271614785	0.0637459014193314	0.01180368385719074	0.01249507261519138	0.01176050782986181
1.433	8.864175749999999	1.70783574	-3.32497895	0.608287	0.97838977	0.009535500000000001	-7.88661819	-10.74801688	-8.08840829	-55.61310902	-15.90976978	6.77764093	0	12.93031465	2.30924908	-7.24691336	-22.81741397	-3.23912395	5.60509633	0	-22.76791488	-4.41461926	-2.54553823	0.01544877484462372	0.01574549803288989	0.01713310992492848	0.01756028061802822	0.01765337350200285	0.01842098598018881	0.02655932191602565	0.2109557864678492	0.1210572518153082	0.2104416949616881	0.04037216468621926	0.03471606518740913	0.0280755448606765	0.02770158543584564	0.02349744986599523	0.02060671943249624	0.01686843306553265	0.02142064835129606	0.08216542404938311	0.01932453084838155	0.01921905191957882	0.02100563472864305	0.02427505691030424	0.02521451375401796	0.02789755137507668	0.02084541715502695	0.01952839587631658	0.01674057530066222	0.04789668469857662	0.03446712914797638	0.02914247066255323	0.01000180850011803	0.01000180803051377	0.01000180786046368	0.01694494481016416	0.01900290433119654	0.01897167017694763	0.02228678149728689	0.0195213786860368	0.01929598001970133	0.01996461676814837	0.0212102530342349	0.02002194740103348	0.8559224421185622	0.5874922400598553	0.3583815150243103	0.6431596171804926	0.5982781327318802	0.528849109626961	0.5006519530183834	0.4822423121110652	0.4314094425581607	0.4585479081396822	0.4657275901835137	0.3714125697282664	0.3821315604534797	0.4510886959758006	0.4696821856610633	0.4904488033889242	0.5626513945190239	0.4611200354587899	0.4493570959477553	0.4763195448239123	0.4533122422770705	0.3829263028092962	0.4827130323535879	0.4607823045854706	0.281081583257453	0.3948710791814098	0.3484002967058646	0.4976935687885683	0.5327106426660094	0.5366813693749886	0.5558937990903992	0.03751130507784346	0.08216066891139809	0.03010647363531561	0.2270042077682598	0.4406615730038557	0.4169324391429066	0.8691843038475742	0.4059460964585723	0.2833267689371318	0.5367538594261642	0.6991648018941825	0.5642768434273706	0.2647739613420463	0.1674457065700903	0.05565836791098334	0.01369343296550454	0.01957590756527717	0.06298511547252396
1.45	8.9626783	2.53080309	-3.34408268	0.60786657	0.98103684	0.00654868	-4.44645561	-12.01489663	-7.47863316	-60.44396205	-15.92613104	4.50787971	0	11.12625004	3.54704694	-7.21472562	-21.87008994	-2.5200322	5.43696434	0	-22.71528353	-5.20261399	-3.16367743	0.01691914921469366	0.01770759907240745	0.0186883219399908	0.01844684119237424	0.01854693640099172	0.01893638825863661	0.02561700079736724	0.2223288791518205	0.121423117557488	0.2210884749937569	0.03877987004811787	0.02592844724022555	0.02360677491103021	0.02356908959744737	0.02154983522803997	0.02053459648411181	0.01743823936590574	0.02045985304939191	0.08032548977990797	0.01945197254922264	0.01937136985829281	0.02059279171213848	0.02134356908500433	0.02165889780331777	0.02377036623500245	0.02019926524817863	0.01953188269486046	0.01121251983812972	0.04907906939037929	0.01204088549801303	0.01103827637146739	0.0100018075895259	0.01000180836306747	0.01000180754612955	0.01724936789183812	0.01905645629150106	0.01900971679076378	0.02284734886531206	0.01948263790287226	0.0192403661933288	0.01981407262578154	0.02105349804489158	0.01996028308010071	0.9747108404343472	0.691274561296176	0.4191731926918995	0.7164950346069315	0.664071264958498	0.5870190034250242	0.5012792927235969	0.4573441689432506	0.3934817480275092	0.4708329556892124	0.481871148473419	0.2289619832848426	0.2634263356727236	0.420814373496462	0.4484791230701522	0.4517809957798647	0.6243754460722314	0.4369373378870178	0.4113010768881681	0.4900150816408234	0.4655034828946814	0.3167264246526797	0.4935186070146216	0.4706899599935023	0.1828111709177354	0.3646462519238478	0.3654874167701535	0.5179651838232819	0.5033752495767303	0.5050144930165413	0.5115901769495412	0.04228741606875124	0.1295640279530221	0.03923012123024495	0.2718862995258922	0.4500412174740129	0.4277927145723389	0.8342086600410102	0.4048538803366	0.2814866383306942	0.5300544538489714	0.673844460167167	0.5560822493108021	0.1489298463242754	0.05603638704203522	0.05243908659182608	0.02002006193962199	0.03807396077227077	0.1749165293574949
1.467	8.78671411	2.81808621	-2.71988703	0.60781433	0.98419211	0.00325066	-1.26882247	-12.40274786	-7.41601222	-64.17434977000001	-14.44776666	2.7650549	0	9.500427330000001	4.20221203	-6.70076577	-20.80628244	-1.87088404	5.85121507	0	-22.48570746	-5.22245209	-4.18904578	0.01922414873932671	0.0189444665684009	0.01914463648703621	0.01973396566076676	0.01978590305051036	0.01972537374949348	0.02258222566086855	0.1171696355459664	0.08194896367052937	0.1199903539727601	0.02880296374989317	0.02106034467447878	0.01950949459738532	0.01925679166998833	0.01865409021211242	0.0174359147242131	0.02065478039709623	0.01985409796902066	0.04334084961984436	0.01939611215212996	0.01898810919861833	0.01709225548770951	0.02534715794418858	0.02589743114574711	0.02027276912879997	0.01983521303755573	0.01958306499769791	0.03283818885824268	0.05140294733896869	0.0422320221580975	0.01792012032517491	0.01000180805980698	0.01000180812274138	0.01000180740184041	0.01674150624452166	0.01895543478749012	0.01886556694297674	0.02247301445969738	0.01937888209167551	0.01893090136666948	0.01985706737286767	0.02100275151476828	0.01999540917772772	0.9767395138675643	0.6914264934919646	0.3522139705915379	0.7508231104523534	0.6834647689952394	0.5849527460639666	0.5338079813991716	0.4882575736743917	0.4291887229785457	0.461113580428838	0.4659881305267129	0.2247881652485104	0.2674471508929783	0.4207029468509657	0.4485495410634377	0.4757503704436058	0.6370030182337497	0.4275660045991287	0.4036795712765964	0.4831453737551701	0.4570689641732625	0.3250449364658401	0.4353514943247523	0.3947906004556566	0.1167296518105195	0.3230279672234121	0.3151676772066602	0.4632989910339794	0.5172237313894794	0.5200498786568056	0.5318213507493742	0.04466298820344271	0.1489887671134015	0.0599604707959577	0.3386153204398792	0.4618732479613248	0.443731038408439	0.7850552103097623	0.4138408006032694	0.3106897942499637	0.5206809118460135	0.6379922982988507	0.5428496802809364	0.1653006239446721	0.08716607400345328	0.05122908785732776	0.01770433856285976	0.03279220690706397	0.1506220488498661
1.483	9.28190579	3.12991689	-2.28773808	0.60733308	0.98813551	0.0007028200000000001	1.13270308	-12.74813774	-7.15362664	-67.18842777	-12.35786234	1.70151661	0	6.87033726	4.85737277	-6.30065705	-19.18801786	-1.39530262	6.18917195	0	-22.96248132	-5.34588813	-5.14196613	0.02204335674902108	0.02068426377338634	0.02019215003274475	0.02108236315564222	0.02116957604427891	0.02073427706892856	0.0207746767896154	0.06192331708675206	0.06236135694136984	0.06673368002341384	0.02516407564016934	0.01797894973189933	0.01678398367423668	0.01640840597425038	0.01643909091673992	0.01506864312326065	0.02339273887825063	0.01937440392370502	0.02628481942149341	0.01935788156382283	0.01857109787883497	0.01448334168091933	0.02820679931869066	0.02898017983299482	0.01806676377939875	0.01961061621707814	0.01965781776577253	0.04602381244544015	0.03930102492645017	0.04861349359357965	0.01785904619249516	0.01000180804034332	0.01000180804560721	0.01000180746343602	0.01676813557182809	0.0189579015001293	0.01885037221584565	0.02222715015059457	0.01932947051389742	0.01879389186956443	0.01987340378451239	0.02096526626553667	0.01999531538961965	0.9775974051859684	0.6906236720853342	0.3085759249113688	0.7693501166513655	0.6933363875270302	0.5818167164173961	0.5738050871284652	0.5146694204623052	0.4653851257115791	0.4619490380985755	0.4560740425266117	0.1981136757377263	0.2560165028013751	0.4253421624045854	0.4535072091913824	0.4965663955681927	0.6361204590341067	0.4189761635455953	0.3985644346899493	0.4803182791494364	0.4593953825467921	0.35383153916246	0.3981752176365025	0.3507223308118652	0.06687612180891155	0.2934047048601784	0.278221345876414	0.4074201164826839	0.5159119015106202	0.5186074925854851	0.5298358539711071	0.06255020497504789	0.1737175968981191	0.07198383497225634	0.3704028995036783	0.4677962100804121	0.4523378983127334	0.7504949288212717	0.4220963294275529	0.333050899133915	0.5152579697080821	0.6156299512945427	0.5344637669945338	0.202199180275046	0.1161193148102266	0.0416400928281774	0.01473077746877383	0.02429037203974421	0.09798091715501835
1.5	9.25817765	3.3307345	-1.76822492	0.60636422	0.99094107	-0.00188161	3.99942611	-12.8576031	-6.87164962	-69.47175217	-10.24433202	1.31395748	0	5.03049167	5.35175512	-5.7295252	-17.95255912	-0.92197155	6.33394825	0	-22.9523035	-5.30003849	-6.09154456	0.02572917424498855	0.02314446533798692	0.02196180177032998	0.02266058336386005	0.02287091450651843	0.02208921113187124	0.01996841057470112	0.04968413396677512	0.06021184652886421	0.0546613689020491	0.02740834470523082	0.01629908804466473	0.01508955327619068	0.01466788429826626	0.01462796243000092	0.0131368727311354	0.02599435961951324	0.01896080915778054	0.02702539541006102	0.01933250196076285	0.01806820948396982	0.01243993606591916	0.03027994838032335	0.03129248745096688	0.01687659951812359	0.01949740018418616	0.01976548509509364	0.05241759354812192	0.01126056185125912	0.03198298373389503	0.01084741970684328	0.01000180752870197	0.01000180812202318	0.01000180773861582	0.01733258453967071	0.01906416476849851	0.01896223326847914	0.02207902289936577	0.01932822672231573	0.01881221151487551	0.0198651239121713	0.02093635664104281	0.01995998999226299	0.9773917508043597	0.6887657444004557	0.2828042999413705	0.7743919289788446	0.6949200728703443	0.5772189107794913	0.6262702481276391	0.5398811901554804	0.5065955065682387	0.4734437609071417	0.4508896234731025	0.1456042035636428	0.2277055603864639	0.4353119221015236	0.4639718359699797	0.5168310742941987	0.6216174485733473	0.4100940845947259	0.3953162750548959	0.4811804109979053	0.4727735403119609	0.4066845580796168	0.3773427423638408	0.332976617356654	0.02701888966271028	0.2720735570387427	0.2500301313631341	0.3433437008504836	0.4992757812052951	0.5005070365436648	0.5053854995174567	0.0981849684800172	0.2068416210302646	0.07680313428117831	0.3712224841002648	0.4685504740961608	0.4546891517732591	0.726207780389477	0.430652407912486	0.3513650910930419	0.5131077596679356	0.6039621257787041	0.5298762702907942	0.2642378348566934	0.1465152645632018	0.0224734771257313	0.01072768352060349	0.01150572681189655	0.01041299281109606
1.517	9.618107500000001	3.6406517	-1.04463697	0.6059971	0.9940371099999999	-0.00447708	6.08120066	-13.18159639	-7.00598068	-70.82505223	-8.216592199999999	1.59066093	0	2.40160408	5.95543942	-4.89286251	-16.08391565	-0.63437116	6.45963568	0	-23.28996501	-5.27823551	-7.1082567	0.02127903810046854	0.02036593396834799	0.0200090433064775	0.02049772517581703	0.0206356439723501	0.02034871800649727	0.02287962125738008	0.05097236714376254	0.07179041105653064	0.05625898543929399	0.0229904748967238	0.02043434711542196	0.01820887498673658	0.01767223792134418	0.01713989288937852	0.01517586933759022	0.02342390321646247	0.01964319207416982	0.02566493231424631	0.01928188872386306	0.0181879789009951	0.01464958944830317	0.02810760946182037	0.02877292582263505	0.01932950517662183	0.01974769323848651	0.01965892732434012	0.03471676704032804	0.04483984704808427	0.03165927170861334	0.03494132004161677	0.01000180794784217	0.01000180799500166	0.01000180732729453	0.01761334730290371	0.01913874437225718	0.01903230978140182	0.02190161560047094	0.0192847449813125	0.01874561225439013	0.01984557856960106	0.02084048207104457	0.01994520316286956	0.9756357732866796	0.63683958565722	0.1941552749692498	0.7664533727408799	0.6815185254184293	0.5539848168900674	0.5648472274871505	0.5057627854713455	0.445085515857044	0.4700201752112588	0.46500296042717	0.1364510992221685	0.216600273348985	0.4335838091086015	0.4610740821447191	0.488561009405749	0.6264711898295432	0.4091027139445268	0.3813992207538947	0.4731985329123165	0.4556545832606106	0.3812856877945575	0.4508875868285788	0.4043539086403083	0.03235371761148164	0.2428612224736224	0.188266093984654	0.4293279798949761	0.500416008526842	0.5021094882947261	0.506263766233413	0.1012273082503593	0.2335116939925299	0.09677144742237986	0.3702882967339999	0.4679195055162957	0.4569092120403906	0.6916695943748392	0.4477383442136114	0.3910148461797576	0.5114084311630077	0.5907560708672284	0.5231491368570735	0.1515290753451217	0.08735118495167217	0.02479619264342202	0.01385125109650187	0.01417205603671023	0.04746195890062574
1.533	9.85876556	3.81419864	-0.21200449	0.60551433	0.99679591	-0.00702579	8.102594140000001	-13.23827416	-7.21950315	-71.33538596	-6.81059631	1.78414513	0	-0.17670729	6.3528942	-3.80147604	-14.05026958	-0.55710317	6.42330534	0	-23.54396557	-5.04757819	-8.4804283	0.01758131788314939	0.01766276509344485	0.0178913827261582	0.01889630867944884	0.01894636745311661	0.01899332296970658	0.02379868436896064	0.06023159654584183	0.07742667178941434	0.06859715722753647	0.02502724148492521	0.02348798398153036	0.02020222128258999	0.01947136356110962	0.01850181069726288	0.01602066598113595	0.02105672704400921	0.02027328515945757	0.03045022454657646	0.01906735572773879	0.01771393196069379	0.01555807484115469	0.0298262239372563	0.03035462116238422	0.02100736355791269	0.01999137194317823	0.01954497518550263	0.02133229786481466	0.052203228098824	0.03126958342345669	0.04292631085958797	0.01000180814799497	0.01000180825049903	0.0100018077172088	0.01779051100208159	0.0191810508571464	0.0190711586261287	0.02184907681788632	0.01926929614968173	0.01872303019100954	0.01985025997286372	0.02084055765197138	0.01994522845265495	0.9749445960461885	0.5913046431288502	0.1520424185191981	0.7516632050664512	0.6625414036415037	0.5297408134807262	0.5495054504627297	0.5056459084932275	0.4424236112283174	0.4698853206481174	0.4658804585678692	0.1449672564328976	0.2290701634086153	0.4356022605015203	0.4624712211902853	0.485589652029318	0.6145080133399901	0.409580373395982	0.3804294282943389	0.4690562234404462	0.4498643098488846	0.3860609172409712	0.4565127605852673	0.4062160941206362	0.03405917871966212	0.2378513370418089	0.1697559012614565	0.4293364446670825	0.5005852357014111	0.5023656512273821	0.5064644871428424	0.1093296180234098	0.2509006075992312	0.1098357187605794	0.3822201884595759	0.4700520963389376	0.4603387239170789	0.672461745160799	0.4513024501957018	0.4006687268691536	0.5089866147204078	0.5803779736007916	0.5192441460579846	0.08552848032596463	0.04579037312809298	0.04378820680274116	0.01425776026613297	0.02815954665516409	0.05203286972201218
1.55	10.16406026	4.07138173	0.29527593	0.60456023	0.9988547800000001	-0.00916967	10.06173456	-13.46058325	-7.18780546	-71.25107583	-5.46890817	2.76575792	0	-2.65462001	6.72796514	-3.42276915	-12.29221265	-0.38164698	6.82020328	0	-23.84332127	-5.03726544	-9.2762192	0.01417379856586619	0.01469706260391458	0.01534411245683214	0.01765615681270947	0.01759192538391378	0.01785360164190034	0.02284048279839035	0.07861922584827298	0.07782516131912566	0.09321815574030702	0.03377324029336033	0.02584170325125347	0.02131876045073256	0.02029015192253323	0.01888395557963954	0.01577686224221576	0.01859693408059681	0.02092985004930474	0.04197943363609281	0.01866208634787448	0.01658681279552821	0.01527895291858016	0.03565061861606066	0.03623528538768308	0.0221199069596575	0.02025889613634779	0.01940938466122647	0.01059112737464266	0.03427112763482042	0.03076520784278051	0.03580051601300307	0.01000180815417945	0.01000180892045244	0.01000180895709792	0.01788622109960156	0.0191963725337773	0.01908363590825063	0.02191483920378886	0.01927994912346958	0.01874164256681118	0.01987975329736711	0.02093659283143907	0.01996006902284235	0.975231821927825	0.5464690489993004	0.1512016235349596	0.7281726549962548	0.635616567317452	0.5014564001252998	0.5783271949263243	0.5395159495988622	0.4982770546034686	0.4730223403973248	0.4536318051627871	0.1722171948471712	0.266673966822809	0.4416195827043945	0.4683378954873739	0.5075455824928522	0.5842325220434933	0.4115867703805232	0.3922856736187844	0.4682356938983103	0.4546789359003169	0.4216071500996601	0.3949214103534915	0.3387959469826776	0.03234845562577424	0.2564176650643256	0.1921857791031422	0.3433701532633149	0.4998046161258234	0.5013075457082146	0.5060127523594238	0.1235046865208001	0.261181976051206	0.1176289822130517	0.4085096457426904	0.4752148204169169	0.46540637638791	0.6661832515956012	0.4417902391065183	0.3815334682474041	0.5055395832848111	0.5715305718210888	0.5176731740436412	0.05798597542182813	0.01663772761451699	0.08182352137360385	0.01199802467570063	0.05521663499456501	0.02469708912792827
1.567	10.41077609	3.99618255	1.16453606	0.60347936	1.00066813	-0.01135513	11.63041955	-13.28987507	-7.71137292	-70.18283108999999	-4.50506268	3.37869098	0	-5.02332185	6.64748041	-2.59515395	-10.64917926	-0.10558989	7.22811548	0	-24.14805611	-4.55662715	-10.23136386	0.02921935606616215	0.0248134152824951	0.02341112527746884	0.02255246772976887	0.02299066277660396	0.02263905813585473	0.03365772952450562	0.05663928874995167	0.06703763750519072	0.07924963878836584	0.0308522352214883	0.01913438450068329	0.01690591370667808	0.0163054091689605	0.01577507354423756	0.01383699903671294	0.02597720832765549	0.0191393731807099	0.02887394312782141	0.0192617801477771	0.0171446813454874	0.01332881125850338	0.03281879625886194	0.03347125799480336	0.01819771670443334	0.0197301890568602	0.01998837981943388	0.01536721507867699	0.07783625980591373	0.02889073517685743	0.05842727956340761	0.01000180713618608	0.01000180737683683	0.01000180691663355	0.01776792632023613	0.01916605576457302	0.019046051378226	0.02206449513318615	0.01930999183932859	0.01877737301285052	0.01993418747706406	0.02110974974126776	0.01999340260889258	0.9794200843085208	0.5771038919831752	0.1550324326826194	0.768269064060352	0.6648789630623835	0.5149407581140713	0.5642428107693547	0.510415149013988	0.460967466583034	0.4963679660219662	0.4760567177958067	0.1034407734981163	0.1626892633239748	0.417047113551603	0.4600302767927887	0.4713454790330311	0.6072278594888789	0.37859929116925	0.3500484013869	0.4731770506608591	0.464227869802014	0.4388079543667954	0.4359656079329849	0.3842208406199654	0.0297809868849007	0.2419215208785818	0.211926378934382	0.3741098339193351	0.4791140989426667	0.4778672247359593	0.4779707130105985	0.1588894230008588	0.3010637465455147	0.1098465220243056	0.4283351857740332	0.4787617382218783	0.4695059916363905	0.6520567926468044	0.436926411870557	0.3728819638370198	0.5028255998563558	0.562704812927614	0.5149147714533581	0.09360670121170769	0.0544904187726592	0.06329966174115843	0.01240155156702554	0.05824030587450173	0.01647910709600217
1.583	10.89349131	3.92499222	1.60472012	0.6026274	1.00233541	-0.01277806	12.78883399	-13.102521	-7.94869888	-68.35799485	-3.63874052	4.30383777	0	-7.55211188	6.4869003	-2.5837892	-9.2127523	0.2955065	8.17158367	0	-24.6282472	-4.23923682	-10.80304436	0.03680042293315041	0.03019968075701562	0.02790173774512776	0.02478713894306903	0.02548246450092183	0.02491450019951206	0.03789906779192262	0.07533535188691004	0.09286341623539314	0.0970349952344849	0.03150470828824336	0.01548525107872032	0.01487605824174916	0.01460468309024207	0.01464052710247103	0.01355154358391512	0.02766202830667767	0.01815675970366371	0.03098018162118497	0.01970531696423805	0.01808352874748318	0.01308397345940176	0.02780439625136794	0.02836585743331899	0.01633462102757892	0.01942494099792698	0.02027917786532938	0.01688537354461856	0.09834177139163551	0.02806975861429162	0.06877231527681422	0.01000180932991893	0.01000180923923328	0.01000180842587689	0.01759102459376287	0.01912581007680459	0.01900447243021119	0.02225651253186843	0.01935202486287576	0.01884511350584502	0.0199833691840553	0.02127944328292308	0.02003226930330054	0.9819565681645088	0.583942737095041	0.1205970055920033	0.7964714277824045	0.6828494004377562	0.5169506758905567	0.553456877255794	0.4951128608228714	0.4380778239120245	0.5098684001362978	0.4881688423102204	0.05555340363729416	0.09937762265161437	0.4006100201512092	0.4548269218832994	0.4504013361677982	0.6205865588497709	0.3587496848893263	0.323486761994672	0.4745162805949356	0.4667486211001134	0.4435347740812863	0.4583660351562835	0.4051210761548129	0.02796202293786415	0.2243701703062014	0.1972332906471964	0.38221210679132	0.4680852030280561	0.4652888186777288	0.4632160013418001	0.1923663428826778	0.3264876295702935	0.1139260211071852	0.4267561814517163	0.4782555337054767	0.4699151860652932	0.6354023288028899	0.4416084487726851	0.3833156224598477	0.5024713747521474	0.5581369590105408	0.5122712438739401	0.1146553566080124	0.1084932407022024	0.04123666378997956	0.01263288506159313	0.04409098128054432	0.01248062397788811
1.6	11.0333676	3.87301914	1.85910559	0.60178163	1.00306545	-0.01396041	14.23737599	-12.83827917	-7.96168128	-65.93472464	-3.16155183	4.94682317	0	-9.766562690000001	6.38875575	-2.6230903	-7.62768728	0.54538357	8.85699398	0	-24.76449354	-3.97921988	-11.02629818	0.0378646325252044	0.03152914221179114	0.02937727641826619	0.02463950435427242	0.02537880577240709	0.02496435809082946	0.03609466488406837	0.1370444231512684	0.1585307198510087	0.1487973946344295	0.03581221862696995	0.01443816130761921	0.01497546212282973	0.01497538292653818	0.01533849794911914	0.0148848139522226	0.02386199651504105	0.01785918293353539	0.04856142892785413	0.02004813889931496	0.01952071092676503	0.01451383479638761	0.01998061859264187	0.02028090863304438	0.01629773296948746	0.01930499595218147	0.02031812855464991	0.01533537258071002	0.09835085134020065	0.0281996560847624	0.06812875261739858	0.01000181500959461	0.01000181474044134	0.01000181367348334	0.01733340320437262	0.01907060475950096	0.01895370169570436	0.022514893574671	0.01941130232205447	0.01895333160741899	0.02003344613171473	0.02146688514911197	0.0200815274428672	0.9831583339777878	0.5678404399738801	0.04359091387678385	0.8163050416276687	0.6917741841154916	0.5077373931768161	0.5446211526964466	0.4916962990016228	0.4267469212565642	0.5152111970046107	0.4914821942703299	0.02256916403210225	0.06882508972168302	0.3902536658281637	0.4520774113952198	0.4420951360389994	0.6259784575462805	0.3495567507557618	0.3092805505180721	0.4724207874422992	0.4625562837068776	0.4363784617074439	0.4649227454262994	0.4041091830290756	0.02666419329128504	0.2015696945256368	0.1462698782056865	0.3686897559882676	0.4653393163926655	0.462000026776244	0.4599042783944288	0.2281200611514844	0.3406316105036395	0.1303774168470503	0.4035752572354498	0.4736329313031618	0.4666851089782308	0.6141380520833684	0.4564216044256688	0.4141386514437416	0.50443262983416	0.557256028330235	0.5094121503579601	0.1237630235352802	0.1853965461443398	0.0128766527761698	0.01272094184622433	0.01099999563844787	0.01220182938382186
1.617	11.04463426	4.0132091	2.25682551	0.59915574	1.0029514	-0.01578527	15.6335097	-12.9625552	-8.314112980000001	-62.94450934	-2.71999748	5.41455395	0	-11.59274894	6.52146039	-1.96274319	-6.30723481	0.69021486	8.88581815	0	-24.95235147	-3.8418783	-11.41407725	0.02700663234060775	0.02399410202847053	0.02302720816962936	0.02198578692616013	0.02241203237706899	0.02217755518216667	0.08355371448612978	0.1008176205302773	0.09837019398226129	0.1134242318955992	0.03254272331836333	0.01596887910575822	0.01570960494196029	0.01551795034892217	0.01558710414090327	0.01451698640059121	0.02301460075898568	0.01872486990289389	0.04077811525091458	0.01920280596488557	0.01764620382014292	0.01408021487891858	0.02656678758418003	0.02684523719510709	0.01730031149285437	0.01960135976341364	0.02010249327300509	0.01399931603937037	0.09396451156624742	0.07301992979033477	0.07871500946221399	0.01000180552679361	0.01000180580643157	0.0100018052736897	0.0171507681123121	0.01901097265539759	0.01889550427148376	0.02281714490930012	0.01941885115756514	0.01897036254040745	0.0200541171411229	0.02159261338006526	0.02010990046698444	0.9835773537669268	0.5885440714632654	0.08754236488406361	0.8366902879666134	0.7087080769533874	0.5205398717095993	0.5292816577330941	0.4570399903177101	0.3646171232864563	0.5392934201421169	0.5109045669858207	0.02692127802453995	0.06993277667846536	0.3564195919595323	0.4448104383253826	0.4222920377761782	0.6369569160654809	0.3305320752409224	0.2864738543073519	0.4735665762255177	0.4647674159804154	0.4419021293786271	0.5064498390475926	0.4554672463303771	0.02595022311311431	0.2131800673663197	0.2043054461694104	0.3798704737339172	0.4552874553160262	0.4498373173962143	0.4482853808868153	0.2665632800386187	0.3694260400686862	0.1034398623238858	0.4206918407890078	0.4770225025761085	0.4694179898624363	0.6170590740471651	0.4502599211232478	0.4023643572246173	0.502641343016321	0.5538786803546406	0.5094676270428251	0.1272963747501668	0.1243401110469851	0.05450583749260843	0.0115686001946943	0.02953118567785176	0.01187573857046136
1.633	11.08225414	3.85382367	2.32124191	0.59764586	1.00235536	-0.01657436	16.67906617	-12.59087523	-8.55182153	-59.18727757	-2.32318271	5.4345137	0	-13.36558323	6.2989251	-2.38305014	-5.26977564	1.25379955	9.80234622	0	-24.96897742	-3.52102821	-11.46772147	0.02254115426959835	0.02112199141036507	0.02077393793580456	0.02102193696182068	0.02138124023466982	0.02127424912201085	0.1164052087283564	0.09841026511201359	0.09464387647543404	0.1172546108543384	0.03225343695841154	0.01633368550344319	0.01587431402279816	0.01570788514546781	0.01563720738686795	0.01430654146429228	0.02186042302445526	0.01900017046352817	0.0406873936551865	0.01897611094222175	0.01702026175719405	0.01387581050776743	0.0289978016254386	0.02931528307553419	0.01778142172353373	0.01976733926125326	0.02015230789251423	0.01341860437522849	0.09179188152809842	0.09388062513971153	0.08382142160430919	0.01000181437445357	0.01000181352357924	0.01000181180210062	0.01699732020129541	0.01897038138526362	0.01885886079034704	0.02304759929263413	0.01943940864882777	0.0190075218872998	0.02007727181374799	0.02169859908398324	0.02015046777892546	0.9835831591878375	0.6305321827491404	0.1453650393685437	0.8657657015354203	0.7347511254803205	0.5413067579866214	0.5168195506962396	0.4307378204881757	0.3241741029693958	0.5622493942630243	0.5298071195237444	0.02706985346827975	0.05563535198325689	0.3106730641781874	0.4346528354359865	0.4007774119060794	0.6549052074172238	0.3028511896214927	0.2570434817631253	0.475193218142264	0.4664469100158088	0.4423993813750662	0.5259282306637292	0.4800662394465411	0.0255225348969973	0.220618418193664	0.2560620833275782	0.3780547039272494	0.4460273163865975	0.4386809956439978	0.4374259659471519	0.3153055788101128	0.3987661842167833	0.0903807119845069	0.4401651394277228	0.4810039425288249	0.4729750694445778	0.6199671205681716	0.4421401821208693	0.3875352016985355	0.5003690469010382	0.5494762671028104	0.509394038867595	0.1178719152471945	0.07087962227608988	0.07043816080408655	0.01155884106631412	0.03755209087390786	0.01224377306421805
1.65	11.1280175	3.7854127	2.23858077	0.59561973	1.00139251	-0.01705842	17.40118888	-12.18040947	-8.71659462	-54.65713976	-1.93039884	4.78273811	0	-15.11828235	6.14933437	-2.92642965	-4.17461609	1.63356966	10.93506416	0	-25.06160542	-3.34756907	-11.37066639	0.02391001355330009	0.02255379653021165	0.02233580693756372	0.02162747321571165	0.02215758032740972	0.02214152665284254	0.1387555843910261	0.1295214374691944	0.1468859776421736	0.1607673288804894	0.03490819875212062	0.01557818130038474	0.01549017800044807	0.01556892916574331	0.01549507059275875	0.01422717352628846	0.0202551910946335	0.0187194971855175	0.04827792394120387	0.0193397169534905	0.0175646419800498	0.01387507113654025	0.02757753747157487	0.02799980200937903	0.01780120244036044	0.01982368188293031	0.02047379924061599	0.01352064863026666	0.09156138247098501	0.09338932905156452	0.08408629056144598	0.01000184265853199	0.01000183885652779	0.01000183407476745	0.01685387848244546	0.01894375704033231	0.01883919081715212	0.02323506352258977	0.01947554448225019	0.01906945456645757	0.02010580448366815	0.02179809047385564	0.02020830029268287	0.9831764759181336	0.699053287742239	0.2242867716407834	0.90716570903019	0.7731587107621571	0.5726339127925102	0.5056770682062766	0.4095020182843283	0.3003624827657507	0.5869486161324464	0.5505526709513412	0.02303346229378914	0.02414563754915675	0.2472957665114616	0.4203349023658571	0.3748619301949412	0.6820668680204767	0.2630539831950441	0.2173106363173642	0.4775040434321314	0.4678047025674821	0.437932374196316	0.5257927192267262	0.4809810365170878	0.02532766761591939	0.2248145408610876	0.30800936932496	0.3630154753424308	0.4364013822382011	0.4271365213005676	0.425968606707981	0.3804397448124028	0.4323195609664424	0.08956757203649134	0.464429315481434	0.4860749311554008	0.4778009826724228	0.6232256974615138	0.4310474200432364	0.3677975404247363	0.4973317044739016	0.5434984869182657	0.5091821873103665	0.09431158758849181	0.01833251873529308	0.06266516312453865	0.01269044457003628	0.03606532437612307	0.01335193717681152
1.667	11.38019097	3.36171259	2.26217591	0.59440979	1.00059259	-0.01686122	17.25667149	-11.32768509	-9.382922519999999	-49.18167211	-1.86402111	3.72325983	0	-17.15935679	5.43966272	-3.80901108	-2.99354202	2.06591304	12.91904986	0	-25.33930412	-2.83009915	-11.11320279	0.02101231793772625	0.01995627735902617	0.01970802026469065	0.02080055510088425	0.0210149454020657	0.02078190312260415	0.06553523436578469	0.1255977592169264	0.1363594967058753	0.1431222858121232	0.03513445547688124	0.01701804327841779	0.01609002106833162	0.01594331957956845	0.01577897001992868	0.01432726947173404	0.02256811986216499	0.01919760483051616	0.04698580875035626	0.01858317056302206	0.01674271324397402	0.01391324425737755	0.03495551427184738	0.03523407614734754	0.01788353577960865	0.01973160824467308	0.01989777042172036	0.02808953417252388	0.1335085332043807	0.1376835350343842	0.1356279195881865	0.01000180429378296	0.01000180229056639	0.01000179944765142	0.0166582459884519	0.01882826246777727	0.01872591971751325	0.02382147809520025	0.01942844812700911	0.01902751107621177	0.02009007324178891	0.02198500262854402	0.0202197812632704	0.9881488316562395	0.6593840291169585	0.1891794341146588	0.9044220872779202	0.7634777134589005	0.5545594700927765	0.5048410877738192	0.3969386046713873	0.2712835861832094	0.5987540171771069	0.5571125983872645	0.01976773879215554	0.02250569100069308	0.1950161135011893	0.4135634391364102	0.3718732535331681	0.6786185637026199	0.2622384525240038	0.2124065926334648	0.4773129265438489	0.4683838368729393	0.4392018698382126	0.5536352138557146	0.5166122664978671	0.022302682675187	0.2375857405609412	0.3319695627651035	0.3619042262189675	0.4342290972006936	0.4243368004439643	0.4236901508064669	0.4339969176999186	0.4599967690309595	0.06811066464301946	0.4623038889855006	0.4854808030220976	0.4781307111013309	0.6109347263563349	0.4319852537309393	0.3707472586939659	0.4973666535050814	0.5412746909880592	0.5073811138641224	0.09658916168326151	0.05614110146945357	0.04365320776204634	0.01228352017483514	0.02039940860163585	0.01262344058628844
1.683	11.21763337	3.15028238	1.99380083	0.59259275	0.99819715	-0.01616461	17.60825764	-10.55958995	-9.59046165	-43.46264432	-2.04958892	2.57718107	0	-18.41144458	4.99299541	-5.02732978	-2.43383497	2.84582769	15.20609628	0	-25.21983107	-2.66151181	-10.8283028	0.02332608723989768	0.02030935704162107	0.01935542966428389	0.02142397497081339	0.0215642933384113	0.02106895394691584	0.06016587872840422	0.09898134145394913	0.1095882722235166	0.1153441200620967	0.03256282874428647	0.01704612462801566	0.01570526389260212	0.01546258776287335	0.01530276805025839	0.01380471422167853	0.02510516211484788	0.01922230684998695	0.03673105206301328	0.01828302292335396	0.01597494307130735	0.01334684241677304	0.04082505634837164	0.04112247318078931	0.01724399449828549	0.01965891277288398	0.02003744686293433	0.03435249605285421	0.1555378947731461	0.161057088268552	0.1626173443001629	0.01000183315427372	0.01000183172489705	0.01000182948616777	0.01666217462194601	0.01884758454201207	0.0187314360469462	0.02433051663798085	0.01944575936141874	0.01898007888872114	0.02019138472373025	0.02228041924673894	0.02033055868593184	0.9601589173240195	0.5607866023262045	0.1252816565002496	0.8537210058412726	0.7118929191837232	0.5063249306235054	0.5093946210311541	0.4209345100738895	0.3025098067545972	0.5882672480457889	0.5427976276662068	0.07985457632248655	0.09571100593580806	0.2131459931065731	0.4210000635002707	0.3911171364233973	0.6452603756082144	0.2918701636598913	0.2436479204487164	0.4767549817263654	0.469853830945186	0.4454768500148296	0.5376048974188568	0.4978364092011873	0.04155614413657367	0.2559227874141228	0.3382288447972087	0.3312030336399917	0.4406172920512198	0.4318415651060191	0.4315278288358935	0.4384403467859876	0.4603789933496161	0.09193788771627404	0.4259109049766897	0.478133627017854	0.4725982412962079	0.5881189224671464	0.4486489486213157	0.4027646111058562	0.5006756286000267	0.5433332723074331	0.5047148821861401	0.1024913306597109	0.07141564942405265	0.04079553853854113	0.01208832916467373	0.01397063071096727	0.01248810198569419
1.7	10.71727205	2.98851282	1.72664637	0.59125507	0.99516419	-0.01524576	17.8533793	-9.765713720000001	-9.849825060000001	-37.05849091	-2.18517016	1.61438505	0	-19.38621546	4.63848406	-6.16630339	-1.79936058	3.56050812	17.36507316	0	-24.65943442	-2.56428497	-10.54633868	0.03114054262258572	0.02365717053832068	0.02123396131129257	0.02357566030924019	0.02387429262848969	0.02303856047881654	0.1219763480242113	0.04634513195989076	0.063225901134803	0.07396056091165644	0.026871865212762	0.01566593551787812	0.0142878118262934	0.01406664223857113	0.01400693943753909	0.01259418836986498	0.02818344813426754	0.01879669099636372	0.01623180929325717	0.01840175557952768	0.01516536019046648	0.01210506538465119	0.04591985646071319	0.04640104273888458	0.01580263593622558	0.01959650853358938	0.02091028811940964	0.03309240450629905	0.1604031373733771	0.1664316829083391	0.1684282427863723	0.01000193284756564	0.0100019308388111	0.01000192794513107	0.01686615546211455	0.01900413852231606	0.01885642934663008	0.02482580896877914	0.01952964208978028	0.01892122898054934	0.02042240286473483	0.02272126740571479	0.02055447973849984	0.8957079936299466	0.3909363290211336	0.0246062165957549	0.7487248295406671	0.6119562286522288	0.4219009769510383	0.5199068596354481	0.4844892226671472	0.3979444220513371	0.5541774625970781	0.5058183874480361	0.2108048295760727	0.25291224672139	0.3039516402782849	0.443574353502921	0.4349990642269072	0.5778225302254599	0.3556530804946921	0.3149397857400252	0.4757604658774953	0.4723984340432527	0.4575416872482443	0.4756979803615461	0.4223064824649641	0.08549473468275241	0.2821178122772802	0.3275696256752888	0.2670742485331318	0.4563644911460954	0.4505889108694887	0.4504613505499391	0.3943254607063689	0.4335140119622447	0.1640276441404113	0.3507012404539004	0.4631150061421396	0.4605120145314137	0.5519263103077998	0.4831214665756621	0.4678517667118929	0.5076722516456058	0.5499315535413088	0.5008502133166719	0.1127558656398962	0.06606548109341553	0.05373494680108465	0.01208047266328186	0.01597539346778363	0.01292900404995447
1.717	10.58101005	3.30496436	1.47055184	0.5893926900000001	0.99242748	-0.01529224	17.53393263	-9.620578569999999	-10.05777425	-30.46830313	-2.26330121	1.90102769	0	-20.76231768	5.03010558	-6.30110339	-1.1598597	4.04466539	17.62121152	0	-24.61674011	-2.81454202	-10.38567041	0.03464448410520583	0.02747472262980541	0.02521454536653045	0.02355699866482421	0.02410167742598245	0.02360821379560495	0.1034793623158703	0.05844328270825401	0.07197596240287905	0.08475218257836202	0.02716590692498875	0.01405682429458494	0.01400041857742865	0.01409087126996706	0.01441942616944393	0.01378534516573088	0.02373061924471289	0.01781353833816118	0.02311879898556719	0.01938085469187448	0.01775747103412659	0.0133538797296639	0.03020617785818651	0.03061139035804697	0.01549987787725185	0.01903832413602909	0.02090634784599643	0.02045535485782932	0.07776801087736826	0.08027900239673168	0.08146926442105243	0.01000177955064948	0.01000177799485056	0.01000177545933966	0.01683257553704457	0.01871921725749259	0.01855609037610923	0.0240949552314988	0.01905321148281784	0.01836061366375212	0.02000408019488867	0.02220036630219184	0.02012034166259892	0.8916054257027018	0.3240117685020119	0.02637197459957669	0.7320744119433271	0.6007738916603167	0.397772210540858	0.5214329369262298	0.4998902240840922	0.4259203170017096	0.5703251755328518	0.5041432185788651	0.187808192718353	0.2389323221960336	0.3597224972454875	0.4545308451762337	0.4520212204666095	0.5650761642257005	0.3858383568864986	0.3519504069414366	0.4724241550865924	0.4694705106983166	0.461580827207366	0.5370381731757771	0.5044596345757661	0.06852037561628516	0.2907553391519037	0.3000414916858643	0.2356501998044508	0.4540412352444119	0.448633602699106	0.4478815367348012	0.4803481408179214	0.4637424426028379	0.1505933618845168	0.2367488261792103	0.4404177373780241	0.4414589023386967	0.5162070177573266	0.5217332009779257	0.543234513370232	0.5150672578783566	0.5606126949176609	0.4966138125535322	0.109881919446945	0.1068533138430046	0.05321820069845724	0.01134298539028539	0.01243099151443331	0.01215993417191628
1.733	9.981998219999999	3.90038438	1.12869067	0.58767728	0.9885315	-0.01552572	17.61943617	-9.71630605	-9.846297440000001	-23.88547151	-2.1225511	2.89690612	0	-21.72051652	5.94578148	-5.96429563	-0.47137057	4.67823351	16.70817152	0	-24.05281117	-3.35999882	-10.18271542	0.03209118100111667	0.02709833261437346	0.02549809540411963	0.02306768213239922	0.02351629240021198	0.0232559341082173	0.09638619540727536	0.05565709235087483	0.072954178026692	0.07839202774980025	0.02567286272585852	0.01592697836142616	0.01597180804551981	0.01600212035091414	0.01634439311575035	0.01578699838609432	0.02188852480592091	0.01871443030711886	0.02526433164422763	0.02033447230934448	0.0194980975392943	0.0152518582671315	0.02391246713717589	0.02415377865275442	0.01702277569398379	0.0196682939612374	0.02114879853065244	0.01526936258809595	0.03761399922226288	0.03812044406292847	0.03866766631001151	0.01000206740210476	0.01000206517390842	0.0100020623159292	0.0180704471246756	0.01949044932803725	0.0193455206639281	0.02383190036718432	0.01963897205819674	0.01899421997940047	0.02048790625811522	0.0222791547954025	0.02058241499618504	0.9201475102811973	0.3514698758431088	0.07997806363880038	0.7560201595213232	0.6337815379973489	0.4265499372403256	0.5009938716347089	0.4517144063690711	0.3481081267312029	0.6010412954677427	0.5289053460626607	0.1346206105954063	0.168542589992982	0.3676393544175441	0.4548617620569925	0.4392041506417274	0.5890078633188385	0.395390747235197	0.3603290277701807	0.4706720594091361	0.4653259494031375	0.4595043157082989	0.6773951683991415	0.671967811126128	0.08411535108592631	0.3005704891830156	0.3023307069595896	0.3119985840450606	0.4457602052302292	0.4392327089148108	0.437853197935774	0.5782919157406281	0.5077322232894769	0.1352311786754366	0.2157300110076749	0.4355846911226188	0.4374655629814826	0.5078709516220278	0.53175494611554	0.5631799690641337	0.5162854507633231	0.5620981160077606	0.495860138604056	0.09555772241968494	0.1168355623234377	0.05167596746244693	0.01666603635787616	0.02754971970025237	0.01568973415832757
1.75	9.552830220000001	4.6162198	0.83644935	0.5863887800000001	0.98483888	-0.0156197	17.27421086	-9.962470619999999	-9.402884159999999	-17.24719017	-2.00442781	4.70182703	0	-22.82313376	6.95200855	-5.41613598	0.10382029	5.17956584	15.58190565	0	-23.59085567	-3.99777369	-10.36313928	0.02316147042230717	0.0224809517400959	0.02212005517875879	0.02204654614541211	0.02204496442295698	0.02193768645573014	0.09981020143485209	0.03763828709308104	0.06628282495921856	0.05408507707240115	0.02220610209048006	0.02151016697675692	0.02044840391407825	0.02003929561653075	0.02002246114474664	0.01884935468350072	0.02242690301304257	0.02161197839935643	0.02293659885157109	0.02138181063412143	0.02060481801911559	0.01803624831423742	0.02625201045755488	0.02622100615984525	0.02056169161351288	0.02156516423736534	0.02166794650895968	0.01688617866338216	0.03492185095117227	0.03468618811520355	0.03467324868936894	0.01000283238336338	0.01000282827336692	0.01000282437197338	0.02073450417346151	0.0214142387427681	0.02132339899606403	0.02400376251779637	0.02136014388783933	0.02090124871695042	0.02193435931231778	0.02296748144699809	0.02199845890595645	0.9849020079377442	0.4767429144620607	0.1921252448433282	0.8235552907219045	0.715105123455454	0.5118313728868742	0.4560347805994453	0.333939792307707	0.154781327456005	0.6501653373936117	0.5832000358348968	0.04459363544186482	0.03294433358685447	0.3286918189409622	0.4446084687552923	0.394945721024151	0.6526090898915157	0.3855043003343748	0.3411229758298508	0.4702851668854445	0.4594466799958181	0.4510525888136597	0.9143135904345591	0.9457695341848434	0.1342290330253806	0.3127901561245047	0.3347234234056801	0.5056629492850359	0.4304862723517748	0.4212111177935662	0.4191227918029792	0.7003997573398271	0.5709820766079913	0.1160208216120359	0.2850174430428509	0.4480117365939975	0.4480328290401196	0.5258761036349905	0.5144394201307068	0.5301813157553363	0.511479104411126	0.5545734944478706	0.4984949822245588	0.06799274992970873	0.09726000759476937	0.04891546793855245	0.02871500693700293	0.06322141904846794	0.02395962900748969
1.767	8.96287882	5.25306552	0.66090134	0.58540759	0.98066848	-0.01522141	17.03061398	-10.10324423	-8.59162426	-11.06299002	-2.03771526	6.39042734	0	-23.47277438	7.65256443	-5.56280975	0.12819648	5.96437495	15.98904411	0	-22.95659517	-4.56307734	-10.48330547	0.01423175984349767	0.01786357086581834	0.01874201495339795	0.021025410158425	0.02057363644570199	0.02061943880324298	0.1032342074624288	0.01961948183528725	0.05961147189174511	0.02977812639500204	0.0187393414551016	0.02709335559208768	0.02492499978263669	0.02407647088214736	0.02370052917374293	0.02191171098090711	0.02296528122016422	0.02450952649159401	0.02060886605891456	0.02242914895889838	0.02171153849893688	0.02082063836134334	0.02859155377793387	0.02828823366693608	0.02410060753304197	0.02346203451349328	0.02218709448726692	0.01850299473866837	0.03222970268008166	0.03125193216747862	0.03067883106872637	0.010003597364622	0.01000359137282542	0.01000358642801756	0.02339856122224742	0.02333802815749894	0.02330127732819996	0.02417562466840842	0.02308131571748192	0.02280827745450037	0.02338081236652034	0.02365580809859368	0.02341450281572786	1.049656505594291	0.6020159530810125	0.304272426047856	0.8910904219224858	0.7964287089135591	0.5971128085334227	0.4110756895641818	0.2161651782463428	-0.03854547181919293	0.6992893793194809	0.6374947256071328	-0.04543333971167669	-0.1026539228192731	0.2897442834643804	0.4343551754535922	0.3506872914065746	0.7162103164641929	0.3756178534335526	0.3219169238895209	0.469898274361753	0.4535674105884987	0.4426008619190205	1.151232012469977	1.219571257243559	0.1843427149648349	0.3250098230659939	0.3671161398517706	0.6993273145250111	0.4152123394733204	0.4031895266723216	0.4003923856701843	0.8225075989390261	0.6342319299265058	0.09681046454863519	0.3543048750780269	0.4604387820653763	0.4586000950987565	0.5438812556479533	0.4971238941458736	0.497182662446539	0.506672758058929	0.5470488728879805	0.5011298258450616	0.04042777743973254	0.07768445286610103	0.04615496841465797	0.04076397751612971	0.09889311839668351	0.0322295238566518
1.783	8.721065060000001	5.51646845	0.63812711	0.58548891	0.97688212	-0.01445157	16.17676008	-9.869263050000001	-7.38610433	-5.47377718	-2.03884854	7.00154161	0	-24.70597112	7.81414596	-5.64439965	0.44451901	6.53427202	16.55906393	0	-22.6090039	-4.67534757	-10.67901925	0.005827326357559268	0.01351780063120413	0.01556268297658773	0.02006434099420183	0.0191888571729914	0.01937873513031388	0.1064568013707363	0.002660606298540036	0.05333255135765241	0.00690099634568507	0.01547650791592185	0.03234812134769312	0.02913826648245643	0.02787616524978654	0.02716224025985711	0.02479392867258374	0.02347199012098461	0.02723663057840586	0.01841805872464956	0.02341487914692375	0.02275315777406281	0.02344124075861952	0.03079347690299646	0.03023385955596276	0.02743135192789289	0.02524732418514312	0.02267570434920314	0.02002470398599659	0.02969591607199637	0.0280196912755022	0.02691937919047452	0.01000431734698306	0.01000430958408048	0.01000430365723561	0.02590590903286947	0.02514865348901035	0.02516280987609262	0.02433737728074918	0.02470124214538084	0.02460312803101799	0.0247421799469463	0.02430364494715424	0.02474725002492449	1.110601915153395	0.719919989428262	0.4098227142403535	0.9546528983465625	0.8729685540505995	0.6773776891419395	0.3687612509427569	0.1053184826591759	-0.2205001064311451	0.7455237717202989	0.6885956100986497	-0.1301646104444222	-0.2302758112015117	0.2530877794864208	0.4247050170519919	0.3090322988253259	0.7760702944149482	0.3663129622327788	0.3038406397103867	0.4695341402218078	0.4480339805580804	0.4346462954299484	1.374214056738607	1.47726699659294	0.2315085332607922	0.3365106860697485	0.3976034023892677	0.8815996582802832	0.4008368732347749	0.3862280291464442	0.382763768133436	0.9374326263265083	0.6937612036380491	0.0787301284889638	0.4195165758170166	0.4721348248619682	0.4685457572715914	0.5608272810719183	0.4808269285130893	0.4661251063912001	0.5021491379627433	0.5399668761257311	0.5036096786643584	0.01448427391975476	0.059260401356766	0.04355685121569842	0.0521041851200138	0.1324664824891219	0.04001295430292209
1.8	8.548391130000001	5.70636159	0.68262917	0.58561374	0.97332593	-0.0130815	15.52830706	-9.66371767	-6.01579587	-1.4082233	-2.10536957	7.20113772	0	-25.59878942	7.68903721	-6.38678706	0.02523424	7.27920888	18.44638586	0	-22.32459916	-4.76611113	-10.84993951	-0.003102384221250337	0.008900419756926521	0.01218464275122684	0.01904320500721469	0.01771752919573638	0.0180604874778267	0.1098808073983131	-0.015358198959254	0.0466611982901789	-0.01740595433171435	0.01200974728054333	0.03793130996302395	0.03361486235101493	0.0319133405154032	0.03084030828885345	0.02785628496999018	0.02401036832810627	0.03013417867064348	0.016090325931993	0.02446221747170072	0.02385987825388411	0.02622563080572547	0.03313302022337549	0.03230108706305361	0.03097026784742202	0.02714419446127108	0.02319485232751038	0.02164152006128282	0.02700376780090571	0.02458543532777724	0.02292496156983188	0.01000508232824168	0.01000507268353898	0.01000506571327978	0.02856996608165541	0.02707244290374122	0.02714068820822858	0.02450923943136124	0.02642241397502345	0.02651015676856797	0.02618863300114888	0.02499197159874984	0.02616329393469594	1.175356412809942	0.8451930280472154	0.5219698954448828	1.022188029547145	0.9542921395087056	0.762659124788489	0.3238021599074927	-0.01245613140218982	-0.4138269057063454	0.7946478136461688	0.7428902998708864	-0.2201915855979649	-0.365874067607641	0.2141402440098383	0.4144517237502917	0.264773869207749	0.8396715209876264	0.3564265153319564	0.2846345877700565	0.4691472476981162	0.442154711150761	0.4261945685353091	1.611132478774027	1.751068719651659	0.2816222152002472	0.3487303530112378	0.4299961188353587	1.075264023520261	0.3855629403563202	0.3682064380251993	0.364033362000641	1.059540467925709	0.7570110569565642	0.05951977142556286	0.4888040078521935	0.4845618703333472	0.4791130233302284	0.5788324330848814	0.4635114025282558	0.4331264530824024	0.497342791610546	0.5324422545658409	0.5062445222848612	-0.01308069857022179	0.03968484662809746	0.04079635169180391	0.06415315569914073	0.1681381818373379	0.04828284915208431
1.817	8.69338044	5.79626396	0.84445965	0.58629948	0.97044684	-0.01197135	15.11599877	-9.519850590000001	-5.10077834	0.34581637	-1.98952458	7.2859155	0	-26.55625756	7.32480271	-7.48499122	-0.96612924	8.023769679999999	20.90588861	0	-22.37793277	-4.64264461	-11.08243286	-0.01203209480005984	0.004283038882648971	0.008806602525866	0.01802206902022759	0.01624620121848139	0.01674223982533954	0.1133048134258898	-0.03337700421704778	0.03998984522270546	-0.04171290500911343	0.008542986645164868	0.0435144985783547	0.03809145821957337	0.03595051578101981	0.03451837631784974	0.03091864126739658	0.02454874653522792	0.03303172676288103	0.01376259313933648	0.02550955579647767	0.02496659873370539	0.02901002085283139	0.03547256354375448	0.03436831457014444	0.03450918376695111	0.02904106473739902	0.02371400030581763	0.02325833613656904	0.0243116195298151	0.02115117938005232	0.01893054394918932	0.0100058473095003	0.01000583578299748	0.01000582776932396	0.03123402313044131	0.02899623231847207	0.02911856654036451	0.02468110158197329	0.02814358580466605	0.02841718550611792	0.02763508605535144	0.02568029825034542	0.02757933784446734	1.240110910466489	0.9704660666661672	0.6341170766494105	1.089723160747726	1.035615724966811	0.8479405604350376	0.2788430688722294	-0.1302307454635538	-0.6071537049815433	0.8437718555720375	0.7971849896431225	-0.3102185607515063	-0.5014723240137684	0.1751927085332565	0.4041984304485915	0.2205154395901727	0.9032727475603033	0.3465400684311342	0.2654285358297265	0.4687603551744246	0.4362754417434416	0.4177428416406699	1.848050900809444	2.024870442710374	0.3317358971397015	0.3609500199527269	0.4623888352814491	1.268928388760236	0.370289007477866	0.3501848469039546	0.345302955867846	1.181648309524908	0.8202609102750786	0.04030941436216212	0.5580914398873694	0.4969889158047258	0.4896802893888654	0.596837585097844	0.4461958765434226	0.400127799773605	0.4925364452583489	0.5249176330059513	0.5088793659053639	-0.04064567106019801	0.02010929189942912	0.03803585216790942	0.0762021262782675	0.2038098811855535	0.05655274400124643
1.833	8.9568607	5.60037972	1.24895084	0.5872967100000001	0.96819435	-0.01109036	15.00767734	-9.164517630000001	-5.17857466	0.03071209	-1.88490812	7.69151214	0	-27.73577454	6.60251417	-7.53810321	-1.7513989	8.41089193	21.9483289	0	-22.51794855	-4.09938321	-11.43435151	-0.02043652828599825	-6.273135196523116e-05	0.005627270549055777	0.01706099985600441	0.01486142194577079	0.01550153615241044	0.1165274073341974	-0.050335879753795	0.03371092468861275	-0.06459003505843036	0.005280153105985119	0.04876926433396016	0.04230472491939311	0.03975021014865899	0.03798008740396391	0.0338008589590732	0.02505545543604831	0.03575883084969288	0.01157178580507148	0.02649528598450306	0.02600821800883131	0.03163062325010756	0.03767448666881706	0.03631394045917112	0.03783992816180204	0.03082635440904886	0.02420261016775385	0.02478004538389724	0.0217778329217298	0.01791893848807591	0.01517109207093748	0.01000656729186136	0.01000655399425254	0.01000654499854201	0.03374137094106337	0.03080685764998346	0.03098009908825716	0.02484285419431403	0.02976351223256497	0.03021203608263553	0.02899645363577738	0.02632813509890598	0.02891208505366398	1.301056320025592	1.088370103013417	0.739667364841908	1.153285637171803	1.112155570103851	0.9282054410435545	0.2365286302508045	-0.2410774410507208	-0.7891083395934954	0.8900062479728559	0.8482858741346391	-0.3949498314842519	-0.629094212396007	0.1385362045552969	0.3945482720469913	0.1788604470089239	0.9631327255110587	0.3372351772303603	0.2473522516505924	0.4683962210344796	0.4307420117130234	0.4097882751515975	2.071032945078073	2.282566182059755	0.3789017154356588	0.3724508829564814	0.4928760978189461	1.451200732515508	0.3559135412393204	0.3332233493780774	0.3276743383310978	1.29657333691239	0.879790183986622	0.02222907830249082	0.6233031406263592	0.5086849586013178	0.4996259515617003	0.6137836105218093	0.4298989109106384	0.3690702437182662	0.4880128251621634	0.5178356362437015	0.5113592187246607	-0.06658917458017571	0.0016852403900941	0.03543773496894986	0.0875423338821516	0.2373832452779919	0.06433617444751671
1.85	9.01468876	5.22612534	1.51195614	0.58936259	0.96615102	-0.00921342	15.742939	-8.51869237	-4.77628553	-2.46221695	-1.79818915	6.9871571	0	-28.35338409	5.62426123	-8.449294249999999	-3.21440638	8.735779969999999	23.8499706	0	-22.34492942	-3.51950819	-11.44531792	-0.02936623886480785	-0.004680112226242844	0.002249230323694895	0.01603986386901729	0.01339009396851577	0.01418328849992326	0.1199514133617742	-0.06835468501158906	0.02703957162113924	-0.08889698573582983	0.001813392470606606	0.05435245294929097	0.04678132078795161	0.04378738541427565	0.04165815543296026	0.03686321525647964	0.02559383364316997	0.03865637894193051	0.009244053012414905	0.02754262430928002	0.02711493848865262	0.03441501329721352	0.04001402998919608	0.03838116796626198	0.04137884408133118	0.03272322468517683	0.02472175814606109	0.02639686145918348	0.01908568465063917	0.01448468254035093	0.01117667445029483	0.01000733227311998	0.01000731709371103	0.01000730705458618	0.0364054279898493	0.03273064706471433	0.03295797742039311	0.02501471634492609	0.03148468406220759	0.03211906482018551	0.03044290668997998	0.02701646175050158	0.03032812896343541	1.36581081768214	1.21364314163237	0.8518145460464374	1.220820768372385	1.193479155561957	1.013486876690104	0.1915695392155405	-0.3588520551120864	-0.9824351388686958	0.9391302898987255	0.9025805639068762	-0.4849768066377945	-0.7646924688021364	0.09958866907871444	0.3842949787452909	0.1346020173913469	1.026733952083737	0.3273487303295379	0.2281461997102621	0.4680093285107882	0.4248627423057039	0.4013365482569584	2.307951367113494	2.556367905118475	0.4290153973751137	0.3846705498979708	0.5252688142650372	1.644865097755486	0.3406396083608658	0.3152017582568325	0.3089439321983025	1.418681178511591	0.9430400373051375	0.00301872123908975	0.6925905726615361	0.5211120040726969	0.5101932176203372	0.6317887625347722	0.4125833849258047	0.3360715904094684	0.4832064788099659	0.5103110146838112	0.5139940623451633	-0.09415414707015229	-0.01789031433857446	0.03267723544505535	0.09959130446127853	0.2730549446262079	0.07260606929667894
1.867	9.22793077	4.98892271	1.78234045	0.59112055	0.9646692100000001	-0.00720057	16.50180806	-7.96962655	-4.34543959	-5.89836257	-2.12411887	5.70854133	0	-28.8921066	4.72809429	-8.95680834	-5.02435436	8.66331664	25.16597689	0	-22.41521143	-2.99681847	-11.62351839	-0.03829594944361736	-0.009297493100520415	-0.001128809901665945	0.01501872788203017	0.01191876599126078	0.01286504084743609	0.1233754193893509	-0.08637349026938282	0.02036821855366577	-0.113203936413229	-0.001653368164771851	0.05993564156462173	0.05125791665651006	0.04782456067989226	0.04533622346195655	0.03992557155388603	0.02613221185029162	0.04155392703416808	0.006916320219758382	0.02858996263405696	0.02822165896847391	0.03719940334431944	0.04235357330957508	0.0404483954733528	0.04491776000086026	0.03462009496130476	0.02524090612436833	0.02801367753446971	0.01639353637954857	0.01105042659262601	0.007182256829652234	0.0100080972543786	0.01000808019316953	0.01000806911063035	0.03906948503863521	0.03465443647944519	0.03493585575252905	0.02518657849553814	0.03320585589185017	0.03402609355773546	0.03188935974418253	0.02770478840209718	0.03174417287320683	1.430565315338687	1.338916180251322	0.9639617272509653	1.288355899572966	1.274802741020062	1.098768312336653	0.1466104481802772	-0.4766266691734506	-1.175761938143894	0.9882543318245949	0.9568752536791125	-0.575003781791336	-0.900290725208264	0.06064113360213264	0.3740416854435908	0.09034358777377038	1.090335178656414	0.3174622834287157	0.2089401477699322	0.4676224359870966	0.4189834728983848	0.3928848213623191	2.544869789148912	2.83016962817719	0.4791290793145681	0.3968902168394601	0.5576615307111277	1.838529462995461	0.3253656754824115	0.297180167135588	0.2902135260655077	1.54078902011079	1.006289890623652	-0.01619163582431093	0.761878004696712	0.5335390495440757	0.5207604836789743	0.6497939145477352	0.3952678589409717	0.3030729371006711	0.4784001324577689	0.5027863931239214	0.5166289059656664	-0.1217191195601285	-0.03746586906724281	0.02991673592116087	0.1116402750404053	0.3087266439744235	0.08087596414584106
1.883	9.071900599999999	4.75185022	2.28642595	0.59431664	0.96329921	-0.00586972	17.350958	-7.52418923	-4.34180281	-9.30292712	-2.97188831	4.34444429	0	-29.14199799	3.81016859	-8.80028263	-6.65932181	7.98808622	25.66133731	0	-21.91512243	-2.39520749	-11.99379671	-0.04670038292955578	-0.0136432633351346	-0.004308141878476168	0.01405765871780698	0.01053398671855021	0.011624337174507	0.1265980132976584	-0.10333236580613	0.01408929801957309	-0.1360810664625459	-0.0049162017039516	0.06519040732022718	0.05547118335632979	0.05162425504753143	0.04879793454807073	0.04280778924556265	0.02663892075111203	0.04428103112097992	0.004725512885493388	0.02957569282208235	0.02926327824359985	0.03982000574159562	0.04455549643463766	0.04239402136237948	0.04824850439571118	0.03640538463295459	0.02572951598630456	0.0295353867817979	0.01385974977146329	0.007818185700649599	0.003422804951400404	0.01000881723673965	0.01000879840442459	0.01000878633984841	0.04157683284925726	0.03646506181095659	0.0367973883004217	0.0253483311078789	0.03482578231974909	0.03582094413425307	0.03325072732460847	0.02835262525065772	0.03307692008240345	1.491510724897791	1.456820216598571	1.069512015443463	1.351918375997043	1.351342586157103	1.179033192945169	0.1042960095588521	-0.5874733647606178	-1.357716572755846	1.034488724225413	1.007976138170629	-0.6597350525240815	-1.027912613590502	0.02398462962417325	0.3643915270419904	0.04868859519252222	1.15019515660717	0.3081573922279417	0.1908638635907982	0.4672583018471514	0.4134500428679662	0.3849302548732467	2.767851833417541	3.08786536752657	0.5262948976105253	0.4083910798432144	0.5881487932486247	2.020801806750733	0.3109902092438657	0.2802186696097104	0.2725849085287599	1.655714047498272	1.065819164335195	-0.03427197188398223	0.8270897054357016	0.5452350923406675	0.5307061458518092	0.6667399399717002	0.3789708933081872	0.2720153810453323	0.4738765123615836	0.4957043963616719	0.5191087587849634	-0.1476626230801062	-0.05588992057657782	0.02731861872220132	0.1229804826442894	0.3423000080668619	0.08865939459211133
1.9	8.788903039999999	4.48323278	2.66677413	0.59750398	0.96218795	-0.00357422	18.20570998	-7.00346759	-4.08677337	-12.48551687	-4.24952846	2.99397365	0	-28.85151518	2.8280843	-8.71536206	-8.928146460000001	7.09235625	26.13106042	0	-21.30404587	-1.89236153	-11.92749487	-0.05563009350836526	-0.01826064420941217	-0.007686182103837008	0.0130365227308199	0.009062658741295193	0.01030608952201983	0.1300220193252352	-0.1213511710639238	0.007417944952099631	-0.160388017139945	-0.008382962339330058	0.07077359593555793	0.05994777922488823	0.05566143031314805	0.05247600257706701	0.04587014554296906	0.02717729895823368	0.0471785792132175	0.002397780092836865	0.03062303114685928	0.03036999872342111	0.04260439578870155	0.04689503975501666	0.04446124886947031	0.05178742031524028	0.03830225490908254	0.02624866396461181	0.03115220285708412	0.01116760150037266	0.004383929752924648	-0.0005716126692421608	0.01000958221799828	0.0100095615038831	0.01000954839589258	0.04424088989804316	0.03838885122568744	0.03877526663255765	0.02552019325849095	0.03654695414939169	0.03772797287180303	0.03469718037881106	0.02904095190225334	0.03449296399217487	1.556265222554337	1.582093255217524	1.181659196647991	1.419453507197624	1.432666171615208	1.264314628591718	0.05933691852358836	-0.7052479788219821	-1.551043372031044	1.083612766151282	1.062270827942865	-0.7497620276776231	-1.16351086999663	-0.01496290585240878	0.3541382337402905	0.004430165574945466	1.213796383179847	0.2982709453271193	0.1716578116504679	0.4668714093234598	0.4075707734606469	0.3764785279786076	3.004770255452959	3.361667090585287	0.5764085795499796	0.4206107467847036	0.6205415096947156	2.214466171990708	0.2957162763654115	0.2621970784884655	0.2538545023959644	1.777821889097471	1.129069017653709	-0.05348232894738303	0.8963771374708778	0.5576621378120463	0.5412734119104461	0.6847450919846625	0.3616553673233542	0.2390167277365349	0.4690701660093861	0.488179774801782	0.5217436024054658	-0.1752275955700824	-0.07546547530524617	0.02455811919830686	0.1350294532234162	0.3779717074150775	0.09692928944127345
1.917	8.404524540000001	4.34348782	2.99206505	0.60040927	0.96152596	-0.00126381	19.42919405	-6.70482282	-3.96527004	-16.24714488	-5.07275749	1.92025764	0	-27.97536765	1.99634983	-8.34747351	-11.91195584	5.87626175	26.2296575	0	-20.64301721	-1.45066641	-12.01311113	-0.06455980408717488	-0.02287802508368977	-0.01106422232919788	0.01201538674383276	0.007591330764040199	0.008987841869532665	0.1334460253528119	-0.1393699763217179	0.0007465918846261133	-0.1846949678173445	-0.01184972297470857	0.07635678455088878	0.06442437509344673	0.0596986055787647	0.05615407060606335	0.04893250184037551	0.02771567716535533	0.05007612730545512	7.004730018028704e-05	0.03167036947163626	0.03147671920324244	0.04538878583580748	0.04923458307539569	0.04652847637656116	0.0553263362347694	0.04019912518521052	0.02676781194291905	0.03276901893237037	0.008475453229282004	0.0009496738051996689	-0.004566030289884782	0.01001034719925689	0.01001032460334159	0.01001031045193676	0.0469049469468291	0.0403126406404183	0.04075314496469359	0.02569205540910302	0.03826812597903428	0.039635001609353	0.03614363343301363	0.02972927855384891	0.03590900790194629	1.621019720210885	1.707366293836477	1.29380637785252	1.486988638398206	1.513989757073313	1.349596064238267	0.01437782748832461	-0.8230225928833477	-1.744370171306244	1.132736808077151	1.116565517715102	-0.8397890028311659	-1.299109126402759	-0.05391044132899125	0.3438849404385902	-0.03982826404263129	1.277397609752524	0.2883844984262973	0.152451759710138	0.4664845167997682	0.4016915040533275	0.3680268010839685	3.24168867748838	3.635468813644005	0.6265222614894345	0.4328304137261929	0.6529342261408064	2.408130537230686	0.280442343486957	0.2441754873672211	0.2351240962631693	1.899929730696672	1.192318870972225	-0.07269268601078405	0.9656645695060544	0.5700891832834252	0.5518406779690834	0.7027502439976261	0.3443398413385208	0.2060180744277376	0.4642638196571895	0.4806551532418917	0.5243784460259686	-0.2027925680600591	-0.09504103003391473	0.02179761967441235	0.1470784238025431	0.4136434067632935	0.1051991842904357
1.933	8.12327033	3.90841386	3.34355237	0.6043571599999999	0.96175866	0.00123021	20.09467426	-6.06203744	-3.43801603	-19.45303427	-5.58519989	0.51444672	0	-26.72485776	0.79829972	-8.12506376	-15.6870028	4.18354229	26.31192045	0	-19.94437546	-0.7782213	-11.81571964	-0.07296423757311329	-0.02722379531830399	-0.01424355430600813	0.01105431757960959	0.006206551491329593	0.007747138196603554	0.1366686192611194	-0.1563288518584651	-0.005532328649466622	-0.2075720978666614	-0.01511255651388832	0.08161155030649421	0.06863764179326649	0.06349829994640389	0.05961578169217753	0.05181471953205212	0.02822238606617572	0.05280323139226697	-0.002120760034084707	0.03265609965966162	0.03251833847836835	0.04800938823308368	0.05143650620045828	0.04847410226558785	0.05865708062962034	0.04198441485686033	0.02725642180485527	0.03429072817969855	0.005941666621196717	-0.00228256708677671	-0.008325482168136666	0.01001106718161796	0.01001104281459665	0.01001102768115479	0.04941229475745115	0.0421232659719297	0.04261467751258627	0.02585380802144377	0.03988805240693322	0.04142985218587061	0.03750500101343959	0.0303771154024095	0.03724175511114294	1.681965129769988	1.825270330183727	1.399356666045017	1.550551114822283	1.590529602210355	1.429860944846784	-0.02793661113310053	-0.9338692884705146	-1.926324805918197	1.17897120047797	1.167666402206619	-0.9245202735639113	-1.426731014784998	-0.09056694530695086	0.3342347820369898	-0.0814832566238799	1.33725758770328	0.2790796072255235	0.1343754755310038	0.4661203826598235	0.3961580740229089	0.3600722345948961	3.464670721757009	3.893164552993387	0.6736880797853919	0.4443312767299479	0.6834214886783032	2.590402880985959	0.2660668772484116	0.2272139898413439	0.2174954787264216	2.014854758084153	1.251848144683768	-0.09077302207045534	1.030876270245044	0.5817852260800174	0.5617863401419183	0.7196962694215907	0.3280428757057363	0.1749605183723988	0.4597401995610038	0.4735731564796426	0.5268582988452657	-0.2287360715800367	-0.1134650815432499	0.01919950247545282	0.1584186314064272	0.4472167708557319	0.112982614736706
1.95	8.2356731	3.31994322	3.95477083	0.60840107	0.96305607	0.00368912	19.89820668	-5.32653017	-3.2747641	-22.00165825	-5.69686034	-0.18718862	0	-25.25133308	-0.75258523	-7.47078025	-20.39363668	2.11885743	26.22930778	0	-19.73223383	0.1501525	-11.94211143	-0.08189394815192275	-0.03184117619258153	-0.01762159453136897	0.01003318159262248	0.004735223514074599	0.006428890544116383	0.1400926252886961	-0.1743476571162588	-0.01220368171693997	-0.2318790485440606	-0.01857931714926678	0.08719473892182497	0.0731142376618249	0.0675354752120205	0.06329384972117383	0.0548770758294585	0.02876076427329738	0.05570077948450453	-0.004448492826741229	0.03370343798443859	0.03362505895818965	0.05079377828018958	0.05377604952083725	0.05054132977267869	0.06219599654914942	0.04388128513298828	0.02777556978316251	0.03590754425498477	0.003249518350106118	-0.005716823034501661	-0.01231989978877918	0.01001183216287659	0.01001180591405515	0.01001178973719898	0.05207635180623707	0.04404705538666057	0.04459255584472216	0.02602567017205581	0.04160922423657581	0.04333688092342058	0.03895145406764214	0.03106544205400508	0.03865779902091435	1.746719627426536	1.950543368802678	1.511503847249545	1.618086246022864	1.671853187668459	1.515142380493332	-0.07289570216836427	-1.051643902531878	-2.119651605193394	1.228095242403839	1.221961091978855	-1.014547248717453	-1.562329271191125	-0.1295144807835324	0.3239814887352894	-0.1257416862414567	1.400858814275957	0.2691931603247011	0.1151694235906739	0.4657334901361319	0.3902788046155896	0.3516205077002565	3.701589143792427	4.166966276052102	0.7238017617248461	0.4565509436714366	0.7158142051243939	2.784067246225934	0.250792944369957	0.209192398720099	0.1987650725936265	2.136962599683352	1.315097998002283	-0.109983379133856	1.10016370228022	0.5942122715513953	0.5723536062005552	0.7377014214345539	0.3107273497209038	0.1419618650636014	0.4549338532088063	0.4660485349197527	0.5294931424657681	-0.256301044070013	-0.1330406362719181	0.01643900295155831	0.170467601985554	0.4828884702039475	0.1212525095858681
1.967	7.86384292	3.06062166	4.51370702	0.61104337	0.96357206	0.00597573	20.1072949	-5.08005965	-3.49749998	-24.27708542	-5.38956497	-0.00298413	0	-22.24607513	-1.8846365	-6.52319578	-26.5484266	-0.38098944	25.59943669	0	-19.07975981	0.67381504	-12.00868851	-0.09082365873073237	-0.03645855706685919	-0.02099963475672983	0.009012045605635344	0.003263895536819578	0.005110642891629241	0.143516631316273	-0.1923664623740528	-0.01887503478441355	-0.2561859992214599	-0.02204607778464529	0.09277792753715579	0.07759083353038342	0.07157265047763714	0.06697191775017017	0.05793943212686496	0.02929914248041904	0.05859832757674213	-0.006776225619397808	0.03475077630921555	0.03473177943801092	0.05357816832729555	0.05611559284121628	0.05260855727976954	0.06573491246867855	0.04577815540911626	0.02829471776146975	0.03752436033027101	0.0005573700790154623	-0.009151078982226613	-0.01631431740942185	0.0100125971441352	0.01001256901351365	0.01001255179324316	0.05474040885502299	0.04597084480139144	0.04657043417685813	0.02619753232266786	0.04333039606621841	0.04524390966097055	0.04039790712184474	0.03175376870560068	0.04007384293068578	1.811474125083083	2.075816407421631	1.623651028454074	1.685621377223447	1.753176773126565	1.600423816139882	-0.1178547932036276	-1.169418516593244	-2.312978404468594	1.277219284329708	1.276255781751091	-1.104574223870995	-1.697927527597255	-0.1684620162601149	0.3137281954335895	-0.1700001158590334	1.464460040848635	0.2593067134238787	0.09596337165034363	0.4653465976124407	0.3843995352082707	0.3431687808056179	3.938507565827846	4.44076799911082	0.7739154436643012	0.4687706106129261	0.7482069215704845	2.977731611465911	0.2355190114915025	0.1911708075988545	0.1800346664608314	2.259070441282552	1.378347851320798	-0.1291937361972568	1.169451134315397	0.6066393170227746	0.5829208722591925	0.7557065734475161	0.2934118237360694	0.1089632117548032	0.4501275068566093	0.458523913359862	0.5321279860862704	-0.2838660165599894	-0.1526161910005867	0.0136785034276638	0.1825165725646809	0.5185601695521636	0.1295224044350303
1.983	7.35857768	2.42340086	4.88579626	0.61320226	0.9638485	0.00892563	20.17881935	-4.35612793	-3.83887772	-25.91303569	-4.7719746	0.01062463	0	-18.41165649	-3.33508259	-6.02641211	-33.52291965	-3.55188178	24.51391596	0	-18.35079824	1.43409587	-11.92726527	-0.09922809221667081	-0.0408043273014734	-0.02417896673354009	0.0080509764414122	0.001879116264108999	0.00386993921870013	0.1467392252245806	-0.2093253379108001	-0.02515395531850617	-0.2790631292707768	-0.02530891132382507	0.09803269329276125	0.08180410023020315	0.07537234484527636	0.07043362883628435	0.0608216498185416	0.02980585138123942	0.061325431663554	-0.008967032953662801	0.03573650649724092	0.03577339871313687	0.05619877072457174	0.0583175159662789	0.05455418316879623	0.06906565686352947	0.0475634450807661	0.02878332762340599	0.03904606957759924	-0.001976416529069824	-0.01238331987420305	-0.02007376928767368	0.01001331712649625	0.0100132872247687	0.0100132690224612	0.05724775666564505	0.04778147013290282	0.04843196672475081	0.02635928493500864	0.04495032249411735	0.04703876023748815	0.0417592747022707	0.03240160555416124	0.0414065901398824	1.872419534642185	2.193720443768881	1.729201316646572	1.749183853647524	1.829716618263606	1.680688696748399	-0.1601692318250532	-1.280265212180411	-2.494933039080546	1.323453676730526	1.327356666242608	-1.189305494603741	-1.825549415979493	-0.2051185202380745	0.3040780370319895	-0.2116551084402829	1.524320018799391	0.2500018222231049	0.07788708747120943	0.4649824634724951	0.3788661051778526	0.3352142143165446	4.161489610096477	4.698463738460203	0.8210812619602584	0.4802714736166807	0.778694184107982	3.160003955221183	0.2211435452529562	0.1742093100729765	0.1624060489240833	2.373995468670036	1.43787712503234	-0.1472740722569286	1.234662835054387	0.6183353598193664	0.5928665344320274	0.7726525988714812	0.2771148581032854	0.07790565569946395	0.4456038867604235	0.4514419165976129	0.5346078389055675	-0.3098095200799673	-0.1710402425099218	0.01108038622870422	0.193856780168565	0.5521335336446019	0.1373058348813006
2	6.75206383	1.83481687	4.88478722	0.61461328	0.96403426	0.01170494	20.33516089	-3.61773501	-4.22358303	-27.43566038	-3.61714807	0.14799355	0	-14.13730659	-4.33133067	-5.48270385	-40.5018546	-7.49241705	21.98637551	0	-17.49915727	2.09141765	-11.44845506	-0.1081578027954803	-0.04542170817575089	-0.02755700695890087	0.007029840454425063	0.000407788286854005	0.00255169156621296	0.1501632312521572	-0.2273441431685939	-0.03182530838597974	-0.3033700799481759	-0.02877567195920352	0.103615881908092	0.0862806960987616	0.07940952011089294	0.07411169686528066	0.06388400611594797	0.03034422958836108	0.06422297975579161	-0.01129476574631938	0.03678384482201788	0.03688011919295814	0.05898316077167765	0.06065705928665785	0.05662141067588705	0.07260457278305857	0.04946031535689405	0.0293024756017132	0.04066288565288545	-0.004668564800160424	-0.01581757582192794	-0.0240681869083163	0.01001408210775487	0.01001405032422721	0.01001403107850538	0.05991181371443097	0.04970525954763366	0.05040984505688673	0.02653114708562068	0.04667149432375994	0.04894578897503812	0.04320572775647324	0.03308993220575682	0.04282263404965383	1.937174032298733	2.318993482387833	1.8413484978511	1.816718984848106	1.911040203721711	1.765970132394947	-0.2051283228603156	-1.398039826241775	-2.688259838355745	1.372577718656395	1.381651356014844	-1.279332469757283	-1.961147672385621	-0.2440660557146566	0.2938247437302888	-0.2559135380578583	1.587921245372067	0.2401153753222829	0.05868103553087911	0.464595570948803	0.3729868357705328	0.3267624874219068	4.398408032131893	4.972265461518917	0.8711949438997127	0.4924911405581698	0.8110869005540722	3.353668320461158	0.205869612374503	0.156187718951732	0.1436756427912886	2.496103310269234	1.501126978350856	-0.1664844293203291	1.303950267089563	0.6307624052907457	0.6034338004906639	0.7906577508844448	0.259799332118452	0.04490700239066658	0.4407975404082265	0.443917295037723	0.5372426825260712	-0.3373744925699433	-0.19061579723859	0.008319886704809765	0.2059057507476918	0.5878052329928175	0.1455757297304627
2.017	6.33356963	0.6298266300000001	4.68416748	0.61526961	0.96472102	0.01498505	19.80192325	-2.0796029	-4.57456218	-27.86623091	-2.56678736	0.02919317	0	-9.80111615	-5.94999989	-5.28597538	-47.28892355	-11.54138035	19.16380662	0	-16.94952825	3.35558266	-10.33048417	-0.1170875133742898	-0.05003908905002846	-0.03093504718426171	0.006008704467437953	-0.001063539690401016	0.001233443913725818	0.1535872372797338	-0.2453629484263877	-0.0384966614534531	-0.3276770306255751	-0.03224243259458198	0.1091990705234228	0.09075729196732005	0.08344669537650956	0.07778976489427691	0.06694636241335436	0.03088260779548274	0.06712052784802913	-0.01362249853897585	0.03783118314679482	0.03798683967277944	0.06176755081878357	0.06299660260703685	0.05868863818297787	0.07614348870258764	0.05135718563302194	0.02982162358002044	0.04227970172817166	-0.007360713071251079	-0.01925183176965289	-0.02806260452895881	0.01001484708901351	0.01001481342368571	0.01001479313454955	0.06257587076321686	0.05162904896236453	0.05238772338902264	0.02670300923623276	0.04839266615340251	0.05085281771258807	0.04465218081067579	0.03377825885735239	0.04423867795942524	2.001928529955279	2.444266521006784	1.953495679055627	1.884254116048686	1.992363789179815	1.851251568041496	-0.2500874138955798	-1.515814440303139	-2.881586637630943	1.421701760582264	1.43594604578708	-1.369359444910824	-2.096745928791748	-0.2830135911912381	0.2835714504285889	-0.3001719676754346	1.651522471944745	0.23022892842146	0.03947498359054924	0.4642086784251118	0.3671075663632131	0.3183107605272673	4.635326454167313	5.246067184577631	0.9213086258391671	0.5047108074996589	0.8434796170001628	3.547332685701133	0.1905956794960479	0.1381661278304875	0.1249452366584931	2.618211151868432	1.564376831669369	-0.1856947863837297	1.373237699124739	0.6431894507621241	0.6140010665493012	0.8086629028974075	0.2424838061336194	0.01190834908186922	0.4359911940560295	0.4363926734778323	0.539877526146574	-0.3649394650599196	-0.2101913519672585	0.005559387180915309	0.2179547213268185	0.623476932341033	0.1538456245796248
2.033	5.8613886	-0.5750526	4.70096704	0.61567829	0.96586456	0.0179397	19.01576731	-0.58374541	-5.0728057	-27.75110226	-1.50028892	0.14856333	0	-5.37244818	-7.57549467	-4.92403705	-53.42787956	-14.95444474	16.10597198	0	-16.26835875	4.58995057	-9.64059651	-0.1254919468602282	-0.05438485928464265	-0.03411437916107196	0.005047635303214781	-0.00244831896311154	-7.259759203293026e-06	0.1568098311880415	-0.262321823963135	-0.04477558198754583	-0.3505541606748921	-0.0355052661337617	0.1144538362790282	0.0949705586671398	0.08724638974414872	0.08125147598039112	0.06982858010503099	0.0313893166963031	0.06984763193484103	-0.01581330587324087	0.03881691333482021	0.03902845894790535	0.06438815321605976	0.06519852573209944	0.06063426407200456	0.07947423309743859	0.05314247530467181	0.03031023344195671	0.04380141097549986	-0.00989449967933631	-0.02248407266162927	-0.0318220564072107	0.01001556707137456	0.01001553163494077	0.0100155103637676	0.06508321857383892	0.05343967429387594	0.05424925593691532	0.0268647618485735	0.05001259258130147	0.05264766828910569	0.04601354839110175	0.03442609570591298	0.04557142516862189	2.062873939514384	2.562170557354034	2.059045967248125	1.947816592472762	2.068903634316857	1.931516448650012	-0.2924018525170053	-1.626661135890306	-3.063541272242895	1.467936152983083	1.487046930278598	-1.45409071564357	-2.224367817173987	-0.3196700951691982	0.2739212920269889	-0.3418269602566832	1.711382449895501	0.2209240372206862	0.02139869941141548	0.4638445442851671	0.3615741363327958	0.3103561940381949	4.858308498435942	5.503762923927014	0.9684744441351243	0.5162116705034139	0.8739668795376598	3.729605029456406	0.176220213257503	0.1212046303046099	0.1073166191217449	2.733136179255916	1.623906105380913	-0.2037751224434012	1.438449399863729	0.6548854935587158	0.6239467287221361	0.8256089283213726	0.2261868405008345	-0.01914920697346911	0.4314675739598437	0.4293106767155832	0.5423573789658702	-0.3908829685798975	-0.2286154034765935	0.002961269981955672	0.2292949289307027	0.6570502964334715	0.1616290550258951
2.05	5.52265657	-1.63282122	4.37978258	0.61537949	0.9675477300000001	0.0214299	17.89234814	0.93446507	-5.1868159	-27.16845847	-0.5729118600000001	-0.00255584	0	-1.28245094	-8.92074393	-4.69787334	-58.79974087	-16.63258569	13.37296071	0	-15.87395682	5.54819575	-8.53110513	-0.1344216574390377	-0.05900224015892025	-0.03749241938643283	0.004026499316227672	-0.003919646940366617	-0.001325507411690463	0.1602338372156182	-0.2803406292209287	-0.05144693505501929	-0.3748611113522912	-0.03897202676914019	0.1200370248943589	0.09944715453569825	0.09128356500976537	0.08492954400938738	0.07289093640243738	0.03192769490342479	0.07274518002707858	-0.01814103866589739	0.03986425165959714	0.04013517942772665	0.06717254326316566	0.06753806905247844	0.06270149157909538	0.08301314901696766	0.05503934558079976	0.03082938142026392	0.04541822705078608	-0.01258664795042697	-0.02591832860935422	-0.03581647402785326	0.01001633205263316	0.01001629473439926	0.01001627241981178	0.06774727562262481	0.05536346370860679	0.05622713426905124	0.02703662399918555	0.05173376441094402	0.05455469702665564	0.04746000144530432	0.03511442235750856	0.04698746907839327	2.12762843717093	2.687443595972987	2.171193148452653	2.015351723673344	2.150227219774961	2.016797884296561	-0.3373609435522686	-1.744435749951671	-3.256868071518093	1.517060194908952	1.541341620050834	-1.544117690797111	-2.359966073580114	-0.3586176306457798	0.263667998725289	-0.3860853898742604	1.774983676468177	0.2110375903198642	0.002192647471085607	0.463457651761475	0.355694866925476	0.3019044671435553	5.09522692047136	5.777564646985729	1.018588126074579	0.5284313374449021	0.9063595959837505	3.923269394696381	0.160946280379048	0.1031830391833655	0.08858621298895031	2.855244020855114	1.687155958699428	-0.2229854795068018	1.507736831898904	0.6673125390300951	0.6345139947807725	0.8436140803343344	0.2088713145160019	-0.05214786028226648	0.4266612276076467	0.4217860551556933	0.544992222586373	-0.4184479410698736	-0.2481909582052617	0.0002007704580612168	0.2413438995098294	0.692721995781687	0.1698989498750572
2.067	5.77070345	-2.55531105	4.03833589	0.61557837	0.97041387	0.02447597	15.9867704	2.37800347	-5.00958441	-26.38763854	0.31590356	-0.16291184	0	2.06238846	-10.15356175	-4.46090651	-63.56460851	-16.51873484	11.43468992	0	-16.06673423	6.36447633	-7.5572879	-0.1433513680178474	-0.06361962103319796	-0.04087045961179375	0.003005363329240562	-0.005390974917621638	-0.002643755064177633	0.163657843243195	-0.2983594344787229	-0.05811828812249287	-0.3991680620296909	-0.04243878740451879	0.1256202135096898	0.1039237504042568	0.09532074027538207	0.0886076120383838	0.07595329269984386	0.03246607311054645	0.07564272811931624	-0.02046877145855397	0.04091158998437416	0.04124189990754795	0.06995693331027164	0.0698776123728575	0.06476871908618625	0.08655206493649681	0.05693621585692774	0.03134852939857113	0.04703504312607235	-0.01527879622151762	-0.02935258455707923	-0.03981089164849599	0.01001709703389181	0.01001705783385776	0.01001703447585595	0.07041133267141078	0.05728725312333768	0.05820501260118721	0.02720848614979759	0.05345493624058664	0.05646172576420561	0.04890645449950692	0.03580274900910418	0.04840351298816475	2.19238293482748	2.812716634591941	2.283340329657183	2.082886854873928	2.231550805233068	2.102079319943112	-0.3823200345875328	-1.862210364013038	-3.450194870793295	1.566184236834823	1.595636309823071	-1.634144665950655	-2.495564329986245	-0.3975651661223631	0.2534147054235882	-0.4303438194918368	1.838584903040857	0.2011511434190423	-0.01701340446924515	0.4630707592377838	0.3498155975181563	0.2934527402489167	5.332145342506783	6.051366370044452	1.068701808014034	0.5406510043863917	0.938752312429842	4.11693375993636	0.145672347500593	0.08516144806212012	0.06985580685615478	2.977351862454316	1.750405812017944	-0.242195836570203	1.577024263934082	0.6797395845014744	0.6450812608394099	0.861619232347298	0.1915557885311685	-0.08514651359106473	0.4218548812554497	0.4142614335958026	0.5476270662068758	-0.4460129135598504	-0.2677665129339306	-0.002559729065833238	0.2533928700889565	0.7283936951299035	0.1781688447242196
2.083	5.98183969	-3.35668906	3.54869306	0.61581629	0.9739854	0.02764871	13.72701776	3.66398852	-4.65739009	-24.89002419	0.94747366	-0.05812711	0	5.02496656	-11.25459662	-4.49983498	-67.26138913	-14.64802643	10.19694934	0	-16.25321692	7.00378738	-6.19362694	-0.1517558015037859	-0.06796539126781209	-0.04404979158860395	0.002044294165017391	-0.006775754190332162	-0.003884458737106744	0.1668804371515027	-0.3153183100154702	-0.06439720865658571	-0.4220451920790077	-0.04570162094369851	0.1308749792652953	0.1081370171040765	0.09912043464302123	0.09206932312449792	0.07883551039152048	0.03297278201136683	0.07836983220612806	-0.02265957879281899	0.0418973201723995	0.04228351918267392	0.07257753570754785	0.07207953549792007	0.06671434497521295	0.08988280933134779	0.05872150552857758	0.03183713926050741	0.04855675237340054	-0.01781258282960285	-0.03258482544905567	-0.04357034352674782	0.01001781701625284	0.01001777604511284	0.01001775170507402	0.07291868048203287	0.0590978784548491	0.06006654514907991	0.02737023876213834	0.0550748626684856	0.05825657634072323	0.05026782207993291	0.0364505858576647	0.04973626019736138	2.253328344386583	2.930620670939191	2.388890617849681	2.146449331298005	2.308090650370109	2.182344200551628	-0.4246344732089584	-1.973057059600205	-3.632149505405248	1.61241862923564	1.646737194314587	-1.718875936683401	-2.623186218368484	-0.4342216701003228	0.2437645470219874	-0.4719988120730862	1.898444880991611	0.1918462522182685	-0.03508968864837936	0.4627066250978382	0.3442821674877381	0.2854981737598443	5.555127386775413	6.309062109393832	1.115867626309992	0.5521518673901462	0.969239574967339	4.299206103691633	0.1312968812620481	0.0681999505362425	0.05222718931940662	3.092276889841798	1.809935085729488	-0.2602761726298746	1.642235964673072	0.6914356272980662	0.6550269230122456	0.878565257771263	0.1752588228983836	-0.1162040696464031	0.4173312611592639	0.4071794368335535	0.5501069190261729	-0.4719564170798283	-0.2861905644432656	-0.005157846264792876	0.2647330776928406	0.761967059222342	0.1859522751704898
2.1	6.28950309	-3.90423158	2.98255861	0.61591953	0.9779347900000001	0.03039749	11.28072411	4.58471597	-4.34775748	-23.28910694	1.46533061	0.50386264	0	7.63574478	-11.84021264	-4.46822255	-70.00254271999999	-12.14803992	9.10986512	0	-16.60788885	7.33731373	-5.02016948	-0.1606855120825953	-0.07258277214208964	-0.04742783181396476	0.001023158178030226	-0.008247082167587183	-0.005202706389593914	0.1703044431790792	-0.3333371152732639	-0.07106856172405907	-0.4463521427564069	-0.04916838157907694	0.136458167880626	0.112613612972635	0.1031576099086378	0.09574739115349423	0.08189786668892687	0.03351116021848843	0.08126738029836564	-0.02498731158547551	0.04294465849717644	0.04339023966249517	0.07536192575465375	0.07441907881829907	0.06878157248230377	0.09342172525087686	0.06061837580470553	0.03235628723881462	0.05017356844868676	-0.02050473110069351	-0.03601908139678067	-0.04756476114739039	0.01001858199751146	0.01001853914457135	0.0100185137611182	0.07558273753081876	0.06102166786957997	0.0620444234812158	0.02754210091275044	0.0567960344981282	0.06016360507827317	0.0517142751341354	0.03713891250926032	0.05115230410713284	2.318082842043131	3.055893709558142	2.501037799054209	2.213984462498587	2.389414235828214	2.267625636198177	-0.4695935642442217	-2.090831673661569	-3.825476304680445	1.661542671161509	1.701031884086824	-1.808902911836942	-2.758784474774612	-0.4731692055769043	0.2335112537202875	-0.5162572416906626	1.962046107564289	0.1819598053174465	-0.05429574058870923	0.462319732574147	0.3384028980804183	0.2770464468652047	5.79204580881083	6.582863832452548	1.165981308249446	0.5643715343316362	1.001632291413429	4.492870468931608	0.1160229483835931	0.05017835941499893	0.03349678318661109	3.214384731440997	1.873184939048	-0.2794865296932751	1.711523396708248	0.7038626727694446	0.6655941890708821	0.8965704097842266	0.157943296913551	-0.1492027229552013	0.4125249148070669	0.3996548152736645	0.5527417626466757	-0.4995213895698043	-0.3057661191719341	-0.007918345788687331	0.2767820482719674	0.7976387585705575	0.1942221700196519
2.117	7.1313861	-4.57415706	2.42039593	0.61617841	0.98256823	0.03352102	7.74624927	5.73212229	-3.73198273	-20.67604941	1.51242311	0.67451364	0	9.472215050000001	-12.81703725	-4.71755003	-71.78401224	-10.02578263	8.792322560000001	0	-17.43727824	7.76451221	-3.66108686	-0.1696152226614048	-0.07720015301636723	-0.05080587203932563	2.022191043116184e-06	-0.009718410144842204	-0.006520954042081084	0.173728449206656	-0.3513559205310577	-0.07773991479153253	-0.470659093433806	-0.05263514221445542	0.1420413564959568	0.1170902088411934	0.1071947851742544	0.09942545918249052	0.08496022298633332	0.03404953842561015	0.08416492839060319	-0.02731504437813204	0.04399199682195343	0.04449696014231647	0.07814631580175965	0.07675862213867807	0.07084879998939458	0.09696064117040595	0.06251524608083348	0.03287543521712188	0.051790384523973	-0.02319687937178416	-0.03945333734450562	-0.05155917876803295	0.01001934697877008	0.0100193022440298	0.01001927581716236	0.07824679457960465	0.06294545728431078	0.06402230181335172	0.02771396306336243	0.05851720632777074	0.06207063381582312	0.053160728188338	0.0378272391608559	0.05256834801690419	2.382837339699677	3.181166748177095	2.613184980258737	2.281519593699166	2.470737821286319	2.352907071844727	-0.514552655279485	-2.208606287722933	-4.018803103955642	1.710666713087377	1.75532657385906	-1.898929886990483	-2.894382731180739	-0.5121167410534859	0.2232579604185876	-0.5605156713082389	2.025647334136966	0.1720733584166236	-0.0735017925290391	0.461932840050455	0.3325236286730986	0.2685947199705652	6.028964230846247	6.856665555511263	1.2160949901889	0.5765912012731249	1.034025007859519	4.686534834171583	0.1007490155051389	0.03215676829375358	0.01476637705381734	3.336492573040196	1.936434792366516	-0.2986968867566759	1.780810828743423	0.7162897182408239	0.6761614551295185	0.9145755617971894	0.1406277709287176	-0.1822013762639987	0.4077185684548699	0.3921301937137738	0.5553766062671786	-0.5270863620597805	-0.3253416739006021	-0.01067884531258179	0.2888310188510941	0.833310457918773	0.2024920648688141
2.133	7.72888767	-4.94217554	1.9409832	0.61646807	0.98674664	0.03581538	4.52776142	6.38478909	-3.23447674	-18.26112524	1.59404039	0.99249934	0	11.32527865	-13.09028864	-4.6522117	-72.59251098	-8.239408940000001	8.587346610000001	0	-18.06008033	7.86812934	-2.57095437	-0.1780196561473432	-0.08154592325098142	-0.05398520401613582	-0.0009590469731800555	-0.01110318941755278	-0.007761657715010195	0.1769510431149637	-0.3683147960678049	-0.08401883532562526	-0.493536223483123	-0.05589797575363514	0.1472961222515622	0.1213034755410131	0.1109944795418936	0.1028871702686047	0.08784244067800992	0.03455624732643053	0.08689203247741506	-0.02950585171239706	0.04497772700997876	0.04553857941744238	0.08076691819903584	0.07896054526374069	0.07279442587842128	0.1002913855652569	0.06430053575248329	0.0333640450790581	0.05331209377130117	-0.02573066597986939	-0.042685578236482	-0.05531863064628484	0.01002006696113114	0.01002002045528488	0.0100199930463804	0.08075414239022671	0.06475608261582216	0.0658838343612444	0.02787571567570318	0.06013713275566968	0.06386548439234074	0.05452209576876393	0.03847507600941652	0.05390109522610081	2.443782749258778	3.299070784524344	2.718735268451234	2.345082070123244	2.547277666423359	2.433171952453243	-0.5568670939009097	-2.3194529833101	-4.200757738567595	1.756901105488197	1.806427458350577	-1.983661157723229	-3.022004619562978	-0.5487732450314455	0.2136078020169876	-0.6021706638894875	2.085507312087723	0.1627684672158498	-0.09157807670817331	0.4615687059105102	0.3269901986426813	0.2606401534814937	6.251946275114877	7.114361294860645	1.263260808484857	0.5880920642768794	1.064512270397016	4.868807177926855	0.08637354926659313	0.01519527076787686	-0.002862240482930822	3.451417600427678	1.995964066078058	-0.3167772228163472	1.846022529482413	0.7279857610374156	0.6861071173023543	0.9315215872211544	0.1243308052959318	-0.2132589323193379	0.4031949483586841	0.3850481969515247	0.5578564590864747	-0.5530298655797583	-0.3437657254099371	-0.01327696251154131	0.3001712264549782	0.8668838220112115	0.2102754953150843
2.15	8.3617461	-5.17704434	1.3327542	0.61670272	0.99057429	0.03775889	1.28489937	6.81616523	-2.55883122	-15.86765124	1.64000411	1.29419179	0	12.87782458	-13.19665705	-4.85107254	-72.55672556	-6.95805624	8.515365510000001	0	-18.66042822	7.83323981	-1.5563195	-0.1869493667261526	-0.08616330412525897	-0.05736324424149669	-0.001980182960167165	-0.01257451739480775	-0.009079905367497365	0.1803750491425402	-0.3863336013255987	-0.09069018839309861	-0.5178431741605222	-0.05936473638901363	0.152879310866893	0.1257800714095715	0.1150316548075103	0.106565238297601	0.09090479697541631	0.03509462553355219	0.08978958056965264	-0.03183358450505358	0.04602506533475575	0.04664529989726368	0.08355130824614176	0.08130008858411963	0.07486165338551209	0.1038303014847859	0.06619740602861124	0.03388319305736531	0.05492890984658738	-0.02842281425096005	-0.04611983418420684	-0.05931304826692729	0.01002083194238979	0.0100207835547434	0.01002075510242459	0.08341819943901263	0.06667987203055303	0.06786171269338032	0.02804757782631523	0.06185830458531227	0.06577251312989074	0.05596854882296654	0.03916340266101209	0.05531713913587227	2.508537246915328	3.424343823143294	2.830882449655762	2.412617201323824	2.628601251881465	2.518453388099791	-0.6018261849361739	-2.437227597371463	-4.394084537842794	1.806025147414067	1.860722148122813	-2.07368813287677	-3.157602875969105	-0.5877207805080271	0.2033545087152868	-0.6464290935070647	2.149108538660398	0.1528820203150278	-0.1107841286485032	0.4611818133868191	0.3211109292353616	0.2521884265868541	6.488864697150294	7.388163017919359	1.313374490424312	0.6003117312183681	1.096904986843108	5.06247154316683	0.07109961638813989	-0.002826320353368494	-0.02159264661572635	3.573525442026877	2.059213919396574	-0.3359875798797478	1.91530996151759	0.740412806508794	0.6966743833609907	0.9495267392341171	0.107015279311101	-0.2462575856281344	0.3983886020064862	0.3775235753916348	0.5604913027069776	-0.5805948380697346	-0.3633412801386056	-0.01603746203543577	0.312220197034105	0.902555521359427	0.2185453901642465
2.167	9.14044687	-5.37214884	0.78591334	0.61656716	0.99402998	0.04028989	-2.11473057	7.1820265	-1.85457411	-13.41704696	1.47584946	1.63092182	0	14.09009164	-13.44445079	-5.19036224	-71.79098888	-5.88324165	9.01368605	0	-19.46237825	7.68708382	-0.5300726	-0.1958790773049622	-0.09078068499953657	-0.06074128446685756	-0.003001318947154274	-0.01404584537206277	-0.01039815301998454	0.183799055170117	-0.4043524065833926	-0.09736154146057197	-0.5421501248379212	-0.06283149702439211	0.1584624994822238	0.13025666727813	0.1190688300731269	0.1102433063265973	0.09396715327282268	0.03563300374067385	0.09268712866189027	-0.0341613172977101	0.04707240365953269	0.04775202037708492	0.08633569829324769	0.08363963190449863	0.07692888089260291	0.107369217404315	0.06809427630473919	0.03440234103567258	0.0565457259218736	-0.0311149625220507	-0.04955409013193179	-0.06330746588756997	0.0100215969236484	0.01002154665420188	0.01002151715846875	0.08608225648779855	0.06860366144528385	0.06983959102551629	0.02821943997692733	0.06357947641495487	0.06767954186744068	0.05741500187716908	0.03985172931260766	0.05673318304564368	2.573291744571874	3.549616861762247	2.94302963086029	2.480152332524405	2.709924837339569	2.60373482374634	-0.6467852759714372	-2.555002211432829	-4.587411337117992	1.855149189339935	1.915016837895049	-2.163715108030312	-3.293201132375233	-0.6266683159846096	0.1931012154135869	-0.6906875231246401	2.212709765233075	0.142995573414205	-0.129990180588833	0.4607949208631279	0.3152316598280418	0.2437366996922155	6.72578311918571	7.661964740978078	1.363488172363766	0.6125313981598586	1.129297703289198	5.256135908406806	0.05582568350968486	-0.02084791147461296	-0.04032305274852099	3.695633283626076	2.122463772715088	-0.3551979369431488	1.984597393552766	0.7528398519801733	0.7072416494196272	0.9675318912470789	0.08969975332626667	-0.2792562389369309	0.3935822556542892	0.3699989538317432	0.5631261463274821	-0.6081598105597108	-0.382916834867274	-0.01879796155933022	0.3242691676132318	0.9382272207076428	0.2268152850134086
2.183	9.698464230000001	-5.13606835	0.31149949	0.61632741	0.99679882	0.04144922	-4.92920848	6.87999296	-1.71977275	-11.67867028	1.70706497	2.56340799	0	15.27433936	-12.86261353	-5.42725054	-70.20257789999999	-5.02851491	8.96419594	0	-19.98813868	7.20470359	0.07225064	-0.2042835107909006	-0.09512645523415075	-0.06392061644366775	-0.003962388111377391	-0.01543062464477335	-0.01163885669291359	0.1870216490784247	-0.4213112821201397	-0.1036404619946647	-0.565027254887238	-0.06609433056357183	0.1637172652378292	0.1344699339779498	0.122868524440766	0.1137050174127114	0.0968493709644993	0.03613971264149424	0.09541423274870209	-0.03635212463197512	0.04805813384755808	0.0487936396522109	0.08895630069052385	0.08584155502956126	0.07887450678162961	0.1106999617991659	0.06987956597638906	0.0348909508976088	0.05806743516920182	-0.03364874913013594	-0.05278633102390817	-0.06706691776582185	0.01002231690600947	0.01002226486545693	0.01002223438768679	0.08858960429842055	0.07041428677679529	0.07170112357340891	0.02838119258926808	0.06519940284285375	0.06947439244395831	0.05877636945759507	0.04049956616116823	0.05806593025484025	2.634237154130977	3.667520898109496	3.048579919052787	2.543714808948483	2.786464682476611	2.683999704354857	-0.6890997145928619	-2.665848907019995	-4.769365971729943	1.901383581740754	1.966117722386565	-2.248446378763057	-3.420823020757472	-0.6633248199625683	0.1834510570119861	-0.7323425157058887	2.272569743183832	0.1336906822134321	-0.1480664647679673	0.4604307867231814	0.3096982297976236	0.2357821332031431	6.948765163454341	7.919660480327456	1.410653990659723	0.6240322611636131	1.159784965826695	5.438408252162079	0.04145021727113996	-0.03780940900049057	-0.05795167028526915	3.810558311013558	2.181993046426632	-0.3732782730028199	2.049809094291756	0.7645358947767651	0.7171873115924621	0.9844779166710431	0.07340278769348352	-0.3103137949922701	0.389058635558106	0.3629169570694941	0.5656059991467774	-0.6341033140796883	-0.4013408863766088	-0.02139607875828986	0.3356093752171158	0.9718005848000809	0.2345987154596789
2.2	9.968881	-5.16761604	-0.22438792	0.61527945	0.99831459	0.04314963	-7.26332108	6.9220415	-1.26522748	-10.1070225	1.87045606	2.83295192	0	16.7102445	-12.69987022	-5.69804573	-68.15850125	-4.28733452	9.110992599999999	0	-20.28354547	6.93154193	0.72097425	-0.2132132213697103	-0.09974383610842846	-0.06729865666902868	-0.004983524098364611	-0.01690195262202837	-0.01295710434540082	0.1904456551060014	-0.439330087377934	-0.1103118150621383	-0.589334205564638	-0.06956109119895038	0.1693004538531601	0.1389465298465083	0.1269056997063828	0.1173830854417078	0.09991172726190584	0.0366780908486159	0.09831178084093978	-0.03867985742463165	0.04910547217233507	0.04990036013203225	0.09174069073762986	0.08818109834994031	0.08094173428872048	0.1142388777186951	0.07177643625251701	0.03541009887591606	0.05968425124448812	-0.03634089740122659	-0.05622058697163324	-0.07106133538646453	0.01002308188726808	0.01002302796491544	0.01002299644373097	0.09125366134720658	0.07233807619152616	0.07367900190554494	0.02855305473988012	0.0669205746724964	0.07138142118150825	0.06022282251179761	0.0411878928127638	0.05948197416461176	2.698991651787527	3.792793936728451	3.160727100257318	2.611249940149067	2.867788267934717	2.769281140001406	-0.7340588056281252	-2.783623521081363	-4.962692771005146	1.950507623666624	2.020412412158803	-2.338473353916601	-3.556421277163602	-0.7022723554391526	0.1731977637102862	-0.7766009453234677	2.336170969756511	0.1238042353126092	-0.167272516708298	0.460043894199492	0.3038189603903039	0.2273304063085035	7.185683585489764	8.193462203386179	1.460767672599179	0.6362519281051018	1.192177682272786	5.632072617402059	0.02617628439268493	-0.05583100012173503	-0.07668207641806468	3.932666152612763	2.245242899745147	-0.3924886300662211	2.119096526326933	0.7769629402481444	0.7277545776510994	1.002483068684008	0.05608726170864919	-0.3433124483010683	0.3842522892059073	0.3553923355096043	0.5682408427672794	-0.6616682865696655	-0.4209164411052779	-0.02415657828218443	0.347658345796243	1.007472284148297	0.2428686103088412
2.217	10.54945103	-4.98222727	-0.5332871300000001	0.61497689	0.99989602	0.04433898	-10.15135019	6.71221147	-0.93383038	-8.21391805	1.9404104	3.00445186	0	17.35503173	-12.26713989	-6.00422786	-65.1701877	-3.59877524	9.15383948	0	-20.79759501	6.4645872	1.09653186	-0.2221429319485198	-0.1043612169827061	-0.0706766968943896	-0.006004660085351665	-0.01837328059928345	-0.01427535199788799	0.193869661133578	-0.4573488926357278	-0.1169831681296118	-0.6136411562420372	-0.07302785183432881	0.1748836424684909	0.1434231257150668	0.1309428749719994	0.1210611534707042	0.1029740835593122	0.03721646905573756	0.1012093289331773	-0.04100759021728823	0.05015281049711201	0.05100708061185349	0.09452508078473576	0.09052064167031926	0.0830089617958113	0.1177777936382242	0.07367330652864496	0.03592924685422327	0.06130106731977431	-0.03903304567231725	-0.05965484291935808	-0.07505575300710698	0.0100238468685267	0.01002379106437395	0.01002375849977516	0.09391771839599244	0.07426186560625703	0.07565688023768086	0.02872491689049217	0.068641746502139	0.07328844991905825	0.06166927556600021	0.04187621946435943	0.06089801807438316	2.763746149444074	3.918066975347403	3.272874281461847	2.678785071349647	2.949111853392822	2.854562575647956	-0.7790178966633885	-2.901398135142727	-5.156019570280346	1.999631665592492	2.07470710193104	-2.428500329070143	-3.69201953356973	-0.7412198909157341	0.1629444704085863	-0.8208593749410422	2.399772196329188	0.1139177884117872	-0.1864785686486279	0.459657001675799	0.2979396909829841	0.218878679413864	7.422602007525184	8.467263926444895	1.510881354538633	0.6484715950465905	1.224570398718877	5.825736982642034	0.01090235151422903	-0.07385259124298038	-0.09541248255085932	4.05477399421196	2.308492753063662	-0.4116989871296219	2.18838395836211	0.7893899857195219	0.7383218437097359	1.02048822069697	0.03877173572381487	-0.3763111016098666	0.3794459428537102	0.3478677139497144	0.5708756863877831	-0.6892332590596417	-0.4404919958339462	-0.02691707780607888	0.3597073163753698	1.043143983496513	0.2511385051580033
2.233	11.04396499	-4.8130655	-0.64207705	0.61380722	1.00078487	0.04549175	-12.80813815	6.54908265	-0.81032228	-6.45752012	1.98252997	3.21017946	0	17.89716027	-11.8545157	-6.28540315	-61.47975136	-3.11814891	8.8806593	0	-21.32571947	6.04139851	1.27480279	-0.2305473654344583	-0.1087069872173203	-0.07385602887119974	-0.006965729249574892	-0.01975805987199403	-0.01551605567081704	0.1970922550418857	-0.474307768172475	-0.1232620886637046	-0.6365182862913541	-0.07629068537350864	0.1801384082240963	0.1476363924148865	0.1347425693396385	0.1245228645568183	0.1058563012509888	0.03772317795655789	0.1039364330199891	-0.04319839755155325	0.0511385406851374	0.05204869988697941	0.09714568318201194	0.09272256479538193	0.08495458768483799	0.1211085380330751	0.07545859620029477	0.03641785671615955	0.0628227765671025	-0.04156683228040248	-0.06288708381133457	-0.07881520488535887	0.01002456685088776	0.01002450927562901	0.0100244757289932	0.09642506620661451	0.07607249093776841	0.07751841278557348	0.02888666950283297	0.07026167293003793	0.07508330049557582	0.06303064314642615	0.04252405631292	0.06223076528357979	2.824691559003178	4.035971011694652	3.378424569654343	2.742347547773724	3.025651698529863	2.934827456256473	-0.8213323352848132	-3.012244830729895	-5.337974204892297	2.045866057993312	2.125807986422556	-2.513231599802888	-3.819641421951968	-0.7778763948936938	0.1532943120069863	-0.8625143675222908	2.459632174279943	0.1046128972110125	-0.2045548528277612	0.4592928675358543	0.2924062609525677	0.2109241129247934	7.645584051793811	8.724959665794275	1.558047172834591	0.6599724580503459	1.255057661256373	6.008009326397305	-0.003473114724314996	-0.09081408876885888	-0.1130411000876084	4.169699021599442	2.368022026775206	-0.4297793231892935	2.253595659101099	0.8010860285161137	0.7482675058825716	1.037434246120936	0.02247477009103171	-0.407368657665204	0.3749223227575236	0.3407857171874653	0.5733555392070802	-0.7151767625796193	-0.4589160473432812	-0.02951519500503841	0.3710475239792538	1.076717347588952	0.2589219356042736
2.25	11.16045384	-4.68170487	-0.76636976	0.61254021	1.00057352	0.0464051	-14.83763279	6.39191762	-0.75455745	-5.10818923	2.21483091	3.59307629	0	18.48689331	-11.44988442	-6.62848655	-57.07845378	-2.72114269	8.3334972	0	-21.42110326	5.70220211	1.46564877	-0.2394770760132678	-0.1133243680915977	-0.07723406909656055	-0.007986865236561946	-0.02122938784924899	-0.01683430332330421	0.2005162610694624	-0.4923265734302689	-0.1299334417311779	-0.6608252369687531	-0.07975744600888712	0.1857215968394271	0.1521129882834449	0.1387797446052552	0.1282009325858147	0.1089186575483952	0.0382615561636796	0.1068339811122268	-0.04552613034420977	0.05218587900991434	0.05315542036680071	0.0999300732291179	0.09506210811576082	0.08702181519192886	0.1246474539526042	0.07735546647642272	0.03693700469446676	0.06443959264238874	-0.04425898055149313	-0.06632133975905952	-0.08280962250600155	0.01002533183214638	0.01002527237508749	0.01002523778503739	0.09908912325540042	0.07799628035249923	0.07949629111770945	0.02905853165344502	0.07198284475968053	0.07699032923312582	0.06447709620062875	0.04321238296451557	0.06364680919335119	2.889446056659722	4.161244050313606	3.490571750858871	2.809882678974306	3.106975283987968	3.02010889190302	-0.8662914263200765	-3.130019444791258	-5.531301004167496	2.09499009991918	2.180102676194791	-2.60325857495643	-3.955239678358096	-0.8168239303702753	0.1430410187052864	-0.9067727971398671	2.52323340085262	0.09472645031019056	-0.223760904768092	0.4589059750121613	0.286526991545248	0.2024723860301538	7.882502473829231	8.998761388852991	1.608160854774045	0.6721921249918346	1.287450377702465	6.20167369163728	-0.01874704760276913	-0.1088356798901007	-0.1317715062204012	4.291806863198641	2.431271880093719	-0.4489896802526943	2.322883091136275	0.8135130739874938	0.7588347719412081	1.055439398133899	0.005159244106197391	-0.4403673109740023	0.3701159764053266	0.3332610956275754	0.5759903828275839	-0.7427417350695953	-0.4784916020719496	-0.03227569452893286	0.3830964945583806	1.112389046937167	0.2671918304534358
2.267	11.19105579	-4.56474165	-1.01738759	0.61070237	0.99974027	0.04710517	-16.57482295	6.20531522	-0.49181052	-4.09620952	2.61910204	3.76591575	0	18.90029726	-11.1429937	-7.35168775	-52.12038222	-2.73369294	7.48895542	0	-21.5071622	5.36175737	1.67543692	-0.2484067865920773	-0.1179417489658753	-0.08061210932192148	-0.009008001223549111	-0.02270071582650396	-0.01815255097579138	0.2039402670970389	-0.5103453786880626	-0.1366047947986513	-0.6851321876461522	-0.08322420664426561	0.1913047854547579	0.1565895841520034	0.1428169198708718	0.1318790006148109	0.1119810138458016	0.03879993437080126	0.1097315292044643	-0.04785386313686624	0.05323321733469127	0.05426214084662201	0.1027144632762237	0.09740165143613982	0.08908904269901963	0.1281863698721333	0.07925233675255067	0.03745615267277397	0.06605640871767493	-0.04695112882258368	-0.06975559570678447	-0.086804040126644	0.01002609681340499	0.010026035474546	0.01002599984108155	0.1017531803041863	0.0799200697672301	0.08147416944984537	0.02923039380405706	0.07370401658932307	0.07889735797067576	0.06592354925483129	0.04390070961611114	0.0650628531031226	2.954200554316269	4.286517088932557	3.602718932063399	2.877417810174887	3.188298869446072	3.10539032754957	-0.9112505173553416	-3.247794058852621	-5.724627803442694	2.144114141845048	2.234397365967029	-2.693285550109972	-4.090837934764224	-0.8557714658468578	0.1327877254035847	-0.9510312267574452	2.586834627425297	0.08484000340936859	-0.2429669567084218	0.4585190824884702	0.2806477221379282	0.1940206591355143	8.119420895864646	9.272563111911705	1.658274536713499	0.6844117919333241	1.319843094148554	6.395338056877256	-0.03402098048122504	-0.126857271011346	-0.1505019123531977	4.413914704797842	2.494521733412235	-0.4682000373160946	2.392170523171451	0.8259401194588722	0.7694020379998463	1.073444550146862	-0.01215628187863516	-0.4733659642827988	0.3653096300531296	0.3257364740676856	0.5786252264480858	-0.770306707559572	-0.4980671568006176	-0.03503619405282743	0.3951454651375074	1.148060746285383	0.2754617253025978
2.283	10.81736616	-4.69500959	-1.26523667	0.60830479	0.99792068	0.04826203	-17.65104745	6.33230169	-0.01746482	-3.47396151	3.07008267	3.52676182	0	19.47548045	-11.13012679	-8.15916945	-46.61900981	-2.88403023	6.5716167	0	-21.22321902	5.25076587	1.61781343	-0.2568112200780156	-0.1222875192004894	-0.08379144129873162	-0.009969070387772283	-0.02408549509921448	-0.01939325464872049	0.2071628610053464	-0.5273042542248099	-0.1428837153327442	-0.7080093176954692	-0.08648704018344527	0.1965595512103633	0.1608028508518231	0.1466166142385109	0.1353407117009251	0.1148632315374782	0.03930664327162159	0.1124586332912761	-0.05004467047113126	0.05421894752271667	0.05530376012174792	0.1053350656735	0.0996035745612025	0.09103466858804626	0.1315171142669842	0.08103762642420048	0.03794476253471024	0.06757811796500313	-0.04948491543066902	-0.07298783659876085	-0.09056349200489588	0.01002681679576606	0.01002675368580105	0.01002671707029959	0.1042605281148084	0.08173069509874153	0.08333570199773804	0.02939214641639776	0.07532394301722201	0.08069220854719333	0.06728491683525722	0.04454854646467166	0.06639560031231928	3.015145963875376	4.404421125279807	3.708269220255896	2.940980286598963	3.264838714583114	3.185655208158087	-0.9535649559767645	-3.358640754439789	-5.906582438054645	2.190348534245866	2.285498250458545	-2.778016820842717	-4.218459823146462	-0.8924279698248174	0.1231375670019847	-0.9926862193386921	2.646694605376053	0.07553511220859477	-0.261043240887556	0.4581549483485254	0.27511429210751	0.1860660926464419	8.342402940133278	9.530258851261088	1.705440355009456	0.6959126549370787	1.350330356686052	6.577610400632529	-0.04839644671976906	-0.1438187685372245	-0.1681305298899467	4.528839732185324	2.554051007123777	-0.4862803733757661	2.45738222391044	0.837636162255464	0.7793477001726803	1.090390575570826	-0.02845324751142009	-0.504423520338138	0.3607860099569447	0.3186544773054365	0.5811050792673829	-0.7962502110795495	-0.5164912083099527	-0.03763431125178696	0.4064856727413915	1.181634110377821	0.2832451557488681
2.3	10.57007792	-4.71842172	-1.18892013	0.60655897	0.99590232	0.04866199	-18.93927479	6.4037266	-0.06128097	-2.7490905	3.42098786	3.44942196	0	19.62816203	-10.80266727	-8.753797929999999	-40.6239309	-3.18063672	5.81468535	0	-21.05555009	5.11644867	1.5404379	-0.2657409306568251	-0.1269049000747671	-0.08716948152409254	-0.01099020637475934	-0.02555682307646956	-0.02071150230120766	0.2105868670329234	-0.5453230594826036	-0.1495550684002174	-0.7323162683728681	-0.08995380081882376	0.202142739825694	0.1652794467203816	0.1506537895041275	0.1390187797299214	0.1179255878348847	0.03984502147874336	0.1153561813835137	-0.05237240326378778	0.0552662858474936	0.05641048060156917	0.1081194557206059	0.1019431178815815	0.09310189609513719	0.1350560301865134	0.08293449670032843	0.03846391051301745	0.06919493404028937	-0.05217706370175967	-0.0764220925464858	-0.09455790962553856	0.01002758177702467	0.01002751678525957	0.01002747912634377	0.1069245851635943	0.08365448451347235	0.08531358032987396	0.0295640085670098	0.0770451148468646	0.08259923728474333	0.06873136988945977	0.04523687311626728	0.06781164422209074	3.079900461531921	4.529694163898759	3.820416401460424	3.008515417799543	3.346162300041218	3.270936643804633	-0.9985240470120296	-3.476415368501153	-6.099909237329843	2.239472576171735	2.339792940230781	-2.868043795996258	-4.35405807955259	-0.9313755053013981	0.1128842737002849	-1.03694464895627	2.710295831948729	0.06564866530777103	-0.2802492928278859	0.4577680558248343	0.2692350227001903	0.1776143657518023	8.579321362168693	9.804060574319804	1.755554036948911	0.7081323218785682	1.382723073132142	6.771274765872504	-0.06367037959822319	-0.1618403596584699	-0.1868609360227413	4.650947573784523	2.617300860442292	-0.5054907304391669	2.526669655945616	0.8500632077268424	0.7899149662313167	1.10839572758379	-0.04576877349625263	-0.5374221736469345	0.3559796636047476	0.3111298557455449	0.5837399228878848	-0.8238151835695255	-0.5360667630386211	-0.04039481077568152	0.4185346433205183	1.217305809726037	0.2915150505980302
2.317	9.729387490000001	-4.96497612	-1.81479599	0.60429585	0.99275234	0.04965828	-19.61494953	6.46581044	1.19993025	-1.93773788	3.71282487	3.00734973	0	20.03214938	-10.88337608	-10.02017177	-34.33661641	-3.45193337	5.47589808	0	-20.27976695	5.04874321	2.34209071	-0.2746706412356349	-0.1315222809490447	-0.09054752174945335	-0.0120113423617465	-0.02702815105372469	-0.02202974995369489	0.2140108730604999	-0.5633418647403979	-0.1562264214676912	-0.756623219050268	-0.0934205614542023	0.207725928441025	0.1697560425889401	0.1546909647697443	0.1426968477589178	0.1209879441322911	0.04038339968586491	0.1182537294757514	-0.05470013605644442	0.05631362417227059	0.05751720108139052	0.1109038457677118	0.1042826612019605	0.09516912360222807	0.1385949461060426	0.08483136697645643	0.03898305849132477	0.07081175011557561	-0.05486921197285033	-0.07985634849421075	-0.09855232724618124	0.01002834675828329	0.01002827988471805	0.01002824118238796	0.1095886422123802	0.08557827392820327	0.08729145866200988	0.02973587071762185	0.07876628667650731	0.08450626602229333	0.07017782294366237	0.04592519976786291	0.06922768813186209	3.144654959188468	4.654967202517714	3.932563582664955	3.076050549000126	3.427485885499326	3.356218079451185	-1.043483138047295	-3.59418998256252	-6.293236036605046	2.288596618097607	2.394087630003019	-2.958070771149803	-4.48965633595872	-0.9703230407779815	0.102630980398585	-1.081203078573846	2.773897058521408	0.05576221840694906	-0.2994553447682158	0.4573811633011431	0.2633557532928705	0.1691626388571628	8.816239784204118	10.07786229737853	1.805667718888366	0.7203519888200569	1.415115789578234	6.964939131112485	-0.0789443124766791	-0.1798619507797135	-0.205591342155536	4.773055415383723	2.680550713760809	-0.5247010875025682	2.595957087980794	0.8624902531982226	0.8004822322899532	1.126400879596751	-0.06308429948108518	-0.5704208269557345	0.3511733172525506	0.303605234185655	0.5863747665083867	-0.8513801560595027	-0.55564231776729	-0.04315531029957587	0.4305836138996453	1.252977509074253	0.2997849454471926
2.333	9.068789410000001	-5.21583716	-1.68579654	0.60243424	0.98930838	0.04974273	-20.30603467	6.75902371	1.2636061	-1.5708384	4.22619156	3.05505101	0	20.25814426	-10.6893593	-10.5743099	-27.98384757	-3.59423066	6.08551864	0	-19.65053798	5.21471266	2.17068551	-0.2830750747215732	-0.135868051183659	-0.09372685372626366	-0.01297241152596973	-0.02841293032643522	-0.02327045362662394	0.2172334669688079	-0.5803007402771452	-0.1625053420017837	-0.7795003490995851	-0.09668339499338197	0.2129806941966303	0.1739693092887599	0.1584906591373834	0.1461585588450319	0.1238701618239678	0.0408901085866854	0.1209808335625632	-0.05689094339070944	0.05729935436029598	0.05855882035651644	0.1135244481649881	0.1064845843270231	0.09711474949125476	0.1419256905008934	0.08661665664810625	0.03947166835326094	0.07233345936290386	-0.05740299858093567	-0.08308858938618724	-0.102311779124433	0.01002906674064435	0.01002899809597313	0.010028958411606	0.1120959900230023	0.0873888992597146	0.08915299120990261	0.02989762332996271	0.08038621310440619	0.0863011165988109	0.0715391905240883	0.04657303661642354	0.07056043534105871	3.205600368747572	4.772871238864963	4.038113870857452	3.139613025424204	3.504025730636368	3.436482960059703	-1.085797576668719	-3.705036678149686	-6.475190671216997	2.334831010498423	2.445188514494534	-3.042802041882547	-4.617278224340959	-1.00697954475594	0.09298082199698499	-1.122858071155095	2.833757036472162	0.04645732720617701	-0.31753162894735	0.4570170291611966	0.2578223232624524	0.1612080723680904	9.039221828472748	10.33555803672791	1.852833537184323	0.7318528518238114	1.445603052115731	7.147211474867755	-0.09331977871522312	-0.196823448305592	-0.223219959692285	4.887980442771207	2.740079987472351	-0.5427814235622397	2.661168788719784	0.8741862959948143	0.810427894462789	1.143346905020717	-0.07938126511387011	-0.6014783830110719	0.346649697156364	0.2965232374234059	0.5888546193276838	-0.8773236595794802	-0.5740663692766246	-0.04575342749853561	0.4419238215035294	1.286550873166691	0.3075683758934628
2.35	8.51691108	-5.18672628	-1.79402619	0.60045475	0.98601827	0.04921926	-21.07200376	6.59323726	0.76407218	-1.20780965	4.95882869	4.19380345	0	19.84722525	-10.05801829	-11.11105456	-21.10559112	-3.82104796	7.06932641	0	-19.22880901	5.06929832	2.10378768	-0.2920047853003828	-0.1404854320579365	-0.09710489395162447	-0.01399354751295678	-0.02988425830369024	-0.02458870127911117	0.2206574729963844	-0.5983195455349389	-0.1691766950692573	-0.8038072997769838	-0.1001501556287605	0.2185638828119612	0.1784459051573183	0.1625278344030001	0.1498366268740282	0.1269325181213742	0.04142848679380695	0.1238783816548009	-0.05921867618336596	0.05834669268507287	0.05966554083633768	0.1163088382120939	0.1088241276474021	0.09918197699834552	0.1454646064204225	0.0885135269242342	0.0399908163315682	0.07395027543819005	-0.06009514685202622	-0.08652284533391208	-0.1063061967450756	0.01002983172190297	0.01002976119543161	0.01002972046765019	0.1147600470717882	0.08931268867444553	0.09113086954203853	0.03006948548057475	0.08210738493404879	0.0882081453363609	0.07298564357829096	0.047261363268019	0.07197647925083023	3.270354866404119	4.898144277483915	4.15026105206198	3.207148156624783	3.58534931609447	3.521764395706251	-1.130756667703983	-3.822811292211052	-6.668517470492196	2.383955052424295	2.499483204266772	-3.132829017036089	-4.752876480747086	-1.045927080232524	0.0827275286952851	-1.167116500772671	2.897358263044842	0.03657088030535327	-0.3367376808876799	0.4566301366375054	0.2519430538551326	0.1527563454734508	9.276140250508163	10.60935975978662	1.902947219123778	0.744072518765301	1.477995768561822	7.340875840107731	-0.1085937115936773	-0.2148450394268355	-0.2419503658250797	5.010088284370404	2.803329840790866	-0.5619917806256405	2.730456220754959	0.8866133414661928	0.8209951605214272	1.16135205703368	-0.09669679109870266	-0.6344770363198702	0.3418433508041669	0.2889986158635161	0.5914894629481875	-0.9048886320694565	-0.5936419240052935	-0.04851392702242996	0.4539727920826562	1.322222572514907	0.315838270742625
2.367	8.15351879	-5.3093128	-1.85818906	0.5991117	0.9828042299999999	0.04834787	-22.23891001	6.5615589	0.9936199999999999	-0.54700366	5.25697201	4.41921909	0	19.1371686	-9.544855460000001	-11.27339273	-14.54909449	-3.98997082	8.51798698	0	-18.98977886	5.03015256	1.74455945	-0.3009344958791923	-0.1451028129322141	-0.1004829341769854	-0.01501468349994395	-0.03135558628094515	-0.02590694893159828	0.2240814790239609	-0.6163383507927328	-0.1758480481367308	-0.828114250454383	-0.1036169162641389	0.2241470714272919	0.1829225010258768	0.1665650096686166	0.1535146949030246	0.1299948744187805	0.04196686500092872	0.1267759297470384	-0.06154640897602248	0.05939403100984986	0.06077226131615909	0.1190932282591999	0.1111636709677811	0.1012492045054364	0.1490035223399516	0.0904103972003622	0.04050996430987541	0.07556709151347629	-0.06278729512311687	-0.08995710128163703	-0.1103006143657183	0.01003059670316164	0.01003052429489013	0.01003048252369435	0.1174241041205741	0.09123647808917634	0.09310874787417445	0.0302413476311868	0.08382855676369133	0.09011517407391084	0.07443209663249351	0.04794968991961468	0.07339252316060157	3.335109364060667	5.023417316102867	4.262408233266509	3.274683287825368	3.666672901552575	3.607045831352799	-1.175715758739246	-3.940585906272416	-6.861844269767394	2.433079094350164	2.553777894039007	-3.222855992189631	-4.888474737153215	-1.084874615709106	0.07247423539358344	-1.211374930390249	2.960959489617519	0.0266844334045313	-0.3559437328280097	0.4562432441138142	0.2460637844478128	0.1443046185788113	9.513058672543583	10.88316148284534	1.953060901063232	0.7562921857067897	1.510388485007911	7.534540205347707	-0.1238676444721332	-0.2328666305480809	-0.2606807719578743	5.132196125969603	2.86657969410938	-0.5812021376890408	2.799743652790136	0.8990403869375712	0.8315624265800636	1.179357209046643	-0.114012317083537	-0.6674756896286684	0.3370370044519699	0.2814739943036262	0.5941243065686912	-0.9324536045594329	-0.6132174787339615	-0.05127442654632453	0.466021762661783	1.357894271863123	0.3241081655917871
2.383	7.92926042	-5.17805791	-1.98376946	0.5982165	0.9795421	0.0470686	-23.3627281	6.20553726	0.6223738599999999	-0.3149363	5.94748254	5.25408474	0	18.02740061	-8.68573604	-10.66559989	-8.25223634	-4.49992274	9.11915437	0	-18.77514718	4.80694155	1.37779055	-0.3093389293651306	-0.1494485831668283	-0.1036622661537955	-0.01597575266416706	-0.03274036555365578	-0.02714765260452745	0.2273040729322688	-0.6332972263294798	-0.1821269686708233	-0.8509913805037002	-0.1068797498033188	0.2294018371828974	0.1871357677256965	0.1703647040362558	0.1569764059891387	0.1328770921104571	0.042473573901749	0.1295030338338502	-0.06373721631028739	0.06037976119787525	0.06181388059128495	0.1217138306564761	0.1133655940928436	0.1031948303944631	0.1523342667348025	0.09219568687201202	0.04099857417181163	0.07708880076080449	-0.0653210817312021	-0.09318934217361341	-0.1140600662439701	0.01003131668552265	0.01003124250614518	0.01003119975291239	0.1199314519311961	0.09304710342068773	0.09497028042206707	0.03040310024352755	0.08544848319159032	0.09191002465042841	0.07579346421291944	0.04859752676817519	0.07472527036979826	3.39605477361977	5.141321352450116	4.367958521459006	3.338245764249443	3.743212746689617	3.687310711961317	-1.218030197360671	-4.051432601859583	-7.043798904379345	2.47931348675098	2.604878778530525	-3.307587262922376	-5.016096625535453	-1.121531119687065	0.06282407699198345	-1.253029922971496	3.020819467568273	0.01737954220375748	-0.3740200170071457	0.4558791099738695	0.2405303544173965	0.1363500520897407	9.736040716812211	11.14085722219472	2.00022671935919	0.7677930487105451	1.540875747545408	7.716812549102977	-0.138243110710679	-0.2498281280739576	-0.2783093894946216	5.247121153357087	2.926108967820923	-0.5992824737487124	2.864955353529125	0.9107364297341629	0.8415080887528976	1.196303234470607	-0.1303092827163201	-0.6985332456840059	0.332513384355785	0.2743919975413753	0.5966041593879883	-0.9583971080794105	-0.6316415302432969	-0.05387254374528405	0.477361970265667	1.391467635955561	0.3318915960380574
2.4	7.92114627	-5.17945079	-2.12834864	0.59802028	0.97649689	0.0460696	-24.97052208	5.95425449	0.76027163	0.382907	6.0576321	5.61512073	0	16.89132394	-8.17824296	-9.80987152	-3.37605307	-4.84381646	9.719141580000001	0	-18.77533122	4.58774159	1.59170392	-0.3182686399439402	-0.1540659640411058	-0.1070403063791564	-0.01699688865115423	-0.03421169353091069	-0.02846590025701456	0.2307280789598454	-0.6513160315872737	-0.1887983217382969	-0.8752983311810993	-0.1103465104386971	0.2349850257982281	0.1916123635942549	0.1744018793018724	0.160654474018135	0.1359394484078636	0.04301195210887065	0.1324005819260878	-0.06606494910294403	0.06142709952265213	0.06292060107110625	0.124498220703582	0.1157051374132226	0.105262057901554	0.1558731826543316	0.09409255714813991	0.04151772215011884	0.07870561683609067	-0.06801323000229265	-0.09662359812133847	-0.1180544838646126	0.01003208166678127	0.01003200560560369	0.01003196180895655	0.1225955089799821	0.09497089283541865	0.09694815875420298	0.03057496239413959	0.08716965502123286	0.09381705338797841	0.07723991726712198	0.04928585341977088	0.07614131427956961	3.460809271276315	5.266594391069067	4.480105702663533	3.405780895450025	3.824536332147719	3.772592147607865	-1.262989288395934	-4.169207215920947	-7.237125703654543	2.52843752867685	2.659173468302761	-3.397614238075918	-5.151694881941581	-1.160478655163647	0.05257078369028356	-1.297288352589074	3.084420694140949	0.007493095302935515	-0.3932260689474738	0.4554922174501783	0.2346510850100767	0.1278983251951011	9.97295913884763	11.41465894525343	2.050340401298644	0.7800127156520329	1.573268463991499	7.910476914342953	-0.1535170435891331	-0.267849719195203	-0.297039795627418	5.369228994956286	2.989358821139438	-0.6184928308121131	2.934242785564302	0.9231634752055413	0.8520753548115358	1.214308386483571	-0.1476248087011545	-0.7315318989928041	0.327707038003588	0.2668673759814872	0.5992390030084902	-0.9859620805693867	-0.651217084971965	-0.05663304326917862	0.4894109408447939	1.427139335303776	0.3401614908872195
2.417	8.274575479999999	-4.96617199	-2.28296799	0.59862902	0.97397482	0.04491185	-26.58016536	5.47860911	-0.12286514	0.22261411	6.65863847	6.80354141	0	15.68771239	-7.65260439	-9.110717989999999	-0.31680679	-4.88257416	10.6146515	0	-19.11304817	4.16645642	1.65221287	-0.3271983505227497	-0.1586833449153834	-0.1104183466045172	-0.01801802463814128	-0.03568302150816571	-0.02978414790950168	0.2341520849874219	-0.6693348368450673	-0.1954696748057705	-0.8996052818584981	-0.1138132710740757	0.2405682144135589	0.1960889594628134	0.178439054567489	0.1643325420471313	0.1390018047052699	0.04355033031599242	0.1352981300183254	-0.06839268189560055	0.06247443784742912	0.0640273215509275	0.1272826107506879	0.1180446807336016	0.1073292854086447	0.1594120985738607	0.09598942742426786	0.04203687012842616	0.08032243291137692	-0.07070537827338352	-0.1000578540690634	-0.1220489014852552	0.01003284664803988	0.01003276870506215	0.01003272386500076	0.125259566028768	0.09689468225014947	0.0989260370863389	0.03074682454475164	0.08889082685087546	0.09572408212552835	0.07868637032132464	0.04997418007136634	0.07755735818934095	3.525563768932862	5.39186742968802	4.592252883868062	3.473316026650608	3.905859917605827	3.857873583254413	-1.307948379431199	-4.286981829982311	-7.430452502929741	2.57756157060272	2.713468158074996	-3.48764121322946	-5.287293138347708	-1.19942619064023	0.04231749038858368	-1.341546782206651	3.14802192071363	-0.002393351597886451	-0.4124321208878055	0.4551053249264854	0.2287718156027569	0.1194465983004616	10.20987756088305	11.68846066831215	2.100454083238098	0.7922323825935234	1.605661180437591	8.10414127958293	-0.1687909764675872	-0.2858713103164465	-0.3157702017602126	5.491336836555483	3.052608674457952	-0.6377031878755139	3.003530217599478	0.9355905206769215	0.8626426208701723	1.232313538496534	-0.1649403346859888	-0.7645305523016006	0.322900691651391	0.2593427544215956	0.6018738466289921	-1.013527053059363	-0.670792639700633	-0.05939354279307296	0.5014599114239207	1.462811034651992	0.3484313857363817
2.433	8.46750318	-4.96102325	-2.28932804	0.59842432	0.97109143	0.044019	-27.98949614	5.2759361	-0.50402344	0.17877019	7.04774781	7.71562815	0	15.65590823	-7.53355686	-8.080230419999999	-0.07232706	-4.41247503	11.41749843	0	-19.29676262	3.88612156	1.36815787	-0.3356027840086881	-0.1630291151499976	-0.1135976785813275	-0.01897909380236451	-0.03706780078087635	-0.03102485158243085	0.2373746788957298	-0.6862937123818147	-0.2017485953398628	-0.9224824119078152	-0.1170761046132555	0.2458229801691643	0.2003022261626331	0.1822387489351282	0.1677942531332455	0.1418840223969465	0.0440570392168127	0.1380252341051372	-0.07058348922986557	0.06346016803545451	0.06506894082605341	0.1299032131479641	0.1202466038586643	0.1092749112976714	0.1627428429687116	0.09777471709591767	0.04252547999036227	0.08184414215870511	-0.07323916488146875	-0.1032900949610398	-0.125808353363507	0.01003356663040095	0.01003348691631722	0.01003344109421883	0.12776691383939	0.09870530758166085	0.1007875696342316	0.03090857715709239	0.09051075327877434	0.09751893270204598	0.08004773790175057	0.05062201691992696	0.07889010539853769	3.586509178491969	5.509771466035269	4.697803172060558	3.536878503074686	3.982399762742865	3.938138463862929	-1.350262818052622	-4.397828525569476	-7.612407137541693	2.623795963003536	2.764569042566512	-3.572372483962204	-5.414915026729947	-1.236082694618188	0.03266733198698368	-1.383201774787899	3.207881898664384	-0.01169824279866027	-0.4305084050669379	0.4547411907865406	0.2232383855723388	0.1114920318113892	10.43285960515168	11.94615640766153	2.147619901534056	0.803733245597277	1.636148442975087	8.286413623338202	-0.183166442706133	-0.302832807842325	-0.3333988192969599	5.606261863942965	3.112137948169497	-0.6557835239351855	3.068741918338468	0.9472865634735133	0.8725882830430063	1.249259563920498	-0.1812373003187719	-0.7955881083569398	0.3183770715552043	0.2522607576593465	0.6043536994482892	-1.039470556579341	-0.6892166912099684	-0.06199165999203271	0.5128001190278048	1.496384398744431	0.3562148161826518
2.45	8.54122538	-4.93777837	-2.50176954	0.59884665	0.9687595	0.04303999	-28.81535249	4.9393143	-0.86150805	-0.76795955	7.5177079	8.616433369999999	0	16.23281524	-7.47033232	-7.37184805	-1.86205041	-3.98125314	11.87214698	0	-19.37846968	3.58056812	1.47570014	-0.3445324945874978	-0.1676464960242752	-0.1169757188066883	-0.02000022978935156	-0.03853912875813137	-0.03234309923491796	0.2407986849233064	-0.704312517639609	-0.2084199484073368	-0.9467893625852148	-0.120542865248634	0.2514061687844952	0.2047788220311916	0.186275924200745	0.1714723211622419	0.1449463786943531	0.04459541742393436	0.1409227821973749	-0.0729112220225222	0.0645075063602315	0.06617566130587482	0.1326876031950701	0.1225861471790433	0.1113421388047623	0.1662817588882409	0.09967158737204573	0.04304462796866959	0.08346095823399136	-0.07593131315255941	-0.1067243509087648	-0.1298027709841498	0.01003433161165956	0.01003425001577574	0.01003420315026299	0.130430970888176	0.1006290969963918	0.1027654479663676	0.03108043930770443	0.09223192510841705	0.09942596143959592	0.08149419095595312	0.05131034357152253	0.08030614930830915	3.651263676148517	5.635044504654225	4.809950353265089	3.604413634275268	4.063723348200973	4.023419899509481	-1.395221909087889	-4.515603139630846	-7.805733936816896	2.672920004929409	2.818863732338752	-3.662399459115749	-5.550513283136079	-1.275030230094771	0.0224140386852838	-1.427460204405476	3.271483125237062	-0.02158468969948224	-0.4497144570072695	0.4543542982628495	0.217359116165019	0.1030403049167496	10.6697780271871	12.21995813072025	2.197733583473511	0.8159529125387674	1.668541159421178	8.480077988578181	-0.1984403755845889	-0.3208543989635686	-0.3521292254297563	5.728369705542168	3.175387801488011	-0.6749938809985863	3.138029350373645	0.9597136089448917	0.8831555491016445	1.267264715933463	-0.1985528263036063	-0.8285867616657399	0.3135707252030073	0.2447361360994567	0.6069885430687929	-1.067035529069317	-0.7087922459386373	-0.06475215951592705	0.5248490896069318	1.532056098092647	0.3644847110318142
2.467	8.653933520000001	-4.59554234	-2.81301509	0.59948054	0.96686264	0.04153453	-29.38880097	4.18500273	-1.28537905	-2.23381357	8.02986372	9.543476930000001	0	17.03181778	-6.95681604	-7.16936964	-4.86930359	-4.25708611	11.35640019	0	-19.39814723	2.92811575	1.73073561	-0.3534622051663074	-0.1722638768985528	-0.1203537590320493	-0.02102136577633873	-0.04001045673538628	-0.03366134688740519	0.2442226909508833	-0.7223313228974027	-0.2150913014748099	-0.971096313262614	-0.1240096258840124	0.2569893573998259	0.2092554178997502	0.1903130994663616	0.1751503891912382	0.1480087349917595	0.04513379563105602	0.1438203302896125	-0.07523895481517862	0.06555484468500838	0.06728238178569612	0.135471993242176	0.1249256904994223	0.1134093663118531	0.1698206748077699	0.1015684576481737	0.0435637759469768	0.0850777743092776	-0.07862346142364984	-0.1101586068564895	-0.1337971886047924	0.01003509659291818	0.01003501311523425	0.0100349652063072	0.1330950279369619	0.1025528864111226	0.1047433262985035	0.03125230145831648	0.09395309693805964	0.1013329901771459	0.08294064401015566	0.0519986702231181	0.0817221932180805	3.716018173805061	5.760317543273176	4.922097534469618	3.671948765475847	4.145046933659081	4.108701335156029	-1.440181000123152	-4.633377753692209	-7.999060736092094	2.722044046855274	2.873158422110988	-3.752426434269291	-5.686111539542206	-1.313977765571352	0.01216074538358214	-1.471718634023052	3.335084351809737	-0.03147113660030598	-0.4689205089475994	0.4539674057391583	0.2114798467576993	0.09458857802211007	10.90669644922252	12.49375985377897	2.247847265412966	0.8281725794802561	1.700933875867269	8.673742353818156	-0.2137143084630431	-0.3388759900848139	-0.370859631562551	5.850477547141367	3.238637654806528	-0.6942042380619871	3.207316782408821	0.9721406544162701	0.893722815160281	1.285269867946425	-0.2158683522884388	-0.8615854149745363	0.3087643788508103	0.2372115145395668	0.6096233866892948	-1.094600501559294	-0.7283678006673053	-0.06751265903982162	0.5368980601860586	1.567727797440863	0.3727546058809763
2.483	8.277991760000001	-4.52673047	-2.8463573	0.60098957	0.96488574	0.03951596	-29.41693008	3.83031402	-1.41176721	-3.69677962	7.95234735	9.92542497	0	18.49455679	-6.62629786	-6.83380605	-8.503187560000001	-5.06816623	10.33987565	0	-18.98212898	2.70549642	1.4450646	-0.3618666386522457	-0.176609647133167	-0.1235330910088595	-0.02198243494056185	-0.04139523600809691	-0.03490205056033424	0.2474452848591908	-0.73929019843415	-0.2213702220089027	-0.9939734433119312	-0.1272724594231922	0.2622441231554314	0.2134686845995698	0.1941127938340007	0.1786121002773523	0.1508909526834361	0.04564050453187651	0.1465474343764243	-0.07742976214944364	0.06654057487303378	0.06832400106082204	0.1380925956394521	0.1271276136244848	0.1153549922008799	0.1731514192026208	0.1033537473198235	0.04405238580891302	0.08659948355660579	-0.0811572480317353	-0.1133908477484662	-0.1375566404830442	0.01003581657527924	0.01003573132648927	0.01003568243552522	0.1356023757475839	0.104363511742634	0.1066048588463963	0.03141405407065723	0.09557302336595852	0.1031278407536635	0.08430201159058159	0.05264650707167873	0.08305494042727724	3.776963583364164	5.878221579620424	5.027647822662114	3.735511241899925	4.221586778796119	4.188966215764545	-1.482495438744577	-4.744224449279377	-8.181015370704046	2.768278439256093	2.924259306602504	-3.837157705002036	-5.813733427924444	-1.350634269549312	0.002510586981982144	-1.513373626604301	3.394944329760495	-0.04077602780107981	-0.4869967931267336	0.4536032715992135	0.2059464167272811	0.08663401153303774	11.12967849349115	12.75145559312835	2.295013083708923	0.8396734424840098	1.731421138404766	8.856014697573428	-0.2280897747015871	-0.3558374876106924	-0.3884882490992982	5.96540257452885	3.29816692851807	-0.7122845741216586	3.27252848314781	0.9838366972128618	0.903668477333115	1.302215893370388	-0.2321653179212237	-0.8926429710298756	0.3042407587546254	0.2301295177773177	0.6121032395085919	-1.120544005079271	-0.7467918521766403	-0.07011077623878115	0.5482382677899427	1.601301161533301	0.3805380363272466
2.5	8.106489290000001	-4.36243468	-3.20241529	0.6027150999999999	0.96375606	0.03774991	-29.34247787	3.14788143	-1.59252531	-5.7177699	7.69892696	10.77448338	0	19.49368027	-6.35268812	-7.37988115	-12.04443634	-6.13807622	9.51009174	0	-18.62125377	2.23408539	1.63007047	-0.3707963492310552	-0.1812270280074445	-0.1269111312342204	-0.02300357092754901	-0.04286656398535205	-0.03622029821282147	0.2508692908867673	-0.7573090036919436	-0.228041575076376	-1.01828039398933	-0.1307392200585706	0.2678273117707621	0.2179452804681282	0.1981499690996174	0.1822901683063486	0.1539533089808425	0.04617888273899806	0.1494449824686619	-0.07975749494210016	0.06758791319781077	0.06943072154064323	0.1408769856865582	0.1294671569448639	0.1174222197079706	0.1766903351221499	0.1052506175959514	0.04457153378722023	0.08821629963189198	-0.08384939630282595	-0.1168251036961909	-0.1415510581036867	0.01003658155653792	0.01003649442594778	0.01003644449156937	0.1382664327963699	0.1062873011573648	0.1085827371785322	0.03158591622126927	0.09729419519560112	0.1050348694912134	0.08574846464478414	0.0533348337232743	0.08447098433704858	3.841718081020712	6.003494618239378	5.139795003866642	3.803046373100504	4.302910364254227	4.274247651411095	-1.52745452977984	-4.86199906334074	-8.374342169979244	2.817402481181965	2.978553996374739	-3.927184680155578	-5.949331684330572	-1.389581805025893	-0.00774270631971774	-1.557632056221879	3.458545556333174	-0.05066247470190177	-0.5062028450670617	0.4532163790755206	0.2000671473199613	0.07818228463839993	11.36659691552657	13.02525731618707	2.345126765648377	0.8518931094255002	1.763813854850856	9.049679062813404	-0.2433637075800412	-0.3738590787319378	-0.4072186552320929	6.087510416128048	3.361416781836585	-0.7314949311850589	3.341815915182987	0.996263742684242	0.9142357433917532	1.32022104538335	-0.2494808439060545	-0.9256416243386703	0.2994344124024284	0.2226048962174261	0.6147380831290956	-1.148108977569247	-0.7663674069053088	-0.07287127576267571	0.5602872383690695	1.636972860881517	0.3888079311764087
