inDegrees=no
num_controls=115
num_derivatives=0
num_iterations=456
num_multipliers=0
num_parameters=0
num_slacks=0
num_states=92
objective=12.296747
objective_excitation_effort=12.296747
solver_duration=3399.495278
status=Solve_Succeeded
success=true
DataType=double
version=3
OpenSimVersion=4.5
endheader
time	/forceset/glut_med1_r/activation	/forceset/glut_med2_r/activation	/forceset/glut_med3_r/activation	/forceset/glut_min1_r/activation	/forceset/glut_min2_r/activation	/forceset/glut_min3_r/activation	/forceset/semimem_r/activation	/forceset/semiten_r/activation	/forceset/bifemlh_r/activation	/forceset/bifemsh_r/activation	/forceset/sar_r/activation	/forceset/add_long_r/activation	/forceset/add_brev_r/activation	/forceset/add_mag1_r/activation	/forceset/add_mag2_r/activation	/forceset/add_mag3_r/activation	/forceset/tfl_r/activation	/forceset/pect_r/activation	/forceset/grac_r/activation	/forceset/glut_max1_r/activation	/forceset/glut_max2_r/activation	/forceset/glut_max3_r/activation	/forceset/iliacus_r/activation	/forceset/psoas_r/activation	/forceset/quad_fem_r/activation	/forceset/gem_r/activation	/forceset/peri_r/activation	/forceset/rect_fem_r/activation	/forceset/vas_med_r/activation	/forceset/vas_int_r/activation	/forceset/vas_lat_r/activation	/forceset/med_gas_r/activation	/forceset/lat_gas_r/activation	/forceset/soleus_r/activation	/forceset/tib_post_r/activation	/forceset/flex_dig_r/activation	/forceset/flex_hal_r/activation	/forceset/tib_ant_r/activation	/forceset/per_brev_r/activation	/forceset/per_long_r/activation	/forceset/per_tert_r/activation	/forceset/ext_dig_r/activation	/forceset/ext_hal_r/activation	/forceset/glut_med1_l/activation	/forceset/glut_med2_l/activation	/forceset/glut_med3_l/activation	/forceset/glut_min1_l/activation	/forceset/glut_min2_l/activation	/forceset/glut_min3_l/activation	/forceset/semimem_l/activation	/forceset/semiten_l/activation	/forceset/bifemlh_l/activation	/forceset/bifemsh_l/activation	/forceset/sar_l/activation	/forceset/add_long_l/activation	/forceset/add_brev_l/activation	/forceset/add_mag1_l/activation	/forceset/add_mag2_l/activation	/forceset/add_mag3_l/activation	/forceset/tfl_l/activation	/forceset/pect_l/activation	/forceset/grac_l/activation	/forceset/glut_max1_l/activation	/forceset/glut_max2_l/activation	/forceset/glut_max3_l/activation	/forceset/iliacus_l/activation	/forceset/psoas_l/activation	/forceset/quad_fem_l/activation	/forceset/gem_l/activation	/forceset/peri_l/activation	/forceset/rect_fem_l/activation	/forceset/vas_med_l/activation	/forceset/vas_int_l/activation	/forceset/vas_lat_l/activation	/forceset/med_gas_l/activation	/forceset/lat_gas_l/activation	/forceset/soleus_l/activation	/forceset/tib_post_l/activation	/forceset/flex_dig_l/activation	/forceset/flex_hal_l/activation	/forceset/tib_ant_l/activation	/forceset/per_brev_l/activation	/forceset/per_long_l/activation	/forceset/per_tert_l/activation	/forceset/ext_dig_l/activation	/forceset/ext_hal_l/activation	/forceset/ercspn_r/activation	/forceset/ercspn_l/activation	/forceset/intobl_r/activation	/forceset/intobl_l/activation	/forceset/extobl_r/activation	/forceset/extobl_l/activation	/forceset/glut_med1_r	/forceset/glut_med2_r	/forceset/glut_med3_r	/forceset/glut_min1_r	/forceset/glut_min2_r	/forceset/glut_min3_r	/forceset/semimem_r	/forceset/semiten_r	/forceset/bifemlh_r	/forceset/bifemsh_r	/forceset/sar_r	/forceset/add_long_r	/forceset/add_brev_r	/forceset/add_mag1_r	/forceset/add_mag2_r	/forceset/add_mag3_r	/forceset/tfl_r	/forceset/pect_r	/forceset/grac_r	/forceset/glut_max1_r	/forceset/glut_max2_r	/forceset/glut_max3_r	/forceset/iliacus_r	/forceset/psoas_r	/forceset/quad_fem_r	/forceset/gem_r	/forceset/peri_r	/forceset/rect_fem_r	/forceset/vas_med_r	/forceset/vas_int_r	/forceset/vas_lat_r	/forceset/med_gas_r	/forceset/lat_gas_r	/forceset/soleus_r	/forceset/tib_post_r	/forceset/flex_dig_r	/forceset/flex_hal_r	/forceset/tib_ant_r	/forceset/per_brev_r	/forceset/per_long_r	/forceset/per_tert_r	/forceset/ext_dig_r	/forceset/ext_hal_r	/forceset/glut_med1_l	/forceset/glut_med2_l	/forceset/glut_med3_l	/forceset/glut_min1_l	/forceset/glut_min2_l	/forceset/glut_min3_l	/forceset/semimem_l	/forceset/semiten_l	/forceset/bifemlh_l	/forceset/bifemsh_l	/forceset/sar_l	/forceset/add_long_l	/forceset/add_brev_l	/forceset/add_mag1_l	/forceset/add_mag2_l	/forceset/add_mag3_l	/forceset/tfl_l	/forceset/pect_l	/forceset/grac_l	/forceset/glut_max1_l	/forceset/glut_max2_l	/forceset/glut_max3_l	/forceset/iliacus_l	/forceset/psoas_l	/forceset/quad_fem_l	/forceset/gem_l	/forceset/peri_l	/forceset/rect_fem_l	/forceset/vas_med_l	/forceset/vas_int_l	/forceset/vas_lat_l	/forceset/med_gas_l	/forceset/lat_gas_l	/forceset/soleus_l	/forceset/tib_post_l	/forceset/flex_dig_l	/forceset/flex_hal_l	/forceset/tib_ant_l	/forceset/per_brev_l	/forceset/per_long_l	/forceset/per_tert_l	/forceset/ext_dig_l	/forceset/ext_hal_l	/forceset/ercspn_r	/forceset/ercspn_l	/forceset/intobl_r	/forceset/intobl_l	/forceset/extobl_r	/forceset/extobl_l	/forceset/knee_exo_device	/forceset/reserve_jointset_ground_pelvis_pelvis_tilt	/forceset/reserve_jointset_ground_pelvis_pelvis_list	/forceset/reserve_jointset_ground_pelvis_pelvis_rotation	/forceset/reserve_jointset_ground_pelvis_pelvis_tx	/forceset/reserve_jointset_ground_pelvis_pelvis_ty	/forceset/reserve_jointset_ground_pelvis_pelvis_tz	/forceset/reserve_jointset_hip_r_hip_flexion_r	/forceset/reserve_jointset_hip_r_hip_adduction_r	/forceset/reserve_jointset_hip_r_hip_rotation_r	/forceset/reserve_jointset_ankle_r_ankle_angle_r	/forceset/reserve_jointset_subtalar_r_subtalar_angle_r	/forceset/reserve_jointset_mtp_r_mtp_angle_r	/forceset/reserve_jointset_hip_l_hip_flexion_l	/forceset/reserve_jointset_hip_l_hip_adduction_l	/forceset/reserve_jointset_hip_l_hip_rotation_l	/forceset/reserve_jointset_knee_l_knee_angle_l	/forceset/reserve_jointset_ankle_l_ankle_angle_l	/forceset/reserve_jointset_subtalar_l_subtalar_angle_l	/forceset/reserve_jointset_mtp_l_mtp_angle_l	/forceset/reserve_jointset_back_lumbar_extension	/forceset/reserve_jointset_back_lumbar_bending	/forceset/reserve_jointset_back_lumbar_rotation
0.4	0.03470687999912821	0.03359666710332567	0.03373718922532577	0.03249027566331989	0.0332293803504806	0.03325362955415109	0.2428679788398779	0.06363175756188592	0.09989925803610637	0.1430774701524266	0.03807379605775414	0.02245036202400574	0.02188790726674069	0.02158735278555457	0.02169542383315541	0.01883239510783156	0.03580889336578506	0.02780587264140675	0.03113878612304298	0.02857553943456412	0.02511915154427528	0.01788136795837128	0.04526956659078597	0.04614457039725465	0.02577443368319854	0.02997341609251409	0.03136175304204224	0.02243862878461527	0.06813612684554675	0.072912360556598	0.06050491477294349	0.01000607322933752	0.01000606712058544	0.01000605634693108	0.02418084563005988	0.02795592600683744	0.0277428784710511	0.03611611065275604	0.02917650195241666	0.02833104464998015	0.03065969392885147	0.03397720563345932	0.03080258184060241	0.98068499302644	0.518305341528971	0.1647431268917933	0.7603088929866324	0.657691698500206	0.502946645823968	0.5411595563846834	0.5080469433706313	0.4509585793009012	0.5539384143710452	0.518236167914302	0.04598115488253395	0.1377900933563465	0.3806810626492731	0.4714102744870752	0.4662787537708179	0.602336527214835	0.3878428983034512	0.3615525505502951	0.4958079204356585	0.4934057932593761	0.4820832400664992	0.4845374782246888	0.4423500273892912	0.03084155695847113	0.321399758675864	0.3505407157246588	0.3650190426170574	0.4787964954475307	0.4743346591548546	0.4737599152516261	0.3835721434822733	0.4541823513556715	0.1660921004548229	0.505792516825729	0.5067426747505324	0.5011936803624955	0.6112929797080608	0.4620594823537638	0.4199540463943661	0.5067342749568077	0.5356178287071546	0.51940776914415	0.01426768299234175	0.02499119653765468	0.03980084848232564	0.1423559989340215	0.03677824325399746	0.06332224116568574	0.03470687999912821	0.03359666710332567	0.03373718922532577	0.03249027566331989	0.0332293803504806	0.03325362955415109	0.2428679788398779	0.06363175756188592	0.09989925803610637	0.1430774701524266	0.03807379605775414	0.02245036202400574	0.02188790726674069	0.02158735278555457	0.02169542383315541	0.01883239510783156	0.03580889336578506	0.02780587264140675	0.03113878612304298	0.02857553943456412	0.02511915154427528	0.01788136795837128	0.04526956659078597	0.04614457039725465	0.02577443368319854	0.02997341609251409	0.03136175304204224	0.02243862878461527	0.06813612684554675	0.072912360556598	0.06050491477294349	0.01000607322933752	0.01000606712058544	0.01000605634693108	0.02418084563005988	0.02795592600683744	0.0277428784710511	0.03611611065275604	0.02917650195241666	0.02833104464998015	0.03065969392885147	0.03397720563345932	0.03080258184060241	0.98068499302644	0.518305341528971	0.1647431268917933	0.7603088929866324	0.657691698500206	0.502946645823968	0.5411595563846834	0.5080469433706313	0.4509585793009012	0.5539384143710452	0.518236167914302	0.04598115488253395	0.1377900933563465	0.3806810626492731	0.4714102744870752	0.4662787537708179	0.602336527214835	0.3878428983034512	0.3615525505502951	0.4958079204356585	0.4934057932593761	0.4820832400664992	0.4845374782246888	0.4423500273892912	0.03084155695847113	0.321399758675864	0.3505407157246588	0.3650190426170574	0.4787964954475307	0.4743346591548546	0.4737599152516261	0.3835721434822733	0.4541823513556715	0.1660921004548229	0.505792516825729	0.5067426747505324	0.5011936803624955	0.6112929797080608	0.4620594823537638	0.4199540463943661	0.5067342749568077	0.5356178287071546	0.51940776914415	0.01426768299234175	0.02499119653765468	0.03980084848232564	0.1423559989340215	0.03677824325399746	0.06332224116568574	0.000652207933395462	-1.248731571717919	-0.9514465040965401	-0.3658765161139624	2.200060214531096	1.631901973660202	-2.375307083677001	0.07448613444519032	-0.06582711529744674	-0.02529139246091425	0.02541211577817527	-0.004901534992681422	0.0003548868702331373	0.0002174836428245807	-0.01586250874711371	0.0663910943392895	-0.02382638028479201	0.01730583246090598	-0.004464167981480994	-0.00359793062694242	-0.7196879267894557	-0.3499091413808489	-0.3924994334282811
0.425	0.02624199272851424	0.02479235507223865	0.02457319118741224	0.02386201550116396	0.02429140388807521	0.02423690877567312	0.09803705512860275	0.04019001312339202	0.04486058489782636	0.07999477658699132	0.02879605314864106	0.01782376363991009	0.0174633568257218	0.01724815195476703	0.01732202697184742	0.01567812697230976	0.02706507464368992	0.02103857603582761	0.02389993956587174	0.02147050708329398	0.0193181119178556	0.01506031094492398	0.03114304693197596	0.03161186440990522	0.01952643215566339	0.02218242675164553	0.02301896449119307	0.01769111139805954	0.03076757660000968	0.03247575713339339	0.02643364221953449	0.01000287777155467	0.0100028762763591	0.01000287262707656	0.01833959865779334	0.02099466503086394	0.02084896393561523	0.02719310932211697	0.02178631337441102	0.02121402829081605	0.02275662547480758	0.02515009778859401	0.02287341525062376	0.9834147538782281	0.525003582236464	0.1094628773742873	0.8141397129988541	0.6945364578210941	0.5057087754965862	0.5272962896136529	0.4754174443860646	0.3881299582609097	0.5930202229256952	0.5307924570049417	0.02719196558325247	0.06281696000311657	0.320318801269916	0.4479867132775165	0.4295797427800807	0.6260881069073871	0.3427949364111432	0.3100695289101105	0.4821718276059621	0.4778773860843565	0.4633710654673134	0.557967268463344	0.5273230050804524	0.02828758884462152	0.2870392612409597	0.3435150966620807	0.2894911496921293	0.4493251577575284	0.4414014917593308	0.4408461403554113	0.4734678234599688	0.4910723894070487	0.1281978984549001	0.5229809625074591	0.5015141537462688	0.494223561497467	0.62418628422223	0.4286932753117627	0.3650961649360759	0.4913934791102709	0.5221272083011099	0.5107085096486629	0.204219323153738	0.07223231861059771	0.03254155542506747	0.0604620388584079	0.01982426700023839	0.02941299512135898	0.02232052220952677	0.02048290054150751	0.02000016399690847	0.01931109093703266	0.01958393587713729	0.01947636828933295	0.01089146890626242	0.02742373025073004	0.01657996559899631	0.04106305486130275	0.02343302725995516	0.01517797979712899	0.01501136232391186	0.01488354794324766	0.01497269391738518	0.01406338722221177	0.02204383801867912	0.0173305777953656	0.01983683388322761	0.01773459138994179	0.01645146265375988	0.01365669539026245	0.0226333366615248	0.02285688232072175	0.01616505474474754	0.01796785897845805	0.01851114107473392	0.01492520653858058	0.01218595004341459	0.01201279949007779	0.01149468678498217	0.01000120810161143	0.01000120887498053	0.01000120887814121	0.01527286757468882	0.0172728588161029	0.01716570793904606	0.02225606921461656	0.01780478650810971	0.01738726925715349	0.01847775131683299	0.02031635165591382	0.0185798409337065	0.9841072411638605	0.5173030829842294	0.06803307333335437	0.8609394069830981	0.7246118496733966	0.5031029238025808	0.508965171676518	0.4380900703581224	0.321890248561227	0.6337642805228032	0.5446954513463815	0.02153934842845182	0.02335240573006543	0.2730228984963793	0.4268397733549263	0.3949421290351876	0.6472551380918291	0.3096963973771293	0.2724903746510143	0.4684958615036259	0.4622663545542701	0.4455295892590808	0.6506822008398356	0.6339424303493795	0.02737554257838668	0.2602545599728028	0.339286866869374	0.2400226088651905	0.4212492640120746	0.4101980922740909	0.4096828373987488	0.5680706034051352	0.5300864317967426	0.1030912918519484	0.5340313230973631	0.4950233514588545	0.486281065407374	0.6327416568262486	0.4010164902806815	0.3228751579201029	0.4770827972511504	0.5092979133630372	0.5015369077945594	0.3462707709284787	0.09920550710471876	0.02766087953567236	0.01036515298197446	0.01068280518949587	0.01028755399339864	-0.0004766513932493299	0.6469982759586405	0.4168683122802683	0.1408427621859963	-0.4934170335961127	-0.7474576141968469	0.7606182966671514	0.04188398597698321	-0.05190184004429429	0.00210697756350592	0.03077703307614003	-0.007122391974222455	0.0006018323282483517	-0.005050003450818332	-0.02362230112192759	0.03042218755152529	0.006067397388211742	-0.007354014401920422	0.0005536780650925539	-0.004047031971537178	0.4265611623217885	0.233214682208825	0.1871110137452495
0.45	0.02958298208661844	0.02582502447715683	0.02475189462340859	0.02150426053782001	0.02196671340382877	0.02176983876043203	0.08355955712000905	0.03466513270031106	0.05138768302362558	0.05237194550648012	0.02220218329332191	0.01410599200375731	0.01467934900637033	0.01491206960685451	0.01531647513894989	0.01497307544517113	0.0209711627975986	0.01754471436470587	0.01947423054624436	0.0194240933432502	0.01933889116857927	0.01482105448476123	0.01819554906445073	0.01838318710509659	0.01679877132363403	0.01882745061372856	0.01957225097126785	0.01334994840509113	0.03510312445760519	0.03451323616629152	0.04849120229189793	0.01000156995203487	0.0100015688740997	0.0100015674143833	0.01646394269464772	0.01832762774823146	0.01821997436108605	0.02284504531071366	0.01872735070114937	0.01829008282126375	0.01937677045989747	0.02111050546128308	0.01948896992517399	0.9732286602886698	0.4492280942282622	0.04073677983953153	0.781790745286536	0.6659277242542968	0.4774477336239573	0.4961091143571051	0.4284765430079909	0.3080580376715754	0.6152999660244193	0.544210672950198	0.06508142248441705	0.07749668285269527	0.3238429794389638	0.444031196908026	0.4125403110457487	0.6190239243971944	0.3632987709722429	0.3280215409827203	0.4735888288952512	0.4676907548976608	0.4557186086582634	0.6942808719155746	0.6900197753516508	0.03203271687222882	0.2840705663174126	0.352460595241439	0.3456315893434463	0.4361260416906093	0.426763779048775	0.4262781833819925	0.5602990629794321	0.5250548484531212	0.1150147504622663	0.4978242076634986	0.4915905593834047	0.4847739080803737	0.6048750897597132	0.4351387760755837	0.3832076492740661	0.4881789671389846	0.5190501841851051	0.503488975259936	0.2889674029902963	0.07877264814135616	0.02104406984865051	0.01082927186244936	0.01233116421564623	0.01051561216782542	0.03914873119809274	0.03372527901796037	0.03223605091578175	0.02648894200167044	0.02722970282982375	0.02697970408099869	0.2012307242064148	0.04935064344655926	0.1036332560510163	0.08258494342452072	0.02433987180610458	0.01481559126004356	0.01596204211413167	0.01647912512677979	0.01717068872331067	0.01688935150107836	0.02307546088727485	0.02012218357997456	0.02169992607717727	0.02342525481419193	0.02394250515025847	0.01684027746231649	0.01912553048359709	0.01941223943940188	0.0195654739252022	0.02233114760225977	0.02344630358275789	0.01366663241309988	0.06926369347201947	0.06925491804332633	0.09583793625365652	0.01000302865112624	0.01000302433044045	0.01000301905727843	0.01957788520003975	0.02171518166195693	0.0215835264914962	0.0264941891572543	0.02214746267957116	0.02159755682111388	0.02295416273396194	0.02491302176709498	0.02308436091305785	0.9525666774548612	0.3333630557526435	0.02953560641058222	0.645748930585192	0.5651268059100614	0.4332869042611176	0.4712177095142531	0.4087302734466983	0.2864736343397194	0.5898813048265034	0.5454772467522427	0.1146296398560632	0.1576973407754306	0.4045154593704119	0.4711020443273274	0.4393073205343616	0.5723134606185615	0.4489745810216811	0.4160026409046448	0.4807490047340065	0.4752339503252023	0.471218704507337	0.7913365658945212	0.8097772029162903	0.03716819899966656	0.3222787670700312	0.3732230955248697	0.514333502152273	0.4586431296880048	0.4519206700377849	0.45149600193287	0.5557631187701041	0.5208192983707844	0.1388582734198114	0.4368293317991266	0.4848662994056325	0.4812364521668477	0.5562947521823549	0.4901043722713497	0.4800557045636429	0.5054952665659608	0.5341633890943742	0.5056208063903445	0.1588610645626737	0.04191545684522133	0.01767630934070411	0.03575778938711698	0.01968084676677873	0.02211966053452449	0.000634211640041965	0.4325612485930718	0.190627916630922	-0.3356966801331412	-2.147042563127052	-0.1435662967445123	0.8729061318131679	0.02091645161444302	-0.06150961135970073	-0.006914487687266418	0.03480969072951857	-0.003783406675710598	0.0007580220371396263	0.006783671769936743	-0.02385911779829136	-0.001884654499094649	-0.02421425089252943	0.01603215352636368	0.00270637197780647	-0.002935343506024307	0.2561234847167619	0.1727652850751205	-0.09739409665946071
0.475	0.03492413458187234	0.02805911689835521	0.02572765643201541	0.02395173866288823	0.02454234722071599	0.02380179782983716	0.0842601706855782	0.04245128127155771	0.05110950442938208	0.07873379181377106	0.0265530877087706	0.01389132625451585	0.01433831356691262	0.01453224991521532	0.01488023596377393	0.0142560987863786	0.02496022997384172	0.01798096471728166	0.02057449826982218	0.01993923182087952	0.01881389634084129	0.01400785491312672	0.02523755076036392	0.02563259250860245	0.0167650497998375	0.01959746954513684	0.02038136030429925	0.01379709883463921	0.02654348210363458	0.0294915314646249	0.03371927106265604	0.01000191722506011	0.01000191638250196	0.01000191454138186	0.01702151386104029	0.01903698511682288	0.01889433160380585	0.02451675768295294	0.01943814625672276	0.01883517363373549	0.0203265017704111	0.02250570663243164	0.02044746259971026	0.9728672125247694	0.4132037709902933	0.02681554079831427	0.792900051710645	0.6663579106876502	0.4519084625721068	0.5130293725043	0.4744055638687303	0.3777665346924072	0.6097510453477578	0.5312051919515489	0.05744686576916713	0.08777235066651777	0.3072141730952323	0.4438611476619245	0.4288732827097491	0.6074237610537615	0.3396175507491823	0.3026006403533365	0.4738082292251886	0.4702681186861292	0.4575331489763089	0.6035426872020621	0.586664878577501	0.0295387158028557	0.2346294494242161	0.3367920129971125	0.2206291742356374	0.4440251793617779	0.4363782847551267	0.4356264660726367	0.5672176375014977	0.5277643045356707	0.1303140884238344	0.494372308286205	0.4908450311847246	0.4846841779569004	0.5923289013717612	0.4418431366043651	0.3975367668245883	0.4892891176844895	0.5184959230768444	0.5023176681442834	0.09857444853791969	0.01579245206516674	0.03308329909019577	0.03280611886188461	0.04411401015055149	0.02511955082233678	0.03229278563412628	0.02492396545944414	0.0222700245680051	0.02257630438404698	0.02308219979255405	0.02212222663240047	0.02487890768391578	0.03904329378376907	0.02478310898104977	0.07851825125847758	0.02764624285196854	0.0134579743724667	0.01352146223293433	0.01353699338279157	0.01370003791177908	0.01287124450752275	0.02573560626387828	0.01690956718326471	0.0201306105806657	0.01811628502813527	0.01608148903044341	0.01250707256822694	0.02849273883672393	0.02895024680530769	0.01530440279626078	0.01820928438051328	0.01883190817264551	0.0137224513779299	0.01202308383727936	0.01193821300720925	0.01136075635438886	0.01000133867218632	0.01000133947054246	0.01000133930876864	0.01576778871922591	0.01768220909202684	0.01753234375204638	0.02347870602925405	0.01803868155580637	0.01739576257352181	0.01897955550451514	0.02126412314583504	0.01909532631424389	0.9844056270942872	0.4427297164630729	0.02724235208762929	0.8802828324251671	0.7229835877261256	0.454701064493832	0.5410098974153749	0.5229315964048181	0.4412924670904571	0.6235587272139149	0.521412411008887	0.02544792874191059	0.04532863123122721	0.2512298733747469	0.4293244928272357	0.4276648548501807	0.6230817641289867	0.2766287726536319	0.2383392863017585	0.4702851854292819	0.468384184962519	0.4507210350416376	0.4806433551516307	0.4403145555004038	0.0256467650817413	0.1832960863712993	0.3200675652959957	0.05310215372615798	0.4378620367491243	0.4301021392511956	0.4289447184051193	0.5930458075755176	0.5408250463666827	0.1255996313852149	0.5265583091884498	0.4944800731359666	0.4872068042559432	0.6062417148457059	0.417376332197256	0.3556330095466572	0.4809091986917089	0.5094257512502343	0.5003152489236807	0.03596076676583163	0.01119492468313262	0.04432887870641143	0.0291558270752832	0.05597228743565279	0.02567034748721313	-0.0005315990110351238	-0.1466740956009472	-0.09408558465896218	0.1638481771185426	0.569267566898229	0.2418353164907221	0.8891125389403685	0.03840369060005252	-0.1167982712494044	0.009283774035549095	0.03608518011908263	-0.005390011646173609	0.0007567202555008536	0.009540337960352115	-0.01245441433822826	0.0364238732952772	-0.002436955729121073	-0.004955332684836732	-0.003888265878066162	-0.00224991452447868	0.04645316584237441	0.04151658398887649	0.1487121746269713
0.5	0.02981274838407786	0.02520323775893349	0.02380329793188622	0.02304431382567413	0.02353924474187638	0.02304202409872742	0.08421878623101654	0.04256625320009353	0.05207309958423447	0.08685394261860907	0.02639773229155841	0.01415784907003362	0.01424212892733225	0.01425876065621303	0.01446585695781723	0.01345645551524841	0.02334954197156845	0.01802310857735454	0.02185050674494843	0.01919286529659485	0.01706432597999638	0.01302308761070295	0.02720205538153064	0.02765165801786974	0.0161510777741353	0.01946347228527772	0.0202928840554917	0.0124213802478838	0.09204708109556514	0.05155173133886891	0.114080667161225	0.01000174198097122	0.01000174016379124	0.01000173787576425	0.01734567688142846	0.01895777956648791	0.01879510910196318	0.02409304177635496	0.01906159750385081	0.01830909690145321	0.020083803194305	0.02222214964011479	0.02019869203581947	0.9807166685587559	0.4368619826883475	0.04687703833107144	0.8364354189727901	0.6978120435544711	0.4714804517929216	0.5139187937324814	0.4618777654944496	0.3440868805656512	0.6435402271564014	0.5460702838886844	0.02673743121877457	0.0268063046364311	0.288584246869362	0.4391133146855764	0.418835383746355	0.6253047597753992	0.3302144495071239	0.2956591781193484	0.4730456439927216	0.468096174645962	0.4538988793520077	0.6583327934346835	0.6356902428684218	0.02881860363491404	0.2527298210687394	0.3749187197962998	0.2042261774516624	0.4342183432140082	0.425261516606797	0.4236830563878666	0.6597143647777974	0.5742710271252568	0.1146832198871872	0.5220777778946206	0.4961147163381419	0.4893648990643897	0.6005256631238358	0.4269675401693873	0.3697911510653402	0.4853796778444179	0.5129610528870816	0.5029691313818686	0.09849348450415497	0.1210038527817073	0.06606910622943944	0.01623965094661029	0.03627323044646717	0.01763974268500658	0.03091069395547427	0.02901128238388813	0.02895345428250652	0.02537130325211432	0.02596406183560883	0.02604108801700161	0.2013777189755641	0.05112267569637644	0.105447851236415	0.1026285499669142	0.02493093657395595	0.01524325943406032	0.01571462321768509	0.01590628616826198	0.01633320332398542	0.01530102566886681	0.02099251650964137	0.0202930132244434	0.02422903770458152	0.02219477679558932	0.02067950631552313	0.01489964968026108	0.02405774927836145	0.02448148412316953	0.01845811825369134	0.02225770228464229	0.02346252270627325	0.01131989639293283	0.1983951445359377	0.1105656003050106	0.2584056004477299	0.01000279689809308	0.01000279090311595	0.01000278475102219	0.02028281624210578	0.0217277239067912	0.02155263745393731	0.02607708118761492	0.02162540372343888	0.02077193589440138	0.02272291075783596	0.02469830383935762	0.02284383343630961	0.9731894637465947	0.4052234698928475	0.06418235621565807	0.7510659746071894	0.6444237175615229	0.4914069680298322	0.4655042829030056	0.3589338225737795	0.1867421470904898	0.6778853495236956	0.5882590920983941	0.05373994128867025	0.04161870021066497	0.3640826515310365	0.4597600030963593	0.4096405241786698	0.6232804382451963	0.4314904730319757	0.4034757693283996	0.478812925797494	0.4689332693734974	0.4617566446820594	0.9748136553830691	0.9821661268688878	0.03534958808198741	0.36844743543758	0.4669363483607182	0.4659322592601665	0.4322343903589054	0.4219106969064	0.4196347523190326	0.785750302858949	0.6350012958938086	0.1086716649189906	0.5057954630458062	0.4980092852277063	0.4926405094906143	0.5832813961681524	0.4520403786650494	0.4104886327947545	0.4955156470165616	0.5208244185590541	0.5077251869453818	0.1778151505358688	0.2443537515294344	0.08074838832333685	0.01130597222898532	0.01137332424316067	0.01206614759901696	0.0006408671550419978	-0.2007712136286722	-0.1953077436497712	-0.3051960678450427	-0.3118632137494188	0.01331826144671223	-1.474852322255336	0.1287862423248581	-0.08592752917296308	0.008051765063646101	0.03884585556428304	-0.001276873346162472	0.0007880164124619555	-0.03561482084578921	-0.02848891537675654	0.03819384280006016	-0.002347612598001744	0.009098076934382904	0.01015410082076455	-0.00322468350556347	-0.1418022228489068	0.05322400991491353	-0.2140454575727525
0.525	0.02758633918775906	0.02445021516550169	0.02330695970980188	0.02225904439216743	0.02263949047388499	0.02238851067947825	0.1450358278714174	0.04587131435270244	0.08549798704898597	0.1004127750411922	0.02565425620924062	0.01457697018294099	0.01496467289258322	0.01511914274488516	0.01548371775560483	0.01475020744453376	0.02413883484080691	0.01828362148700075	0.02187717335786051	0.01963136227322831	0.01841662558538001	0.01422608851547572	0.02560017115307651	0.02602472026856016	0.01639133680844105	0.01941982419381605	0.02017614050600479	0.01685470401692463	0.07879327779739299	0.04676440434783497	0.1007586786154291	0.0100018375689299	0.01000183495008889	0.01000183191919931	0.01766323183080866	0.01915831957221089	0.01899980631871884	0.02377950493708785	0.01913805440465925	0.01837362474242091	0.02015674779378436	0.02208064279986773	0.02027203036591209	0.9820382729871731	0.5308648606396165	0.03765819672579262	0.8789033838026736	0.7888016267551976	0.5310624130268616	0.4774013787408184	0.3573781977841579	0.1645556540409099	0.7186784096187513	0.605910227303575	0.03275388052588411	0.03042882618523304	0.2000973883382786	0.4172239963449902	0.3711280562474376	0.699212487891153	0.2857672745582983	0.2469764614733063	0.4705710259434999	0.4604208613957345	0.4415447575079364	0.8740314289885748	0.8632670001300747	0.02883905922327717	0.2455257296541221	0.4252671473922692	0.3205727812433561	0.4080682195636982	0.3950261841507132	0.3922765929145818	0.7968911152244658	0.6345163256336908	0.05456691457394614	0.4991731067262165	0.4924200664294824	0.4843641682728582	0.6210797647186256	0.4241233691117851	0.363132299450949	0.4902702382974292	0.5296341073259172	0.5077541337067117	0.1868029208204502	0.1215811897681822	0.04689046352451112	0.0107128953137875	0.01122088350741943	0.01089538959872087	0.02557296019923653	0.02172489927389396	0.01995412101588039	0.02069229334494405	0.0209333826719015	0.02044751933852913	0.1182852665252198	0.04471325501350169	0.0742476676028586	0.1027899624916104	0.02636358750064749	0.01443442009776712	0.01456790576245187	0.01464510631845511	0.01494348544263341	0.01430353063029167	0.02564742085631667	0.0173731871400104	0.02074921301949548	0.01821225091431247	0.01695298497894838	0.01371222212860751	0.02988077284427295	0.03037438944917872	0.01531787322203249	0.01800858167336741	0.01848088683389928	0.01957590399522655	0.01197084495482483	0.01187386755858191	0.01135235153267424	0.01000135204189732	0.01000135122785845	0.01000134988602811	0.01636621981497392	0.01787369095336935	0.01772876170581878	0.02249358453870988	0.01791228021314603	0.01722435863853098	0.01885268322368659	0.02068724194380612	0.01895909936755515	0.9880544362434074	0.6527755984530166	0.02907943816752656	0.9814775992157703	0.9214970560993698	0.5833654113141042	0.4708058338922108	0.3207147988757217	0.1120994290824763	0.7795775299012223	0.6436381337938183	0.02064086835742961	0.02406458423306771	0.08717323235214652	0.3851828401522691	0.3345009435675044	0.7803190491348444	0.1914978760894429	0.1493900998033957	0.4658319135861609	0.4536652082769981	0.4261639033779662	0.9244461747442873	0.9126575865856769	0.02513103387000965	0.1742707391427561	0.4229328057669952	0.2472818584515306	0.3851944212857789	0.3693968672979752	0.3660015882751446	0.8850493915043625	0.6659029480541153	0.02739879578286175	0.4863353167195438	0.4881437647165864	0.4783618996676349	0.6477833123426536	0.4095937481218636	0.3383967839342708	0.4894967148358239	0.5404133860733489	0.5094501491956799	0.197158401142256	0.04675850489456879	0.02613320193242729	0.01113654645505278	0.01199034245529805	0.01055093909816299	-0.0006775434919886157	0.5120667338770719	0.112005537691795	-0.09758459204428346	-0.5212311921705834	-0.4454643725156899	0.7267605900475722	0.02019541724360162	-0.1039355325058811	0.001310770749818571	0.03219202678915998	0.000214764106408378	0.0005151795989186646	0.03815003482019787	-0.02950452686459051	0.01676712918774478	-0.01562940706988411	-0.0007406057099674744	-0.006035174346309292	-0.00219385157333074	0.3142709518512508	0.1578290361403415	0.04337276487352436
0.55	0.02417780912825211	0.0199907946880675	0.0179894273947407	0.02211855895224978	0.02216424019564278	0.02120814186436599	0.1494359782219432	0.05932673127727236	0.07132215773174795	0.1216971270385438	0.02914637984903527	0.01658267975879027	0.01483735514670694	0.01441083461023399	0.01443764698296398	0.01317881280323593	0.02347325748291833	0.01926793953758575	0.0223643185231393	0.01828809474218825	0.01521058767260599	0.0125890472792463	0.06066528975040744	0.06174789052461518	0.01601600742262852	0.01949888429248908	0.01964767952630394	0.01671761604840073	0.01929342794807629	0.01906125902746408	0.01859579018943859	0.01000179372479026	0.01000179217314393	0.01000179034117507	0.0178346640901497	0.01918259902016809	0.01907841283538167	0.02240269043067556	0.01933033733065815	0.018889609858447	0.01995528322216313	0.02122799724337155	0.02000958228580885	0.9866942767487563	0.6407773368291545	0.08291394945749801	0.9672479387245398	0.8710282973627475	0.5765800471890212	0.4894371123528738	0.3648601689431788	0.1811103209265129	0.7466608983996634	0.6222315685130005	0.0186031071872762	0.02333567336680254	0.07817381866275791	0.3991523434700486	0.3615873920989651	0.7440433170374308	0.2140856536303582	0.1797581153303096	0.4724407168923869	0.4627552618244289	0.43731498658144	0.8826290739897521	0.8943315024720297	0.02439479241309684	0.191996007910955	0.4390147153281466	0.2385244972167399	0.3986084765364901	0.384376753855593	0.3812979253393821	0.8885320534806536	0.6620644089910896	0.07762959284314762	0.4975440917739509	0.492295258805698	0.4848699060277931	0.613634570072504	0.4267583446690669	0.3695306670708247	0.4899191945918309	0.5271049096801806	0.5064359913370566	0.1622108579918674	0.02020667051506893	0.01319189984148438	0.01759623527768316	0.02377324922527918	0.01277192825388841	0.0243148626771521	0.02081525291926944	0.0192676437208719	0.02495363490475462	0.0249189529466175	0.02377532376679373	0.2239861517682648	0.0769874843366537	0.08482989733464855	0.1460488833189214	0.03110094623154471	0.01892087866874572	0.01564736170848752	0.01483338534332911	0.0146922285001605	0.01279038562202773	0.01995233038604511	0.02211706005911046	0.02511265122649775	0.01987802202621741	0.01524105087250516	0.01225470777331158	0.08909487376644133	0.09081133830649701	0.01783946822168131	0.02239041887624382	0.02248651973996768	0.01201026431576144	0.0740229857477432	0.05581412747700206	0.08331289745765021	0.01000274089387442	0.01000273660861681	0.01000273241312356	0.02066026108822519	0.0218147649111298	0.02173823445627872	0.02353136047917651	0.02198742568087351	0.02171255809135073	0.0223762466096322	0.02313318349553393	0.0223875418281659	0.9845015001155053	0.6302845166746164	0.1508160786716479	0.9546480220449881	0.8022284549224887	0.5766154499499861	0.5111510764165337	0.416277733906227	0.2617183676157156	0.7080972709164203	0.5998123261096507	0.02920327530240529	0.02947987067491933	0.103772519942678	0.4243815823006404	0.402745432532921	0.696422131181114	0.2729715837291066	0.2537664230035366	0.4843547414807061	0.4776778615468646	0.4563395234084063	0.8847179410207008	0.9478720744084611	0.02728391545242675	0.2491715244269307	0.4849411024693077	0.2869030673588417	0.4191802552018504	0.4072524784643269	0.4045603293140715	0.9474417143929909	0.6746271947206378	0.1465577208811955	0.5120243829395167	0.4992970463522003	0.4959873445418421	0.5539036926511824	0.4593492127101141	0.4273603818537743	0.4925868246967854	0.5070139656492088	0.5023938801545553	0.1331039099986198	0.04041742907324661	0.01489654819343908	0.02242101234461721	0.02972145816202776	0.01397726339579414	0.0009170968978003231	0.06818798321876657	0.01127096585113018	0.1952118235568099	0.4551505569932061	0.5245340105313889	-0.8074957664538285	0.1482440006948065	-0.004138823749070118	0.03999103777959482	0.02638090373268623	-0.00222678084842306	0.0002894532106012309	-0.09819143530641521	-0.03915450287013496	0.04894797926155277	0.02410975354673112	0.01133441017259419	0.01287643710933087	-0.004487172958820998	-0.0557707469320828	0.01605805475937499	0.1090265731225916
0.575	0.02611268311913146	0.02218928165866668	0.02119845310525773	0.0246566506051737	0.02545715067581002	0.02457776334105249	0.2641292403282778	0.1082253963533117	0.1345883156660196	0.1840757662454777	0.03493232111879194	0.01395415892892518	0.01293319337086517	0.01268291700770658	0.01274061972606896	0.01171678968271163	0.01900667855748982	0.01840886021628471	0.03030832372287687	0.01795422169045145	0.01405213947557617	0.01142144609779459	0.08917236402615847	0.09130408037236543	0.01509587765698695	0.02044676896368049	0.02201518657475746	0.01013585862519485	0.03184291884737514	0.02606781295960097	0.03344320058403877	0.01000182569568187	0.01000181918293762	0.01000181359452308	0.01822792538669616	0.01927824726157704	0.01921336942160334	0.02130578796528209	0.01950348012898059	0.01928196091093029	0.01985301744370496	0.02073269534292169	0.01985576233959521	0.9876500890724705	0.6194272436432054	0.06729255429056279	0.9752564088199283	0.9111092850341057	0.591598122492864	0.4644285556788572	0.2198935508652752	0.1128516133279961	0.850690661576886	0.7081491729580404	0.01979748914079739	0.02104398920260262	0.05187948766426018	0.3492062626154669	0.289527011276094	0.8282329790373421	0.1653693774333804	0.1243254412667658	0.4651291206303143	0.4477188866640027	0.412377807634794	0.9326727231816299	0.9542242591188413	0.02205749227291334	0.1047702818247271	0.4564895997708197	0.3397057113967915	0.3196171334664744	0.2893472025812683	0.2848459581607568	0.9522293984743098	0.8236189900070832	0.07776188259195921	0.4486654733339366	0.4824232910723318	0.4775249341876135	0.5673735683746303	0.4633990166404297	0.4388940373698786	0.4966515475031206	0.528180047865202	0.4999804624448861	0.1342800977626872	0.01481354882334043	0.04366513022314113	0.0143662482875892	0.01991170998295668	0.01077862557697284	0.02647929013109423	0.02247778789424433	0.02180190521351249	0.0242722101146183	0.02545160662271158	0.02471014849612735	0.2907638710377552	0.1231382362097137	0.1613697944039823	0.2035149428247826	0.03717651630907606	0.01221592860658312	0.01183646456516965	0.01177517931898972	0.01187000545656858	0.01121058688035445	0.01999192544843658	0.01672385004988024	0.03224986856352986	0.01687365373019185	0.01338193836026396	0.01101827991339697	0.09047034959983348	0.09284703654251396	0.01384975736942389	0.01949086877388977	0.02162997387438336	0.01216375822206245	0.01194873180214915	0.01171237186239998	0.01151080341808149	0.01000136558247933	0.01000135859553798	0.01000135278576716	0.01687828706642273	0.01798008396215865	0.01792081753624027	0.02023963303991098	0.01826761517347623	0.01807450522740123	0.01860505335575641	0.01956765892984914	0.01860555501388332	0.9887685860936298	0.5975103152473576	0.02208235355124123	0.9861065040756021	0.9830179658504238	0.6034203828997355	0.4287336428730151	0.08398816739287941	0.02382137412923842	0.9855327892081747	0.8115851863252436	0.01518807722133813	0.01663917564762961	0.02263774830582305	0.2907513878881235	0.2092033457649592	0.9415547280244246	0.1064339687030795	0.05651670174681164	0.4522107835079988	0.4259879664017928	0.3796253034989873	0.9915133719696221	0.9928695829745764	0.01973082598604455	0.02409152770690918	0.4487013126184138	0.4124185048725402	0.2392799765184258	0.1961152775361062	0.1912902739954687	0.9918764517371117	0.9870620034875949	0.04889656268073986	0.3848433768757434	0.4674174753875526	0.4631228060780904	0.5460055741450043	0.4855501197751372	0.4799901143541697	0.5035370571161579	0.541788495908137	0.4954272189150407	0.1260383419173517	0.01182793282695895	0.06085331505226402	0.01058365827952758	0.01423661251671425	0.01370566056607352	-0.001334466863232969	0.4750887844573973	0.03098998434615034	0.03638269570229262	0.9298785645415614	0.2862783014124549	0.8934482642515702	0.2559126310285979	-0.2315342752440838	-0.03801919151241991	0.01373752018068633	-0.003086446811658236	-0.0002457465917803586	0.06171583260709303	-0.06883414029777667	0.05604060617807497	-0.032809224135773	-0.003139157266676995	-0.004787439153872888	-0.002876936304536842	0.180948486279034	0.1002531173200845	0.06956394140855481
0.6000000000000001	0.02077011699060788	0.01825668351106155	0.0177140341413228	0.02237019596266645	0.02277357644950606	0.02197570548977034	0.162193233693451	0.07038964018864413	0.09381288259645443	0.1162569494265296	0.03752248116021252	0.0211901334581019	0.01532750254503813	0.01415270390593215	0.01357897129513687	0.01181511458017999	0.0336934303057631	0.02003977150312279	0.02350995865903699	0.0167208790573116	0.01313296439419601	0.01138165249800284	0.08898093974362252	0.09056044220562331	0.0162605065865779	0.02068634404308666	0.02065473665496137	0.04008720130846945	0.0522987588066771	0.03495692755507222	0.07488653134512364	0.01000180530345186	0.01000180453726451	0.01000180320533081	0.0169211996564109	0.01898892088335077	0.01892557088570516	0.02172624930938761	0.01958481825022113	0.01940232889821716	0.01998663265029316	0.02105926474006715	0.02000577054116023	0.9829815552790173	0.5829019147845191	0.03686876400777107	0.9579666083618641	0.898512525185146	0.5797375344145468	0.4480681044745868	0.1509528622168058	0.02161676229855239	0.9121163977888197	0.7537932191392489	0.02102847025146483	0.01894200648595621	0.02366782573591039	0.3147141786242439	0.2546781316091304	0.85853268549099	0.1722960566684621	0.1298898053272791	0.4621231383702164	0.4408754538099786	0.4001355375175712	0.9823869375665661	0.982498306294336	0.02480876073912592	0.07562577960125355	0.4573908294619429	0.4551238923131652	0.2696258279802808	0.2287936322700389	0.2278303705341507	0.9800501814501853	0.8759730168160426	0.1292494580293339	0.3689229998084214	0.4671320228544287	0.4643913746463662	0.5257616416223041	0.5009369686458791	0.5052651097896812	0.5088303347069225	0.5424045398793895	0.4957328863207873	0.0968274277177273	0.1134081763309749	0.064416976682432	0.01631184311732706	0.01170465689720081	0.05719098368198598	0.01512603031583967	0.01423911533120629	0.01371638311978009	0.02136261280824861	0.02076494230254921	0.01979320940263923	0.01057217798727694	0.01121899221619063	0.01065759796228256	0.01343967932188789	0.03687593340043772	0.03138559622536985	0.01950372646513012	0.01707142365153806	0.01580966433857452	0.01263932968244181	0.04575737544096607	0.02486614804830532	0.01447773091564843	0.01759784432518754	0.01334964073204842	0.01192291195191595	0.09272887285551057	0.09344617698465434	0.0197209771824631	0.02302440403281588	0.02054268669776085	0.0654170499377484	0.1180619359475109	0.07467033954421951	0.1717623431663057	0.01000271200820035	0.01000271678289957	0.01000271927954814	0.01840411754401044	0.02131568227659437	0.02125044696811423	0.02406008676322194	0.02217093803586534	0.02201375947985364	0.02259459677295502	0.02361632164538131	0.02262434704256019	0.9717904818924764	0.5499177864019413	0.08632527819858896	0.9049041617360168	0.7454144837204406	0.5396175230746989	0.4813020626098993	0.2682284932403797	0.06321331250105615	0.8047295458091912	0.6673516461915912	0.03172106270313645	0.02517023781103256	0.04484041037388069	0.3575801102174442	0.3353655227745342	0.7242930997341946	0.2861598471737096	0.2579365877890372	0.4800187326505035	0.4669591609028281	0.4357847333562844	0.9839574815029832	0.9856549603729362	0.03177679852136863	0.174122062158319	0.4806592771294694	0.533495473156396	0.3226108486862511	0.2876891487883205	0.2926584617544907	0.9818121174898005	0.7148747704279997	0.2551556375805833	0.3414683468090477	0.4663845193963057	0.4672231375062974	0.4749352470227779	0.5362912603175977	0.5641847397765731	0.5193892012345451	0.5414942656270837	0.4948823614131798	0.06183629681510795	0.2370470605282983	0.05781002521799383	0.02518004416644206	0.01410735835719575	0.1001567647762236	0.0006616047834806249	0.5049483747329294	-0.4343707366294602	-0.2009792203336888	0.7389114531813723	0.1323140973619866	-0.5451615729674393	0.3078140484026405	-0.142075998493522	-0.01977768689344301	0.0214738558856283	-0.007462731558307027	-0.0002993507684202607	0.02579550806940646	-0.1362669794958765	0.02448414800630047	-0.0530879364659113	0.007738240711483829	0.007849759492953991	-0.005432518343668528	-0.1185690190631461	0.1114258284865372	-0.249937223461728
0.625	0.0245262529954672	0.02381959073550444	0.02423813383433299	0.02106655367406141	0.0214047069772712	0.02150815238054187	0.2393799902437072	0.122217427896727	0.1869529412435436	0.1439144027618597	0.02570274892161828	0.018887359235918	0.01573071881602402	0.01541971874573955	0.01568748672108236	0.01561858705005703	0.02372912867456598	0.01942662916601172	0.0392584589723179	0.01970757376010943	0.02016103550989679	0.01558753472923659	0.04459250069397328	0.04511274777333625	0.01721052474060101	0.01980034604242785	0.0211475936423654	0.02973223322461179	0.04736607032396029	0.0330926212613407	0.05489346424505757	0.01000181046337544	0.01000181002703778	0.01000180872288774	0.015865610860669	0.01859560606045559	0.01853241198382441	0.02551222584148886	0.01969018040380981	0.01949683270158572	0.02034090106053014	0.02327575382771648	0.02039448636442554	0.9914167666954316	0.4762549554010728	0.05704334416446166	0.96844530807762	0.8235977740446683	0.5286792507352965	0.4696040044723344	0.2560200369807282	0.0758587934038548	0.871205107306654	0.7043863419689533	0.01410650236824346	0.01811951077057746	0.02159875621324772	0.2925580493640901	0.2944920975337548	0.7890191594696921	0.1964022508801065	0.1445632949797748	0.4669863463956304	0.451689327660278	0.4106995505454077	0.9763531788085853	0.9765886867017942	0.01840904771501034	0.06706879877046576	0.4577522401008643	0.3612296336976809	0.2616278605495962	0.2135623378643146	0.207319950241903	0.9825145563863859	0.7789231387312451	0.2621383427384989	0.2558462665773223	0.4454286722962535	0.4468976157514031	0.45400608735194	0.5544146994218624	0.5992376999900391	0.5263965312129407	0.5594532339516756	0.4873954708914532	0.1702312895927466	0.09536237108134527	0.04687445147406375	0.01063391687201564	0.01203955383477999	0.02765684359766465	0.02922243357324274	0.02860215754298183	0.02948631436069119	0.0208497378129505	0.02165884415785118	0.02230816514277081	0.3859560826124405	0.1887802977126484	0.3029704475987589	0.2183779897739774	0.0194866202507271	0.01290408963681792	0.01423906417805035	0.01498667556090674	0.01590075962190095	0.01719081316835296	0.01171396171487305	0.01669035144997039	0.05272229213624555	0.02070739841139843	0.02347727734270711	0.01747460510920262	0.01647223157737483	0.01674852578479618	0.01625414429433467	0.01819806729479881	0.02136647524808893	0.01008782232679849	0.01046090455258893	0.01040813675850616	0.01035382378514843	0.01000135971415629	0.01000135647672595	0.01000135297319044	0.01442149871552645	0.01715708417584545	0.0170831536680473	0.02746775760529258	0.0184257874467405	0.01814306753608924	0.0193232116161048	0.02368799789118384	0.0194149585068789	0.9698410882711423	0.3508805786602057	0.03807590518973149	0.9818438553920302	0.797506003402721	0.4778615030438981	0.4721803834674055	0.2684349286016171	0.08961468774786953	0.8828850864699859	0.6946466340155929	0.02461421386909685	0.02123674559544465	0.02441008257905984	0.2616309416409197	0.2858871195307798	0.7739957881498559	0.1703278340300333	0.1036786193910539	0.461045091714438	0.4463089988104351	0.4023334518542545	0.9690724787184232	0.9686393288677563	0.01982641955655392	0.02312046392606336	0.4452155686175928	0.2567283060821736	0.2080471893359231	0.1556863535711132	0.1428768352394259	0.9761541884894612	0.7529555009548097	0.2894983416611894	0.17892189056433	0.4254827136667283	0.4290708793134515	0.410663875632757	0.589045902320579	0.6628379913080581	0.5385231931490864	0.5774215548423181	0.4798622491413482	0.2352799487387585	0.0141377715269753	0.03877226395237742	0.01049781277297655	0.01321545173652345	0.01029495185293395	-0.0006983518674002614	0.5024472661953304	0.05781679669730021	0.01770748553360436	-0.7010126282628816	-0.7364306770073419	0.201586278513467	0.1158021427831055	-0.04308487575450603	-0.00381977663266408	0.03871944894277721	-0.01531008350519889	5.140966089327193e-05	0.05145120131365022	-0.05729109959499915	0.05848777228785474	-0.02163585490766695	-0.005275467738238356	-0.004912505658640908	-0.006576016756804981	0.2186839956940873	0.08052043462224225	0.04299673224887041
0.65	0.02423405139935965	0.02350171188924702	0.0237961627491919	0.02034481487658297	0.02073644861675557	0.02093149287463457	0.3004120448929842	0.1444941394435384	0.2296957909913907	0.1747119425689668	0.01980848589404773	0.0212214602158325	0.01983202065192338	0.0196165254263373	0.01876599759387376	0.01689766906012487	0.01245932324287836	0.01920567669457708	0.04535142396972886	0.01934045250948486	0.01961209675972398	0.01661553971040425	0.01550707510005326	0.01554117656488222	0.02037543171785072	0.01983287861218188	0.02032232667843496	0.01029003206846294	0.03335727887784144	0.01499442412536352	0.1776454368207826	0.01000181161338322	0.01000180921051225	0.01000180481602759	0.01395917284186769	0.01776735632429011	0.01758463606544172	0.03780079671171228	0.01946075542724432	0.01854625926103389	0.02147302846644206	0.02920042970611035	0.02179356187307386	0.8133819812302979	0.2188261804728149	0.02144588093205553	0.8503642821145373	0.6829644704711592	0.3984887468864691	0.4718866949557673	0.2756478016659203	0.1373128083808903	0.8655752543334562	0.6809577013955503	0.2103637526677074	0.08540064583439901	0.1663495232011474	0.3393794817351932	0.3143041314637937	0.72316646388106	0.3192148349854544	0.2719095451834726	0.4599030546237386	0.4420433382140114	0.4144696604621546	0.9740398332090175	0.9742766757745723	0.09956340191348377	0.1552094639598163	0.4509354464969474	0.4213454424861625	0.1199690886618199	0.0858188621187113	0.07704073504501613	0.942793690631464	0.7282239569821836	0.2949934304451319	0.2206344420941066	0.437441039229688	0.4402514721215962	0.4265738179255001	0.5733879437078613	0.6324906548564629	0.5344103886483538	0.5689621682348991	0.4845377952728093	0.1483592745990598	0.01144519074124272	0.0276993273239314	0.08283104465656882	0.03486264775961059	0.2033353409869626	0.01529696045011433	0.01472719701997146	0.01416079628602659	0.01980374062136964	0.01929409287596542	0.01866788195329797	0.09987147722821196	0.04630012267488914	0.068208556259897	0.06509206544365151	0.02388013856051506	0.03509510782994117	0.02698125955839459	0.02489276009241247	0.02179162023432565	0.01574747820190555	0.02290316853902442	0.02433203371171638	0.02770710833435444	0.01756981269756003	0.01383143199769735	0.01466664385515845	0.03066737604602882	0.03041127005706651	0.02562657025448616	0.02289320668948761	0.01916500087246303	0.02686089184635421	0.08901458636980232	0.04020745626656399	0.4416710323300159	0.01000271521942549	0.01000271658287401	0.01000271360739333	0.01476715615285721	0.01974449823604036	0.01946513052062231	0.04724713591305331	0.02178127910651044	0.02032738235653971	0.02470877281284225	0.03481041062107354	0.02522730426856043	0.5059095068703042	0.02053247874161708	0.02497301162388726	0.5926238821427717	0.4319992704044097	0.2543161723668761	0.478389154541961	0.3115997518057899	0.1969887544115109	0.8147275252691476	0.6360611822613752	0.4487019495423958	0.1545188861800051	0.3461995623791098	0.4710810517852754	0.3752762083119908	0.5971954949659631	0.5766217258168038	0.559207423951837	0.4609920639557455	0.4397280484793318	0.4412411569977405	0.9815616150837038	0.9831879467244908	0.1893747067556491	0.3661922333366327	0.4640913134697329	0.7054271672770908	0.03217041719690696	0.0298209421805433	0.02930414486261754	0.8771036895964619	0.6428325378099997	0.329814181543213	0.2850691585392845	0.4557075432169662	0.4580936144940085	0.4396588520646075	0.558654277293227	0.6024217046290248	0.5311317503310909	0.5568370712250889	0.4915057214421182	0.01132812101728319	0.06060532788902229	0.02029537300812293	0.1634603998455407	0.05583140507900899	0.4806270113446407	-0.00103733550505651	-0.3651596527713152	-0.001118466911299228	0.03352244221688605	-0.02090992398773881	1.201799458883544	-0.09062091728292387	-0.2117473152540175	-0.08086399690594652	-0.003130666152344308	0.08418413930475384	-0.02556266534026611	-5.341321240072544e-05	-0.1011852541581375	-0.01811676357895014	0.04595381630163929	0.006685001845196522	0.01040487600746599	0.003771528970766988	-0.008229920816101216	0.2014326193117569	0.3477877757375173	0.1507345411321082
0.675	0.01303676520927768	0.0142848063696032	0.01546330904524636	0.01657241943716572	0.01626279392311329	0.01621189901264017	0.08633850047508324	0.04567121351484284	0.07169378982668592	0.04406703390523298	0.01824856201621158	0.02899741206635272	0.03043949623710537	0.03086402101881206	0.02914118657932077	0.03632845271747709	0.0172065888847452	0.02120347400532172	0.02475384981593689	0.01907597391215556	0.02481257170867006	0.04377378979325033	0.02234396082252489	0.02216773126018821	0.02793224300083977	0.02030754397445409	0.01737727949499172	0.02089765057323978	0.06437679553939833	0.102404450181535	0.172644023549352	0.0100018073218982	0.01000180792582396	0.01000180540120153	0.01313871500354978	0.0170912218470774	0.01680905434430777	0.05299791205468087	0.01906448125065148	0.01745062424864095	0.02263782782561271	0.03654133396503003	0.02351815818429549	0.7801770518054982	0.04118732228134957	0.02426191503940051	0.8016727888660419	0.6014225588316486	0.3087178834735666	0.4652898567305863	0.2136093212170629	0.0723465598393794	0.9048854272709398	0.7042046474933933	0.1772922091769401	0.05974700448367919	0.1301194746257563	0.3218405557386192	0.2692550128996647	0.7122691809411459	0.4099962959335315	0.3716567872913314	0.4517028031177836	0.426182114138852	0.4008481860412354	0.9895346202912697	0.9907801262360804	0.0907832543803114	0.1618177112951055	0.4436242249656555	0.618198105689946	0.02866356283977418	0.02490144436015323	0.02385929405158219	0.9637802641237312	0.7130975710839659	0.3855665722926208	0.1994195253672417	0.4332842409900136	0.4380179745241959	0.3903977692788019	0.5852530322110326	0.6531015272327192	0.5409957247656509	0.5732645433884703	0.4797228051606168	0.1051146814294806	0.06889384398965739	0.01377160844910147	0.0910077838455018	0.03560203999987936	0.23328974185468	0.01541032201459627	0.01843575693386833	0.02139813852669147	0.0154495938923206	0.01550658057689363	0.01618461468931645	0.0397509651936198	0.03723067877826496	0.05187903758238978	0.01583662024898574	0.01494230776655736	0.02444441927302682	0.03138677160851323	0.03372304639129595	0.03353729590034525	0.05169841837341339	0.0137161753446843	0.01914714126847541	0.02287672962308877	0.0216600651451009	0.03599201072520699	0.06599865154087271	0.01685839023687745	0.01674674394856545	0.02892527825912861	0.01894154537584067	0.01761694144960978	0.01660023870104018	0.05700779750633714	0.141553857880314	0.01834407492885187	0.01000135338726927	0.01000135356041675	0.01000135104342991	0.01229765442810808	0.01573354781295595	0.01543713438782995	0.05722036732623303	0.01766949417107636	0.01591429925038039	0.02164878765362018	0.03796151741644958	0.02271657603565509	0.8914704000177532	0.02385057353319398	0.02408483450106449	0.8709158280534628	0.6414573882967191	0.3083886659254368	0.4577439365794696	0.1640232205508208	0.02584987001189892	0.9486736984914304	0.7395653844617265	0.0193335377276071	0.01843925905543977	0.02001643068172117	0.2436880920564024	0.2129276112415601	0.7551851158404655	0.3379182451089965	0.2841008382192449	0.4451794221764419	0.4158201745342938	0.377803145223354	0.9726284278058328	0.9762942394102764	0.03258699959381398	0.05494012388042197	0.4297575474976036	0.6215036137763529	0.02235745840982401	0.02209283735771577	0.02122785642667294	0.9853576354653986	0.7259376922343955	0.4498302480762722	0.1535859929795127	0.4205639399506567	0.4273308882071497	0.3489997428584467	0.6042988061809212	0.6889345398264627	0.5495666067349365	0.5840370183522927	0.4713035723051996	0.1590161916020707	0.1086351662527709	0.01539454767984951	0.04499042356312779	0.02289547323925266	0.07402543932802422	0.0002355109726197509	0.3163355308362981	-0.3227139986296838	0.02703818724259167	1.94292863574654	-0.2749628885331609	-0.550190422040805	0.1244802738441201	0.1122038177519412	-0.03554841762273031	0.1542781760441957	-0.02731199874621818	0.0001810410741654697	0.1236751670813635	-0.02984195818145418	0.04637198914495932	-0.04377634714484404	-0.005217271018021797	-0.004963468253201424	-0.009115818592188343	-0.1058110418203167	-0.1504283988526597	-0.007858343955035232
0.7	0.04879370424753388	0.05900895924716765	0.06960495100161314	0.02127337586087602	0.02365825106244011	0.02813290552372583	0.1132110939185782	0.07605325186876169	0.1269479254404309	0.02016680201510896	0.01310343352731191	0.01506788777214794	0.02285744430995751	0.02942619263409274	0.03602089777900718	0.08276863830522921	0.01176852846556319	0.01645896327429037	0.02521665898067117	0.03760211892223385	0.08127926364943358	0.1106298410428137	0.01060997527068981	0.01061793822145125	0.02648084208448024	0.01961422297076753	0.02870079812832241	0.01041833616787048	0.115469839393714	0.1270298339904594	0.05522528526854822	0.01000180671248699	0.01000180731816046	0.01000180286837431	0.01274448845873419	0.0167048715325041	0.01627888093191526	0.06226188995347606	0.01866310323439974	0.01634664989221112	0.02317358233775279	0.04133289680538961	0.0241352938788927	0.7389863452418317	0.07179743954275405	0.02616055755046121	0.7492919424962317	0.5759993907572989	0.3315182321476936	0.4738675458505036	0.2911942908085494	0.220135728891626	0.8001778188899261	0.6541975236010433	0.04077907924787012	0.112555799726152	0.1247588247846208	0.3308268601378486	0.3153294127402599	0.6653701106027907	0.3617940046698243	0.3180080740764549	0.4585130933005229	0.4386286620920324	0.4113158766193052	0.846336591962217	0.8581152158203049	0.01840938266081936	0.1462307525253279	0.4381972998599321	0.4918932919479528	0.06526056758949431	0.05793059491030395	0.05205148991251	0.8024459727818649	0.6362145084334564	0.431780028242093	0.2023988035107667	0.4332674659407748	0.4390039993225826	0.3630344279699103	0.5883276083008729	0.6585646625060282	0.5458486013748444	0.5770564356461554	0.4760124127948198	0.2470462846736523	0.3967774708035188	0.06339221204306855	0.01023935578126899	0.01078463647236942	0.01028668186614186	0.07905604017786191	0.09613016536402551	0.1141327747743769	0.02746269204026482	0.03168915563903767	0.03926696912589057	0.1911237150753473	0.1058929292317214	0.1995979318409906	0.02383653663526543	0.01431654271953865	0.01175798109334527	0.01554595834146359	0.02454658763490219	0.03629723971910255	0.1059723331760023	0.01429680049330054	0.0162571054082186	0.02530640428926688	0.05126350976121159	0.12104217536374	0.1462266640641131	0.01123079226816714	0.01125546307864243	0.02456150843043418	0.02174873806439584	0.03905706744623178	0.01070611124677574	0.2004466715682989	0.09685313536969331	0.1738122725679629	0.01000271316389408	0.0100027152136986	0.01000270925025482	0.01388162380539791	0.01890446945793853	0.01834588256954997	0.06706199596596907	0.02097503624016657	0.01811153143600245	0.02592071905608553	0.04498063722767384	0.02670270530114523	0.4220117023040688	0.1032352322079184	0.02899077632465289	0.4888601146025873	0.4179833235847321	0.3399278171977229	0.5018558034972805	0.4967432110311623	0.5223914744942646	0.5210586972205946	0.496851130859858	0.1342627773528781	0.2594896436489796	0.3224945453265288	0.4948026559810708	0.4894310149861835	0.4853615168992286	0.4504925663762904	0.430377845398781	0.4806663427195551	0.4755302200742224	0.4706963034015737	0.6010541573515663	0.6292186514028362	0.04412668907501983	0.3322936925560492	0.4538575797044053	0.3288376828743322	0.09897280412318682	0.08644567277041014	0.07634920028335487	0.4475438403734208	0.45804340064618	0.4095444808323491	0.2918048745092441	0.4571967513781917	0.46129134001201	0.3870630559793098	0.560329673922476	0.6049873539239394	0.5400040641598383	0.5641301117742373	0.4845137758214415	0.3083691751945367	0.8367304846540736	0.1107729708328459	0.01041985821166059	0.01080619922212984	0.01199535725690486	-0.0003847721714023853	0.4778804587805708	0.4387994231325044	-0.4088917519862564	-3.500121663531755	-0.6470941410142868	0.8274358753137927	-0.758373830555085	0.02212676450461704	-0.01999557015857529	0.1816515147710684	-0.03011170543113148	-9.063871657450597e-05	-0.1422111487115687	-0.07503335723922316	0.0353101338006364	-0.003005131655447003	0.007997486151042921	0.0045252571645211	-0.01248959233500063	0.6934489026162612	0.6299039717552318	-0.006851720880634639
0.7250000000000001	0.05404985793232907	0.06340158100006238	0.07437104127683179	0.02273915952393056	0.02523290660605301	0.02959049594180712	0.1298582860385561	0.07300258128967702	0.1332828580018542	0.02290535900305147	0.01481118423197461	0.01266278031059728	0.01576319812548099	0.02087171072460895	0.02742177755447296	0.0689878935272232	0.01432784842968637	0.01614744743200677	0.02156175962465649	0.0364274037684809	0.07797392799906046	0.09480717983965545	0.01153139666099432	0.01155986136974251	0.02094957285437373	0.01944740627012847	0.0295032196467291	0.01086410899516655	0.3677672568438921	0.3422914844218836	0.3703761635201612	0.01000180614129027	0.01000180722440654	0.0100018023678254	0.01259077066243176	0.01655187848104349	0.01601994696681935	0.06628348064474072	0.01807193358333167	0.01551236782114283	0.02376062140013076	0.04382941695853682	0.02490897013802594	0.5867472261546102	0.04503186636750123	0.02578232957071908	0.63307524151882	0.4828037118281938	0.2876498506959803	0.4772888300007628	0.319445754902952	0.321929730416718	0.8163766774457021	0.6588780050646762	0.4991293699572328	0.2556787111837743	0.280324920947864	0.3780197930303185	0.2432066435088813	0.6084190305005712	0.5008235236474793	0.4720439534405464	0.4518678929784393	0.4231881137473838	0.4057391777207758	0.8417044855840421	0.8534755043717367	0.1686205086528454	0.3002256174204047	0.4284852619142146	0.5302458880356592	0.04728517524390444	0.04232515924986111	0.03765917190555339	0.6760165987098508	0.5646432077833652	0.4296420160613514	0.1970121346806448	0.4331023596926329	0.4401396668776466	0.3365463372686267	0.5816980830281385	0.6473801414540024	0.5497746396880112	0.5825949430757436	0.4729411839664225	0.1243306228788232	0.3763631157567229	0.05735046195621107	0.121064567920433	0.01543154754194937	0.08671790416848882	0.03877857330652268	0.04326829495307965	0.04962915171769929	0.02001965093811419	0.02141592010411095	0.02376923858433547	0.09428082306062632	0.05353526177131856	0.09448877163435783	0.02195796636551522	0.0150961930166746	0.01346958538511881	0.01651293404320486	0.01936317724594121	0.02282825786258389	0.04760299085593172	0.01430563882673744	0.01634427844562444	0.01976523188339917	0.02773490833052744	0.05220060188457393	0.06406572575669603	0.01170837683549217	0.01173743610338324	0.01919835258170046	0.01828889306499612	0.02371573293291736	0.01099316794299049	0.5401684959152733	0.5645113347825844	0.5586714605727312	0.01000135258903067	0.01000135320155246	0.01000134892910822	0.01201531049579875	0.01543504336359888	0.01490503576818691	0.06555535636629585	0.01653202506394644	0.01412121326515675	0.02260304799481966	0.04288123732447176	0.02395604865650418	0.611846299063794	0.02160498004538417	0.02407932595526783	0.659459349364142	0.4878144838761713	0.2601991810186308	0.4636761804344806	0.1987564838347997	0.1915517615081351	0.9854150775962038	0.7600685232432824	0.8611421955287289	0.2590254868601611	0.257649064824546	0.3151783533081318	0.07553640285574185	0.6559702100372359	0.5856112215709882	0.5471349234458751	0.4325293542730743	0.3847765824966423	0.347689047838967	0.988320314074707	0.9899520285943765	0.2594576189690581	0.3076368278313373	0.4109257983931806	0.6958849043946757	0.01780941581139897	0.01719952812431068	0.01571170034132553	0.7265970729830711	0.5854160944914814	0.43199782223398	0.1462454859495581	0.4207521583850753	0.4299277930080249	0.310012624421118	0.5860174410584399	0.6574862865664307	0.5560718731457073	0.5964022349321618	0.4670358601521986	0.0134770963024111	0.07272539936993375	0.02586811894676971	0.1967637157655027	0.02578390761219341	0.1302295505336666	0.0001592176148340357	0.3776035151642836	-0.5315295765089884	-0.3301880897576587	0.322839389565096	-0.9177144359176995	-0.1884465842471442	-0.1865209464262328	-0.05959112113626242	-0.02491117525563481	0.2176561698437057	-0.02220333808590925	-0.0002971540256338985	0.08037527977041811	0.02702503196441531	0.03177703673169206	-0.0119474890769102	-0.002740140209459704	-0.01142067081230224	-0.01347927853036729	0.02019083655436259	-0.01151060198509605	-0.2330135711012536
0.75	0.02865378313115012	0.02949320521980889	0.03153973337239252	0.01930703101526247	0.01953136874752602	0.02006731760032002	0.08592035432629876	0.04727015237335035	0.08757653634004332	0.0182397472467227	0.01541816990812301	0.01607508006862566	0.02225473738569878	0.02437954204023535	0.02622743586516245	0.04711197822615776	0.01433495753853822	0.01868342997131523	0.02221715952171222	0.02418664356267957	0.04210758311374653	0.05943311275423714	0.01195806594955453	0.0119763135338542	0.02143238228166373	0.01935762422567037	0.01965039246418441	0.0114564399863007	0.5165053880847763	0.5399792937698072	0.5044811448411229	0.01000180561717377	0.0100018069164224	0.01000180230602682	0.01328708165747312	0.01714235242532321	0.01648071737539836	0.06156904738887506	0.01712015340979801	0.01447447935045214	0.0230103126141259	0.03981042104353885	0.02436824829402468	0.6764900845358217	0.09793886267575423	0.02480049078980468	0.6913871762887622	0.5550416290668989	0.3543322794314862	0.4626355188469698	0.09753305102512504	0.08588132362800587	0.8881538636270283	0.7558725190513962	0.7068473228064135	0.1805104262081182	0.170332487686161	0.2837516068165493	0.02552931159970109	0.6792784733210231	0.5506961590414069	0.4861411278576054	0.4377707897097428	0.383671620160871	0.2673184181709297	0.9892054438643182	0.990381693560814	0.2416124617921583	0.3188353918057121	0.4204148052674424	0.8000349672997169	0.01267979014602576	0.01246491025298298	0.01164971866728214	0.6776700012982053	0.5690164045912548	0.3896825994643076	0.1808799801126822	0.4318172226135385	0.4399762464191501	0.3771863556203199	0.5632474982855449	0.6166206025308064	0.5484560913743709	0.5942194081124865	0.478931544541775	0.05363339520806088	0.01563736563386767	0.01419274111736025	0.1913903331109318	0.09811663333067291	0.09431246521431252	0.0328172352076612	0.03327719422974727	0.03385214157158278	0.02159510156160087	0.02172807448518757	0.02229386385945889	0.1049107704007492	0.05624485019265606	0.1077375634417753	0.01605150676073195	0.01577612165391778	0.0173225314606134	0.02578191531379517	0.02921895216958389	0.03245085181789986	0.06182843988377996	0.01488618233334304	0.02072902000561354	0.0257390681133007	0.02857699455923684	0.05162263066414743	0.074736903832341	0.01219680748375678	0.0122079633061147	0.02431804859007288	0.02155171026717647	0.02135541535467021	0.01185864155309448	0.4945344957361061	0.4692748148891746	0.4442086510154237	0.01000271210496025	0.01000271464641009	0.01000270902695671	0.01508796980996495	0.01992903506684983	0.01911384502884032	0.05875139006669414	0.01913966727272791	0.01607203645560626	0.02468928242696932	0.03803522322266328	0.02588485069587781	0.7388088216301719	0.2048474163583753	0.02713775880118023	0.7054581131403403	0.6432836529184266	0.505704962995106	0.4650199934886207	0.02146577074584168	0.02570690467174613	0.6959572567049311	0.740155644285592	0.4924621781781495	0.1116102304703455	0.1051271656061015	0.2693496399318093	0.0208967318588521	0.6964838016388701	0.519419814773886	0.4141230614804124	0.4493206779058382	0.3870975528094162	0.159754978260401	0.9862332808108759	0.987098952080485	0.1895777074491342	0.3815011544651828	0.4381373418632778	0.9864400092116516	0.02966893820049278	0.02706976250932456	0.02475392226545925	0.5302275601639448	0.5087703367588878	0.3171191002197257	0.2562393583753116	0.4541799952658339	0.4604772328745604	0.4899666211415109	0.5179642146931649	0.5340056344245878	0.5348770965137766	0.5903422379741493	0.5003129632044585	0.142565927412253	0.01075897105376288	0.02766238210233774	0.1473401891637849	0.1708616228484314	0.03199250466883125	-0.000351913040919097	0.06461487226828722	0.8324055014588247	0.3404672016721563	2.313072344500522	0.2733399776111112	-0.9234369577209377	-0.1614297175786993	0.1122688339402673	0.0260556374654779	0.2150671304136282	0.008691283957110182	0.0001680247627447106	0.006136319338807959	-0.1229085400198378	0.01996895514603141	-0.09924499293277571	0.005283094885033342	0.01042393433651834	-0.01571636723575723	-0.1097343066196397	0.02887282580841537	0.5282418748865899
0.7750000000000001	0.09505768759612736	0.08290600177460146	0.08628157123840256	0.03080205927412508	0.03511946883581723	0.04125449434476393	0.133128113141924	0.07371184817089727	0.1332037134138691	0.02036033877631047	0.01428635469643844	0.01334768494529468	0.01712266743062672	0.02002082572643944	0.02393388459452203	0.06088065450348642	0.01430449173192185	0.01632170732504901	0.02009762115898631	0.04142315684933641	0.07925315510408261	0.07751440628369095	0.01123148750148154	0.01124570263274471	0.01830865806051009	0.01871858891334878	0.03485953821576723	0.01094867688451059	0.5997551026732361	0.6071015116858807	0.6394003649432606	0.01000180595875179	0.01000180712455325	0.01000180301696204	0.01423205880113537	0.01795209692988381	0.01722588637444634	0.04970912638162583	0.01684320005809948	0.01444230915602996	0.02161292580351836	0.03240434968566874	0.02294775887740627	0.7378245440034225	0.2946357544450005	0.04812488807859718	0.6220855602068868	0.5427660242705796	0.4183498714102969	0.4869329981763341	0.5000555668611234	0.4591678581444112	0.712843727531513	0.5651800041499395	0.4781563891713934	0.347041583159001	0.34797398886918	0.4328112091758963	0.4588727888514523	0.5448578236173743	0.4875776042455309	0.4920665763110955	0.4677515010288536	0.4550557404747504	0.5357334118439252	0.5604863581795845	0.5530658052830818	0.1886243765341234	0.3611686267359259	0.423468813335166	0.4855321273422885	0.04789957286988719	0.045038135245734	0.04169824696076822	0.5373059635331859	0.5048926357962309	0.3619510827799526	0.1299847560699804	0.424494873437528	0.4367633152285226	0.3768587884312568	0.5468330806537339	0.5930383089250073	0.5439868679975004	0.5964123226870763	0.4803087737660261	0.1820703496267685	0.5068716207832713	0.05176714771747708	0.06404445576418359	0.06891851214214272	0.01035881814392289	0.1368163365450409	0.1156576326090074	0.1213786213210466	0.03602955965244112	0.04289675866536346	0.05262245277058778	0.1560361821132767	0.08566864545324235	0.1542674199143969	0.0224493743131345	0.01348965416210143	0.01119959648859849	0.01243016420662793	0.01506089005134102	0.01928796538811398	0.06111274259478209	0.01398113916226462	0.0139831887950107	0.01707963531288699	0.04939198664717027	0.09788831259387723	0.08048427543514607	0.01070494800487938	0.01072064687228583	0.0151755618620717	0.01730183813614269	0.04305518748214837	0.01048264300778075	0.6923581913915952	0.7105147197905963	0.8036838722384823	0.01000135299869411	0.01000135341799701	0.01000135036129611	0.01426798356136844	0.01710021412487571	0.01643501603126236	0.04318470438036202	0.01572590820363063	0.01370405380479562	0.01994044933240023	0.0286991188430103	0.02133284745681955	0.7529725151822753	0.3966797307772847	0.08068446233433624	0.5322837708332272	0.4775280679029784	0.3944649045359628	0.5097919006486544	0.9570574187426704	0.8543874669474855	0.61974676544164	0.3748473016919836	0.3571651454301101	0.5451226298926117	0.5515811621683241	0.580398264585233	0.8656096346739137	0.3978509225786127	0.4414662792257916	0.5372821583216457	0.4914677537559018	0.5195341258760841	0.8443930150660762	0.1248785654699958	0.108884397030116	0.1867936707372801	0.3710219842390481	0.4215024060674654	0.04800609081840657	0.06252115678944373	0.05873466377326651	0.05362840467370595	0.470339339732906	0.4728934796909449	0.3658877922357233	0.05785113828260566	0.405686335406948	0.4225114035310996	0.3196106506314409	0.5541795164411444	0.6124603168691938	0.5449982072576939	0.5977587953586	0.4708023087225091	0.201972187512642	0.9697713211209837	0.06370836125762963	0.01019126341615634	0.01155353274853617	0.01071031533446339	0.0001856823011114617	0.4267384336339736	-0.09967565074296639	-0.1713696577993585	-0.07190683956604536	-0.3761862383159897	-0.04660352859717125	-0.313785392853314	-0.07587901389502884	0.03430066504107989	0.1505684964796377	0.03204163966277022	8.413695075455944e-05	0.09704870312143511	0.01205037708957748	0.004318666833097349	-0.002011663452483289	0.001483078868072679	-0.006567981912224149	-0.01416757669847838	0.1147541474410586	0.1566931539319956	-0.04526645895576411
0.8	0.1433128858372508	0.123135534468002	0.1312270925651821	0.03634497923335436	0.04406672977544034	0.05580898279642608	0.1642415456219168	0.09118548246998168	0.1622001340862749	0.01974170705733626	0.0136148641495553	0.01129826193392464	0.01280007411464478	0.0159417223397262	0.01992311955114452	0.06397768680435753	0.01396795833542872	0.01467047520590577	0.0179281664792869	0.05371869424093136	0.1043762161068079	0.0841637444562712	0.01066036741845959	0.01067366813428047	0.01669058158179413	0.01866201603982163	0.04734104264711615	0.01074897818943959	0.6173577404519766	0.6300106187981377	0.6649201925893197	0.01000180718981516	0.01000180772467752	0.01000180675924251	0.01912105908160918	0.01943039959149101	0.01887265417109424	0.03464777360814014	0.01712957588667892	0.01522369085599658	0.02019773151058793	0.02458718723903599	0.02144070647289869	0.670865225937075	0.4375962231256397	0.2518238245743281	0.5322003695130145	0.4895393406169641	0.4273927754260507	0.5003996769884718	0.7573421987348349	0.6232173967811601	0.6296857442369507	0.4591339599415246	0.3946247197981598	0.4963845706758829	0.4856565397008574	0.500807023466003	0.629673471176407	0.4662234733262943	0.4607118569514945	0.5143819543967457	0.4856367034436147	0.4774771486038082	0.5450289401267359	0.3810325938705276	0.3642267888947638	0.2618356848655511	0.4088844982582214	0.448506814270729	0.1273531273102433	0.09774230023099681	0.08792556880397571	0.07362214691146401	0.493114767943388	0.4863377229417755	0.3090204943606584	0.08827464246014538	0.4165819467160563	0.429726324942615	0.3764776691627677	0.5468312361492881	0.5967092253450725	0.5349679190062464	0.5822859560124619	0.4802097867611611	0.1064649319329881	0.6427325214773528	0.04505804381495068	0.05006336858427432	0.01102060559139938	0.1672554461915407	0.1301118955772334	0.1147807798924469	0.1243060195984626	0.03382420658622061	0.04082495715850278	0.05251823318807974	0.1691424403586949	0.09272616786970078	0.1677904911965872	0.01537503870842181	0.01433016056624459	0.01305631757745206	0.01687506780726087	0.0209009964809318	0.02469279160950072	0.06991249736196041	0.014279788011083	0.01725107861888697	0.02137382000592987	0.05418616450512885	0.1037919055815029	0.0898502733748206	0.01101865207874059	0.01102729920549772	0.02072526509399897	0.02131214462839197	0.04685644087080627	0.01138894990351117	0.4946742155475173	0.4892056455983245	0.4314086045934178	0.01000271436496804	0.0100027157575857	0.01000271582269884	0.02406481028983592	0.02276161218101169	0.02223347753638276	0.0293650010372242	0.01959216624231003	0.01746106790068925	0.02185108570156848	0.02254497355545219	0.02287773164179261	0.5353982156167439	0.5223046680887898	0.4645970275963724	0.5154124400198575	0.5166974055156819	0.5126410599137473	0.4872476707928857	0.4004300182953372	0.2012685569958062	0.586750164574297	0.5634947888529895	0.4050331032480013	0.3794686827164041	0.3401353430289628	0.3664086171935525	0.2167868558024099	0.5603057800792278	0.481872382276956	0.4651687015806367	0.480266116234457	0.4113659652060777	0.02231503046439448	0.7047984735052178	0.6823558094252573	0.3584491467305009	0.4836424504559667	0.4971552895126397	0.2007355129624107	0.131828583067039	0.1146358895346279	0.09037928003942364	0.4943339236103985	0.4936154115473485	0.2094307969695945	0.1611754055125	0.437909494549275	0.4448243764185562	0.489124478274411	0.5260763038458663	0.5557651935483514	0.5148049380893429	0.5540289694776274	0.4995101876007818	0.01107358812619062	0.08172633339751793	0.02230782338026952	0.1118650266660454	0.04914101135394549	0.3482445510064843	-0.0003929883651106467	-0.5865968769752664	-0.8814127255490997	-0.1485561638458849	-3.505556712876845	0.2866501744860759	0.9802696024488284	-0.551393124204941	-0.3046257065716693	0.06878623524874382	0.08351806755998198	0.04977615073300026	0.0003600910283376426	-0.1776129572496223	-0.02734349464110255	0.004386164011826991	-0.008897990621475668	-0.0009150982854533102	0.007927278628684664	-0.01078769908945462	0.3603562652513155	0.2195229892882546	-0.2516374890628815
0.825	0.1069995516219892	0.08544093798936034	0.08713663921961426	0.03132686674362629	0.03525424447869328	0.04164357468996794	0.1009727840611224	0.05916202897949571	0.1006280036634378	0.02161039689504055	0.01549169080032797	0.0123950380296975	0.01455005989594596	0.01759191282577342	0.01991461971041634	0.04107435574353564	0.01714158329282878	0.01602096849931648	0.01839977842564251	0.03744130788988363	0.06477810897561959	0.0506849725122081	0.01139438324317213	0.01142103017210905	0.01694469347873766	0.018562843314773	0.03522792063623904	0.01060933327956957	0.617666756346284	0.6211181237038508	0.6650314816111684	0.01000180792158964	0.01000180806940416	0.01000180779641717	0.0311193917180545	0.02132078537463681	0.02104568736175489	0.02217839849389035	0.01714102526607082	0.01551268357374818	0.01880106895935341	0.01835221928253545	0.01966584082377811	0.5786589980445631	0.485034681149053	0.4474576373571568	0.5409325345034938	0.5340204964632891	0.5137008368109065	0.4829136254717993	0.398623048042097	0.3652357524040225	0.6618770987215894	0.5888035190804024	0.4600170602767628	0.3608292420394333	0.3188853649263341	0.3227828164974233	0.1816060022947389	0.5566712318886731	0.4875707685203144	0.4839624367047737	0.4776945575873998	0.4673080463743463	0.110620063209151	0.7077165627393286	0.7221323492570475	0.4033815834986524	0.4765948910932981	0.4864378508339035	0.5149747850489379	0.06008250047475913	0.05460639565941335	0.04478083663007629	0.4882590668946605	0.4859699128640758	0.1755995501754051	0.07330660165032306	0.4029037253530305	0.4133260916571787	0.4877527424315939	0.536328845271077	0.5798254358512828	0.5253179250214097	0.5910065598396106	0.4969002568604897	0.1003211011637559	0.1258492953247538	0.01755190529308068	0.1107660904138755	0.04157640847246374	0.1371510596640531	0.09170695366313997	0.06663694190109778	0.0628089739737131	0.03054628233439857	0.03268738502855331	0.03585197016446244	0.05348252085177892	0.03697869006723433	0.05340334719586198	0.02458802028973271	0.01641490549463009	0.01197634046013396	0.01313587663662554	0.01564666911013726	0.01714330258735062	0.02374009568769954	0.0196191433720983	0.01534237925945042	0.0165767541982488	0.02757552763684673	0.0396129922039231	0.02643478836511243	0.01164140166973134	0.01167759776477196	0.01477477173952241	0.01714982583239122	0.02890848226369779	0.01166709175613729	0.6652512223264986	0.6691525663055168	0.7567970829708556	0.01000135484400831	0.01000135429532958	0.01000135421684457	0.03631517700473845	0.02076436621215595	0.02066545355053021	0.01783910232669903	0.01595187490804087	0.01467129528108539	0.01715887237702293	0.01595095525733488	0.01790446829505795	0.5625501481102825	0.4921514199685904	0.5002716161829194	0.5592527644608345	0.5640519285408738	0.5504572356076609	0.4738202434884561	0.2478896196222384	0.3369069388492849	0.7167511895672413	0.6552828392358488	0.5050966390084562	0.2983723901934851	0.2488446341740839	0.2385836950432495	0.02750418090006131	0.5916474667396265	0.4996077719020659	0.4809262893566406	0.4732807975824815	0.4887808474191662	0.0277221574222617	0.8229208528146087	0.8696948894859825	0.4723492913359345	0.4993152693579401	0.4958491658141808	0.8182153409406859	0.022637241562993	0.02236093115647972	0.02050692883641367	0.4826078989505869	0.4816652231957939	0.1180833345974441	0.03355150133484693	0.3813512946157819	0.3917451589896687	0.5351137015166239	0.5357116996887663	0.5810504472255973	0.5260934502048545	0.6138926317793103	0.5034658694404688	0.1511203295469601	0.01570196615822815	0.01436876249690216	0.1130967774451529	0.0355147396219352	0.01368186841542029	0.0002238582974640456	-0.4100891909153534	0.1754172887080701	0.07658105010665273	1.321648245341164	0.266233277532078	-0.2754564216931438	-0.2596348146852628	-0.03248492176104226	0.03802796570797342	-0.00184561719349694	0.07010744268786272	0.0006679081119754911	0.08816957425895931	0.005909626736736848	0.0009780576948661434	-0.005568182112138384	0.00320714503765379	-0.006199507740447119	-0.004342000851663017	-0.1709459621307784	-0.1003211533286657	0.1163323588057927
0.8500000000000001	0.1083274990850867	0.07566994957951614	0.06814166751996183	0.0365132612464744	0.03887577662726013	0.04165168450004178	0.03440898220800263	0.0216026457683638	0.0302622992498599	0.0201700948822084	0.01920330328265151	0.01167454406864639	0.01228040553985366	0.01488650884698693	0.01607042271737379	0.01646225393932806	0.02806885007915457	0.01555368875899382	0.01505464921720902	0.02553771930651282	0.03129822400507997	0.01552918520563818	0.01212406942434723	0.0121582073124529	0.01414629903635377	0.01816910242256638	0.03201117277700091	0.02554854980359187	0.5450229019316774	0.5505605768411445	0.5394741433104739	0.01000180954297873	0.01000180885555469	0.0100018124682508	0.047244484017425	0.02311463278664471	0.02336984610209632	0.01522563538704095	0.0175166022345068	0.01690990583826572	0.01750098117778125	0.01499606396934712	0.0179743867597085	0.602266951283962	0.5331488826807012	0.5060242394470557	0.551308324336747	0.5521184251005974	0.5341420371900847	0.4827627040221061	0.4022297853354587	0.3846059845998088	0.6746388533863542	0.5950412986184175	0.4210209455103803	0.3346531666446665	0.3058457140220114	0.3128440229864751	0.2154588212813479	0.5618674654294923	0.480945004343359	0.4834424335603826	0.477508472006157	0.4543271607434093	0.2028724213657152	0.6593334913739221	0.6789250400130467	0.4310152710266492	0.4869437706613373	0.4892332189799653	0.571135431992342	0.05054362381238541	0.0379785625903865	0.03339025104492177	0.4843157682926988	0.4840843637365235	0.09656390247013857	0.1120184685962193	0.4065731213691562	0.4127237313118207	0.538721254037508	0.5290878637292686	0.5618952985321404	0.5227568891053109	0.5940836685836364	0.5043476737151487	0.1668385125662745	0.3772269009687026	0.01469146374221027	0.1190857129022541	0.02813687132725505	0.01033636896332493	0.1318188769306526	0.0930585158617839	0.08414431877233972	0.04239978524381224	0.04597300630449968	0.05027800306456531	0.0355425496520626	0.01852313982864884	0.02746640406192327	0.01317323141160833	0.02137921701367262	0.01202423100497219	0.01322715916224446	0.01642698368008313	0.01778669073623324	0.02044403010426508	0.03465286768190377	0.01671593023229708	0.01548940090622462	0.02948724288412425	0.03577641789104837	0.01909947533293433	0.01248032347548934	0.01250525950695224	0.01577283363224749	0.02058375413148101	0.03879517190055184	0.03830866872460679	0.3169690184350341	0.3216466390721144	0.1268166314143382	0.01000271740559971	0.01000271722958223	0.010002724340456	0.05600658910471238	0.02639897993638865	0.02688854222898465	0.0145069326161116	0.02026818424609624	0.02002773384859003	0.01921939268428322	0.01525473258062214	0.01946494986558217	0.6444131526702112	0.623499284755706	0.5725203817429068	0.53680030014584	0.5412441223016161	0.528718879843431	0.4944367140816556	0.5849891778503702	0.3882361138478056	0.6011262488664106	0.5216148762351172	0.2875509524829782	0.3709069561138495	0.3709853807377282	0.4067699407094583	0.4520726645961025	0.5347431181833316	0.45468367744993	0.4777443244670086	0.4831806152461547	0.3851396403991288	0.3977782568892647	0.4625468823091138	0.4389821612685102	0.386352660171613	0.4838404959084229	0.4889299121440448	0.1839189808437136	0.1052610549301373	0.07574283762368983	0.06296159387192429	0.4868300061111259	0.4891900715831993	0.07342325777014598	0.2390051998491509	0.4512214823670394	0.4491317930087899	0.5754492325740899	0.5132678276140755	0.5199538660007283	0.5130365375040897	0.5572144403895366	0.510593254148599	0.1385999064152238	0.901997112476377	0.01283709867658779	0.1392243864500555	0.03247564796818862	0.06997553359121252	-0.0004539551507085252	1.065876237793426	0.3809918636708665	0.2698300082194585	1.3179558783831	0.6698918646391627	0.1901848739403346	0.1065518561405738	-0.4009729933769515	0.05039106660510077	-0.1000542907080102	0.08578543710225181	0.0006984943238207934	-0.1355408365678769	-0.02414188782920288	-0.007859198425008613	-0.02396231988828217	2.173921101892442e-05	0.001169633082362073	-0.0009453931765237815	0.5686236199017416	0.3369699578088454	0.2015425687396699
0.875	0.1233792276095636	0.09322720517305082	0.08623667546840078	0.03946804291293528	0.04325865669818622	0.04766275796538601	0.05699093784801824	0.04395229143041661	0.06456299978682012	0.02299383322274496	0.01620450346226055	0.01123984149296005	0.01224607952491329	0.01552112151305594	0.01729715951862634	0.02741783340015441	0.02281982738066772	0.0144547183699005	0.01542073112564305	0.02924248339623246	0.040977314600578	0.02906804216526334	0.01110551760601347	0.01111432965665604	0.01421310470800405	0.01798583416336631	0.03704273624950084	0.01957866956372513	0.4447495764570944	0.4189066682254791	0.381305072922239	0.01000181006173251	0.01000180909670186	0.0100018133793082	0.06490177436673279	0.02572784217901502	0.02687164530830219	0.01295938859467283	0.01802593675562156	0.01866914956271237	0.01663751941794969	0.01356838529865651	0.01676905253553262	0.5048477421446617	0.5006564389614957	0.5033843455032706	0.5175889223356278	0.5234498553872025	0.5176826004039626	0.4826627270016531	0.4136006939761325	0.300383599043728	0.6625310874334367	0.5874352422608062	0.3877063196128154	0.3547344317261572	0.3321184564426171	0.3288367570761683	0.1736640112936121	0.561504993396133	0.4732590800439512	0.4812254026488514	0.4783771187601195	0.4288950954077358	0.1421089298483214	0.6098762752553606	0.6197175794865999	0.446128191012065	0.4964014641347495	0.4976689676202304	0.4584105893101664	0.0674764558911473	0.06522761144610731	0.05156218734422176	0.4781815472792881	0.4809258260004539	0.0557358189016925	0.2122380262761713	0.4342101336722177	0.4290804151778562	0.6320332130881254	0.479114521076199	0.4505294355331699	0.513225022196793	0.5877625499127904	0.5157694287525404	0.05954218853050308	0.3317075812622965	0.02191008106986009	0.09978478284307798	0.02794131960792395	0.2597362173136649	0.117816733460828	0.09238383196077783	0.08613791559526265	0.03772188029107147	0.04144912071168089	0.0455883318011362	0.06735758834200972	0.05669593174159947	0.08366054301783386	0.0278184356162323	0.01386531782086599	0.01087368395563399	0.01175848030972366	0.01515101791212979	0.01712681463997802	0.03061578826224119	0.01703978345369498	0.01337983619528979	0.01538343651195807	0.02872235437708331	0.04289137436856839	0.03383987624354848	0.01055441407769374	0.01055365800343501	0.01341708906464704	0.0166889253154016	0.035529345854039	0.01045092170678259	0.4391960603763737	0.3871067333496415	0.4183282945203696	0.01000135671188765	0.01000135517714003	0.01000135829232039	0.07147681002036751	0.02553924708265499	0.02713187332646263	0.01212081682823215	0.01697217024744185	0.01826136654238823	0.01525078777301232	0.01264436014589735	0.01531140537866118	0.3919374005115553	0.4307529683838054	0.4791523272907076	0.4923121527649352	0.5023867798015085	0.5075005531205947	0.4768293600529848	0.3315847209248065	0.2444492287506596	0.6854772003493825	0.6158500457599592	0.4150348693132003	0.3494341969165947	0.3194778736151606	0.2939190896877253	0.03429819476450462	0.5744483465347763	0.4777483051615248	0.481433162143915	0.4774744267439422	0.4491553600854579	0.0225483590584093	0.6445410499670119	0.6667038992373453	0.4880559254052548	0.5083689357230426	0.5073614422227802	0.5371550082004289	0.05091788936804905	0.06449121292924241	0.04568392185210557	0.4705516131042784	0.4751786799001229	0.04376169295662848	0.2233028796255447	0.439399595405733	0.4279299458467851	0.7086935037100762	0.4346911871457575	0.3565119079380993	0.5083903428964632	0.5993192645500106	0.5237448597688588	0.01651551898479112	0.01257455024359593	0.02765474492350209	0.07076669444205823	0.0247077032001814	0.3945370139189491	0.0002972563502595349	-0.6552229621954784	-0.379439055277393	0.04836615849783357	1.010469255219368	0.2380498197103717	-0.3525321060706452	-0.3626440164856295	-0.1806613796393767	0.03692752895147677	-0.1849004344067628	0.08704306936852377	0.0009276307325670981	0.06205010836348691	0.006190266319037385	0.009414144046876072	0.00131992093050776	0.002798862106358639	-0.002507936323290087	0.0003907462333549861	-0.1883304876316208	-0.1392551341494754	0.08517334636426287
0.9	0.1013391329073889	0.07581298637622416	0.06745187397898093	0.03644541836282461	0.03832953097675432	0.03938355095049782	0.04581108025675647	0.0384606467876502	0.05380757059142309	0.02196588675014485	0.01837105096151756	0.01143720392857281	0.01227150399483595	0.01644677483982484	0.01818224693286941	0.02464556524565301	0.02374973410959649	0.01488047569680823	0.01543138515551788	0.02526135464850984	0.03298176667961203	0.02675668536635357	0.0123434803119265	0.01233275314206553	0.01405892673224696	0.01799169706798362	0.03050649958262995	0.02086966314426184	0.2992947440453027	0.2759260467887521	0.28782894112691	0.01000181348811765	0.01000181066030974	0.01000181761500667	0.07812165621391567	0.02724308588994697	0.02956948644276534	0.01200370647129819	0.0187684107086597	0.02160692836476428	0.01556845459074909	0.01254984605074061	0.01552584961724941	0.4807389787731767	0.5236924480036486	0.5670667864739979	0.5076453640320044	0.5216276218297856	0.5290482920811903	0.4832073125233706	0.4233272566066142	0.3729665984273678	0.6521619592500832	0.5823140765008927	0.331206184608775	0.3352277086057779	0.3314628387040002	0.331109757045892	0.1992400918732088	0.5600947012846613	0.4633247778485484	0.4774917720500908	0.4849281704666027	0.4769031832701003	0.2235424155696602	0.5305487129992497	0.5456811646784876	0.4825382900671187	0.5071536045088278	0.5086456106615951	0.4451925027260787	0.09131545256581865	0.1055184016699521	0.05050824341893722	0.4729707947498227	0.4787517308628012	0.04981144099726697	0.3237357603602048	0.4578921031327086	0.4476254607235101	0.6702694839497231	0.4362215799688669	0.3587285520757632	0.5074646563437635	0.5829869360983659	0.520018016617967	0.09359579866270226	0.2267950371186692	0.03409180008352062	0.03283937788251723	0.01838593198025932	0.2385254498328598	0.08958599404302771	0.06183046444707524	0.0508955386187065	0.03740801511395372	0.03771475658979383	0.0361142133033087	0.01848808352937176	0.01214646710984353	0.01210332183253452	0.01186696239590532	0.02461590498484817	0.01227685361045598	0.01326466842535602	0.01822178761983937	0.01963812064543075	0.01770408937803955	0.03519896679979786	0.017233271118835	0.01558810747385288	0.02304066029364999	0.02302273177467497	0.01765364197550975	0.01445370877885908	0.01443818708990766	0.01551261951523449	0.02055434245995163	0.02786864317391676	0.03923563637539833	0.04880887469464372	0.07331519550950444	0.02355774594039098	0.0100027235976622	0.0100027200562922	0.01000273205638865	0.08347935321101996	0.0296753429212327	0.03248940291227354	0.01230876735076625	0.0217126095466164	0.02569798209272614	0.01711753236643826	0.01312512497973115	0.01697769357987354	0.6240619311724118	0.6935904010182666	0.7330715076477725	0.52775625642307	0.5499127952312464	0.564192773982972	0.4958018320359158	0.606636440218058	0.5816785353328237	0.5817775655045073	0.5129687966964611	0.176672513369846	0.3208076127887456	0.3639920178584238	0.4093106256842728	0.5023137367724184	0.5314367807661454	0.4341523545394823	0.4696568103432942	0.4987230751373594	0.5112628693902094	0.5795029064365319	0.2983044139122199	0.2939069701735759	0.4668877258442644	0.5058858098791241	0.5120094247224504	0.2236943867477304	0.1571380324206741	0.1611967202525047	0.06495802972114756	0.4767770865557909	0.4852409807624664	0.05846070113979309	0.5053024966690053	0.4985519929606511	0.4879315099511936	0.624109795710854	0.4310200581152071	0.347323232431959	0.5032666234470786	0.5485873015578312	0.5158922003764216	0.199166351631433	0.6131631539588573	0.03621587041351533	0.01079187768051537	0.01523696222503967	0.0111188085105186	-0.0006128457304478813	0.07635640280264286	0.1170379820202	-0.3544667203776268	-2.447267170964611	-0.6813504327275242	-0.01519121999417992	-0.145327240708142	-0.3393184715758457	0.0283320561260194	-0.2851327985467296	0.09543800206441054	0.0009883433291317503	-0.09899344596914525	-0.01494388398875473	-0.01287931873720308	-0.01734856587504081	0.0006040551239189603	0.00459746220904103	-0.003190916209573504	0.3409569621814678	0.3623519515902311	-0.2352314566868168
0.925	0.08998894519560097	0.06416683608505146	0.05264811086781994	0.0379400232750161	0.03808595066193134	0.03583678728278721	0.02242521304044499	0.03670573447053359	0.04319765505561036	0.05344780060672993	0.02238399589363387	0.01143554773990791	0.01207091022488537	0.01573563948895673	0.01728713800730651	0.01556770899253024	0.03146615987843563	0.01497628209387651	0.01452077036072596	0.02060035356272013	0.02064193694756815	0.01653447527732228	0.01360790538246657	0.01362709456046138	0.01354746727554735	0.0176859633568029	0.0267462556893982	0.02660842781507122	0.06170528620279694	0.06360266985022579	0.05171230031116668	0.01000181334115556	0.01000181063052215	0.01000181853543856	0.09475052921947902	0.02978822232584457	0.03349934762874002	0.01154980181044118	0.01964618080157308	0.0269722174323924	0.01503847022942762	0.0121049979008982	0.01492218287347252	0.3124387205144659	0.4531465824571671	0.5491490794561065	0.4596033411916934	0.4813808451642149	0.5069459764793138	0.4794252276985749	0.3775496139632462	0.250858896729891	0.6483902177620076	0.5991493219712014	0.3903693471139968	0.3696270711244486	0.3631135257375515	0.3446132218712258	0.2023867227213682	0.5750645235260254	0.4777653883931067	0.4788300609337202	0.4715357275519958	0.4057679279880385	0.2167494192836645	0.6361654134163505	0.648304940466675	0.5336872680795399	0.5251590755980893	0.519748197306274	0.5178109590894437	0.1197908057418574	0.120308782503872	0.08237476386614674	0.4684061806745938	0.4761203703494047	0.04884497617085633	0.3715172684245477	0.4680102331772641	0.455982644417282	0.667572368110566	0.4380926662177536	0.3627445901443763	0.5105632243978698	0.5855239138200966	0.5193613772150681	0.09410287148451145	0.3115500092894794	0.02279419531265818	0.2258146965171648	0.01793799259665827	0.03855735275509181	0.08832823721763539	0.06440850783632718	0.05266608502880246	0.03820606987907045	0.03822956879772242	0.03559694592709879	0.03183429659778809	0.05658829783861011	0.06785740645745796	0.09039091698967092	0.02157128271351521	0.01101026995339007	0.01146005574068326	0.01445978365197538	0.01614028165956627	0.01456128676776597	0.02871386653576496	0.01383856538878042	0.01488589266438857	0.01940784198576871	0.01942074922997639	0.01616632045449498	0.0134921369053393	0.01353603882648263	0.01251236497101633	0.01620295657504742	0.02621109917812657	0.01851676934735485	0.01386097723883549	0.01412446165358897	0.01260534222501668	0.01000135924430175	0.01000135637296112	0.01000136220120712	0.1040270242156491	0.03013848506264711	0.03444715524515869	0.0111415105304666	0.01873816323424165	0.02823768329809789	0.01394539925936551	0.0115608614751605	0.01382739059690734	0.1105553193657009	0.31103175528851	0.4594771631498624	0.4053573886335674	0.4316681719890673	0.4728382769265055	0.4691575612668252	0.2438473568711541	0.06390554217312615	0.6824641122199439	0.6538485706919994	0.5154178397270104	0.3996824591112786	0.368578553785105	0.3105138374533781	0.03846933972644771	0.6068080828980558	0.5048557790928369	0.4817399423858899	0.4544364413762714	0.3333174219046251	0.02291712014521322	0.8610896385383905	0.8817548828863166	0.5940655736647563	0.5445412878847284	0.5344902317964956	0.7095310606011876	0.1030447240490338	0.101039710737823	0.09146007181678524	0.4596929169506138	0.4691448359178561	0.04434972926411006	0.3082398640091537	0.4553588327389444	0.4420683474547029	0.6883210953419189	0.4449892599759018	0.3773184813794884	0.5161558755194925	0.6064110333007441	0.5209417121432278	0.03472141255675307	0.1141606895830099	0.01565503177732608	0.380590681816313	0.01996972795598024	0.01333334024338583	0.0003324252537896136	0.1200924026755719	-0.1409725741302468	0.08039421454589588	0.1004000996879554	-0.2557100979691818	0.3563924354505716	-0.04207997877338279	-0.2260630306890968	-0.001282721716637811	-0.3812714941370678	0.09570547791589304	0.001058545124226418	0.04119363854643052	0.0001624691554920133	0.008809964328824402	0.003554210451949164	0.00342910748261771	-0.0006176955758499027	-0.004744068086762629	-0.04967315059494395	-0.06204845833509601	0.1003174234393864
0.9500000000000001	0.08253965503435445	0.06235503580866063	0.0518684586863379	0.03771356060484972	0.03772188354773785	0.03548167704797422	0.1043493240249263	0.1118611176544341	0.1384686417917445	0.1915957256349214	0.02583162624593447	0.01138804588981477	0.01189526977249702	0.01531550775826912	0.01749032858674766	0.01605765708118818	0.02318725478666245	0.01489919954216929	0.02361110666820313	0.02081848087474191	0.02134193614600545	0.01872590171966295	0.01695845469723328	0.01705722763286562	0.01293442367476787	0.01716165685386563	0.02725211642839445	0.01024041066961468	0.016603709451492	0.01366954208473279	0.0184227766932476	0.0100018239933201	0.01000181533954892	0.01000182311087712	0.1151242352220675	0.03258359932239242	0.03752228772169159	0.01118036364911859	0.02099429569752687	0.0332880841139558	0.0144241557297884	0.01168510494811488	0.0141598095214277	0.2889666205922056	0.4697657813070869	0.6035402452908089	0.447684443109962	0.4818150929969608	0.5251691607238902	0.4759738316814632	0.3461130760285429	0.2440887227320659	0.662162410950889	0.6214011096042327	0.3659385805129474	0.3351247739000041	0.3401884251519922	0.3125361862218288	0.1400304436639632	0.5935827425706071	0.4755794720624651	0.4664622133215441	0.480658361538686	0.4328615941154632	0.1776001471740085	0.668363993977135	0.6879964468181822	0.5651250053605087	0.5381601394659856	0.5547839238112284	0.5911185921089271	0.1262528339679109	0.1240320559219459	0.07105843736303556	0.4526714829882246	0.4682415797437838	0.05202565386953963	0.3298227741873813	0.4618609098616104	0.4506522264487859	0.6692255827260397	0.4535125126769152	0.3967059851016117	0.514389150011027	0.59267387178889	0.5199927768934659	0.04165176639368628	0.03333499327075179	0.01810574497951251	0.2499484351583657	0.02484357866717788	0.02285728032677819	0.07475672025911273	0.0573536418643334	0.04784174409352912	0.03725657430489544	0.0370083734288064	0.03486686252916302	0.173125153238836	0.1551606058953273	0.1959578437087134	0.2933622147657127	0.03173731961318808	0.01219204291036631	0.01290686167358941	0.0173133570170101	0.01980829153778877	0.01677254188745349	0.02185890128182991	0.01711689268600222	0.03175980011009684	0.02249561568586953	0.02203135443439979	0.01961125581344723	0.02073296601326962	0.02086691651327704	0.01430493952555729	0.0195471291413534	0.02807545484533953	0.01105965901381088	0.01155099575501423	0.01141943190680809	0.01111810113458475	0.01000274244807159	0.01000272839753005	0.01000274037673161	0.1244863530217691	0.03525114581010558	0.04057394885953489	0.01155025329650303	0.02432804382575235	0.03827212008650406	0.01590291852369593	0.0122784916415338	0.01548278308708119	0.585252002387846	0.7554848653003022	0.8792256855102472	0.51731496938664	0.5671513585905146	0.6186733670652359	0.4889858699545747	0.5369159879896453	0.5580956442211862	0.6185774822761979	0.5593167634280078	0.093974794158495	0.2317429980754807	0.3026679738644469	0.3325051532259672	0.3538806430881088	0.5698718548863327	0.4225141626672294	0.439297592436585	0.5263761886722065	0.6007314394820188	0.4790623805388237	0.309883485455542	0.3254917208854888	0.5195370379840212	0.529536222535792	0.5935000380326616	0.354596639008067	0.174872460202336	0.1707906644354599	0.04774790111142328	0.4407886246432245	0.4672786204510654	0.06425078571924689	0.3999639331733245	0.4797816668770746	0.471954292318275	0.6297818176651433	0.4672231006264628	0.4252855674776593	0.5112305453405175	0.5650780600515676	0.5177388900998525	0.09281471792161593	0.02047870350571067	0.02535786766951091	0.01620844923257722	0.02754056149221532	0.01580784184903941	-0.0009871268329133336	-0.1237513528350086	0.02989647975085229	0.1315135295783031	0.9937237203463009	0.8058671185917948	-0.1829080109324753	-0.02603370402822165	-0.430809755515669	-0.005949513710057158	-0.4725371196207842	0.09134688718630908	0.001231851250767684	-0.05505649991948218	-0.001163097395267578	-0.01342148921093705	-0.01710814055701862	-0.0007530258730823637	0.002152118842703949	-0.005547547067804339	0.1400868602311144	0.1400220147764881	-0.09239392940843881
0.9750000000000001	0.06446964064312419	0.04594425758932566	0.03655034015885292	0.0343790171823548	0.03329565552776154	0.02983476722093159	0.1987331869326923	0.2819993099147005	0.3135810885711867	0.4169723169726065	0.03117355273547553	0.01195242249879122	0.0123515286268881	0.01555749128097763	0.01761999217243941	0.01505371205297294	0.01565903420909963	0.01598281006826367	0.06399244694008169	0.01968355097938306	0.01921392283698806	0.01775450527484683	0.03927155167359493	0.04248548061369879	0.01365290399448798	0.01762733593746228	0.02341179399646204	0.01026821917208626	0.01074767979547393	0.01068641216100603	0.01052215546547527	0.01000183441927842	0.01000182014848926	0.01000182430851525	0.1376041805081831	0.03636049454424031	0.04292758955670146	0.01101605445185126	0.02247537376695178	0.04155291405002987	0.01404653191345689	0.01148367245867824	0.01376322365166228	0.2748447959259532	0.4885306173086287	0.6266525564829809	0.4392116293503107	0.4732513747070031	0.5182160033527297	0.4810656165312779	0.4117514590413222	0.3423084996970777	0.6576333851855233	0.5978296150225051	0.3483587315201119	0.3482676906484832	0.3626651357093423	0.3461921144050797	0.2412995534748922	0.5670303085556748	0.4697223874918442	0.4709290065086091	0.4767431644130071	0.4473300117420184	0.2963599177953426	0.6081404788855198	0.624247890679563	0.5682881196545823	0.5353579026222426	0.5530818226312534	0.5081197262650076	0.192354125279089	0.1812284874191151	0.1136849402123078	0.398209800150205	0.4396855363796353	0.04349940697703063	0.2697335032313842	0.4504035601880312	0.4387052870583836	0.7021259228595657	0.4603588924747415	0.407123961433718	0.5225012638806483	0.6185618443914017	0.5273796115873438	0.0750694629111613	0.1332373329621338	0.01731800155828396	0.05411577952883988	0.02422370901438594	0.01129810080326908	0.05896079706062975	0.03985014673605564	0.03043066801054947	0.03337493660095747	0.03179223238138138	0.02746090848089338	0.2303463523725083	0.4071796765002719	0.4388127403535113	0.5761223044598622	0.03130841348692778	0.0118070938272697	0.01203049310135169	0.01455718787140068	0.01648248946456357	0.01416445987616723	0.01245740801528964	0.01538898877264823	0.08539199084735434	0.01827534204487579	0.01780783850756575	0.01686665116516076	0.05110424212100911	0.05638141193070572	0.01326770474241979	0.01659755425863118	0.02104977371171927	0.01004978471901748	0.01047899016416905	0.0104101330770769	0.01037655096080727	0.01000138088487257	0.0100013662019187	0.01000136667821508	0.1506744458224167	0.03747839597928785	0.04486042454237314	0.01073059553351345	0.02160033093118356	0.0438050213295	0.01308191823039491	0.01106432709537981	0.01285744952948663	0.1078452562874629	0.3496915229053089	0.497955411251483	0.3950381332042103	0.4200184674312974	0.4614439832520969	0.4753983109701391	0.3627707536348979	0.2380565058533989	0.6770022432052986	0.6065323050832366	0.4722104091943114	0.4141898316384947	0.401972172853997	0.3641680218775426	0.1849017135329919	0.5515999195730943	0.4925481873515907	0.4893050353262671	0.4497362035884022	0.3706299737484087	0.2015363939401572	0.7320462141176924	0.7466023780287703	0.5952128108013274	0.536803403462942	0.5318707067843085	0.5463630424408058	0.2160884804228794	0.1986638950788415	0.1583859618341611	0.3466822316424984	0.4089613347292524	0.032439285263284	0.1797181142054591	0.4289651905905366	0.4154193773880429	0.7580386154222997	0.4622679419113303	0.406672331816942	0.5329771158279072	0.6614219738231221	0.5361865255032756	0.0609035147688349	0.2363081587368492	0.01387452973111059	0.0310295454823213	0.02181442899510709	0.0248948583135959	-0.0007366049490599631	-0.1515608224882889	0.2681062263090951	0.1756499150341033	-0.5117893922042994	0.2322734419435344	0.3052683286890205	0.07359032343052276	-0.192836656283688	-0.01574267079815421	-0.5899784965109841	0.09293328935700577	0.001428858112517889	0.02078896315869121	-0.009436289130800213	-0.001031224847459235	0.0043052237215289	0.004315905111281622	0.0002991210568218029	-0.005317301032576333	-0.02011159571856553	-0.02627818631150956	0.1160265609996498
1	0.07036971252600097	0.04722350123861886	0.03490811988311163	0.03904668919380248	0.03727344715594273	0.03167846393321613	0.2486525776357056	0.4413280997175103	0.4709088714323071	0.604690786802537	0.03519767558300785	0.01178079869558913	0.01197814347527889	0.01434233757804285	0.01719711847473322	0.01462951907217825	0.01398149992514067	0.01584986706058021	0.09871195805382968	0.01958173826160571	0.01910085981466161	0.0180820387679933	0.0611485759869056	0.06792308988832291	0.01315195464081504	0.01697133817449624	0.02305237871144427	0.01210776053087821	0.01154040701287757	0.0112098671427461	0.01152405271402314	0.01000184122630799	0.01000182283875784	0.01000182870054666	0.1681225792218671	0.04139963180008486	0.04917026108267095	0.01079905596507851	0.0230825523469042	0.04622175074450625	0.01362132842920659	0.01122461880976471	0.01323592059495456	0.2365845056427117	0.4413598256526561	0.5747558709361694	0.4278040764198748	0.4569393926718045	0.4986291025593171	0.4604559470510435	0.3929253904698056	0.308234026702554	0.6679686430962365	0.5984273988080544	0.3919898173301184	0.370206185067419	0.374089632217566	0.352811778694301	0.2104558664753168	0.5534784722664232	0.4790503312597441	0.4756787375734707	0.4731233497223328	0.4267167507913037	0.2454025152298325	0.6456125462128547	0.6613162128295826	0.5749215119698071	0.5337402237246862	0.5517172973606274	0.5091278829305314	0.2340611158542915	0.2163255827722118	0.1679623528889818	0.331963558623435	0.4029924880105936	0.03793071077142136	0.1952340175175583	0.4360980282995658	0.4253546266589374	0.7240380260473313	0.4761676198331587	0.4373114573471901	0.5308589388081736	0.6424673522820094	0.5325782622611754	0.02811863226748234	0.4041386167652546	0.02307427746919783	0.03522866401928713	0.01671063261667485	0.1742392564002989	0.08403905606925247	0.05731724373902725	0.04225957959771764	0.04521926481926208	0.04349631638077617	0.03717102585387107	0.2819743486820097	0.4890162727359446	0.5268058575373485	0.6892847966808453	0.04015392725747738	0.01201431560448149	0.01234567793777658	0.01519714645500665	0.01907876931218608	0.01579506660028718	0.01724923503280298	0.01711904372276297	0.1029699590248835	0.02207124471908085	0.02137911039923514	0.01999009235690102	0.06494743061593111	0.07220794345177028	0.01357348192692127	0.01847384308607839	0.02664513659376595	0.01433808080165826	0.01171182697582283	0.01169222960820902	0.01125528565892057	0.01000275688451976	0.01000273425952194	0.01000274843492824	0.186788221425468	0.04517366130111189	0.05301324091578007	0.01112779071332214	0.02573601586704348	0.04832736715131014	0.01506001398644375	0.01177265086550813	0.01445400008720146	0.4889871351470045	0.6324581273691072	0.7373283736938741	0.4925225963318946	0.5302407515268525	0.5728467782750727	0.4371815481056023	0.4793312171216175	0.4845435154696475	0.6471941856692072	0.5732599241918609	0.1989267368063267	0.2754722033700439	0.3207743333922303	0.3383331535165317	0.3031267528086171	0.5493521494398428	0.4475564215282816	0.4487716152967587	0.5190614431924169	0.5462890667439649	0.3826694416814942	0.4409407885621753	0.4582607847762605	0.5343348704535728	0.5268674502320139	0.5908775233792644	0.4038373132120753	0.2629549437870354	0.2452293170629435	0.1526330237340376	0.3060121546676687	0.3910430429905661	0.05221470148385296	0.2398114648562763	0.4497931575435229	0.4443835662344247	0.6669103999202102	0.5027624088884773	0.4939988240636866	0.5280336744982054	0.6113707650322379	0.5271112498190165	0.01294358150191205	0.6123181720354294	0.03563063958931389	0.01973860168475005	0.01393669285774219	0.3482493861916364	-0.002764195280496284	0.1675330785930489	-0.3784602026733919	-0.1428195857714504	0.4198663162440723	-0.4026919575619082	0.02203394817360804	0.1951379715195885	-0.3904100963273355	-0.04528970670042353	-0.7035777766779855	0.1047717182621304	0.001660449785111794	-0.03096212853450876	0.02659688952258086	0.003479135521210787	-0.01270979746068296	0.0009484565242556046	-0.003464764858421886	-0.005805349305518449	0.1216679625722742	0.07704287242548133	-0.1073126986190377
1.025	0.07828787300018761	0.04901910705676246	0.03447410604820877	0.04239496523019552	0.04016622875386665	0.03330350846201156	0.2667929777013804	0.5783373350773781	0.608805626806138	0.7630978595401223	0.03243393394157483	0.01182880672411421	0.01196821832989701	0.01419267034949049	0.01709188254532526	0.01447933858161395	0.01202331284203351	0.01597757055642006	0.1196701720738379	0.01942400368103252	0.01877547359474885	0.01774346511141252	0.07278671605357719	0.08181558983293075	0.01314862773308886	0.01681146286731962	0.02282109412047778	0.01002682488292771	0.0102975018610288	0.01024706095032825	0.01023027732368688	0.0100018556780136	0.01000182988938577	0.01000182999153185	0.1868954498774818	0.04511612833367728	0.05403371951889857	0.01076370571994833	0.02428287001406401	0.05190622004217831	0.01349952054748031	0.01118208805006872	0.01309683510471263	0.2559573675193011	0.5052119916022003	0.6606704489807093	0.4354011172233798	0.4779453294315782	0.5317810978903027	0.3989752380443805	0.3028520323587758	0.1894577576465864	0.6674251485890184	0.6213552134501197	0.2938141426118074	0.2934649233295701	0.3141521177069277	0.2959029288947932	0.1448063260295345	0.5858881411517086	0.4621651809095531	0.4387505123421576	0.4754499199062361	0.4330190705475653	0.2017514342189347	0.6339748789278048	0.6536136149346776	0.5754053144416622	0.5383225115395264	0.5858546193619694	0.5601559267367465	0.2601447032072939	0.2446392583158945	0.1741571167901308	0.2179001926923812	0.3362739353696689	0.04873065715712308	0.153590121595403	0.4253533814162671	0.4170487155171982	0.731288492111572	0.4922230786394891	0.4713394065229073	0.5362067468064432	0.6555540383967554	0.5348481423463094	0.07748087400769742	0.2264495915599288	0.02562153435987231	0.01533150581227116	0.02261988439022251	0.1735284963041304	0.07644816176974681	0.04504020539854169	0.03049230418943064	0.04145875653499263	0.03890341852810653	0.03157484675214798	0.2448908357231263	0.7001199504140455	0.7245784228929031	0.8995007987840825	0.02883991064954183	0.01174873007201745	0.01177500303777815	0.01365690827437832	0.01608387228745872	0.0138212193488369	0.01163089103411702	0.01544068392615049	0.1242163532992039	0.01808571885070087	0.01745268474590456	0.01661698751523671	0.07929184227416722	0.08987434250688353	0.01294946839946535	0.01595527896351086	0.02086258137130809	0.01017762993175207	0.0111974019231352	0.01105371409399378	0.01116125522881492	0.01000139997201568	0.01000137524472708	0.01000137097140294	0.1907300100248123	0.04524511978641658	0.05487055203620666	0.01057586929558663	0.02360921894837973	0.05437869283474581	0.01269774149844629	0.01087653882267778	0.01240088863007468	0.1282247917448288	0.4587442983216413	0.6585537970629802	0.4066703157293033	0.4575777081531871	0.5238920184021526	0.3496169940244207	0.1861008773929291	0.02734302298220014	0.6778726471143041	0.6588612024192273	0.3043204828910722	0.2773891329902419	0.2929121400267578	0.2581563026510668	0.05894001300121433	0.6217697849622396	0.4629635793074678	0.4174945271068199	0.4534507567648555	0.3749433610164016	0.1043343062037494	0.7297864138373502	0.7531282267489741	0.598926699933934	0.5471312676461488	0.5988475333206613	0.6704261411208009	0.2705768759001244	0.2567529907417436	0.1942657569043919	0.1448562030358164	0.284858243487514	0.04714946276529871	0.1039481650303248	0.4084070941403521	0.3999528943780039	0.7657718273384446	0.4947680637306121	0.4757132940199365	0.5429926457383039	0.6846053426955886	0.5395666094043571	0.1249213033593187	0.01382809681615059	0.01922956869843969	0.01302341597403933	0.02720419911311051	0.06240866468174384	-0.001415584785567329	-0.1800972761060687	0.1496789442222117	0.04544286577699117	0.1846438336787911	0.1718078372527153	-0.43581784063656	0.1719053633847008	-0.3291176345729253	-0.02392051230684156	-0.7660482514279716	0.1010943865307529	0.001953201037101876	0.01213300763269203	-0.02109070153762213	-0.009949845236469015	0.004700839145554903	0.003460935127571316	-0.0001911167410998684	-0.006657474141096517	-0.03446040897622749	-0.009433664473742557	0.00473491401387578
1.05	0.08405827616559661	0.05036149472586369	0.03365885240757595	0.04648632019471689	0.04371241372036389	0.03524772438243388	0.1438690153977417	0.6871816916408986	0.6942145859401661	0.8933390747994236	0.03518250145038977	0.01196693002882374	0.01192056798507877	0.01383001368597404	0.01693480511560086	0.01445776277283874	0.03452239915169934	0.01633840659641813	0.07036282057709982	0.01926640536766131	0.01853701126846537	0.01768006977107502	0.09043394685174393	0.102795319808301	0.01328453756074842	0.01654162663289295	0.02235060431407541	0.03347789088675766	0.02670575894716923	0.02589654583504426	0.02494643121358784	0.01000180539957389	0.01000180566973159	0.01000183230635287	0.1922617076028726	0.04587844452886886	0.05565465123010414	0.0106978940805237	0.02484865477036319	0.05666504966206239	0.01326191416643179	0.01106918980548591	0.01289850654700199	0.1910703833420267	0.4838150624381954	0.6594375593338377	0.4201761389456669	0.4679890531602463	0.5300821021631152	0.3485962674679518	0.2660689338135569	0.1752268217749458	0.6705118516289916	0.6381021745370919	0.2840575486160856	0.2875219187147191	0.318397899034822	0.2920945924185144	0.1354052270680257	0.604860530543596	0.4626571853588318	0.4252355232394712	0.4698607105510094	0.4159535622942523	0.1945519343490615	0.6645916800932585	0.6873671053773608	0.5905768206906755	0.5447184257139177	0.5911084925561174	0.613492692059913	0.3004210502864083	0.2888765412953601	0.2365207673797405	0.1926244324714452	0.3150744130712141	0.04898442267498108	0.1412935883908882	0.4201717388328332	0.4140617935017761	0.7254874543568522	0.5011931073554804	0.4899380799806527	0.5388180240990113	0.6605565717802864	0.5343434576892285	0.1787782960320371	0.2690137779573408	0.0122423808576302	0.01594783753112458	0.02496698788466632	0.01033789536582646	0.09615422507899077	0.06014096722847032	0.04067714258982531	0.05338967355467956	0.05057437014201294	0.04104843088727843	0.02852635827666568	0.6967927716226699	0.6742623797733724	0.938236433046273	0.04466227815726466	0.01227054028670989	0.01225875547162076	0.01451755126341852	0.01877447623732029	0.01572329470803102	0.05797550258367901	0.01779214452829793	0.01174396993743733	0.02175408635556734	0.02088069160403276	0.01980294208855217	0.1000094498789612	0.1140761095818796	0.01381469307296415	0.01795616223976819	0.0257467153100071	0.05667709475746377	0.04108156906468131	0.03973324960907662	0.03749437946654615	0.01000267103654059	0.01000269292589043	0.01000275283192699	0.1969782270656598	0.04720452804394173	0.05676411969823393	0.01100296430651589	0.0270049581122127	0.05802170983123466	0.01460909255781281	0.01156248510704161	0.0140694411295089	0.3396430495770398	0.5598702981468872	0.6941956308985674	0.453435068626023	0.4982465269317011	0.5548171695950651	0.3415531036164587	0.4058311128709828	0.433555032585373	0.6553103513708145	0.6031622945891231	0.2181331467950902	0.286854894207749	0.3487193159705281	0.3435853856274961	0.2737003024063761	0.5803928764198335	0.4559785946920752	0.4313909942993239	0.5045575199849118	0.5030435348435774	0.3622630768065738	0.5243461629113075	0.5475768636045343	0.5717922037724041	0.5404779732997956	0.5876858644050147	0.5070333994124896	0.3490359234190826	0.339735255785496	0.2845183790360999	0.2670654199467283	0.3611326523192613	0.05470353149208042	0.2118212998539638	0.4413332693733961	0.4401865023545479	0.6479406403065223	0.5179782644344608	0.5264623289050244	0.5319691210897084	0.6168707129135811	0.5248105356500414	0.21422399916901	0.7072222676017244	0.01210162093719913	0.01727234415602323	0.01927735261146757	0.01280541269491735	-0.001380938847353221	0.5575019818184147	0.4021684097433428	0.03323544211085804	-2.777600754415051	-0.2974326771709637	1.095595367847619	0.326556863992669	-0.3410086582530374	-0.04824700792716127	-0.831844620345969	0.1134891546862934	0.001822823812800145	-0.01027159973659677	0.04177448372517411	0.01425652592974705	-0.01346176912045534	-0.0009413356488874498	-0.004481246835838623	-0.007400946618636202	0.3074090948065601	0.1734767741704391	0.3150404765849275
1.075	0.101056820921473	0.06255546266726837	0.04086587177624182	0.0537243159241318	0.0509681132046019	0.04104403451672089	0.5297014048327543	0.8432828989755423	0.8364900386136468	0.9584893966321838	0.02472504508615581	0.01141212676472411	0.01153837929486517	0.01317798150858243	0.01654124821219308	0.01442617803689526	0.02716094762253713	0.01531227856850555	0.3360953360586942	0.01936530565236232	0.01861230876198188	0.0175714798543155	0.09006850127694796	0.1034076461384698	0.01248673799579991	0.01573427488469381	0.02358063274936614	0.02659713611301244	0.02108204442426761	0.02059461900731497	0.01979604256958296	0.01000190741141406	0.01000185237239915	0.01000183178393379	0.2002815560083786	0.04732637579822717	0.0577701059672389	0.01066530827681671	0.02634078420490251	0.06197888477722416	0.01319407194113651	0.01104116030078134	0.01279403029214411	0.1499308315819853	0.4668258520555333	0.6439168751607154	0.4105164330318776	0.460190341187765	0.5244343710799696	0.1344638557294945	0.2084780484360642	0.1494443222023361	0.6667464400141774	0.6456494524947591	0.2664949684597541	0.2760554973405461	0.3213425938198158	0.2901511562757417	0.1064391268331586	0.6131664079598462	0.4620422484185692	0.4121160759943088	0.4619511803249808	0.3980923163283381	0.1704658395430391	0.677670828419744	0.7027266979059295	0.596698427285504	0.5480707627402931	0.5920142447904411	0.6234485007876349	0.3273383861208928	0.3176726125327595	0.2630989130122008	0.1782465715368383	0.2743852765771504	0.04442861484171695	0.1359980356047306	0.4219118975611588	0.4163032965983509	0.7313337756653574	0.5016164585280486	0.4916923178446658	0.5390601660828962	0.6612844049743137	0.5347920446377519	0.07643954377590224	0.2575277695692355	0.02860702001736267	0.07722330428223356	0.02778149036299222	0.2332455611711094	0.1059837372213729	0.06354809266716484	0.04013920070024612	0.05442724024300139	0.05155129000473173	0.04112962587943614	0.9982726656637878	0.9999722275133056	0.999974514418056	0.9999779015691307	0.01485836484184714	0.0110472407537835	0.01120421160518714	0.01255881844530168	0.01545249048858419	0.01377161714485921	0.01019199502770812	0.01419265407456247	0.5961474745402258	0.01814072002282013	0.0174301135934274	0.01642509537940499	0.08764605118490928	0.1012320570244183	0.01190189761985717	0.01464690169710378	0.02232929505811896	0.01000700523674254	0.01009416109635946	0.01007902560342312	0.01007868195308552	0.01000153621380435	0.01000143516108789	0.01000137177943944	0.2050271465590854	0.04761453302277099	0.05870358664804946	0.01049672356914047	0.02614822236167677	0.06494090887689213	0.01247804194861171	0.01077767185405325	0.01215362503350585	0.05553055638409581	0.4136145731430572	0.6088437418957081	0.3853758364596847	0.4363248936629039	0.5038269962986175	0.02168963908544323	0.1148863208257462	0.02129186087433555	0.6621455091004037	0.6599232104367662	0.2943127639320105	0.2790318409044801	0.3191525514222194	0.2743188221767094	0.03589964483791063	0.6219447598183133	0.4656691713238131	0.402762108880689	0.439909124439186	0.347944394177602	0.08698730332738558	0.7389674823174411	0.7658367465296877	0.6122467728441937	0.5515471585705479	0.5914784736290744	0.6721751663864058	0.3319583498389863	0.3227628671291976	0.269199017202304	0.1229039767428288	0.216758249112355	0.04146332048018474	0.1110700049926023	0.41642684442454	0.4080470991159207	0.7791658790689643	0.4878002120068247	0.4627365943462355	0.5414011024683979	0.6812957046078066	0.5400894523472107	0.01084625584263785	0.01252227972832676	0.03706490561066385	0.1100505835542397	0.0318197796201213	0.3927390772839979	-0.00364576079450834	-0.01617622137326483	-0.1059115590630063	-0.001867439813616848	0.3124567799239308	-0.07528217904010436	-0.3273884040485031	0.270560758039692	-0.5023581728930224	-0.04907404167536914	-0.8637274213728762	0.09045257429415678	0.002034969938595384	0.003622613203434573	-0.03009359661712005	-0.01743897636873609	0.002608353797864042	0.004320764818816041	-0.0007169862803021189	-0.007626416663962577	-0.00330640329206297	-0.0358864504584359	0.05119847831685597
1.1	0.1109864404423737	0.05671631954896857	0.0321566138133022	0.05686804315202793	0.05294525985204615	0.04113300462018308	0.7674007074363066	0.8787927895446546	0.8997375196541074	0.9529871296417403	0.0248050983089525	0.01198609673966134	0.0117455337880867	0.01360477196066709	0.01678224114282686	0.01436156702285758	0.01041953757544462	0.01641417014174759	0.3910149889640359	0.01907261956395182	0.0181367757549028	0.01725184279547284	0.1124022467111	0.1297283237104341	0.01318117928929332	0.01587995821701135	0.0219587840601496	0.01001232878286434	0.01015008423508336	0.01012413004654807	0.01012459844202321	0.01000203528008688	0.01000189233810286	0.01000183707055845	0.2118726429283522	0.04911616178534311	0.06099274028885	0.01066230251842501	0.02772535204006419	0.06888264526391498	0.01309755007085619	0.01100741641905891	0.01275108185843185	0.1754680713615383	0.4651483258744407	0.6286088378882935	0.4085118018662207	0.4493637386332293	0.5073821838375898	0.2888648985080853	0.3015434501623795	0.2758256175936062	0.622085565008087	0.5910788336148476	0.325323776085081	0.3508939481728853	0.3890278509315331	0.3647771018064773	0.2202593617240049	0.5532115741917263	0.4667678197685672	0.4407464842765738	0.4746585916641978	0.4469347318984479	0.2836590926492061	0.5671046670874155	0.591375751215855	0.5988515873604082	0.5386663702308276	0.5754901845457447	0.5503371954876124	0.3790065453448363	0.3724196088009238	0.3377115126278737	0.1122319422172327	0.24432805093316	0.06594369176298376	0.2444471797862013	0.44306714421303	0.4334666164744356	0.7489111627727476	0.4694469956521933	0.4236471412306435	0.5319413484323392	0.6482688785138226	0.5354628397716698	0.1400555477776189	0.1907605201297091	0.02975415186266949	0.07018942369170364	0.02537027331159541	0.2515120994779323	0.1169366613718189	0.05108760754558989	0.0261656995609393	0.06040206514415401	0.05543844586171616	0.042261420622995	0.3545540624675845	0.6963174320307726	0.7529503497858526	0.8850405242938963	0.04248268721963354	0.01316629341344779	0.01254097293932615	0.01513307819013834	0.01911983748119057	0.01560099455747517	0.02530311790124152	0.01953876927547562	0.01200660606063273	0.02124966935086627	0.0200438451372345	0.01920642675345222	0.1441459191990753	0.1669579150356034	0.01487345560783842	0.01803940564489723	0.02308196519276748	0.02444460999713303	0.01985443314516439	0.01944364587223525	0.01873128262080239	0.01000292089881641	0.01000277438836985	0.01000276208516715	0.2207152646538305	0.05074170710110928	0.06307828107881662	0.01099024075991875	0.02980980792722453	0.07168109860348315	0.01442183838566039	0.01149620750189522	0.01396945023838522	0.3899814736749369	0.5618099720383379	0.6633574721220741	0.4518662331069996	0.4750628621439044	0.5153990060617317	0.7220755203759053	0.6283494503899077	0.7443951752054452	0.544962769454039	0.4630915116349457	0.3539803374716313	0.4616532040198359	0.507283276672717	0.519318625471378	0.5333756914349622	0.4279405110461159	0.4676150327281174	0.5047738953775802	0.5385607176315601	0.6276748039473213	0.6322643553363664	0.2446554179648356	0.2625775405097728	0.5740365299844548	0.5157178784307245	0.5460996601814367	0.3224261739038258	0.4637990160017024	0.4613652202140914	0.452168522310045	0.1284511936216507	0.2993713757498466	0.0947360963890865	0.4560638451398449	0.4914753094302229	0.4804973847810499	0.6894293088188195	0.4398228020604119	0.3626958525804149	0.5143473110472633	0.5836744476874841	0.5262504388972462	0.3379351434019964	0.5312119967567221	0.0172485241802614	0.01079030438875236	0.01547429483161274	0.01044056185919344	-0.02920685469860181	-0.8272405761805173	-0.1677036873559119	-0.02035486110359568	1.034427992898649	0.7976688598683587	-0.03579987279873514	0.2887732853715509	-0.3683507193051688	-0.02137963764661653	-0.9178116215458125	0.09513714946947041	0.002027153977407495	0.008905567468062609	0.05201501028453286	0.02289742202682945	-0.00437031301555726	-0.002909300505053801	-0.00353294757420189	-0.009348257445152284	-0.1332922990732696	0.0858975650203517	-0.2043192096278871
1.125	0.1153568876080022	0.05668565104064301	0.030292037950726	0.06009401278182971	0.05560867257499966	0.04251588437436964	0.7533257018099964	0.8821836834820993	0.9036650561800917	0.9550436060763939	0.02881902260818468	0.01205037907181037	0.01167136150173652	0.01354220753207557	0.01667696837908504	0.01397965343250308	0.01985697174064974	0.01673147687659075	0.5572170764640296	0.01884906135787543	0.01772065629863074	0.01688508099759106	0.1283549167542715	0.1482802076883772	0.01326370085420922	0.01573795592829547	0.02162431434478162	0.01935602758930619	0.01636288219258343	0.01609974717500419	0.01563897705240653	0.01000169165897877	0.01000179111176468	0.01000183797175926	0.2230523909193414	0.05153600220091984	0.06443034924141301	0.01064376461083923	0.02916876236001293	0.07461367447020276	0.01306803414538044	0.01099612519007382	0.01268809363121119	0.2227397367169635	0.4753030223041616	0.6338199514080254	0.4271971992563864	0.4716340656003697	0.5281340147786818	0.2651606773545169	0.2316688432123059	0.2746133905121583	0.5935599329049257	0.6631342299170969	0.2200395494042712	0.2030508387727755	0.2352877691628685	0.2152490922044133	0.1942678294520836	0.6415802751734766	0.458833957579049	0.3551209885691802	0.4575052998765318	0.3645125362050789	0.2296672498108452	0.697032185637639	0.7080002837805416	0.5806512558738546	0.5591940174784603	0.5833693652588535	0.7129286382793754	0.4138409343690754	0.4086691096293074	0.3866788109783376	0.1014373641054676	0.201344794714943	0.05548767296205574	0.3398538256410842	0.4628004999426797	0.4483419580408787	0.7733615551800851	0.4342713002035329	0.3461799287646825	0.5288648496912223	0.6460987418382073	0.538626488446202	0.1944703571398041	0.4043867613612118	0.01203290066349855	0.05763661790982647	0.02580061883430815	0.01105599216046428	0.1139302074498644	0.06029302047269481	0.03334176084864982	0.05963611339990658	0.05539657220727746	0.04238193224530968	0.9910099894925104	0.9999905031560069	0.999991763612773	0.9999932653273027	0.02008282480986815	0.01142278955050459	0.01122389333595034	0.01269134362639686	0.01544484785902315	0.01329498113956373	0.01592806898700712	0.01517065292332939	0.9897378336295583	0.01770266034700315	0.01665847515603538	0.01581462698595277	0.1166946464829438	0.1348737410182637	0.0123895791791419	0.0145911893469698	0.02100416681771813	0.015653201773607	0.0138569911759983	0.01369986675702711	0.01342310686716043	0.01000140833854222	0.01000136947393228	0.01000137614898936	0.2264327941538025	0.05198303356833595	0.06540488380751031	0.01046543972650442	0.0290319453079046	0.0773984921984457	0.01235733941064221	0.01073410812376867	0.01202730945420435	0.1467742578829691	0.4379244685595909	0.6198238205923853	0.4248280139953376	0.4815095670282928	0.5445730712183326	0.01325847719589369	0.01818524909492253	0.01390845939737003	0.601002207525372	0.8005134107396658	0.1258633328359425	0.04851838375605407	0.06886580302173512	0.04029683238567305	0.01905146646965342	0.7959403037750766	0.4498572277898107	0.2516178133913681	0.4090711150012363	0.2058942620242107	0.01798066395498271	0.9897168392282505	0.9897474312711261	0.5715090564502332	0.5908312826893869	0.6071936365017264	0.9871951944388928	0.4032113311007956	0.3970106543460732	0.3722208614287341	0.08754723633623188	0.1440402395738522	0.03529855169420171	0.2969426832339427	0.4558630322773571	0.4378077793115475	0.8260002651586666	0.4179990454132475	0.3120538467197381	0.5346993363417993	0.67546861199854	0.5458692216089512	0.09924251774993015	0.3608640506686089	0.01195210826768557	0.09136640012512946	0.0309342326200535	0.01051263458758158	0.008218865278370747	0.7515521375332922	0.1629859585840656	0.4117355114054721	-0.8826876289649539	-0.1564978291284411	0.09304779667963448	0.5364146910785796	-0.5784262997096303	-0.06321035340691787	-0.9641978461117178	0.08178033067558772	0.002351861279735484	-0.005798564878408516	-0.03029796019016731	-0.007555485678791466	-0.0001486945835007773	0.004445349595778223	0.002332142307021367	-0.01113099387863238	0.3227410393910398	0.109063659275451	0.3522657148962446
1.15	0.1065168429949538	0.06422075430924237	0.04030200838373926	0.05613950484670158	0.0519818293067516	0.03973810231095375	0.9999688031490835	0.9999612784546934	0.9996958635235093	0.9997418615852056	0.01080866696864363	0.01134482791770291	0.01152908019781993	0.01296583828196526	0.01655937524638388	0.01521849714017255	0.01006035402680874	0.01517902172997361	0.999952174432177	0.01937801145585588	0.01869074449820961	0.01776465727234199	0.08669190751402803	0.101332804627697	0.01256755768679803	0.01576322250265736	0.02270406717285749	0.01000189536118414	0.01003056349905473	0.01002549350754581	0.01002559017821345	0.0100050608610005	0.01000249794867315	0.0100018405529488	0.222509057890731	0.05129907717179209	0.06572407548921869	0.01058807727202321	0.03093004658843328	0.08350327979418025	0.0127176238068671	0.0108707142818341	0.01247254115409924	0.2725409745737017	0.4895107093373659	0.6258204241275924	0.4478554506872566	0.489780400720368	0.5368168816596929	0.1786658189033421	0.1915648009865691	0.1806838551581492	0.5727865014934804	0.681734959952328	0.1762467804270664	0.1819938724580472	0.2194570747129265	0.209560948735124	0.1898553151105184	0.6754897484500035	0.4498194667465293	0.3372140545002084	0.4486974338245592	0.3430093324715209	0.2137488376196699	0.71229378640111	0.7192304135564765	0.5566626052013391	0.5652982071358845	0.5928071330223664	0.707841249803785	0.4336082144033238	0.4291141015823393	0.4141689977519313	0.1052570567825649	0.1926073627519962	0.05156722455351517	0.3324053530145675	0.4642276691162781	0.449989629522965	0.7673763306205716	0.4324616516240794	0.3461555103153754	0.528116992761545	0.6421820308296984	0.5371817791704075	0.02811909939354204	0.361089911552267	0.03821257926898965	0.1671042499059406	0.02551056660693747	0.4019265153948008	0.09984140195531131	0.06513326643715182	0.04407165312127968	0.05348424626027132	0.04910097355669042	0.03740771369993913	0.9999473050391041	0.999993068345206	0.999993770805704	0.9999948976705122	0.01085498065325048	0.01192626355025752	0.012271253044743	0.01409173226661523	0.01888600011794088	0.01772925143547471	0.01008407638903353	0.01683070259675828	0.9999421789169393	0.02215178764376729	0.02169479276924655	0.02070342074095978	0.06414362423076243	0.07501517095064916	0.01365170627408755	0.018053142469563	0.02495696796554083	0.01000300403809456	0.01004506455116069	0.01003799141908171	0.01003692033801835	0.01000881564774846	0.01000400444400045	0.01000276686580155	0.2181545459968995	0.05066857536637586	0.06594644090337445	0.01088720448367611	0.03328893881552124	0.08926213619942035	0.01379100480347875	0.01127095946116788	0.0135714385625799	0.5180589940859464	0.5932796021636089	0.6405282574019069	0.4951097660485237	0.5102076488870609	0.5272726330713573	0.4929352369846999	0.5095297471739739	0.5022711048325589	0.5086289555666031	0.4669164799249241	0.2653813294693749	0.4069588618023453	0.4716252292271342	0.4969239293634813	0.5129692174668272	0.4602806704156066	0.449147926246955	0.4823159065810905	0.5231843114122157	0.5869023075921969	0.5756770389872946	0.1941966129336111	0.2116928076914294	0.5236879987902856	0.5206359447805864	0.5655604304348244	0.2034403524906359	0.5011312371970802	0.5002277613891318	0.506814029093216	0.1351026945233564	0.2811426909968667	0.0850306935897439	0.4354015517499718	0.4875536728146387	0.4791034311332695	0.6597334327355244	0.4496465439333751	0.3890501689285481	0.5139557447974946	0.5750317517828846	0.5212047139838122	0.01061325890195091	0.4437516632394152	0.06174960437918586	0.225172324308763	0.01503169596081779	0.9666134198901737	-0.07974131696449195	-0.8405144534290058	-0.4266891663135307	-0.6638362171344356	0.8085724951757857	-0.7700239325834495	-1.547962233818137	0.128506975933043	-0.3513762248897817	-0.0631616969204077	-1.048096231517931	0.08901262541331884	0.002083278473397873	0.08724944957380955	0.02758673708005586	-0.005382576615608491	-0.004760161086375037	-0.001089219859579703	-0.005328111218632223	-0.01167643180062582	-0.5037551665571872	-0.2036293935555699	-0.383134026679917
1.175	0.1038378682965948	0.06218307013584	0.03715270870791088	0.06040003912609185	0.05333909331119011	0.03707802554531937	0.9999660204852003	0.9999863036785401	0.9999157903664555	0.9999286785563983	0.01050861816783968	0.01124685079877904	0.0113517355844895	0.01251293826411125	0.01604612156616652	0.01486284495140834	0.01005000284481401	0.01500424156130169	0.9999600337852296	0.01931362479930386	0.01856614831358621	0.01758115574092808	0.101287561399225	0.1184850310216419	0.01237167097288245	0.01538423884679303	0.02166520526714773	0.01000164364867668	0.01002611882015001	0.01002184431508782	0.01002178841562754	0.01000544643433541	0.01000260428222809	0.01000184223590795	0.2238137355923712	0.05071997273152187	0.06692852175368522	0.01059002203361249	0.03343882741007973	0.09291243651594637	0.01256452689006331	0.01083882926172846	0.01241600168864946	0.3614014545242363	0.4992952701429859	0.5905442535671069	0.4660740859893117	0.4922109035574369	0.5200681766947121	0.34412611596196	0.3843317599619009	0.3059437527371811	0.5911601091860214	0.5869346369642873	0.2519571770458308	0.3145712328276223	0.3555229815310727	0.360567863633445	0.2424694623823564	0.5820970070592004	0.4511760834392526	0.4214618335474118	0.4718791287789602	0.4236969212619539	0.2322514444197179	0.5323531958421083	0.5511297677844132	0.5432713830853314	0.5443634306619488	0.5736012864354292	0.5807208985589813	0.4488266953319734	0.4425270876885556	0.4411452352989319	0.107541173612983	0.1903346194196313	0.0499870889463665	0.3178245810174254	0.4622854578970109	0.446343249367465	0.7871183195711655	0.4210753399784759	0.3200036725877951	0.5307827648950436	0.6540671607241921	0.541493895415699	0.2199183005226291	0.289090558791202	0.03450261766952492	0.08523984112765436	0.01749437637794382	0.382707561171011	0.1052030306382272	0.0601034363887477	0.03311052329187799	0.06434608688600155	0.05566091792288027	0.03683488688565109	0.9999705946732768	0.9999955132954876	0.9999960052323805	0.9999968324903729	0.01035385747528148	0.01091902332419901	0.01089205923443212	0.01169865712463513	0.01457901769841253	0.01339429128198401	0.01003388674631997	0.01413616763482304	0.9999707491011961	0.01787424524084275	0.01696704417119108	0.01598719908761313	0.1241072857541896	0.1457329615558673	0.01175981074989519	0.01403559658176679	0.01992467044462728	0.01000101168247546	0.01001696534668927	0.01001407347154357	0.01001439137726499	0.01000434950548368	0.0100019335991875	0.01000138007957406	0.2291709305889223	0.0509487417336716	0.06782420449168237	0.01043677439874354	0.03381156734121862	0.09627040535916699	0.01193992737803278	0.01061751636325666	0.0118250630528968	0.2923534432422757	0.4512492635643002	0.5472706963417588	0.4576364694866703	0.4834376624106166	0.5091366313233767	0.2545605932482409	0.3373926586618701	0.1926173914767016	0.6523108454318638	0.6063792674197573	0.2667903283717553	0.2813438054056377	0.3116196734675024	0.3036291916680101	0.08854171847179601	0.6017105946617375	0.4553907432580276	0.4158205933625024	0.4532085381736574	0.3544453086711242	0.03890972379507111	0.6410998731443395	0.6664618992428141	0.5467618269648699	0.5472769165541388	0.5698795148600566	0.6802996458839861	0.4217475470551905	0.4107871597643315	0.4096781018396351	0.1013241608454567	0.1506234399432037	0.02948639877792223	0.2428408829274393	0.4467376699299735	0.4261034244953598	0.8655983032608295	0.4041721665103635	0.2803916517198278	0.541751703862515	0.7037510083470799	0.5546687643643218	0.3792054116007427	0.2036637036013221	0.01845844230405339	0.01047803384562515	0.01972436983585256	0.01026868645014796	-0.09097142708120697	0.106657558840006	0.05544461691747651	0.03754952386787469	0.2614453425847322	-0.2880314596640804	0.3757804894576645	0.3912299787107559	-0.5919986104837859	-0.07363933865741232	-1.119208150136668	0.09243611314624779	0.002104581314993645	-0.04023112649813244	-0.01617287256284909	0.007006698840677444	-0.0006655385345727325	0.004207975489469848	0.003315772872687906	-0.01224398280565695	0.2584525438484165	0.1427029213556326	0.08361050557673311
1.2	0.1007300791571142	0.05747177830788302	0.03187796491503021	0.06310030213239677	0.05475740246687579	0.03679793613921327	0.9999490594700451	0.9999867003703687	0.9999619987122812	0.9999679535991428	0.01064803935919148	0.01135327959801898	0.01132319800082559	0.01218659763428506	0.01550414198262699	0.01445446608161741	0.01005771264063904	0.01544460975584871	0.9999493248117151	0.0191076605762571	0.01820703722938389	0.01723263379454027	0.124109536234169	0.1459179456255791	0.01263108843971114	0.01519189897143504	0.02066087332040476	0.01000209857151932	0.01002864260744662	0.01002433535386969	0.01002286768511963	0.01001159823151814	0.01000292736158563	0.01000184417511197	0.2396310261923091	0.05280658944792264	0.07005016030727867	0.01054228602004809	0.03613983208091275	0.1001068003847399	0.01242457371202372	0.01077929913068837	0.01227185086695412	0.3255231564009942	0.4751638884945534	0.5749851260010485	0.4629074335175073	0.4882505277127199	0.5175927479511709	0.1665537674589236	0.3332380427150243	0.1842888682280484	0.6543746982594353	0.6110328606790598	0.3105926591268477	0.2909900921641563	0.3135717888001944	0.3086622998422382	0.1492019419755067	0.5984059757052463	0.4665832213385113	0.4231169985579564	0.4647161307766062	0.3850045477732984	0.1346938843010171	0.7126974930896375	0.7312390003559842	0.5400890766546556	0.5446402778829121	0.5770047368121262	0.4681517633626621	0.4137721740593778	0.4002367398476774	0.3982199472902407	0.1699909824401611	0.2370932603434449	0.02263629118403302	0.2416490153607343	0.4499872185731847	0.4320144164435827	0.8137886833142771	0.4292783743641689	0.3336171363901775	0.5387534113833404	0.6789472421662013	0.5481813580726281	0.3119936147235485	0.3483552110971531	0.0108191356307715	0.06612806500023437	0.02808700302848836	0.01042188620624713	0.09372117906148349	0.05606189947861667	0.03384252618159687	0.05904052068622382	0.05191146534148138	0.03644663989727075	0.9999048759980501	0.9999790846096689	0.9999819564088505	0.9999849226049093	0.01103448763780358	0.01209321107789957	0.01218034722714349	0.01340860223209473	0.01780215146383807	0.01691923047975985	0.0100953936435212	0.01757917198547976	0.9999096199739863	0.0217677079432329	0.02102258943829142	0.02003772207009381	0.1080629025835212	0.127997432077542	0.01406953173844283	0.01762462661142265	0.0229299481432529	0.0100037533121114	0.01004852892533612	0.01004157844252531	0.01003796984927033	0.01001980912153777	0.01000460135249337	0.01000277068599024	0.252020106442931	0.0544530585587913	0.07197466403738999	0.01080293580542908	0.03868590978913413	0.1039698953683448	0.01350737813919245	0.01115804724334738	0.01330210913697494	0.4294132962831079	0.530325325001257	0.618716069387059	0.4805695691134476	0.4995400571995189	0.5288472005662612	0.121467900647313	0.4026236323411772	0.2483764561758959	0.657153437534151	0.5814347541728782	0.3941292038675747	0.3599820775227169	0.3745377820918238	0.3827255905664462	0.3091255968323477	0.5543898160570909	0.4857226722835499	0.4660825608695943	0.497364784702312	0.4810425640079112	0.345525035065492	0.7607794133653082	0.7716597087454931	0.5223594867529734	0.5316212396527304	0.5836405190029853	0.02601473708494283	0.4120175057513278	0.394901154690511	0.3959241730423546	0.2662122272157628	0.3866918310163301	0.03345954163463614	0.2642300601588188	0.4586607138443023	0.4460670137242714	0.7164306594315624	0.4733593246916689	0.4265417488251589	0.5323044640807874	0.6311871472464562	0.535625474618093	0.1582474918587775	0.5971510106723508	0.01741980014057935	0.1691847767528841	0.0325875823710541	0.06953551403273803	-0.1183366873675366	1.513472765035437	0.5017012907969574	0.5241594138208499	-0.2751571494337863	1.02652685461383	1.004219197634692	0.5809898393861306	-0.6716800741150061	-0.076100606477277	-1.197056424284305	0.07519007650379743	0.002029846730808987	0.08457322084200659	0.02459584691270868	-0.008595532841992163	-0.01877572012793948	0.01011225108995157	-0.006096542568661989	-0.01105022982183602	0.2972299746213311	0.1975369534880023	0.6184024086217741
1.225	0.08253107979086106	0.04829575303363635	0.0279330954506285	0.05448244939033788	0.04759727884138941	0.03275144554462559	0.9999805852965175	0.9999978081869343	0.9999973293996484	0.9999981017294115	0.01027317004991415	0.01162175160306062	0.01154390056301901	0.01242684704860718	0.01573045885027659	0.01501206199102815	0.01001663692127049	0.01600895882485628	0.9999879064102439	0.01915954924648334	0.0184065118971698	0.0175477912520889	0.1060743525326031	0.1262103873044466	0.01316525017503013	0.01558248424018581	0.02009545870517384	0.01000044670659582	0.01000623028808775	0.01000510757440954	0.0100053966270691	0.01001101321809244	0.0100029083794229	0.01000184497644199	0.2462984599616141	0.05318285165622943	0.07036000092956592	0.01053374045229389	0.0380374188655467	0.102147156512403	0.01238402899120359	0.01076850091028809	0.01224073086220371	0.3777791925548039	0.4802789825667129	0.5568507281048882	0.4721187705338658	0.4908945575137578	0.5134128072955799	0.3437151081557508	0.4036243044945044	0.3103211485340063	0.6729538210792315	0.5946616295549042	0.3565580092971006	0.3277496946830401	0.335530007856708	0.3340703379839598	0.1981320604504202	0.5796372676508248	0.4726233200979305	0.4476723037655436	0.4541771541957992	0.3764013044978732	0.1951686054327011	0.7168229063076919	0.7285738410375103	0.5136402743638963	0.5296485418301129	0.5630630589168564	0.3360172847823072	0.3814939944850969	0.3611263587692847	0.3620215467151581	0.1698259387221786	0.3000672775969765	0.03324206806910305	0.1832179075532882	0.4378941638803052	0.4202488207306501	0.8146855434160261	0.4465005783918309	0.3692902368552263	0.5422961999452759	0.687361494129432	0.5495452498141924	0.09837702850596131	0.2897785804379924	0.03638226199564051	0.06252063952164698	0.02077716680431195	0.1633375635184622	0.07508441148839096	0.0440080574067245	0.02479452031723084	0.05180817336689406	0.0452199880942547	0.03090063132653588	0.9237932526003722	0.9995118563036619	0.9997186070593687	0.998799087799861	0.01294519464233835	0.01138870997365709	0.01123321425618145	0.01192602159227859	0.0146503594484669	0.0140391006413217	0.01017980256560364	0.01522585978836126	0.94582142137909	0.01785167537358442	0.01708987379907114	0.01628745306125405	0.1020116924145069	0.1213891749101776	0.01270888849021238	0.0145433085098907	0.01866163156159465	0.01084211397442722	0.01012613296476691	0.01012919508373955	0.0100715209017895	0.01000571299578301	0.01000195803943228	0.01000138156284037	0.2445702291651342	0.05241413800040864	0.06930711075838557	0.01039824691247148	0.03772660716178397	0.1009777111559519	0.01182339293536049	0.01057403663485188	0.01170973509699987	0.3588573963014199	0.4463869094854626	0.5026995314123377	0.4701607261319746	0.4850849775527922	0.4991919805084032	0.5217020928439823	0.4276056829093154	0.3703021102041453	0.6878958199739763	0.5928986565081897	0.3571531180307773	0.3266205443792712	0.3256634626132935	0.3183874422731063	0.1407155851413746	0.5831902486355446	0.469629476915894	0.4492238670693637	0.4265482823275207	0.3148854609820835	0.1088823334358441	0.6916096457339821	0.7003666789068462	0.4990187703517287	0.5214148239066786	0.5409065166143108	0.4477006213488439	0.3425447198645833	0.317206747563392	0.3146219614268179	0.1298887930602106	0.2729639898346662	0.03397851028418357	0.1309020344554044	0.4223003711091671	0.4031715600458945	0.8586664643141492	0.4429695875482181	0.3582475391995203	0.5490933512257199	0.7185969495904562	0.5561532103058221	0.02090250109097889	0.1406324560039016	0.04542239967561761	0.01179258675413581	0.01413596435486086	0.2180024853985042	-0.125861336531548	-0.1202398522962301	-0.0541413274736858	-0.2616419417438666	0.2297401736494001	-0.2773354771264707	-0.5518407827508933	0.337203617061496	-0.4764046958059605	-0.06146328331516818	-1.220645953923684	0.04819841908701654	0.002088217767892652	-0.04088413030108407	-0.01287647503984718	0.002517620229344821	-0.005393187615960919	0.005218986735635014	0.0004252648097536832	-0.009597438613838048	-0.01101494544647023	-0.04677539918149073	-0.1110748263973352
1.25	0.07832415528001364	0.04714324382077598	0.02622054234276606	0.05407647488821749	0.04764776234923819	0.03316033697091971	0.618775876222299	0.9974934702861855	0.9984769585029352	0.9938947139457627	0.04179394821316242	0.0116939576545297	0.01165893630603216	0.01236391583685736	0.01531199307684749	0.01489710840329795	0.01210615633680948	0.01610287098760432	0.7288633244622501	0.01913054308192144	0.0183450020299957	0.01743253913709234	0.09683118253010457	0.1153622407918118	0.0132050222280936	0.01545395626716842	0.01988964110644644	0.01873125374269149	0.0114625052916147	0.01147510715902022	0.01085546524083395	0.01000156970774534	0.01000182990266826	0.01000183933301791	0.2438749647157356	0.05181911954415943	0.06800154802983191	0.0105230506948839	0.03791315522005633	0.09846934661887201	0.01238907508806427	0.01076994392945503	0.01223331778527244	0.3317325986610436	0.4203604154109714	0.472644924728493	0.4651989208590259	0.4768231092997536	0.486836485787245	0.4008526355062902	0.4112326566614019	0.3031794787076805	0.6650404078274893	0.5887545346916017	0.3984075828228235	0.3624104150104985	0.3590080548562408	0.3471130545651065	0.17028577890559	0.5755317624916624	0.479798785153707	0.4592012788782918	0.4420940058206034	0.3389334922193926	0.1241925922934546	0.6904997373032339	0.7010015861787217	0.5168553213491552	0.5240842411896869	0.5310573599103799	0.471994118038498	0.3044167666944061	0.2735678986343333	0.2479743515541281	0.2359552895907668	0.3331130659386164	0.04175427442240058	0.166354506915227	0.4333163141393808	0.4202103746710798	0.7869216942395674	0.4682762103943722	0.415963879859162	0.5440344178356729	0.6834074544640039	0.5445235159576751	0.02428131553650362	0.3983129426032506	0.03052190084988937	0.09033017539025626	0.01272783924006189	0.1255084484385027	0.0842340969293939	0.05253757837383478	0.02995369799191815	0.05713596685740731	0.05094116303251598	0.0364546825606297	0.03056401238375439	0.9934611454568184	0.9960077945808954	0.9840980846170584	0.06875798244097388	0.01228222507823837	0.01243482708477604	0.01335081725846613	0.01710408619033145	0.01683861829268568	0.01379905784882457	0.01787189576443779	0.3018664774094131	0.02172680931525117	0.02095566198634965	0.01990029345822779	0.08979176102832281	0.1069316867895579	0.01426047157734697	0.01748172376270443	0.02243915475373793	0.02562643234655046	0.01262927585192382	0.01264743664415065	0.01154242104479651	0.01000293486419806	0.01000268514903539	0.01000276086360686	0.2457313186226316	0.05197773481630558	0.06756159847394141	0.01078202863842141	0.03879834922704072	0.09695826674645135	0.01350722072425382	0.01115816051641231	0.01328189631241542	0.311201785501542	0.3845786444472751	0.4205913329056825	0.4601449575142384	0.4643020038507329	0.4659138747830615	0.1781619926324987	0.3998652424636046	0.2111680604321242	0.6271134970554796	0.5750848181990695	0.4829077399921243	0.4333729181801943	0.4244790774054799	0.4079470888739868	0.2557583670850752	0.553788404668712	0.5006968034941888	0.4849273501687507	0.4721493825617444	0.3945672188911225	0.2050575976546023	0.6913147801786579	0.7025851141431939	0.5423376044634424	0.5249204950984518	0.511161905180446	0.4176034591251845	0.2468041977949061	0.2100846876797234	0.1541180549792721	0.4162463916126683	0.4609785398925243	0.05133207520145583	0.2301971100697084	0.4522754604522728	0.4501899061609002	0.6445551022573508	0.5198541483663319	0.5300670508145209	0.5349166481102063	0.616450276573549	0.5225900457735287	0.03880872202167122	0.8743287738018484	0.01188479742681402	0.2269407457547841	0.0164868657276395	0.01231642803062278	0.003016296050314466	0.5438858703140212	-0.1631874211161613	0.1804512237008578	0.6056710915540288	-0.6531386008657472	0.8189498582276912	0.5750763179469235	-0.570942805611674	-0.02651628175835476	-1.205652943564913	0.03366269945419249	0.002086341515616258	0.0854109350494567	0.02005970274213154	0.002965356239562019	-0.01280266919730124	0.0009861616183694675	-0.003861041705297249	-0.009673853520202381	0.06277045183021196	0.1542916203299765	0.03981015215113536
1.275	0.05666440560297088	0.03495882715021484	0.02258931919147615	0.04440552065826602	0.03960288743325999	0.02903041835139318	0.2430149175042144	0.9999214587763288	0.999413442911628	0.9999590131998832	0.05935094446103414	0.01215443797996436	0.0117697375668942	0.01272370632136003	0.01581804834511643	0.01523169843245888	0.01045909553281076	0.01755656066299447	0.4527677396427912	0.01907724670804255	0.01834713695475068	0.0176388605539611	0.09415525205964138	0.1126893419511177	0.01453997809070106	0.01620267583541437	0.01969198611143495	0.01000589776070174	0.0100361186064664	0.01003020137519064	0.0100296340689429	0.01000194159526766	0.01000182166272274	0.0100018376640178	0.2283404660725345	0.04880491868310467	0.06294945350848857	0.0105004827536306	0.03580605558402868	0.0891972870465588	0.01236007697954709	0.01074880497165674	0.01218934159960871	0.390349063420098	0.4804571505744087	0.5368208391726436	0.4721495855319452	0.4870999320138396	0.5011879060999682	0.4213545768948008	0.4545925079008041	0.391976143400768	0.6458167745843951	0.5591587441332537	0.3236504397477475	0.347807859214656	0.3681847260392829	0.3718708819174831	0.2786529832991648	0.5427340214489111	0.4654827279271067	0.4639375715496937	0.4715779573731951	0.4282823766857855	0.2822480755912621	0.546592770806378	0.5591488386096783	0.5192154064784548	0.520586330274305	0.5430791937172249	0.2545353355600499	0.2536432221639938	0.2188370422640402	0.1862993860914906	0.2892241653337089	0.3735806130516462	0.05421365827634906	0.1354913619200237	0.4273028256488347	0.4188885462394444	0.7752559809443968	0.4950656470443844	0.4749033062581067	0.5502726737347557	0.691037674685116	0.5423613399448074	0.03386856747640953	0.313493311267561	0.04815101827629741	0.125764172118519	0.04175460273429918	0.02768719619859737	0.03819339725883141	0.023991390791889	0.01810767517351108	0.03582677967096699	0.03205965154190085	0.02432533338578619	0.1748081216910251	0.9271184613949728	0.9240403239454456	0.9346714623859368	0.05218999522558179	0.01611813620723306	0.01232674081483318	0.01325577261194972	0.01546494466168374	0.01447287729621878	0.01042682727889428	0.01814616274015952	0.3650133606329493	0.01771193954938852	0.01699422986379414	0.01652141635507844	0.09866228484854757	0.1184135156794032	0.01670312828415166	0.01588773805373642	0.01825107251238503	0.0100443698431293	0.01025348583042033	0.01023199584896992	0.0101734087430582	0.01000142338737733	0.01000139081375555	0.010001374979827	0.2096773286979617	0.04628321346526738	0.05913046500395474	0.01037449706186478	0.03392372142972314	0.08287452404982057	0.0118351048886203	0.01056600662416623	0.01169102799526012	0.4393567960361937	0.5437303935813446	0.6131686031778276	0.4772113034723323	0.4984251956678566	0.5206149532327817	0.5434360221495911	0.496342863584344	0.5105132890717022	0.6396768834839163	0.5352996663837247	0.2382099894108018	0.3116490237284272	0.3508554006583772	0.3668128290756584	0.3148577575828453	0.5166494565864722	0.4449602841594051	0.457572860036546	0.4783765690327244	0.4686914793096598	0.3542167158912142	0.4119543962637932	0.424373232881209	0.5108841065525808	0.5164235603638672	0.5603978200027501	0.1269524207932305	0.2467434938444825	0.2145342528027757	0.1898239487459936	0.2096744611784801	0.3296626166711081	0.05476876635995168	0.08204382384795993	0.4118412470404147	0.4013224982077613	0.8483320339703772	0.4903147776381808	0.4612103429919131	0.5616565044652461	0.7374780053184764	0.5535315810544539	0.0503707588029145	0.01116184700130394	0.07106050707015367	0.05943533596320545	0.05423969480115025	0.0240781093096641	-0.01144627567730378	-0.3828747571295816	-0.2982276346730171	-0.02836123663811315	-1.665023271641798	-0.2553611836293665	-0.4939292816580504	0.3149927683372549	-0.4011412959240665	-0.04727463247281568	-1.155518703621035	0.02637983227656658	0.001794231928059322	-0.03705021438781295	-0.009080559698210432	-0.004108367923090878	0.000344684455690408	0.004683578823016006	-0.001382230515607287	-0.01328782510406536	0.01133136452608103	-0.07061816690230209	0.02474430372069072
1.3	0.02007121707432854	0.01470959603285849	0.01436892075316277	0.02531852030608431	0.02276565854489919	0.01933849537753377	0.1307675121626976	0.6136858626268543	0.6116937273208748	0.6187081070784614	0.03512662317011547	0.05370843756308918	0.02095606307577961	0.02147358546286979	0.0188397745376068	0.01573449100309311	0.02707813290864377	0.02529578216635102	0.2491712767437634	0.01866684297501302	0.01785882910557159	0.01779990126757335	0.1162093857444118	0.1388040923155724	0.0354272422795303	0.01960386842190739	0.01899980561809686	0.08896935568844561	0.02543585752417302	0.02538983963307955	0.01919544846816267	0.01000178379892906	0.01000182946812646	0.01000182614431909	0.1821345620118371	0.04082139875029235	0.05126757359095416	0.01064951170229644	0.03232655810844336	0.0742532958015379	0.01285637382155684	0.01097135328114054	0.01267676160406277	0.3261069015974103	0.4325036064579383	0.4876388816895689	0.4516659951474463	0.4639350149341388	0.4789689863877062	0.3843202352444187	0.4432188878255611	0.3643899644000467	0.611058835157239	0.5417112270115084	0.4130606931578528	0.4153171524808439	0.4181251479609161	0.4059769233781599	0.3014119214710529	0.5064209700303455	0.4796220780855194	0.4774474255360587	0.4491628291769169	0.3901428704169415	0.2983107611595633	0.5399414411827563	0.547336535295722	0.5318795230176921	0.5174630248322378	0.5229238463915864	0.3319747640044781	0.2764176438383224	0.2524911897584731	0.2025250954638183	0.1385707853210406	0.3093230261631692	0.04305847427540565	0.1086110133722569	0.4225278620394048	0.4105968773615417	0.8452642522456896	0.4809808400838511	0.4389669082051068	0.5561026793377872	0.7202165565446121	0.5544181180600434	0.2199907512055756	0.2958111436090594	0.08541295012003261	0.01100216642840586	0.03581132486579531	0.02529874827878353	0.01342771255902477	0.01340080189196297	0.01441037908983484	0.02062348223825225	0.01885917535884124	0.01812601880470655	0.01269264092089019	0.01075665435075527	0.01066915185221797	0.01134187652661167	0.02740999396148121	0.08945519138220653	0.02895259202081141	0.02915008095285923	0.02263429681203014	0.01781189982739674	0.04353559148287738	0.03214639838564088	0.01210296356648169	0.02097823146612756	0.02007995423879685	0.02023423580061634	0.1328562187296396	0.1589886915886469	0.05259059090312061	0.02375114635524649	0.02115302002435295	0.1771513853440462	0.04013500579842082	0.04007577776055118	0.02779179744656623	0.01000273963526058	0.01000269711377049	0.01000274006260604	0.150763945066357	0.03683823254383737	0.04519046766278897	0.01104138841824274	0.03208022286026132	0.06773453180420136	0.01438462520362838	0.01154853103935693	0.01413986657858305	0.1475433188362677	0.2454005184265989	0.2712101659567914	0.4081807352692607	0.4042099641180486	0.405916715903231	0.0852199499492922	0.3550582450557161	0.1110804742716855	0.5502438517796533	0.5461456139546682	0.7178970884131934	0.5998783276342936	0.5418572262300232	0.4823024140882119	0.2960872736584126	0.4802677508850426	0.540839475305941	0.515877220419006	0.4068131131025696	0.2766310589646193	0.2247315096539159	0.740421057698611	0.7387697759041716	0.5725641540952658	0.518840103591352	0.4561193417404258	0.6537805900495028	0.3095840781306279	0.294783809550379	0.2006989005129445	0.09213983270266916	0.3042603667691493	0.03290621730514371	0.1704111632760995	0.4430475715277045	0.4309111735602186	0.831866843858597	0.474878277892691	0.423838703771341	0.5463327584221609	0.6863025977537268	0.5533974505358416	0.4372312702216912	0.8087357785564193	0.08242836104834299	0.01051665294591504	0.01095892418221803	0.01042891262093234	0.0007525337131360902	0.6308906379114081	0.3586669620458924	-0.121472264468723	1.536911505939452	0.1719554781975988	0.7074852449686586	0.6874869680492339	-0.1468975990283196	-0.01255865029272565	-0.9857947313544259	0.02981698591259692	0.001291466011316811	0.06629194328649329	0.01367667476715012	0.00984499157221836	-0.002461591651179654	0.001592201192773155	0.0001683893646106648	-0.01376421014566632	-0.03890043279019662	0.3744021256154134	-0.07648253719449828
1.325	0.01409249335904567	0.01360197753992775	0.01430372340045817	0.02034446093973803	0.01871730161629448	0.0176367337705449	0.02691488816727066	0.2092276467095137	0.1681711553225388	0.2655170352766982	0.03283379104732761	0.0706210203296206	0.02135790712950768	0.02232309994137378	0.01893041144276425	0.01554295060946403	0.02557566743775942	0.0273190962573537	0.07527429761203215	0.01866703167152852	0.01786682810233952	0.01776243403516362	0.1122241039620729	0.1338732143391713	0.04195172725472326	0.02049104180754878	0.01911040485899592	0.06953655566670673	0.01535298729686596	0.01522841514919954	0.01193381392872136	0.01000182054017182	0.01000180307000077	0.01000182207521401	0.1278418258362676	0.03153771150249598	0.03774360096944612	0.01069170740915166	0.02864064405931285	0.0575316687258699	0.01318484958313879	0.01105004445415147	0.01297040193001249	0.4056316452430481	0.4667361079625793	0.498891690513542	0.4680146807804905	0.4779044128353367	0.490366520644294	0.4217162241621541	0.4667330375261048	0.4169934733164333	0.5665003215364351	0.5169551611191648	0.4380273529937316	0.4485561277539982	0.4613488218667027	0.4526426035160276	0.3977747117984315	0.4952474292206243	0.4807534680814567	0.4834652653156592	0.4750151609772656	0.449191969895507	0.3936049799995239	0.4926207505766053	0.4999829075463603	0.5166985711291556	0.5037748476960356	0.5129611990011477	0.3147902668768388	0.3012914110089288	0.283020188680335	0.2116042373798006	0.0607321702604029	0.1747638817442514	0.02671967514808309	0.08227299480308536	0.4071192675258297	0.3879563813323092	0.8858792185188478	0.4562474315490753	0.3778383531332548	0.5670180981878489	0.7701119004748225	0.5773950574721972	0.2091599207706058	0.3084726763699611	0.03874239512855466	0.05437962432646896	0.03452897308439291	0.01149869612267675	0.01453508577966298	0.01374730683794705	0.01429346986808611	0.02014851342699234	0.01866198269685181	0.01746449243173871	0.02225534310931349	0.1298389689710863	0.06663866577402475	0.2217379068555613	0.03533727183347343	0.06144819518870061	0.01812740949279226	0.01926452737131183	0.01718441626826064	0.0143905302236326	0.01571903246992197	0.02479916639872861	0.06490063688181728	0.01751663943206804	0.01676737582696722	0.01652964274703817	0.09888777421675526	0.1173340065476019	0.03605362331233995	0.01887367983334676	0.01812336465520152	0.01008422253137851	0.01016352520210849	0.01014771261303137	0.01011065594173767	0.01000135896915002	0.0100013576432615	0.01000136219482137	0.1020363495901168	0.02815783621685695	0.0327060904162236	0.01058681078332403	0.02650317034180087	0.04958171999073536	0.01275963995177354	0.01090479164086112	0.01254233273810747	0.5888694424608732	0.6033908528545018	0.6233363276653331	0.5102713498180103	0.5257991408175636	0.5413749889422383	0.6197924864732448	0.5356943426351299	0.6043909283573491	0.5495305588375925	0.4904008723838693	0.293378509932043	0.37735566228908	0.4317644300132685	0.4536057758234521	0.4902962992912699	0.5023391184802943	0.4491767645003748	0.46766493368303	0.5228325183309975	0.567064526651303	0.5221839404671582	0.3468295263029757	0.3581682393611532	0.4739538281483247	0.4879904413876651	0.5363163795291789	0.1466372102678883	0.3158205352605367	0.2975087818086111	0.2363977984650442	0.03531006310667536	0.06994715108332115	0.02292894639115772	0.03630602286743066	0.3830906680386733	0.3570971849719409	0.9438338495019624	0.4320179002607556	0.3219333885444667	0.5827782203045804	0.8418295178555335	0.6019630706441617	0.071702484219564	0.0136072784878847	0.01377384381183604	0.07772733159402871	0.04635595650950486	0.01240002991532635	-0.0007189413293134959	0.786138159145132	-0.1002029802405117	0.06862730901866358	-0.5926413586962389	-0.5520395169823795	-0.07115725183168201	0.4593969488270764	-0.1468389485813937	-0.04295339686323579	-0.6913690443893535	0.005605897388686191	0.0009664123085139646	-0.02953260105502383	-0.001229269875679083	-0.007114700815915041	0.0009115791308148835	0.009888850645746084	-0.00189207601573024	-0.01409606986394294	0.344400318814355	0.08941821316275667	0.08273105559998277
1.35	0.01500827696989865	0.01393726079471851	0.01473695060185615	0.01985095720840258	0.01881758203973538	0.01826617021176556	0.02893387634074406	0.1015117656936288	0.06054291470633277	0.1657300260205856	0.03126642839482949	0.07088776929190214	0.02715131793302952	0.02601672214532664	0.02002182766556983	0.01533779719851384	0.01677784936707766	0.02637401838360369	0.05750954171156254	0.01872332048195902	0.01794306990623424	0.01779396203366071	0.09017911656744299	0.106522200253764	0.03644851063040051	0.02071190525514958	0.0194695719297937	0.01823570550532696	0.08611104897681089	0.0874150580669336	0.07297819677088573	0.01000180606785252	0.01000181493198771	0.01000181217920461	0.07457532964845848	0.02564254840417831	0.02811665459500463	0.01142187496909545	0.02473270389342822	0.03843377708643306	0.01503059109232949	0.01213727796554305	0.01462712391511353	0.5433318630411127	0.5384807235308835	0.5389928884378117	0.5019452327194076	0.5092839668212258	0.5143989443786254	0.5202653785524827	0.4889016321440642	0.5011408398259534	0.5370123391250707	0.506551025969265	0.3931600429659708	0.4214592778214025	0.4412040521457688	0.4506943095278956	0.4502100800796353	0.5182603623409098	0.4705036132413848	0.4731604045571986	0.4949865517968477	0.4964837269186319	0.4506960691998226	0.4714851884613838	0.4770509905354963	0.4688380051787165	0.4884443049223985	0.5088044237915718	0.3690057701296163	0.3804630992069853	0.3695252940264832	0.3369181846575487	0.03273924713063046	0.05004646373714822	0.02227801968481962	0.07094767928237192	0.4026605932033669	0.3768671930187886	0.9401456289938724	0.4247716381585529	0.3043827746216666	0.5710006418923413	0.7990743307273226	0.5917361182916445	0.06738660587229905	0.1090298815353433	0.01845653218292308	0.05311780798206335	0.03583356373489395	0.01578664703736924	0.01384703156486106	0.01375733760694508	0.01516823486132271	0.01876871283642605	0.01822764720699903	0.0188962510533138	0.01930806434842561	0.01177508587520334	0.0131397084356369	0.01694507432809076	0.02421076123984417	0.09324077108172231	0.03960786989700136	0.03606149868099014	0.02461985307021927	0.01740248929343858	0.02710542138893532	0.03085602593788563	0.02063467984235872	0.02107932513222391	0.02021843641178999	0.02028260937542043	0.08939096383611105	0.1042921342257762	0.0437614382145444	0.02434196673823777	0.02182190186391537	0.06894078823233211	0.1762869341503816	0.1791703845438492	0.1432241717481247	0.01000272232821353	0.01000271214365892	0.01000272159463388	0.04940920095214021	0.0245219136610568	0.02550520977621142	0.01234802409882502	0.02431281336660396	0.03043178490506289	0.01775425955274884	0.01349963705291695	0.01716278830706622	0.4241857999840259	0.3960915147916982	0.3600779411796971	0.4825876117087056	0.47332615561133	0.4583790606299037	0.2867635465285945	0.3964193771303329	0.2709214419806891	0.5001335372532104	0.531595679500019	0.6021723039106218	0.5252560337037392	0.479505177942865	0.461671282576936	0.3825954467098353	0.5415842641573553	0.5153755485506527	0.4884220615127582	0.4430345097863834	0.3580339571418917	0.3136592320502747	0.701164013057774	0.6956789987009151	0.4620642134061765	0.4874533057360558	0.4508964367271476	0.7916853715385732	0.4886792045779746	0.4901033157776915	0.482789898511092	0.03590888306290228	0.05497189541729491	0.02209752066521342	0.1416187682501715	0.4376769625900294	0.4119671166516838	0.9484815749424881	0.409596259267795	0.2754089086074034	0.5508519425691389	0.7315777413613846	0.577750173869742	0.1233643856465505	0.3130029659477461	0.03667956447140863	0.01426039952700345	0.01311743369907724	0.01546189557437402	-0.0006310502433866869	-0.7948182235686921	-0.1509705861803316	0.1170770655316228	1.783815150573282	-0.5252394523550018	-1.123966009384138	0.4476524772127317	-0.1019284961583527	-0.00912269145424479	-0.4334398069418684	0.004953259663395927	0.0005196714797810171	0.05130566505167825	-0.004416458309910276	0.01464061624446683	0.0004206442050487636	0.007267122867654053	-0.001555590541680123	-0.01348343342087871	-0.6433954458330123	-0.1222120519489289	0.03507917725619136
1.375	0.01305577680682388	0.01301453163202162	0.01431268586682465	0.01670284082424097	0.01642385587060172	0.01708502911514096	0.0194001512497461	0.04806771063938554	0.02633930409858879	0.07182335130043568	0.02727057545490425	0.07964261320701554	0.03623404720715589	0.03254336383448452	0.02145607700932484	0.01521778242964313	0.02073401438907721	0.02732748004873566	0.03433545859542329	0.01871827292516132	0.01799449278204073	0.01793413886926609	0.07228357556494333	0.08418868029191102	0.03885588410383494	0.02175181666316364	0.01942292292342705	0.03188120801267634	0.06729292122375694	0.06892939623585966	0.05628015453415623	0.01000181029111348	0.01000180654937617	0.01000181045923794	0.03808647478762076	0.02134993463267923	0.02197653467153088	0.01177649198183953	0.02124759489816616	0.02528391220440189	0.01652330263750052	0.01295319290785714	0.01590649269821992	0.6968633291359717	0.5634165849304668	0.4975163706267721	0.5468642030590999	0.540348904684461	0.5263201240217821	0.4918919236305017	0.4902905671088921	0.4674681375412183	0.5021871738360155	0.4842189193618604	0.4165220810855835	0.4358486449044234	0.4568298020846029	0.466484720220399	0.4710733799974535	0.5174640290127941	0.4715954608305541	0.470816557277029	0.4934533713174051	0.4849040524203158	0.4294763406472658	0.4353757249111547	0.4321270793797437	0.4208037036685587	0.462652447429377	0.4692820176186303	0.383825757602152	0.4471816914004736	0.4440929295305708	0.4281538309858463	0.02500543220535796	0.0346740960649819	0.01677363771197128	0.0642272718658486	0.4046113175787732	0.3690816518903012	0.9637044727792098	0.3756625126308053	0.1826464566277182	0.570358710923436	0.8167419488716536	0.6050543288257455	0.219050815837065	0.2704910928731425	0.05699548792479216	0.01250341018480975	0.01192933942320644	0.01189112127693901	0.01279519315931334	0.01275860458444771	0.01398813544131025	0.01574503816216606	0.01561135730269912	0.01626306944350261	0.01946688363227691	0.05972614333599167	0.03109916070354433	0.08092913490749562	0.0283741547995239	0.07040686381814815	0.0341183061935616	0.03050164505399432	0.01995274600109224	0.01428958890439728	0.01732769667696271	0.02523225509815346	0.03978380313834622	0.01756391153171766	0.01693231627498456	0.01680101640703789	0.0595040083463805	0.06848873334691268	0.03582715311915327	0.02041400814191685	0.01823343637841179	0.01042933479451148	0.01024872030881288	0.01022632991060954	0.01017019634174575	0.01000135390509627	0.01000135418420105	0.01000135468614554	0.02934984630783646	0.0196528246613037	0.02005208491193982	0.01202555219751038	0.01964255847445083	0.02222112501062597	0.01613419214724051	0.01318621288174713	0.01553350748348366	0.9226099375849728	0.653733910451703	0.5330290769577294	0.6010699305811936	0.5877280070601345	0.5619727939809589	0.5797221975200212	0.5382623172352877	0.5493185295344334	0.4808519059410743	0.4477426821602412	0.3359048477622066	0.4021382488117422	0.4531655025142093	0.4777558274359149	0.5319360037886313	0.5028805248217815	0.4510623503497787	0.4626193661949836	0.5169366300757902	0.5429425718481098	0.4843876137822224	0.2880501863258003	0.2823254963692298	0.3811894891392359	0.4377156928071557	0.4520918571510806	0.1783895743842651	0.4621858853252914	0.4597982467595463	0.4479361383438519	0.02005235348297708	0.02613411933449327	0.01472120585401164	0.03230692578770907	0.3903674051648553	0.3474407113295597	0.9717320074579768	0.3443395472741269	0.119005586778128	0.5778453852773655	0.8605641719633047	0.6222744003512735	0.3056670841943379	0.2620442978906387	0.07002314274726903	0.01052024621249042	0.01141470265299175	0.01044740233524163	0.0001120545414951241	0.8429833772428776	0.1222835569797304	-0.09869851753826347	-0.9122681498797126	-0.6562919368410968	-0.1102323102034848	0.3439147345698874	0.02743084966771326	-0.03104656269061297	-0.17936533629193	-0.007589702319376565	0.0007209310877292049	-0.02157644269430974	0.005119589212565545	-0.006408129435157873	-0.0003533212552183742	0.01894546163419183	-0.000114663633322553	-0.01262390013056095	0.4888226261541421	0.1997699887251682	-0.02287878870069979
1.4	0.0142067819468405	0.01407686108772428	0.01531660247169376	0.01722971690269981	0.01713012296867295	0.01782703650543923	0.0202288010678448	0.04785977758895946	0.02747928120958005	0.06311546667591605	0.02355458005163858	0.05505564226050346	0.03214293699545404	0.02992694772199633	0.0223825003516911	0.0168814755761251	0.01923389610671444	0.0240693687942501	0.03315558253951728	0.0189864251973413	0.01850826418371149	0.01836998913608183	0.04372779408652742	0.0490328235398692	0.0331055835780976	0.02140370573059782	0.01952378371419712	0.01178145606241477	0.0430570822376392	0.03589305033764563	0.0299953472334211	0.01000180723177501	0.01000180954454746	0.01000180803035443	0.02388698190408884	0.02015783026215563	0.02042056898448767	0.01734729103110287	0.02042441014240247	0.02187724550835976	0.01902089240705612	0.01828255391740346	0.01868096343202107	0.7794339874484675	0.5416105615427074	0.4183522386966798	0.5638972266756049	0.544516596008362	0.5084224116891533	0.4898593447935196	0.4944772025708046	0.4677386487077705	0.4573190262292777	0.4610754839988265	0.4588747391137887	0.4737849223901739	0.4682557796243358	0.4828627021410464	0.518881443897302	0.5054258892620527	0.4773450862354548	0.4793240303164343	0.4877944182207425	0.4857156504815489	0.4655277850647384	0.4268896258748013	0.4178948645698406	0.4111729229653085	0.4473615287128881	0.409785663564514	0.4045123184438517	0.5267326954844092	0.5294215474752856	0.5452737394563197	0.02981617046806671	0.05154324991179097	0.02250484587546281	0.1271780182279567	0.4145213828053849	0.3829184050971065	0.9069267521616081	0.3885210490236887	0.2279736279841933	0.5597047528999972	0.7792462966866442	0.5926746798839562	0.3319081934982937	0.2740602013901231	0.07771262880541382	0.01411459597614142	0.01594635155325282	0.01483963047417641	0.01547178311162327	0.01544660248519134	0.01686688210905393	0.0190463144135894	0.01898131945489518	0.01997173459747063	0.01902654195097361	0.01290721867440676	0.01215965515352778	0.01498495030768422	0.01685197722420878	0.04806074826583402	0.03401348480181808	0.03265380897310762	0.02660274506540315	0.02035592940825393	0.02531543630162209	0.02515776847368346	0.0163154994501845	0.02155980001090332	0.0211516588986626	0.02109542099929166	0.03407201897519178	0.03616027941555257	0.03369578005425088	0.02393691105271211	0.02199312233675714	0.03564856454507809	0.1209799182231822	0.1063413921629531	0.08621671593715004	0.01000271786440408	0.01000271554855361	0.01000271689794827	0.01927410094983775	0.02150966241897197	0.02149385323488658	0.02239125466081221	0.02212006272471347	0.02194423759964905	0.02256557403084756	0.02322520480258213	0.02242249966157599	0.5396210044871742	0.3294316423983278	0.1983882815348745	0.5025107913585526	0.468240773802671	0.4092077786449954	0.2982798938186762	0.4057635632977677	0.2904930527252458	0.4078069921570015	0.4843539628930178	0.703633863363703	0.6140839839532035	0.5012844321839843	0.4948860000589635	0.4879572149540924	0.5124059877003866	0.528981702190724	0.5100386087668922	0.4301187758736209	0.3659492104436924	0.4088240269897248	0.6872427607833822	0.6694034264716447	0.4568485310830914	0.4610370378749938	0.3278462628185622	0.8467313762072501	0.6638416145684373	0.6784439421208918	0.7501433959738704	0.04312787140064922	0.08388947031097768	0.0312749260752673	0.2732889796977477	0.4606561015984493	0.4468722338773076	0.7869433116798391	0.4565147125407197	0.3907284161790471	0.5248060839581636	0.6247640071281044	0.5400660586801217	0.3637452105292927	0.3447972882518531	0.08248635686117067	0.01174004474505627	0.01623704022852259	0.01986735458049787	-0.0009147925289153582	-0.5020142974511085	-0.04677073397596204	-0.02509704282313022	0.1568836670768415	0.455067126102445	0.3997946859566334	0.149392301807463	-0.003651199302459442	-0.02455652602971865	-0.03457978128875594	-0.01467017278136389	0.0007198451339876157	0.03076610726084567	-0.01492931403495489	0.01819323260564918	0.006307025058443603	0.01073787406038875	-0.0003451702834216539	-0.01053639254794462	-0.3804095709694815	0.09567388446569809	0.07953934993062546
1.425	0.0147568339645908	0.01482215636723456	0.01640124544725209	0.01714307564186538	0.01723287331424338	0.01817844373150749	0.0270027671483355	0.2056037428518627	0.1208850797013412	0.2054314455348322	0.04112147981003168	0.0388514148096132	0.03017849542521595	0.02964628935979778	0.0244139744015036	0.02064065964350067	0.0166002889241806	0.02187278731689802	0.08303127547031258	0.01926455828327986	0.01914737288959577	0.02119991379523344	0.02565458059279833	0.02688774478964159	0.02983975614687633	0.02114948864060263	0.01952675502053123	0.01934201316538341	0.04734026837302243	0.04502065557148861	0.03766209150541722	0.01000180892863197	0.01000180787401791	0.01000180800838563	0.01680168688937642	0.0189777034087003	0.01895376588809297	0.02202298508880446	0.01953960964282011	0.01932215123211193	0.02003546107043865	0.02128402008804352	0.02005096590500184	0.8000220193817218	0.5386535006545277	0.3297736667101504	0.6086488325092271	0.5673166587428834	0.501475041957284	0.500356734333577	0.4939590853665074	0.4492577693961145	0.4527667092928444	0.4581306215764995	0.4384481398192898	0.4379928427032477	0.4653354359660776	0.479660097468551	0.508645418734364	0.5336047820233966	0.4725001284337416	0.4672658107993259	0.4698745863218364	0.4475751878687829	0.4140791866477042	0.4776280560425132	0.4561198785111027	0.3273264831820263	0.4090945273026156	0.3403592990285522	0.4881539852428206	0.5465155335315526	0.5515834288377873	0.576742562450803	0.03526372343506332	0.05985320583298666	0.02581299241417237	0.2058832234117268	0.4362476226649582	0.4118217212937619	0.885643430344781	0.406460080515971	0.284192712751926	0.5399065208742549	0.7110802568245428	0.5681331230116382	0.3192888389974683	0.2198736216421165	0.05717332382588088	0.01071619580121396	0.0108709413502213	0.01031150893841965	0.01460366017246008	0.01478243396037568	0.01638079024797312	0.01632038727736822	0.01648664253436411	0.0173528797672871	0.03088503535858483	0.3391641024824106	0.1868886293716582	0.3357310779603737	0.05350093682342043	0.03248790823436489	0.02758269768119227	0.02752468322080716	0.02302264613564952	0.02074074058255838	0.01236513509977901	0.02009777477918222	0.1203517710122188	0.01813260588666086	0.01816117577285853	0.02117261595283345	0.02077006295808327	0.02131581809570626	0.02727452600866309	0.01966257359036567	0.01829365657537069	0.01008223930394559	0.01006769437383952	0.0100623713920903	0.01004829364980123	0.01000135430245377	0.01000135411237394	0.01000135351927214	0.01563015194160785	0.01772835838267069	0.01769987388933573	0.02187975531981399	0.01825004308606932	0.01801739785771731	0.01873854443117387	0.02026139330930564	0.01884269216953011	0.9740994616263501	0.668286901378163	0.3746131975920957	0.7020238449826652	0.6445960966054214	0.5596865299815438	0.6049831073431515	0.5310424302404948	0.5101110132416554	0.4765462411380076	0.4480773021458545	0.2605866453972763	0.3067597324349534	0.4383643291852321	0.4652555578761018	0.5044966915329256	0.5723524406019527	0.4360436705949318	0.4314098603931301	0.4860551727450663	0.4756354182337689	0.3808789231811847	0.3890427180988516	0.3611660056686831	0.2154644994070139	0.362222286656533	0.3271170962865673	0.3284859426305797	0.4870558541197451	0.4875344860046705	0.488981941337875	0.0320330922036979	0.05541335892385477	0.02439857017429911	0.1865098914620923	0.4339853377517809	0.4063777764444421	0.9140483566131247	0.3868112112401655	0.238757164930806	0.5372259647506036	0.7136816433927134	0.569124535517365	0.2664797755812949	0.1243311101649815	0.04327779663570333	0.01114906295236282	0.01090421068926195	0.02153808221285148	-5.39950743296007e-05	0.9148398274153784	0.133837172793987	-0.2189608318900489	-1.670157043484929	0.03971920892943596	0.3963346321199499	0.07272725960048478	0.08268281043438169	-0.03324729411926684	0.02417745424083432	-0.009097855709141846	0.001195854276782369	-0.01155501199584527	0.008330616467677139	-0.00534948222874383	-0.002682045222560015	0.008164996729810249	0.001328622957121625	-0.007218075751117819	0.5169954037038399	0.2171403345345454	-0.01184973960857179
1.45	0.01691914921469366	0.01770759907240745	0.0186883219399908	0.01844684119237424	0.01854693640099172	0.01893638825863661	0.02561700079736724	0.2223288791518205	0.121423117557488	0.2210884749937569	0.03877987004811787	0.02592844724022555	0.02360677491103021	0.02356908959744737	0.02154983522803997	0.02053459648411181	0.01743823936590574	0.02045985304939191	0.08032548977990797	0.01945197254922264	0.01937136985829281	0.02059279171213848	0.02134356908500433	0.02165889780331777	0.02377036623500245	0.02019926524817863	0.01953188269486046	0.01121251983812972	0.04907906939037929	0.01204088549801303	0.01103827637146739	0.0100018075895259	0.01000180836306747	0.01000180754612955	0.01724936789183812	0.01905645629150106	0.01900971679076378	0.02284734886531206	0.01948263790287226	0.0192403661933288	0.01981407262578154	0.02105349804489158	0.01996028308010071	0.9747108404343472	0.691274561296176	0.4191731926918995	0.7164950346069315	0.664071264958498	0.5870190034250242	0.5012792927235969	0.4573441689432506	0.3934817480275092	0.4708329556892124	0.481871148473419	0.2289619832848426	0.2634263356727236	0.420814373496462	0.4484791230701522	0.4517809957798647	0.6243754460722314	0.4369373378870178	0.4113010768881681	0.4900150816408234	0.4655034828946814	0.3167264246526797	0.4935186070146216	0.4706899599935023	0.1828111709177354	0.3646462519238478	0.3654874167701535	0.5179651838232819	0.5033752495767303	0.5050144930165413	0.5115901769495412	0.04228741606875124	0.1295640279530221	0.03923012123024495	0.2718862995258922	0.4500412174740129	0.4277927145723389	0.8342086600410102	0.4048538803366	0.2814866383306942	0.5300544538489714	0.673844460167167	0.5560822493108021	0.1489298463242754	0.05603638704203522	0.05243908659182608	0.02002006193962199	0.03807396077227077	0.1749165293574949	0.0194601248280311	0.02077534462985772	0.0212009929456968	0.02136596042340552	0.02136061474433797	0.0214081287295413	0.01783935482633807	0.01216785034361371	0.01112642082022697	0.01211131248692695	0.0152936903328826	0.02202447970289776	0.0217566306766364	0.02162181624104335	0.02186920142356609	0.02097491247142524	0.02622266914819776	0.02216019471768812	0.01371958173533692	0.02195654956022747	0.02169213490060268	0.02060650258934526	0.02313068454086741	0.02305252844673742	0.02210538557358873	0.02217346265516642	0.02200297648162373	0.02292082854992109	0.125926686898188	0.04612233298357036	0.03832951820057959	0.01000271587607121	0.01000271603591707	0.01000271607348387	0.01864102581813813	0.02139947487091527	0.02128255588161766	0.02488889206162004	0.02182923949806022	0.02126265239240489	0.02238733669009334	0.02346409820799846	0.02255700089614436	0.9785721629200802	0.7101956410473435	0.4453362059341566	0.750334466495292	0.698133715351657	0.6230270805696668	0.2945353277544198	0.3192404988804872	0.1733805961624592	0.4530359809146164	0.5432892650372469	0.214231489442738	0.2165510971058951	0.3958375209946916	0.4211650742755008	0.3563410129150568	0.7262877825341162	0.4448617420429092	0.3809045265903763	0.486865790571952	0.4267833777562379	0.2076025931551236	0.7159727707536393	0.6982547503415317	0.153600596463418	0.3694130297267365	0.4108938183233694	0.9176834874502035	0.5489139541097068	0.5539324456943115	0.5748605427249097	0.05730304510453588	0.2274034261046588	0.05671917642232796	0.4350953433177456	0.4862308927180428	0.4761387889083167	0.6668773245063262	0.4473286427143594	0.3841353540968406	0.5101686333446899	0.5705358450485521	0.522750353132807	0.01156810448564278	0.01214645110381719	0.07044334679970486	0.02767104087840241	0.06501884385573094	0.3593605273282384	-0.003865218806911336	-1.185521686686227	-0.1329408876287719	-0.04815668788886951	3.010583753772225	2.512215027239342	-1.164249442944246	-0.06430563122816713	-0.01061739555285603	-0.01781072214723498	0.02645030503668814	-0.003385951155423296	0.001083715848964666	0.01132655716466858	-0.0247940108885216	0.02802584928883096	0.009545517440164318	0.004424463539347371	0.002447792959733928	-0.006495966375277378	-0.4365186965257831	-0.003109006830671385	0.02342777194069504
1.475	0.02030885439797755	0.01952652186063311	0.01935937274446934	0.02033967129295147	0.0203689461796956	0.02009666103930847	0.02115409618486918	0.0676829326726236	0.06337289125313719	0.07241476760993847	0.02410794902131687	0.01876947287883326	0.01758136268508186	0.01722747499824291	0.01729138667520534	0.0159777115430843	0.02216844676471527	0.01956903675472831	0.02593631307393218	0.01936982490643929	0.01880775124112445	0.01544494432327236	0.02723119976027527	0.0278920350715962	0.01862684107882235	0.01966389435020378	0.01960715078726848	0.04301497427947225	0.05249653696183428	0.05643961588049011	0.0211586351269196	0.01000180828111572	0.01000180800964675	0.01000180733393964	0.01650251252813744	0.01890789525619085	0.01879773172048872	0.0222968570923493	0.01933005582758292	0.01878527086000627	0.01987730019502585	0.02097887079471025	0.02001193910602278	0.9776941837184899	0.6914979909958652	0.3207037484266621	0.766977499085493	0.6925911238360589	0.5839803896587631	0.549115599599442	0.5028050582537521	0.445992005308445	0.4565397567768971	0.4585137691400277	0.222824015584354	0.2693392992319216	0.4206505107824968	0.4485826789426308	0.4870300761677192	0.6429454051332877	0.423155965404828	0.4000929804005627	0.4799125700442745	0.4530997788925949	0.3289595302602685	0.4079787354118728	0.3590732547907882	0.0856324663483005	0.303442892070266	0.2914877997650164	0.4375737238390137	0.5237406640072437	0.5271253542522241	0.5413419031257661	0.04578090450212104	0.1581298208359329	0.06971592941511658	0.3700172126346964	0.4674412623082951	0.4512314260960154	0.7619241751421164	0.4180699395522903	0.3244324558590317	0.5162698332563863	0.6211206927137608	0.5366225889727643	0.173004519295447	0.1018153384558852	0.05065967668815209	0.01661458638555989	0.03030667567637843	0.1391893521403938	0.02124451529142722	0.01924296450070145	0.0186897877760039	0.02004112924232577	0.02010657668166444	0.01962909694391669	0.02266403834054614	0.0608022124133402	0.0801761733838602	0.06849807586341593	0.02841808396546111	0.0169082422377527	0.01528076977197813	0.01481454815359136	0.01477596249615671	0.01324647970779732	0.02045709491356239	0.01821957948953757	0.02811832177320512	0.01807306189563691	0.01729721799804899	0.01262248936467713	0.02959880779181643	0.03067360490317644	0.01673713409384243	0.01839640029471772	0.01842389326751104	0.05429118769850014	0.0108037262241595	0.05875663521850799	0.01112396110317101	0.01000135439913087	0.01000135401332891	0.01000135300681541	0.01552263983866221	0.01767850833050679	0.0175731273131773	0.02098127227294127	0.01808120281169684	0.01755291330991093	0.01862013963848822	0.01973213699733068	0.01873341688796048	0.97868586812418	0.6817177020419913	0.2241716360324505	0.8008740546463544	0.7034284103086085	0.5618563085452085	0.711155383581565	0.6201765518787969	0.6136549511928556	0.4557852131028452	0.4061545723797332	0.2147846339541482	0.2910141295943097	0.4354825133524042	0.4649857387193918	0.5719750415072992	0.6051108666266818	0.4051390841937174	0.4048712426806741	0.4727191103603588	0.4648619716644358	0.4055548076150651	0.2217762983645669	0.1547440004793198	0.03551788477833046	0.2485152954247244	0.2065162331341381	0.1533960262554601	0.5147639723374182	0.5176361337252003	0.5298537602867013	0.04555633436158225	0.1313069004658642	0.07802438932990377	0.3607657784784861	0.4646785051868564	0.4477242452728742	0.7666226738962653	0.4100404259815524	0.3088620800112529	0.5130705412133768	0.6186527239581774	0.5340765836778362	0.2708933291699392	0.1578059958717558	0.0377201333235969	0.01056487392590298	0.01116200365538026	0.01075120503360957	0.001885952019805797	0.3897696489844131	-0.05471852404837663	-0.226130796794874	-1.056039315433746	-0.8499270861365831	0.1765337315512838	0.07979888590487261	-0.009693250993455362	-0.003415992617054535	0.02785462888349498	-0.003254778970365251	0.0007337341998736015	-0.001208110855136398	-0.0004483951726757521	0.01136095146075748	-0.004425431053728238	0.002691517370744475	0.001146271355057045	-0.005300940125815942	0.2536971553712946	0.1013283292098746	-0.04415458564929235
1.5	0.02572917424498855	0.02314446533798692	0.02196180177032998	0.02266058336386005	0.02287091450651843	0.02208921113187124	0.01996841057470112	0.04968413396677512	0.06021184652886421	0.0546613689020491	0.02740834470523082	0.01629908804466473	0.01508955327619068	0.01466788429826626	0.01462796243000092	0.0131368727311354	0.02599435961951324	0.01896080915778054	0.02702539541006102	0.01933250196076285	0.01806820948396982	0.01243993606591916	0.03027994838032335	0.03129248745096688	0.01687659951812359	0.01949740018418616	0.01976548509509364	0.05241759354812192	0.01126056185125912	0.03198298373389503	0.01084741970684328	0.01000180752870197	0.01000180812202318	0.01000180773861582	0.01733258453967071	0.01906416476849851	0.01896223326847914	0.02207902289936577	0.01932822672231573	0.01881221151487551	0.0198651239121713	0.02093635664104281	0.01995998999226299	0.9773917508043597	0.6887657444004557	0.2828042999413705	0.7743919289788446	0.6949200728703443	0.5772189107794913	0.6262702481276391	0.5398811901554804	0.5065955065682387	0.4734437609071417	0.4508896234731025	0.1456042035636428	0.2277055603864639	0.4353119221015236	0.4639718359699797	0.5168310742941987	0.6216174485733473	0.4100940845947259	0.3953162750548959	0.4811804109979053	0.4727735403119609	0.4066845580796168	0.3773427423638408	0.332976617356654	0.02701888966271028	0.2720735570387427	0.2500301313631341	0.3433437008504836	0.4992757812052951	0.5005070365436648	0.5053854995174567	0.0981849684800172	0.2068416210302646	0.07680313428117831	0.3712224841002648	0.4685504740961608	0.4546891517732591	0.726207780389477	0.430652407912486	0.3513650910930419	0.5131077596679356	0.6039621257787041	0.5298762702907942	0.2642378348566934	0.1465152645632018	0.0224734771257313	0.01072768352060349	0.01150572681189655	0.01041299281109606	0.02995611622001396	0.02768893998306062	0.02603158503908576	0.02595126210715454	0.02625685803036843	0.02524266827777847	0.01489641920698504	0.01085377936002185	0.01053403620435682	0.01108384346293212	0.01907914386985595	0.01616855178875478	0.0160440270903764	0.01572042869667327	0.01618878045149818	0.01490558775721216	0.03423832651614714	0.02087815775554789	0.01276955241526305	0.02187178514179649	0.02024283985671894	0.01411931765537352	0.02980027815640251	0.03041244722919666	0.01790771979751647	0.0217600054237698	0.02230375172113337	0.04619523744071862	0.04723952113887291	0.011682012509517	0.02235613747545088	0.01000271469937237	0.01000271615482374	0.01000271674266283	0.01996537666548721	0.02164810318491538	0.02153223091122157	0.02438157716641893	0.02179313867928166	0.02121304449459894	0.02237901059563938	0.02337175804753848	0.02247465821794338	0.9759967685616334	0.7031119178240375	0.3793133391860493	0.7408782062058944	0.6887643803171812	0.6075529182780737	0.4538242150407258	0.3832848397727963	0.282724931817313	0.4998195154330637	0.5330390626027262	0.05958995601198105	0.127816848979534	0.4306506298771801	0.4579792977180795	0.4099529940852344	0.6632724401905687	0.418854016400203	0.3739525949666919	0.4942257273928314	0.4794049897352497	0.378813026666327	0.6541948430267721	0.6445411007961536	0.03628767088136503	0.3122743718292043	0.3285114003513306	0.6803930890610705	0.4803406761473888	0.479292933992456	0.4738157677843525	0.1605961655790076	0.3387679486534421	0.07475201067348856	0.4239965239479827	0.4821777323970414	0.4759668427095753	0.6188617896826506	0.473022297483517	0.4405050512255978	0.5087817184214896	0.5566573578662324	0.5155306659177089	0.1854455506493815	0.09341976389196006	0.01824635126790272	0.01628408005352539	0.02824879516821563	0.07389091896951742	-0.004303526051263036	0.2925175780281022	0.225244637030281	0.3101878014690158	0.06358534562558291	-0.07569486194191562	0.8625995702299574	0.07899668001858461	-0.1753074898741772	0.0219831863400934	0.02477347605054497	-0.002678997591652662	0.0004844299287764863	-0.01328219708399004	-0.01360314122824288	0.02900330667521172	0.01564580795813901	4.354496193104495e-05	0.002680881057078893	-0.004437350505370405	0.1831203992757582	0.2750791307806602	0.2187985284381861
1.525	0.01918485638540029	0.01905838979440026	0.01909009814701751	0.01947990955791442	0.01958375195627088	0.01952966241808598	0.02424960275511136	0.05157859452116839	0.0772391473048443	0.05701080498623275	0.0209114773397793	0.02238035138401361	0.01967679108581701	0.01908605139102792	0.01832197781143857	0.0161353971523925	0.02221427667385033	0.01996431344658831	0.02502471438680409	0.01925807073002787	0.01824434097959523	0.01568942633413094	0.02708533232370132	0.02758724976224359	0.02048381372179748	0.01986547820521609	0.01960878249104435	0.02638696633077792	0.06064186361129621	0.03150693663789254	0.04627962608151025	0.01000180814508462	0.01000180793522683	0.01000180713373157	0.01774547095618983	0.01917384065637891	0.01906528696395367	0.02181812981275572	0.01926428298554627	0.01871427142592642	0.01983638076133271	0.02079536462633952	0.01993824465491971	0.9748094309254184	0.6124037462486382	0.152438086747075	0.762717581570073	0.6752119148528221	0.5430511256479855	0.5359422765975088	0.4897070656199878	0.4161396378753052	0.4684090760602551	0.471644530758496	0.1321437560026512	0.2113742559195831	0.4327705794648735	0.459710433285773	0.4752574494582431	0.6287553033618707	0.4086361865797272	0.374850018729894	0.4694423549896865	0.4475986034717399	0.3693332782486472	0.4854969254002204	0.4379432221855576	0.03486422488149171	0.229114241501801	0.159200664630075	0.4697911700335611	0.5009525860899229	0.502863583236402	0.5066770682173923	0.1026589975540497	0.2460623165630078	0.1061683006652983	0.3698486791498751	0.4676225791257709	0.4579539462837466	0.6754163303679508	0.4557787848259057	0.4096735544558591	0.5106087471606887	0.5845414567912398	0.5199834270059109	0.0984896591043817	0.05950926513448158	0.02588923523998236	0.01532116524986582	0.01542679920132844	0.06489676647216923	0.01337140652273867	0.01435617239603891	0.01527838106339828	0.0160923453753231	0.01607949846455438	0.01652969224116263	0.02881052137991791	0.07485698122967618	0.1124049984300624	0.0839414543762801	0.02305984287921383	0.02581959333678045	0.02162611721623527	0.0208556936217834	0.01941138244827826	0.01667982565704093	0.01588108953639164	0.01959563170159087	0.03280141164980838	0.01789250569742241	0.01707961544764363	0.01639458451923088	0.02657688564398893	0.02702680378277781	0.02191415264849326	0.01895402866150955	0.0182424382425108	0.01462260080620111	0.0643704776760175	0.04130216913274359	0.05755949984751063	0.01000135485827242	0.01000135392372256	0.01000135251563788	0.01664451730102613	0.01793752944553332	0.01783227232526917	0.02054705995299643	0.01800155837157751	0.01746811332431707	0.01856917779290888	0.01952174273718197	0.01867195789002204	0.9730095019440899	0.5205976119532908	0.0261843218382859	0.7611985917134257	0.6516740557156614	0.4889685714377334	0.5437908570879861	0.5295680893446458	0.4578016949235011	0.451598333975432	0.4450354853402263	0.1704255222238826	0.2561114067879091	0.4344301060847286	0.4604698804649821	0.4961294467230619	0.6061576160229326	0.4035199093930496	0.3712850667771213	0.4523585567964315	0.423581047402219	0.360668390875271	0.4145623752979222	0.3392469152699624	0.03390696474083246	0.1829359777947175	0.06890394239383935	0.3705157615652487	0.5117170593287167	0.5153083702276755	0.5234838080659431	0.07608242484888206	0.2069017238348484	0.1260462044744387	0.3486341166246505	0.4613278084971171	0.4514550507865779	0.6776538967832653	0.453780210629161	0.4075944991647039	0.5095936387004216	0.5874122199290219	0.517714888690018	0.02693660067728212	0.03010911042870949	0.03534774213706086	0.0144323709939694	0.01277565214274944	0.0541559957271037	0.002281841874238029	0.2224920366772159	-0.0878640011910186	-0.2240327812388989	-0.389622651792089	-0.3496677833775615	-0.5110978968427928	0.05938952947922098	0.004830627490534232	-0.0159403534237166	0.02191998081172788	0.0003649184226112658	0.0003408379981114938	0.01047508499227021	-0.009242552602816449	0.007892721431941366	-0.008669462472142633	0.002214704925108443	0.002357945148888184	-0.004468684825098861	0.09148311518496441	-0.01959165309560103	-0.03728722953454131
1.55	0.01417379856586619	0.01469706260391458	0.01534411245683214	0.01765615681270947	0.01759192538391378	0.01785360164190034	0.02284048279839035	0.07861922584827298	0.07782516131912566	0.09321815574030702	0.03377324029336033	0.02584170325125347	0.02131876045073256	0.02029015192253323	0.01888395557963954	0.01577686224221576	0.01859693408059681	0.02092985004930474	0.04197943363609281	0.01866208634787448	0.01658681279552821	0.01527895291858016	0.03565061861606066	0.03623528538768308	0.0221199069596575	0.02025889613634779	0.01940938466122647	0.01059112737464266	0.03427112763482042	0.03076520784278051	0.03580051601300307	0.01000180815417945	0.01000180892045244	0.01000180895709792	0.01788622109960156	0.0191963725337773	0.01908363590825063	0.02191483920378886	0.01927994912346958	0.01874164256681118	0.01987975329736711	0.02093659283143907	0.01996006902284235	0.975231821927825	0.5464690489993004	0.1512016235349596	0.7281726549962548	0.635616567317452	0.5014564001252998	0.5783271949263243	0.5395159495988622	0.4982770546034686	0.4730223403973248	0.4536318051627871	0.1722171948471712	0.266673966822809	0.4416195827043945	0.4683378954873739	0.5075455824928522	0.5842325220434933	0.4115867703805232	0.3922856736187844	0.4682356938983103	0.4546789359003169	0.4216071500996601	0.3949214103534915	0.3387959469826776	0.03234845562577424	0.2564176650643256	0.1921857791031422	0.3433701532633149	0.4998046161258234	0.5013075457082146	0.5060127523594238	0.1235046865208001	0.261181976051206	0.1176289822130517	0.4085096457426904	0.4752148204169169	0.46540637638791	0.6661832515956012	0.4417902391065183	0.3815334682474041	0.5055395832848111	0.5715305718210888	0.5176731740436412	0.05798597542182813	0.01663772761451699	0.08182352137360385	0.01199802467570063	0.05521663499456501	0.02469708912792827	0.01947877343923937	0.01893269518207285	0.01866354987480144	0.0219748796925276	0.02195384682256406	0.02167030839773764	0.01318670864492966	0.06015158671491054	0.0113363397384269	0.07767468784894177	0.04117317104867653	0.02360202832616593	0.01994671609659655	0.01880888740806925	0.01798665689656167	0.0149252434744767	0.02682191395982305	0.02282636198238681	0.04305579000271193	0.02078544377389368	0.01731312847238762	0.01410425273945423	0.0448309531481816	0.04551288460303062	0.02159453958123079	0.02254582612036655	0.02191166091455149	0.0128776299296903	0.0102830680788828	0.01030575665387463	0.01020671669543041	0.01000271485556079	0.01000271785895186	0.01000271983761374	0.02030821780931963	0.02171227147368934	0.02158746787770196	0.02450103160069617	0.02180750818887178	0.02124099881616531	0.02245082966473965	0.02359603033720734	0.02250924191787144	0.9786435548102258	0.5754385818678692	0.3622980096112758	0.6592004729888025	0.5992587933357282	0.5200800643062572	0.6076284766181502	0.5305384202500441	0.5254959716706764	0.5130207872450839	0.4819065580728829	0.1398992927127212	0.2485958795603624	0.4527696113798586	0.4805385354743268	0.508291527772078	0.5481320076617222	0.4263551754105163	0.4218708489405945	0.496037651210658	0.5063233467977241	0.5159933401175633	0.4122949942139129	0.3951085871144132	0.03328557976857995	0.378207505126798	0.3975616048910119	0.3605511021204471	0.4767945861522197	0.4744417602165205	0.4716030053687355	0.2047036029448683	0.3739790554983365	0.09799444549261911	0.5167625363441067	0.5009609871546826	0.492715978122689	0.6244439565748942	0.4301674372381453	0.3581259078175795	0.4975211163578567	0.5343661798552742	0.5144241329397758	0.1093132797041389	0.01056174448912572	0.1245618071981523	0.01142624760299228	0.1044216118942412	0.01493511927623605	-0.005167544331309746	-0.5804240130094479	0.02016557101767382	-0.06911385002319008	1.025241999689403	1.604651815417841	0.06447065754402234	0.03922527883077148	0.05874271785501502	-0.04594965470342974	0.01950145203394576	-0.0001005364678430916	0.0001916426437818203	-0.03066105784694566	0.0125718684361051	0.03740431544011082	0.02138728349067634	-0.002090444558285596	-0.004155851427521471	-0.004345358976691647	-0.1679107780386283	0.1565770580958815	-0.04978632631996821
1.575	0.03629961841924265	0.02957405183712125	0.02720736660482732	0.02485661404367919	0.02553124507904641	0.02489103766242152	0.03874819857208932	0.04629578893897687	0.06196115571039778	0.07267621904627583	0.02947764459943086	0.01597799920629731	0.01482927994477007	0.01443023610845567	0.01431207023346015	0.01292412223412337	0.02945027856156547	0.01829679583078291	0.02270665347687013	0.01954398899479009	0.01740720772193878	0.01241109753611431	0.03148617397312136	0.03217053922168348	0.0163519801137396	0.01948138572533662	0.02026084812917854	0.01761478576292845	0.09833749847466366	0.02800863039289361	0.06907516829300982	0.01000180665713038	0.01000180665042948	0.01000180595641503	0.01771225818877005	0.01915178904965336	0.01902836454056735	0.02213492145290252	0.01932412958796813	0.01879418734039845	0.01995980356162733	0.02119123534589302	0.02000908900232799	0.9813910313112011	0.5915202886814694	0.1568351663991652	0.7871379624434567	0.6786495022364689	0.5212863383440814	0.5576148652837219	0.496720654621106	0.443410013396947	0.5073541427865034	0.4866096178584042	0.07107539874561965	0.1137552852068761	0.4054835986561717	0.4561208091718074	0.4543101362284093	0.6180491947572958	0.3630757715404154	0.3301720379836601	0.4755023950197056	0.4687214857557538	0.4469024504925062	0.4552805244409819	0.4055972611551597	0.0285727663009602	0.2350998059676435	0.2212160729726126	0.3885755659927564	0.4693773849741223	0.466836485454898	0.4647744591993865	0.1755410636973572	0.3198316385428366	0.1061841878178369	0.4376648516711357	0.4804308760124484	0.4714352223415578	0.6454090472591353	0.4346375519948104	0.3688106676438977	0.5015484311841415	0.5585515146248023	0.513616699646166	0.1103693957010629	0.07230344990590271	0.05458255132588995	0.01259144657470786	0.05966320981800136	0.01261182143391928	0.04504705806571818	0.03511253936421259	0.03169385110816939	0.02624439628685644	0.02727615565595605	0.02648291750016011	0.05170382404185268	0.04743921726887804	0.09574218536690936	0.07716394397370467	0.02427567782001751	0.01208224110123303	0.01234528373022387	0.01235085876089721	0.01262326100983311	0.01214955103612584	0.03015786334925029	0.01601241431568757	0.01515739553679462	0.01896589853928387	0.01765495913046861	0.01180488672413782	0.02363996895576374	0.02428122840989972	0.01377430483053913	0.01793767379360545	0.01943436596704897	0.01968398848850474	0.1493647658409034	0.03677442209518947	0.1010292353124173	0.01000135339015697	0.01000135186621657	0.0100013498122772	0.01637839451914154	0.01786350171571339	0.01774151930646671	0.02098811882077573	0.01809026482526128	0.01758560814070437	0.01872052358107998	0.02001411500174235	0.01876538337361446	0.986197016809404	0.6144892403664092	0.03650297009161703	0.8856055793167189	0.7409082842918239	0.5274273164006432	0.521486788474914	0.4617571917953094	0.3793817432635463	0.5193299681304901	0.5024672435767967	0.02281360360811776	0.02276234660724974	0.3667388772157002	0.4386256413165843	0.4050662002911051	0.6696909645601591	0.3137818773172829	0.2629422532526438	0.4674197829006591	0.4539225296835196	0.4188680903933373	0.5007105124355887	0.4321536686324175	0.02600574837771377	0.1545610646309299	0.1221478621410902	0.4141424253560255	0.4530622065329512	0.4487115427911701	0.4443421572893194	0.172825669026361	0.3090955896980386	0.1118557784145017	0.4014362508689424	0.4709299863964524	0.4622043685141575	0.6403407135529664	0.4379998582990305	0.3773627056015255	0.5024763959284574	0.5647707158452103	0.5108043343748889	0.1147836128870458	0.119161598271871	0.01509783780020417	0.01317881098299423	0.03178852647613058	0.01142949134975118	0.00208013464529237	0.3068110934037737	0.02480697250348023	-0.04519096600022686	0.8464339362619128	0.1009417201136441	0.8051587958992911	0.1229314887664807	-0.1291202481564631	0.0189162987422108	0.025944614779439	-0.002301934286907045	0.0003537740872563659	0.0152693618837693	-0.02921042529900044	0.006710141157509056	-0.01091102205667303	0.002616062895574553	0.005830139299722994	-0.004452109790036767	0.09009936360409633	0.1219763908382024	0.0607065476924916
1.6	0.0378646325252044	0.03152914221179114	0.02937727641826619	0.02463950435427242	0.02537880577240709	0.02496435809082946	0.03609466488406837	0.1370444231512684	0.1585307198510087	0.1487973946344295	0.03581221862696995	0.01443816130761921	0.01497546212282973	0.01497538292653818	0.01533849794911914	0.0148848139522226	0.02386199651504105	0.01785918293353539	0.04856142892785413	0.02004813889931496	0.01952071092676503	0.01451383479638761	0.01998061859264187	0.02028090863304438	0.01629773296948746	0.01930499595218147	0.02031812855464991	0.01533537258071002	0.09835085134020065	0.0281996560847624	0.06812875261739858	0.01000181500959461	0.01000181474044134	0.01000181367348334	0.01733340320437262	0.01907060475950096	0.01895370169570436	0.022514893574671	0.01941130232205447	0.01895333160741899	0.02003344613171473	0.02146688514911197	0.0200815274428672	0.9831583339777878	0.5678404399738801	0.04359091387678385	0.8163050416276687	0.6917741841154916	0.5077373931768161	0.5446211526964466	0.4916962990016228	0.4267469212565642	0.5152111970046107	0.4914821942703299	0.02256916403210225	0.06882508972168302	0.3902536658281637	0.4520774113952198	0.4420951360389994	0.6259784575462805	0.3495567507557618	0.3092805505180721	0.4724207874422992	0.4625562837068776	0.4363784617074439	0.4649227454262994	0.4041091830290756	0.02666419329128504	0.2015696945256368	0.1462698782056865	0.3686897559882676	0.4653393163926655	0.462000026776244	0.4599042783944288	0.2281200611514844	0.3406316105036395	0.1303774168470503	0.4035752572354498	0.4736329313031618	0.4666851089782308	0.6141380520833684	0.4564216044256688	0.4141386514437416	0.50443262983416	0.557256028330235	0.5094121503579601	0.1237630235352802	0.1853965461443398	0.0128766527761698	0.01272094184622433	0.01099999563844787	0.01220182938382186	0.02647284029097427	0.02541312621515497	0.02495486603377476	0.023089932493061	0.02332983086470119	0.02326385579719963	0.01080182823963374	0.2392781173393214	0.1989842785568681	0.2301001275790436	0.05197703324705453	0.01876415956024826	0.01881633385999542	0.01852481518394926	0.01883295487883948	0.01780025815828654	0.019046559240343	0.0214709778076274	0.08774927075823076	0.0218795138049678	0.02127549648503673	0.01722604756645736	0.02301303911469725	0.02301389149157774	0.02026447860463234	0.02206184445743864	0.02219647548300204	0.01036113395362441	0.0102784700549231	0.0102550050466483	0.0102001049229451	0.01000272932234665	0.01000273168482203	0.01000273283630839	0.01959086593674172	0.0215568014699798	0.021441412367164	0.02523228676420457	0.02197368050461312	0.02153820445275817	0.0226004189562725	0.02414647434842898	0.02265001280794199	0.9795439131496405	0.4948727648673675	0.1184611193246869	0.6990507600187924	0.6084490531684726	0.4782006028544177	0.5848187696786601	0.5369244300044445	0.5051437111032766	0.5178276074705838	0.4801774272962409	0.04027838567640757	0.1504670462073966	0.4289828436305371	0.4755778528425939	0.499695424092293	0.5499227143922645	0.4088671032208624	0.3880888327321965	0.4856601980979522	0.4860907762178118	0.4824240721562125	0.4114791810518235	0.3710330307176194	0.02909187969606202	0.3020326995437732	0.2343199032036178	0.3001256992198886	0.4800063776660946	0.4774599880881662	0.4775399297932922	0.3234279838874005	0.414561951382793	0.1457010449917121	0.4263527003615518	0.4823530644960057	0.4788260623305927	0.5571546354309985	0.4852613088695987	0.4692722748303054	0.5063324204631768	0.5376176095310153	0.505962484780399	0.1439785122204883	0.2389245757549819	0.03831564237298974	0.01178708274519504	0.01438791014175319	0.01181767891904751	-0.004605006226802105	0.03862903890119099	-0.2680882056941243	-0.204145073087569	-3.956511309660158	-0.849070243808412	-1.736050433578301	-0.05998991142824773	-0.1579126990662789	0.01783817280885026	0.0238088042161705	-0.004818634387026511	0.0003638541567184431	-0.04477444729070335	-0.01028928112643364	0.06194571092310201	0.02017390675991848	-0.002717133919415871	-0.0116391344506004	-0.00381225426642423	0.1154320458326694	-0.1168039708119948	0.03317781434644083
1.625	0.02189698519491518	0.02044820076573139	0.02003894075850613	0.02073697872469552	0.02101590372043928	0.02086611851926652	0.1058873848871	0.08376971341451664	0.07005935827932115	0.09677803766556131	0.03100413729078373	0.01668921689311776	0.0160550839156688	0.01577327619474993	0.01570409528997816	0.01434389108217643	0.02261582628554785	0.01913225200612143	0.03711537940294301	0.01880500223103645	0.01676408282879134	0.01387615844716845	0.02966616122725683	0.02993433298901898	0.0177721131509094	0.01974082508634642	0.0200010178463487	0.01337058354932817	0.09190035167262237	0.09411182329883953	0.08369677738918599	0.01000180106429902	0.01000180160219168	0.01000180132084564	0.01706482218663656	0.01898291048876071	0.01886811724832112	0.02295938083147853	0.01942240355074663	0.0189783770971079	0.02006384467496204	0.02165177960639622	0.02012325247833373	0.9837745395500511	0.598286956870035	0.1082254006521954	0.8462833450672932	0.7166769677006326	0.5265645674897326	0.5220630718679871	0.4407311391723393	0.335379571300523	0.5506262310303551	0.5200445070872282	0.02896933166804005	0.07045404112871587	0.3404976748448821	0.441390686292518	0.4129729327113211	0.6421232494862812	0.3215792867633509	0.2757412913846601	0.4741057709470324	0.4658079488150214	0.4445015024003604	0.5259920007517306	0.4796357467074603	0.02561423714691632	0.2186437722325235	0.2316163016817513	0.3851319879671641	0.4505571677505488	0.4441136894526709	0.4428176644126442	0.2846542065737408	0.3829763598640024	0.09076336607769069	0.4287467036377411	0.4786175949398481	0.4707040514550036	0.6184336726183636	0.4473603054515201	0.3968235128862058	0.5017983845138084	0.5522893401308314	0.5094937337180556	0.1289591282630547	0.09560767100117087	0.07409604206505027	0.01102632177044487	0.03825174569639483	0.01172228407005642	0.01963119857203584	0.01813890939157086	0.01780204160428831	0.01965647034618807	0.01997666756032034	0.01980044040924765	0.1655616695832874	0.01139855329627914	0.01193318986299885	0.03618646969543876	0.02094447637149898	0.01550961184135263	0.01460267895049359	0.0143652821873784	0.01411316758991336	0.01261197418899907	0.02415865220693902	0.01790827554305207	0.01315778034297901	0.01733076614883636	0.01461651787572618	0.01221053330168548	0.03281088241720315	0.0332347829940564	0.01650963962369187	0.01858436978690204	0.01895211292691444	0.014901722533811	0.1311908183777445	0.1424704873943715	0.1222365251849413	0.01000134119043356	0.01000134038308116	0.01000133893722488	0.01578369125048765	0.01769247988365342	0.01757898879025663	0.02184800809748909	0.0181514992963947	0.01770679968558721	0.01879905009517371	0.0204174209434498	0.01886755007009683	0.9860783013415667	0.6823777501391931	0.117701252906004	0.9467298868993803	0.7935480131324385	0.5669294471988152	0.4785815198996683	0.3688031121847673	0.2190737238936809	0.588551734598704	0.5571976599636982	0.02259811301304531	0.02480884949822016	0.2664714612159316	0.416732734408426	0.3531395785638346	0.7031444593448162	0.2609257198807575	0.2029451586178013	0.4695700942986606	0.4572211977706901	0.4272178843571001	0.6088275534964316	0.5640153037014243	0.02384704089363253	0.179731467394083	0.2538833366234239	0.4296540947061535	0.4278682947728245	0.4179076917590869	0.4162621513215444	0.2912367870827112	0.3880651780090552	0.06052382277328649	0.4449677926843363	0.4799970184118313	0.469425609361302	0.6518467738452146	0.4222228944420685	0.3499200004961183	0.4976751195151131	0.5558807974981932	0.51123566297585	0.1176616844955881	0.01047219903354199	0.0923633943522604	0.01083177548987895	0.05029802340055141	0.01183960084518047	0.001443804297861612	0.3104314402389066	0.2534836226084501	-0.2063730656579154	0.3214816405413125	-0.1285668855895999	0.575353232916733	0.1004866943488577	-0.01695932709353171	-0.007564585707667653	0.03088285697668332	-0.005288957554336058	0.0005861033636445456	0.01537661747510483	-0.03148339104307914	0.02416614250006496	-0.009886700476152635	0.002605759660424018	0.006169033616052428	-0.003509679843596634	0.1066094118948514	0.2039923264017279	-0.03925719137028273
1.65	0.02391001355330009	0.02255379653021165	0.02233580693756372	0.02162747321571165	0.02215758032740972	0.02214152665284254	0.1387555843910261	0.1295214374691944	0.1468859776421736	0.1607673288804894	0.03490819875212062	0.01557818130038474	0.01549017800044807	0.01556892916574331	0.01549507059275875	0.01422717352628846	0.0202551910946335	0.0187194971855175	0.04827792394120387	0.0193397169534905	0.0175646419800498	0.01387507113654025	0.02757753747157487	0.02799980200937903	0.01780120244036044	0.01982368188293031	0.02047379924061599	0.01352064863026666	0.09156138247098501	0.09338932905156452	0.08408629056144598	0.01000184265853199	0.01000183885652779	0.01000183407476745	0.01685387848244546	0.01894375704033231	0.01883919081715212	0.02323506352258977	0.01947554448225019	0.01906945456645757	0.02010580448366815	0.02179809047385564	0.02020830029268287	0.9831764759181336	0.699053287742239	0.2242867716407834	0.90716570903019	0.7731587107621571	0.5726339127925102	0.5056770682062766	0.4095020182843283	0.3003624827657507	0.5869486161324464	0.5505526709513412	0.02303346229378914	0.02414563754915675	0.2472957665114616	0.4203349023658571	0.3748619301949412	0.6820668680204767	0.2630539831950441	0.2173106363173642	0.4775040434321314	0.4678047025674821	0.437932374196316	0.5257927192267262	0.4809810365170878	0.02532766761591939	0.2248145408610876	0.30800936932496	0.3630154753424308	0.4364013822382011	0.4271365213005676	0.425968606707981	0.3804397448124028	0.4323195609664424	0.08956757203649134	0.464429315481434	0.4860749311554008	0.4778009826724228	0.6232256974615138	0.4310474200432364	0.3677975404247363	0.4973317044739016	0.5434984869182657	0.5091821873103665	0.09431158758849181	0.01833251873529308	0.06266516312453865	0.01269044457003628	0.03606532437612307	0.01335193717681152	0.02728151918580988	0.02708328970279927	0.02725939347086737	0.02390192848266754	0.0245091315763318	0.02473254044623145	0.0703577164573243	0.3264090405403302	0.3521175119357793	0.3620105801925654	0.05816891049127897	0.01728299257868111	0.01804815134941817	0.01833860964920399	0.01854090293578141	0.0174689709365433	0.01459755830407951	0.02100810499525359	0.1064231056023368	0.02257368756479492	0.02211109036143276	0.01707946319716615	0.02116122559408517	0.02141974122331702	0.0206444837224862	0.02230462202904664	0.02297923090835141	0.01021912670375157	0.01035702653554092	0.01033223959638401	0.01025074475222264	0.01000279989033082	0.01000279474257156	0.01000278809439259	0.01915395066034324	0.02146752076436813	0.02137094406110553	0.02582246874878112	0.02207158076500065	0.02170724550676815	0.02268239279871608	0.02444915669667107	0.02281191510197697	0.9776193577430023	0.7320275933690682	0.3835413866322833	0.8384168290654999	0.7382348618119631	0.5827650444289382	0.5539912544453507	0.4791595227004879	0.4399680522169908	0.5910061473978631	0.5417865948326861	0.0309371979292607	0.06003105627440528	0.2302732099305644	0.4291633530930553	0.4179066239671114	0.6415899129304037	0.2812702227103399	0.2605158630470449	0.4932127950708428	0.4896434793817565	0.4637199514449288	0.3805807458261217	0.3398016621904944	0.02836004520230273	0.3161076596215563	0.404956040196759	0.243586079899734	0.4516738751774145	0.4435086204359733	0.4435532005984129	0.5428528548638148	0.5212382520424184	0.1390469967624051	0.5029122544992655	0.498382702980379	0.4943878758464885	0.5668229887877722	0.4494363147224994	0.4056773548100423	0.4965928679391613	0.518350484729979	0.5051646493709494	0.07640130407714583	0.06721714123041028	0.0277180852911587	0.01436977524795443	0.01539213199253155	0.01461035791583148	-0.003114444672121479	-0.3105015303549104	-0.1709726201646344	0.1008780054173307	2.084276294236019	1.901983375777031	1.094345779580993	0.04113899998223817	-0.1719139685313299	-0.002779567295005981	0.02663415310669347	-0.005932370366504264	0.0004881205345530466	-0.0369058251722394	-0.02442614948077498	0.06067430449434721	0.004896317869910961	-0.000919970796165946	-0.01025602473779551	-0.005475973264700193	-0.1321827747758335	0.03495486528969183	0.08204677224166325
1.675	0.01964869647157387	0.01873391539611536	0.01847141477157392	0.02041141716449489	0.02047723484896264	0.02014208028484491	0.03107859905978895	0.1237513223923297	0.1314058586182055	0.1348187361328922	0.03524092922970976	0.01769562538572745	0.01637230015910035	0.01611950330372146	0.01591256975036159	0.01437437344606138	0.02365655692923862	0.01942259666345671	0.04637775454289856	0.01822714873221338	0.01635592325052659	0.01393120807894804	0.03842750335432855	0.038638440447568	0.01792228088043133	0.0196882794737285	0.01962669803635771	0.03494548031005665	0.1532483688436256	0.1585278672615934	0.1598828038360643	0.01000178623978341	0.01000178508305515	0.01000178315253799	0.01656618363833728	0.01877391208069255	0.01867261567062438	0.02409743789407577	0.01940628513630743	0.01900777296315492	0.02008267030443398	0.02207296128957384	0.02022518407295866	0.9904887637682892	0.6407161427050619	0.172658334102365	0.9031309711592049	0.7589219500220739	0.5460538499987841	0.5044476852173686	0.3910264100300034	0.2575993995561311	0.6043095000216528	0.560199623062993	0.01823092773256326	0.02173395144847489	0.1704139238492966	0.4103768682049059	0.3704668174570395	0.6769958322589226	0.2618546733846907	0.2100988073704533	0.4772229891846573	0.4686563706637427	0.4397992795520463	0.5667375642693561	0.5333799041358808	0.02087916035013648	0.243595716890284	0.3432449479134063	0.3613812854549848	0.4332068454183371	0.4230192847467392	0.4226179362645779	0.4592002931763965	0.4730213375319086	0.05801329645785627	0.4613036882815319	0.4852012133123078	0.478285877420817	0.6051507399538978	0.4324265872310349	0.3721353614088974	0.4973831001079895	0.5402281987856091	0.5065335498894193	0.09766096125727078	0.07393337569729368	0.03470640523852061	0.01209202634179931	0.01302721294305368	0.01228061866133641	0.01700805189305227	0.01508855764745948	0.01439643205212305	0.01898806275808535	0.01880953669468012	0.01814872895453202	0.01302614433489173	0.01072176661287571	0.01054547034585009	0.01180389299160855	0.02287640306665779	0.01768135631254485	0.01531844279600467	0.01480094125099292	0.01440529324325154	0.01265017176625478	0.02865732693645481	0.01856180555808742	0.01301320122130799	0.01608240003260028	0.01337777957703901	0.01217729199882944	0.04809785698583294	0.04831259843332987	0.01635043532482952	0.01837171931494935	0.018084006488486	0.04747649810026146	0.2382493130686762	0.2473915935605313	0.2515595407123705	0.01000129453654679	0.01000129524800088	0.01000129553474	0.015304793191318	0.01745100680607913	0.01734275126327027	0.02330490649686394	0.01808599540134286	0.01764959302815382	0.0188162183374202	0.02094747676948734	0.01896388893578954	0.9816238319868712	0.520876690999916	0.04245718059077429	0.9026632594478735	0.7335405711375701	0.4936776568725337	0.4819114342978454	0.3566558192370042	0.1790152602713466	0.6091687280685146	0.5634621030869394	0.03093102208762127	0.02563452928494662	0.1448663333168821	0.4031648017126547	0.3559835247496052	0.6732078228407228	0.2658193437868359	0.1982384904574991	0.4688517864500945	0.4591295681727291	0.4315699758864103	0.660998420168157	0.6326132382162943	0.02358414109976235	0.2158436868818951	0.3187392294738708	0.4037084951635772	0.4268204660937953	0.4160454349507586	0.4157384837724217	0.4304564960406926	0.4562637904573055	0.02905601001229001	0.4197758179096526	0.4743234068187454	0.4672512973884581	0.6060894094719211	0.4331638833084295	0.3725016702449738	0.4996456054211846	0.5515469004889795	0.5051250646532905	0.110374385448128	0.07631155592661329	0.03868822697397073	0.010961711926728	0.0118602876349945	0.01119550380362297	0.0005557743943583786	0.1582437299158034	0.2356880785543928	-0.2633095563381505	-1.118386311982644	-1.36562586046637	-0.1166555276244538	0.07641606342698423	-0.004776355576782933	-0.005679419691522769	0.03562489036751927	-0.006888583029625835	0.0008546723829400206	0.00472561867292189	-0.03879264352560528	0.05111132835667231	-0.003279308359031084	0.00305081937072259	0.003306688301707076	-0.005424095781140809	0.1720726127502382	0.08314240294355094	-0.06468404583838019
1.7	0.03114054262258572	0.02365717053832068	0.02123396131129257	0.02357566030924019	0.02387429262848969	0.02303856047881654	0.1219763480242113	0.04634513195989076	0.063225901134803	0.07396056091165644	0.026871865212762	0.01566593551787812	0.0142878118262934	0.01406664223857113	0.01400693943753909	0.01259418836986498	0.02818344813426754	0.01879669099636372	0.01623180929325717	0.01840175557952768	0.01516536019046648	0.01210506538465119	0.04591985646071319	0.04640104273888458	0.01580263593622558	0.01959650853358938	0.02091028811940964	0.03309240450629905	0.1604031373733771	0.1664316829083391	0.1684282427863723	0.01000193284756564	0.0100019308388111	0.01000192794513107	0.01686615546211455	0.01900413852231606	0.01885642934663008	0.02482580896877914	0.01952964208978028	0.01892122898054934	0.02042240286473483	0.02272126740571479	0.02055447973849984	0.8957079936299466	0.3909363290211336	0.0246062165957549	0.7487248295406671	0.6119562286522288	0.4219009769510383	0.5199068596354481	0.4844892226671472	0.3979444220513371	0.5541774625970781	0.5058183874480361	0.2108048295760727	0.25291224672139	0.3039516402782849	0.443574353502921	0.4349990642269072	0.5778225302254599	0.3556530804946921	0.3149397857400252	0.4757604658774953	0.4723984340432527	0.4575416872482443	0.4756979803615461	0.4223064824649641	0.08549473468275241	0.2821178122772802	0.3275696256752888	0.2670742485331318	0.4563644911460954	0.4505889108694887	0.4504613505499391	0.3943254607063689	0.4335140119622447	0.1640276441404113	0.3507012404539004	0.4631150061421396	0.4605120145314137	0.5519263103077998	0.4831214665756621	0.4678517667118929	0.5076722516456058	0.5499315535413088	0.5008502133166719	0.1127558656398962	0.06606548109341553	0.05373494680108465	0.01208047266328186	0.01597539346778363	0.01292900404995447	0.04737100822047029	0.03517895945573214	0.03140425147001199	0.02935969654827215	0.03029394675638976	0.02954041339784305	0.2489016778328846	0.1549438883389847	0.1943875170756611	0.216268883605148	0.04270771577429303	0.01412026207594025	0.01452116685013589	0.01479388594241809	0.0152285805981724	0.01432408430146585	0.02332661660415119	0.0200361287979874	0.04815537906815614	0.02264347797235043	0.01969892187397254	0.0138334613134681	0.03639370804017786	0.03710704757489194	0.01687533248778314	0.02211058443882144	0.02510946257928329	0.01055381327806189	0.0110808394970185	0.0110275508599242	0.01077382844596488	0.01000304697133665	0.01000304091423842	0.01000303320650425	0.01962814136523277	0.02184435350574198	0.02166501361466397	0.02731581810340713	0.0222783977613114	0.02153841676627448	0.02328867787768812	0.0256760337836779	0.0234080698004871	0.7271293362559271	0.1596652518019778	0.06051486730198588	0.4439525062817846	0.3762129403660884	0.2965452273813383	0.5926936863099983	0.7150169654054775	0.7899052496127208	0.458203687529513	0.4044309429059035	0.4391322525292438	0.5743695189179752	0.5442371887858313	0.5123812877140671	0.5744978269146496	0.3972882282976055	0.4984109502254812	0.5020862743710454	0.4897791382993704	0.4983808996420312	0.5058601517080736	0.1426754280638955	0.05574682579901	0.1517789713678279	0.4033533323447791	0.3620239057863993	0.04454371694893973	0.5086846467685129	0.5113467366997249	0.5117691670341207	0.3666212638344445	0.4119509553332507	0.3616783880437726	0.2459186532072518	0.4453695618653192	0.4512579116587573	0.4448749555250385	0.5720408869618815	0.6362983850278849	0.5217036742161832	0.5438488943729813	0.4924811076684415	0.1055573326770267	0.06496069526957624	0.05980618021225736	0.01421297374631285	0.01669899837787374	0.01552446423890514	-0.001139741878870284	0.2539630882165928	-0.3679679153360144	-0.00351381561645259	-0.9939339446341409	0.3599450361530931	-0.8409929471873135	0.2243190584994018	-0.2006324799123063	0.02484632163861604	0.03738929851957632	-0.007475812728934196	0.0007551106973895491	0.006171632320037472	-0.01365552446972066	0.03997206680191111	-0.02298005982621757	0.002410500230122094	-0.00661595759922627	-0.005263410982382256	-0.04902009772099471	0.0665077814001228	0.02848906019260385
1.725	0.03629339774408587	0.02927121773168056	0.02708776139252474	0.02354821671451081	0.02420868203656727	0.02387628594468185	0.09477489845312159	0.06413653011924844	0.07609363829373834	0.08983059277445873	0.0273042794954484	0.01329959548362344	0.01386517469560994	0.01410227316709455	0.01461353757269326	0.01434588954025601	0.02163517035551072	0.01735087826371293	0.02635973531136012	0.01984160721533179	0.01897728790173134	0.01394155706849341	0.02281150557464459	0.02318096570824108	0.01535740349655833	0.01877564912541248	0.02090449359968433	0.01450850796443184	0.03888089252630553	0.03973656450891668	0.04054739224913744	0.01000170741092423	0.01000170606828089	0.01000170370132018	0.01681677321936458	0.01858513666228155	0.01841475438998177	0.02375102406101394	0.01882900884424728	0.01809679469114166	0.01980722246790224	0.02195523637112222	0.01991604139158672	0.8896748055016456	0.2925178576694841	0.02720291954255165	0.7242389213092848	0.5955116154288287	0.3864174969360673	0.5221510909454212	0.5071377541626546	0.439085444037179	0.5779240992673336	0.5033549038169023	0.1769862459617791	0.2323535341841013	0.3859676064065239	0.4596868412577926	0.4600316469323517	0.5590778743434608	0.400043192835584	0.3693671698597478	0.4708541264791086	0.4680926644183466	0.463481598952835	0.5659041462648268	0.5431199414514375	0.06053244193794766	0.2948200576811383	0.2870870756908411	0.2208624121674246	0.4529479383495019	0.4477134576777495	0.4466675067041482	0.520829402046887	0.4779675864337052	0.1442713467052723	0.1831241606381801	0.4297366697243228	0.4324927318950652	0.4993979389100452	0.5399034289319321	0.5787087470918031	0.5185472608114159	0.5656391143888854	0.4946202121944076	0.1085294741796738	0.1260475880781052	0.0529750260619267	0.01099593255593411	0.01076303765403317	0.01179801893519243	0.02936491039886155	0.02558055635276929	0.02437349675471939	0.02049039600819803	0.02094433445465838	0.02084107866821217	0.01803821107087835	0.01380565578396755	0.01380540261081563	0.02016786887457129	0.01906543186050629	0.01371501784508748	0.01418464122660086	0.01433545294845077	0.01482673439650136	0.01477217619850495	0.02084726867571528	0.01644119229384138	0.01468945858107907	0.01857753532972622	0.0187318182762467	0.01436857132078212	0.01613710219747809	0.01628993544991567	0.01511318734691849	0.01739088261326129	0.01887672183828441	0.01641365710493448	0.03422871808230674	0.03408957063701034	0.03487378990291379	0.01000115013572711	0.01000115087165699	0.0100011510178963	0.01579625092925008	0.01723844458174451	0.01708058395511989	0.02199682703746004	0.01736049132289858	0.0166604870883002	0.01828176625341146	0.02019952570510281	0.01838103027331897	0.9866967741190816	0.3496494906256796	0.0270112304017059	0.8699355145074572	0.7182593075391602	0.4382758142552434	0.4755359555466329	0.3777130092094334	0.2171404815554843	0.6615405831787231	0.5657537621623826	0.02427302978440889	0.02567305979607657	0.3136721970026992	0.4363030940745168	0.3990666388072421	0.647726545390246	0.3604771160550008	0.310126928868434	0.4594135434251226	0.4497730743996252	0.4422004465284045	0.8817802281259579	0.9149035342118232	0.0231952228961261	0.2453279638414428	0.2467070811644905	0.3313958125679987	0.4198026411109718	0.4100986301078545	0.4078118316765998	0.6822258348605609	0.5448303780475074	0.02988710098609371	0.1269179051585402	0.4127755222856903	0.4155046204955954	0.5089224977699809	0.541344429064776	0.5833777735898088	0.5200740775332282	0.5812010951734522	0.4938999892430884	0.1047324228822054	0.1599756302471105	0.04910134183541116	0.01112319610335337	0.01296025294039483	0.01113505579078698	9.350587493904121e-05	-0.09332928672250894	-0.2416739844549619	-0.1336786981896873	-0.4671115877353852	0.2386862477416832	0.1803792851424903	-0.00274197133860124	-0.08564862357774798	0.0173488668553413	0.03979893802713513	-0.003544956101901138	0.000885053952966732	-0.02044655517744267	0.005279806712726977	0.02979064241096691	0.01580468587868475	0.0004526760971734587	-0.001711199592485663	-0.001549634484216656	0.1656533939214786	0.08804021661688784	-0.11546747382713
1.75	0.02316147042230717	0.0224809517400959	0.02212005517875879	0.02204654614541211	0.02204496442295698	0.02193768645573014	0.09981020143485209	0.03763828709308104	0.06628282495921856	0.05408507707240115	0.02220610209048006	0.02151016697675692	0.02044840391407825	0.02003929561653075	0.02002246114474664	0.01884935468350072	0.02242690301304257	0.02161197839935643	0.02293659885157109	0.02138181063412143	0.02060481801911559	0.01803624831423742	0.02625201045755488	0.02622100615984525	0.02056169161351288	0.02156516423736534	0.02166794650895968	0.01688617866338216	0.03492185095117227	0.03468618811520355	0.03467324868936894	0.01000283238336338	0.01000282827336692	0.01000282437197338	0.02073450417346151	0.0214142387427681	0.02132339899606403	0.02400376251779637	0.02136014388783933	0.02090124871695042	0.02193435931231778	0.02296748144699809	0.02199845890595645	0.9849020079377442	0.4767429144620607	0.1921252448433282	0.8235552907219045	0.715105123455454	0.5118313728868742	0.4560347805994453	0.333939792307707	0.154781327456005	0.6501653373936117	0.5832000358348968	0.04459363544186482	0.03294433358685447	0.3286918189409622	0.4446084687552923	0.394945721024151	0.6526090898915157	0.3855043003343748	0.3411229758298508	0.4702851668854445	0.4594466799958181	0.4510525888136597	0.9143135904345591	0.9457695341848434	0.1342290330253806	0.3127901561245047	0.3347234234056801	0.5056629492850359	0.4304862723517748	0.4212111177935662	0.4191227918029792	0.7003997573398271	0.5709820766079913	0.1160208216120359	0.2850174430428509	0.4480117365939975	0.4480328290401196	0.5258761036349905	0.5144394201307068	0.5301813157553363	0.511479104411126	0.5545734944478706	0.4984949822245588	0.06799274992970873	0.09726000759476937	0.04891546793855245	0.02871500693700293	0.06322141904846794	0.02395962900748969	0.02450617165899976	0.02409256567684467	0.02370203801688929	0.02663617185939266	0.0264486535185595	0.02621388046368767	0.2514432256239371	0.1080674465920268	0.1787257576586093	0.147180815430367	0.0334687233895398	0.02834993632828762	0.02623971143415058	0.02545137654524209	0.02506579407555042	0.02277961558547228	0.02348951728997747	0.02739706645660753	0.0446264710129292	0.02573445679665707	0.02346760624357585	0.02157032771380111	0.03850380866893453	0.03847059865582778	0.02612712613593608	0.0269611424210443	0.02648644925566087	0.01173409493956447	0.01509243670774598	0.01463264851570802	0.01355998240801769	0.01000499006054794	0.01000497924891654	0.01000496894065639	0.02666965743899349	0.02685206023243174	0.02681042249175975	0.02755047235792668	0.02668874484742806	0.02641091892154864	0.02699297701232491	0.02734240919116273	0.0270271373075331	0.9780126057747055	0.6353435703327074	0.4147596126418984	0.7130918017822573	0.6857218275564156	0.6128847628943207	0.4306020997530253	0.2921856883600166	0.1249442359772113	0.6252516598823342	0.6016128563268021	0.1351656321036003	0.1138843582798114	0.4005396005413594	0.4702163656252887	0.4102224410502009	0.6403042140812626	0.4538999495675676	0.4280206133739948	0.4903862051960756	0.4791429914472006	0.4735768469957113	0.9576472968826366	0.9774502238151198	0.3033711798452273	0.4443504323495452	0.4811241693429384	0.7172190242116189	0.4557642566500887	0.4485482554517816	0.4467967023188679	0.7507103391106755	0.6199285182655693	0.2907647505509509	0.5129122948300652	0.5024010381157439	0.4995279616959427	0.5356500977109245	0.4860073010258836	0.472800769919465	0.4995810846751851	0.5088742852343934	0.5046588143750207	0.02919998805673581	0.01242827539783895	0.05212768692984636	0.04612748143161766	0.1142365433403348	0.0372469599034465	-0.0006386453952467978	0.2061090144317809	0.3977803053905091	-0.02073252674257843	0.3280780317205834	-0.7203106025838106	0.06335747044015683	0.0957735945922797	-0.04211864792647353	0.01004235465439646	0.03384358167293353	0.002165544133019776	0.0005005803252165408	0.1250953247720586	-0.1749185981399419	0.07623447423966503	-0.1132828491280506	0.01386668755442473	0.005555645694566595	-0.001592088942667326	-0.07271462833667748	0.124301135954637	0.1480890850557557
