inDegrees=no
num_controls=115
num_derivatives=0
num_iterations=130
num_multipliers=0
num_parameters=0
num_slacks=0
num_states=92
objective=9.987262
objective_excitation_effort=9.987262
solver_duration=1005.454754
status=Solve_Succeeded
success=true
DataType=double
version=3
OpenSimVersion=4.5
endheader
time	/forceset/glut_med1_r/activation	/forceset/glut_med2_r/activation	/forceset/glut_med3_r/activation	/forceset/glut_min1_r/activation	/forceset/glut_min2_r/activation	/forceset/glut_min3_r/activation	/forceset/semimem_r/activation	/forceset/semiten_r/activation	/forceset/bifemlh_r/activation	/forceset/bifemsh_r/activation	/forceset/sar_r/activation	/forceset/add_long_r/activation	/forceset/add_brev_r/activation	/forceset/add_mag1_r/activation	/forceset/add_mag2_r/activation	/forceset/add_mag3_r/activation	/forceset/tfl_r/activation	/forceset/pect_r/activation	/forceset/grac_r/activation	/forceset/glut_max1_r/activation	/forceset/glut_max2_r/activation	/forceset/glut_max3_r/activation	/forceset/iliacus_r/activation	/forceset/psoas_r/activation	/forceset/quad_fem_r/activation	/forceset/gem_r/activation	/forceset/peri_r/activation	/forceset/rect_fem_r/activation	/forceset/vas_med_r/activation	/forceset/vas_int_r/activation	/forceset/vas_lat_r/activation	/forceset/med_gas_r/activation	/forceset/lat_gas_r/activation	/forceset/soleus_r/activation	/forceset/tib_post_r/activation	/forceset/flex_dig_r/activation	/forceset/flex_hal_r/activation	/forceset/tib_ant_r/activation	/forceset/per_brev_r/activation	/forceset/per_long_r/activation	/forceset/per_tert_r/activation	/forceset/ext_dig_r/activation	/forceset/ext_hal_r/activation	/forceset/glut_med1_l/activation	/forceset/glut_med2_l/activation	/forceset/glut_med3_l/activation	/forceset/glut_min1_l/activation	/forceset/glut_min2_l/activation	/forceset/glut_min3_l/activation	/forceset/semimem_l/activation	/forceset/semiten_l/activation	/forceset/bifemlh_l/activation	/forceset/bifemsh_l/activation	/forceset/sar_l/activation	/forceset/add_long_l/activation	/forceset/add_brev_l/activation	/forceset/add_mag1_l/activation	/forceset/add_mag2_l/activation	/forceset/add_mag3_l/activation	/forceset/tfl_l/activation	/forceset/pect_l/activation	/forceset/grac_l/activation	/forceset/glut_max1_l/activation	/forceset/glut_max2_l/activation	/forceset/glut_max3_l/activation	/forceset/iliacus_l/activation	/forceset/psoas_l/activation	/forceset/quad_fem_l/activation	/forceset/gem_l/activation	/forceset/peri_l/activation	/forceset/rect_fem_l/activation	/forceset/vas_med_l/activation	/forceset/vas_int_l/activation	/forceset/vas_lat_l/activation	/forceset/med_gas_l/activation	/forceset/lat_gas_l/activation	/forceset/soleus_l/activation	/forceset/tib_post_l/activation	/forceset/flex_dig_l/activation	/forceset/flex_hal_l/activation	/forceset/tib_ant_l/activation	/forceset/per_brev_l/activation	/forceset/per_long_l/activation	/forceset/per_tert_l/activation	/forceset/ext_dig_l/activation	/forceset/ext_hal_l/activation	/forceset/ercspn_r/activation	/forceset/ercspn_l/activation	/forceset/intobl_r/activation	/forceset/intobl_l/activation	/forceset/extobl_r/activation	/forceset/extobl_l/activation	/forceset/glut_med1_r	/forceset/glut_med2_r	/forceset/glut_med3_r	/forceset/glut_min1_r	/forceset/glut_min2_r	/forceset/glut_min3_r	/forceset/semimem_r	/forceset/semiten_r	/forceset/bifemlh_r	/forceset/bifemsh_r	/forceset/sar_r	/forceset/add_long_r	/forceset/add_brev_r	/forceset/add_mag1_r	/forceset/add_mag2_r	/forceset/add_mag3_r	/forceset/tfl_r	/forceset/pect_r	/forceset/grac_r	/forceset/glut_max1_r	/forceset/glut_max2_r	/forceset/glut_max3_r	/forceset/iliacus_r	/forceset/psoas_r	/forceset/quad_fem_r	/forceset/gem_r	/forceset/peri_r	/forceset/rect_fem_r	/forceset/vas_med_r	/forceset/vas_int_r	/forceset/vas_lat_r	/forceset/med_gas_r	/forceset/lat_gas_r	/forceset/soleus_r	/forceset/tib_post_r	/forceset/flex_dig_r	/forceset/flex_hal_r	/forceset/tib_ant_r	/forceset/per_brev_r	/forceset/per_long_r	/forceset/per_tert_r	/forceset/ext_dig_r	/forceset/ext_hal_r	/forceset/glut_med1_l	/forceset/glut_med2_l	/forceset/glut_med3_l	/forceset/glut_min1_l	/forceset/glut_min2_l	/forceset/glut_min3_l	/forceset/semimem_l	/forceset/semiten_l	/forceset/bifemlh_l	/forceset/bifemsh_l	/forceset/sar_l	/forceset/add_long_l	/forceset/add_brev_l	/forceset/add_mag1_l	/forceset/add_mag2_l	/forceset/add_mag3_l	/forceset/tfl_l	/forceset/pect_l	/forceset/grac_l	/forceset/glut_max1_l	/forceset/glut_max2_l	/forceset/glut_max3_l	/forceset/iliacus_l	/forceset/psoas_l	/forceset/quad_fem_l	/forceset/gem_l	/forceset/peri_l	/forceset/rect_fem_l	/forceset/vas_med_l	/forceset/vas_int_l	/forceset/vas_lat_l	/forceset/med_gas_l	/forceset/lat_gas_l	/forceset/soleus_l	/forceset/tib_post_l	/forceset/flex_dig_l	/forceset/flex_hal_l	/forceset/tib_ant_l	/forceset/per_brev_l	/forceset/per_long_l	/forceset/per_tert_l	/forceset/ext_dig_l	/forceset/ext_hal_l	/forceset/ercspn_r	/forceset/ercspn_l	/forceset/intobl_r	/forceset/intobl_l	/forceset/extobl_r	/forceset/extobl_l	/forceset/knee_exo_device	/forceset/reserve_jointset_ground_pelvis_pelvis_tilt	/forceset/reserve_jointset_ground_pelvis_pelvis_list	/forceset/reserve_jointset_ground_pelvis_pelvis_rotation	/forceset/reserve_jointset_ground_pelvis_pelvis_tx	/forceset/reserve_jointset_ground_pelvis_pelvis_ty	/forceset/reserve_jointset_ground_pelvis_pelvis_tz	/forceset/reserve_jointset_hip_r_hip_flexion_r	/forceset/reserve_jointset_hip_r_hip_adduction_r	/forceset/reserve_jointset_hip_r_hip_rotation_r	/forceset/reserve_jointset_ankle_r_ankle_angle_r	/forceset/reserve_jointset_subtalar_r_subtalar_angle_r	/forceset/reserve_jointset_mtp_r_mtp_angle_r	/forceset/reserve_jointset_hip_l_hip_flexion_l	/forceset/reserve_jointset_hip_l_hip_adduction_l	/forceset/reserve_jointset_hip_l_hip_rotation_l	/forceset/reserve_jointset_knee_l_knee_angle_l	/forceset/reserve_jointset_ankle_l_ankle_angle_l	/forceset/reserve_jointset_subtalar_l_subtalar_angle_l	/forceset/reserve_jointset_mtp_l_mtp_angle_l	/forceset/reserve_jointset_back_lumbar_extension	/forceset/reserve_jointset_back_lumbar_bending	/forceset/reserve_jointset_back_lumbar_rotation
0.4	0.02009618377591516	0.0188613015114808	0.01895047387920135	0.01715311342206406	0.01759208137017939	0.0176227249356194	0.1638738856390356	0.03988099060064866	0.06710038302020629	0.09056994957111193	0.01982353509159091	0.01248658872330469	0.01250157697392768	0.01247865072649955	0.01256661704460667	0.01196205182044637	0.01858629047317464	0.01477400012847542	0.01604830584056778	0.01551237466115477	0.01424829609811987	0.01177595388027383	0.02094581558162548	0.02144992421453487	0.01391260685758978	0.01581127627914267	0.01649129341824589	0.01281575630544742	0.02334292860339735	0.02286967111744343	0.01761239139204137	0.01000100998127337	0.01000100935457084	0.01000100785083964	0.01305530444439683	0.0149065792520853	0.01478697050625454	0.02137331724869957	0.01548966414371583	0.01501703297762121	0.01622453216519397	0.01826106957558201	0.0163078036822562	0.9906365584501186	0.5086906035455986	0.09357826314476735	0.800114049682462	0.6803762088709379	0.4984412114833485	0.5463973753372234	0.5063731629884922	0.4362378062306274	0.5645107579896925	0.5210320754890901	0.06098299278443085	0.1144514053753277	0.3612782123719697	0.4655304005767109	0.4586980471733396	0.6190286989348853	0.3704383781454592	0.3393891455669343	0.4935157599460038	0.4905318651430905	0.4774812620368324	0.492565165534975	0.4443897626007354	0.01809045767647386	0.2880826176516576	0.3202905895750807	0.3448530657397631	0.4721305393237905	0.4665788715912633	0.4657772573168126	0.3735910306296187	0.4474764256132557	0.1793201796202549	0.4924373360809107	0.5045629058603872	0.4984154034511935	0.6229462081723335	0.4608182304131102	0.4171421419410267	0.5086058290473529	0.5425563150632837	0.5209297249963148	0.01063633454725663	0.01263002760714587	0.02572721421517594	0.1268068725814655	0.02401513821836376	0.04598073979731918	0.02009618377591516	0.0188613015114808	0.01895047387920135	0.01715311342206406	0.01759208137017939	0.0176227249356194	0.1638738856390356	0.03988099060064866	0.06710038302020629	0.09056994957111193	0.01982353509159091	0.01248658872330469	0.01250157697392768	0.01247865072649955	0.01256661704460667	0.01196205182044637	0.01858629047317464	0.01477400012847542	0.01604830584056778	0.01551237466115477	0.01424829609811987	0.01177595388027383	0.02094581558162548	0.02144992421453487	0.01391260685758978	0.01581127627914267	0.01649129341824589	0.01281575630544742	0.02334292860339735	0.02286967111744343	0.01761239139204137	0.01000100998127337	0.01000100935457084	0.01000100785083964	0.01305530444439683	0.0149065792520853	0.01478697050625454	0.02137331724869957	0.01548966414371583	0.01501703297762121	0.01622453216519397	0.01826106957558201	0.0163078036822562	0.9906365584501186	0.5086906035455986	0.09357826314476735	0.800114049682462	0.6803762088709379	0.4984412114833485	0.5463973753372234	0.5063731629884922	0.4362378062306274	0.5645107579896925	0.5210320754890901	0.06098299278443085	0.1144514053753277	0.3612782123719697	0.4655304005767109	0.4586980471733396	0.6190286989348853	0.3704383781454592	0.3393891455669343	0.4935157599460038	0.4905318651430905	0.4774812620368324	0.492565165534975	0.4443897626007354	0.01809045767647386	0.2880826176516576	0.3202905895750807	0.3448530657397631	0.4721305393237905	0.4665788715912633	0.4657772573168126	0.3735910306296187	0.4474764256132557	0.1793201796202549	0.4924373360809107	0.5045629058603872	0.4984154034511935	0.6229462081723335	0.4608182304131102	0.4171421419410267	0.5086058290473529	0.5425563150632837	0.5209297249963148	0.01063633454725663	0.01263002760714587	0.02572721421517594	0.1268068725814655	0.02401513821836376	0.04598073979731918	0.006618014879775178	-1.248731571563527	-0.9514465042105372	-0.3658765163528326	2.2000602135486	1.631901976731336	-2.375307083275686	0.05295727866393515	-0.05623522504948165	-0.02147838133283985	0.02820818290722533	-0.004511990671350521	0.0004400729676586446	-0.007859222429348224	-0.008393819237341303	0.0442034204726373	-0.01679737179916413	0.01732536000964855	-0.002917767978327562	-0.003902311314210405	-0.7360859244730137	-0.3629517385590744	-0.3916365866404447
0.425	0.01660727456314334	0.01516846253072448	0.01495955458229109	0.01404716364652178	0.01427554701352895	0.01425553470583603	0.06492322694101439	0.03095797211305892	0.03476395848428614	0.05823152633897023	0.01641553598162941	0.01155800041682721	0.01156294751746042	0.01153885002854334	0.0115912845996053	0.01124908590098998	0.01527562928641993	0.01275712442167596	0.01402355880664082	0.01309664778479778	0.01240852658147423	0.01111519032828571	0.0161304554815045	0.01638321268774887	0.01221342366685723	0.01322625088046677	0.01361614225262955	0.01146907325477582	0.01484216393220921	0.01470588056185682	0.01270316707182635	0.01000047429362929	0.01000047414496336	0.01000047360817545	0.01170923130221462	0.01275072411788791	0.0126833672967449	0.01710798072537217	0.01308554236022818	0.01281033064698337	0.01354301159862928	0.01498461707583967	0.01360875738635073	0.9919027994698625	0.5230110863306924	0.05962890627868852	0.851403948951282	0.7192738470261489	0.5037956794116546	0.5276878964156694	0.466805024065637	0.3662635590674215	0.6009545104723916	0.5326762564566735	0.02603614940141295	0.04753020339328126	0.2904228905059246	0.437306223500659	0.4163840999837581	0.643015322883471	0.3157139390105114	0.2772713862385778	0.4768421001574156	0.4718861601077136	0.4550883913672529	0.5627814114542896	0.5266862578539817	0.01555363132272155	0.2511396079002169	0.315533482918729	0.2680903279839438	0.4402290375403264	0.4313795316239236	0.4307106271368802	0.4646320980303102	0.4841601698332662	0.1397707444720443	0.5095512848211929	0.4968822991388691	0.4888983290745031	0.6320173253404214	0.4227183901521629	0.3563492335981989	0.4894795046548102	0.5244143558806578	0.5087791610821585	0.1997245828578276	0.06402150185337623	0.02149023717817047	0.05394862969011432	0.01498467198245008	0.02286349874859413	0.0157268833872761	0.01379914995207081	0.01330887612170644	0.01253032828816028	0.01267531630062486	0.01261430524320659	0.01025938891351471	0.02642362722798232	0.01912047598478245	0.03940295927833877	0.01448638551518625	0.0110316422481381	0.01104662190407667	0.01103109575726497	0.01107271697357374	0.01088886340990775	0.01345167217675958	0.01166855868527349	0.01288873929462129	0.01187443598170378	0.01156617984529127	0.01079107085641459	0.01331062218417501	0.013416796361703	0.01131433414224804	0.01186559054580909	0.01211591587687997	0.01072335181812742	0.01064280033954264	0.01060828580509195	0.01045257435676919	0.01000019438184054	0.01000019446513805	0.01000019442618348	0.01102291463616177	0.01162750041530404	0.0115879039633271	0.01480915399198716	0.01182333968180092	0.01165233438350786	0.0121329479354826	0.01324735414688992	0.01219002249334985	0.9883737062941128	0.5198683936760058	0.03700344955795622	0.8938572773423868	0.7499272693175578	0.5024346489806437	0.5040356806207379	0.4226097917049538	0.2939416701943906	0.6395167159180056	0.5457507785911947	0.01305494582939314	0.01434463068873125	0.2369309247879697	0.4120384030897421	0.3769323044640714	0.6636447139878895	0.2765362918666714	0.2337186836219583	0.4601813890503162	0.4532237199084832	0.4338771180245716	0.6547181668336862	0.6334404773364085	0.01606464882803699	0.2240240790055466	0.3137718374630177	0.2190338923378398	0.4098810523157305	0.3980880844275193	0.3975748115126094	0.561465684672984	0.5235882606185701	0.1116530627009048	0.5200318421667273	0.4878661070817301	0.4783790599812456	0.6362382765829576	0.3909586148911265	0.3096119237322543	0.4714961490573063	0.5069529986086876	0.4961473051083141	0.3403231735407661	0.09274700972131929	0.01862196638898593	0.01006253478690407	0.01011390624209941	0.0100498550649447	-0.004927630778156852	0.6469982741058529	0.4168683118474804	0.1408427621498834	-0.4934170371681622	-0.7474576144473748	0.7606182973045787	0.02917431840078111	-0.04804067796595661	0.00537338505008717	0.03314355057029827	-0.00652051147891651	0.000656283312496127	-0.004460081185380289	-0.003250411704821002	0.01589622986001994	0.01081212314306841	-0.006891929270343283	0.000444111990179829	-0.004256391905925813	0.4215126499868835	0.2321655646238342	0.1857248420085844
0.45	0.02509182414081465	0.01963597496150823	0.01803074222955844	0.01402058678847952	0.01445816604953428	0.01427009006697325	0.06359962726340297	0.03100104104176051	0.04419347972987605	0.04607957297788706	0.01380276151003739	0.0107669726414058	0.01092582064990731	0.01099584119892697	0.01111490828547443	0.01109293781738222	0.01318599256350178	0.01163491320006053	0.01250424753403825	0.01260531655251898	0.0129284243710893	0.01107012513900286	0.01144425106736726	0.01147938531327612	0.01144102052940445	0.01216220919430198	0.01258508535523849	0.01050368800168524	0.01440466859314396	0.01359980653194643	0.01408705185449532	0.01000025495079582	0.01000025481334273	0.0100002545956451	0.01135683273012477	0.01196703888697469	0.01192220894437877	0.01506579590958822	0.01212412389164271	0.01192473614084261	0.01246631458999149	0.01359758295423071	0.01253330386307329	0.9679258444824796	0.4341259589856109	0.02094879113874845	0.8088103027898194	0.682467818903424	0.4694671441080848	0.4916115997219452	0.4147498875265748	0.278493826567288	0.6241401085894354	0.5460484791188003	0.07177175019267705	0.06889436083988272	0.2974817042456434	0.4328083450739988	0.3975641256071951	0.6313450412875221	0.3410597963374437	0.3010671182365153	0.4664268483473039	0.4597750547520235	0.4461432629361987	0.7098788334920387	0.7036944699901446	0.03346204648564054	0.2518309408057222	0.3281169745836055	0.3257572493315973	0.4252117639665109	0.4148517891735836	0.4143334737796302	0.5613233578597048	0.5223407528394068	0.1149739732446416	0.4820202710356499	0.4850709810166958	0.4776498758608952	0.6088806030041808	0.428472315959387	0.3747597153487395	0.4845955913042451	0.5192545627147996	0.4996251445930762	0.2843920777827603	0.07006405673851249	0.0138304084854244	0.01013099218909912	0.01034724509039368	0.0100799063025173	0.03469005734520918	0.0260924572593779	0.02359571152449981	0.01642139737331914	0.01718957820950607	0.01690843525730903	0.1484255851100476	0.03828340347553512	0.07911824544073488	0.06305524369655911	0.01442368125708082	0.01087342304520078	0.01115918309237039	0.01130298762773336	0.01150121273152744	0.01152398864058586	0.01413674325245049	0.01232842626194203	0.01289718512291604	0.01410002145752427	0.01476202197876724	0.01154672862879542	0.01154486999429399	0.01160617126476109	0.01215905399195972	0.013342571759116	0.0140176352246044	0.01079859182150603	0.02069644315016926	0.01909338379991575	0.01899320283138755	0.01000049940986051	0.01000049891166396	0.01000049819333045	0.01212654452621331	0.01303135921378398	0.0129633635600002	0.01680559731656199	0.01324360399825018	0.01294937512025306	0.01371266611874434	0.01506964955564382	0.01379444216023328	0.9275447133078724	0.2902916554766838	0.01718952306694465	0.6600382566016472	0.5653242349899764	0.4132028705046216	0.4667186213640946	0.3976835238188067	0.2568761360394184	0.6040262231040338	0.5485898643087592	0.1431493282739879	0.14651178815133	0.3932865032367463	0.4655524267543157	0.4292002384929016	0.5770646387450589	0.4436347711596732	0.4070235652464052	0.4752575065714795	0.4689587649182207	0.4648757086324674	0.8289336554386876	0.8500409574337005	0.0501685229539966	0.2960178549373282	0.3501788803561933	0.4949071408422011	0.4484060856438771	0.4403164000281075	0.4398132001566838	0.5696840134087383	0.5245175965726234	0.1292206998966398	0.4182490087907541	0.4791763725911065	0.4751898636632452	0.5602266238281504	0.4887348014508347	0.4791390218243349	0.5048909678514955	0.5380948089662093	0.503933360065964	0.1558730004713397	0.02970468865234911	0.01116136086414	0.03253596341264524	0.01374371619232122	0.01806139465639619	0.00540610441680675	0.4325612475073563	0.1906279168085793	-0.335696680032287	-2.147042563988865	-0.1435663038546874	0.872906132679625	0.006498649938074999	-0.05769268375617184	-0.005522532411449156	0.03677353769515576	-0.003323159286692692	0.0007989000969699568	-0.009815725044413321	-0.01784322280337405	-0.0120716240965299	-0.01645018580751411	0.009622868066283116	0.004318028521153121	-0.003135967828788841	0.2603573848037132	0.1728926439808997	-0.09914158038884199
0.475	0.03007591915236042	0.02097238512239248	0.01814852528868167	0.01540391728380208	0.01595236967620106	0.01533123336254805	0.07203771556987247	0.03257862380766612	0.04129752943979833	0.06488140319575886	0.01673323061356936	0.0106938565430691	0.01081542608334202	0.01087150197918624	0.01096726548768895	0.01086982140809713	0.01569547895144329	0.01176470350182563	0.01261476654324124	0.0127363032292549	0.01254756625382875	0.01082971298334825	0.01499138787210216	0.01530792998383754	0.01142801464031833	0.01241619196183246	0.01282799748357323	0.01063232307649391	0.01226026628102693	0.01295643142321605	0.01176866068187391	0.01000031328128608	0.01000031314968938	0.01000031284053306	0.01145347499393348	0.01218088520634142	0.01212041112068753	0.01617578100214854	0.01235922861900195	0.01209461015021509	0.01280822617854178	0.01428215895307566	0.01287820319032689	0.9709723058386143	0.3799157223143123	0.01555733927760227	0.8199507460188211	0.6799596606977866	0.4327464009212034	0.512747738796714	0.4706028255519236	0.3622991462829256	0.6174233271487278	0.5298806599313215	0.05891259411440693	0.07834762739105008	0.2804063549505471	0.4330889792300146	0.4176380059995683	0.6169680682756231	0.3146727162134893	0.2719061048767542	0.4663860796159534	0.46258857614726	0.448323159692783	0.613687236966958	0.5918082286114981	0.02561594107894727	0.1922668856150032	0.3049085614629975	0.2022465376187261	0.4339982364823142	0.425534585213344	0.4247243975757558	0.5646763709034183	0.5234586007135232	0.1368311319844597	0.479388407831054	0.4844937958674486	0.4777389312483927	0.5966580139398454	0.4347495345300266	0.3881591043838701	0.4858522319607909	0.5191528295277302	0.4986603476531846	0.09055565124027327	0.01099040829107239	0.02754505294533174	0.02537945328270359	0.03960331858094862	0.01603493645380907	0.02715173623787638	0.01810342244657862	0.01524765051353672	0.01480653497405834	0.01523640373513846	0.01447327149809814	0.03269313056298507	0.02938458800143589	0.0221341053559207	0.06659001498268484	0.01782945176215406	0.01061235446530874	0.01064731872075435	0.01065674569222378	0.01069913560826528	0.01053519183752649	0.01637644821930167	0.01148185259991126	0.01247983253846687	0.01201836264343138	0.01137238165370142	0.01045938535588522	0.01664093875167815	0.01708009600614757	0.01104827521981985	0.01194138693972382	0.01222687277076527	0.01053239308815138	0.01065652463331946	0.01059285913345782	0.01044763721860813	0.01000021635911778	0.01000021640785772	0.01000021630830229	0.01112707877908086	0.01174957697372977	0.01169234222750951	0.01581632834190118	0.01189750415624915	0.01164485655178803	0.01233953267834707	0.01386336435519437	0.01240256333825589	0.9968706843462638	0.4087405069955539	0.01466245930765561	0.9155756447826977	0.7433260722219809	0.4327810240430506	0.5443689890758208	0.5253693853634198	0.4348806835872538	0.6283657038563725	0.5172457078182191	0.01316054263230738	0.03764784267079607	0.2162489946185733	0.4158647659109737	0.4165029263538542	0.6346451367260938	0.2413598864953871	0.1963831725846814	0.4617683032646572	0.4599892649384322	0.4400342701823813	0.4730429291262966	0.4220502198223234	0.012988797899361	0.1337874150418542	0.2829964239395752	0.03949846449670756	0.4279780865101058	0.4196946892590136	0.4184578163589533	0.5823508518469542	0.5326587362274862	0.1401724134559876	0.5140126693821657	0.4879327686489509	0.4799139395693405	0.6114210049984363	0.4069001687292682	0.3409608497245212	0.476084598182034	0.5087180019522901	0.495831662463022	0.02665520581096698	0.01019702951470556	0.03915181848859752	0.01991066341886187	0.05243759347072969	0.01440097326692858	-0.006263863002648027	-0.1466740960736438	-0.0940855839602843	0.163848176924372	0.5692675662244024	0.2418353176056084	0.8891125395161426	0.02417922356999297	-0.1126774646066981	0.01183807088848709	0.03834155682063454	-0.005431097812120549	0.0008362384106645972	0.002825760181352264	-0.006919329907085122	0.02290302576785071	0.00524171662957025	-0.004919295008651924	-0.002530905695831944	-0.002467251980300948	0.04105664958837663	0.0395866539044596	0.1503947077804706
0.5	0.02423695868177277	0.01804190963633566	0.01639581511282834	0.01469831020713197	0.01517106266288994	0.01478186126457245	0.06810492920194512	0.02924197428957406	0.03916886778679252	0.06717670819422865	0.01642478585906089	0.01076696468544133	0.01083553895737182	0.01086044166420029	0.01093011281306096	0.01075343838479391	0.01499323224190788	0.01177597522574112	0.01269365520874885	0.01238717745798938	0.01178499077620355	0.01066598070960673	0.0146675639065839	0.01495111367783365	0.01127908636642876	0.01233845074036076	0.01280292289370756	0.0104814636181917	0.03869997398267649	0.02007796826379595	0.03488263906369682	0.0100002836230017	0.01000028346175955	0.01000028318837369	0.01157482307578549	0.01215401913647556	0.01208564141516223	0.01585453600071687	0.0121967274386568	0.0118923501473145	0.01269377504338254	0.01412470268283389	0.01275326203612846	0.9842976894983992	0.4116869565863389	0.0144604825368193	0.8725443890091802	0.7190850792354553	0.4578257846743907	0.5125779191964998	0.4518111085772317	0.3163811545941012	0.6558658304607183	0.5484284253417193	0.02508978561840168	0.02449545317178126	0.2569293968047242	0.4270147583350314	0.4046078418127964	0.6397816856915263	0.3028135535399765	0.2622318078553976	0.4654581256942734	0.4598965502330095	0.4437387494113533	0.6608322868021014	0.6293416032342268	0.02101267284022514	0.2139877453554388	0.3498580821800956	0.1950131854790602	0.4227988703633686	0.4128543082863702	0.4110753004580974	0.6659335327948624	0.5744488216742911	0.1131985988641971	0.5090461641499655	0.490150178295662	0.4826160141772863	0.6076377217838461	0.4180355291277624	0.3567954811051812	0.4818152528595827	0.5141354875506171	0.4997274123238556	0.09166888310649889	0.1167635421317641	0.06046116930764651	0.01083079317736146	0.03472014495813999	0.01093878364626756	0.02515685912969449	0.0211101491537576	0.02046994869434726	0.01547190508847201	0.01612806097722637	0.01616568955133675	0.1429545485913397	0.03252264083069849	0.07433669249091553	0.07042142840841525	0.01450495265921308	0.01098655348365141	0.01116986932372812	0.01125520377098782	0.01140184780257812	0.0112668978484584	0.01343762374013094	0.01237768677880479	0.01306083760101716	0.01350846125258395	0.01331866220339469	0.01120166103045395	0.01174551275964052	0.01180712985387903	0.01189162415632916	0.01326157685433017	0.01402766668257134	0.01056034595471238	0.06897191155805911	0.03181193101401417	0.06086469370461634	0.01000046008774452	0.01000045953832448	0.0100004588626205	0.01236397975124837	0.01303189405655827	0.012946329599958	0.01647526524607467	0.01300770903186891	0.01262825155997527	0.01358600699335565	0.01494165544496623	0.01364973825839771	0.9603558619474375	0.3881899071055562	0.01410247725212165	0.7890075760832482	0.6659983906622678	0.4888420452960891	0.4564631189247411	0.3291676335888385	0.1283016572255175	0.7046458479805401	0.6019731739696565	0.07281177293750432	0.04447566214385395	0.3411608555608719	0.4509069790100813	0.3915694330067688	0.6421185968217173	0.4196059028031675	0.3867978525782381	0.4730331173286557	0.4613434987492573	0.4530388240488405	0.9953358704760993	0.9958840798787644	0.03980111988779936	0.3464319525339239	0.460188263246011	0.4644886405718321	0.4185387485957972	0.4064538222015345	0.4037844647224024	0.8242560676710645	0.6507060060314728	0.0835086524564792	0.4911793616261623	0.4931583264858673	0.486970123033926	0.5940560451234724	0.4465471630247502	0.4016699527339594	0.4945519070030359	0.5258158751851693	0.5069562039452453	0.1749287651876154	0.2315930262939901	0.07416126322042889	0.01024546429922316	0.01025420558669214	0.01038361302247271	0.005192775497356491	-0.2007712135242409	-0.1953077430023767	-0.3051960678886827	-0.3118632116700934	0.01331825934720815	-1.474852321871639	0.108774079781362	-0.0790850295378619	0.01037036933525339	0.04107395831542881	-0.001778314796851845	0.0008957901741356659	-0.03963575590941416	-0.01546430992412578	0.02537713564984759	0.002852283684248795	0.005045128850199886	0.009482874319102537	-0.003433309734518686	-0.1443284917649753	0.0534195775423582	-0.2148891902874268
0.525	0.02084612786074305	0.01710809483077429	0.01607932169140613	0.0140585293322747	0.01440161667381131	0.01425554595892539	0.1253716367031427	0.0377160492600456	0.07318667514996514	0.08086337889565225	0.01549738083798795	0.01082656882699166	0.01099466622178527	0.0110616955296529	0.01118497104763076	0.01107365162052904	0.01423715584184563	0.01184130697200897	0.01325914892238674	0.01262109394351116	0.01240468051266314	0.01095639127185251	0.01474753939999184	0.0150651486281327	0.0113459012417618	0.01231569954105594	0.01274769412780846	0.01048042575745762	0.0309727285510771	0.01785064170961715	0.02810887953593088	0.01000029960159613	0.01000029934186913	0.01000029897241564	0.01165152567650135	0.01223043987233472	0.01216063343622732	0.01551529504831115	0.0122278030458031	0.01191635294456048	0.01272473965013063	0.01398811804418591	0.01278419107173378	0.9828524173801445	0.5150919960673499	0.01627944228209546	0.9004487047288521	0.8137850970262358	0.5255582902573401	0.4686228480175912	0.3281065546938181	0.1167408106861248	0.7415500280459782	0.6179367323196977	0.03883430317605712	0.02719752074991081	0.1610651836553403	0.4022081145508229	0.3489540049806855	0.722642515339521	0.2562587484366373	0.2120808709199641	0.4624764177609794	0.450724066704874	0.4294477999443138	0.8584055483082806	0.8454578671088563	0.02510429944376531	0.2105338864446715	0.4107735654432408	0.3155426421172179	0.392262389109408	0.3775416828984852	0.3744600715180474	0.8074474063233434	0.6414505485906281	0.05258168105706573	0.4792237214159332	0.485374661310112	0.4761337231186688	0.6345287581429151	0.4147551309144627	0.3487451212360828	0.4881237766298643	0.5354504783946599	0.5058909079892373	0.1842824519374789	0.1133713567982059	0.04276841581194173	0.01010616404112286	0.01015820011324358	0.01014932466047649	0.01822273369417484	0.01467188594809934	0.01344120628198274	0.01335217370330669	0.01351001923120646	0.01321157772637339	0.1222270117020137	0.04256345361971654	0.07338716835427192	0.09134071848799317	0.01651130280344393	0.01080774032796752	0.01090005935572616	0.01094108762658295	0.01104094748128952	0.01092542298381801	0.01463890728071617	0.01161972062303093	0.01345901731926745	0.01210213640138473	0.01180359835721004	0.01078126937368099	0.01997232907219276	0.02050363361126035	0.01105879547782179	0.01184843822204209	0.01207537242518602	0.01046380637420821	0.01059183630714039	0.01055374801863768	0.01042173574931385	0.01000021842204253	0.01000021830051634	0.01000021808454692	0.0112998244365593	0.01182918411821238	0.01176971601422808	0.01491050715100163	0.0118455683685728	0.01158065214832137	0.01228233009003236	0.01345304184482271	0.01233654268872241	0.9960098527494938	0.6412447104232687	0.01826383164698037	0.9867038068974173	0.951841715666493	0.5794702677641411	0.45975176276542	0.2868277417866653	0.06960973141274542	0.8060906486003829	0.6592037150011198	0.01832621093242104	0.01702371119301543	0.04389877510875161	0.3660221097014351	0.3085652195570226	0.8116421446229261	0.1530504636298334	0.1060483204997553	0.4564253080542755	0.4424791763595183	0.4117150859760867	0.8829306937027457	0.8728574836364118	0.01637504076083238	0.1314202082256256	0.4068545709867006	0.2387878423555655	0.3672212174086241	0.3496979932150847	0.3459837550113283	0.8824432889389824	0.672202960814637	0.03606632353337604	0.4621877073854956	0.4797711221151443	0.468504020465647	0.6651852855450102	0.3979773761242916	0.3206358905151216	0.4871420544882223	0.5481430296498506	0.5074885698855156	0.1943471968075988	0.04119141969609408	0.0235112388468908	0.01021065845270868	0.01042513609890273	0.01009015738642078	-0.006291616765419386	0.5120667334079991	0.1120055386872779	-0.09758459251459375	-0.5212311914562313	-0.4454643647281253	0.7267605914117758	-0.001551203239057087	-0.09681406441225179	0.003380459703070254	0.03438940826149442	-0.0003342630046804369	0.0006345387677820682	0.03555761559054747	-0.01390450709408392	0.007994699509876645	-0.01346390019369794	-0.004464544156921197	-0.004904437152541108	-0.00260275372898672	0.3180911711202524	0.1545300518255882	0.04116949320900236
0.55	0.01597376003614287	0.01257138045955796	0.01151406700760184	0.01397290924759891	0.01400625714712759	0.01326833228561648	0.1545220301732453	0.05848461002353937	0.07502628973410844	0.1196878685300144	0.02071672171877152	0.01146901699536352	0.01094937179216347	0.01084947892306467	0.01086064124773926	0.01059528471456289	0.01418046149471366	0.01233297379288801	0.01437782607886325	0.01188399256562974	0.01102481012915807	0.0104641109612045	0.05287920265853577	0.05404716274726467	0.01121023837601874	0.0123707837897524	0.012406455964768	0.01072107340916791	0.01612227545733043	0.0142504245119193	0.01397689281793045	0.01000029272281212	0.01000029237692814	0.01000029199425827	0.01171143841461779	0.01223778787747871	0.01219313045156454	0.01420074650606274	0.01231259562915756	0.01212933069024915	0.01260856655769737	0.01336988402766957	0.01263609335404751	0.9960154864384486	0.6291865887827905	0.0255980855137657	0.9840691710216375	0.9035516935600981	0.5720740258415858	0.4835160835373735	0.3395294551626811	0.1374362893122717	0.7714086690080537	0.6346709307538867	0.0113176446147446	0.01275224504594815	0.03588495423725999	0.38224902340482	0.340383563585329	0.7725601676772379	0.1746991776061102	0.1337374697369081	0.4645053754754812	0.4535488829868971	0.4248767088205858	0.8748433082331963	0.8794868900384852	0.01240852690902498	0.1411457508718599	0.4251729733234414	0.2303559220013006	0.3836353196061039	0.3679254259013157	0.3645080795300841	0.8940820114567097	0.6734352336830085	0.07833864213107768	0.4831489570489298	0.4862556341436363	0.4777887116902876	0.6254201340027815	0.4164016385701683	0.3537244129214894	0.486881190846891	0.5305520268242742	0.5040479426589651	0.1579674033166681	0.01270460958879795	0.0103898419279187	0.01178480459198274	0.01674578273014267	0.01061411840692293	0.01571323348962018	0.01279785034050224	0.01224520050136914	0.01517707172603115	0.01525214334025316	0.014288257069211	0.2132603665111829	0.07261581589855531	0.08429548609059145	0.1477153819800907	0.02365564496546461	0.01214057336267773	0.0111255303328329	0.01092423131760895	0.01088404917147202	0.01049082189573931	0.01317417635694546	0.01326624568630035	0.01517817822104978	0.01225102088817272	0.01100810224641664	0.01039425885411766	0.08215172368102514	0.08385133057495067	0.01166587468853348	0.01335435456556263	0.01340807576610785	0.01098694839976968	0.03916196094075131	0.02473332314197699	0.0329555445685124	0.01000045152425627	0.01000045079972082	0.01000045007875705	0.01248778626787838	0.01306219044198039	0.0130210127366092	0.01405801783307975	0.01316541487012877	0.01301215130919707	0.01338628905161236	0.01381031634890159	0.01339321560275983	0.9954459968101591	0.6192596922075224	0.03115382498004539	0.989326018222445	0.8412923162201598	0.5734132963173127	0.5122378627178011	0.4010798943747248	0.2101705641258186	0.7337703867195141	0.6098075984361788	0.02561137252016896	0.01884362057665634	0.07051267309152762	0.4118268649176808	0.3885146054394229	0.7231259471414975	0.2378539674376633	0.2103697193681605	0.4791335718503355	0.4717787422933216	0.4474064158967416	0.9370343926888058	0.9782215560223753	0.01777289329215995	0.1944748895451071	0.4786413855530599	0.2818093389615859	0.4087050631426002	0.3955740079305484	0.3924832554913486	0.9716464166455313	0.6985818240706249	0.1283222456304516	0.5135952678951944	0.4973275964588059	0.4936823617082494	0.5570092432645419	0.4515942336386558	0.4153556282729282	0.4888771183839258	0.5040234142989437	0.4997552184972998	0.1284175004223648	0.02997098931918361	0.01123487214276688	0.01306219563602237	0.01784377257273477	0.0110293298980239	0.006771209676020075	0.06818798372046	0.01127096552384858	0.1952118232209996	0.4551505594196084	0.5245340157307937	-0.8074957670514252	0.1590234963035328	-0.007653781860759449	0.0411833340494546	0.02807022261915827	-0.00194605899220966	0.0003513107500353507	-0.09392071409310887	-0.0119758066471145	0.03689058608426102	0.02818527101741993	0.01218319114065124	0.01161713084063022	-0.004767487341562607	-0.05729123790570089	0.01165758951286956	0.1119011788064464
0.575	0.01804289534498603	0.014483897254102	0.01389272490135257	0.01595103169255833	0.01674218356732555	0.01589725686705913	0.2429405543181885	0.09688027583790988	0.1236153301266299	0.1744939873727097	0.02804735217838908	0.01065028291544417	0.01052554182114127	0.0104792163609249	0.01049334472666301	0.01030347556680317	0.01282930397637318	0.01190007424765429	0.01954157115737483	0.01184559171647922	0.01078627003106123	0.01025153027701638	0.08238177877765915	0.08454146218043546	0.0109782902686488	0.0128108298162726	0.01388437454256328	0.01002790774479218	0.01627993955138974	0.01185403282387366	0.01210422120721188	0.01000029767285709	0.0100002967289663	0.01000029589828143	0.0118642199940724	0.01229041697635324	0.01226030341639241	0.01347169813990732	0.01238468350626662	0.0122781639390333	0.01255664394841416	0.01305182847993665	0.01255778856303218	0.9972931191249355	0.6009128648715173	0.01961046001015737	0.9925425741318047	0.9349963594253584	0.5887839918911449	0.4546769832849208	0.1706155325509346	0.08726060010675486	0.8674858304825095	0.7365446654628965	0.01583941686672357	0.01384143623758679	0.03287609043098985	0.3216523048418532	0.2527190211628866	0.8668751571187555	0.1135879525657155	0.07785328399259335	0.4555741668043554	0.4353337317449081	0.3945558981584988	0.9484004137672599	0.9613824963058077	0.0134618837561475	0.07744191684718091	0.4449024097423971	0.3337380723628855	0.2882551332964448	0.2537427508587713	0.2489365369148725	0.9633079359518435	0.8360183966292104	0.07288013334382847	0.4388690350928361	0.4771178930859439	0.4716091314913541	0.5727635727935362	0.455049504459467	0.4275105122520213	0.4926274897281135	0.5274724211199373	0.4961722337242577	0.1306136912980168	0.01052693872529804	0.03959820624080693	0.010673494022152	0.01338493293172934	0.01010342332817005	0.01889782862783715	0.01516255678334786	0.01456300051793815	0.01615507413084101	0.01726879448564238	0.01651403017041503	0.2595959905465952	0.1074708489374186	0.1432832390478763	0.1861827655289738	0.03034094470903584	0.0103468835329065	0.01029888929215797	0.01029750013720738	0.01032158848017561	0.01021572029269878	0.01337073096842206	0.01131524229927799	0.02139333568598599	0.01160192209611898	0.01065836198285764	0.01018236510968222	0.0833495473029127	0.08576727625253965	0.01067524175439015	0.01254678618826598	0.01402576266775956	0.0101153355062438	0.01045453906609877	0.01045675485623817	0.01039541808283391	0.01000022037380557	0.01000021940077265	0.01000021857297052	0.01150733751848579	0.01188977071113254	0.01186493163786035	0.01321431831220489	0.01199562911655892	0.01191138624636013	0.01214969121812591	0.01269754544991119	0.01215015600541498	0.9976139208118993	0.5725193005118597	0.01323146173410531	0.9965366961731635	0.9949718251140655	0.6018825011831184	0.411715385089844	0.02112524598815322	0.01594398069078734	0.9964237555091289	0.8595144142123884	0.01081016426378222	0.01115586309983482	0.01216218280774122	0.2529381736855233	0.1591239658061024	0.9929063015002972	0.04893165787405423	0.01225927535057523	0.4398058039565645	0.4090299194999903	0.35538233894198	0.998663750292403	0.9988730371859892	0.01153380699757213	0.01326481445198892	0.4351483398638631	0.4075009700061408	0.1937307241532284	0.1453460417630166	0.1404265567571714	0.9985857549603097	0.9967839058510191	0.05074728038098609	0.3712468548197183	0.4607109380500999	0.4558627564840302	0.5485284040742407	0.477793824956687	0.4704048896047128	0.4989707788358212	0.5402135635236948	0.490319086458021	0.1229542021784961	0.01034290725917973	0.0564640314383317	0.01009495220588658	0.01090017112800063	0.01355147477558319	-0.0144211859895598	0.4750887843492236	0.03098998432877994	0.03638269677248343	0.929878566610868	0.2862783027107123	0.8934482646761223	0.2325034065854407	-0.2275087715803975	-0.03580979111942293	0.01528032446321314	-0.003426197311642261	-0.0001646126461438176	0.04916779220210753	-0.04632702513934661	0.04126737418969546	-0.02614721958500993	-0.004301257461402313	-0.005125384114650348	-0.003010573050600767	0.1786289391242192	0.1005808694762223	0.07294740001551762
0.6000000000000001	0.01504278059786411	0.01304774031331198	0.01265999161847267	0.01432248246181728	0.01481670768758001	0.0142951862347277	0.1438559301976851	0.06094032981504605	0.08263555957815294	0.1036576840656556	0.02892024268747312	0.01507252975065801	0.01121078926535553	0.01083729300768424	0.01067428695302606	0.01031439749115894	0.01998756351158372	0.01284164394657584	0.01654210390015842	0.01141664031687108	0.01057019805941083	0.01023746280557589	0.08062321530076104	0.08219233956871251	0.01135968012517652	0.01296053379892823	0.01310818366341582	0.01577274934353766	0.07370267263173721	0.06315226486172704	0.1012652180420636	0.01000029468013418	0.01000029446459176	0.010000294152734	0.01142457862998154	0.01214715741158057	0.01211676922472087	0.01373886470404511	0.01241020994444713	0.01230505724936758	0.0126296785256458	0.01326049303619466	0.01264938515005536	0.9910852322030967	0.5652504707403799	0.01270068952709422	0.9832896753525446	0.9221002109109826	0.5788635162121311	0.434880296928159	0.08998464341797742	0.01154886585221552	0.9404990396097199	0.7933430041833091	0.01577494406531062	0.01218959912842345	0.01426436861612458	0.2812753392357831	0.2098287606312459	0.9041448719573983	0.1239866563036881	0.08697436375516347	0.4518779409033005	0.4267417815468602	0.379417194572771	0.988506237274587	0.9876350509744916	0.01600982248944137	0.04066111678207255	0.4462018326919961	0.4596792361688589	0.227123240369815	0.1793467530355473	0.1779202562544261	0.9883535448647743	0.9009711501874186	0.1246074787218752	0.357340198175082	0.4615014548845304	0.4583758291888679	0.5258123261920736	0.4948960323282758	0.498120678858764	0.5049204793754187	0.540222525290022	0.4910233613754506	0.09212601349097059	0.1084029384489061	0.06071190126446857	0.01683327362364161	0.01027327159136634	0.05050072897084861	0.01081706471405227	0.0106699911851074	0.01058722530837028	0.01271352221095263	0.0124222795362303	0.01201650624394525	0.01013193893647961	0.01026559472062865	0.01013820122639315	0.01127280069904102	0.02668638140812215	0.0198441931681653	0.0122459021652045	0.01147568366521616	0.01112183596900292	0.01044405989744814	0.02569487204367224	0.01484386673432339	0.01093552635708253	0.01148072575310384	0.01057086365279422	0.01032110945723235	0.08337998458034121	0.08400690791918226	0.01229053105242578	0.01371972771927364	0.01235868330071558	0.02107473791390634	0.1507706539981726	0.1215670183142801	0.2091259297672935	0.01000044734371381	0.01000044777447614	0.01000044787146284	0.01174156079182438	0.01281941831831727	0.01278105060321523	0.01437202924399955	0.013227057918837	0.0130935672892054	0.01350447488514408	0.01411038144272183	0.01353847993427321	0.9785390807146047	0.5445877992249821	0.01746548273020597	0.9601859254564306	0.7888836284196812	0.5404396304221419	0.4752436190550851	0.2145287948733823	0.04811369039271874	0.8653698078304179	0.6963134639087887	0.02664081123842428	0.01614324616237674	0.03500103821535434	0.332738081725116	0.3012017013001977	0.7628607590784233	0.2514784504618537	0.2161061934933523	0.4737069842063041	0.4578766560056065	0.4213431843813087	0.9975154887958182	0.9978761721056943	0.02259283685608963	0.1067571613749042	0.4748184288221168	0.5542205839203331	0.2875255792664752	0.2442108973992596	0.2480273433217499	0.995544831538597	0.7711820698957913	0.2345675367865494	0.3365925751404176	0.4633039482824746	0.4641905813497743	0.4684162258580817	0.5335392887243399	0.5615840598620752	0.516369861553754	0.5368230584876823	0.4906639468284976	0.05537809621689	0.2241387265784172	0.05461952213990305	0.02384005023043048	0.01155084114736683	0.08565124339563146	0.001716993592137534	0.5049483738224697	-0.434370737101944	-0.2009792204482868	0.7389114543392199	0.1323140994713957	-0.5451615726143936	0.304617621746863	-0.1434611355262362	-0.01882870066914306	0.02305356604996773	-0.006489450906845703	-0.0002878417884012396	0.01877671114796507	-0.108677321076574	0.01718758201943216	-0.04650207749473657	0.01052185653236059	0.009054846034714651	-0.005507343804568147	-0.1188348414397906	0.1099530408705246	-0.2532093190811678
0.625	0.01784420624943445	0.01758180197584261	0.01845798374050186	0.01315723028047497	0.01341909065618846	0.01364173446736294	0.2116371378558286	0.1076901756356824	0.1670386902331674	0.123497090846462	0.01759337439305673	0.01331863830564266	0.01106959305736249	0.01103703099835298	0.01121887476198052	0.01172255294901563	0.01584689605715176	0.01248316599084527	0.0304142726702594	0.01293962846584294	0.01493484730927965	0.01205993063024287	0.0380372660932157	0.03846437956683024	0.0115056768024767	0.01251595968917501	0.01334888471193138	0.01393524793247186	0.05378822821829072	0.04998693580690571	0.06354953668002671	0.01000029546634683	0.01000029534304512	0.01000029507865234	0.01116316925511432	0.01202301180278625	0.01199672855876523	0.01763146769508821	0.01246002999253234	0.01236191548782922	0.01278210304325511	0.01485257818433158	0.0128195815258998	0.9986919216871385	0.4325583983681676	0.01604316912689236	0.9946934873605116	0.8542916827421349	0.5198080012984162	0.4609378383465405	0.2172720528858156	0.04026290547711082	0.9079190352898141	0.731576457489425	0.01066954950326922	0.01104196867453723	0.01187231422353928	0.2592332191545006	0.2625989418844787	0.8246673326807722	0.1524566773674538	0.09078917917993556	0.4581157995249985	0.4404938541420383	0.3935898873685699	0.9718657066640329	0.971061586766376	0.011314807969348	0.03718636268741238	0.4470621184453038	0.3553455920176297	0.2269155373765493	0.1775524306228456	0.1739381619791484	0.9831377442456756	0.8159366766038477	0.2553760470989586	0.2462639207486099	0.4396955015084698	0.4412382158142742	0.4461626753074416	0.5513654823524842	0.5974556294455233	0.522435861159292	0.554450270067515	0.4811537048397669	0.1661160586712178	0.08824141882020524	0.0411129641301449	0.01008760038058142	0.01020234312202294	0.02253046023719509	0.02135310970068532	0.0209783124514284	0.02231019782993967	0.01338018001748061	0.01393100954882255	0.01446699634877561	0.3402450880575545	0.1658178859271994	0.2695718133993261	0.1868681151791943	0.01252464505130919	0.01041091652248208	0.01076534566272753	0.01102743841966668	0.01137103166256188	0.01235822785921455	0.01044563634766866	0.01129340514423179	0.04082503714698285	0.01362422955721725	0.01701418036496904	0.01290912184953501	0.01185785944117841	0.01205599416164184	0.0113027206858018	0.0119227478055836	0.0138211688983296	0.01001829508299519	0.01012171864605587	0.01011637912852802	0.01009309217274887	0.01000021950831259	0.0100002190880646	0.01000021860333436	0.0108345232466316	0.01159498471368785	0.01157122014939027	0.02077492053966361	0.01206546055810651	0.01195625904382336	0.01248987626200202	0.01589369702969313	0.01255006946079682	0.9729835420091896	0.2806588001051657	0.01499755614869744	0.9904660025419201	0.8200277216900789	0.4561664263954567	0.4638570223084903	0.2335828095113101	0.04049546167644597	0.9111465373972761	0.7133253851248503	0.02370884173364262	0.01582037049803754	0.01419241352613086	0.226202079998343	0.2565812365494256	0.8002563276305464	0.121674112024501	0.04462838901550793	0.4511796665685128	0.4347834244922006	0.3851530403178691	0.9497257214981648	0.9484021756232041	0.01245230270663849	0.01321728633956468	0.4320774594789604	0.2361018474480987	0.1770181757866447	0.1284262274190966	0.1205639070543857	0.9680178930944173	0.783853239376326	0.2890241860146228	0.1682010707304131	0.4183640838265756	0.4221923573828423	0.3991144913731827	0.5871867138467153	0.6639358976410868	0.5341682391876351	0.5712209248595315	0.4720285688790172	0.2326594929431435	0.01095565958520155	0.03177263897424715	0.01009490867876533	0.01167204927835758	0.01004934722354405	-0.006930658797819477	0.502447266490229	0.05781679545544633	0.01770748568024067	-0.7010126283457496	-0.7364306737346289	0.2015862770690435	0.09789723290345995	-0.03975196232326344	-0.003329179155633779	0.04101355064333161	-0.01457286015650377	0.0001079245994674113	0.04844169823159504	-0.03566339790430145	0.0432359175986492	-0.008277442449097203	-0.004598152436462998	-0.002782170591938984	-0.006549847475478258	0.2202350981914591	0.07761165531779521	0.04031640644112938
0.65	0.0178813770039859	0.01720832834890797	0.01786686644275909	0.01302953849544693	0.01341714847760713	0.01370953865115941	0.2778176358195045	0.1317105341397259	0.213479420998179	0.156315840247337	0.01171664895331895	0.01663869838872368	0.01397765892129695	0.01323861967253106	0.01238170015411902	0.01191386004605591	0.01028999382368556	0.01232719861334979	0.03514857941018044	0.01270419497920184	0.01441891008080886	0.01214014444422762	0.01047684176233075	0.01047367455054222	0.01348662828453424	0.01253496462821178	0.01314763955922152	0.01004149694965318	0.09429312864265139	0.01026754477954534	0.2271354422023637	0.010000295404569	0.01000029509136227	0.01000029442488248	0.0107115798514068	0.01169531831676413	0.01163331772213985	0.03334931033305544	0.01235446827688123	0.01196090463956906	0.01351641953005071	0.02191604689342875	0.0137724940068585	0.8007510561736871	0.1678597249775829	0.01308034892069197	0.8587746461893774	0.687555864829852	0.3626441340765107	0.4641222007020812	0.241625448089218	0.08808498399234754	0.8990428981525205	0.7012493890866434	0.2265906077171884	0.08649543806412359	0.1541159430689507	0.3171945947134601	0.2873547863403496	0.7450053599082179	0.2959121901452543	0.2427541258989971	0.4499015694708491	0.4294569138671764	0.3989031774056221	0.9668726392968647	0.9662143987980291	0.080110877760488	0.1422462567687433	0.4391042879891023	0.4211532032597418	0.09208441258520049	0.0634054644975133	0.05738591783959989	0.9515918767889067	0.7538791348785775	0.2810018942633905	0.2072794081369149	0.4310778605105967	0.4339669525354966	0.417880303864335	0.5716284268215657	0.6328712115455295	0.5311930518171885	0.5649872323735733	0.4782383700463541	0.1470009755835168	0.01021637399446821	0.02147511704415724	0.07956298835620187	0.03237550725079882	0.20304688082594	0.01144558958462976	0.01094081762598381	0.01072680507663721	0.01223310536201354	0.01211932013113045	0.01199739401175897	0.1161706133111217	0.05088614206222172	0.08059435911581311	0.0689197306380963	0.0138063090653781	0.02541469515483852	0.01739559342777547	0.01543694244392646	0.01331057821968849	0.01110034276380515	0.01477461311579338	0.01448448381088082	0.021767525264866	0.01140259046244855	0.01061121218622498	0.01087251352542333	0.0244438975447272	0.02418213450835183	0.01584977498237051	0.01365341156443744	0.01205469983333638	0.01369235234801678	0.2297837418154996	0.04154793147767324	0.5804188182711584	0.01000044741285444	0.01000044752792109	0.01000044692288918	0.01088101448568772	0.01220918786240441	0.012108335515412	0.04367863090926018	0.01305061329371264	0.01239376554659572	0.01484597290468345	0.02713966024486356	0.01527362527015187	0.4619093203516506	0.01224988877779866	0.01295498327981811	0.6008256028502812	0.4039190141831943	0.1985313398760371	0.4730623969855929	0.280317137761337	0.1488254200889082	0.8618918493458564	0.6547518091199152	0.490065619634418	0.1609287678188869	0.3284938656998938	0.4701704755454013	0.3534733462742533	0.6059141376794707	0.5942273763811056	0.5735997545122203	0.4515292647760382	0.4265053525213757	0.4295370343710305	0.9945075746439952	0.9952064111122455	0.1537789176662502	0.3303192015693453	0.4553788621298588	0.7418760080489774	0.0160255557345229	0.0181319671734061	0.01691634211889956	0.916674707741212	0.6623374727364442	0.2903342309130646	0.2696623960635983	0.4510358979763368	0.4533246148339092	0.4343805677705614	0.5579145933349129	0.6030042186614937	0.5300044250387095	0.556075655025049	0.4877610275263735	0.01021914559765236	0.05980488481836593	0.01587601241926941	0.1560653403791706	0.05184593037963906	0.4746507501000382	-0.01525162412942761	-0.3651596517051294	-0.00111846774267453	0.03352244185287535	-0.02090992361984973	1.201799460072991	-0.09062091666254657	-0.2385753260593966	-0.073889376240639	-0.002878118440304145	0.08606715291845474	-0.02583049901569623	4.099913012858181e-05	-0.1156214038086876	-0.01799802593163751	0.0316062203153655	0.01707495386884083	0.001187820756439849	0.00670326350623957	-0.008239567489931172	0.197838123728231	0.3496466512274072	0.151990064177166
0.675	0.01031980443492045	0.01053579354162092	0.01083737261044191	0.01123153263822401	0.01105997602761249	0.01089527463842044	0.0819115845099756	0.04253935746437879	0.06952765712860566	0.03957562945733115	0.01213291685202591	0.0202630727567831	0.02176237782717329	0.02345555226816141	0.02192593520042189	0.03204914822499436	0.01244195397985101	0.01334199603305679	0.01716831325253174	0.01216632525719271	0.0196424410706182	0.04062087581884089	0.0192207039719944	0.01904837316297156	0.01976132846217912	0.01280291524822597	0.01124237367951837	0.01239948637673165	0.1502416323830496	0.1398918640748383	0.2214159333955175	0.01000029490013538	0.01000029497493509	0.01000029452442117	0.01055669251146757	0.01150680027292456	0.0114241370374326	0.04968832490844078	0.0122140532913902	0.01163139608902224	0.01427975884407817	0.03028494794973511	0.01496416675499006	0.7652830826556017	0.02562001021121077	0.01321000720597224	0.8247422932901181	0.598937407743429	0.2620009457987845	0.4566919358145653	0.1704389346513607	0.04571472759790862	0.9493740924741274	0.7304618856699698	0.1914706616807907	0.05839363223647963	0.1188962803849416	0.2925450105095397	0.2340608458505207	0.7358166867385421	0.3991720508959534	0.3579062497800046	0.440410269465386	0.410797663048396	0.3823859941146178	0.9980874300507221	0.9983551476339664	0.06886500387621994	0.1200141019229638	0.4312043828564028	0.6251704495935873	0.01449393727412362	0.01302240510790531	0.01235932410436397	0.9821675515836301	0.7445597191251441	0.3772686583578136	0.1892534915282487	0.4272376403044364	0.4321444493477728	0.381575291157591	0.5836518716014429	0.6536816015366048	0.537899721904125	0.5687764306876014	0.473085483924192	0.1033028018013412	0.06650523119076297	0.01041191961452586	0.08735125018549862	0.03318811000235149	0.231327797130111	0.01337034717436279	0.01488939414562472	0.01638200038621443	0.01102619740829576	0.01108424220263844	0.01142503217752183	0.03340443821359471	0.03289073298239022	0.04764591265086211	0.01078735229226351	0.01112413285737471	0.01674265737098454	0.02343908684657266	0.02731972291703935	0.02704857234678573	0.04785772018590046	0.01101563810100266	0.01256056432305405	0.01458810592521887	0.01449736525125075	0.02999431127168253	0.06340009018180276	0.0154918962016523	0.0153870903925362	0.02155182882033504	0.01233587169054545	0.0118906793480053	0.01148344844838843	0.1121296245215349	0.2085357601447878	0.01575956502639659	0.01000021863109985	0.01000021868529581	0.01000021828260609	0.01038943546900688	0.0111475873821466	0.01107091649311681	0.05412749861448254	0.01178008468462977	0.01122233858345725	0.01403556522447441	0.03259690572402541	0.01486185082831049	0.8906019715472465	0.0130005559863199	0.01343773008512869	0.9081421959898552	0.6478743591372308	0.2656975259158754	0.4475294845430122	0.1181246733047731	0.01330930727610926	0.9955865007333631	0.7710144752147481	0.01251589709569712	0.01146893798531491	0.0118805415367804	0.1992920648018596	0.1713798897692997	0.7856923146800233	0.3091606300120742	0.2501614592952218	0.4327916222119424	0.3989223948116125	0.3555221683692972	0.9872525594540529	0.9896717591995836	0.01986741864344442	0.01233577661687608	0.4152296983850637	0.6081451212195249	0.01360629310802916	0.01363439972035867	0.01380171862411265	0.9949341759994005	0.7638335749866021	0.4597955321130555	0.1460444885971734	0.4138475827259652	0.4209680407873559	0.3382612237543387	0.6025394195395271	0.6899648796045823	0.5457312968939581	0.5777127655362552	0.4630529941739833	0.1568863648069435	0.1052714222253585	0.01276527553269364	0.0437028490439211	0.02146426054365155	0.07454672604491994	0.00462315550296818	0.3163355315986804	-0.3227139987602246	0.02703818705238453	1.942928633374114	-0.2749628884048415	-0.550190420829598	0.1222118336742542	0.1170333926881398	-0.03718552530532672	0.1556241786037121	-0.02799625292501422	0.0002577799652065537	0.1038185110195087	-0.02503513981464957	0.03302113560955762	-0.0334481359829187	-0.001608385938510847	-0.001578216216227365	-0.009089292726644332	-0.1088188110588964	-0.1514810112301715	-0.006975296041753225
0.7	0.04703139402250694	0.05706172125838912	0.0670612631078995	0.01400190501822317	0.01642281040735747	0.02164013539195582	0.108157484836178	0.07324541400809859	0.123376327081369	0.01110214201555307	0.01043396919865592	0.01133870251169977	0.01722428222987459	0.02237986096647351	0.03050022785397175	0.08246777054025532	0.01021025274381335	0.01134956759843186	0.01575341056845454	0.03216523874848367	0.07873440960390474	0.1111433724020344	0.01008698898585616	0.01008775167418384	0.01861260569956778	0.01241611367805378	0.02183513915184815	0.01007599064794479	0.1629661251598449	0.2013920395398796	0.08813024081688021	0.01000029467999102	0.01000029481830541	0.01000029410113065	0.01047724518972558	0.0113925885681407	0.01127431991780865	0.06036989048817516	0.01202982576538803	0.01128933345151761	0.01479107881268769	0.03746981900801047	0.01566694778276424	0.7289658899038917	0.02755861687232126	0.01425108025638571	0.7694909163405954	0.5738936127345965	0.2946680445735	0.4670150754917022	0.2657560276838457	0.2159029630684559	0.8358560729210164	0.6726772121615164	0.01108309401640122	0.09361890995975163	0.1078437313276159	0.3031309272328153	0.2844560306449645	0.6829636213296754	0.336581685555188	0.2884879488743275	0.4486687159105801	0.4258165810845473	0.3949550921412158	0.856953184225976	0.8667437546835445	0.01135804869469919	0.1092838748194772	0.4251688599284554	0.4660811619501341	0.06708360839484764	0.06499110620154114	0.06552797739755041	0.8057878107161524	0.656550363583183	0.4260141690889288	0.1873914391138702	0.426588207179811	0.43260993717652	0.3519767073375847	0.5878624514744254	0.6610132231138152	0.5438821586531125	0.5739520685215506	0.4690507144646566	0.2461398714332429	0.3961025422288434	0.06190753720859199	0.01003999630572017	0.01012397842781472	0.01004800141987126	0.07743140780810714	0.09596674151160581	0.1146430180829734	0.01676314366996481	0.02116891343006366	0.0306660226011272	0.1937043620998956	0.108110422288714	0.2019909159791043	0.01452782468078887	0.01088272095256968	0.01027970299935607	0.01097689211417945	0.01562852553850809	0.03068369971279425	0.1090019266419394	0.01130656423427202	0.01117318702929377	0.01598317612686661	0.04753169036379937	0.122802415883043	0.1498196391200501	0.01023900576213864	0.01024542944296002	0.01514557846376025	0.01302599728152887	0.0306529794509883	0.0101098171909374	0.2708824665057014	0.1708890031227487	0.2596605319197056	0.01000044690796405	0.01000044722379722	0.010000446195115	0.01070495369567122	0.01196371073353631	0.011794981096199	0.06643051938794041	0.01269150137166783	0.01171189928838828	0.01592846782037455	0.04191054547329295	0.01679335222405482	0.3923153950609351	0.02611454245634296	0.01483321296500073	0.4803479866923313	0.3960750166959463	0.3063453784825978	0.5009891788315777	0.5011644517135739	0.5235461935206528	0.5378479704886596	0.4918253222849999	0.08008431030116529	0.2269486772093787	0.2916070099678897	0.4969413024569039	0.4748858293927478	0.4777323431834684	0.4389667760080702	0.417110498464267	0.4750483563598644	0.4691164850991527	0.4644474588868185	0.6097389533600017	0.6344635592532504	0.03891670163684556	0.2977636168343846	0.4438540569014683	0.2875883596938835	0.1097837011908707	0.1094039025297671	0.1106017139144191	0.4421482911786868	0.4454520008132128	0.3710336161719132	0.265450070614613	0.450869149124542	0.4551059406928706	0.3763674942680597	0.5623521790462396	0.610173594142618	0.5416224141396194	0.5670728077325538	0.4801024015245217	0.3089209873303913	0.8405004738589288	0.1101189358491009	0.01007043700437319	0.01013933368323946	0.0103344799021396	-0.006531287279463317	0.4778804577623313	0.4387994224469249	-0.408891752306404	-3.500121660411008	-0.6470941443785893	0.8274358752742491	-0.7647083512971975	0.0238276366627371	-0.02040257066204863	0.1820545736037882	-0.03091791106912003	-8.903218969846063e-05	-0.1366254634553912	-0.05444998551916984	0.02234010649930114	0.006825281157502787	0.007308280224378337	0.008567753240779455	-0.01247981506861372	0.6935137506987721	0.6304574263146656	-0.0067234502477727
0.7250000000000001	0.05012840133823885	0.06026370591415992	0.07176448241260187	0.01442729677130055	0.01678384497657726	0.0219377526378629	0.1290339363170162	0.07071779473553698	0.1324337081613524	0.01545268069942175	0.01096847290251749	0.01045653865399341	0.01105998691451711	0.01324079546936702	0.02013828708698961	0.0672161753028554	0.01102614471588307	0.01124447548616893	0.01361563365487913	0.03044028998985713	0.07581355613770797	0.09401862501831951	0.01027424054138387	0.01027997906576994	0.01320753765146021	0.01235731626964912	0.02196110151721255	0.01016513174971146	0.524998011851467	0.5081354939091214	0.559759944448057	0.0100002946443104	0.01000029483061568	0.01000029401744468	0.01044823737556419	0.01134443003865692	0.01120477354264366	0.06453661049956715	0.01185062460281905	0.01109346921573958	0.01521738136432242	0.03958476495244186	0.01630243621738289	0.577154626763108	0.0137836400492385	0.0142372934031051	0.6459240053833707	0.4723291312922824	0.2473256354497458	0.4709102235834854	0.2926377016208959	0.2887723497584433	0.8337967440450604	0.6842314792757457	0.5083548014929546	0.2226089340659111	0.2476429964832876	0.3566448852696975	0.2276157167923468	0.6225504020934062	0.5011928275441622	0.4714755842325056	0.440620112331756	0.4069569342478598	0.3873430329966255	0.85082485900174	0.8605768702276596	0.1540794718782977	0.2731024651508317	0.4147548374859865	0.5078460409617309	0.04755382197783963	0.04711784184235858	0.04700911744682579	0.7007506010724955	0.5759304548498508	0.4199752352586836	0.1798543730757061	0.4261992729693165	0.4335410191378023	0.3225007521331166	0.5817466430498519	0.6508053560002661	0.5481530372475648	0.5787866432204808	0.4653042599248218	0.1223872344157884	0.3727551584837482	0.05555371706392177	0.1229532710127753	0.01124252396930604	0.08448521381627529	0.03341413264754952	0.03825393662199876	0.0450421278617857	0.01304353434876488	0.01414422736702407	0.01662170220708072	0.0939450286574139	0.0503572433644666	0.09397913715443423	0.01608177499292404	0.01101150265039861	0.01063012826838728	0.0114184725687909	0.01234072723757938	0.01463207930249079	0.04339608507636394	0.0108336408744005	0.01135432505071813	0.01263959465361332	0.02037555434418592	0.0480098091039246	0.06106311629510555	0.01029314246836755	0.01029815952424264	0.01230517535172831	0.01201969643443956	0.01663455885739901	0.01019065148098805	0.8184969776474738	0.8524237671833935	0.9012285340504296	0.01000021852306114	0.01000021863749656	0.0100002179290317	0.01033552764806192	0.01105512282592611	0.01092494536862989	0.06323138682676237	0.01139947616215118	0.01076248125720146	0.01478895169146069	0.03794063806561236	0.01599638575812971	0.6144016166295411	0.01317609422089979	0.0139344163627021	0.6812444527451387	0.4821254929049094	0.2192248152223591	0.4540945871143117	0.1536436480235917	0.1346428486149315	0.9970862085725262	0.8084321761007066	0.9299213257636884	0.2180037122905604	0.2160087934221271	0.2779500897719299	0.06404542620244154	0.6820365037099633	0.601945743161565	0.5612477587120972	0.417440737241967	0.3611376715169682	0.3178255444124364	0.9969899290948101	0.9974855354628894	0.2352745611013185	0.2792991115803621	0.3951925603997123	0.6874470013300257	0.01266609291137943	0.01226186442766082	0.01152158802318128	0.7786593883030085	0.6043657038049524	0.4356822389175648	0.1336043158013522	0.41355522911772	0.4231206955194646	0.2944300498742269	0.5849504739836372	0.6598999084163377	0.5528621502187326	0.5888561035943958	0.4576123090154142	0.01065510421451531	0.06475474306155202	0.02334649624880684	0.2002221745767558	0.01978701044134194	0.1276238190501168	0.003491871743988135	0.3776035158026796	-0.5315295773755122	-0.3301880892133957	0.3228393859230003	-0.9177144442458277	-0.1884465841575307	-0.1906515256981679	-0.05982035364432853	-0.0245275885229544	0.2181084691001989	-0.02323378401669757	-0.0002771871518679764	0.07304278564897174	0.0318993329979395	0.0171587436779914	-0.007677382656182526	-0.002805737010703019	-0.006040522968154527	-0.01343274422362687	0.01956265028175609	-0.009738597896693313	-0.2332520120961049
0.75	0.02198072947417643	0.02291665080120557	0.02538738601859469	0.01228760256941956	0.01230299025718054	0.01247184615707592	0.1028179507916121	0.05691484709092046	0.1017960823664466	0.01798167417441025	0.01106193724272597	0.011194299380702	0.0138372727542588	0.01581338304729921	0.01730189022909008	0.04473012604339083	0.0106316016637908	0.0119935905554349	0.01544669392401735	0.01549737577800281	0.03910262052165106	0.05857462192883344	0.01032034369490874	0.0103230339362555	0.01340499444786044	0.01231421244026208	0.0121805874541663	0.01015865092144484	0.762511763257729	0.7995552578855414	0.8284170831432427	0.01000029474751241	0.01000029486871174	0.0100002940070527	0.01060507892660754	0.0115464054309139	0.01135086229528612	0.05969992649060761	0.01150436921541923	0.01083524928743569	0.01452857228432216	0.03467865142486563	0.01575731577740636	0.679468247866958	0.06925155893164085	0.01418457794729301	0.7171073502091411	0.5607128722242671	0.3303714958437122	0.4528502562521745	0.06241450426372231	0.0446242920779951	0.9210319745391312	0.8045433347207021	0.7575964323975711	0.1253942520275387	0.1147913217858698	0.2400169384509415	0.01256712156343519	0.7100579203777124	0.5616414400742377	0.4891082091703973	0.4232086099003373	0.3581583574112588	0.2187705717353624	0.9984289174457506	0.9986698906716096	0.2163677607758241	0.2949084739567109	0.4067323161017656	0.8000273631543666	0.01039513525295348	0.01036673416557249	0.01026120118192471	0.7137496353557476	0.5839448366556808	0.3825596962020601	0.1634027491074259	0.4253330535195504	0.4338185182673633	0.3680895792852197	0.5613707661090058	0.6170274602103437	0.5462426254938432	0.5901703150994922	0.4717156012039406	0.05207229906353599	0.0108066757046262	0.01064188584233841	0.1929878853429397	0.0939779529411454	0.09307617694046914	0.0258512273132195	0.02665226924189436	0.02788698718041778	0.01304741205656369	0.01324282582757118	0.01371176446510008	0.1434357925843736	0.08091857422377416	0.1403053642389247	0.02005410981647012	0.01116973350958458	0.01139001063337265	0.01461832926638822	0.01835192094278735	0.0233977492432992	0.0631766708273854	0.01079239377598946	0.01247941526840731	0.01877707530115031	0.01991676293354043	0.05169010496580499	0.07766476244460747	0.01036328943409079	0.01036543892677183	0.0143501048274233	0.01293610590147304	0.013100899367756	0.0101185738057348	0.7302602527291819	0.7318090905529034	0.8064811543790409	0.01000044708280861	0.01000044729412983	0.0100004461576758	0.0109766033292144	0.01231151257888891	0.01203862128761893	0.05794051364306807	0.01203591404172157	0.01120920992375296	0.01479485072943563	0.03333070357264083	0.01595901332955652	0.7408475432771352	0.1286999944909951	0.01473679263153694	0.7354052504214156	0.6657590646739612	0.5070368772362074	0.4558503552232481	0.01224499435052118	0.01259873765402609	0.7646306588335817	0.7915734495820261	0.5079404576783034	0.04493258275988415	0.03965887539694501	0.225527909405141	0.01234529023083001	0.7342976536490178	0.5261678751305356	0.403615921031787	0.436319085500251	0.360249283044338	0.09418729559902825	0.9962878763022047	0.9964860182713878	0.1656602345149735	0.3660676460234005	0.42841995138316	0.9967947847793763	0.03431271454188398	0.03499807299667546	0.03592605007686863	0.5408862295931902	0.5114998255005702	0.2870744746194223	0.2295325508230746	0.4489386478928588	0.4554304060450933	0.4909625028963705	0.5149591104292522	0.5310686627580202	0.5348835501374559	0.5930582554981798	0.4971429227321289	0.1429972948298998	0.01012643165738646	0.02375410959893902	0.1460102080051232	0.16943934420272	0.03198353557034449	-0.006617068257047961	0.06461487205660578	0.8324055021923213	0.3404672011526547	2.313072348019962	0.2733399769485181	-0.9234369586531579	-0.1480915239356669	0.1050655600102601	0.02785512806958491	0.2154263736026236	0.008107815846030975	0.0001737443966132114	-0.01589222330673454	-0.1000268600532821	0.006270040518707419	-0.09401613104095663	0.0078077225379954	0.01513759500531824	-0.01563371292667483	-0.1093839787356311	0.03045010098893789	0.5277162917507363
0.7750000000000001	0.09346532792697733	0.08208375807484336	0.08643802390119268	0.02347894090142394	0.02863382157744936	0.03585626456200058	0.09689622274081124	0.05144666002016514	0.1072496734847526	0.0134805296570381	0.01072373323836683	0.01061521994771546	0.01190616326139575	0.013674051950063	0.01700378718831496	0.0650235472558793	0.01089496831015679	0.01131725012074794	0.01346152901605841	0.03723505909879406	0.08287697583469657	0.08438599220153321	0.010198511548934	0.01020082399694863	0.01217589059125544	0.01205665493635159	0.02905261050246613	0.01034484593080208	0.8699232363892039	0.8795338559574856	0.9066121880307133	0.01000029440070123	0.01000029471417392	0.01000029412591726	0.01073775821179212	0.01175226812204559	0.01152238367273305	0.04701655200076353	0.01143611976059241	0.01082899339634413	0.01357731037921987	0.02602958690816664	0.01461363363087148	0.7336716931139671	0.2518061293249858	0.03660924949187565	0.6327044095602992	0.5440098159412489	0.4055607115494252	0.4813379603990741	0.4985628780482222	0.4723332912878574	0.7569276410732854	0.5838754369101165	0.4906637371062976	0.3209841240948968	0.3232017102206103	0.4155455961515972	0.4683192451572453	0.5528752946787729	0.4877282960698158	0.4965200092696193	0.458731654960512	0.4430418844662982	0.5253678299761325	0.546926003991323	0.5422179930262174	0.177787778925409	0.3482148610273081	0.4122964763675829	0.5230174713353943	0.04506766006105644	0.04190483615430954	0.03246570003685419	0.5485747966153719	0.5066663181219959	0.3475499555984579	0.1335154041218039	0.4173666015599743	0.4299525566958644	0.3664808901163544	0.5444653998958369	0.592746222839911	0.5420522007077362	0.5933897345104084	0.4730738153760048	0.1814927100425961	0.5071150379167636	0.04807348447320293	0.06375929564406242	0.06750242077200305	0.01005761263681733	0.1385421012750933	0.1184933999335368	0.1255051355640961	0.02927397418142478	0.03749691475906902	0.04907484072882239	0.0753187744529653	0.03801649014130896	0.09326907107217605	0.01016577894966336	0.01049184421352552	0.010198536337685	0.01043892830915965	0.01111363155128988	0.01337071812141291	0.06688246407650707	0.01092907410341888	0.01070208031839942	0.01063004162257005	0.04784528943065019	0.1039298275458014	0.08988107617138899	0.0101090510465878	0.01011141865639549	0.01103291689832688	0.01161958605771899	0.03867612251982543	0.01044923999964406	0.9997367132689517	0.9997570504006555	0.9998272943823974	0.01000021809766376	0.01000021844195291	0.01000021816854923	0.01078746703922282	0.01153522744589997	0.01132664039248288	0.0391139983001941	0.01114532655981567	0.01065698025858565	0.01289631142276646	0.02132547471468016	0.01383764951669608	0.7426329948630278	0.3724086177507935	0.06920000503116043	0.5234403874308967	0.4647538614663773	0.3759532013207598	0.5079986548918252	0.9686806569900398	0.8966382860314581	0.6531233382212533	0.3584152419464822	0.3437305501292428	0.5508790977325043	0.5587500772307422	0.5855580402408656	0.8896605295133378	0.3781222363622237	0.4324101944655137	0.5498206202550721	0.4869780704247975	0.5201249335783754	0.8871785523305242	0.09338229226412349	0.08285719899142215	0.1853477021305106	0.3623248234867169	0.4109721333309523	0.1003852783519018	0.05568088673891865	0.04997789915849674	0.0343226668746678	0.4675563236456108	0.4674861168222346	0.3581458226214216	0.07783103727198648	0.3971031730332886	0.4143408542130663	0.302508885481287	0.5522834352571175	0.6139199680344055	0.5421918684913154	0.5923876617604547	0.4614950325501531	0.2004161155699112	0.9699479081536342	0.05974998072700961	0.01003193857711366	0.01029358755303262	0.0101281600063297	0.004051599931042905	0.426738433839104	-0.09967565080858573	-0.1713696578396801	-0.07190683708770013	-0.3761862379162831	-0.04660352778047203	-0.3454057367408059	-0.06777567751511493	0.03529226308380713	0.1511544765105564	0.03173295744379002	0.0001002071670421592	0.08037860421815284	0.01727514778486339	-0.004906087314757475	0.001395338081385425	0.0007620997201767436	-0.005542404588262159	-0.01416071771375505	0.1127250845280336	0.1594604579763425	-0.04511634201310895
0.8	0.1450495069303963	0.1264521548230453	0.1357099768165894	0.02949158809607019	0.03953822218397823	0.05397207212859413	0.1147153749066396	0.06444028748335147	0.1265568716826554	0.01234608673480995	0.01057397952347347	0.01021258255449462	0.01044685994373447	0.01105988741991791	0.01253576193853905	0.06848582196163179	0.01076198452090678	0.01085143495626765	0.01133846691826823	0.05402333606977712	0.1101512660564541	0.09184934487230477	0.0101040268320775	0.0101060040378576	0.01140156720464241	0.01204232784710797	0.0445883137520347	0.01029751611623009	0.9040874904168442	0.9127086109870398	0.9279113885506743	0.01000029473312695	0.01000029487075266	0.01000029475258926	0.01250931077400917	0.01243266562033807	0.01219541467736496	0.0274968272966347	0.01151874824603452	0.01101502926326147	0.01270124229798271	0.01592101346563638	0.01341393285534431	0.6681376920108391	0.4349415879418144	0.2444518506713023	0.5288158426582744	0.4823848001357358	0.4147479006883303	0.4974632433372487	0.7598486482905872	0.6252369084432531	0.6576071716999679	0.4569972458478098	0.3757164025392396	0.491812371480764	0.4792265633609444	0.4922840172483495	0.620806922689155	0.4599786619342673	0.4526287031596803	0.5189413891012863	0.480359885480303	0.469862717477456	0.5724985731775499	0.3769839309038222	0.3617286410069352	0.2480519083487104	0.400521152286532	0.4406649734416168	0.1253018461185392	0.09677563594775777	0.08934281543009599	0.07275736598649048	0.4926284189958594	0.4828129413474161	0.3031627279326027	0.09253589850345388	0.4075554357770194	0.4213972766324566	0.3626404698689717	0.5463960523752297	0.6005190111487629	0.5328887518209674	0.5796599256369849	0.4728660916429685	0.1047103921874693	0.6382330774917369	0.03927053222752315	0.04974292510085213	0.01015865465363389	0.1639784930238258	0.1297386883977091	0.1164696010913084	0.1270271374634	0.02608543247540174	0.03603840144116509	0.05082317554183274	0.1789892296527698	0.1049349935057418	0.1803810970916093	0.01695790215115657	0.01082742505300439	0.01054435482410509	0.01158866996590898	0.01320519701006615	0.01531904777240376	0.07304816045287685	0.01061609405634643	0.01149915710860168	0.01453092238258511	0.05461676850259883	0.108904038658411	0.09531030677904882	0.01016809206012618	0.01016956157316456	0.01269569275040109	0.01285251492045712	0.04446227126660933	0.01007868265386073	0.7542881754736873	0.7694398534258072	0.8148435361421715	0.01000044759331124	0.01000044753658964	0.01000044729562659	0.01415456114327831	0.01356756440870185	0.01327346192701359	0.0203443821654536	0.01216719425783917	0.01153795852582183	0.01302470182590834	0.01348902398859749	0.01357118842503462	0.5450161713525016	0.5287306164122251	0.4586114928844421	0.5175506603371229	0.5198292927309254	0.5150813039653238	0.4827759501234877	0.3930254208134129	0.1433127325324313	0.6068915268929433	0.5764412794393149	0.3671958256199152	0.3390615996905175	0.2932903645972546	0.3317846164470845	0.154080145286192	0.5717402630684474	0.4734512514293401	0.4540673275768024	0.4741781027069427	0.3896998583931194	0.01266317334428338	0.7416783871784101	0.7147852505198035	0.3227473963202785	0.4771650102391706	0.4944229454312831	0.1295654738051059	0.1415138414051303	0.1332632903154326	0.1183923882140882	0.4904422980651333	0.4900323260643861	0.2022545663520451	0.1409462477835427	0.4283709217592459	0.4364092509182023	0.4820755472259436	0.528061529003586	0.5634526696474892	0.5143198957866247	0.5572342810795362	0.4960966106915076	0.01017666468771728	0.07083285712317494	0.01493586364180255	0.1108899602053508	0.04927257551530829	0.3412600361995137	-0.0004430464146565281	-0.5865968766126263	-0.8814127250698977	-0.1485561636581624	-3.50555671280916	0.2866501750975765	0.9802696025320621	-0.5892817857602737	-0.2910465888261713	0.06888314195231147	0.08479390184697289	0.05107740413495501	0.0003680457905398169	-0.1688940866050347	-0.02243383265555266	0.00267743926286053	-0.002365760319696336	0.002659370458360075	0.0101879199873453	-0.01088218151877407	0.359884111911709	0.2178136597362291	-0.2542904751166979
0.825	0.1064338593433941	0.08557275046319548	0.08789603104708496	0.02391152955816472	0.02944201803555613	0.03768378915416876	0.08242166977311577	0.05003610527068482	0.08435977782086518	0.01266581295573186	0.01095802271036629	0.01041641371566733	0.01097376012741944	0.0119763729977834	0.01312033655274584	0.04073761555663787	0.01179099443689639	0.01121741961739245	0.01231490106820354	0.03349588325029781	0.06494961116443998	0.05227045356788081	0.01022196829147098	0.01022613348641279	0.01160300238651562	0.01202089616804512	0.0300379030585302	0.01000848988794119	0.9261116796441008	0.9325504860437344	0.9490340909805447	0.01000029489450149	0.01000029495054998	0.01000029492610114	0.02388399064050538	0.01333540418365911	0.01315884175766616	0.01494555617263072	0.01150666705979499	0.01105582121659409	0.01210960733947682	0.01197648139534768	0.0124969546005369	0.5655848716358379	0.4723840365888177	0.439661653540321	0.5378522693963388	0.5315930867415034	0.5115150129867827	0.477904226589519	0.3915928691950595	0.3568517812539987	0.6948990426965109	0.601326301036784	0.4600680765716061	0.3463229989706324	0.3016316106924443	0.3005320587092938	0.1624938638353029	0.5594549916909525	0.4847373075959888	0.4860850521268192	0.4709091668443179	0.4605818505752507	0.1245909500849851	0.7308948456928117	0.7443023814550651	0.400983065334369	0.4738206472894957	0.4822008627293211	0.4877948552394114	0.06131989203220174	0.05826552544128834	0.05151729869963004	0.4834872738352838	0.4806551057840187	0.1764749939532429	0.0760369460106855	0.3836984647835632	0.3954722333743182	0.4872763043444394	0.5389440108575726	0.5886920695798943	0.5267227735103545	0.6018960632085711	0.4935463679273497	0.0987845103245983	0.1185266829071078	0.01230054230356573	0.1151662093414337	0.03730015438955265	0.1321981524381347	0.09074637696028916	0.0655857078512142	0.06203730623042287	0.02351213160099055	0.02650052197466759	0.03078160547904977	0.02541060942617259	0.01847498151285227	0.02690579306023609	0.01038458767419545	0.01114373320643174	0.01033574399776904	0.01059698090823526	0.01123411546424839	0.01180776507279959	0.02102633354138273	0.01307779478335916	0.01105773211728722	0.01103472909374991	0.02099260491023674	0.03636892850954371	0.02507003279443372	0.01025994323521066	0.01026557375117871	0.01096718107859614	0.01158906837902594	0.02224500079856004	0.01	0.9991175626779075	0.9991887453533369	0.9994316701280377	0.01000021858442169	0.01000021867591695	0.01000021881452363	0.03075688678408668	0.01335384855613838	0.01327626006811056	0.01188884607696911	0.01119183515027562	0.01085773343970537	0.01161327823141611	0.01117508108125661	0.01190311888437302	0.5357063013605775	0.4670563703421646	0.4910076175279848	0.5540768923293293	0.5610365777503857	0.5495468902271614	0.4678569004012935	0.2399058326994685	0.3474987488070554	0.7594453425085069	0.6732245864761507	0.5310443980784956	0.2929146513812527	0.242632651732081	0.2195572337604064	0.02735982170906539	0.5928459232136527	0.5013718256563126	0.4888210987322885	0.4655935415827936	0.4894438342346351	0.0411107230267496	0.8440251201550738	0.8909784823287362	0.4919327997667632	0.5003059391794863	0.4919642885744613	0.8137057639002017	0.01922322906353392	0.01837818840851679	0.01611746616118516	0.4755663061088941	0.4747162271285844	0.1252880985462488	0.0469758832141983	0.3540273446200462	0.3658442742675698	0.5449908148617942	0.5392923138023235	0.5911410322167172	0.5299608120694076	0.6355933005225828	0.5021572928682778	0.1491930611726772	0.01088890009836591	0.01057078064871199	0.1197566147380985	0.02878179594217229	0.01067904783137002	0.0002647136192794979	-0.4100891908814219	0.1754172888549207	0.07658105013866071	1.321648243604838	0.2662332764802338	-0.2754564222534812	-0.2737989409933162	-0.0288762284392311	0.03797706461424872	-0.001093933329424535	0.0715267328084358	0.0005760122086395856	0.07499337252672988	0.006621270895650917	0.0007986295212858645	-0.00238904575442189	0.0017514205684884	-0.003107527334671865	-0.005350946549104144	-0.1700090709104836	-0.09956928873459076	0.1115203430373153
0.8500000000000001	0.1076902819852032	0.07505580284347188	0.06773893474904052	0.03100827546716635	0.03402668484296177	0.0376542527184223	0.01206742303640413	0.01112358900533859	0.01336410809440222	0.01133576687695392	0.0122676972082033	0.0102794673237448	0.01035146826642128	0.01082385500475835	0.01103170201453889	0.01096780631147388	0.01916601974975382	0.01108577033263932	0.0107270530572329	0.01681473065634792	0.0258358231665689	0.01088883834361966	0.01035680357940012	0.01036256115243169	0.01071504940933285	0.0118524722660231	0.02543219261468972	0.01029565255910418	0.8066423050428437	0.8084511304132881	0.8127206259247074	0.0100002953300411	0.01000029515494905	0.01000029571431631	0.04426812917823342	0.01485830065880566	0.01510620355967122	0.01100472983243533	0.01166414525066423	0.01150704278027345	0.011615123825503	0.01103129927129379	0.01177161423424562	0.5979789465716262	0.5273874188217671	0.5047099922894424	0.5504403719800803	0.5522852270699381	0.5337539163034462	0.478281575302774	0.408182018648848	0.3900137198694097	0.710453448439481	0.6053700413438928	0.4177926696127183	0.3210131910840109	0.2924862177156369	0.2948711595481769	0.2163132054071058	0.5624822480371761	0.4771166880196983	0.4874889764219128	0.4707502996234438	0.4455019712056246	0.2147945853249839	0.6637710959304998	0.6821976412435236	0.4331599583088359	0.4846940919068685	0.4845598197585638	0.5440560589896625	0.04533810222065433	0.03733110144405927	0.03195883721661864	0.4786495950820585	0.478342320548909	0.1053904616922924	0.1097976440790555	0.3868004843060484	0.3931902735498999	0.5546085871869719	0.528283509828458	0.5624345676536677	0.5245570648084212	0.6100273024094153	0.5038793159133782	0.1643855607464169	0.3751093830727308	0.01223183401134297	0.1155575783577357	0.02220949975098762	0.01005592301860655	0.1313401207282532	0.09316958246040354	0.08447867880509043	0.03789937389173699	0.04259329936697034	0.04804415793403127	0.034375565808732	0.02802321317402036	0.03357937949951195	0.0146813708272438	0.01324037354365501	0.0103478168106085	0.01060455313521764	0.01136714772280773	0.01173578962915492	0.01340401361911713	0.02403046211540194	0.01134848978365281	0.01193258341206332	0.02038128563498571	0.02967949802780426	0.01238856557048858	0.01043396026027657	0.01043874992600231	0.0111647137955562	0.01254837013186646	0.03328839686356105	0.01053243138098978	0.4326035596635102	0.437015596156287	0.4498159222107344	0.0100004484020898	0.01000044791707355	0.01000044873237291	0.0535967800368767	0.01648470944603068	0.01696139486802874	0.01081214772142058	0.01244419391912367	0.01234846061572435	0.01201302207857245	0.01095266961561823	0.01207668731341293	0.6805136582039799	0.6516170576653366	0.5851172256005168	0.5443006814365782	0.5490602427412244	0.5327742106070225	0.4920833165657036	0.6135490755356233	0.3748127333685387	0.6251738065565215	0.5227434310052812	0.2339872329739759	0.3390078159011028	0.3401106466300561	0.3866681994470212	0.4477005766362004	0.5379508089911577	0.4417786278502187	0.4727754507659293	0.4777511026143949	0.3583555063481693	0.4030174945446651	0.4463223268736364	0.4179960998967588	0.3544297869482622	0.4768543900468571	0.4840144401328842	0.09231198201759985	0.1018301131814199	0.08499794412503994	0.07505029662692883	0.4825972964331672	0.4853234477334327	0.08160215772405781	0.2073500353387631	0.4432197245764015	0.4395854166354335	0.6051538238527246	0.5054128676744263	0.5044629641140843	0.5118937789518554	0.5660172470856941	0.5126177774593529	0.1356541867451402	0.9034260092836935	0.01038727817352972	0.1226614469033376	0.0290060510022701	0.07239709102950391	0.0002594114226111001	1.065876237179751	0.3809918635655369	0.2698300081524223	1.317955879274768	0.6698918610961866	0.1901848700552491	0.09731391345564071	-0.4002284899373595	0.04928616388593191	-0.09973005987106046	0.08548187262078297	0.0005334240230530273	-0.1250253511587584	-0.02472489626888151	-0.006211969947290729	-0.00314331445393335	0.0002806113599943034	0.003038771034358809	-0.002198169689206086	0.5668345150247603	0.3380562566242356	0.2047629239784875
0.875	0.1229056637696742	0.09266821970897525	0.08560265443695289	0.03428392199825175	0.03882231092240582	0.04394699115851464	0.06096971553554134	0.04151666068683259	0.06394042395531122	0.01381397179451466	0.0114496623473578	0.01021076517499799	0.01040058905367704	0.01111469698307864	0.01162629521470197	0.01930344621378626	0.01548134192557157	0.01083446486607242	0.0111969876702082	0.02103354827897997	0.03521710155211664	0.02147599919400224	0.01018967726030933	0.01019137583885794	0.01079849370656658	0.01180523348248768	0.03126624218703945	0.01023568168383841	0.6200741000386217	0.6213494489008637	0.6334524732673337	0.01000029544511975	0.01000029521124601	0.01000029586845589	0.06238492086199346	0.01707398277249422	0.01837453896764746	0.01051851739155843	0.01180229538856237	0.01201518010778308	0.01138339382843698	0.01063146720377133	0.01141688882368801	0.4911414332162572	0.4860595079435877	0.4879760954480821	0.5140221037250685	0.5196632526238345	0.5123435570669765	0.4779727647563071	0.4159339639383339	0.284955029775017	0.6916584734913948	0.5954614279081351	0.3788530570138414	0.3418953315293949	0.3169631111105348	0.3114215578590314	0.1600377910416156	0.5615400074242002	0.4678483736958036	0.4827487641508851	0.471350794563869	0.4133796981255755	0.1370887663077067	0.6154831052935998	0.625241474384406	0.4378812897167944	0.4922271280150139	0.492736826444914	0.4162691179855798	0.07429271984999332	0.07723831441488378	0.06081886975080054	0.4710493492380798	0.4744808687805565	0.06844778039251324	0.1879313687159168	0.4222055296800426	0.4149656847960299	0.6586821494137219	0.4686652137932647	0.4297646746373119	0.5130345533091394	0.601512873011974	0.5170324304343934	0.05476514160130381	0.330748926286909	0.0161177373838282	0.08938269172312102	0.02282127259802373	0.2588706905725685	0.1173140862242352	0.09138800780727492	0.08485404373317869	0.03211989542668374	0.03636002365283477	0.04092103279399586	0.07310461358437578	0.04687517138554308	0.07830799566910064	0.01308798952336229	0.01064156974800461	0.0101465866401839	0.01029589752464131	0.01100056500218183	0.01157885818913273	0.02197564871608154	0.01137709350359001	0.01059182960768129	0.01081135387608912	0.0209100937102761	0.03709124436669294	0.02579419923717615	0.01009316921428072	0.01009304879316754	0.01060753875867857	0.0114337017734898	0.02937616786208618	0.01013289987788181	0.5855376008468205	0.5835779054266532	0.5986484396680694	0.01000021901897105	0.01000021888205878	0.01000021950272873	0.06892643823364755	0.01752088064916199	0.0193973042694679	0.01036278627727642	0.01151230524252929	0.01202346946115088	0.01104383078314168	0.01045982354598634	0.01105990117749127	0.3511890795443957	0.3923080051543538	0.4453368813739849	0.482193422844126	0.4913153175565635	0.4957233677829849	0.4708626509926906	0.3191675513183196	0.2242619584590487	0.7125218745872751	0.6256869281548787	0.424373042851651	0.3463927067860288	0.312154063146232	0.278253520929834	0.01752441350503456	0.5724508192374175	0.4752449113426813	0.484989641478461	0.4697271202107136	0.4382784021164235	0.01332700088164996	0.6587945488167052	0.6838964029060474	0.4881311583213376	0.5048659902262991	0.5023825106492903	0.511143640785953	0.06215989776568121	0.07651453326995648	0.05366795243713042	0.4612067752908387	0.4670749762564221	0.05830048007588474	0.2005366574166235	0.4278230007605866	0.4132507206061394	0.7389373171945848	0.4191467246972674	0.3253910148626071	0.5079891898702791	0.6146906461474172	0.5253238878897031	0.0113345050329034	0.01038202300898465	0.01989518262171974	0.0640984165299804	0.01870478152693543	0.390618292153791	0.000177073470100569	-0.6552229630606	-0.3794390559292133	0.04836615896940207	1.010469253596905	0.2380498240207844	-0.3525321050808625	-0.3587886481020131	-0.1821034690599846	0.03574316523588936	-0.1853327072220521	0.08625095290667628	0.0007190709253193714	0.05290967344710762	0.006390370222762735	0.007592368547130361	-0.001412722372191681	0.0005606093289985841	-0.0006204775184612729	-0.0005172638707642019	-0.1925005108384673	-0.1398185565751634	0.09054278259798916
0.9	0.1005561134402694	0.07454950366121614	0.0657023993384868	0.03069468011728367	0.03292573233940334	0.03395170810566659	0.04323969871605359	0.02835189749257569	0.04641516480997792	0.01125022531529508	0.01221067239726665	0.0102437372993919	0.01038117121328553	0.0112894199372893	0.01180151902627716	0.01725615785150944	0.01662090255563815	0.01094014425962773	0.0110965543738188	0.01684765542765578	0.0257145822008675	0.01976215178057163	0.01042568186314183	0.01042384266263339	0.01073189122955374	0.01179797023961258	0.02269729079200297	0.01063467333312268	0.4295377073775837	0.4231998617011445	0.4342345760105308	0.01000029600719885	0.01000029546678293	0.01000029658126717	0.07628953410529267	0.01886374960064109	0.02188450742014836	0.01034407494307918	0.01214504432010932	0.0139031269694519	0.01108903266502053	0.01044996236615213	0.01107813074457133	0.4684340015581532	0.5120564662799696	0.5572777055904807	0.5039118906370206	0.5180971494030188	0.5249198340639957	0.4783699330358689	0.4245030843690392	0.3689327498489318	0.6744662592506721	0.5874801108042745	0.3159031859583975	0.3223135872101194	0.3193036355323766	0.3168749422844091	0.1929191200299437	0.5590425069729066	0.4567293915793566	0.477862037589389	0.4789683189382755	0.4711364209230025	0.2269982107895046	0.5232086335887918	0.5396594638082149	0.4779722570118141	0.5032208258106583	0.5042078917704352	0.4054182739838653	0.09112753370878303	0.1031071942570337	0.06295740078949599	0.4645542544402425	0.4716790780509524	0.06143788855437883	0.3008850122882329	0.4471185224039234	0.4344232018461923	0.6954414376117757	0.4244763697403111	0.3348524883084397	0.5080078855424293	0.5976967185267884	0.5212680925900929	0.09034397193448089	0.225179110810953	0.0257327503154631	0.03065712881787647	0.01264387449113184	0.234906699359971	0.08855682301584521	0.06066950604482792	0.04917679983664256	0.03200328882153368	0.03273779083026768	0.0309163894665593	0.01147631905178139	0.01076745036906606	0.01080804570491997	0.01069123828333114	0.01440852948034087	0.01039068464780328	0.01058126929330145	0.01174318784172656	0.01218136723908146	0.01156112004098501	0.02524017044014962	0.01147909869838243	0.01186146890850772	0.01380812244288749	0.0143796365424512	0.01155238858745444	0.01081459258027277	0.0108121865084059	0.011065464374457	0.01252476788636443	0.01901817147270248	0.01121307851331512	0.09383148334361734	0.08117813706844955	0.08480634975098691	0.01000044942467247	0.01000044838287249	0.01000045003104398	0.08249673328969546	0.02017164421150561	0.02396454969030329	0.0103928478254706	0.01308459986199962	0.01582404787565842	0.01143802309863393	0.01054037711391707	0.01139512127918595	0.6634152867715759	0.7313707900511159	0.7655080220248605	0.5357786099433158	0.5599291003873672	0.573345737401215	0.4931745506643075	0.6333527483752013	0.6003760054263363	0.5924071526568987	0.5082915165013164	0.1156127647910088	0.2890073924183998	0.3403447893920116	0.3968374834397939	0.5108996032003742	0.5322415278023541	0.4192041004501854	0.4630187122083121	0.4959682057461022	0.5101561247618238	0.6024375818662512	0.2512111063576675	0.2447694584262589	0.4475921287815499	0.5002909163883084	0.5084040515172189	0.1510145275876267	0.1421365608951362	0.1445214608021214	0.08591193534523926	0.4700274248155769	0.4801329073482259	0.06574025584943977	0.4697274450948032	0.4913932666831079	0.4789882223204276	0.6442851081506178	0.4241544207067335	0.3331952824990091	0.5048358370437054	0.560957190557514	0.5171217754336753	0.1982425469666104	0.6126438872442806	0.02842784225073654	0.01012998694380354	0.01089330591727965	0.01018699024485626	0.0008819802606668957	0.07635640233701388	0.1170379815197191	-0.3544667198625347	-2.44726717228043	-0.6813504371783338	-0.01519121682164893	-0.1449306104194586	-0.3400874621801087	0.02675704283667898	-0.2859128804634152	0.09391255319175204	0.0007845346638564678	-0.08658542196868727	-0.01363541346718904	-0.01073195179558308	-0.01043202487343835	-0.0001498272700300923	0.001423437274398042	-0.00402065676946684	0.33671424444695	0.3673533711989118	-0.2348588308326136
0.925	0.08859719895197993	0.06208632848974021	0.04977711959352361	0.03238746964759587	0.03271467722565263	0.0301410142637299	0.02118455927784729	0.02244701112718002	0.02755054198054764	0.04518432685561734	0.01427723750982693	0.0102442457323005	0.0103597743686698	0.01114427324436335	0.01156527663534283	0.01098632213180413	0.0234921964994785	0.0109567574353396	0.01066586185270645	0.01291121253467333	0.01303093168161581	0.01123402331061279	0.01066013506964896	0.01066613942921789	0.0106523286483047	0.01171498394123405	0.01858790920544751	0.01078706266754601	0.1023746036324737	0.09731102365904162	0.1009737781669439	0.01000029594184681	0.01000029543787907	0.01000029673560587	0.09356956168820769	0.02181524498902664	0.02650843910943165	0.0102623383108848	0.01246358178185929	0.01896334221632305	0.01097037378421074	0.01036070556173601	0.01094067897434815	0.3022887668669442	0.4394473635019702	0.536112463660529	0.4552704686014409	0.4769731205720008	0.5016798647808374	0.4746197826211465	0.3737804493747188	0.2453935915095015	0.6664497761881659	0.603953402497527	0.3784744405869495	0.3573391766142237	0.3489245150624526	0.3302000188696689	0.2037241156171459	0.5768819297726662	0.472308839761436	0.4770764380529796	0.4638442954372025	0.3871681336809925	0.2179535892585957	0.63336653015108	0.6441348550221002	0.5241315420942454	0.5204153071088938	0.5141829608352322	0.4909853985348165	0.121170835389963	0.1203738960233171	0.1000955530849383	0.4582090514969943	0.468060325726156	0.06071983656383516	0.3371750221327374	0.4582227409417038	0.4438430719875435	0.6924216431362282	0.4267105448332359	0.3408694612443972	0.5114145241584975	0.6000585575323157	0.5204581386670397	0.08975380547365996	0.3019006630733757	0.01720201161806216	0.2225975916825173	0.01177818970510803	0.03581201223711182	0.0867210503317398	0.06185522851221589	0.04920824664558855	0.03254002476073648	0.03261488402276146	0.02960201997592008	0.03262556704066841	0.03675316789612475	0.04503665165340603	0.07800445718947345	0.01445768361358179	0.01017009843339183	0.01024579723404323	0.01083567507422276	0.01126722526571635	0.01080850756586164	0.02172437043559668	0.01069258794822685	0.01084667412342581	0.01252422297459545	0.01241006270496275	0.01123782176582595	0.01064261973633653	0.01065373674762171	0.01043353431889607	0.0112927374410565	0.01841070329351879	0.01050628538982135	0.01087624551299313	0.01068477212107941	0.01054848808852179	0.01000021938793153	0.01000021905002688	0.0100002201594162	0.1027416144874268	0.02302848905556274	0.0283743093597373	0.01019234865240891	0.0122259926322787	0.02134236466422001	0.01072419227875554	0.01026527937474406	0.0106984622459369	0.07978154511399911	0.272296514709839	0.4233691401496579	0.3945510241765072	0.419875287335731	0.4604202587606185	0.4631546389553346	0.223177059026117	0.04856451620355248	0.7015234134285784	0.6633169065228184	0.5300645265992699	0.3970937514443056	0.3583813454780637	0.2947280142649687	0.03526439416773152	0.6103863734832859	0.5046058328882927	0.4812733795890241	0.4440576045635392	0.3039886795571014	0.01310039188684926	0.8828604821517004	0.9011763410531626	0.5882936186866382	0.5402016143112457	0.5282501492556019	0.7139982720795744	0.1125904004896619	0.1096060674669573	0.107206740664487	0.4463264198647983	0.4588819828199536	0.05878820153875258	0.2715170064079087	0.4446548942673187	0.4287498658882355	0.7155419375108522	0.4313505319921513	0.3518738172030217	0.5167205888871829	0.6218516694812941	0.5219170899393912	0.02859248129214578	0.09821588553022212	0.01109005260507869	0.3746336730195976	0.01253439683807971	0.01046060398258237	-0.0009559675287107426	0.1200924023746198	-0.1409725739811889	0.08039421495115806	0.1004000990793328	-0.2557101030509278	0.356392433680252	-0.03989765070877521	-0.2271534209265767	-0.00287874633255586	-0.3820939829225791	0.09367880771754233	0.0008795661143636224	0.04016699219775716	-0.000725324847857572	0.008568733302809032	-0.0002952348349359957	0.0009801489507685539	-0.000562065610349828	-0.005523655923002367	-0.04692477778320662	-0.06302928435138455	0.1001973834887291
0.9500000000000001	0.08115899144128332	0.0603278574341923	0.04894659973573557	0.03185868075252415	0.03187354023155112	0.02906835841641035	0.0953412583400919	0.1088568874980811	0.1270186883296744	0.185811608591673	0.01712083331651992	0.01023474357000743	0.01032263889838094	0.0110252227691049	0.01162917266831091	0.011553641169702	0.01536291935333126	0.01092876259441336	0.01863760309445178	0.01315100011340006	0.01366934724022874	0.01245977061412382	0.01131842056386932	0.01133515213340379	0.01051216049609081	0.01152228086073196	0.01889132556830722	0.01011003737863043	0.01219386718783073	0.01288688512777749	0.0127489582165914	0.01000029787138062	0.01000029630905229	0.0100002975033001	0.1138413190224207	0.02587015753219503	0.03238897329596115	0.01019910555595783	0.01326680496134142	0.0275993707472278	0.01082246615954021	0.01028738272568966	0.01076227249605991	0.2779152638879893	0.4591567072485897	0.5967300521118378	0.4416246803749893	0.4772853052373029	0.5222580256313996	0.4704271949507219	0.3396380918277393	0.2447994346227929	0.6766384403077654	0.626567424046044	0.3572830000356747	0.3211885557195217	0.3258430210413976	0.2966792356750257	0.1402037235181474	0.5953784295508256	0.4703381767402757	0.4628923845680306	0.4751214849578964	0.4225596187748788	0.1822687183961328	0.666059904195773	0.6849783176794279	0.5614581988306167	0.5353256301061617	0.5536830869711566	0.5820345501848978	0.1222666876563635	0.121525323063545	0.08017347322360553	0.4378286047193146	0.4581002826855954	0.06630785330343562	0.2982595551805913	0.4526981153529695	0.4391866694052655	0.6951478177652555	0.4415711125362698	0.3739753761125191	0.5149452013714717	0.6065915975957115	0.5211337806564247	0.03639448586593928	0.01974446968954857	0.01115547009926443	0.2435873856746486	0.014898506884164	0.0186468021775877	0.07370529822254013	0.05616947736286174	0.04582636716770691	0.03136004967814254	0.03117259998879422	0.02828647073810566	0.1495107880050831	0.1759821458234206	0.2018051701652108	0.29949794295863	0.01995797563502041	0.0103739496910309	0.01051054758119914	0.01149896091985717	0.01224141889638705	0.01124406938069519	0.01221586476338859	0.0114331792066932	0.02604035062912701	0.01339268024525219	0.01306353707192366	0.01198540119489307	0.01203609848525604	0.01205451138938028	0.01079873074438648	0.01216368059191652	0.01873422457409785	0.01004847523902197	0.01043760861102609	0.01040671160988647	0.01035050484596902	0.01000045283042562	0.01000044992068694	0.01000045142705469	0.1233916429405078	0.02808611701305925	0.03554681141956098	0.01026217184963032	0.01458579546616112	0.03247160991676837	0.01114865193750838	0.01039009647331623	0.01104738958899191	0.6112991968364462	0.7983950856382174	0.9289505019603459	0.5207512287441914	0.5766969593670968	0.6339323330133727	0.4845391432672951	0.5558507238511702	0.587907206169636	0.6226758785155396	0.5556488831347863	0.03664179823285219	0.1969438218984566	0.2799105192543113	0.3175331800951937	0.361862276443474	0.5691748833643561	0.4075624791155642	0.4292607143320811	0.5294169547193255	0.6222969213016653	0.5086027277397441	0.2586368586497455	0.2756265087264119	0.5166947380792899	0.5290052076446639	0.601463242293749	0.3113561167593192	0.1480909177010191	0.1486562211505618	0.05227569123991983	0.4237381830729747	0.4575828631930168	0.07619760804708509	0.374974513016042	0.4739217342914837	0.4644189518659371	0.6529085324254825	0.458784008673937	0.4080831794445851	0.5119417977689417	0.5760341143710787	0.5191479410424388	0.08978346896033876	0.01192594118382974	0.01567895641922594	0.01111416373721231	0.01625336690061265	0.01094390089314334	-0.002454955609108078	-0.1237513537061072	0.02989648010658234	0.1315135302850582	0.993723718739475	0.8058671153543477	-0.1829080113203787	-0.02713950727574439	-0.430737022148256	-0.007843667280121213	-0.4732629862971829	0.08984381012301729	0.001078146545404629	-0.0580801038592851	0.0006496110065831588	-0.009911326451308388	-0.01642416429525957	-0.001106317797023103	0.001576202300124585	-0.00630381489905628	0.1413037013227889	0.1382608820145965	-0.09179549899696043
0.9750000000000001	0.06203964864576076	0.04294738365972688	0.03226441124169598	0.02809990733514327	0.02694828322835152	0.02260888812727366	0.1811596053398894	0.2596050280094951	0.2830845706287197	0.3860392741192276	0.02270372586496624	0.01033256849327301	0.01041020071625378	0.01110696430475949	0.01168554012341396	0.01093599627584298	0.01108620401392131	0.01119958979175659	0.0530434305024715	0.01246589057149662	0.01222627912705897	0.01165518449607555	0.0307078610473334	0.03389680488812281	0.0106704134507195	0.01170147990451317	0.01530944659590289	0.01002651933468499	0.01020966333068513	0.01017330165531257	0.01014647762239501	0.01000029896313284	0.01000029679552846	0.01000029770371693	0.1368775258057958	0.03020146414344551	0.03824750696742179	0.01017128155675624	0.01419006680837187	0.03668653857726119	0.01074930828071867	0.01025222807338435	0.01068843902316987	0.2695745417201331	0.4818699627468479	0.6221316713093561	0.4329119414767175	0.4676702731770969	0.5134925839678776	0.4778999676694921	0.4110662771840162	0.3442230957168413	0.6621898364603304	0.5968077331931989	0.3404978566902324	0.3390003272482586	0.3531819324570246	0.3371699062743104	0.2408092389836686	0.5641231032211117	0.4639018796432317	0.4668853719811704	0.4702556960014824	0.4388835437828196	0.2971104253612479	0.6040734272917347	0.6195860765577244	0.5642072741343549	0.5310742635429501	0.5483178539302095	0.4938473361431062	0.1861985532452418	0.179771798739475	0.133121718304501	0.3761264768352316	0.4247879447404095	0.0554752338114074	0.2466902187789525	0.4407176848742586	0.4269650360887733	0.7228186886708016	0.4500472136470237	0.3875860180799146	0.5231137203634192	0.6309335787391102	0.5284047021681547	0.06811559124534536	0.1189358774965302	0.01188674082976855	0.04214871335281148	0.01474223867611792	0.010193080192287	0.05587900695104121	0.03601929682552461	0.02502001327374426	0.02700528545735054	0.0252821887702185	0.01996095479169224	0.2142047315845614	0.35167483252397	0.3788080526327767	0.5117908195897238	0.02450474548914738	0.01030737372206637	0.01035183514279908	0.01088084833971509	0.01139265283026273	0.01079178237970206	0.01054446656733616	0.01107446481984334	0.07139141772344409	0.01201109273957518	0.01183331927938139	0.01152675751525354	0.04257124192661108	0.04782810245863774	0.01059313360503651	0.01144618469602635	0.0135775625692733	0.01001650644136973	0.01013700535076505	0.01011387067757768	0.01010173867329949	0.01000022224054127	0.01000022032838931	0.01000022090979426	0.1501361896261826	0.03198491893508677	0.04048583070793012	0.01012272985299888	0.01403574076444653	0.03954444639888385	0.0105412594211472	0.01017950269735683	0.01049874850897872	0.0861161360233012	0.316915969845412	0.4652358784271761	0.3836242424092281	0.4061835493217558	0.4455914253193864	0.472815064113234	0.3520752865250572	0.2237821769125711	0.6767726930880988	0.603853383590684	0.4882914149064724	0.4195190238585302	0.4007643587949166	0.3598696839589114	0.1787886126305626	0.5451463821993743	0.4912132484481732	0.4880650008355115	0.4382106530735223	0.3469096265421534	0.1843685046216568	0.7499737895887515	0.7631258340970652	0.5904480943676659	0.5299600918521045	0.5191490745877781	0.5439630116749824	0.2211538976384716	0.2086216570538813	0.1863977617989763	0.3188617864515504	0.3890256553012041	0.04473951195008335	0.1613258715399886	0.4171264515791291	0.401507852349463	0.7744970595143806	0.451967234931821	0.3876181518051818	0.5335968958610626	0.6737774040245839	0.5369239591207787	0.05167646317750439	0.2168484559398771	0.01051998662837854	0.01686286393266682	0.01368428967486937	0.02483059980182465	-0.0160585502985873	-0.1515608245743397	0.2681062264144465	0.1756499150702456	-0.5117893929049758	0.2322734418603436	0.3052683289498098	0.0666302118792937	-0.1888983117509719	-0.01764522775428168	-0.5905399886797256	0.09138736606951185	0.001294240153044594	0.0251201451720226	-0.009137781401083867	0.0006582577610601492	0.0006162107516271996	0.00145723233448767	3.531050732928913e-05	-0.006061279728351364	-0.0165251502576083	-0.03058909353508192	0.1200938462633861
1	0.06831724871655409	0.04450325514505658	0.02998582830258256	0.03360756146332183	0.03159355626337774	0.02448681084546419	0.2320378657982853	0.4119940155885096	0.4397597746591372	0.5662559353734936	0.02728108793212898	0.01030304289444739	0.01034072273131679	0.01080980488795653	0.01154078603363815	0.01093831049047313	0.01079784859928128	0.01115963870224534	0.09039264297847699	0.01245125525168548	0.01228877531295144	0.01191431333326959	0.05432763135380905	0.06102731049428782	0.01056210681923896	0.01148175903900685	0.01473510067267051	0.01002186186062631	0.01033812432398783	0.0103828869818956	0.01036751322821483	0.01000030134047379	0.01000029786929459	0.01000029844036667	0.1671183744574003	0.03714898097140126	0.04607730796312932	0.01013425676532072	0.01477304156674655	0.04314865823953572	0.01065013768963534	0.01020685670138208	0.01057010958717717	0.2283723317422462	0.429758761063067	0.5660061582004652	0.4205109549056107	0.4497541660082883	0.4918544739313924	0.4518365579962718	0.3890013524785588	0.3094742803319846	0.6705744929567836	0.596618408504349	0.3870366033982168	0.3634089020736607	0.3654581467954657	0.3438697666732408	0.2064027081556061	0.5482811252478234	0.4743380550516539	0.4716917943433335	0.4671177093103432	0.4174227018540158	0.2406372394294599	0.6440173805391975	0.6592773016045577	0.5714942928950266	0.5289601491740025	0.5465769710285323	0.4970053776365377	0.2312386705525332	0.2153906659729079	0.1744883741769306	0.2999013361368719	0.3821802392859332	0.05485007744689097	0.1735822552289722	0.4256513367963553	0.4131662845946955	0.7411596472209995	0.4682259992860276	0.4229083447400492	0.5316430537554661	0.6540652222237132	0.5333215305375942	0.02120163031621814	0.3944509618880217	0.01750617504021	0.02297506614354311	0.011625188912496	0.1651263545267406	0.08348680346846393	0.05637312643356104	0.03868454726581164	0.04068770759511246	0.03868576809907354	0.03038947865022889	0.25891798241336	0.5099422171457376	0.5458810192748842	0.6931854538972276	0.02937898402943749	0.01034380324353784	0.01040721274134337	0.01099015579539044	0.01199707200894195	0.01110945438224135	0.01077410074035632	0.01142362519765973	0.1017732301093357	0.01321357525680229	0.01285530208122104	0.01226644576362861	0.05875070746881253	0.06581070021664402	0.01064251719302073	0.01181402542565926	0.01693115560887321	0.01002125283313095	0.01022403924009292	0.01017972127406828	0.01016751433480995	0.01000045729297327	0.01000045193476476	0.01000045277850166	0.1851113169124939	0.04158284899429207	0.05099537071810851	0.010190204459354	0.01583171295281646	0.04600524670280168	0.01095610065002772	0.01030165873768258	0.01082071238332855	0.5070406149454231	0.6621779549681061	0.7754107819255731	0.4935148371258544	0.5360367492363953	0.583503014327364	0.418823421749613	0.4911371283543458	0.5152422511333249	0.6518800508702893	0.5709756704727355	0.146337425781789	0.243305634429194	0.297976391958136	0.322010422747819	0.3041073901816818	0.5452910573674258	0.4354581762036887	0.4390420404964213	0.5235879479255412	0.5656700597166298	0.4006083183866427	0.3975515531726221	0.4165501650890777	0.5333137006220731	0.525778681678236	0.5995182458232858	0.3696780233779458	0.2398920804310068	0.2212178711635834	0.1292840320021628	0.2692416210843872	0.36928630354851	0.07324753897832831	0.2167353796483814	0.4422703046089948	0.4358144686617875	0.6838760883152534	0.4994016354293294	0.4879300171246098	0.5291425058800857	0.6211792755327243	0.5278808718679048	0.01042748634651637	0.6158108586697495	0.02594426969099995	0.01187879431620648	0.01067405976764125	0.3244627275638767	-0.0188132276239189	0.1675330797319798	-0.3784602021761254	-0.1428195854445182	0.4198663155166766	-0.4026919554206212	0.02203394824808903	0.186169869276414	-0.3863105963437342	-0.04796606698183796	-0.703994294022693	0.1036183288138767	0.001575876588523194	-0.03676459944132124	0.02167016784896893	0.005607172099030364	-0.01631257301466901	-0.001379323087397091	-0.001399791788289534	-0.006579051884937678	0.119143748443766	0.0716062818623132	-0.1074640168798097
1.025	0.07671972387087504	0.04689201308747476	0.03004852299610681	0.03733217312534914	0.03499922796339279	0.02676763072982836	0.2590335207339202	0.5282959927080174	0.5546927804304644	0.6944616365114461	0.02595042418658079	0.01030675427594605	0.01033911347929052	0.01078088468284565	0.01151652927821542	0.01084826440936956	0.01044401977616018	0.01117675782849839	0.1137528011805538	0.01237331825088344	0.01210312374988968	0.01171431858330401	0.06511804162205351	0.07386778324275405	0.01055949574825933	0.01144173612423014	0.01476969934060959	0.01001318811609664	0.01015014296955482	0.01012250145910881	0.01011588766099713	0.01000030219681253	0.01000029824684231	0.01000029865674598	0.1861592230837024	0.04098143666359066	0.05117962396782892	0.01012849829339144	0.01569018577274464	0.04907198895509595	0.01063386922003727	0.01020010077304555	0.01055149560644417	0.2498242436434896	0.4999270893258103	0.6582255730466812	0.4296818134673316	0.4735050122615064	0.5284684325411031	0.3883076358629009	0.2886455776507258	0.1958045639655326	0.6680841484183145	0.6223430204445339	0.2856341374493608	0.2831640125227929	0.3020748067334444	0.2839217540942965	0.1561544615522655	0.5861176314195169	0.45603645479363	0.4301460990589205	0.4679445893804871	0.4204445020986204	0.2060952762271183	0.6340724082914686	0.6528542645583694	0.5709639244967469	0.5343166744513007	0.583109166199167	0.5580764480568695	0.2496448760544305	0.2347750090901381	0.1715990345587037	0.2005548637052962	0.3089927077191515	0.06392082772569269	0.1453520367792534	0.4133687576242694	0.4037984331860031	0.7423938857138593	0.4876218478627259	0.4638088427462775	0.5378667106146711	0.6667266108632259	0.5354723871159828	0.07311445565763383	0.2233699202969353	0.01929579666393027	0.01086249177509422	0.01783836060212829	0.164137117839798	0.07429384287122631	0.04231465929791701	0.02564596247518006	0.03617262510398975	0.03361101199479674	0.02522175396084487	0.2625185482449475	0.5938803294968001	0.6133300809982574	0.7655229723686812	0.0241476567478596	0.01029099998333424	0.01030452678053005	0.01066944088751045	0.01127270691165759	0.0107208798294136	0.0102986699045131	0.01106443015864926	0.1217499469230591	0.0119469131837268	0.01172168404080066	0.01144260110532274	0.0707757979860769	0.08095703979397481	0.01052159013299158	0.01125049223396988	0.01363275682308885	0.0100095932146822	0.0101284987072734	0.01010977630802205	0.0101060783426706	0.01000022459512044	0.01000022137842754	0.01000022162971006	0.1904971708019267	0.04085507540670048	0.05160476489434722	0.01009665647561439	0.01567670028643682	0.05134161443653627	0.0104676913171444	0.01014752657511515	0.0104129303901466	0.1080800655091334	0.4356308471160653	0.636794753716754	0.3977953352698292	0.4486281258651894	0.5145998636302962	0.3454775387525618	0.1587111791948993	0.02450733484768584	0.6758968475632811	0.6632759085027525	0.3148655775716678	0.2764177726436463	0.2854092950605484	0.2478805121746941	0.07612153466441306	0.6272325201681411	0.4593205006909842	0.4076182198749722	0.4391699055182093	0.3444261624872861	0.1028269921286463	0.7525362932192666	0.7736353694419973	0.5925601802240481	0.5421365673019493	0.5912659163849185	0.6904664907477216	0.2647277091669382	0.2522145966309999	0.1999905635409314	0.1430382201724867	0.2540293848916295	0.05968468289221471	0.104993406970737	0.3936585772399046	0.3840165593951792	0.7711163077805799	0.4908958961543208	0.4698859820756665	0.5453621436330803	0.6964098968084467	0.5401012487641432	0.1193447430669725	0.0105126046805252	0.01505573813644089	0.01045999288266073	0.02143835651124602	0.06201240676636251	-0.03018709066615661	-0.1800972769916261	0.1496789433764276	0.04544286609701927	0.184643834244933	0.1718078384784576	-0.4358178410418805	0.1547725052170273	-0.3213288826719291	-0.02724640034679252	-0.7664000572687562	0.1000448800354071	0.00186452753027064	0.008651620957835031	-0.01804556321530829	-0.008050350535661215	0.003676234851362464	0.001342462218548968	0.0007018192382313743	-0.007487659634109549	-0.04252541003512611	-0.008033002848606707	0.00203183523042442
1.05	0.0818659847352278	0.04819407460448981	0.02926461430996086	0.0420943889291153	0.0392919647243825	0.02949807513668875	0.2412006250173304	0.5963594239331281	0.605770796465854	0.7653232052447773	0.02507391178588982	0.01033606405225517	0.01033327845333998	0.0107055662552815	0.01147589741839333	0.01086628068160724	0.01058729123016208	0.01129441041362251	0.1126492297307369	0.01229657399578079	0.01201874350712493	0.01172700585917932	0.08336383327468164	0.09512711368431796	0.01059633397130692	0.01138246045129599	0.01420224128638487	0.01001618915489632	0.01027602398087036	0.01024212560200717	0.0102382180117427	0.01000030179270793	0.01000029806021382	0.01000029904521554	0.1914800632456963	0.04209895818891251	0.05301815206386419	0.0101172551459325	0.01638765244078973	0.05452321858172644	0.01057874598205969	0.01018034257059786	0.01050737163086039	0.1791941386241538	0.4742436717676591	0.6543423431971047	0.4130060348482207	0.4625210942968981	0.5264406306570886	0.3565415408937886	0.2561491551035777	0.1966293375506293	0.6726133095904828	0.6418695108581826	0.2743916372601937	0.2768910254224238	0.3074518098594397	0.280279667301521	0.146310686334466	0.6090692907251256	0.4568031961790939	0.4153213261951774	0.4614772859897522	0.4002448005215727	0.1983734163319289	0.6678121632640963	0.6897525612085305	0.5873620188045873	0.5415913487086893	0.5883927425738417	0.619978353223094	0.2905829700332073	0.279598628756732	0.2314861196053191	0.183633721521011	0.2860513103046566	0.06569818367111521	0.1331414046443171	0.4076772500612574	0.400459245818166	0.736867223571993	0.4973580747324426	0.4838427915143694	0.5408379555602614	0.6722771007735432	0.5351427096465031	0.1753359015334088	0.2702962630994175	0.01036620642267906	0.01168387433556518	0.01842821980666695	0.0100571540180193	0.09450583622606051	0.05924412409016476	0.03726330643332492	0.05017991549399738	0.0472474138224083	0.03583513488366603	0.2162568238769633	0.6323414568150965	0.6252979676970802	0.8102213099777101	0.02752516935154834	0.0103966197027384	0.01039650026512253	0.0108499857765819	0.01191943581469754	0.01112107056705467	0.01094818465337426	0.0116363248967336	0.1009589282523398	0.01305962052316566	0.0126636712984524	0.01224399009947449	0.09484209904163227	0.1080829351257145	0.01070726530044045	0.01169974779396772	0.01592571969290357	0.01002460221211103	0.01040464189676356	0.01033285453871832	0.01032742180128213	0.01000045677118542	0.01000045168971039	0.01000045351633541	0.1951806006884289	0.04431783527485128	0.05522110214621294	0.01016896202074582	0.01727902250486029	0.05704689689171689	0.01085461600020092	0.01026508960020907	0.01073821688332242	0.3444079407245877	0.5795166425463329	0.7248440778395105	0.4505793730354163	0.5008554345331666	0.5637245296156292	0.3672569438114642	0.4252205819492268	0.4986246088906369	0.6647159888820403	0.6063625834232725	0.1681897699916164	0.256475033189873	0.3294952561312186	0.3280244308566697	0.2762927016246605	0.5835341665185146	0.4451482447224994	0.420370131234359	0.5075417065178192	0.5157237380551294	0.3787598584398824	0.4876780822817264	0.5128601304863443	0.5743175626596448	0.5412068885093444	0.5955957546259903	0.4871709766268849	0.3274292190368663	0.3166857169417005	0.2549455748882052	0.2456374392573178	0.3355124320521926	0.078131886244499	0.1894959982568075	0.4330262287663856	0.4310281776867035	0.6690417737032149	0.5152034427947113	0.5217597948946731	0.5335526259697889	0.6282596592564904	0.5260651835011757	0.2144012782497188	0.7192441477598279	0.01037317911102384	0.01093757883689503	0.01301922637754435	0.01048142317641631	-0.02578408305321536	0.557501982278131	0.4021684102155267	0.03323544217280539	-2.777600757064632	-0.2974326736231326	1.095595368127062	0.3111393337754408	-0.3374243188892339	-0.05200208411843683	-0.8321971938225327	0.1122944115187604	0.001752791081255156	-0.007772824499761241	0.03745016608847923	0.01860781345528872	-0.007646441695999691	-0.002373738475067753	-0.003039817261109681	-0.008280631373206783	0.3025491451885433	0.1778835461493526	0.3198003268992101
1.075	0.09717767203755706	0.05988707163913677	0.0368092381506664	0.04881538443863978	0.04614176488138735	0.03526305567908085	0.2948191957932693	0.7852766225772142	0.7860036679327661	0.8893600664288179	0.02100269312732281	0.01024405506970603	0.01026940376505289	0.01057979217405468	0.01136985531127388	0.01085050844118176	0.01042731885172383	0.01103506536553302	0.1592918969960654	0.012346284601618	0.0120493196142725	0.01168146792728009	0.08266610390157179	0.09530504199168638	0.01044659568271758	0.01116859933034255	0.01523475802974093	0.01001178565788022	0.01020430470989647	0.01016875094986606	0.01016654717331288	0.01000030395118845	0.01000029900510941	0.01000029895718932	0.1995346376003525	0.0436691436610368	0.05533534538087111	0.01011185545472263	0.01783916874468381	0.06018384794662201	0.01057093795676587	0.01017588587594057	0.01049161479160029	0.1459405748227713	0.455675823422256	0.6426261121359254	0.3995252121711163	0.4525822235392103	0.5207350319013527	0.13751964612608	0.1916587109174201	0.168111876911834	0.6658768112638382	0.651174775250725	0.2500499831154748	0.2598577292510172	0.3077358577186519	0.2742995277851958	0.1147490452467289	0.6189063464673314	0.4554392461798837	0.3993766150361685	0.4527002758540487	0.3815593060071119	0.1683189953130313	0.6788291368336715	0.7035628484618797	0.5981903407243123	0.5468964225697918	0.5926626909295369	0.6338178263410181	0.3165753104197581	0.3066444158558972	0.2514557598339562	0.1776541901196371	0.2475307127543114	0.05867220446213273	0.1240625777456561	0.4104015811450074	0.4033645071805868	0.7441927703509003	0.4965838476407698	0.4830720309090683	0.5411309759093348	0.6733801318584747	0.5360397196866169	0.07570513237566696	0.2605076163484774	0.02492785704423327	0.07432880418784905	0.02334018387297181	0.2312885451834417	0.1004671496956191	0.05981590033568026	0.03546140235250437	0.04856732326555697	0.04589513764985641	0.03504099399030618	0.350534758904394	0.9654722223343843	0.9661059176036082	0.9999259602283516	0.0177525563492582	0.01018043498837294	0.01021116800717427	0.01045666944081799	0.01110517783677416	0.01071576271433381	0.01015400296528939	0.01077102616914912	0.1948395807704855	0.01197643004821101	0.01172535554032424	0.01139309829017261	0.07895776624878219	0.0918494389052153	0.0103344098356334	0.01091261569722027	0.01474863509930678	0.01000508706174288	0.01010054403885137	0.0100842540948934	0.01008384106003903	0.01000022772834219	0.01000022274181063	0.0100002217648401	0.2048102982735423	0.04360207384392908	0.05584329916550086	0.01008334063058861	0.01827290299102919	0.06276437843397829	0.01042691199350595	0.01013077542360869	0.0103675255978136	0.04871038768059848	0.3861730242050598	0.5918158705419074	0.3694151135237557	0.4227552699465897	0.4932495492921333	0.0144540245737313	0.0808261994979818	0.01397919984970347	0.6541221004233169	0.6662125902591989	0.2941113260699917	0.2700968870937789	0.308950387225077	0.2585341887761227	0.04734125307477582	0.6285211421276482	0.4611409349040321	0.389171070877296	0.4243620947978586	0.3170101411085517	0.07499620216681309	0.7580478456476617	0.7836466000912348	0.6146500978242357	0.5498101701667936	0.589338427936319	0.6988368453644539	0.3271185986259766	0.3181214564555261	0.2662902650533303	0.1347889904329495	0.1906166379850026	0.05098492434754625	0.1038851860342865	0.4038580387942469	0.393600831582856	0.7886277837661898	0.4807754433188772	0.4503701905340452	0.5436955523775692	0.6938386582592594	0.5415202776503922	0.01013918850163868	0.01035599994998644	0.03225639377373699	0.1092478346179574	0.02835663668222774	0.3908668096238963	-0.03877881013612172	-0.01617622097359084	-0.1059115590335449	-0.001867439589112573	0.3124567785903916	-0.07528218309739267	-0.3273884018499337	0.25213466238968	-0.4812458168835129	-0.05372028536043261	-0.8639818424011961	0.0896018987078112	0.001962429024536754	0.001253022691539021	-0.02256926667656098	-0.01399575045526915	0.006330301346441622	0.0007483147770598471	0.001202411214457225	-0.008490139727792209	-0.01101054464921504	-0.03203824691542667	0.05299489907225576
1.1	0.1044680056371878	0.05303091013869599	0.02553704617631543	0.05163340411525048	0.04793783014160678	0.03556235813444053	0.3036322688506439	0.8544414639239255	0.8538950695141609	0.9390612820832265	0.02086894373690369	0.01035902412292543	0.01031324000129843	0.01068197181033742	0.01145660204292218	0.01085340541689329	0.01026605781610557	0.01136917402580744	0.1516501487849456	0.01221870750393663	0.0118814567588911	0.01160077903625469	0.1039977078332846	0.1204339194810634	0.01060841093907273	0.01123171577668361	0.01393824097556906	0.01000800429758491	0.0101545604725423	0.01013058483093695	0.01013050303744242	0.01000030626908082	0.0100002999894903	0.01000029984464482	0.2111245061294343	0.04580978046100304	0.05877697822159075	0.01011130607661919	0.0195214978625584	0.06740811813516046	0.0105470004455147	0.01016984395182868	0.01048074796945588	0.1785271348477582	0.4517956664952822	0.6197206128849374	0.39930185103361	0.4411422073040115	0.5006321769179174	0.2949820337966886	0.2859065935118179	0.2786291929573949	0.6178160163309814	0.5903117429059813	0.3232632894344874	0.3466355686394099	0.384762912014418	0.3574971281556266	0.2327071481869803	0.5528978208415091	0.4615964421567933	0.4334718302062921	0.4660739701703056	0.4327700307896493	0.2796292873885924	0.5692550137121866	0.5927309907450743	0.5968889947303353	0.535167666301429	0.5728283768253076	0.5579350013776407	0.3738430491796008	0.3674702964321346	0.3343101126681308	0.1188805588023444	0.2153771225244953	0.07947869561025803	0.2323582045983819	0.4330648658077061	0.4218124275657605	0.7615888770123671	0.4621640156692914	0.4101852726993604	0.5337932342195618	0.6599697532320962	0.5367062464309853	0.1394851936201728	0.1927798121978259	0.02533220161291684	0.07038558411435497	0.02164429862483161	0.2506997362856405	0.1100697754413389	0.0483382380019924	0.01835596213922634	0.05656772753758049	0.05177938022457752	0.03749903719591404	0.2207811024729747	0.701981513391587	0.6956759413563268	0.8659598220421634	0.02642209378617534	0.01057962392581413	0.01045973872262822	0.01100274333614473	0.01204948083084444	0.01112264377727863	0.01062575212744623	0.0121708203818803	0.08301546796597813	0.01284406683647618	0.01237235981853331	0.01209041737821997	0.1367383959137224	0.1582550971370271	0.01096034929068454	0.01176340889268941	0.01384514329300381	0.01001689800235359	0.01030013833356554	0.01024851230401785	0.01024722936358786	0.0100004613707469	0.01000045364950011	0.01000045506957961	0.2188807510748327	0.04852713903143577	0.0619808747863223	0.01016676124869287	0.02060229316703513	0.07138006736924377	0.01081037942525904	0.01025336408541026	0.01071536434565799	0.4120451344827925	0.5759797206238959	0.6725655517833168	0.4543239455579392	0.4768925902375145	0.5167678870587997	0.756142246003077	0.6481537447393694	0.7722910782441952	0.5473719542190914	0.4496654916206407	0.3362241167896163	0.4585390750625568	0.5100265657814852	0.5239744963667133	0.5462497958939717	0.4153218676151351	0.4605006928251769	0.5075109304578803	0.5433451255350552	0.6459422557040214	0.6442426294873003	0.2121035914319319	0.2304546894057979	0.5655544076485822	0.5098295417666611	0.5440988337098334	0.2934822979976997	0.4547293452868262	0.4519275574733527	0.4403926247146257	0.1237021231852606	0.2680532364411468	0.1173266724800478	0.4299813743606808	0.4863167808213337	0.4740828074874761	0.7092963729960122	0.4322572370546635	0.3480835053357988	0.5153596878081399	0.5937815187435598	0.5272843193915172	0.3381932559118993	0.5406887977703246	0.01396764627630176	0.010131764290859	0.01093037495520813	0.01007198627436124	-0.07418327957621279	-0.8272405769918462	-0.1677036865332372	-0.02035486069553029	1.034427991986913	0.7976688698435374	-0.03579987446060667	0.2577232534866638	-0.3422174024037313	-0.02637464077790315	-0.9180926053921272	0.09406081223163747	0.001969743259662407	-0.00108294632849469	0.04744763996222676	0.02178306394273033	-0.006819223314554222	-0.003504808591326163	-0.004134093503384126	-0.01009951201408706	-0.1387141312252477	0.0922193220575003	-0.2038638971718234
1.125	0.1060647551269371	0.0508744336865545	0.02265694663051182	0.05410656997618294	0.04972568009371096	0.0360217884072229	0.3037340543677252	0.8772451270783217	0.8753269387879702	0.9459454353602978	0.02181420587188419	0.01037884978755676	0.01030155149493858	0.01067361683355588	0.01142804329668409	0.01074960041859315	0.01041721748398761	0.01147908573101658	0.1822407333480178	0.01211251120498708	0.01171146092459514	0.01146888446104584	0.1234535741400827	0.1428520592434639	0.01063374336561385	0.0111991938244001	0.01369166014768491	0.01001110690166378	0.01020744149023603	0.0101720991356661	0.01017228439951361	0.01000030299551004	0.0100002985901241	0.01000029999559929	0.2223607558978767	0.04840556167360309	0.06249115072299447	0.01010822938688924	0.02119757660968125	0.07349365671164329	0.01054561002892165	0.01016814687066205	0.01047153891114969	0.2108680299713707	0.4588516196879657	0.6174230115074884	0.4215505726670074	0.4668461301343741	0.5230305279037425	0.2767931975043547	0.2345149681234487	0.284086897038012	0.5906204613031946	0.6757414382716568	0.2120473213199519	0.1853890161739238	0.2082565786345345	0.1967624398461231	0.1941992189773909	0.6556135996522154	0.4537024996569903	0.3343276498367734	0.443834571879837	0.328206896726549	0.2300290509857262	0.6926275740957942	0.7035402122515758	0.5737095266031849	0.557777807593519	0.5779500407622495	0.7125212872796011	0.4067524446281689	0.401469748895697	0.3791339819763456	0.1036664271313058	0.1834972809421497	0.06767701772420387	0.3095804697542562	0.4540542604455611	0.4375097401936615	0.7847373813152739	0.4239659307484939	0.3271357826999563	0.5311467825279472	0.6594744291039863	0.5403388776452338	0.1928455441880178	0.3916314802283181	0.01022335143377655	0.05929034600240266	0.01644703780023669	0.01022245661756848	0.1027354809489267	0.05261611531901757	0.02587500400672781	0.05232628867863751	0.04816952067416897	0.03482420844575098	0.3726804332685816	0.9999690189243257	0.9999593948109975	0.9999812212599875	0.01864481284604053	0.01026689875586414	0.01022162100221926	0.01049945704321225	0.01111736697067188	0.01059620165000079	0.01028123532336203	0.01109503356422136	0.2651148751442824	0.0117710510662334	0.01142092797446699	0.01119128496187408	0.1136004607269607	0.131854508257422	0.01045898448715074	0.01092319830474827	0.01368327197630099	0.01000743294039777	0.01014843753190029	0.01012353313488673	0.01012440153890984	0.01000022530192259	0.01000022168977444	0.01000022249787721	0.2263361697757295	0.04838645363455019	0.06304915484860589	0.01007810126623401	0.02174796351035446	0.07587552252233934	0.0104063340184445	0.01012348186033113	0.01034559019511234	0.1141393451578203	0.4033625760190253	0.5857112653986775	0.4158485910940052	0.4742097575318274	0.5362976572369488	0.01078566070583723	0.01181758066177006	0.01094315207894378	0.5957551256646344	0.833656430729848	0.1219658562865242	0.02499383261905109	0.02837645448528532	0.01273652376470721	0.01213616995711032	0.831289756640236	0.4458048410530288	0.2166992505837666	0.3838460602832855	0.1392468555600676	0.01192417062550649	0.9966562232082044	0.9966263403294037	0.5631551992659902	0.5926704885209306	0.5986027322428512	0.9965033859844081	0.3966957988453985	0.3904408416515826	0.3659892989097548	0.09325440610347914	0.1352472187667877	0.04222276104726265	0.2595450894612314	0.4456143776173792	0.4248725586471264	0.8328752677581439	0.4054054331086889	0.2900103868634327	0.5378946274143537	0.6915547597611782	0.5481731789947957	0.09647771686923622	0.3323046672736098	0.01049676492554602	0.09357630199322391	0.01922492096143735	0.01007999103257151	-0.02454562484168786	0.7515521371484751	0.162985958171284	0.411735511613497	-0.8826876302973445	-0.1564978278198569	0.09304779746200682	0.521390262167627	-0.5488216484673674	-0.070759662984481	-0.964400115510657	0.08102102208298548	0.002290752467245689	-0.007109733897648497	-0.02911973145187845	-0.006304917723140195	0.01006739283420335	-2.004688228475948e-06	0.00232657014230856	-0.01185134334306383	0.325324947343126	0.1077857139911572	0.3520821184289899
1.15	0.09372541242482141	0.0560906164477036	0.03359431168694421	0.04828373965396306	0.04429880797778631	0.03151058055233704	0.4833761158020209	0.9974124652406204	0.9976115413219742	0.9991041175898617	0.01322682339621963	0.01026270160274578	0.01029085902202021	0.0105729892367817	0.01142384101746858	0.01107425125619013	0.01011573934581684	0.01110382186782404	0.3833298866334992	0.01234620026467351	0.01209546629226141	0.01178939458193216	0.08446438127573758	0.09950705021418266	0.01051973426021733	0.01125693570323702	0.01435986643897897	0.01000359535098035	0.01008577152369968	0.01007218727859864	0.01007189162192574	0.01000031788548294	0.01000030485869662	0.01000030042871241	0.2218917136984369	0.0481579220414302	0.06383114387686406	0.01009876594633865	0.02381659982269919	0.08241752567618163	0.01047412692024959	0.01014656974014508	0.01042821370681811	0.2503126010389082	0.4656760187915531	0.6012472157486372	0.440509910373819	0.4831379502611463	0.5289172986952924	0.1794518786398822	0.1838427922932345	0.177611007273621	0.5681972279031273	0.698821023226829	0.1704712893681604	0.1668709476075682	0.1953684595370623	0.1926502040163086	0.1872137141029468	0.6935547987591768	0.4449720500726886	0.3156679562515975	0.4311544797396375	0.3016524648930852	0.2096370135915111	0.7116898380701467	0.7181092417145675	0.5495143103032418	0.5646151719790827	0.5860931664134951	0.7032013135876219	0.4283536423524755	0.423860082349415	0.4093368537761403	0.111681509425591	0.1740201008620491	0.06444344223914271	0.3012198825028412	0.4554173350717854	0.4389370316322912	0.7804893725672473	0.422166373615839	0.3276642312751635	0.5309676830603676	0.657165802858503	0.5391888760170341	0.02613108589659831	0.3512171613725768	0.03200377660072034	0.1618175232119774	0.01691813646941223	0.4060497185088904	0.08625823594064493	0.05771763446602581	0.03758751250939787	0.04615979554702635	0.04205635704855799	0.02938014853631587	0.6437285689439984	0.9999839371780267	0.9999812621945805	0.9999869444618182	0.01125336246506736	0.01037814334160966	0.01043812229527896	0.01082232765118623	0.01203555193716941	0.0116752965397048	0.01012549770291734	0.01152945845948389	0.5211812090894385	0.01323551369335295	0.01301632019322583	0.0126299254941738	0.06268968074032022	0.07417853210449121	0.01076384757706773	0.0118585567883685	0.01498011212569962	0.0100042867367686	0.01009642742737262	0.01008080172848628	0.01007872695125828	0.01000048702323965	0.01000046444419552	0.0100004558716887	0.216465684706339	0.04848338076931705	0.06499141576197094	0.01014928366810238	0.02566188805568873	0.08909163943961518	0.0106832645009417	0.01021472020030802	0.01063642608977861	0.5147669330098343	0.5906011943163543	0.632932946109574	0.4925717085283265	0.5064234359257591	0.5211983394248332	0.4994258914805833	0.5041969785778084	0.4993248005614373	0.5061597583433125	0.4560495999400419	0.2544459746690362	0.404364108518984	0.4727129939878328	0.4974269097464126	0.515204795303899	0.4483200993421326	0.4427218601075414	0.4829655916741057	0.5198380877763487	0.5870823340997885	0.5762112042230455	0.1741415485149342	0.1906871580771483	0.5172731347240055	0.515495433120455	0.5617403950715185	0.1674246719854074	0.497073008570456	0.4961244393137573	0.5023509127426935	0.1387086451369343	0.2473836740491273	0.108608396249092	0.4104067941316175	0.4820177210241358	0.4720865603990631	0.6847855834853337	0.4429902004874084	0.37604410919535	0.516167170170229	0.5882417255329103	0.5227366679656199	0.01010259681134102	0.4639404667291147	0.05051780687035208	0.2097576130719599	0.01079260295372436	0.9790922997671379	-0.1209858381502843	-0.8405144541454647	-0.4266891667074162	-0.6638362170971857	0.808572495026483	-0.7700239321779001	-1.547962231845704	0.1246285295915085	-0.302123565738064	-0.07171964890234028	-1.048287258842173	0.08816929534453627	0.002030673737461941	0.05478338877349456	0.02437202044798534	-0.003706453307873633	-0.006904236634403125	-0.003288018885747355	-0.0045140095274162	-0.01245500960751097	-0.5030511849393042	-0.2034229507885546	-0.3789589062742665
1.175	0.09180023282024624	0.05411604548853398	0.02960681190211813	0.05309940677413829	0.04607672131039173	0.02905479560624635	0.5470116703591928	0.9993010185492406	0.9993522976437705	0.9997542338761599	0.01143853537281033	0.01023991286911893	0.01025272814871755	0.01048228177920138	0.01128474033184401	0.01097020038367697	0.01009321951703615	0.01105983161425331	0.4871290672826042	0.01230217550433886	0.01201938563272076	0.01170529368089842	0.1010850218283654	0.1188561589585422	0.01047401540604467	0.0111436904027788	0.01360134440519388	0.0100027919803731	0.01006610909581193	0.01005512603911422	0.01005539600446818	0.01000031967242815	0.0100003055816009	0.01000030071087755	0.2231547277058695	0.04760794556797261	0.06519471724307664	0.0100991384414654	0.02670006741479759	0.0923504689707479	0.01045008043679759	0.0101412874496457	0.01042224135975026	0.3526989516412532	0.4856892523608509	0.5720014877785785	0.4620689455322697	0.4874500640041567	0.5126852036378999	0.3619898009554552	0.3794737798598397	0.3084331641123006	0.5938312058585297	0.5881464618828871	0.238361059616894	0.3053569532056002	0.3471801847793425	0.351734490885767	0.2294638495489657	0.5842930805276566	0.4439404592745249	0.4141472733589078	0.4618278805161494	0.4066402894587071	0.2160630724671852	0.5261728134044973	0.5446151625193395	0.5339172622393012	0.5395255381467704	0.5663516835318542	0.5655988692977399	0.4404098880411781	0.4335828711153171	0.4321144516021094	0.1058229179073217	0.1727772752087265	0.06561809946473623	0.2871069918112167	0.4534189102462129	0.4351203853132148	0.7995092895897573	0.4091150937719918	0.2978990997357691	0.5334813646723933	0.6686457023248733	0.5436783861895034	0.2195900115594435	0.2814793387910857	0.02896435585032126	0.07971740805789834	0.01190723409846132	0.3876604773292654	0.09424079417918722	0.05176408287984825	0.02490456194851597	0.05714510322455113	0.04837260471698873	0.02883163371401998	0.5146708810572855	0.9999900576733045	0.9999876639085606	0.9999930718245015	0.01160220654553219	0.01017306421178482	0.01015994494601238	0.01030663258046952	0.01089622582751727	0.01060859300516657	0.01007702494653866	0.010836736331371	0.5176880470480512	0.01182714742237422	0.0115079221883113	0.01123177291416689	0.1248606172495942	0.1470956191417729	0.01033540390842806	0.01078180734444901	0.01286186016050617	0.01000208269191148	0.01005093324294834	0.0100423581238621	0.01004345351265404	0.01000023620204637	0.01000022623778277	0.01000022315708781	0.2290191838288539	0.04740412259710899	0.06572123792694307	0.01007328325751682	0.02762183452632545	0.09551305098901249	0.01033098241081231	0.01010368588494841	0.01031246717034393	0.2795641965576884	0.4355984730191451	0.5272061116035474	0.4537334293493257	0.4787536972275503	0.5015503948058611	0.2794357068152594	0.3308917165215959	0.1979107821268786	0.6623804725532968	0.605974050622253	0.2504226742599291	0.2656778980796544	0.2949085680365079	0.2858787489919727	0.06686414047979605	0.6028417324249292	0.4471246912791354	0.4066906988496654	0.4423568445659511	0.3297569728736552	0.01512801881743905	0.6412864362722132	0.6667998453246762	0.5356267644207146	0.5410573227579336	0.5611917161033073	0.6707668066768455	0.4093400282782941	0.3973299792623041	0.3960789161155626	0.09681189199926635	0.1420291577672309	0.04011041479349538	0.2096248707464692	0.4360691478160402	0.4126051924300277	0.8710649935822561	0.3891408872389796	0.2534472432915356	0.544633758320326	0.7188648275324203	0.557280150054977	0.3787176174896633	0.1838840184908237	0.01630000345345075	0.01008015950754242	0.01307422047870769	0.01004499070844764	-0.12133159044656	0.106657559796762	0.05544461707885501	0.03754952356521515	0.2614453426855624	-0.2880314675258748	0.3757804890452517	0.3931270682172465	-0.5511179244755823	-0.08170770346278573	-1.119350844523428	0.0917059877230027	0.002057617850206665	-0.03255923165322113	-0.01533184209203317	0.005095111171513715	0.009688959608011236	5.158391896383234e-05	0.002351779276218839	-0.01299501845088356	0.2607493030497759	0.1411660373736303	0.08617343771361309
1.2	0.09039682641689641	0.04960910808096318	0.02268985751627433	0.05682710465326132	0.04830660621989902	0.02866813659451227	0.5065061597210162	0.9997321433715189	0.9997496620155041	0.9999049100201692	0.01192115228813549	0.01025938368311043	0.01024516440656125	0.01040832554698151	0.01112588503081438	0.01085878070159113	0.01008869313756268	0.01117349112604181	0.5558697132312287	0.01220932616808041	0.01187324183597264	0.01157591399310065	0.1249523767004508	0.1471631086927794	0.01053129656574186	0.01107850928607036	0.01297728847964928	0.01000304472812534	0.01006248056660925	0.01005285005496781	0.01004962824085098	0.01000032210985791	0.01000030661462069	0.01000030103613333	0.2389984828561283	0.04996702239341341	0.06847487547605059	0.0100911049511417	0.03067102508517969	0.09935519746312768	0.01041999355056066	0.01013120054255786	0.01039347779257838	0.3092462806008681	0.4616996101880778	0.5620068804595004	0.4572130819966735	0.4826322948979874	0.5111860515185737	0.1704486025874341	0.3257794334323291	0.1844613098199319	0.6654133417240393	0.6137519917894498	0.3016969868116686	0.2777642037551928	0.2984959556776474	0.2936786488542339	0.135864623934415	0.599817386186008	0.4609386691731923	0.4149514023002649	0.4559531732345639	0.3660498831141339	0.1244234835944063	0.722508678475692	0.7410646517209868	0.5338174003243287	0.5410567164539581	0.572162809147276	0.4591934683502885	0.4016131089639043	0.3867904056978416	0.3848005306740695	0.1720915622743373	0.2252405812492265	0.03029040540588323	0.2079443253472101	0.4403673050194743	0.4199441664378146	0.8246408529322501	0.4177645969840784	0.3125998645493737	0.541444251984728	0.693405259120176	0.5504799693943578	0.309613173603382	0.3416361075540896	0.01011914168742437	0.06211414726061482	0.0178353260346157	0.01007041946870781	0.08345912292312653	0.04906337350960362	0.02424482218412784	0.05372385486223363	0.0464267812277339	0.02822657358262255	0.5197471210720174	0.9999717358468044	0.9999699605647797	0.999988632915558	0.01171463348011225	0.01040749558399323	0.01041604704971988	0.01067054696445079	0.01172197022658212	0.0114538966899105	0.01011235785818371	0.0117212532656457	0.6574324283719782	0.01306051531560617	0.0127393808807214	0.01238102590542907	0.1086464605184914	0.1288322426585246	0.0108550807696791	0.01171714954404628	0.01369994791393412	0.01000455224451976	0.01008552799095018	0.01007289089207043	0.01006475427515129	0.0100004917502853	0.01000046643976541	0.01000045651240856	0.2503617989752632	0.05276508528321937	0.07134037435133367	0.01013512519676856	0.03343029543406406	0.1035028144461346	0.01062444036190294	0.01019563554448733	0.0105840537926961	0.4126547364370384	0.5249287090962824	0.6216162507006484	0.472862287718915	0.4929228683786155	0.5248397729664391	0.09753094850526543	0.3949261491428954	0.2417576463732672	0.6719594871838857	0.5842641801527619	0.3947089913342743	0.3544938622676382	0.3694247049676333	0.3771183574130244	0.3079090626315231	0.5505027051706177	0.4840089391315477	0.4647351196039909	0.4951040846456083	0.4815267810825408	0.3546358827014029	0.7851880217179513	0.7959194910045688	0.5245101006081694	0.5315916230134444	0.5859620645794864	0.01435775504709116	0.4005044490031635	0.3817976709657004	0.3829543291753195	0.2776459336992567	0.3642246086677314	0.0416989713411476	0.2340915494119639	0.4513916626398303	0.4371488563773496	0.7380847110514718	0.4681119902863755	0.4156132637005422	0.5345766132245848	0.6444232583904815	0.5373553935903347	0.1536827964459666	0.6171602743093009	0.01547743135408544	0.1578007399145027	0.02031334740490048	0.0683836225537806	-0.1456711683692749	1.513472767612842	0.5017012903890371	0.5241594136534029	-0.2751571489400897	1.02652686256467	1.004219199267052	0.5825018255552638	-0.6357027612814971	-0.08390706997416653	-1.197174592318367	0.07456833304741063	0.00199009641836177	0.06093946841316555	0.02409116060186405	-0.008464924089249046	-0.01203646649168864	0.0008399344624141858	-0.00342105185078754	-0.01184882811604179	0.294398631395545	0.1969316796617134	0.6228290050142237
1.225	0.07106399485731156	0.03978004109766277	0.01891273535029016	0.04732130713196558	0.04031336917498316	0.02420194783320019	0.411108864701231	0.9999918293405854	0.9999865042398434	0.9999718113139545	0.0117037568056653	0.01032385364766115	0.01028560679132686	0.01046160865089648	0.01120352423808039	0.01099432362937566	0.01006547332474404	0.01135630395534857	0.519730875234421	0.01223536263189528	0.01195207159451391	0.01168383084685552	0.1066021004228721	0.1272739624878962	0.01067319005827275	0.01119558784355483	0.01270320149284096	0.01000130919734989	0.0100277910495312	0.01002266041480281	0.01002561273306793	0.01000032187119889	0.01000030656191182	0.01000030117066935	0.2457131314436117	0.05023157090212159	0.0687790265062062	0.01008965182017047	0.03252488118048686	0.1015957580784978	0.01041389763021955	0.01012938084123595	0.01038816772412472	0.3757330611723177	0.4741193058878366	0.5480700358560451	0.4686984813729213	0.4873041742369006	0.5088503476202735	0.3523167051508094	0.4001239706288638	0.3145280916826619	0.6839256252773632	0.5951573474030059	0.3449190225271728	0.3145289341709581	0.3217088722540708	0.321275928688692	0.1947589061661801	0.5795349006795777	0.4664513312366694	0.4415564986431722	0.4451902950110546	0.3617939142440413	0.1974069274402516	0.7198460062427763	0.7309236708994904	0.5025435418707148	0.5242879788022171	0.5575976044208205	0.3202324795407319	0.3663150195000978	0.3442588464630165	0.3448728940689503	0.1718802578574052	0.2755539282990009	0.04219932689251762	0.1665254202043531	0.4275395754781971	0.407731320039752	0.822200948269646	0.4374805145486618	0.3526220999248446	0.5445767286475629	0.6994747757265911	0.55128225856853	0.09140688008984402	0.2757052927001548	0.02955323467396512	0.05790293105960618	0.01423928098545049	0.1560165811923396	0.06342466438326448	0.03484427376986571	0.01607650585141362	0.04379369168342846	0.0371057911844886	0.02219689963821882	0.2871081103744465	0.9996160499802215	0.9767026549693548	0.9999858273304292	0.01336066128156525	0.01028213147036915	0.01022454674713991	0.01035724191626979	0.0109328254414646	0.01076024646085911	0.01007954399317488	0.01117115081624367	0.4015840291311676	0.01182154164399927	0.01155524168944966	0.01132987314540155	0.1019937384270695	0.1219375561408099	0.01058084404194466	0.01092979091831798	0.01220054014503845	0.01000335696802311	0.01004756248114403	0.01004110442973633	0.01003502207426898	0.01000023504395772	0.01000022582617154	0.01000022340599216	0.244533273047226	0.04882942755689879	0.06725169126878415	0.01006677368006706	0.03209607273993438	0.1003966236530704	0.01030889005413381	0.01009632149981443	0.01029022274795846	0.3667005877814266	0.4409509644412329	0.4878197701159214	0.4695730247591163	0.4834914127424686	0.4945053062560428	0.550548928982463	0.4267406669353518	0.3795000880910524	0.6960244040475473	0.5911268318187999	0.3384405380709996	0.309351876890927	0.3077109186826268	0.3021873181751783	0.1345346692563535	0.5843842651424443	0.4610947612995704	0.4412884588881811	0.4139065629602474	0.2930051516248262	0.1039738528527624	0.6798477931445434	0.6873874489260371	0.4797555421467724	0.5126484544623982	0.5306240607421363	0.4276818438888789	0.3249696406708782	0.298148411183775	0.2952226756758558	0.1244590137003173	0.2442846398823231	0.04415450187191734	0.1244679994497091	0.4102020291162123	0.388857303545706	0.8569556540057482	0.4331155552168039	0.3396771539965255	0.5511774090233706	0.7287096247316058	0.5574952165283877	0.01285849723547421	0.1087503598290528	0.03606707670974647	0.0102990996453948	0.01087527278614701	0.2059543096875554	-0.1531938945707746	-0.1202398528046387	-0.05414132761373277	-0.26164194150438	0.2297401750676941	-0.2773354724677413	-0.5518407810286091	0.3432916007852823	-0.4378899825021376	-0.07046666244518497	-1.220751321592755	0.04768804835405672	0.002042242815759008	-0.03515959976062723	-0.0100023236009262	-0.0008964684577743756	0.009385701631003504	0.000534302746789128	0.001348490850017211	-0.01036303798258951	-0.0100334369267148	-0.04840847796109938	-0.1132977948499033
1.25	0.06898188904298974	0.03882900587295884	0.01689563275715361	0.04706796001883704	0.04054692642477222	0.02431151473893303	0.2012428210547761	0.9974134838966257	0.8829337958895617	0.9999166921665488	0.02880952273256496	0.01033614445513413	0.01033574883476235	0.01047198933796843	0.01109837873871525	0.01097352561434805	0.01044969516191512	0.01135963836173668	0.3291171545271745	0.01222712906644572	0.01193275486135635	0.01164694151698496	0.09341873880859482	0.1117612176749816	0.0106833053067318	0.01116398263086675	0.01261587109138688	0.01003898956066349	0.01052519327983587	0.01046826628095159	0.01032138074731505	0.0100003022867645	0.01000029830361112	0.01000030022322529	0.2432844705808833	0.04889103353838221	0.06641513950756248	0.01008793306416208	0.03263502398275198	0.09789007886489863	0.01041558328552534	0.01012976703910224	0.01038723828723603	0.3215103160537614	0.4053797811678544	0.4524531643537199	0.4608457816477834	0.4714992990864941	0.4789254944470869	0.4014389012083593	0.4046825668815633	0.2921966122076106	0.6711622484441253	0.5886488649614918	0.3899918749678776	0.3522844073518597	0.3474362077413666	0.3350793563899784	0.1584458802699036	0.5759600256009891	0.4741987611614418	0.4531742530088929	0.4315221096607841	0.3184060747325778	0.1112850301511109	0.6889843825144947	0.6991193179445702	0.5070096560992721	0.5184163616404075	0.5217287123630103	0.4601035454065921	0.2889008653091695	0.257357912196721	0.2327231195703191	0.2176368773595732	0.3097606469419891	0.05761208001751203	0.1487056601711731	0.4228397932502028	0.4080456260604012	0.7917633634758732	0.461277798658061	0.4032932269698132	0.5461395219803576	0.6937045766141267	0.5453888586995571	0.01443003154226308	0.3816842135596814	0.02443099618790911	0.08249428986808602	0.01033879087663138	0.1170862364673737	0.07759770098903734	0.0456489854201743	0.01981030204066757	0.05184191207687413	0.04554261009544864	0.02753691027157664	0.08386919057635739	0.9931122280133819	0.695959065818837	0.9998051823563137	0.04259664780645597	0.01044393224092945	0.01051416391943813	0.01070106986540447	0.01155292331892695	0.01144774836820433	0.01078850335340118	0.01176861010986936	0.2194325402510186	0.01305174957892929	0.01272287945232015	0.01233993335236961	0.08282717843190811	0.09871392477880321	0.01090523312824829	0.0116876017019937	0.01348284324994898	0.01007095812342076	0.01095991457166133	0.01085636068371885	0.01058382201604722	0.01000045697751579	0.01000045178778817	0.01000045486338777	0.2440550845000766	0.05032228920919496	0.06692021910452432	0.01013174777404983	0.03398360076487072	0.09645628536893042	0.01062604606349528	0.01019590688526642	0.01058119962970875	0.2738298658983191	0.356271200759274	0.3944198043799799	0.4493282241779714	0.4527231686547004	0.453096491211973	0.1250910204001121	0.384099910140893	0.1692699762677564	0.6295729997599485	0.5775468928942249	0.4929085409058354	0.4359647149424107	0.4249083604901692	0.4043744313493942	0.2398039187222131	0.5520435819813855	0.5006113212568537	0.4833206393858652	0.4660704052196127	0.3802463211508136	0.1870679746423732	0.7076796544696476	0.7199656161564363	0.5493416282125608	0.5248745438067386	0.5042361404247128	0.416501390800577	0.2360715695427946	0.2001382159683388	0.1474975485913886	0.3809662218871112	0.4425805561402075	0.0727669991054324	0.1967071799106276	0.4448793577107307	0.4420877110016895	0.6612506394604902	0.5187762456147537	0.5287181878305436	0.5369471575368232	0.6263482340665438	0.5224350541196278	0.0283954514432149	0.8861602725256473	0.01030108278537062	0.2079580800261057	0.01253795320094672	0.01038146484905573	-0.02283879205210162	0.543885871416383	-0.1631874207740122	0.1804512243627954	0.60567109129694	-0.653138595408806	0.818949857708444	0.5749776593056469	-0.532996770157563	-0.03629342859321164	-1.205715891167883	0.03316202424483388	0.002047116319808125	0.06324457391611489	0.01918360784887076	-0.0003988593346692682	-0.007846638380963918	-0.002284261330712816	-0.001262209088145742	-0.01039751707922952	0.06743754840658238	0.1482525624034746	0.03564007548752398
1.275	0.04686925776983508	0.02893541833450168	0.01554667980269243	0.03640996124820501	0.03169162324606928	0.02057425585101053	0.1047749128649193	0.8674225710792578	0.6678559637706069	0.9755810135865579	0.03769915962256558	0.0103422611329568	0.01024670946140712	0.01041239155935891	0.01120082934388487	0.01107258488415572	0.0101119754850618	0.01159166793011004	0.2386579055760754	0.01223490070125617	0.01197057439280322	0.01173302394889502	0.08706811816051363	0.1048230702815713	0.01076032268270983	0.01133031989949645	0.01258101834782861	0.01000176035725682	0.0100157764805835	0.01001332149224766	0.01001284209970173	0.01000030271597166	0.01000029849867785	0.01000029994359667	0.2278315686763717	0.04538133095267259	0.06077003693283771	0.01008398922958206	0.03010405898168921	0.08815541465853302	0.01040758390610308	0.01012589145683906	0.01037639105740778	0.3804531155156498	0.4701862889927808	0.5239359690707376	0.4667772549864141	0.4813437195844716	0.4939128444218525	0.4113297234203036	0.4500657373053759	0.3810961450641491	0.6467497984202213	0.5552394838349571	0.308740599683524	0.3384717906089652	0.3604966849789129	0.3646942246927067	0.2740068283297691	0.5378908656905431	0.4586642796857073	0.4587857510830367	0.4644166556213588	0.418713853495182	0.2783349463500695	0.5320995140838465	0.5449992558605103	0.5133672342844935	0.5155741095416768	0.5356051255763103	0.2298446502793158	0.2471850070508009	0.2160805889880832	0.1919570159625784	0.2580611945311868	0.3502637415149428	0.07206541543091985	0.1316112687336285	0.4168125451271409	0.4071089021660992	0.773484295587526	0.4903205867891594	0.4672671907693617	0.55295658189482	0.6992349893649976	0.5428292605862655	0.02465437133286181	0.3157751233956081	0.04693599854023623	0.1160691229178026	0.0386020047928784	0.01872139610376055	0.02743720055385423	0.01874158518110984	0.01295915594179573	0.02644841959193871	0.02291735914160271	0.01628317013657795	0.09204841057174633	0.6544230371373436	0.4847606483885665	0.8718256767498175	0.03383225804677663	0.01458231519495813	0.01060141675848204	0.0107578554835954	0.01113735985692145	0.01089370385005601	0.01021342910520736	0.01212391324122172	0.2056538694877209	0.01180698472945175	0.01157265683485557	0.0114312169550322	0.09159543530267876	0.1107150314831318	0.01285423572472268	0.01129221914385928	0.01209364593884514	0.0100467988971915	0.0101691459616827	0.01015290292084583	0.01012071590833432	0.0100002250505263	0.01000022161194765	0.01000022230168853	0.2097986926795724	0.04177434754359993	0.05604981043657728	0.01006266691672715	0.02763748693034061	0.08155838080628788	0.01030866729829148	0.01009473025289833	0.01028390775387201	0.4434362928917974	0.5439351582194201	0.6093052846184742	0.4739405531484668	0.4951622862156695	0.5161762317127183	0.5492770286795751	0.4980360185183019	0.5150597291397437	0.6370017160386139	0.5262649246326593	0.2115371220609018	0.2973835585457481	0.3403817913754346	0.359094700669476	0.3163695874912216	0.507187528476439	0.4345842831717913	0.451131834979803	0.4712645218198632	0.4631577935927222	0.3574892919822801	0.377267618608067	0.3897748534829762	0.5000279656254508	0.5091231826302852	0.5531469357845861	0.09300265987190523	0.245476880263642	0.2191942670366151	0.2071390487007346	0.1812171698213632	0.3015678545830818	0.07024154820874183	0.09429218912463194	0.399656847085647	0.3876011031188871	0.8336608290501997	0.4843234072150768	0.4510482798074019	0.565180252970387	0.7445635113827507	0.554455964692985	0.04169655894966734	0.01018323019251722	0.07023940667903265	0.05579146125786202	0.05160966614616404	0.01321154295671204	-0.07374565593776274	-0.3828747564606751	-0.2982276353277021	-0.02836123618737699	-1.665023273736537	-0.2553611934120818	-0.4939292837451125	0.2806524910338855	-0.3594504438183197	-0.05737176350399887	-1.155642246275531	0.0258602371248542	0.001736056381978474	-0.03030617070039434	-0.007350040128345964	-0.00294398949483405	0.001655180967742327	0.003886715816629973	-0.0009374323766286545	-0.01392760853397757	0.00406521215326913	-0.06886366123500598	0.02751917908969543
1.3	0.0124945865079403	0.01069718561474588	0.01069803760356538	0.01569751939637883	0.01393514438515926	0.01212768122241015	0.05877916377577862	0.4381609975576539	0.3262005965242327	0.5782150035993142	0.02405592715902995	0.05474248857952752	0.0152851128002364	0.01546841068879295	0.01238113918953803	0.01117950065856677	0.01460286593016208	0.01803305684696675	0.1219443759319253	0.0120355786411973	0.01175262609205044	0.01176458761884741	0.112732809640429	0.1349530587160505	0.03316245801802182	0.01280981190136845	0.01220015762632044	0.01081963163801531	0.0163981703773244	0.01573988312038481	0.01402968838832645	0.01000029725640639	0.01000029602593026	0.01000029801001835	0.1818088457158799	0.03538926497987887	0.04789838730394345	0.01010976347414769	0.02506344356962006	0.07335038402937627	0.01051291269502972	0.01016502467575044	0.01047715360421038	0.3152797471121065	0.4202108913344443	0.4719663220625352	0.4449943305401578	0.4568157885212042	0.4707592085176638	0.3726838657142111	0.4377084451710472	0.3505815097125322	0.6097146676062879	0.535842607665784	0.4057672787702103	0.410988614444064	0.4127245695948393	0.3996630712944849	0.2928957050242492	0.4966484827941892	0.4739891699902116	0.4734039183718219	0.4390413479611894	0.3740924837765379	0.2854338031770516	0.5227049224069151	0.5299278125580337	0.5254431738496631	0.5119947099932204	0.5140779140707825	0.3120506689476912	0.2723561390259394	0.2521716138796748	0.2127894235644942	0.1254035750114288	0.2765435531216551	0.0536715884708516	0.1062280976673791	0.4109490608626575	0.3973765181669892	0.8410609860520737	0.4754648542317831	0.4284652838239745	0.5601988140574146	0.7320776153292922	0.5566012884811863	0.2154630308341239	0.2969303303199615	0.08525607835747562	0.01016741218397649	0.03445949625316664	0.0186031073197296	0.01054130819669034	0.01061617690749962	0.01086281755438688	0.01225261496135277	0.01168050100425201	0.011602340326075	0.01110841963666092	0.01017226106375757	0.01018743759595467	0.01026971355225668	0.01967090779077148	0.09285627680623545	0.01947413998249568	0.01970186530327849	0.01367345414548374	0.01165998052547441	0.01871049638983682	0.02334041154913318	0.01167202592212573	0.01269924228037612	0.01234420048342432	0.01241547380234924	0.1325592916383504	0.1584289636805588	0.0516213609305719	0.01435540921073089	0.01279784382909048	0.01151248464181434	0.0222486100460031	0.02097729026087601	0.017669855895815	0.01000044739653979	0.01000044744852255	0.01000045137207161	0.149556884912534	0.0314486645775761	0.04226920917904083	0.01017654903859352	0.02437513615733584	0.06745205658180618	0.01081106246816994	0.01026441331049485	0.0107574623419126	0.1091556507309491	0.2111321082874031	0.2359988882050013	0.3948584838444542	0.3897620238280857	0.3908077893727355	0.03568694691215408	0.3360924883166496	0.06173161990090384	0.5498024197575282	0.5454999094696436	0.7462354134564323	0.6143935969480681	0.5470720221398033	0.4798723254202327	0.2708477434571289	0.4690276695422951	0.5439561338232468	0.5166382614260251	0.3928372423060857	0.246300361606224	0.1863471241799009	0.7526928059160322	0.7505918523788584	0.576463084895827	0.5173657279677453	0.4451749197599636	0.6579206419829664	0.3011627959285841	0.2865710956763232	0.199301548389312	0.09896444363636937	0.2677366904273715	0.04056232260496822	0.1430387220915895	0.433030171152338	0.4193291092977756	0.8462793908620058	0.4713090600340523	0.4152823880519592	0.5515796084439145	0.7068562527456	0.557686329491371	0.4355669255188744	0.8188707189941798	0.0836051031333981	0.01008688256276234	0.01016174105916358	0.01007339782377773	-0.005126884393956259	0.6308906379781999	0.3586669615184136	-0.121472264614639	1.53691150724884	0.1719554810861387	0.707485245243606	0.674216063811245	-0.1225274704596106	-0.02122457427117944	-0.9858928897289451	0.02918912305916599	0.001203216582181081	0.0591103076314882	0.01015393720685351	0.01069255793324442	-0.008259658373435346	-0.001334271270068849	0.0005126250544008486	-0.01457777210890025	-0.04276744810698704	0.376761190296561	-0.07739089551326137
1.325	0.01068854349049593	0.01065013627970293	0.01082728370545124	0.01254899296610083	0.01192793555806084	0.01164604412628056	0.01234986561413702	0.08298971195242467	0.05534227855370167	0.1470795842896012	0.01991997605772914	0.07228711396097048	0.01412029001427204	0.01474321083298924	0.01221396739514349	0.01109926920977303	0.01599582893803472	0.01921132852069922	0.02436632515997443	0.01203936855020715	0.01175313104558678	0.01173053817937877	0.1109723321637239	0.1326938754355269	0.03926817429575777	0.01300557269263859	0.01223239123771812	0.01003352106979751	0.01017506275252189	0.0101511683714157	0.01011703138345362	0.01000029529448431	0.01000029513454014	0.01000029732798551	0.1266918032176088	0.02493951057508765	0.03288226088831461	0.0101153853830891	0.0209138749775114	0.05504665860310835	0.01055575520666958	0.0101755178787572	0.01051479245214896	0.3988407197494236	0.4585460289045679	0.4881160139623452	0.4621945934006252	0.4721291828477951	0.4842025487587953	0.4091781932393465	0.4601940171433233	0.4038404577230487	0.5623074221031337	0.5106545696339663	0.4306712711504751	0.444299034363941	0.4580834134528111	0.4488080583731205	0.3917899378465073	0.4865376079006988	0.475017201755639	0.478922890971208	0.4685092961929064	0.4405424175897788	0.3842924644535641	0.4764080165839277	0.4842123022531927	0.5117048277066284	0.49819622573905	0.5053964669784946	0.29622982206312	0.2977953833311718	0.2810630336617854	0.2201300134380783	0.06441326190428295	0.1578797071626472	0.02893799103134993	0.07867677268267183	0.3893451051213799	0.3673702119810665	0.8785200234780379	0.4488229041814631	0.3616669415584235	0.5760274763877496	0.7866580797649427	0.5854372683104865	0.2047722699468677	0.3109363013977159	0.03735087915875075	0.04317438608306207	0.03269295034166173	0.01020706968913588	0.01081636891202431	0.01067189983772776	0.01081296769853026	0.01273323311327296	0.01209533794737352	0.01169578646150832	0.01144398289173328	0.01063115569757319	0.01043615137041967	0.04890801725697388	0.01986033765255832	0.06211320747165092	0.0123621965574887	0.01286604406453962	0.01156848050241868	0.01082239970276381	0.01436660044399105	0.01701472173664168	0.02038672375643473	0.01171268536983796	0.01146245587333229	0.01139311408118204	0.09709969147909382	0.1158399660650152	0.03235980821595256	0.01234148065613788	0.01196397036885847	0.0132784723504808	0.01034736795348986	0.01034444248878448	0.01019274972422406	0.01000021930184214	0.01000021900364822	0.01000022015704599	0.1007395354001474	0.02080927887992919	0.026584347364014	0.01009772812861252	0.01870644935521861	0.04555619218255057	0.01047085415044855	0.01015090487525579	0.01043100993967393	0.6004290518315885	0.610226367039381	0.6269025695312501	0.5086661503281678	0.5250076314090113	0.5405503717936684	0.6255115757693275	0.5348742259541955	0.6100147165315631	0.5421147604894252	0.4814517713866579	0.2665563575704367	0.3627206581427598	0.4240759358806154	0.4493909419544816	0.4953885544159514	0.4961944664802419	0.4388919343586001	0.460054675665486	0.5214991560616521	0.5724295321372267	0.5295682698051793	0.3188876770661848	0.3313134601113394	0.4645204532771189	0.4802393529476136	0.5308831530782961	0.118736964353915	0.3149872746706288	0.2984075743085813	0.2492556084944854	0.03981969760569887	0.07089494525748476	0.02167302474976496	0.04357643463284748	0.3590318417388803	0.3292567907860345	0.9222998239220905	0.4211684071991179	0.2988204350254249	0.59637914909775	0.860541536498288	0.6153807816462744	0.06593238183526212	0.01053120039392828	0.01068561290399654	0.06017811324874008	0.04389547953902169	0.01046273995880629	-0.000508862964721313	0.7861381597088508	-0.1002029777798345	0.06862730902829865	-0.5926413587293072	-0.5520395075754663	-0.07115725373105916	0.4623401640595243	-0.1381504073005342	-0.0481746852741298	-0.6917092134834119	0.004873911147957306	0.0008656736626493216	-0.02484334565381948	-0.002665419035802923	-0.005666620971825532	0.001165723804865452	0.00457034642213837	-0.0009253036868728431	-0.01536387720238848	0.3398689015674281	0.08965646930690475	0.0873590712450508
1.35	0.01098049963847013	0.01069151695764426	0.01088477402622005	0.01261152073178662	0.01212667492330582	0.01185818407979342	0.01591172088791038	0.01896324067152113	0.0184514710955714	0.04681387888773163	0.01807927215322014	0.07142108282881021	0.02333586082334098	0.02079100221395363	0.01305531447894807	0.01112170274656207	0.01344716117274082	0.01805043073709109	0.0257073560274478	0.01207370772457277	0.01180348362684231	0.01177712699380657	0.08676947707002718	0.1029206773041762	0.03258411917922853	0.01315037206656692	0.01238507749567794	0.05132922961221949	0.07288765442934519	0.06682738983824391	0.04912180918089457	0.01000029555313167	0.01000029524761783	0.01000029566632048	0.07263488015518738	0.01683147484946609	0.01974137959018337	0.01025014998054421	0.015999820877737	0.03187628357108686	0.01100540404908336	0.01038263941283198	0.0109097870523953	0.5417920147818566	0.5332723236696782	0.5299599662957892	0.4972269681779529	0.5044959954243509	0.5087691753707129	0.5142483301500526	0.4824804307816601	0.4939979068963645	0.5318287509916666	0.5016437994899411	0.3846806858412876	0.414767951089189	0.4347690397694694	0.4449389677401597	0.4463568408367372	0.514358058302995	0.4645346947954366	0.4675157746115514	0.4890135975745175	0.489649145402293	0.4449392306278335	0.4651323250538415	0.4710127228706938	0.4604218745205952	0.4821361600412731	0.5006296936466971	0.365118542850518	0.377669349884159	0.3678891271057979	0.3414660524943378	0.03817365275251962	0.05616253473491777	0.01973694588285813	0.06144604323603741	0.3816988558538988	0.3517044181603336	0.924366993285913	0.4121210011324855	0.275487452972473	0.5829767320782028	0.8246694088053652	0.6045849798065346	0.06199393711730841	0.1040604821811137	0.01192509482724616	0.04053850810269672	0.03309829406893251	0.01164323429137441	0.01065766410709866	0.01067890609134606	0.01099402499265523	0.01169182164638688	0.01159498353451197	0.01187090008878224	0.01212544457013355	0.01041020586989774	0.0107407671919743	0.01111988526462876	0.01556814718371219	0.09460921164518847	0.0358913183414267	0.03045362308190914	0.01513386841022087	0.01168164195511374	0.01447902304409369	0.02151746149015816	0.01542400174403761	0.01276110950853734	0.01243375791051299	0.01249055653328038	0.08510127857070925	0.09912934152609623	0.04059779711438319	0.01465775334519794	0.01307645592747585	0.0878570710845234	0.1406522438668094	0.127264136356055	0.0893309911516561	0.01000044740923514	0.01000044744642393	0.01000044827135109	0.04685319609356103	0.01490490661795163	0.01595856153899531	0.01041679071605097	0.0147275917906791	0.02252057680829701	0.01161871493474042	0.0106341114235917	0.01146688629031914	0.3907504714002017	0.3647043534779988	0.3251697900250656	0.4712549011113959	0.4603428249212401	0.4433362100279803	0.2486715726838127	0.3778370634453893	0.2305230677709822	0.4986071066164519	0.534382660682967	0.6279523918229071	0.5343317004771159	0.4769540916362713	0.4541506550769606	0.3592393506773299	0.541443371649196	0.5179778472224771	0.4867639838551112	0.4285469246708015	0.3266853743313735	0.2780803108212915	0.7361727395283167	0.729775004915957	0.4569773923318042	0.4842021887148714	0.4378597497809217	0.8343192748241094	0.4812155645125356	0.482109409819895	0.4719508539881849	0.04474676006987442	0.06448957267264672	0.01993595243751715	0.1040830665841854	0.4218462365534222	0.3914633192557254	0.9430146557259057	0.394401169646558	0.2404170178715763	0.5609993996455764	0.772792727359923	0.5910954372141808	0.1196150325962844	0.3048114594468393	0.02795476211762509	0.01073175735632278	0.01066028904137239	0.01089412693961738	-0.004582432228005506	-0.7948182225499982	-0.1509705841983927	0.1170770653890499	1.783815152838502	-0.5252394554913841	-1.123966008824584	0.4291760419647782	-0.08578964967502722	-0.01160434149215454	-0.4337998634294467	0.003686408467585761	0.0004167677248901688	0.04512176843661744	-0.001970794843003489	0.01254856525165515	-0.001099477000001401	-0.000648954807941815	-0.000136081198398997	-0.01522640094198423	-0.6477179672909412	-0.1242664721551819	0.03649592857383087
1.375	0.01051449983868879	0.01052706186046415	0.01080789247479678	0.01126775842387368	0.01122771145475447	0.01145804960378685	0.01194982488106929	0.01093911770519127	0.01125555650868928	0.0161261613828437	0.01532249213812631	0.07948611181305838	0.03253404218567849	0.02748155553903671	0.01377962546790998	0.01109128359628379	0.01300257581704493	0.0189414668670567	0.01736868008252567	0.01206875660060498	0.01182072043434813	0.01184419431750094	0.06640348789811583	0.07796690071087746	0.03437868676606445	0.01371418205237464	0.0123481665616016	0.08442384673356383	0.05565313432705913	0.05103898457850242	0.03780692661563486	0.01000029497445389	0.01000029498238681	0.01000029537809709	0.03237031923591066	0.01344215123942369	0.01393753429845464	0.01027479327189188	0.0133737624985548	0.01739691893081735	0.01131383865866302	0.01047955371837002	0.01114782547013861	0.6863749447315821	0.5582278566034459	0.4873933596525489	0.5435835527303855	0.5364527392722183	0.5213926714042312	0.4801337202881671	0.4833927658754614	0.4549284046154435	0.4950408986525637	0.4772350527812214	0.4109331029757078	0.4307427353331262	0.4522039587871325	0.4617379035373102	0.4652266903795071	0.5107291946409975	0.4658740236010447	0.4652030783778002	0.487280703950837	0.4770720276269526	0.4191976257938947	0.4214712975899185	0.4178679264006976	0.4116659273759686	0.4554403996821424	0.460410225190045	0.3696044955049142	0.445166474072467	0.442439251934387	0.4283023608574152	0.02352300342615995	0.03602029469246559	0.01578416713764768	0.04932106573771067	0.381813999965417	0.3403857242256058	0.945103851588719	0.3570041204294095	0.1472159808768262	0.5834740180507718	0.84755742155497	0.6207802566190699	0.216239993559599	0.2578966189459866	0.05090161377085529	0.01053120766151501	0.01024919560446883	0.01028867551213437	0.01047455035360932	0.01047446127425275	0.01073696527254214	0.01110174050897852	0.01108392199400192	0.0112827614329334	0.01195556796746818	0.01133567997345627	0.01162587973328139	0.01783334094150482	0.01504163972789537	0.06947373774001328	0.03045644121913657	0.02581799076489603	0.01323212710236791	0.01086330081873813	0.01222283722390081	0.01729640312503896	0.01818514905587155	0.01173388149293794	0.01153300950079925	0.01154489667496337	0.05250938323992819	0.06145281328083975	0.03061979647922912	0.01321009169038161	0.01198957431377352	0.07948088307630212	0.01040134848095673	0.0103786736445011	0.0104852432480293	0.0100002187744037	0.01000021875825253	0.01000021889665514	0.02191488654786286	0.01267591943867585	0.01286688106546872	0.01035944286231652	0.01267367067195848	0.01441447436713119	0.01125167521110878	0.01056718306463695	0.01108527108029581	0.9207740751263399	0.6619047822921744	0.5345574830350268	0.6028135155770286	0.5890770180233926	0.5625226194011032	0.5772516206491333	0.5366076753069823	0.5471000670933914	0.469902619376265	0.4351176137316027	0.3138069414542705	0.389995912474226	0.4478005379978903	0.4746642563739432	0.5342398013746639	0.4919480951289831	0.4411437385806476	0.4549636604412323	0.5149043183372357	0.5464417509169236	0.4847050280742973	0.2474527832706273	0.2417231636878796	0.3701051781933767	0.4282780934017368	0.4450104666453099	0.1319739903650716	0.4638872110478439	0.4621785639010512	0.4539508833148219	0.01479171173804825	0.023413055039043	0.0141177113606588	0.02867679195220297	0.3639054735884955	0.3142907387516423	0.9485736399973485	0.3225059123995307	0.08611720651708819	0.5924451024813773	0.8877785890625989	0.6401677764990129	0.3029742876685524	0.244906884623442	0.06525444083493691	0.01007971945810027	0.01022610983439284	0.01007585372496626	0.001681873501465527	0.8429833784165621	0.1222835583640292	-0.09869851825375253	-0.9122681481097448	-0.6562919287595427	-0.1102323105361494	0.3248782468469163	0.04367334117826698	-0.03229365326959274	-0.1796488535093757	-0.007835276830351373	0.0006972266775568988	-0.01909775866363559	0.002538611227903575	-0.005267581605403811	0.002446813635758345	0.004267828197753579	0.0002983927989714117	-0.01460902658904906	0.4933903785979568	0.1973964729768574	-0.02666311886195931
1.4	0.01076331353857893	0.01074008209403571	0.01102365235737342	0.01153777894874618	0.01149680673014419	0.01171432948692615	0.01251757825531244	0.01190557843309044	0.01201291392798293	0.01808678597247285	0.01351253517332317	0.05512086616698276	0.02913712710178589	0.02626665276808457	0.01522748601189742	0.01178045100564107	0.0125042083565862	0.01542810584965848	0.01622047818223048	0.01218472658484508	0.01201780607522519	0.01210192964200721	0.03484055789621458	0.04033570622243914	0.02803015551993626	0.01347068224075795	0.01239973830382716	0.04773039719275531	0.02819132239236181	0.0251491241608614	0.02088069931857048	0.01000029505196895	0.01000029501724994	0.01000029496686503	0.01591600936850227	0.01271814227730322	0.01287445135119042	0.01188967925740487	0.01282374786698332	0.01363020505325198	0.01229867563221084	0.01220218585587863	0.01219044726228075	0.7761960269659525	0.5386201007348698	0.4085105026953373	0.5628314698856766	0.5424976228062033	0.5043297748478007	0.4742290590228651	0.4858171013577081	0.4520761844812866	0.4481158115978034	0.4536338136149774	0.4502283078841759	0.4676257872594505	0.462033084965164	0.4777117612688401	0.5147236203161987	0.4999302545312016	0.4711326834680705	0.4732796608512184	0.4821410500254359	0.4795096519253749	0.4566513190874568	0.4125813690221182	0.4034155385243278	0.4021708768418417	0.4399648877473928	0.399938315945944	0.3914213312088358	0.5288058582314983	0.5321375317479363	0.5511519320064502	0.04124103806722262	0.05306154854322973	0.01953884085387848	0.1121234230300193	0.3946184485993744	0.3577061418319327	0.905487713940904	0.3698261501285916	0.196206428255782	0.5702340951246229	0.8049178493167369	0.6064685438409568	0.3297958436703773	0.2621683898157243	0.07378102503692556	0.0129109354899059	0.01469683155175054	0.01099830660674502	0.01099375538661173	0.01101953537010559	0.01135945437940072	0.01187118962341728	0.01187101230060135	0.01223583536312392	0.01228753538769178	0.01049049387123847	0.01060862421412532	0.01053770236530093	0.01177319271048237	0.04969374069116233	0.0316814220977869	0.02970688736236489	0.01788462540006618	0.01289890947429119	0.01349137292582063	0.01542269849159767	0.01183033750058818	0.01296610465986752	0.01278783689503743	0.01296374525096994	0.02414490358284866	0.0264437681735503	0.02938538703387599	0.01435103391165531	0.01315982611727236	0.02505653048075791	0.08141771732175603	0.07216850186688431	0.054103975972842	0.01000044741515285	0.01000044744795719	0.01000044747683909	0.01196420148343622	0.01288607529543478	0.01284849730892065	0.01328986159627691	0.01317730558418533	0.01304416819464792	0.01343844689724411	0.01371587976987363	0.01337316329692439	0.5279980228190245	0.303248095817254	0.1669437377607513	0.4957366856370792	0.459285066010119	0.3959280295285597	0.2549951837051816	0.383160398588668	0.246530207485902	0.4021659509382881	0.4866170414974142	0.7228066804051274	0.6205114443406121	0.4942757773772758	0.4859347457130461	0.4688693761836857	0.5165237449601761	0.530302699531919	0.5072799184601972	0.4170213693759755	0.3390943319168373	0.378344972218857	0.7203996050540213	0.701744985357706	0.4518598189770146	0.4575464162773056	0.313381470659561	0.8927819281717758	0.6659592633670582	0.6808128654775488	0.752997092043812	0.07473860511651302	0.09301514676563008	0.02583167391558517	0.2303100521394511	0.4521507141698368	0.4348566558111247	0.8277700614454114	0.4420863115357989	0.3571432275808817	0.5279047823010358	0.649285105058842	0.5468861290581594	0.3625191778771817	0.3400342496653573	0.0778801750766875	0.01029463545873832	0.01462412945154487	0.01184888733057427	-0.002807583377343682	-0.5020142975950198	-0.04677073399412636	-0.02509704316268152	0.156883667452736	0.4550671231986069	0.3997946864670455	0.1349072699463549	0.009571413282547453	-0.02627426010808692	-0.03301755517371664	-0.01354275689993158	0.0008376861264646979	0.02865185855161345	-0.01200648680438246	0.01597191698836585	0.001143768107653023	-0.000709459158343874	-0.000300945623352369	-0.01227965969966722	-0.3773579767477688	0.09078014069939498	0.07527924484738448
1.425	0.01083672369231279	0.01086342997884603	0.0112803984226014	0.01139634730074099	0.01143177444840519	0.01177453077139682	0.0141798272207108	0.1110142188812156	0.06428032731426747	0.1067354634583889	0.01818467506765717	0.03671098397039884	0.02642063420629948	0.02590623721768554	0.01760696043609501	0.01528511902444543	0.0116172111453934	0.01390461777527505	0.04239165793564181	0.01229423366464966	0.01229279903510354	0.0155470841792982	0.01645357390792952	0.01746322488557446	0.02433643569761922	0.01333905265185119	0.01239270460137848	0.01572676595211416	0.03598256332022277	0.03260404535381931	0.02596164532685732	0.01000029499097874	0.0100002949879198	0.01000029496232548	0.01132272433295542	0.01214040890732169	0.01211706296083947	0.01408976683780781	0.01237048476800959	0.01223781851949092	0.01263252208565447	0.01333961913285824	0.01265434602009821	0.7805575562298469	0.5343085351443729	0.3131163791546928	0.6099274362047251	0.565980335880545	0.4957194675872754	0.4939830140965543	0.4892177014312894	0.4392586126043184	0.4432478152426127	0.4492063056798252	0.4313722091011873	0.4306409181765792	0.4584439391837791	0.4738164899062197	0.5049969479037557	0.5287467376881732	0.4661275755109365	0.4608170758949975	0.4634332839659782	0.4398785292457117	0.4030858392943696	0.4650009834880068	0.441441716896058	0.3115525364306759	0.3977958334265995	0.324617265495343	0.4791956750233273	0.5482349932970232	0.5538761080604195	0.5812991215436606	0.04420810212826123	0.07208502916185465	0.02606172862212571	0.1797933194189804	0.4234259734051829	0.3944599573271912	0.8868170003043433	0.3858999522676008	0.2446261088287306	0.54523062636903	0.7355267442405384	0.577703525066344	0.3170623958997426	0.2157578746022722	0.05345023203886758	0.01009774453001323	0.01009595531180568	0.01005054462563142	0.01080216459728813	0.01085667792786148	0.011305257178626	0.01120443058466185	0.01125538194463331	0.01156964817018112	0.01510447998063777	0.1725162974735776	0.09328267695660983	0.1650920387495121	0.02133736276141777	0.02794750478463737	0.0228100947526615	0.02311287762458653	0.01717205213644014	0.01642492301170327	0.01067882770467667	0.01306487128531494	0.05833223290583493	0.01196575317614282	0.01205186916257385	0.01679181094186934	0.01212619186869145	0.0122650050152285	0.02097395074030164	0.01277672970891026	0.01200974769690563	0.0100331262450515	0.01004572284208237	0.01004253804305551	0.01003263323726616	0.01000021878094782	0.01000021875971932	0.01000021869788988	0.01109467527043249	0.01178351352111129	0.01177051615074468	0.01452493859529232	0.01197294167559352	0.01185559214884443	0.01221588693466899	0.01313143701982025	0.01228634654326775	0.9428402779851449	0.6759233181187804	0.3622020177522567	0.7106794432284769	0.649169639683472	0.5581299863281056	0.6216496641481652	0.536516029589029	0.5184905408658094	0.4651342480438759	0.433111629971233	0.239507782386536	0.2905971353135787	0.4307899843787161	0.4604751313240499	0.5084365304555865	0.5644673548736893	0.4253036013531651	0.4222605195302023	0.4828240997531102	0.4768525296840349	0.377366004899588	0.3523057607048763	0.3213249437865157	0.1912187253692727	0.3448486546750552	0.3086101417432473	0.2872886664319702	0.4882242680086379	0.4894166350577481	0.493807320066609	0.02933865363443124	0.0668960043990581	0.02789515491162561	0.1680264228496969	0.4212920931988972	0.3884371594827614	0.8967454707097307	0.3625366725220144	0.1933388836928194	0.5410908066841109	0.736655364817025	0.5776578839997247	0.2637584605103628	0.1226014644331384	0.04020042798450136	0.0102454698658892	0.01024241519287971	0.02472208429588161	-0.002210652263946923	0.9148398268439907	0.1338371723909829	-0.2189608317664356	-1.670157044909048	0.03971920411578436	0.396334633107465	0.05558123722411148	0.1026766739432325	-0.03651643867167727	0.0268166679917211	-0.007704208817563485	0.001333485684182544	-0.01109233009860817	5.372810470365586e-05	-0.005468304921913216	-0.001990348816668737	0.001733260654200506	0.0008080048163684999	-0.008585858773052749	0.5186552776653859	0.2193876964507758	-0.01322755006660703
1.45	0.01130369425878325	0.0116215713821819	0.01198852385328552	0.01184292547685858	0.01186743326045536	0.01205049407907449	0.01417846916931005	0.1233240083191128	0.06111990589391806	0.1176597440329675	0.01789188854529408	0.01855998573750308	0.01668984232386982	0.01702495127281302	0.01487586891255096	0.01519224124820918	0.01145273731763706	0.01287724413344319	0.04204915622022204	0.01238913892695544	0.01240553175428721	0.01548960782885663	0.01225572380179218	0.01228037227621181	0.01593081865922394	0.0127404079157317	0.01239811904338867	0.01038289285146401	0.01015455350542369	0.01012023733145023	0.01009087246454051	0.01000029500150212	0.01000029500155999	0.01000029488719339	0.01177656471464071	0.0122150962372534	0.01219962426554678	0.01477773083997731	0.01236064164474452	0.01224990469299174	0.01254659823584667	0.01331455412023551	0.01264191708971392	0.9575418465359378	0.6985082658543842	0.4019640729542941	0.7297798644559028	0.6726577992434294	0.5882818052667251	0.4995101372033964	0.4510274029023761	0.3800956189771012	0.4621665864154807	0.4735817588520789	0.2153404718803121	0.2457140931202816	0.4108678276343111	0.4412109052133167	0.4463884452195466	0.6269949623830864	0.4278613560640587	0.4004002513487381	0.4848310526680854	0.4590513710155008	0.2968261530773546	0.4846359746440214	0.4590494240736709	0.1501338725266537	0.3462406860061641	0.3454264627198079	0.5044368754982733	0.503864629727103	0.5060464772158171	0.5151488426840214	0.04903812796039582	0.1178162841248519	0.04352540818677485	0.2499493723247056	0.4384795149375663	0.4120042794609099	0.8353046323911181	0.3857279387173703	0.2456780437696747	0.5339692970089502	0.6952663261624458	0.5634398876861808	0.1464381506082608	0.05348203510289155	0.0497523299364561	0.01225273359092328	0.03424454210139225	0.1712469808323571	0.01183913668952432	0.01239337972934132	0.01267497679646695	0.01263245688280032	0.01263012742505303	0.01273970567528632	0.01265140993994404	0.03579158615536455	0.01108723476558747	0.032287297812387	0.01221837206834246	0.01378256176414026	0.01364670451347273	0.01368763012499543	0.01353564744718396	0.01350678455327081	0.01299742625006697	0.01325804235098293	0.01518888562744843	0.01315952990411339	0.01305023967096787	0.01361755628844669	0.0131678707956331	0.01306031381992469	0.01355111148704835	0.01325643050869307	0.01316787269893707	0.01026833919022951	0.03525727592698785	0.03242263941944065	0.02631455828132222	0.01000044741994895	0.01000044746547306	0.01000044734261623	0.01178229664212968	0.01288932043226901	0.01282594248818327	0.01500699471009458	0.01305814062207106	0.01275586193948959	0.01336110127030216	0.01392784712005733	0.01345590743541509	0.9824624755335443	0.7131418354758239	0.4138958299848631	0.7727643907342782	0.7137117016014422	0.6276276514783671	0.2564192577696268	0.291504315034798	0.121112575197311	0.4494087080488842	0.5475846850074411	0.2158064667534635	0.200051812595915	0.382157206318176	0.4093035716054356	0.333561430596572	0.7494091149546809	0.4397818486964241	0.3680052472563709	0.4770142907606532	0.4036892754264063	0.1617987805347556	0.7615875002033159	0.7409749488290824	0.1151814745018643	0.3504917960564771	0.387198003959744	0.9582900493167962	0.5480632160322643	0.5532472334014416	0.5754436548840776	0.08470055444401486	0.1888880016976477	0.05933003712002958	0.3971571099808356	0.4788082030620196	0.4664567919307934	0.7057802174097833	0.4373270587318258	0.3627737640344639	0.5124541463736327	0.5880057361907061	0.5264006073236427	0.01024419835816836	0.01035277827142712	0.0677383057082763	0.01350013684601831	0.05768765243166036	0.3419822623779498	-0.02297101967532069	-1.185521688400805	-0.1329408859622092	-0.04815668786154927	3.010583753499396	2.512215030377899	-1.164249443278283	-0.08922726301580489	0.01282133546818756	-0.02104030518901866	0.02723739882207769	-0.001657349982316053	0.001066964304425164	0.01227064808340397	-0.01512569005635508	0.0202829557879655	0.009068005058851848	-0.003391905071814685	0.0003344742502487427	-0.007689764933544307	-0.4423824939683949	-0.006821701630323367	0.02568480739777373
1.475	0.01287418406606913	0.01236078429582506	0.01231904086430176	0.01265097929307762	0.01267625076103786	0.01258448577285475	0.0126475934593856	0.02731561500137477	0.01877622439278039	0.03297851519129605	0.01415741045206222	0.01223415726383524	0.01192923431461212	0.01185606002630399	0.01185346885473157	0.01159840105147956	0.01327435796564379	0.01243681788665144	0.01346309564287971	0.01234698809576379	0.0121752500959625	0.0115596246933798	0.01743312067363626	0.0180596237793616	0.01219904018331209	0.01246546921296407	0.01242690296398491	0.02401459757921588	0.0197266554355815	0.0885635452704425	0.0166262142628535	0.01000029498025501	0.01000029497703767	0.01000029485290038	0.01131029293726472	0.01213752811200624	0.01208837137106017	0.01404829161465839	0.01229233845354067	0.01204728014162334	0.01255349220640546	0.01311719299251072	0.01262406023071361	0.9713505988642487	0.6931943646797605	0.2847298384605986	0.7857275191437465	0.7049034221321632	0.5847488830806529	0.5458861742624906	0.4976114680905056	0.4308930457350955	0.4463724433117305	0.4490595054269378	0.2269106883861946	0.2585131330366206	0.4095539760320205	0.4399915982430364	0.4824871991527476	0.6515896913945197	0.412987013523676	0.3874201598508	0.4718771694525569	0.4407723905745934	0.3054919948694365	0.4009664382718741	0.3460924161891173	0.06832043852848871	0.2772279747071984	0.2586512937363899	0.4255131854678379	0.5250954291510733	0.529177933925923	0.5458281665161414	0.06472791030503194	0.1362449297714687	0.07713350407671252	0.3404643798681618	0.4583435704145624	0.439212858228227	0.7814411867568551	0.4026991744908626	0.2972755620213852	0.5176166379145887	0.6377359378618866	0.5402912295931956	0.1701100863478772	0.09816064497957112	0.04510535723552469	0.01129634792933201	0.02709182861102798	0.1321103192714623	0.01372046591811669	0.01256004361402711	0.01229108165807952	0.01279531954731387	0.01284743778172127	0.01261831747488432	0.01262489157609125	0.01334809478385457	0.02065410403199213	0.0242225902347611	0.01527645834044773	0.01143353113001834	0.01103791311493548	0.01090957306001232	0.01096249213567504	0.0105971756385902	0.01372079078095747	0.01200137381581516	0.01205745949363788	0.01193973624730938	0.01171209967068412	0.01047652848826569	0.01971406324845383	0.02073364288046764	0.01149831541787847	0.01206465008883132	0.01206392554928812	0.03257130820679239	0.01071744147038494	0.118301144578459	0.0109943720015447	0.01000021876164563	0.01000021873727621	0.01000021861509565	0.01111356885262128	0.01176982451889001	0.01172902606609684	0.01356449047586021	0.01191147208607985	0.01169988832855226	0.01214991462719137	0.0127170653729435	0.0122067542227221	0.9725131754111541	0.6809697787210588	0.183445447281276	0.8209213436520165	0.7162876499522051	0.560806835940619	0.726040858319027	0.6271958946638369	0.6169401937969525	0.4422847082548466	0.3895997514168368	0.2223718111670238	0.2833035629457432	0.4253762607834495	0.457721607701933	0.5772205857338074	0.6090123538101422	0.3917599688275054	0.3914580899072976	0.4648104968868476	0.4564759393043167	0.3929972102320011	0.1895405277867079	0.1158873012139038	0.03371654949210867	0.2177322217227577	0.1684388433180363	0.1153945066607712	0.5172415753144662	0.521105094984025	0.5362911788163786	0.05873259756524087	0.1176439285558084	0.08864958390436621	0.3332754675189226	0.4557635794327213	0.4359135173612794	0.7853767427389585	0.3931096306253551	0.2789920538592707	0.5126000506408397	0.6314980681968134	0.5358316064420959	0.2669126773053119	0.1528235522437369	0.03055185050894524	0.01009652652932438	0.01021484661575483	0.01012862642631279	0.007772646930426667	0.3897696486628371	-0.05471852296200926	-0.2261307969066366	-1.056039314955671	-0.8499270773753717	0.1765337353888379	0.07119767746447782	-0.002034221464672888	-0.004954325370787443	0.02801879966248558	-0.002255473231907499	0.0006733212207981956	-0.003730294685244563	0.001417905139057616	-0.001689011872645416	-0.003015432921082652	0.001807331730256708	0.0008451613458097392	-0.006199888945398959	0.2489464548252887	0.09911787415859673	-0.04472794957055611
1.5	0.0164966880958123	0.01470061403998287	0.01391795359875651	0.01417005323184046	0.01432917984335502	0.0138167763462418	0.01223316043000366	0.01452286276560506	0.02058779307101386	0.02160108899298853	0.01552056843424826	0.01141651561295346	0.01105608482483079	0.01097131869712905	0.01092034272612101	0.01061564124434397	0.01672973212310346	0.0121118021015825	0.01352091646810407	0.01233043061500838	0.01187377860073233	0.0104648990729562	0.01943302684912567	0.02032113066722075	0.01150310952643207	0.0123670625103824	0.01250918748204044	0.04092063580082959	0.01108659242656413	0.07110874529891523	0.01071458252843574	0.01000029498930885	0.01000029501883517	0.01000029491986106	0.01164101857953841	0.01220974301331124	0.01216804636898451	0.01390630350336716	0.01230260386350837	0.01208591615957643	0.01255736382619912	0.01314158130602217	0.01260748852156424	0.9704600523672825	0.6943655733563244	0.2469319416338431	0.7951089093751266	0.7092572813994265	0.5796769543947621	0.6318965489048229	0.5377990711203278	0.4980540086720487	0.4656735732434588	0.4416575010510891	0.1389450382147186	0.2061959369082059	0.4250318479105612	0.4566274969187573	0.514410369326799	0.6300800655639811	0.3976130788971836	0.3807549208674254	0.4748259822026956	0.4654936218575124	0.3934898203034785	0.3690125564452211	0.3206809705003595	0.02907581361969858	0.2440353953317272	0.2175867140683084	0.3293443586021519	0.4987323446442943	0.5004125916045249	0.5073933260257194	0.1003409683675276	0.1901646026291541	0.08715555603065347	0.3493966828652068	0.4608333977740593	0.4444255308061947	0.744679270444497	0.4160285306339234	0.3249825599887577	0.5129432525071788	0.6161494493028938	0.5318797648487816	0.2606142109788958	0.1425989143823688	0.01483581247978548	0.01011880025565358	0.01021046592469911	0.01006855574947299	0.01864717726273523	0.01672649918555148	0.01559511762807666	0.01551789524526963	0.01575428831676276	0.01505249973147877	0.01157941078383876	0.0103012710301804	0.01020233085772657	0.01046461169620105	0.01387657283020789	0.01099735523263414	0.01106878038376983	0.01100414826895694	0.01121110516140731	0.01096859920759567	0.01957777709071817	0.01258137395303966	0.01081981846726557	0.01312060098150537	0.01246260359797393	0.01080792739591734	0.01784628550324128	0.01832552569390698	0.01150521321390431	0.01301960272069951	0.0133206656043687	0.04352795898299057	0.0221809650945361	0.01127048458341375	0.01734784660350194	0.01000044743117108	0.01000044753399764	0.01000044745352887	0.0122647628558517	0.01300020743335355	0.01294250586686446	0.01459299940103031	0.01306100265663422	0.01277887730125821	0.01336956216519474	0.01392715802192732	0.0134224517258738	0.9718763954757483	0.7190085436650566	0.3495599164338302	0.7651395985688682	0.7074276841293714	0.6166007032713209	0.4367119247756094	0.3613343185088496	0.2431975628553428	0.5023505223733463	0.5378352523664387	0.03832826987660273	0.08943955792780749	0.4191734094262197	0.4495169932969912	0.3911347307011461	0.6829683018500224	0.4086098320452211	0.3572700366993394	0.4896036107986125	0.4707289271243021	0.354473942630437	0.6908202026994511	0.6807459994313255	0.03602147612390546	0.2895254477669821	0.3052266322300895	0.7081387617649733	0.4744672939029382	0.4728839118189687	0.4677551210763955	0.1585233483122699	0.3078678778250787	0.08284794422184007	0.4075536139020112	0.4773527240646257	0.4695623856066731	0.6436837518273002	0.4638321480240905	0.4223008100980726	0.5085735130016602	0.5659061948638048	0.5169336077359858	0.1824621365061072	0.09130757180426766	0.01138358588123587	0.01119078548469735	0.02482624421306892	0.07182755942986992	-0.02011276301030792	0.292517577168656	0.2252446370595594	0.3101878017511179	0.06358534596237526	-0.07569486092836664	0.8625995685355714	0.0655027594941132	-0.1709561134394512	0.02195201985999698	0.02497484762890394	-0.002297242183550087	0.0004446115231345267	-0.005259019029733264	-0.009273422948026628	0.01704431848854155	0.0177023333424614	-0.005119269219823265	0.0001034001281929571	-0.005141225890578285	0.1844953986050495	0.279452815289894	0.2173525716596553
1.525	0.01342489403318988	0.01292855333558691	0.012710217398289	0.01264209951751007	0.01272606551484891	0.01258476659155797	0.01337587656935931	0.02298696539496003	0.03255506577837193	0.02439574693964637	0.01273342473765358	0.01569085303693414	0.01377829200908632	0.01352619830368763	0.01283195198296012	0.01198449471664428	0.01384801192127135	0.0126262688702971	0.01447187976016794	0.01233561719592235	0.01209927424466868	0.01209186826307601	0.01549132036900073	0.01578822631365359	0.01364629803284535	0.01253385950734649	0.01243208224855784	0.02171855524384118	0.04003706906550846	0.02288647664964692	0.03910631811765587	0.01000029495454064	0.0100002949424441	0.01000029481726677	0.01169744418221377	0.01224357871725589	0.01219633373120644	0.01371914380410867	0.01227305908729971	0.01203850830582505	0.01254111328234749	0.01304509908959684	0.01259343512337955	0.961227776382637	0.6087780492254624	0.1345575179213504	0.7828108241885171	0.6869170615284527	0.5394134986258796	0.5361966163892008	0.4857716564960792	0.4027846690026465	0.4630866877774686	0.4644074926725691	0.1312946899271943	0.1950783024334012	0.4222922739101921	0.4517730606498365	0.4694188008211962	0.6374832052614904	0.3970159405252338	0.3596288087388527	0.4611022410041757	0.4361337008824045	0.3499231701207697	0.4879107071749447	0.4346916771926198	0.03791922239932809	0.1968861960662695	0.1206609609897071	0.4601538523264797	0.4959812395462904	0.4980306194147755	0.5018643117942321	0.1134129182886001	0.2215667185850776	0.1156648554746673	0.3473109348946661	0.4601137506171306	0.4485938300784137	0.6943476893329477	0.444882697307186	0.3912397648768788	0.5096177185505854	0.5938388720247173	0.5202159722234002	0.0905863324842895	0.05266303146264862	0.01900564458164131	0.0110019406093791	0.01256724341395149	0.05377614620537878	0.01058662352096997	0.01084291751009164	0.01110844972793949	0.01111770061067893	0.01111431237376255	0.01127089754053574	0.0142022764470398	0.02927403927877794	0.0438797496823062	0.03137418955670036	0.01236535978577694	0.01813686047388279	0.01515037131918129	0.01478877517035408	0.01363041096149351	0.01246039856276097	0.01097985197839784	0.01269237540988533	0.01637272140133653	0.01191467071359789	0.01185637023053777	0.0126931265071959	0.01501907126089762	0.01524648353385856	0.014754545575103	0.01230863470319037	0.01197700000405047	0.01031328434835018	0.04809180772351365	0.02570473050764269	0.04953117935758533	0.01000021873202846	0.01000021867055323	0.01000021853020924	0.01141819424414058	0.01186538223215964	0.01182331667699209	0.01329331821585199	0.01188104217833179	0.0116715569198316	0.0121300169048669	0.01261644504641974	0.01218072539037553	0.9515435009487508	0.5023073544814249	0.01845057306518436	0.7787066008221389	0.6581170187893022	0.4758484822403877	0.5507144329522361	0.5342033439528745	0.4558516956643807	0.4432738848692718	0.4319155700053175	0.1815659702774757	0.2522981656056809	0.4245042113311632	0.4527491229989844	0.4958168195741175	0.6087945960402021	0.3915104730267247	0.3569440683446672	0.4414841071289072	0.4096111436096176	0.3431691258299717	0.3989297709653077	0.3129003886862585	0.03855687640912493	0.146906822377627	0.02730536270242644	0.3366728362367497	0.5053697037526499	0.5092896318527624	0.51644370970694	0.09269910750273887	0.1843799977228777	0.1366938234279757	0.3231088140831599	0.4526245677768993	0.441028902386515	0.6930724699760384	0.4431915205276517	0.3904267567785954	0.5077925073078881	0.5949999106510609	0.5164743847994555	0.01761572897825769	0.02168019646906625	0.0286447712418136	0.01082940339619724	0.01039103323730783	0.03844413977500481	0.0105691499113453	0.2224920370922995	-0.08786400063393421	-0.2240327811329044	-0.3896226508748452	-0.349667790619857	-0.5110978969979141	0.04144103477812823	0.01622132001993947	-0.01652823494973892	0.02254390172140804	0.0007787807541690084	0.0003224686202032428	0.001341875121744953	-0.008451937381779941	-0.003476647054738502	-0.004496763142495485	0.0001183338567627857	0.002575519258844504	-0.005057263678233207	0.09004018291913325	-0.02325076785962151	-0.03853340036382571
1.55	0.01059910231775448	0.01071637292344791	0.01087222077459364	0.01150417941770907	0.01146186508512911	0.01156192704513268	0.01279312783172344	0.02212060138464707	0.03148818141086871	0.02420174351370536	0.0144738603662326	0.01714791601192495	0.01433076457843308	0.01390290336921299	0.01299892758833602	0.01187449874880341	0.01334762064737006	0.01315574499350296	0.01536054562594973	0.01204353230321426	0.01150440877950342	0.01193227237937339	0.02235692681418172	0.02286143451337153	0.01433233588172114	0.01274212702054717	0.01230890028773608	0.0156600117643113	0.03022689366920099	0.02432125162859909	0.03214352916972422	0.01000029511200007	0.01000029517624555	0.01000029512085966	0.01175267470809661	0.0122506449556993	0.01220200349992341	0.01380638163209309	0.01228873363670733	0.01206435841212161	0.01257111395840766	0.01315800405741811	0.01261010064802899	0.9624899959046318	0.5376914426948052	0.1288714967002178	0.7475256418492017	0.6448298568172232	0.4939598554482936	0.5835449997350598	0.5396581993041052	0.4919668079526309	0.4677734730964265	0.4446043387412097	0.1791010123597742	0.253850697051841	0.431847892274882	0.4613657292674819	0.5053529309338014	0.5893695108021629	0.3999735139765315	0.378415211521504	0.45998906243103	0.4448239135736913	0.4103630598088186	0.3905053842943388	0.3283533449495292	0.03419179760447649	0.2264847622236216	0.1583781596485873	0.3229574615066167	0.4946348639022359	0.4962118122779798	0.5009491488607645	0.1248439599919733	0.2393976640201865	0.1284925368186355	0.3883455120126999	0.4681271448540252	0.4567122606396694	0.6817442905812223	0.4311526659004136	0.3633660407580827	0.5040732557185787	0.5788851730630749	0.5170487917030576	0.05127758768469041	0.01142821153520681	0.07815115154399453	0.0103510667227795	0.05411388033225266	0.01365497038022109	0.01291153466792053	0.01238485956587663	0.01205117533842008	0.01314651413559507	0.01314071646685587	0.01295382303352122	0.01079793541915528	0.01037702729154831	0.0101850676957407	0.01059216767101965	0.01636692163514463	0.01450703632240658	0.01265164758519733	0.01223931967674437	0.01193490559973913	0.01108154937209398	0.01802431009514318	0.01363800983863091	0.01260406361988872	0.01260265404633403	0.01145714418395918	0.01089070633213545	0.02936652890820943	0.03010937004754344	0.01319842898406351	0.0134273871405759	0.01308428548393461	0.02839529130611364	0.01035507871255001	0.01042927747606564	0.0102588463128494	0.01000044770240845	0.0100004479311129	0.01000044796841333	0.01237567395064441	0.0130204137848934	0.01295898218169888	0.01470663687945864	0.0130822064274272	0.01281412051565325	0.01341926075910053	0.01410646234519462	0.01344893227851483	0.9806896096662785	0.5822109285438529	0.3190835283444668	0.6817374541433961	0.6128635977814582	0.5220168398497119	0.6065621448719786	0.5196022358086239	0.504926594482111	0.5147306253184607	0.4820798551521206	0.1321468095631352	0.2134219691749923	0.4429436805438426	0.4745609905243614	0.4999970239783593	0.5584249170964591	0.4157854970892509	0.4080139679257033	0.4923314812505131	0.5028367006618152	0.5119967809384848	0.4333637955154513	0.4177066763050899	0.03091921802729159	0.3576097039518935	0.3757702435764778	0.3682102929882058	0.4724417614811827	0.4695548772845716	0.4681034135851008	0.1840323075373283	0.3493710064927912	0.1083048957195231	0.5055736374084445	0.4970314935958512	0.4875706601248378	0.6405371546191911	0.4207616277896484	0.3409209176332208	0.4965235094598914	0.5403294072300668	0.5145448534445837	0.1067161436582011	0.01009260733261155	0.1235733880300524	0.01023739811181605	0.1037390222398461	0.01093694396381216	-0.02365519380790276	-0.5804240130834362	0.0201655711608953	-0.06911384989477506	1.025242000222107	1.604651817310771	0.0644706572403068	0.01021951344660108	0.08168623491407249	-0.04725325322011282	0.02046786376105933	-0.0002177787469866727	0.0002116898845221147	-0.02275291286367962	0.005658835496383478	0.02721490630617315	0.03086748561702813	-0.006356022255115357	-0.005128664968638822	-0.004836753594163168	-0.1685334075931385	0.1532774245625022	-0.05245494410180778
1.575	0.03118510337680205	0.02432941242850614	0.02173784262311466	0.01613380109913509	0.01690911092075813	0.01636894866911392	0.01905066797415111	0.0127654587454347	0.02362277389406707	0.02570671999285789	0.01527426177261705	0.01172599967908458	0.01110784985566599	0.0109700848846696	0.01090996334582323	0.01057549996129831	0.019128593221987	0.01198895726905747	0.01091944906159548	0.0125523428457833	0.01215275552236481	0.01045732570215816	0.01933360437979963	0.01982085941404655	0.01148014115632773	0.01235821332809349	0.01274472126341223	0.0213721178919478	0.06175489142736514	0.01362800142454682	0.03825063608194063	0.01000029473095281	0.01000029473696126	0.01000029461648525	0.01167763650565675	0.01222861017553693	0.01217577972050956	0.01397812889170413	0.01230756323079169	0.01208212944709164	0.01260948920209327	0.01332009609308698	0.01263279350343708	0.9823383967939185	0.5960648386072658	0.1346972697997301	0.8159155815011532	0.6983286115386865	0.5214573768805517	0.5578635300947736	0.4880405129410242	0.4244890829795883	0.5087172095602057	0.484287480291356	0.06388178768004985	0.09688787077608396	0.3882745334681374	0.4461306207996247	0.4406414543058526	0.6325604427394091	0.3415994092439454	0.3036524826784756	0.4684266250018551	0.4602826155914673	0.4351739517682863	0.4629715236415387	0.4087103021106944	0.02104656333875316	0.1980770548070092	0.1840480492747088	0.3773073232127138	0.4581566828634572	0.4547263201184494	0.4517976268733422	0.1780338885221636	0.3007032642028292	0.1150878067290326	0.418374442203636	0.4734816942543614	0.4632911184533388	0.6572432025653066	0.4251792582463652	0.3533812865443736	0.4995869823169762	0.5639013126696396	0.5118250393686633	0.1078256909871334	0.07383008321365135	0.05166108770463138	0.01043325565239171	0.06055503441482461	0.01043180770955157	0.04059732013592838	0.03047353757442631	0.02675532656809565	0.01754457361553086	0.01870793193441161	0.01801832948156354	0.02305396110018557	0.01899211700068111	0.03455777313014242	0.03764223353350273	0.01485895529014016	0.01031809909963721	0.01039390499010254	0.01041301744433655	0.01048814808565549	0.01046983196028825	0.01920922713906449	0.0111554688088497	0.0112812758037769	0.01255940051729068	0.01265496565291842	0.01041652796752171	0.01349952123916633	0.01381049773867374	0.01066566739525831	0.01181927961802997	0.01257161553546764	0.01665906536622726	0.08935431489628405	0.01526608943493479	0.05242157498310458	0.01000021838091266	0.01000021827507258	0.01000021807412417	0.01131767146479679	0.01182942324927795	0.01178131456382803	0.01364632908081694	0.01192354843139708	0.01172181803151524	0.01220800965209711	0.01294322189806136	0.01222862944523685	0.9946957574048336	0.6234644093899495	0.02476795602380601	0.9236901992049787	0.7695218426302324	0.5295490581809692	0.52072535933943	0.4511197538924515	0.3576357793207403	0.5229461013639589	0.5011368540800808	0.01471073773254505	0.01532132423775034	0.3432711556295588	0.4254639125083938	0.3847977232031607	0.6909629234142906	0.284036353315866	0.2273577046260274	0.4590104548291059	0.4433338904557153	0.4026302204237108	0.5038900177859582	0.4262401470752444	0.01553870731295541	0.1086995015290835	0.07379578088798057	0.393544864413417	0.4363106474054732	0.4305800540996984	0.4239056587447912	0.1878609885313124	0.2925481419350783	0.1198189579050487	0.3775920095967616	0.4624382924558991	0.4527261446671159	0.6474253813494629	0.4293057467015728	0.3644650204706731	0.4998014473467304	0.5686350004091985	0.5074372174634624	0.1119475354118208	0.1215316835105012	0.01144574844491307	0.01053302590693235	0.03325009763459154	0.01022697562376849	0.01118029056017604	0.3068110929174325	0.02480697151189167	-0.04519096580635804	0.8464339363910719	0.1009417220899403	0.8051587961469623	0.09987128478637203	-0.1189980193253372	0.01980827250526648	0.02714768237771521	-0.002625537451801258	0.000392812504534707	0.007637520828220601	-0.01054977067275676	-0.004686409196832319	-0.005756288858153448	0.0004256486883040039	0.005057969570704668	-0.004846458657854496	0.08832642963841887	0.1243848029328589	0.06094697552197087
1.6	0.03281849793853028	0.02632511420149243	0.02398277720885262	0.01585963385610072	0.01665340971330477	0.01633684096508107	0.01803945114956325	0.06466345526389647	0.06803966312026363	0.06920665629859121	0.01672931651042321	0.01088126262185519	0.0112342012619173	0.0113351645879347	0.01151943645516031	0.0118873873839358	0.01506161432991938	0.01170835233651543	0.02275533458962071	0.01296415916712199	0.01384520330105641	0.01203797566923948	0.01066883103744918	0.01068748467959675	0.0115165912536022	0.01225229805844719	0.01277924834948908	0.01045756769073772	0.06028785067646317	0.0145967633852136	0.03777193612768948	0.01000029606848669	0.01000029605904957	0.01000029591070171	0.01155242189341251	0.01219148836340162	0.01214229616373527	0.01433637568629199	0.01234502300998076	0.01214394259847308	0.01265108031065823	0.01351305319469765	0.01267700634848946	0.9904094287055903	0.5721034662389551	0.01351804475398478	0.8517844443380477	0.7155325367990023	0.5068862962547696	0.5472663480252044	0.4851177577587356	0.410376621397256	0.5160895494259981	0.4882831273241066	0.01791481529900769	0.0519190539257045	0.370177143188988	0.4413710833672048	0.4286950796793837	0.6419098690865604	0.3244045131293976	0.2786629143892816	0.4651023725210374	0.4537084223882023	0.4236008359741829	0.4615247042115864	0.3921437196657567	0.01538543439662007	0.158081984004158	0.09600211538512202	0.3465707088269338	0.4544166148247069	0.450304349830886	0.4471219514364949	0.2274832532414271	0.3235781246540291	0.1398230420815204	0.3826976462376859	0.4663458585926724	0.4585237342523918	0.6217356730381719	0.4489689206185291	0.4031541375197498	0.5022651929761245	0.5611027941819217	0.5067863332063908	0.1210822407520142	0.1835691938786647	0.01042440498141969	0.01046642287607107	0.01015264968373289	0.01046580836398502	0.0197615172042311	0.01870745763021501	0.01830021239383712	0.01367700647193443	0.01387452443922232	0.0139479950252191	0.01028187085255139	0.1053263584621118	0.09110992087616475	0.09130801870774762	0.01914918643688886	0.01182506652158623	0.01216049332666654	0.01223543170209069	0.01254956576699069	0.01311892430659914	0.01205722575024282	0.01287606579517756	0.0329129323867109	0.01344902472886195	0.01461098818013667	0.01336625774478242	0.01311698849348956	0.01300934017135302	0.01262808939243773	0.01315257437756915	0.01324367075064253	0.01018012038271323	0.01017866605019753	0.01016698210677247	0.01012931391458722	0.01000044998694865	0.01000045017503805	0.01000045014813734	0.01213631747172225	0.01294945977413505	0.01289355322316887	0.01538342669586962	0.01315305270919058	0.01292799782309783	0.01350188306055478	0.01448639601086085	0.01353268516142288	0.9897735434448784	0.4946995689026586	0.0662389299347987	0.7332568106916587	0.6263674703638049	0.474402534911114	0.5920746529679705	0.5349826389041985	0.4949770288625078	0.5157145291921026	0.4757941159943861	0.03804876967990134	0.1179694793399044	0.4143289736207182	0.4689362703876986	0.496088026602738	0.5586199779893607	0.3912849871264725	0.3656132225096552	0.4809920104116575	0.4813088575021393	0.4765870220872704	0.4023884225225483	0.3565761099343551	0.01812287815680518	0.2654728367279755	0.1877549102158443	0.2824792941395994	0.4786035381424522	0.476152481005879	0.4773274911028237	0.2920642444308843	0.3956444952797495	0.1577295421843265	0.4124812600438748	0.4776230413372728	0.4735104611734552	0.5645260130042906	0.4799874048512557	0.4607959563279405	0.5050408762556512	0.5409050482532496	0.5045624333622422	0.1426075362857372	0.2325875954317015	0.03806486157801793	0.01031482345395813	0.01113750194617269	0.0102851471780028	-0.02553180301916845	0.03862903831372953	-0.2680882059262947	-0.2041450730806038	-3.956511308672861	-0.8490702316054765	-1.736050434594198	-0.1265722347643156	-0.1325435224025779	0.01595955676663934	0.02544175789429675	-0.004937678538000608	0.0004193473118725717	-0.03562250453483734	0.008802928373782513	0.04381178403864795	0.02902608257338046	-0.005453046537269884	-0.009341473248644769	-0.004179340046955106	0.1151678330879488	-0.1172838580174842	0.03361436132963823
1.625	0.01544912570964212	0.01435968844147337	0.01409715821485815	0.01289502809578472	0.01306160586592505	0.01305736181529296	0.0507002807214597	0.03916990540858059	0.03333594841415628	0.04555060246487629	0.01494719577321897	0.01137010317747499	0.01139085447926813	0.01139186107659607	0.011465250974941	0.01143616960064301	0.01355315060254721	0.01219053834109849	0.0175562952667838	0.01232611868818362	0.01221996927580539	0.01146350450715114	0.01524582031734258	0.01539407364752202	0.01187296526210188	0.01244185502089341	0.01259062072633462	0.01077403754747871	0.04082930166604828	0.04424776707715673	0.03648974678431453	0.01000029388543704	0.0100002939336664	0.01000029383699892	0.01148174966252854	0.01215997503584455	0.0121113993922504	0.014683316008788	0.01234265484774284	0.01214153107260621	0.01266295199466731	0.01363819577529813	0.01269617851908954	0.9925364942203574	0.5970073882222158	0.047551611658562	0.8779503584098466	0.7409985427772412	0.5250568159969053	0.5220154113598096	0.4286263668641959	0.3038455176160199	0.5587637001502823	0.5205250681633827	0.02496374576437085	0.05188366493832619	0.3144646099041378	0.4292489877671155	0.3954246133283563	0.6596517671457849	0.2945037958524728	0.2425292531702697	0.4665457666243182	0.4568124563026895	0.4324188073432942	0.5357828888545365	0.4829811261021928	0.01566593707319514	0.1740990819587712	0.187689290251531	0.3594244897335551	0.4373811350992952	0.4294732181298306	0.4279722568505079	0.2817590287485103	0.3707132160557424	0.09945806081484226	0.4100763689734471	0.4717298132706456	0.462767132749678	0.6274176422034949	0.4394252539737472	0.3844777556232225	0.4995646077350422	0.5562728117329824	0.5069597251946417	0.1269432100900598	0.09362472707487675	0.07318516689350005	0.010169731039007	0.03332246593822548	0.01028253643845636	0.01331658456362282	0.012358708400966	0.01222117828794589	0.01260266769205436	0.0127783200077923	0.01274370814754108	0.07513088031843974	0.01060256159056503	0.01072122813684687	0.02778151090298815	0.01316492859249532	0.01110798399621233	0.01098963454668648	0.010964409192295	0.01091506616670937	0.01057918716861873	0.01428071270566393	0.01182022123942387	0.010905710990074	0.01181177001986458	0.01109715100388526	0.01049200032375367	0.01607581438498243	0.01635716659915312	0.01149301439910798	0.01208695838495799	0.0122957532889436	0.01105630729720807	0.05465106247543904	0.06188725802776451	0.04957229410185272	0.01000021647147226	0.01000021641533462	0.01000021624783894	0.0111500023854573	0.01176428006317141	0.01171969679872949	0.01436622394192105	0.01193937808410197	0.01175131674653364	0.01224516438801512	0.01322116209991213	0.01228228612256669	0.9949493710696725	0.6782740328373397	0.04900265184041378	0.9753827949753587	0.8219059800309689	0.5665891451371343	0.4737075908249637	0.349962289708823	0.1761085813512065	0.6052625841603861	0.5619560667008985	0.0170641011847641	0.01471279983006637	0.2331565282479579	0.4010672954980509	0.3273713416545929	0.7263981932806982	0.2284932246611061	0.1643675516199511	0.4605102911754638	0.4460828123410675	0.4120661564992732	0.6324893462108498	0.5808278599754702	0.01434961714509788	0.1299033184720135	0.2073162131792513	0.3980961118877819	0.4080270676781117	0.3956396540348758	0.3934198273964672	0.3031722592912454	0.3802763249631737	0.06701669463939387	0.4242092404831639	0.4721748546665045	0.4602590905576663	0.6619928434727617	0.4130469196268646	0.3358458379037019	0.4949836012862776	0.5602138481583996	0.5081144131105969	0.1152378073744585	0.01007829938711538	0.09029386766772032	0.01013670004191174	0.04439490837971463	0.01031445788186367	0.008190932008683425	0.3104314398205958	0.2534836225306124	-0.2063730657092229	0.3214816377201135	-0.1285668817929903	0.5753532320170025	0.06694411646815128	-0.002430292016326193	-0.005824111425024438	0.03253514383065646	-0.005155812311204046	0.000627751329363128	0.006522944008684283	-0.01287579136459385	0.004715965954161808	-0.001070463635654761	0.0002456409957833051	0.006447752437351293	-0.003855896641797903	0.1044631381072766	0.2047062727697498	-0.03698949770606145
1.65	0.01665779356691938	0.01583946957954609	0.01589917075182231	0.01357120815329087	0.01396062725590877	0.01405513331708605	0.07820573603123324	0.07778573632043087	0.09081160036365335	0.09516952849988201	0.01794888500599674	0.01109670333454773	0.01124882918710918	0.01134350810077305	0.0113736344897965	0.01119742055428165	0.01321932944551364	0.0119874088452564	0.02701303635536947	0.01271084916883042	0.012707031817857	0.01115646346617436	0.01352647593742091	0.01373090086353329	0.01190921796464837	0.01247761156635097	0.0128875514861787	0.01067528359594062	0.04142257520229883	0.04178248829009985	0.03657166555862568	0.0100003000930451	0.01000029979492952	0.01000029933525239	0.01142395617098324	0.01214530703338857	0.01210018372049863	0.01506899819730357	0.0123624420051865	0.01217260231621706	0.01268253771780784	0.01373017130109534	0.0127445453211625	0.9923759950953712	0.6990471666031258	0.1630236426319829	0.9390218890633549	0.7995100768053947	0.5728260232223333	0.5050858474965637	0.3965132455209984	0.2719545509565854	0.5963271559872234	0.5528465392400138	0.01331247143371497	0.01599839130418983	0.2125446134457728	0.406044059855631	0.3552145104483536	0.7019996911762031	0.2292056359473533	0.1775597851774992	0.4702313338068622	0.459081331706535	0.4253199926658636	0.5274617077388617	0.474858344540974	0.01480833544893126	0.1798324956094037	0.2702289390391415	0.3347732946245479	0.4225480355455281	0.4117863948576899	0.4101981079027893	0.3782513783347388	0.4211946249079624	0.09698003826958504	0.4457775447218614	0.4792994408318255	0.470006350044969	0.6306683229429745	0.4243058677361075	0.3581166245629012	0.49529654949209	0.5472357865738379	0.5063298433090448	0.0911225315061945	0.01154474037313012	0.05619088304258507	0.01052725563858915	0.03095295246618252	0.01059496444827396	0.01871015472525456	0.01895915467839339	0.01949398411080983	0.01423766005324988	0.01470407848305058	0.01501673025928147	0.06467438998897598	0.176653619516891	0.1992507243407786	0.1861097701649899	0.02414377064556123	0.01145074824472491	0.01194387223303293	0.01216244676905896	0.01237449600725584	0.01259183505585666	0.01114653367169102	0.01262425883642729	0.04905314806675628	0.01398987128816436	0.01511122760208821	0.01268951568934394	0.01108866900781119	0.01110728728646403	0.01277334860195512	0.01325890572123872	0.01372942990665141	0.01007651262265948	0.01018869116378502	0.01017546916826513	0.01013286640041081	0.01000046049548529	0.01000046008269168	0.01000045942400514	0.01201768921713653	0.01291627656395077	0.01286664494614066	0.01614859200016969	0.01318770697586037	0.01298268972097307	0.01353940768217461	0.01467829293487455	0.01362305079772367	0.9880800519887839	0.7381052829870945	0.3175175692674804	0.8757358444447362	0.7613150635714048	0.5834210869962997	0.5609368024799056	0.4762416976156887	0.4352941567738127	0.5882642002419189	0.5400737369708161	0.01867316152117145	0.04884737896708164	0.1982856752637765	0.4179456162770002	0.4099837552034562	0.6556297484554455	0.2492260885585529	0.2236313122213803	0.4893358664642484	0.4856019015358366	0.4565689215223343	0.3445803660295028	0.2955150443322551	0.01665201776941595	0.2799095618943758	0.3775022100519649	0.2227639425656198	0.4492576863237122	0.4412562608064873	0.4415342294237312	0.5088256657082971	0.5036931936538364	0.1488382983357941	0.4884648272401492	0.4937656837252705	0.4893264570479273	0.5695835809300257	0.4471871558473466	0.4037770625312144	0.4958136587968026	0.5209569083143748	0.5029470419795407	0.07295230895473871	0.05288188178927531	0.01822099219309506	0.01088166783782853	0.01117923310134851	0.01079774225779253	-0.01858461993103699	-0.3105015295190086	-0.1709726197437837	0.1008780051389022	2.084276299510617	1.901983361516779	1.094345779589099	-0.01546166435075328	-0.1514218982836875	-0.001051773796204655	0.02836415132828398	-0.005305777997482068	0.0005067798587724934	-0.03329507681535719	-0.002411119791451496	0.04334222374234276	0.01517060291449074	-0.003552802201648288	-0.009529443561686618	-0.005786856555468639	-0.1329732324074911	0.03344465611522406	0.08211800457131589
1.675	0.01310422056620535	0.01327965077485301	0.01354137112127597	0.012661991690426	0.01273176476223394	0.0127146578335078	0.02654134587820824	0.06986876955338323	0.07735021709921863	0.07125620904526483	0.01687979042617994	0.01172344480952317	0.01156517612689017	0.01156739552109488	0.01158409414606576	0.01140243820199874	0.01452496355839265	0.01229825978519919	0.02459783195394508	0.01225398918078485	0.01227986206203622	0.01137572086247051	0.02125932989009386	0.02133423090395571	0.01200686020481337	0.01242644291398968	0.01244278213146983	0.02622837862643652	0.08674048754127332	0.08494869092811397	0.08529533334083203	0.01000029108856174	0.01000029101229601	0.01000029078809764	0.01134353206786305	0.01208043103505446	0.01203745533335359	0.01583942880216309	0.01233332683134224	0.01214687406837414	0.01267603270177004	0.01395989852321294	0.01276196484364642	0.9981227466044775	0.6239517480337898	0.1249224099351423	0.9373792493590352	0.7796851989626025	0.5380647187944879	0.5021069991517549	0.3743515344830567	0.2163582784215377	0.6159363881728452	0.5633028642851584	0.01202237634694524	0.01273724016312812	0.1309732273430005	0.3957174994224481	0.3511044765446499	0.6941873116289592	0.2322346282680726	0.1726324672885006	0.4695227201405949	0.4596209141769618	0.4275671858156229	0.5830689150136787	0.5395159093920445	0.0118034229426259	0.2005818525789988	0.3087670613261779	0.3323803669877713	0.4203482710825289	0.408738140178103	0.4082907081937593	0.4555244935069329	0.465922885100557	0.06378708593352561	0.4430170117098395	0.4784997543795969	0.4706763438679278	0.6122806078061689	0.4252604241187882	0.3615926050185814	0.4952789543895508	0.5435669309373194	0.5034388863728984	0.0946916410766396	0.06770195260098602	0.02790408194775821	0.01035388487950349	0.01045242437600188	0.01038602579415841	0.01182522667335797	0.01105472051110709	0.01086400064629472	0.0121544071979263	0.01206327941722713	0.01183343322078579	0.01029421872160594	0.01021876490272849	0.01015180234259487	0.01057117969233913	0.01324448615769238	0.01180303185970951	0.01130775872360719	0.01119744180072236	0.01111296654879209	0.01071638008548702	0.01656689532051257	0.01210598818140588	0.01101484928845862	0.01139133058347473	0.01076742868977385	0.01061865067843806	0.02666998831880959	0.02680832817292855	0.01154727013005962	0.01200609085175312	0.01188289465292612	0.03418997685825951	0.1297077272592017	0.126726259546161	0.1275804945075278	0.01000020889944636	0.01000020898264983	0.01000020896320243	0.01101630574195434	0.01167197493946189	0.011630357038165	0.01574513776447239	0.01191167458309367	0.0117259412230715	0.01226087202341773	0.01364566888169728	0.01234666507739049	0.986199836597661	0.4803442931768966	0.01347578961200203	0.9329465005054042	0.7464520916237669	0.4750867644112704	0.4744862764251504	0.3340046120441709	0.1216685740816859	0.6279651419404817	0.5680447110583492	0.02792573783401426	0.01781323575718265	0.1054624282071992	0.3875019448563634	0.3321211094325932	0.6878860769275799	0.2397890863591728	0.1624188849606296	0.4590988669765887	0.4476180496315955	0.4173443237140266	0.7084052971561364	0.6704374181624371	0.01453228630926776	0.1694826539083861	0.2805212183014397	0.3714590876362932	0.4094187105112679	0.3965001039008116	0.396124978467957	0.4413236195750728	0.455279953667907	0.03325463422296772	0.4000641661931031	0.4665769546333845	0.4584488075343127	0.6145824363846006	0.4235826073282445	0.3576142542526202	0.4967815612514873	0.5547935811385221	0.5014060906575686	0.1077328519970116	0.0746886711361858	0.03363284261187072	0.01013688016688718	0.01029022379842084	0.01019857969045671	0.003229908207092783	0.1582437307750716	0.2356880801875861	-0.2633095566334697	-1.118386312446191	-1.365625866281334	-0.1166555276744084	0.03258679491435852	0.01477115552758586	-0.00451433677479164	0.03783137956990314	-0.006201881031395529	0.0008917970886323169	-0.005443263094743676	-0.0183310425182928	0.03563271584083271	0.005081852134478041	-0.0004468258749282601	0.003335079381912336	-0.005702867598195833	0.1723291096806542	0.08285980528245017	-0.06581050239835164
1.7	0.02817961696537635	0.01915241325327948	0.01620194734860201	0.01540548462374191	0.01581044614101457	0.01528024394493567	0.06364094416500704	0.01639301527093286	0.02418787264207016	0.04067411712913539	0.01669962840517759	0.01124030589475975	0.01091590487474748	0.01085791979349225	0.0108367263690928	0.0104960584512044	0.01826752073384305	0.01204657528297132	0.01080894594475159	0.01223323313631881	0.01121048693063594	0.01038132890620645	0.02457367353516474	0.02497815639893892	0.01123595830215824	0.01237611913369079	0.01323129821098385	0.02463944160742413	0.08682966510024574	0.08497698290155288	0.0849469613888829	0.01000031553130184	0.01000031540308812	0.0100003150910563	0.01143182437561498	0.01216772101663217	0.01210476099544277	0.01654603308804602	0.01238606382766477	0.01211183207122245	0.01284561984556352	0.014455311005408	0.01292212572486109	0.899034500219772	0.3460696555215161	0.01437299677262581	0.7650622337205194	0.6133282392935315	0.397438552758993	0.5190151486728156	0.479776541043522	0.3754581187910985	0.5600873186411661	0.502009421511851	0.2100096505840474	0.2491993784330714	0.2831313925708026	0.433679053694705	0.4234301236052217	0.5811567067254201	0.3396195188446542	0.2933050154962404	0.4681898952815748	0.4642378909318652	0.4480138060022699	0.4814166006676946	0.4326814598760071	0.06437169095243515	0.2480050507530807	0.2951979435309688	0.2421319992270591	0.4455244280639822	0.4386601507025883	0.4385090617593086	0.3839943047571518	0.4235850976617984	0.1741472276589519	0.3331490884414507	0.4561494239945188	0.4529213566412942	0.555908000351695	0.4773945305515939	0.4599773063234383	0.5051884995449679	0.5517137244657663	0.4972313973897867	0.1105294888356248	0.06419340164974843	0.05034021312294172	0.01080828717236995	0.01421636176749348	0.0105400704682101	0.04531927208961248	0.02895882728033355	0.02373551999623858	0.0189325759193704	0.01993114993761605	0.01929969078050453	0.1278522950435261	0.06726295553372902	0.08680145242608163	0.1164154130135604	0.02357327569761745	0.01073490755569003	0.01086317709934648	0.01095383180083735	0.0110954005576163	0.01102922377728562	0.01808942423419104	0.01224718175715495	0.02321005789592186	0.01384929315855784	0.0131100379049054	0.01097390681555093	0.01852089764843308	0.01909794016820601	0.01142637576575855	0.01315793155477208	0.01503301468451896	0.01027127441419237	0.01059419884483059	0.0105697984067505	0.01041455586888983	0.01000050178047323	0.01000050132600107	0.0100005005651166	0.01215627859811956	0.01305680263451796	0.0129721210815611	0.01757985051137644	0.01327492887506417	0.01291461475179702	0.01383966119175425	0.01561258443558514	0.01391195231663196	0.7273027290467554	0.1130406490990433	0.07417624742562116	0.432756228596912	0.3532391922991922	0.2632958008734177	0.603973208364939	0.7426102748349506	0.8304557249360784	0.4399303476331494	0.3856594637265582	0.4368824592415138	0.5728102689309527	0.5480254261657882	0.5122941752529998	0.5849469945630853	0.3780210628956533	0.4950305045180198	0.4986041087283685	0.4863912812247862	0.4965729293937949	0.5050228177709758	0.07268150270208615	0.01349482299025288	0.1149281546946979	0.3881324781302212	0.3416601266885433	0.0358572773521658	0.510621253676844	0.5141800660094631	0.5147860050955074	0.3171895407286696	0.3868846979231532	0.3828365712348827	0.2347685571429819	0.4401844326785467	0.4462626376200069	0.4400092234402183	0.5733487769463659	0.6410940284741919	0.5200146542013843	0.5428283790114166	0.4890993520369349	0.1034809135720599	0.05877157438969516	0.05610598257205181	0.0116490936750696	0.01421414515268214	0.01102360861916847	-0.006293615874915459	0.2539630871696681	-0.3679679155769305	-0.003513815645523953	-0.993933944362446	0.3599450410757861	-0.8409929467181844	0.1669696681913804	-0.1785797468458738	0.02748062941195456	0.0396150651311801	-0.007318946633287093	0.0008127398845173519	-0.0003424266827481008	-0.01047415368352639	0.02558558326632021	-0.016374382476312	0.0004344082466293572	-0.005099099228404133	-0.005514082218219076	-0.05093084331804637	0.06773034454458299	0.02830341299639565
1.725	0.03189492835220397	0.02278766517326686	0.01993910535827121	0.01537589948546575	0.01598367267632418	0.01574172799139165	0.09503604972933495	0.04388819377108609	0.06523604424187669	0.07176764168076565	0.01641683969604332	0.01053247277555958	0.01070449984523553	0.01078482507755048	0.01093828968234107	0.01098778068640354	0.01429746154606376	0.01155014169658486	0.01565020060549542	0.01284457505464861	0.01289522335037691	0.0109144687324116	0.01312945968029378	0.01335330052736385	0.01105860917782798	0.01210698637234854	0.01327728472927938	0.0103064660488042	0.0129886500513047	0.01386632076870429	0.01365014980416818	0.0100002779343959	0.01000027778490414	0.01000027746251585	0.01139780398192747	0.0120382357947745	0.01196846921341132	0.01573123511104971	0.01215689702291948	0.0118610309608074	0.01262760501484751	0.0140715893566336	0.01268425338784747	0.8948025027857309	0.2543182496916398	0.02457116883268554	0.7472885026601648	0.6030539230269857	0.3634568238336131	0.5217314018678448	0.5042157457524745	0.4313879010031099	0.5811041374944645	0.4990745021358667	0.1754289198201662	0.2397118479795591	0.3682120706066799	0.4506573388998447	0.4522651691632563	0.5631886705743604	0.3820157812305221	0.3464761609542035	0.4629975265520098	0.4599655772937315	0.4547887557334771	0.5685649055211058	0.553649611016254	0.04226856117032145	0.2611520095577408	0.2501090100405314	0.2003363631470718	0.4442095389441985	0.4386115776885518	0.4374092273903825	0.5051882964895708	0.4666353078565247	0.1562786286170386	0.1724185746588386	0.421624223410173	0.4238809864777854	0.502632500069779	0.5348088462970334	0.5732284690079549	0.5151030049027309	0.5663361658064219	0.4904853583942259	0.1060162351961952	0.1191710431574889	0.04967372165551349	0.01009093913105035	0.01009348835407139	0.01027014472959908	0.02328476891312078	0.01873015456677122	0.01734664639868977	0.01337461574641653	0.01371980442358823	0.01369038981606296	0.07825914653795285	0.02963934743692626	0.05244675142389744	0.04557211696949009	0.01253369645953081	0.01071309101008396	0.01082521919876719	0.01087074405874113	0.01100877029865626	0.01105988689204275	0.01230006448319554	0.01137155892846991	0.01155843730698855	0.01234525913330808	0.0127400795374153	0.01095826361720065	0.01083990586518169	0.01085658793966182	0.01103865166591602	0.01168352584863785	0.01237812435131921	0.01047220565984527	0.01136779154081942	0.01100567026394382	0.01082075549078478	0.01000018484638607	0.01000018482915803	0.01000018471930201	0.01115126289732353	0.01162877069508583	0.01156927672246095	0.01470394072879079	0.0116845401181573	0.0114299724123698	0.01208956171903522	0.01328971845717288	0.01213607189358823	0.9965391989493605	0.3230670025391943	0.01282567061004093	0.9176198611723325	0.7481620442423715	0.4244295840898082	0.4677488178250584	0.3548203483770985	0.1759286393414183	0.6780602691746918	0.5710307091589257	0.01876347338622086	0.03335774960105799	0.2805110096306211	0.4223693179769931	0.3806891412240942	0.6668108962594931	0.3328397193372574	0.2742865710697632	0.4492096118631946	0.4382199185439398	0.4293712340773278	0.926527560837933	0.9568334355425451	0.01328017829046219	0.2014846133767843	0.2025248290252931	0.3068144560439607	0.4052939450284163	0.3946016304475772	0.3918982576417731	0.6904817187520463	0.5439282585575951	0.03252519988148741	0.120155152316106	0.4031249606224544	0.4050084253322345	0.5163233141354858	0.5326827894077369	0.5721189676134056	0.5153691254639999	0.5824742265916377	0.489387196200653	0.1013319651561921	0.1523052023330956	0.04600299679712579	0.01043990928477608	0.01316857376694921	0.01020203162115471	-0.001668083642516837	-0.09332928658920613	-0.2416739847306451	-0.133678697914186	-0.4671115893208499	0.2386862467100247	0.1803792845876571	-0.01503135376230668	-0.08183695039826194	0.01833574306366111	0.04187209567839745	-0.004100442913177751	0.0009734850337495176	-0.02399748474076255	0.005764081830899212	0.01520478139232371	0.01880164848332841	-0.001293703293076641	5.170284215194517e-06	-0.001870704665316312	0.1684833788746943	0.08548648287571849	-0.1172628824279471
1.75	0.01385634675877019	0.01359733037104375	0.0135072736013596	0.01310367518704595	0.01306461735560301	0.01304597871380344	0.08934000272215728	0.03086037733835037	0.05819406062963293	0.04783376529587074	0.01328807690350513	0.01332932999099611	0.01273712848337794	0.01253421867752455	0.01249594820819852	0.01203234547317311	0.01276886687692383	0.01322285602558072	0.01382792564490094	0.01297790913142653	0.01268823126840333	0.01176744089646794	0.01661620436073259	0.01652017111230074	0.0127224285522459	0.01311489342425492	0.01306809719647673	0.01202192183071075	0.0351393833413577	0.01640279929027211	0.01681344840476546	0.01000046629750611	0.01000046593486998	0.01000046554113119	0.0127623237186378	0.01304644258420445	0.01300464256121461	0.01458592542659509	0.01301298789221083	0.01280710425850434	0.01329332986170591	0.01390074012592588	0.01332301300785909	0.9967105263339231	0.4706958123875898	0.164147072206543	0.8687217901149603	0.7467166496169698	0.5110242615692255	0.4466763857678798	0.3061954960983665	0.09804756027214001	0.6741866464861885	0.5938471131506426	0.01083110511020647	0.01214523234089225	0.2975336016681519	0.4323853267170723	0.3745740282678377	0.6742863703703103	0.363136751296645	0.3118969908524129	0.462277669715892	0.4496254073860917	0.4398473582321448	0.9598840555612428	0.9810550837573853	0.1075058922609228	0.2785987997722901	0.3037193173113098	0.4881911705171088	0.4150727220404786	0.4041835732950322	0.4016403975236231	0.7359079537784389	0.5843164239610148	0.09535125805009399	0.277920254805872	0.4410020604544386	0.4402981413391226	0.5326578393754963	0.5074991676481027	0.5206718596434216	0.5081502197779213	0.5561957361719794	0.4954338281258528	0.05981616581786775	0.09244638800168753	0.0455931034444633	0.02163353337004885	0.06253927629435523	0.01341533957820208	0.01345778140898913	0.01327872151736524	0.01307098428241371	0.01486692842024984	0.0147527541343218	0.0145885529906379	0.123060635747079	0.05078996613920698	0.08456841612359828	0.07869444954895523	0.01788708798292229	0.0155478110454004	0.01442738208264692	0.01404556143090328	0.0138860321282276	0.01299602520658496	0.01448988599257335	0.01511082953764517	0.02113024470220914	0.01422531500186255	0.01312483186404437	0.01260964101627086	0.02240762680284396	0.02237542560971746	0.01434359525484817	0.01489085909541776	0.01467092116640391	0.01057111691906728	0.0459959334132643	0.01055200417241593	0.01160878041338883	0.01000082715997257	0.01000082632281083	0.01000082543308534	0.01457516618269819	0.01482164219648813	0.01478504232793902	0.01535648199991886	0.01474666909162901	0.01454095683399293	0.01497584455114529	0.01522230936702573	0.01499572801889185	0.9945025667985311	0.6539169101012615	0.3769489712600672	0.7555120756176706	0.7204548152526392	0.6301935157615822	0.4200591367228851	0.2618193980176285	0.06277081437816492	0.6606936052954684	0.6197776190595209	0.0694768380444831	0.0613626901335761	0.3778802046016392	0.4624838927538092	0.3904935898285923	0.6649996159406277	0.4423274845973166	0.4130107778934765	0.4867004471986434	0.4732178120188739	0.4665273314123874	0.9957580996617864	0.9963504626855838	0.2445362250191777	0.4287229864601127	0.4718024148146391	0.7075150996815019	0.4410350258302299	0.4315863019355797	0.429350777357819	0.82889257749861	0.6558159002879173	0.2392719257513511	0.5046643107820775	0.4999362451645954	0.4966800978762586	0.540240816617587	0.4831050473683329	0.4683933081824257	0.4986435379387391	0.5106337130570064	0.5040876868736646	0.01709627007901581	0.01039786212752736	0.04843010208085825	0.0322363635265627	0.1117275518168367	0.01655842352568318	-0.005215743870531925	0.2061090137849345	0.3977803048931709	-0.02073252597955241	0.3280780330703276	-0.720310598229053	0.06335746908211323	0.07962042398764921	-0.03362028616227278	0.0111869404862092	0.03606013182568595	0.001003834875591338	0.0006322585574514299	0.1009435472419226	-0.1328732331806886	0.06068098642399212	-0.09410795899411359	0.005347149296433536	0.00652534081735217	-0.001898082509876563	-0.0754511843407186	0.1197141538157941	0.1473012298404682
