inDegrees=no
num_controls=115
num_derivatives=0
num_iterations=1149
num_multipliers=0
num_parameters=0
num_slacks=0
num_states=92
objective=35.220916
objective_excitation_effort=35.220916
solver_duration=9254.153533
status=Solve_Succeeded
success=true
DataType=double
version=3
OpenSimVersion=4.5
endheader
time	/forceset/glut_med1_r/activation	/forceset/glut_med2_r/activation	/forceset/glut_med3_r/activation	/forceset/glut_min1_r/activation	/forceset/glut_min2_r/activation	/forceset/glut_min3_r/activation	/forceset/semimem_r/activation	/forceset/semiten_r/activation	/forceset/bifemlh_r/activation	/forceset/bifemsh_r/activation	/forceset/sar_r/activation	/forceset/add_long_r/activation	/forceset/add_brev_r/activation	/forceset/add_mag1_r/activation	/forceset/add_mag2_r/activation	/forceset/add_mag3_r/activation	/forceset/tfl_r/activation	/forceset/pect_r/activation	/forceset/grac_r/activation	/forceset/glut_max1_r/activation	/forceset/glut_max2_r/activation	/forceset/glut_max3_r/activation	/forceset/iliacus_r/activation	/forceset/psoas_r/activation	/forceset/quad_fem_r/activation	/forceset/gem_r/activation	/forceset/peri_r/activation	/forceset/rect_fem_r/activation	/forceset/vas_med_r/activation	/forceset/vas_int_r/activation	/forceset/vas_lat_r/activation	/forceset/med_gas_r/activation	/forceset/lat_gas_r/activation	/forceset/soleus_r/activation	/forceset/tib_post_r/activation	/forceset/flex_dig_r/activation	/forceset/flex_hal_r/activation	/forceset/tib_ant_r/activation	/forceset/per_brev_r/activation	/forceset/per_long_r/activation	/forceset/per_tert_r/activation	/forceset/ext_dig_r/activation	/forceset/ext_hal_r/activation	/forceset/glut_med1_l/activation	/forceset/glut_med2_l/activation	/forceset/glut_med3_l/activation	/forceset/glut_min1_l/activation	/forceset/glut_min2_l/activation	/forceset/glut_min3_l/activation	/forceset/semimem_l/activation	/forceset/semiten_l/activation	/forceset/bifemlh_l/activation	/forceset/bifemsh_l/activation	/forceset/sar_l/activation	/forceset/add_long_l/activation	/forceset/add_brev_l/activation	/forceset/add_mag1_l/activation	/forceset/add_mag2_l/activation	/forceset/add_mag3_l/activation	/forceset/tfl_l/activation	/forceset/pect_l/activation	/forceset/grac_l/activation	/forceset/glut_max1_l/activation	/forceset/glut_max2_l/activation	/forceset/glut_max3_l/activation	/forceset/iliacus_l/activation	/forceset/psoas_l/activation	/forceset/quad_fem_l/activation	/forceset/gem_l/activation	/forceset/peri_l/activation	/forceset/rect_fem_l/activation	/forceset/vas_med_l/activation	/forceset/vas_int_l/activation	/forceset/vas_lat_l/activation	/forceset/med_gas_l/activation	/forceset/lat_gas_l/activation	/forceset/soleus_l/activation	/forceset/tib_post_l/activation	/forceset/flex_dig_l/activation	/forceset/flex_hal_l/activation	/forceset/tib_ant_l/activation	/forceset/per_brev_l/activation	/forceset/per_long_l/activation	/forceset/per_tert_l/activation	/forceset/ext_dig_l/activation	/forceset/ext_hal_l/activation	/forceset/ercspn_r/activation	/forceset/ercspn_l/activation	/forceset/intobl_r/activation	/forceset/intobl_l/activation	/forceset/extobl_r/activation	/forceset/extobl_l/activation	/forceset/glut_med1_r	/forceset/glut_med2_r	/forceset/glut_med3_r	/forceset/glut_min1_r	/forceset/glut_min2_r	/forceset/glut_min3_r	/forceset/semimem_r	/forceset/semiten_r	/forceset/bifemlh_r	/forceset/bifemsh_r	/forceset/sar_r	/forceset/add_long_r	/forceset/add_brev_r	/forceset/add_mag1_r	/forceset/add_mag2_r	/forceset/add_mag3_r	/forceset/tfl_r	/forceset/pect_r	/forceset/grac_r	/forceset/glut_max1_r	/forceset/glut_max2_r	/forceset/glut_max3_r	/forceset/iliacus_r	/forceset/psoas_r	/forceset/quad_fem_r	/forceset/gem_r	/forceset/peri_r	/forceset/rect_fem_r	/forceset/vas_med_r	/forceset/vas_int_r	/forceset/vas_lat_r	/forceset/med_gas_r	/forceset/lat_gas_r	/forceset/soleus_r	/forceset/tib_post_r	/forceset/flex_dig_r	/forceset/flex_hal_r	/forceset/tib_ant_r	/forceset/per_brev_r	/forceset/per_long_r	/forceset/per_tert_r	/forceset/ext_dig_r	/forceset/ext_hal_r	/forceset/glut_med1_l	/forceset/glut_med2_l	/forceset/glut_med3_l	/forceset/glut_min1_l	/forceset/glut_min2_l	/forceset/glut_min3_l	/forceset/semimem_l	/forceset/semiten_l	/forceset/bifemlh_l	/forceset/bifemsh_l	/forceset/sar_l	/forceset/add_long_l	/forceset/add_brev_l	/forceset/add_mag1_l	/forceset/add_mag2_l	/forceset/add_mag3_l	/forceset/tfl_l	/forceset/pect_l	/forceset/grac_l	/forceset/glut_max1_l	/forceset/glut_max2_l	/forceset/glut_max3_l	/forceset/iliacus_l	/forceset/psoas_l	/forceset/quad_fem_l	/forceset/gem_l	/forceset/peri_l	/forceset/rect_fem_l	/forceset/vas_med_l	/forceset/vas_int_l	/forceset/vas_lat_l	/forceset/med_gas_l	/forceset/lat_gas_l	/forceset/soleus_l	/forceset/tib_post_l	/forceset/flex_dig_l	/forceset/flex_hal_l	/forceset/tib_ant_l	/forceset/per_brev_l	/forceset/per_long_l	/forceset/per_tert_l	/forceset/ext_dig_l	/forceset/ext_hal_l	/forceset/ercspn_r	/forceset/ercspn_l	/forceset/intobl_r	/forceset/intobl_l	/forceset/extobl_r	/forceset/extobl_l	/forceset/knee_exo_device	/forceset/reserve_jointset_ground_pelvis_pelvis_tilt	/forceset/reserve_jointset_ground_pelvis_pelvis_list	/forceset/reserve_jointset_ground_pelvis_pelvis_rotation	/forceset/reserve_jointset_ground_pelvis_pelvis_tx	/forceset/reserve_jointset_ground_pelvis_pelvis_ty	/forceset/reserve_jointset_ground_pelvis_pelvis_tz	/forceset/reserve_jointset_hip_r_hip_flexion_r	/forceset/reserve_jointset_hip_r_hip_adduction_r	/forceset/reserve_jointset_hip_r_hip_rotation_r	/forceset/reserve_jointset_ankle_r_ankle_angle_r	/forceset/reserve_jointset_subtalar_r_subtalar_angle_r	/forceset/reserve_jointset_mtp_r_mtp_angle_r	/forceset/reserve_jointset_hip_l_hip_flexion_l	/forceset/reserve_jointset_hip_l_hip_adduction_l	/forceset/reserve_jointset_hip_l_hip_rotation_l	/forceset/reserve_jointset_knee_l_knee_angle_l	/forceset/reserve_jointset_ankle_l_ankle_angle_l	/forceset/reserve_jointset_subtalar_l_subtalar_angle_l	/forceset/reserve_jointset_mtp_l_mtp_angle_l	/forceset/reserve_jointset_back_lumbar_extension	/forceset/reserve_jointset_back_lumbar_bending	/forceset/reserve_jointset_back_lumbar_rotation
0.4	0.1841677631802981	0.1888837297794326	0.1948545382538382	0.1884468292423794	0.1920877033574756	0.1938199039440023	0.2121249185492853	0.2246521474742294	0.1951079324732471	0.3641719528556664	0.2299791915311209	0.1496354924889415	0.143021903764968	0.1404301284636314	0.1395178818490335	0.1185129229715173	0.2127353749334255	0.1780457883297393	0.1930976920428109	0.1770687054314006	0.1569981031665852	0.1135983204542487	0.2557403403437867	0.2587102565097975	0.1720414843864388	0.187243466627447	0.1902664662384215	0.1177058780555555	0.1843522274824709	0.1684573874285169	0.1154223853876971	0.01026776456211433	0.01026757729814471	0.01026726634047276	0.1683893371522776	0.179501146409946	0.1796387436233061	0.184896110960991	0.1852583551955993	0.1875273292695956	0.1841806156254573	0.187325507760071	0.1831923066489603	0.8187100355141238	0.6207442693135239	0.5076913146173404	0.6243574757590067	0.6018208295070523	0.5546402806146882	0.5255078229242887	0.5102945837303412	0.5015746672326474	0.5430496143999745	0.5200098043058553	0.1993755210199386	0.2889446025894468	0.4372359414425532	0.4870630423614206	0.4799218650664543	0.5571434065127662	0.438236391520898	0.4357439887281929	0.5057977489857939	0.5048987092104811	0.4969537564724894	0.4560586625092397	0.4423110279842735	0.3003719762030755	0.4517889874608038	0.485984412269938	0.405263078784115	0.4879042451546065	0.4847231851967291	0.4844387736777078	0.398285424752574	0.4577107855337147	0.199583510314117	0.4786800022601226	0.5011234124204144	0.4970532578201028	0.5832329983373946	0.4844415949187951	0.4599007263716917	0.5127153645822213	0.54207514196989	0.5188018096367525	0.304630602055616	0.3052927994723895	0.2735420129846587	0.3021334516669474	0.2017505451887899	0.2971283604942733	0.1841677631802981	0.1888837297794326	0.1948545382538382	0.1884468292423794	0.1920877033574756	0.1938199039440023	0.2121249185492853	0.2246521474742294	0.1951079324732471	0.3641719528556664	0.2299791915311209	0.1496354924889415	0.143021903764968	0.1404301284636314	0.1395178818490335	0.1185129229715173	0.2127353749334255	0.1780457883297393	0.1930976920428109	0.1770687054314006	0.1569981031665852	0.1135983204542487	0.2557403403437867	0.2587102565097975	0.1720414843864388	0.187243466627447	0.1902664662384215	0.1177058780555555	0.1843522274824709	0.1684573874285169	0.1154223853876971	0.01026776456211433	0.01026757729814471	0.01026726634047276	0.1683893371522776	0.179501146409946	0.1796387436233061	0.184896110960991	0.1852583551955993	0.1875273292695956	0.1841806156254573	0.187325507760071	0.1831923066489603	0.8187100355141238	0.6207442693135239	0.5076913146173404	0.6243574757590067	0.6018208295070523	0.5546402806146882	0.5255078229242887	0.5102945837303412	0.5015746672326474	0.5430496143999745	0.5200098043058553	0.1993755210199386	0.2889446025894468	0.4372359414425532	0.4870630423614206	0.4799218650664543	0.5571434065127662	0.438236391520898	0.4357439887281929	0.5057977489857939	0.5048987092104811	0.4969537564724894	0.4560586625092397	0.4423110279842735	0.3003719762030755	0.4517889874608038	0.485984412269938	0.405263078784115	0.4879042451546065	0.4847231851967291	0.4844387736777078	0.398285424752574	0.4577107855337147	0.199583510314117	0.4786800022601226	0.5011234124204144	0.4970532578201028	0.5832329983373946	0.4844415949187951	0.4599007263716917	0.5127153645822213	0.54207514196989	0.5188018096367525	0.304630602055616	0.3052927994723895	0.2735420129846587	0.3021334516669474	0.2017505451887899	0.2971283604942733	-7.477230558637577e-05	-1.248731571719992	-0.9514465040931696	-0.3658765161159642	2.200060214521947	1.631901973653059	-2.375307083687382	0.1113992920761793	-0.1175147930252433	-0.05973348219520189	0.01099260480878114	-0.01275282369402362	0.000377085956442245	-0.029448845800122	-0.1859477635993277	0.1985356018782443	-0.03459793869234006	0.08449382190924419	0.01720015388831885	-0.003948778306789238	-0.7447350099442771	-0.283404741356048	-0.4102228419524747
0.425	0.124969726463137	0.1267940203061524	0.1296629428736118	0.1268242366673524	0.1287988652872827	0.1296026719699182	0.1284349265409856	0.1427761693913095	0.1222352329593323	0.227733918576714	0.150269303427877	0.1045251957604215	0.1004273424642082	0.09874819568932988	0.0982413440619793	0.0852386211438263	0.1412150511629395	0.1206036540919115	0.1280171411307487	0.1199428019444352	0.1081374749421923	0.08157442448109169	0.166179493173724	0.167890599617311	0.1164508913888938	0.1256543684394541	0.1274048825654557	0.09064562571011235	0.1503133972931006	0.1363302713078743	0.09748955817495802	0.0101279956716763	0.0101279420208716	0.01012783447566299	0.1142375575361895	0.1212424092592041	0.1212831441381272	0.1255300394413257	0.1246111839132755	0.125717415901062	0.1242348940814337	0.1264950194750873	0.1237165272097122	0.8690572706004557	0.6374467373127269	0.4902658567963748	0.6599932807542678	0.6291663789412005	0.5646035099968573	0.5220746851873217	0.4957853788253068	0.4707619651767626	0.5660060089975776	0.5312337293690693	0.134082000800506	0.2145729909656385	0.4115615873633392	0.4796189608361561	0.4652090527380449	0.5756357184331241	0.4206395227733174	0.4149325683527529	0.5035384719943156	0.5015770524065021	0.491876498666963	0.4978166214356369	0.4885939147655993	0.2459561477356738	0.4371897421986082	0.4808957676132136	0.3854881574531293	0.4775005075819474	0.4725595895406308	0.4722424746490849	0.4314937259687947	0.4727638984158678	0.171297897233999	0.4816675886697668	0.5008490106042393	0.4959052133588437	0.5955161274381492	0.4758056507556003	0.4437849172171555	0.5113858366406194	0.5444117342081631	0.5196783641958719	0.3519734078799444	0.2457776994775502	0.1754319634517306	0.1404067248793431	0.107784721674404	0.1356235640007227	0.08456642455498865	0.08400424871640576	0.08433066442237962	0.08400863676229625	0.08464767818947767	0.08469065598763653	0.07596735053325682	0.08554374069629116	0.07560695288861689	0.1161548474311395	0.0917237299598561	0.07415424785589665	0.07232672047113768	0.07149055825420193	0.07137888412640923	0.06462303698336996	0.08952094239881007	0.08093891346874606	0.08260607516246536	0.08081271029921926	0.07587025799800765	0.06207658112782513	0.09761950069697706	0.0981675421962326	0.07849393925640587	0.08273082441564286	0.08345387541174326	0.07225217119191471	0.1265230168972322	0.1144904885580283	0.08635564474175585	0.01005494290653421	0.01005495071021689	0.01005494249779696	0.07760080338994821	0.08110318813356417	0.08106724514755108	0.08430088022076766	0.0824528183213127	0.0826036862564371	0.08263367472577145	0.084083526171573	0.08250388626968964	0.9113725013574675	0.6459222327733511	0.466664706611415	0.6919568602707415	0.6526481484337066	0.5711689722764672	0.5171305730019594	0.4805471764210322	0.4389109433996921	0.5886317902850604	0.5421605859225017	0.1002480935258625	0.1660628781856506	0.3904330871340245	0.4731737876125317	0.4519857765573814	0.5921414947629771	0.4075410689366457	0.3986863097728319	0.5010656590385877	0.4980438229143321	0.4870776838332352	0.5458108686193668	0.5418738134920559	0.2081893764041242	0.4235708206912205	0.4753280580640315	0.3720798987632176	0.4680014291710322	0.4615048124441652	0.4611627151505311	0.4672152913226141	0.4892506246388416	0.1547553406165377	0.4838277164275359	0.5003994142918929	0.4947357476489835	0.6054024262440307	0.4686664959624566	0.4309710789056487	0.5099969193677251	0.5459099230341726	0.5201040251462773	0.3855742268403194	0.1949018976260658	0.0992964339640226	0.02595631263936674	0.04596757140852159	0.02189707969676885	1.249924409742802e-05	0.6469982759601106	0.4168683122857548	0.1408427621843671	-0.4934170335923295	-0.7474576142078819	0.7606182966604088	0.1082656697941447	-0.09218577673343621	-0.02077513859999059	0.01914530182967779	-0.0178310154434843	0.0007183758035563489	0.001263781318405698	-0.1613616384207011	0.1556492316733635	-0.06079921599167089	0.01705098149556221	0.03550609678535666	-0.004781190257885985	0.4188714586594786	0.2479656930848373	0.1925883903026698
0.45	0.09342602497300238	0.09150963154447604	0.09119932768072657	0.08901412560021899	0.08976325978849105	0.08959692737444644	0.1244625483858347	0.1023700731714809	0.1070015792969586	0.1357315716806139	0.09424623638533326	0.07456084241679596	0.07514280438093665	0.07530639926337462	0.07590946580962149	0.07156169982607009	0.09134874859686931	0.08381112208167316	0.08734697170226015	0.08555422927165769	0.08279692412766101	0.07015736293206506	0.09495539213353113	0.09555421670850243	0.08204175547935567	0.08611307226021962	0.08699960492217075	0.06695410273853596	0.1353070176592295	0.1230268209024079	0.0921011455097739	0.0100708138748582	0.01007072804603168	0.01007063122464789	0.08228182325514427	0.08503368350461024	0.08495833461905015	0.08847460857783308	0.0859223945908353	0.08578349952309129	0.08632418679643004	0.08778564188457898	0.08630067211840735	0.8301213570914143	0.598475201510748	0.4455661560565143	0.6487596388242078	0.6162294941328813	0.5502223251431633	0.512050069286058	0.4834367374753901	0.4450352874152863	0.5733411809742263	0.5349823403556746	0.190329790181235	0.2426611890483333	0.4160130505323903	0.4805987596169992	0.4638235934369053	0.571888002703306	0.4322495902277739	0.4239038113502837	0.5011067270754455	0.4985510249946942	0.4904592513339083	0.5568674821861864	0.5560807311399746	0.2603634184529524	0.4316473879617251	0.4750534623983729	0.4041733367219718	0.4760503374985076	0.4709805811779915	0.4706746214730502	0.4727366136836127	0.4906633138959177	0.187956950711275	0.4788666693439856	0.4997213039969925	0.4951264992817509	0.5868150960363867	0.4787570691784999	0.4507764086744313	0.5103533124815385	0.5408844699098828	0.5176397990806457	0.3222732836308275	0.1964808428197769	0.09777319194484582	0.0501342700467561	0.06193187125737579	0.04283928922355211	0.1190646775368339	0.1162718441992443	0.1158755397309508	0.1109110499038662	0.1120970396186746	0.1118851799463796	0.2023341398416235	0.1414276695588406	0.1616843175238366	0.1800926406839243	0.116247436898095	0.08810382568152964	0.09063663826149174	0.09163704642896585	0.09289070631051446	0.08897235389064125	0.1113538572384808	0.1026122535682931	0.1097202340447239	0.1063239048820961	0.1041642313147239	0.08841069639568058	0.1120170722389485	0.1127715717895715	0.1012591281907339	0.1062759423905485	0.1075709624227568	0.06992210135303398	0.1543315360573869	0.1414549020937863	0.1037150131857692	0.01013464513776969	0.01013443115631774	0.01013418539176052	0.1024277531370132	0.1051560293184143	0.1050601987634065	0.1089713937744929	0.1059961442922224	0.1057766292322084	0.1064836892210999	0.1080814492619342	0.1064820005841462	0.6883124706885383	0.5145823893426084	0.4074818995726961	0.5769894635183055	0.555198504461807	0.5143008865838347	0.5025072774893132	0.4865159191028038	0.4521190075664118	0.5500773796309528	0.5240385632118417	0.3214096638035008	0.3610637141030423	0.4570994346729822	0.4925803548221853	0.4825904202980529	0.5387745992469956	0.4725266612098806	0.4647441751505509	0.5008585364999345	0.4989758672837369	0.4956950866177084	0.5823972498711116	0.5873668169965602	0.3417583999091391	0.4441495634966581	0.4739842289552778	0.4561564154365876	0.48875210470125	0.4859507720805446	0.4857041269114073	0.4841137103911635	0.4947357612226444	0.2365580213405162	0.4706338781555882	0.4984941930261696	0.4956562878133632	0.5553894494224331	0.4952176977548966	0.4830363198354246	0.510782746987288	0.532277321080228	0.5134086077943409	0.2240629978927363	0.207692962140674	0.1169008164673157	0.1105620486970688	0.1037399847339544	0.100028080420848	-5.223141484175711e-05	0.432561248591283	0.1906279166322767	-0.3356966801325357	-2.147042563129387	-0.1435662967363056	0.8729061318166781	0.08442103205327299	-0.1106592928655847	-0.02137010806343361	0.0254209968153991	-0.01142137242865407	0.0007601627135760788	0.1045364508762864	-0.1741485143464724	0.1467074292505663	-0.08342806799251316	0.04753654750358414	0.02554181352497172	-0.00339160672123956	0.2501398522123998	0.225482387902486	-0.08528979554492525
0.475	0.1020495768058383	0.09840179897745531	0.09735810155966407	0.09615660084553219	0.0970802052437148	0.09660390165518665	0.1217051526903447	0.1048387946936423	0.1024498483604818	0.1484048564189038	0.1034418711192094	0.0763930334238077	0.07645532999033935	0.07659772329349938	0.07720730115261665	0.07086693635201229	0.1007133643044105	0.08899558177226018	0.0918458599311517	0.09084574025648873	0.08612803865221029	0.06875803340573861	0.1076552961537989	0.1084533110902284	0.08626213978993727	0.09191454269836626	0.09278596724505875	0.07247619783876762	0.161010856632177	0.1463584129688077	0.09076707982363537	0.01008601615561216	0.01008596062816339	0.01008587595098348	0.08829067462318096	0.0908250954157002	0.09070690237901591	0.09477995533394702	0.09146322617035091	0.09107066102931499	0.0920960781725535	0.09374430927996016	0.09212501616878904	0.8335325188105085	0.5855285546441769	0.4111450984553405	0.6467510667629084	0.6132132779420361	0.5434187710025983	0.5200011814919222	0.5090333203562026	0.4741851938688105	0.5840010516588402	0.5300654917288726	0.178281889922581	0.2423013769730618	0.413200220878236	0.4815283597025713	0.4712208688058962	0.563533797863911	0.4299340109870881	0.424023734276767	0.5007771901028552	0.4987879575729256	0.4910932841674297	0.5383931520725909	0.5331155841156545	0.2385705404175264	0.4186431236499755	0.4697593538728861	0.3179078565973352	0.4754759314323052	0.4704252860066412	0.4698742394754683	0.5145736166914104	0.5094604373227992	0.180614152968947	0.473714439693453	0.4988104705896619	0.4944831134697087	0.5815956031405248	0.4821389626763875	0.4578040638793326	0.5106022387483647	0.5400729337000429	0.5169318216989347	0.1841023453415288	0.1123822239164331	0.1134148205515182	0.1154730349871087	0.1051984380116938	0.1236272459723093	0.09364905453645717	0.08952792499047202	0.08814954368197353	0.08902802103350488	0.08982160149157817	0.08920318945392319	0.08223588766019611	0.08593482855972416	0.07225738918071188	0.1343581988161495	0.09756690884719299	0.07065332677814988	0.06932707615169867	0.06899129918849153	0.06925802759043545	0.06150662234381043	0.09589162841080061	0.08238355439399907	0.08294180060737262	0.08319951406137872	0.07693368717521053	0.0584830872051376	0.1069139642347349	0.1077628014660954	0.07873829699506055	0.08495640958623547	0.08561349433540402	0.07371243757521719	0.1756438568697733	0.1589113812215795	0.09050130219734626	0.01006071475932565	0.01006073173285311	0.01006072388067258	0.08156638467495288	0.08388776346501493	0.08375128056823143	0.08794575071007579	0.08432547237635088	0.08377613068476147	0.08508845805683804	0.08676492750640495	0.08514999161731811	0.9134123703900989	0.616998031495618	0.402209571269299	0.6829047326432175	0.6428397296545242	0.5562702873562837	0.5319960534627775	0.5299540253774925	0.4947980889857133	0.6074639933310504	0.5318278786335189	0.101590723794766	0.1784925090677852	0.3892173482400697	0.4761085214181503	0.467876088676087	0.5732713628980388	0.4071245908319406	0.4031117467786152	0.5005788522889942	0.4986929615769214	0.4888715483718886	0.5118074083077863	0.5004043609530595	0.1846810669377478	0.4022168550290823	0.467214863326738	0.223898343531132	0.4681117101890021	0.4618844435161539	0.4610401386720717	0.5539722536175442	0.5278213532846647	0.1528275635709324	0.4745663362002885	0.4988529657389762	0.4939009301222784	0.5915566523110944	0.4765217290447075	0.4471373410179003	0.5104004074599021	0.5430031966418106	0.5182481472578999	0.1314242572462858	0.06820743592585168	0.1153902762059655	0.116715747166978	0.1050551157857177	0.1373413176484721	-2.686145504097817e-06	-0.146674095598278	-0.09408558465905356	0.1638481771200048	0.5692675668980997	0.2418353164968078	0.8891125389389833	0.104466137829992	-0.1604195886353262	-0.01412988669992946	0.02461053198944454	-0.007496806800366215	0.0004641807223282742	0.03040646709293929	-0.1488843986099229	0.1985448149610944	-0.06790718242473422	0.02224577201591258	0.01729536056880491	-0.002702995498737209	0.09373194842842657	0.08904673254860941	0.1399987484145845
0.5	0.0984245141596969	0.09551998031145921	0.09482902698885681	0.09466296183566876	0.09547289843908206	0.09510883799945309	0.1325680967796507	0.09927694275913483	0.1007733696882958	0.1530178431519001	0.10258727918011	0.07673522206139334	0.07571003102720565	0.07544654593960486	0.07588101087943104	0.06850988886253803	0.09956890577094915	0.08827986326006085	0.09014403941199949	0.08921102095721581	0.08331729392905703	0.06533588014418745	0.1112865971648838	0.1121092936405134	0.0842366373209024	0.09104271061634188	0.09187797129926611	0.06943694029784256	0.2209787067115361	0.2036102672571705	0.1453148214694741	0.01007847875433415	0.01007835891586193	0.01007823785897746	0.08858509774147343	0.09006643326220805	0.08991379147103769	0.09383069221978051	0.08993414792450548	0.08907937458381426	0.09091514772917716	0.09240670079678763	0.09106587205533136	0.8627270391539593	0.5961331746265623	0.421696945951821	0.6589196350923119	0.6242299485951914	0.5500815847539607	0.5199596147903008	0.5056250976673512	0.4651881413437848	0.5939361498430883	0.5344063215835844	0.1547192221105652	0.2174894428601337	0.4072884266400473	0.4801318336104465	0.4686434243335827	0.5689299842095884	0.4262361795866578	0.4209498783969284	0.5006322089231189	0.4982570616426519	0.4901470821337935	0.554977748130749	0.5540084554030222	0.252327787798917	0.4239995036987876	0.4788242600889593	0.310545841075617	0.4726583352733119	0.467267486367924	0.4664445265859949	0.5554132039941028	0.5285739675675735	0.1905397881994519	0.4811294283072718	0.5001879463750301	0.4959295556925066	0.5771544448830568	0.4800371446044555	0.4543606565013207	0.5094290757093265	0.5366590414973355	0.5160706324754699	0.1778423357767805	0.2077609172585622	0.1334086377814172	0.08487282975139633	0.08011025460194658	0.1064791873235753	0.1128562776652235	0.1113855497163065	0.1116110697778347	0.1087795542584632	0.1097531991364243	0.1097330666588495	0.2249115818741499	0.1306094920699366	0.1575176731069569	0.1903840491927821	0.1154629282405445	0.08900109040859279	0.08937971941603821	0.0895969590981221	0.09051208932559009	0.08434573093466699	0.1100350341321684	0.1018327233556719	0.1069324875396715	0.1037644896088905	0.0991283552139241	0.08163573957566884	0.1201804976809202	0.1209894734265728	0.09785242770653849	0.1052448267612779	0.1064609235682173	0.06483546244642438	0.281177413857592	0.2618503287510506	0.2145761596152835	0.01012473557525824	0.01012441445430124	0.01012410694783548	0.1037366195537155	0.1043574056342981	0.1041905905488035	0.1078133324576168	0.103658477239533	0.10251362232912	0.104844137151617	0.1061374981353169	0.1050858610683347	0.7616134676841846	0.5478295006878272	0.4459508675509105	0.6087425808685804	0.5843807150878307	0.5340439050713116	0.4987519543622054	0.4668392759188815	0.418451451138151	0.5693965708430289	0.5370135530244072	0.2673992538112431	0.3050366870218965	0.4439300892905426	0.4888039260142808	0.4733809904790443	0.5563145020132416	0.4644570759317408	0.4573454361330238	0.5006495994793445	0.4975785475467602	0.4931221051907823	0.6320492357441012	0.6496820614052917	0.3742998644402756	0.4616052796609442	0.4981497792609572	0.4562920015639161	0.4821607295794263	0.4785343222841126	0.4777299225022123	0.565801771287783	0.533187267661931	0.2579666251331374	0.4907749457319158	0.5022517902707948	0.4994581576431317	0.5470095207293308	0.4887171572739138	0.4720536301076964	0.5078029476234709	0.5242542381315711	0.5116204821156123	0.2362756985001101	0.4161566336802591	0.1581122814246299	0.06245756103542512	0.06175910371039339	0.07860449397390036	-1.382900400234267e-05	-0.2007712136270226	-0.195307743650879	-0.3051960678435366	-0.3118632137563154	0.01331826142466074	-1.474852322256734	0.205429044422085	-0.1308611145067809	-0.008150170880615201	0.02668126406241155	0.002965659573367719	0.000188652248948474	-0.01404891948178729	-0.1907801620816353	0.1640140225731505	-0.1007501775547663	0.03209971291478221	0.04296677633098007	-0.00385953419523959	-0.1069405852284227	0.08177392110734011	-0.2071449672492528
0.525	0.09894936853594807	0.09602160872099506	0.09484386393517197	0.09507554437701388	0.09572487006491739	0.09535732720774646	0.1832840437515261	0.1125806640565841	0.1310413885481287	0.1714285068796393	0.1024515087562628	0.07879288204199822	0.07800290923236228	0.07783909817951748	0.07856969054742509	0.07273615419337907	0.09864994078512065	0.08916035688436381	0.09326663613667624	0.09017658010589726	0.08513744187799363	0.0691893346636548	0.1106954383991821	0.1114961487555047	0.08410164542864468	0.09147816354268984	0.09229813447524987	0.06455448404231741	0.2708113757499147	0.2475096645659909	0.202074490219972	0.01008258964354523	0.01008245278332883	0.01008231176983645	0.0896714633621554	0.09085393166158014	0.09071156260722353	0.09419604738359104	0.09053707820449405	0.08964611807882396	0.09152577945393546	0.09282700090104153	0.09168977914262487	0.8649357276159905	0.5969769276136733	0.4249341708023077	0.6763822233981782	0.6378990709490421	0.5554247722561468	0.5042344747820173	0.4666483012223621	0.4015093075356314	0.6077512110934871	0.5508859851729878	0.1552976728846413	0.1832391142627788	0.3883408406187	0.4758699077091779	0.4574841319275825	0.5864535008354771	0.4230473248358044	0.4150599518027517	0.4992313474767957	0.4953111631903536	0.4870064597370218	0.6440196139957192	0.6598445665272834	0.2581901880556013	0.4238674397094735	0.4889547794101807	0.3804052051557231	0.4680941680669961	0.4622471185165141	0.4610151608581244	0.6018724866445111	0.5497010621213174	0.1730749338962904	0.478648745414705	0.499768860337124	0.4956423036794125	0.5705937357092102	0.4818513591950428	0.4581894526065029	0.5096936008232795	0.5357896729124537	0.5152119667543169	0.2372523679032257	0.232105663017296	0.1224298415060551	0.04916759480687565	0.06229995966232166	0.04976065928307533	0.09178272514357959	0.08791406385884849	0.08584499017486841	0.08824311059606318	0.08867980397434468	0.08805548202876226	0.1687786223750216	0.1051682858942358	0.1188915728439248	0.1657976555052323	0.09612147217332746	0.07416199303450473	0.07232392448919431	0.07180501971269389	0.07240467542163333	0.06642964994802114	0.09274333792694466	0.08298095077350773	0.08670306321392909	0.08327244753026816	0.07769657080483519	0.06223898350592991	0.1085896707720778	0.1094302110658959	0.07707947832440339	0.08459494587651334	0.08518611783086333	0.0629705978101921	0.2874092386990164	0.2597985968478104	0.2170454656640281	0.01006126625224607	0.01006122562394642	0.01006117277463123	0.08268546183846801	0.08412894817517744	0.08400657785834793	0.08723287211802849	0.08404068910367722	0.08333643208299124	0.08486994640456626	0.08610773679190681	0.08498107250852674	0.9199837857736713	0.6251544170454505	0.41764941020286	0.7207111216646491	0.673011093651006	0.5695484198649774	0.5010763603151965	0.4524651054339156	0.3718629107820007	0.6348857946641194	0.565232620875144	0.09087447529576448	0.1119187496786121	0.3504930463140057	0.467086803138967	0.445159836899942	0.6103729486620696	0.3988245334644865	0.3900137072860975	0.4980368095693745	0.4931167257421138	0.4826421032901035	0.6876725669306917	0.7099770533240611	0.1954556377663391	0.4033179060195223	0.4889256002291882	0.3527678253831695	0.4585639136611967	0.4513404112657864	0.4497113798164558	0.6483210775055442	0.5703758774635159	0.1334901341892989	0.4712777423469039	0.4982778065676867	0.4936379819708507	0.5777520775055903	0.4798637270784074	0.4541989751082762	0.5107205512419362	0.5406908925845203	0.5163788519503071	0.246634705413524	0.1260420537583015	0.1003481771699447	0.04541908514165629	0.06468687212355671	0.03353506786628187	-2.833612416619019e-05	0.5120667338786039	0.1120055376869767	-0.09758459204546184	-0.5212311921664204	-0.4454643725432342	0.7267605900556277	0.08663066071280809	-0.1561332892067436	-0.01106086494919674	0.0196465826500707	0.005574248520773103	-0.0002436638168907887	0.1646737721340402	-0.2424826832011579	0.152002412915659	-0.1160449584598494	0.02743855792490411	0.0211853553073714	-0.002113343654865543	0.3182686267705261	0.1893436122543072	0.05315853114067904
0.55	0.09691263033917251	0.09221403423716529	0.08970647833627433	0.09510109186916167	0.09541506348149607	0.09434433043389585	0.1955284221892308	0.1182487386344533	0.1240599922753818	0.1823806128981149	0.1041131935170867	0.08211031130043617	0.07717039193263348	0.07552396042215144	0.07578439054450674	0.06680450660235783	0.09748708151692796	0.09013407245381054	0.09398659137535781	0.08880389550853113	0.08048064574444143	0.06149222176161755	0.1331655573195061	0.1343211370518136	0.08298427923507065	0.09133969171718401	0.09190710983566283	0.05374744161957185	0.3453339991416875	0.3229657937732512	0.3003333392023553	0.01008072159214478	0.01008062417588891	0.01008053053989664	0.08960924665771682	0.09075338077334646	0.09067332670853175	0.09275547425739465	0.09085524352431598	0.09050255370873665	0.09131058654406686	0.09213089336008591	0.09134696228984852	0.8768668849121408	0.6145249950584871	0.4371776534442761	0.688842158630304	0.6492017744408026	0.5617456446265555	0.5069977291843555	0.4738366503566515	0.4126100582506874	0.6174137170162535	0.5535300429472941	0.09645823951683448	0.1400167462279812	0.3656258706795026	0.4720843558329115	0.4565108832021197	0.5929222838046455	0.4093639199339412	0.4043550468236765	0.4996370478460727	0.4959161137660432	0.4865865677122621	0.6373955157576944	0.6529005825189218	0.225053429628241	0.4146858883031689	0.4925603270781702	0.334757841888175	0.4638210891574053	0.4573426398608605	0.4559229658904713	0.6451192133193959	0.569082667982614	0.2119886526495128	0.4766996367049653	0.4993098552629852	0.4957413808713451	0.5611137950518642	0.4860303303935386	0.4668674137059065	0.5095547266721163	0.5330615875042544	0.5136726933290505	0.2245650364861987	0.1368963676099333	0.09648307069145072	0.09441115160435579	0.09226982356860725	0.06386637722373799	0.1089129182537061	0.1039948246169406	0.1015832375208063	0.1088695198596177	0.1091710948587965	0.1077759890194733	0.2554402824231679	0.1432870585562272	0.1468688340819007	0.2134423824480592	0.1187250919381239	0.09565109433163568	0.08807356749905838	0.08546257617909575	0.08551018337390422	0.07365219233843544	0.1076844753475747	0.103821481497225	0.108670216665164	0.1011975170931187	0.09034802440407523	0.06761653913868172	0.1653330038233849	0.1668976916151251	0.09567408922044032	0.1050200398780237	0.1057411682832569	0.04421471935229461	0.4456286445530036	0.4291644273001923	0.4355517644826973	0.01012235746922889	0.01012210241611144	0.01012187437710147	0.1037340462966145	0.1042443054092432	0.104200180140166	0.1050373947767632	0.1043412650962224	0.1042407897633494	0.1044877209055206	0.1048220372608522	0.1044819364660768	0.7911545620387682	0.5912073735638701	0.4741299609922365	0.6305106419134635	0.6054134086008315	0.5470766448714536	0.5126318963332396	0.5011924459804465	0.4693250882172676	0.5863748036260396	0.5357317394235289	0.1435673046897005	0.2092933800091191	0.396179624744238	0.4813908073184188	0.4754912281947218	0.5635873160259416	0.4329103301663304	0.4338239189180279	0.5022518345988147	0.5003334076280794	0.4934389026865658	0.5713086589836538	0.579739202403008	0.2992046430365163	0.4397343714349935	0.5026985049972678	0.3371372977676165	0.4736842967997718	0.4687053735732214	0.4676097975508812	0.6509558070371337	0.5711876182416552	0.3437183278708276	0.48707515795488	0.5013153647847348	0.4998238095966531	0.5268338780853885	0.4981117383331657	0.4915269984592815	0.5073453540446897	0.5179569813496038	0.5082417030905885	0.2049057149108404	0.2069164327142051	0.1056670327536668	0.1467446888412103	0.1177448928945831	0.1001876216850992	1.606085366973779e-05	0.06818798322343544	0.01127096584910492	0.1952118235561225	0.4551505570110421	0.5245340105522956	-0.8074957664529893	0.2203230387698267	-0.05265038276506236	0.04169824997078159	0.01806750991032485	-0.006272156493438601	7.533598163182082e-06	-0.004870637001390388	-0.2784199051895719	0.1323264503771111	-0.1199146000235607	0.02777062904365049	0.03793504034249491	-0.004449273097213686	-0.03513586228029437	0.06617451050713936	0.1095712961398914
0.575	0.09707511451492616	0.09316156244357188	0.09196407215489812	0.09649256863128546	0.09727881381949115	0.09627228308082436	0.2801468898825963	0.1520942893392516	0.1706474269632063	0.2276719933378453	0.1079365768844645	0.0771521563605477	0.07073319008312066	0.06864493294689329	0.06892243146226504	0.05655556946728241	0.09399288466046757	0.08968461697225007	0.09967696392795712	0.08816498805468083	0.07659249448333375	0.05151102321145493	0.1514894729063163	0.1533569219431364	0.08197163398699321	0.09243841226378242	0.09391647737034918	0.02941156720513971	0.2394839325370796	0.207391734002645	0.1978196919869221	0.01008203095515388	0.01008175680595858	0.01008152635892527	0.08973977511900511	0.09083338132530196	0.09080714752205117	0.09196845820829061	0.0911796263123936	0.0911558637671805	0.09130968963162249	0.09181736693702715	0.09127023701377389	0.8743681685806212	0.6138797942032529	0.4307296273937356	0.6973797771293805	0.6549249236292504	0.5627559846382052	0.5036683164413635	0.4547682846414839	0.3863529642390626	0.6337083663265658	0.5658906420429022	0.09605790141655526	0.1214823964624078	0.3130203798148404	0.461781400262332	0.4476221432662292	0.6050717450136807	0.399010511159939	0.3938573361066731	0.4988730051853599	0.4943360118976134	0.4828994594655853	0.686044196400546	0.7111441616339235	0.1978900907377677	0.3927777676116184	0.4968807320342349	0.3558722000430744	0.4499595592843819	0.440662558325816	0.43918582362424	0.6999427528071874	0.5931984806416977	0.2346657415277476	0.4578383497526942	0.4955602999064199	0.4928932355560169	0.543269200955227	0.4990090432322623	0.4913576091431922	0.5121780627173013	0.5338332708437238	0.5113327558132911	0.2012742277324645	0.1114892192700937	0.1192710835992891	0.07472822970760441	0.08773197418912684	0.06974633181421251	0.09021992832264857	0.08693833812197586	0.08642283502698318	0.09010392068078114	0.09110703662445627	0.09029706736494245	0.2972686697973282	0.1562076622972258	0.1828848729991303	0.2376211825498613	0.102810089632508	0.06881382737207929	0.0625067052770521	0.06054409669115832	0.06074119173715053	0.04781914077318045	0.08769143580555631	0.08279888872226017	0.09498186310591913	0.08139088929876964	0.06905417144932537	0.04316151665501539	0.1467177976297948	0.1487881015175785	0.07532146560221038	0.08623853365438658	0.08795398517062565	0.02452533299971508	0.1138303109590849	0.07537039429063179	0.0632001899179646	0.01006176238175443	0.01006150486105044	0.01006129313545762	0.08240320955316548	0.08405433078930938	0.08404735904514225	0.08539229537801926	0.08466096466486389	0.08474159250677145	0.08474195823377961	0.08537163545226334	0.08466097768330087	0.9078347181251721	0.62366419048357	0.4063254540825532	0.7342594416732533	0.6814394173101855	0.5702505326691883	0.4969094452871275	0.420385020431106	0.3322063190907713	0.6652347016648121	0.5878969691026575	0.07149091939599449	0.07412832683119801	0.2494793937529703	0.4461213752548086	0.4291139768976284	0.6324364746832301	0.3780536175793902	0.3692895474748703	0.4968092339320905	0.4905412071990911	0.475739593400613	0.7722608322873594	0.8118126849149414	0.1410758177544952	0.3599104006186362	0.4957159245936288	0.3823276579626937	0.431683941343388	0.4188979451529793	0.417417500735779	0.7522984086049899	0.615428539331617	0.1909573574819841	0.433266951482459	0.4905631168722963	0.4878668171755705	0.5406004934344674	0.506637666062866	0.5044988662050826	0.5160712258846024	0.5421110978938405	0.5114956050272247	0.1917178680262654	0.07209794077254093	0.1303387410629883	0.03704555181812951	0.07025620960597667	0.06335044646827502	-6.986467170988119e-05	0.4750887844536859	0.03098998434922699	0.03638269570187835	0.929878564537764	0.2862783013886154	0.893448264250343	0.2940450596646245	-0.2581891692711609	-0.0471092074686939	0.003985891271293247	-0.0007524439171681351	-0.0008105109965187033	0.1889078341295531	-0.3353493220447502	0.1618157074089348	-0.153442145047018	0.0202317188608057	-0.0001267315940635573	-0.002660426984898526	0.1980984186522073	0.1447534845501883	0.05870786048852258
0.6000000000000001	0.08904901594122989	0.08572452365516223	0.084400301908007	0.09402765230516785	0.09429698035294415	0.09327407729654033	0.1893712900282137	0.1180808580351684	0.1233572066821324	0.1865114623987243	0.1076067204278887	0.08752808554645312	0.07738041207494431	0.07416890105784733	0.0727036516117656	0.05789036224212218	0.1008928348126887	0.09161584835569558	0.09451337665482444	0.08635840657088609	0.07258788206025754	0.05126194184610358	0.1520565009364344	0.1534425460376255	0.08432544802334843	0.09268627395544859	0.09240266333407766	0.05841848590878715	0.2220130503468714	0.1837367817768095	0.1807623594690373	0.01008117212366787	0.01008113785078037	0.01008108959455973	0.08683382592781071	0.09024845036377846	0.09028153630973834	0.09214914475343108	0.09162850383133006	0.09199353488185315	0.09158588373623744	0.0925728698875684	0.0913759606475696	0.8399607955408263	0.6072583479761726	0.428535402725425	0.6946311064623913	0.6505148366088238	0.5585851151194005	0.4984191322067635	0.431484705832787	0.3616210267955408	0.6362362889693745	0.5746514563786155	0.09042334694915052	0.104309559723368	0.2659829526882884	0.4506613383256274	0.4402172924354354	0.6116326720191736	0.3960735241575909	0.3875230669552469	0.4984823127346864	0.493382509417062	0.4803529165365052	0.7172685916187866	0.7487242867205712	0.1838178896320265	0.3805087566013371	0.4971106364692576	0.4201146253418421	0.4427526219254688	0.4312717053851634	0.4308938018529647	0.7118087620703472	0.5969752209184801	0.293510291770838	0.4415771275894728	0.4920322842714468	0.490456778858968	0.5254591933026049	0.5104597029367486	0.5123274946195137	0.5144713360458463	0.5339690047193016	0.5089372622066669	0.1796945182973079	0.1920869073127217	0.1356560842156892	0.06340033883761385	0.06864969651772082	0.149086637354251	0.0933365046637219	0.08969350413880188	0.08719925606176313	0.1041881167752362	0.1035230096261521	0.1021113553271659	0.05702758191735859	0.07707023852322134	0.05370485161487176	0.1239124487517774	0.1183585301095015	0.1152511058144858	0.1000353596434214	0.09514582460814962	0.09183751983863699	0.07460451824689331	0.1209249781259399	0.1075411167375605	0.09912282179972728	0.09762518513936595	0.08219569590148597	0.06553115018298102	0.1670288757224887	0.1675790974073874	0.1001145983979815	0.1056142956381001	0.1029895413071297	0.09485264626404614	0.4085202742265212	0.3712353437733057	0.387463864108991	0.01012113221728846	0.01012126231794935	0.01012132622493494	0.09810316006795285	0.1031135850691439	0.1031905407460694	0.1053118214539752	0.105249578246642	0.105941592322255	0.1050259521661514	0.1062641848740234	0.1046801423924681	0.7037404428755225	0.5749750521204652	0.4711177216001617	0.6186926613066305	0.5911701627408208	0.5362627165546049	0.5012704599751658	0.4523256621191304	0.4181556469212916	0.5839969789131069	0.5513279513547642	0.132193872373946	0.1707042700412286	0.3003993356666124	0.4587075496458037	0.46106206207423	0.5736432096026297	0.4293561659707025	0.4221808442078425	0.5016318943082813	0.49869143327578	0.4888033154809082	0.6225732918195049	0.6414195582832511	0.2679482823695282	0.4177249877495654	0.5014033182805077	0.4815764576841386	0.4617338408931896	0.4524976472733191	0.4540349496637687	0.650919422088036	0.5685327466719309	0.4819245157318215	0.4553452063850669	0.4943472254049037	0.4951164526703251	0.4917750906123575	0.5204911038817329	0.532522627815603	0.511778143267054	0.5179266496997375	0.5034389460153998	0.1630307792855557	0.3817234198919868	0.1390933001692244	0.11983206499451	0.08013023288985018	0.2658449798662581	2.146134880713541e-06	0.5049483747291373	-0.4343707366272618	-0.2009792203365441	0.7389114531746768	0.1323140973588674	-0.5451615729823079	0.3585550640015715	-0.1488263534019629	-0.02227317190635346	0.0149441281792533	-0.02143079958891346	-8.307780057615427e-05	0.1733255419548873	-0.411856676794391	0.1175923498391605	-0.1585439522021781	0.02518620406758781	-0.01468488192525313	-0.004513728945985244	-0.08158752843983628	0.1453540574203938	-0.239537747529484
0.625	0.09294443678677783	0.09073383602355138	0.09010449868825328	0.0932604348036251	0.09356125492053091	0.09327883142980935	0.2877477028163045	0.1749805180819226	0.2288652215361338	0.2245388716180031	0.1000727856971564	0.08808334430172834	0.08310064745557579	0.08168058746762727	0.08126162460057258	0.07327296713877478	0.0827869463176415	0.09109403125564178	0.1087779921829315	0.08946972833380525	0.08318269960898983	0.06879580946675017	0.1186343490716894	0.1192975144190334	0.08681631248984086	0.09174678256669937	0.09302528009563844	0.04226940321578664	0.1563100670819783	0.141785481329793	0.1459231407691559	0.01008143740771743	0.01008139036767203	0.01008132216356848	0.08350683128979011	0.0895560679014803	0.08959145032252279	0.0943907895273154	0.09192852760039261	0.09238124499583755	0.09211959181279601	0.09440499303083862	0.0918393581677228	0.7914152491628031	0.5751380318217256	0.408196657112035	0.6692582888596852	0.6266452167378953	0.5415796718158333	0.5017354972350928	0.4512354320033282	0.3979749570000973	0.6390230343263218	0.5694331296813326	0.08197929329149058	0.1032701277428404	0.2333331189289722	0.4408898875473917	0.4427237486086223	0.5984807366260267	0.4047895552486502	0.396661473659646	0.4987354407420203	0.4942278927509908	0.4807881338216737	0.6811120907967939	0.7076273820630339	0.1697684643276875	0.3739112535365804	0.4967563677231465	0.3740322244484927	0.4151697644001301	0.398469905191057	0.3967071886902337	0.712467622672032	0.5955575308097176	0.3873917701663265	0.4166422063618126	0.4867029640854315	0.4868035677357263	0.4997597387147246	0.5262631231011828	0.5411047113435085	0.5183789080916821	0.5354846480242846	0.5055833758321366	0.2382529680317484	0.1887424247348427	0.1228363872360576	0.0502909763472057	0.07132107138791167	0.09436739864751917	0.09278184683956776	0.09149900822630601	0.09189528063820369	0.08757812072568782	0.08835399355294846	0.08869643414857299	0.4472740376692076	0.2387669412834816	0.3520215835230683	0.2868913377547106	0.08997061071855864	0.07468163304481105	0.07523111985603838	0.07564154190882029	0.0766837294606839	0.07359898297287847	0.06195926850732345	0.08283261256203726	0.1156287132409421	0.08548126804995733	0.08428065551946468	0.07160837434251786	0.08961652474570067	0.09015740728893147	0.08063423796334443	0.08474903661884656	0.08792047898596303	0.01430629791496918	0.02554291157232136	0.02242009432509048	0.02174468857250487	0.0100615787183159	0.01006144157059502	0.01006130014561689	0.075532554335857	0.0826127454525841	0.0826038917098454	0.09007642547554448	0.08522630594701609	0.08544445443940574	0.08581658636103252	0.08913381767075594	0.08560618448222093	0.7964640934021591	0.5428452320807607	0.3566849796658803	0.6763278794913076	0.6263703022486525	0.5305672761826689	0.5033117263122325	0.4592457113496355	0.4009023594581617	0.6695171552486825	0.5755634385072075	0.07580579364672219	0.08348895041838587	0.2038206236313908	0.4303319974889449	0.4350565138897489	0.6018949258921168	0.4017356323478073	0.3934341138957367	0.4969654952266345	0.4917361426180655	0.4769707966277054	0.6993023429611473	0.7283267487336247	0.130898205541439	0.3531641565990647	0.4938944630396168	0.3060840729907394	0.3750468261006582	0.3521012111283328	0.3469473137501659	0.7421388696952362	0.6077578277068619	0.3633369084743125	0.3872937707430635	0.4805019459586756	0.4809911022683158	0.4918618213446965	0.536334731203351	0.5585405325591807	0.5235676841829033	0.5451592938258352	0.5051475718184799	0.2836827009822284	0.07663239144857764	0.1118705907838106	0.02560846546748079	0.07030274965123956	0.02330806552635655	-3.556302122769514e-05	0.502447266205681	0.05781679670101417	0.01770748553697028	-0.7010126282659221	-0.7364306770504098	0.2015862785185046	0.1783119910775367	-0.0717230054355341	-0.008344483337220973	0.02850874797469637	-0.02940140078180427	0.0001427175422431646	0.1779334776736212	-0.3243447489933122	0.1751468807775684	-0.1460475957858543	0.01073066952061035	-0.06436884979871957	-0.004732834144160486	0.2258538905688019	0.1225520196286416	0.0435664241361446
0.65	0.09068818661326586	0.08966090693521414	0.08937091465656591	0.09190518654166734	0.09211731395077627	0.09188700635552789	0.3663970379079808	0.2036229916190541	0.2862964708946124	0.2439603766946528	0.09703051117732046	0.08983942774640957	0.08625308101922451	0.08491631902732331	0.08408105088438078	0.07672488357020978	0.07572034026599783	0.09118730886209427	0.1146292135085925	0.08853866930021972	0.08299302602211149	0.07362926976809807	0.1059829922228274	0.1061597409341472	0.08975119500433035	0.09182628175916648	0.09164983378014449	0.02470083455060148	0.1500828101537627	0.1213687658273465	0.1357093844841718	0.01008136829858808	0.0100813031134714	0.01008115724816156	0.07937375197457652	0.08860527862712123	0.08843686162351234	0.1029841154247927	0.09149464470740316	0.09091101283583045	0.09320207385856988	0.09906821388407822	0.09328151928181863	0.7170116566090797	0.4768712234222017	0.3313730641186836	0.6369988262924664	0.589547098299141	0.5062853436723539	0.5018519382773488	0.4587386587916336	0.4065405468680397	0.6483101988612444	0.565932138280407	0.2513685594713501	0.2231059330981299	0.3073522262669177	0.4520246418973101	0.4462093459510724	0.5818894489428548	0.4421805807596885	0.4355678369386574	0.4963866815197306	0.490920599838392	0.4809233151235782	0.7133568648456863	0.7463230198013444	0.2605305978517895	0.3937771106933377	0.4945425821147068	0.3756333098967434	0.3732082056819758	0.3498806293996879	0.3402434583692264	0.7055039334329678	0.5920158366338757	0.3934505104362399	0.4095082858105712	0.4850850210706776	0.4855447424168331	0.4919726240898475	0.5303188408340024	0.5481971773410027	0.5200066000733561	0.5369619418170367	0.5047177517694691	0.1979918438556479	0.09130408766796469	0.1112336220536449	0.1433780702037538	0.1007797514424491	0.2209762654173368	0.08930533384818042	0.08805148251404005	0.08626238820268185	0.1014806992076084	0.1006496705207884	0.09940892013697918	0.1797426360139929	0.125213119007176	0.1397562150305414	0.1545741184636438	0.1117667627447182	0.1187896207542869	0.1069653925217961	0.1024529836845294	0.09843511896516946	0.08340171170261527	0.1046639634405762	0.1076669911135867	0.1112854302568493	0.09613865336257237	0.0829933189892106	0.07726028407546122	0.1395078452971109	0.1391201035425008	0.1061165976752511	0.1056747820795108	0.100374364287547	0.05731445585633177	0.3776862719523129	0.3118207631023636	0.3524367196703246	0.0101210699543681	0.01012116498306786	0.010121086663562	0.08975105429843591	0.101192268145121	0.1008733855604608	0.1224098068302963	0.1044343719744029	0.1031159582900268	0.1071922470699798	0.1155806957351354	0.1075413320957865	0.542791509817012	0.3518319430571205	0.2986931115615369	0.551718045050605	0.5114965842361581	0.4580340886655608	0.5001020322381606	0.4627539589439323	0.4275004107355616	0.6058371496746208	0.5452432669164538	0.5095582362536624	0.4374226240019843	0.4748627122563377	0.489268866949722	0.4684961325998019	0.5391638928875869	0.5162053926972996	0.512414455853234	0.4957982912599049	0.4902802037108138	0.488949681117726	0.7252634683011482	0.7641747364093746	0.4754194906333685	0.4667548308688015	0.4961634571402678	0.497722792581528	0.3722514202188503	0.3493607698339994	0.3331625569831518	0.6328370185441246	0.5604354678303727	0.483027304814229	0.4471356481928209	0.4926837523384502	0.4936068127407323	0.4845547715277722	0.5232974235193677	0.5368275012347603	0.5139923672265208	0.5208410657497831	0.5028199220800366	0.07099992260007659	0.1667611379455865	0.1156964482444291	0.314595015959577	0.1381413789958771	0.5495669664777577	-0.0001282820603557294	-0.3651596527708356	-0.001118466912487145	0.03352244221539952	-0.0209099240142365	1.201799458904196	-0.09062091727480684	-0.1322983427939944	-0.1137482697024963	-0.0114024136054765	0.06896462789334173	-0.0355029806151874	-0.0003921921040437159	0.06087401053691707	-0.1964333560374928	0.1831304546153553	-0.1400108191425702	0.0253236356627225	-0.06505330378861408	-0.006059367476353128	0.2261640948807504	0.3735427447783577	0.1223295163283997
0.675	0.07822685140300217	0.08009629183510113	0.08058685235702845	0.08743730325989869	0.08703541704785726	0.08686483534007533	0.1717740118488009	0.1226374797473014	0.1425332495380128	0.1439305898396873	0.09301512792162368	0.1020568102638093	0.0974750103357379	0.09537104671884	0.09258050523812204	0.08646480690241377	0.08316770467146342	0.09330729463713255	0.0998074959709831	0.08784263507247841	0.083488544962523	0.08483777429039376	0.09937883050417873	0.09928891776466951	0.0963962667620563	0.09232096032805187	0.08862934691476927	0.04521842724454189	0.159543734112088	0.1361037845332884	0.1436350640296765	0.01008131206097289	0.01008130645406671	0.01008117776351044	0.07404812717718956	0.08741177878953346	0.08693016377489422	0.1133557169833514	0.09082903916755668	0.08877365725080602	0.09437185533388541	0.1043403968362123	0.09493738112651522	0.6792589374275794	0.416256791453652	0.2725453371104271	0.6264462110725326	0.5725014858451642	0.4839661500503807	0.4990074446979707	0.4376145109919639	0.3925934722287682	0.6556164736053028	0.5742316965933346	0.2794946812627466	0.2463240547394392	0.323367472107368	0.4459915239995118	0.4333183225725032	0.5814091515052036	0.4648474326061958	0.455585775227319	0.4940398101299439	0.4864659353941485	0.4762911875273992	0.7532642828402629	0.7930234844441283	0.3000949828975519	0.4026698499486165	0.4918143074080201	0.4513490545090568	0.281646651565047	0.2509578411245832	0.2204471174095238	0.6900771242796553	0.5856954725680473	0.4720174600315925	0.4164918950398045	0.4859482215707884	0.48737276042551	0.4743930651302608	0.5327437837828803	0.5532146901028273	0.5193799161360877	0.5313421014527966	0.5017857161598785	0.1594885424528422	0.1834787255262008	0.09847183216559949	0.1648983973675542	0.09960982707578878	0.2560164231391543	0.07500680968986118	0.07928633691983678	0.08173018288880343	0.08063901938596937	0.08068991123741859	0.08143464545778822	0.1167075804727815	0.1091485609865648	0.1152957097854582	0.1157533283057912	0.08201276151752981	0.0914217992998682	0.09257866588290337	0.09262357203481661	0.0910845940564087	0.09272871897001649	0.07134079730643889	0.08551599874628234	0.09262836818519472	0.08535018113638773	0.08860495011403599	0.09530288562374253	0.07326105001092835	0.07336473231269974	0.09200278358748919	0.08558071877046176	0.08367202668515496	0.03691497592812183	0.04241664524249809	0.04180105187344508	0.02827915098463632	0.01006142501887516	0.01006137165880267	0.01006121217174924	0.06567284881859543	0.08036321618267543	0.07974580531006564	0.1104561990679439	0.08388912996916222	0.0812060442832816	0.08811013222037296	0.09949888055844945	0.08884926490993354	0.7243476788916993	0.4270906533365226	0.2460792875712215	0.6559909769902659	0.5936479679723945	0.4880101905702861	0.4976822368548018	0.420509221087098	0.3757784387235213	0.6822289533935592	0.5910793838425353	0.1594285778158689	0.150430742861484	0.2479829683858976	0.4218939503291825	0.4116959487202703	0.6003619684813034	0.4461360353122118	0.4334264318201398	0.4923995337408516	0.4830782954868014	0.4682603066835669	0.7749914360749659	0.8165419228132725	0.210576204570071	0.3726670211091606	0.4882464277430467	0.4406471034956476	0.2013224687956185	0.1678023138151653	0.1247553545363002	0.7033725928251662	0.5920699362336759	0.4957159980318596	0.4042961852992909	0.4830711181226662	0.4851452721366953	0.4617974756902893	0.5382693281798839	0.5631839494378923	0.5219018912855364	0.5343222035341474	0.5000065202937384	0.209266784676426	0.2343205307198055	0.09131727692173411	0.06991324653663747	0.07410395513473206	0.07051068961899164	3.848337261438759e-05	0.3163355308313694	-0.3227139986287602	0.02703818724072081	1.942928635719201	-0.2749628885370773	-0.5501904220424454	0.2331042429894698	0.07535216931666903	-0.03792954522866018	0.1431514462844547	-0.03295754356867631	6.154619364505287e-06	0.323893471772381	-0.2228015806898343	0.2100001601292959	-0.1561165741710967	0.005632758979898198	-0.08390750038535236	-0.006489248693229695	-0.09708499794756445	-0.1018242416890573	-0.02429981541243306
0.7	0.1059918378993746	0.1137829040574504	0.121117846496887	0.09197003124159511	0.09400881435977367	0.097142949270833	0.1700343434204954	0.1362906631829368	0.1719494421558484	0.1179868742422865	0.08145142001465971	0.0767464603356391	0.09011563897428036	0.09639951614620366	0.1001874725821266	0.1221821096191691	0.07148085000089248	0.08699777754368444	0.09903121687235879	0.1026839882047718	0.1259458059916777	0.1367596560200766	0.05185839497655468	0.05227448898647651	0.09661956094431767	0.09159156694491852	0.09838436763777114	0.02690106216597625	0.1232400348206482	0.106357426618943	0.08280565522034794	0.01008121946281377	0.01008125087585516	0.01008106713094075	0.07176343429129743	0.08676642219032768	0.08597300237764689	0.1197156465747982	0.09011077680954573	0.0866057525060689	0.09505679243185523	0.1075833933964816	0.09589357604360524	0.6561624195610039	0.4326036266155572	0.2892122480009378	0.6116617069903268	0.5636391982245945	0.484775201442925	0.5009931857399456	0.4560682301143391	0.4241431050704079	0.6471795307433301	0.5675952531446844	0.246846044558217	0.2439522940293454	0.3119973357479267	0.4446910474865274	0.4368226231124461	0.571161982266319	0.459148066431646	0.4520460782160038	0.4949823129848903	0.4879709648932473	0.4767772638066563	0.6953454501663774	0.7244811582362088	0.2612450121754284	0.3990858120277285	0.4900471668521563	0.3822682155650652	0.2113205385454543	0.1816617376487914	0.1266553970958067	0.6490300184963699	0.5672262376840674	0.4809493591602177	0.4211024579970041	0.4868208550109957	0.4883654178677738	0.4705643201753431	0.5316359322677	0.5513244531709677	0.5198519523028092	0.5317662396192144	0.5012942135597938	0.2787863601893386	0.4294184562206902	0.1198914115850521	0.02233682415836264	0.04795185369106474	0.02786258806196214	0.142720457615752	0.1536933662568594	0.1658540591034328	0.1098668355419489	0.1137586494896071	0.1190214335772582	0.2254522164033095	0.1606364545246578	0.2294822698096302	0.1159895488495842	0.08891144181512226	0.07127981772513815	0.09386450551191329	0.1055402676659557	0.1141533416137265	0.1548031636442538	0.08321177602377668	0.09562532785812529	0.1089620422945588	0.1251427646944535	0.1671595247556813	0.1815380497519672	0.0471013740332503	0.04765391908931061	0.1072116594074192	0.1043030496538501	0.1191733147651612	0.02848908383918982	0.2974564800790941	0.2505645494444248	0.2189336266831953	0.01012089299987249	0.010121067200861	0.01012089517091111	0.08468355000593418	0.09981020764176436	0.09885222933800307	0.1358351831708708	0.1029675990169657	0.09868140606704781	0.1086455818328436	0.1224266829047342	0.1095727152786534	0.507146445350272	0.4179698807223339	0.350268612875932	0.5206573738316418	0.4985753983348563	0.4701556853873481	0.5061934941860828	0.5154295778203888	0.5075577496346606	0.5805980519036481	0.5246673272008305	0.4346128163369132	0.4347736853224587	0.4465367230250556	0.4883306487977168	0.4816233446248969	0.5140444995220619	0.4943031857697497	0.496935174064662	0.4991118358295386	0.4958449096588744	0.4920451336111897	0.555307793662887	0.5621041413704065	0.3850377161674308	0.4556203907033033	0.4930387952373818	0.3124929893022599	0.2342622359195181	0.2130229021061253	0.1468564187810597	0.5380645871613901	0.517866198130417	0.4771074315511391	0.4557928635865335	0.4944403327702444	0.4952468691219432	0.4826876715038617	0.5194445192316871	0.5297426122585993	0.5154350818382391	0.5245237961944955	0.5029121683572636	0.3313427480467848	0.7494767661846707	0.1576413406524418	0.02785965123909134	0.03888790056097284	0.05461585330297344	-0.0001033651850616622	0.4778804587924566	0.4387994231308825	-0.4088917519822998	-3.500121663540179	-0.6470941410145485	0.827435875313792	-0.6963538886988276	0.01661801631277414	-0.03256347533555942	0.1741303806067726	-0.03332035465476089	-4.988967493218127e-05	-0.05936454190189882	-0.3139293342126313	0.1879412607902824	-0.08863461095144624	0.01691970320999187	-0.06994645765238582	-0.009939105870051925	0.7033401749722491	0.6212786832272224	-0.0135390962449807
0.7250000000000001	0.1119643954464083	0.1182950224796782	0.1254302692995034	0.09395964793875909	0.09620432309374458	0.09931092868397302	0.1677405372094159	0.1273918155813659	0.166550214947384	0.1028836615533157	0.08303914410442517	0.07182703638642177	0.0848831756643552	0.09154375516450459	0.09621673182559311	0.1181201360240979	0.07898204316135302	0.08619955671801559	0.09430748427531281	0.1026902058986256	0.1254638078676187	0.133054169489063	0.05693418595197787	0.05740068431077645	0.09294951659310001	0.09127685856618876	0.09973278338504736	0.0430648074323987	0.3143925126052716	0.2978830569539684	0.2598381781786198	0.0100812242122184	0.01008125980533955	0.01008104268958575	0.07078191391491678	0.08653482527633194	0.08538585882958134	0.1236901843922371	0.08896592909561393	0.08365879607966792	0.09545540151127299	0.1095113839795674	0.09655278402339237	0.5506109776391797	0.333898222758531	0.2295850362832603	0.5600677702862832	0.5156434686457499	0.4535130514213968	0.5001838400559443	0.4459501149988508	0.4375562871313508	0.6378767270741676	0.5667592763110774	0.5056181505678214	0.4097077807850803	0.4202662735665827	0.4625076258886771	0.4165370447285538	0.5492912578226126	0.5077173305824998	0.5006817006614622	0.4915705209392573	0.4812297888710773	0.4719906071586044	0.723530830772717	0.7537499720705733	0.3928618160670235	0.4393325993462234	0.4853992402961781	0.4476367383741193	0.1353395817624053	0.1234240450251034	0.08802965241297936	0.5821070202928071	0.5365909965091903	0.4588660750873036	0.4171251673689348	0.4862294312537752	0.487826147645568	0.4769767307592059	0.5276744526143294	0.5441549041715791	0.5220366225354656	0.539870427188049	0.5029544705459869	0.1842983857262793	0.4384112608126662	0.1140016192675101	0.1359083529906413	0.06737935401635577	0.1500385264323601	0.09488392615728487	0.09826970140775075	0.1021868317822218	0.08571869999771024	0.08693622105267031	0.08869737759246964	0.1331798228985378	0.1074689990064995	0.1291336808156106	0.09339582682794587	0.08052786759153176	0.07366040075910407	0.08105229246208048	0.08459985208013428	0.08695613809450431	0.09793611182618538	0.07775330224936408	0.08189538777128211	0.08655567884696673	0.09055436258035289	0.1018271187568218	0.1057087722954473	0.06372247459530891	0.06412462760693743	0.08558773755231326	0.08471488772017183	0.08917801929463733	0.05339466796116567	0.3664309930047768	0.3685430418722017	0.3186100990285032	0.01006138029544881	0.0100613512202148	0.01006111609305669	0.06415085609339873	0.07997247967336792	0.07869123943083897	0.1176534826235326	0.08172027609383843	0.0756822358739804	0.08879430676019685	0.1029165474492755	0.09002488195825327	0.5273779977600154	0.2625643619395522	0.1584311189566558	0.5580652663765058	0.5057264734344963	0.4352398790015082	0.4962098725473219	0.3979629803253716	0.3998160633065189	0.6610692532023069	0.5906085698538609	0.630433904218208	0.4372768640742301	0.437123970282505	0.4529474831979985	0.3660269997425765	0.5596072325009536	0.5358890814272013	0.5219383000356254	0.4859507874051526	0.4698969435713556	0.4551038247391027	0.8316569427340715	0.8752448622844851	0.4367503651757558	0.447211673664294	0.4793206610075994	0.5684231405341855	0.07398369311302901	0.06999440213154401	0.05432959055427422	0.5683724692776958	0.5306003239746849	0.4373195988521714	0.3935714515166375	0.4814082677065098	0.4835056301800376	0.4794124611576496	0.5294784912368202	0.5471237061770872	0.5266546814797376	0.5530251460709096	0.5042317083823417	0.08878035720308292	0.2279187052105594	0.08882146082655183	0.2150480735354071	0.09220882629157963	0.2122785767454091	4.148835736434208e-05	0.3776035151652345	-0.5315295765081253	-0.3301880897582829	0.3228393895753177	-0.9177144358943199	-0.1884465842431343	-0.1359160292903453	-0.07211815204865467	-0.03350448655517934	0.2115851730053082	-0.0205952245217178	-0.0002661344780808903	0.2108380642145511	-0.04965522073733669	0.17424540586992	-0.1142174451009498	0.006693170535284747	-0.08776212927148071	-0.01107798678374518	0.04920081030412049	-0.01497016663862354	-0.2284119912408217
0.75	0.09509732306961893	0.09726426111659063	0.09911129259167589	0.09055070950785092	0.09097385026956765	0.09186819624655101	0.1280250924175911	0.1080921597832112	0.1277366802645567	0.08998045342886782	0.08593670484380163	0.08859442117996127	0.09376703393239662	0.09500989478302509	0.09624359295780766	0.1062115278294106	0.08339463899708882	0.09025575337574802	0.09367000302371267	0.09526217091879004	0.1040171554990247	0.1118106839646874	0.07224656631809002	0.07245989150380888	0.09325555979374595	0.09112135290850146	0.09207644990095298	0.06898778058687109	0.4110025977702786	0.4121626358834607	0.37687612142399	0.01008112755091698	0.01008121186583506	0.01008103579053205	0.07412751622356653	0.08740569320444423	0.08611820126535015	0.1208701324826664	0.08756472697579741	0.08117267620212885	0.09474519702500064	0.1071021646827339	0.09609235830376497	0.5648137190167156	0.3414009173963705	0.2336182956049899	0.5668132366204142	0.5257443367645092	0.4645770511741865	0.4965904637601574	0.391554938010273	0.3969696218839978	0.6322792346015125	0.5841384902674559	0.5574877322219957	0.4059815864856727	0.4098366303934415	0.4447250888219004	0.3527830675955722	0.5613425349909366	0.5213607411673846	0.5044017013615278	0.4887546529922007	0.4733329922547924	0.4436406386290277	0.7786139210410928	0.8137775288925088	0.4160629837589079	0.4514970734145909	0.4829349476363217	0.6087816801947989	0.1093446556899138	0.09767881421980774	0.07078214079868872	0.5536698672824489	0.5242699944291307	0.4359486913106319	0.4007713116692289	0.4835249047900678	0.4856015395290973	0.4929273772346649	0.5240186503656326	0.5376571109668791	0.5243622025661976	0.5513201734061021	0.5062444418733349	0.1277786271510241	0.1356911330269151	0.09044214275299194	0.2314944059990632	0.1530807572725409	0.1599090206587164	0.1098896315835086	0.1121855036447994	0.1134742232738033	0.1034233431684551	0.1037607694759346	0.104651280685029	0.1430449782245184	0.1213735647015369	0.1485333056254181	0.09011436095982472	0.09466075968460939	0.1029455847909534	0.1106434638868868	0.1118650683221104	0.1138308433202823	0.1304855019439126	0.09260083759851268	0.1034126049030351	0.1072916289319101	0.1105012097466782	0.1238841407283443	0.1379399271107807	0.07640022179287162	0.07649168676470171	0.1074656111059535	0.1039683143943914	0.1042963431429975	0.07936012489911068	0.5267931747264584	0.5152363695531607	0.4972377493798958	0.0101207226967324	0.01012098423193452	0.01012087738603512	0.09097070079624994	0.101475910188211	0.1002071021680567	0.1303991015235002	0.1001233277056645	0.09353708952404576	0.1072954145620048	0.1178073235264877	0.1087333962679264	0.5986757914321239	0.4637986883939411	0.3633886094981577	0.5642005974924486	0.546564126479013	0.5097198751881875	0.4977830288924833	0.3890824537567498	0.4063383439503874	0.5716575716644983	0.5682046781989946	0.4915887095012319	0.4008243057492173	0.395417847180131	0.438868305809018	0.3383568404611103	0.5548009711202572	0.5070017480837329	0.4859818467792412	0.4937218503210324	0.4795056832374472	0.4258012074679162	0.6788560434076727	0.6979709285903654	0.4112052488656178	0.4709394902895737	0.4890252250873837	0.6744645245161235	0.1764472021846576	0.1552139609999392	0.1078751540186527	0.5035610030322094	0.5025856934723986	0.4310540133369692	0.4182792965625252	0.4881200526221599	0.490068647453632	0.518846778280923	0.5123168515504171	0.5171930714484009	0.5201408577942249	0.5489469507755469	0.5102174781749518	0.2077664136014487	0.0592101640184946	0.1099585437335009	0.2187809636107071	0.2100817212873092	0.07701960331404102	-0.000101938127522658	0.06461487226490029	0.8324055014579881	0.3404672016728361	2.31307234449394	0.273339977617106	-0.9234369577186661	-0.1160036516543601	0.1183245749333261	0.009487381569525445	0.2127858372014938	0.008954901983439156	0.0004760251360832887	0.2811266012599312	-0.3026008575232111	0.1490682569512104	-0.1578514935286741	0.02250599736268898	-0.0600375153001684	-0.01338825877094711	-0.1059724140260586	0.09434055270712279	0.5340947305048208
0.7750000000000001	0.1398811147319003	0.1322113236541071	0.1351528906993418	0.09907029728144034	0.1017481604344539	0.1056308790193883	0.1581273391188414	0.1241575468664476	0.1603346247701627	0.09126697884079615	0.08128071110600542	0.0706848646305609	0.08340659116962719	0.09071567122618254	0.0950581593442047	0.1168055816402084	0.08134843118794061	0.08572817185328001	0.09137079193134216	0.1062575158213934	0.1288577310289535	0.1266668561907635	0.05311922757410053	0.05349032679705978	0.08933028360398762	0.0902325577572515	0.1020909148761974	0.04684012808377387	0.4791238006486837	0.4770817725392631	0.4748132118563528	0.01008111095609531	0.01008120601826535	0.01008106773770203	0.08086877848531018	0.0889517265457222	0.08781681557913611	0.1133780926172716	0.08703953422456871	0.08089746843007642	0.09343554662547782	0.1020979660038031	0.09483961723507961	0.6082397406592309	0.4578188387494141	0.3558100172360905	0.5538815121504684	0.5304915993282709	0.4909712314189564	0.504826890152543	0.5341568655643221	0.5054239072384364	0.6256305688313933	0.5420160800375539	0.4843133580422335	0.4368813524678862	0.4355762474199151	0.4691564927732835	0.4441684348559287	0.5266920489118188	0.5011593491715038	0.5118113987108275	0.4966625656333024	0.4898970372795852	0.4952519007724992	0.5961145721942335	0.6076430424819282	0.3955424344231133	0.4613354684805002	0.4851633145529215	0.3559688932241735	0.1199111300934949	0.1088465813085187	0.0802780199215523	0.5183239196527385	0.5082618261313187	0.399488351372273	0.3489931887303138	0.4744978618368612	0.4784832303247485	0.5062138234348311	0.5225271338827326	0.5358244805040147	0.5279809486105664	0.5675457140723548	0.5099858228983102	0.2267789075142645	0.5109682404964655	0.1070462577912832	0.09369566663424343	0.1018384548598269	0.03876148148733614	0.1639624252284694	0.1490405522695551	0.1533570141116672	0.09813567603931932	0.1024074813860437	0.1084170161990588	0.1733530861620475	0.1284860889822423	0.1735840347319508	0.09169154423308669	0.07402542593738058	0.05248708739022528	0.06838304973952679	0.07932731041989048	0.08517696057605373	0.1111104104258143	0.07549810952883483	0.07626684869653691	0.08296577173753286	0.105900911160186	0.1356912858380676	0.122926304124519	0.03945127753145022	0.03996578780259345	0.07974450467154724	0.08326587179771248	0.1027668470797821	0.02984450487716446	0.4809807174365709	0.4836056337525128	0.4997084492255839	0.01006131489225177	0.0100613216968659	0.01006117828766913	0.07709698440147354	0.08298560205190536	0.08196903720583965	0.1029663074064194	0.08052706943017111	0.07481690118257499	0.08622274272463505	0.09309431815281838	0.08759233718593447	0.629483846628234	0.499792853307422	0.392369105350809	0.5397640530104785	0.5227493624520591	0.4928964651453814	0.5123577277555322	0.6786250497046941	0.6045993406254625	0.6500285961586034	0.5075226429685893	0.4467864955575838	0.4708727908737527	0.4688619286134416	0.4947707663766088	0.5375524819364006	0.4952528503693481	0.4888743949657782	0.529407332231561	0.5020154285519709	0.5025449482422214	0.5414822936057685	0.4572854897460748	0.4507554491508122	0.3832418034181744	0.4625904509100911	0.4853626277177058	0.09534464882577866	0.09206926098770435	0.08588241875791894	0.06714651203903507	0.5093850434268697	0.503992563080116	0.3584982528133859	0.2887462182240247	0.4624088080503285	0.4682591331660037	0.5073773005283767	0.5274530199154234	0.5452461711271976	0.5335279315383846	0.585151372626364	0.5118470788193014	0.2414274503843985	0.9244199871460868	0.1069775359858172	0.01932485347802705	0.03996264842566249	0.02653375398574854	5.609638468511719e-05	0.4267384336349513	-0.09967565074142422	-0.1713696578010181	-0.07190683957242511	-0.3761862384055641	-0.04660352860547175	-0.2711506463295233	-0.06634810167105006	0.02297021009508238	0.1470886613717813	0.03175383730659535	0.00031881680309735	0.1583914566037245	-0.0485015352973194	0.1398609274191851	-0.08300518909601511	0.02687761223197451	-0.08824508451139175	-0.01226073646754879	0.1599704951600536	0.1323341162827887	-0.06066852328518116
0.8	0.1708775498910772	0.1566974226341655	0.1619164080663242	0.104298216453193	0.1088369497609427	0.1155319732630069	0.1858788398936529	0.1347954577621111	0.1834758382520424	0.08908591986592905	0.07876493677141169	0.05899421244944733	0.07617907724036088	0.08615335358645071	0.09165569989761871	0.1191202542228776	0.08047559639757561	0.08279144408304993	0.08894139617837772	0.1137466336232339	0.1438799038591663	0.1310253866566114	0.03976188334396545	0.04022889291750096	0.0870989364141887	0.08996770190552961	0.1105463524655703	0.0436013073321844	0.4911031896473212	0.4933514318445043	0.4907271544434896	0.01008121060651831	0.01008125559692174	0.01008123355622023	0.08932374088943278	0.09078561069511687	0.09003894856446237	0.1035501532735924	0.08766341944938381	0.08322291596253617	0.09186640967332199	0.09586701783952639	0.09310800707049442	0.5953684167941558	0.4978353122762753	0.4239142151632552	0.5350151923070131	0.5215619174178496	0.4980978822229923	0.508766347326477	0.6085110771039354	0.5434303655502722	0.6284386740029673	0.5222954079017493	0.4621461117450323	0.4637159338837056	0.457135128486341	0.4752962844636773	0.4819196350259394	0.5099487156972378	0.494427399931653	0.5210475654823069	0.5008595940819078	0.4952787711483195	0.4443117059538514	0.5192713362560761	0.5178359135592276	0.4109163230239022	0.4749237316470928	0.4922396092569711	0.2215181196798686	0.1211575693566554	0.1080844888133908	0.08446095272134868	0.510252191504141	0.5051387933176767	0.3254216435222548	0.289640570621522	0.4643747280659623	0.4690822430952106	0.5186765441192269	0.5249420975710134	0.5406722688183779	0.5287242727118201	0.5749226606040878	0.5125957245959362	0.1601689405149905	0.6582493932207777	0.1080931573053674	0.1022805369463185	0.05849431311267698	0.2101432296791095	0.1731038614745317	0.1623964213556415	0.168216239706463	0.1143930268178861	0.1185403252168936	0.1251554685636102	0.1997754308593505	0.1432895483884841	0.1959932519009387	0.08602403886253042	0.0892951920683788	0.07787999866839648	0.09528880862669144	0.1024787192741131	0.1070427816282068	0.1359259393013982	0.09068994815832143	0.09720259506099277	0.1023202535993394	0.1261381561719661	0.1552195387888842	0.1476446416277542	0.04841964873131058	0.04872931069405163	0.1026922612795252	0.1033607684404157	0.1217006243580858	0.0692117266836518	0.5330964373134444	0.53251854486561	0.503934608050948	0.01012089560845657	0.01012107080725677	0.01012117864309265	0.1082569926251893	0.1052135732785706	0.1047175536999369	0.1105788270125921	0.1012779356795513	0.09800108972346154	0.1041080233818223	0.1052079696769816	0.1052338626568008	0.5451082384655273	0.5254221956929022	0.5053935412153816	0.523749515436024	0.5224710392652269	0.5164970870495165	0.5037574487324493	0.5024427252944814	0.4498066252644563	0.5822980240099342	0.5393670142970625	0.4713469582270076	0.4526268497394046	0.4363836279346746	0.4433322982061658	0.3893777032878715	0.5294338759767447	0.4995869061731812	0.5051320004073669	0.5005207781059557	0.485482372940216	0.2823731900637845	0.580679888678472	0.5804477908482136	0.4548596677450427	0.4999481034174353	0.5052986703785683	0.4030894511806739	0.1806631026048182	0.1554410092697643	0.1177642106652084	0.500683021079351	0.5022610177140329	0.2729746617084912	0.2962491482828438	0.4673748155359778	0.4702813100808897	0.5437502509877707	0.5189286328274054	0.5299936077724058	0.5202965683633898	0.5593422094605305	0.5149441994197247	0.07188848005851041	0.1861829986648677	0.1134412992491845	0.2288282509286399	0.1131802826941778	0.4449228137083927	-0.0001154127425274168	-0.5865968769735659	-0.8814127255495239	-0.1485561638451141	-3.505556712876134	0.2866501744901354	0.9802696024553949	-0.5205059695872791	-0.2988003767182469	0.06757613418306678	0.07917830728945377	0.04230272046183173	0.000890486481179778	-0.3641662715017424	0.05900054215320733	0.06702218001664452	-0.1219093193176283	0.0102632352524807	-0.08573007767480456	-0.009575896555979594	0.4197683888754339	0.2201674662885274	-0.2730101846907985
0.825	0.1471748543790151	0.132429952095277	0.1329929176633075	0.1010799762712369	0.1034140227185807	0.1069883014438946	0.1444221092601753	0.1169946928221927	0.1444351986471122	0.09252434054428915	0.08420127281993942	0.06787720600652947	0.07910186628074085	0.08752298359334895	0.09091199897830925	0.1051611788727141	0.08725228607369956	0.08541290138239029	0.0891227971930756	0.1039773664270151	0.1196766182510264	0.1104007798225423	0.05621382997736642	0.05662700795244275	0.0861236541121926	0.08968939281760588	0.1027123003376741	0.05219109063073141	0.4986632011507127	0.4943130232112553	0.4962715358422422	0.01008132954757355	0.01008130943879954	0.01008128343724879	0.1011735717810652	0.09314714707823096	0.09290196247091534	0.09264583881889847	0.08782135673059703	0.08490794213281694	0.08994937746168817	0.08885193477941239	0.09099449526989634	0.591107442526401	0.5276878397884959	0.4884426316190866	0.5491799510519619	0.5443189808004928	0.5273789146730946	0.5013742211802614	0.4625417206365094	0.4136865911886816	0.636074557884041	0.574803423898661	0.4524266115672822	0.3957922766558671	0.3704550647287712	0.3850142138987716	0.2794879828582889	0.5564057937146529	0.4978816998818111	0.4996775333875888	0.4973608750923683	0.4791241831774327	0.2069974327274198	0.6462788600989158	0.6548756224538701	0.4248602263810833	0.4933317553078477	0.5033741737175196	0.4881163624339502	0.1166881336074966	0.1046342049002167	0.0830220851995109	0.5022921508188266	0.5020278177120147	0.198430759461176	0.2042832071131832	0.4491776168323631	0.4527754097899194	0.5680879126857238	0.5247170842245463	0.5392415602303781	0.5288681704226414	0.5876940518732641	0.5204804864953013	0.1602642596992026	0.2370141403272401	0.09521121437350995	0.1542714454430718	0.1056708273504606	0.1984776138860143	0.1313811599882596	0.1139379767692107	0.11053368539574	0.09460014728071568	0.09571722455322174	0.09722512866512431	0.1059712573851004	0.09893571695270821	0.1076211453714496	0.09522852398239656	0.08273736346874162	0.0624989031726768	0.07018919129034339	0.07964210247614971	0.08224475084386521	0.08663649953685139	0.08748124283219755	0.07955120438691987	0.08179944569620047	0.0912638718101156	0.09709642261378031	0.08710953819745643	0.06189017955017958	0.06236385850547603	0.07715810848481028	0.08275150468258721	0.0923758943669689	0.0488804440688874	0.4729641040819732	0.4642556690575237	0.4761447381749753	0.01006154182767854	0.01006142668179428	0.01006135401813067	0.09981527038530404	0.08751721441127124	0.08749607597475334	0.08162374181573044	0.08113163146032298	0.07867121982016073	0.08252135628360008	0.07943178835875561	0.08346688055096052	0.6129210607768352	0.5426143706099806	0.5064078750490738	0.5687858193972462	0.566184413541387	0.5463265631058507	0.4968877846986712	0.3771584746877419	0.3396382085059531	0.6674591425355342	0.6176713377275195	0.4374887139001392	0.3408406781449514	0.3053427069545359	0.3207983142480996	0.1592614576951209	0.5922552456945936	0.4982344697837577	0.4872132189849227	0.4941375735917848	0.4674267151436899	0.1030114158117346	0.7399117697766571	0.7580836963816041	0.4153124618435354	0.4979466947320057	0.507210801355616	0.6195522872582081	0.08578041927387416	0.08009594807229672	0.06603340854455339	0.4995053973158091	0.5004513926446683	0.1217091103585708	0.1430571299956221	0.434338395987093	0.4373816866857163	0.6058337920630782	0.5268248013255112	0.5412573492361367	0.533106680352388	0.6077664075193627	0.5270669756216708	0.2117406063873218	0.130128044943769	0.08334323724302022	0.1222699741026079	0.1020866567844038	0.04867332001811236	5.930550050782526e-05	-0.4100891909067783	0.1754172887058376	0.07658105010625163	1.321648245347573	0.2662332775430473	-0.27545642170992	-0.2298564342354885	-0.02470926187365625	0.03776586247883131	-0.00830833195310444	0.06580215867324037	0.001092391191288348	0.2220286338593104	-0.05996510978944326	0.02448691047884477	-0.09293747091950717	0.04217597443561229	-0.07966764031695507	-0.002786940800882987	-0.174422497563329	-0.04019525291190498	0.1252870223522012
0.8500000000000001	0.1504599258371946	0.1275021131901318	0.121886499235648	0.1048222552993028	0.1061515510069729	0.1076138828685966	0.1013114657770416	0.09128287595040735	0.09711207540225864	0.0853732147976818	0.0908849492942795	0.0620685980402071	0.07086623234133239	0.0834590012734618	0.08624686549484033	0.08826468610175567	0.1005041719481761	0.08448405107041736	0.0828338043381525	0.097041312411675	0.1004120877632236	0.08651545536203703	0.06843208579578583	0.06882642061039988	0.0808067925082681	0.08905409504687209	0.101053348640709	0.1007898699654551	0.4355427259983714	0.4315388591293869	0.3934104067323702	0.01008130297544852	0.01008129852110928	0.01008148149281252	0.1126877306142273	0.09536470694755504	0.09569768658964325	0.0819094956719404	0.08817087140433645	0.08689238251942855	0.08809932571762971	0.08221897302500113	0.08877035876611583	0.5952427791532082	0.5372662837544736	0.504600574974002	0.5541530698818199	0.5521645511985027	0.5362786008772116	0.4995370283219664	0.4289771321872504	0.3759685114315373	0.6416333713225959	0.5899470071214878	0.4418591032032157	0.3785744730321693	0.3519186779588834	0.3633309762655025	0.24692912475676	0.5724608033933318	0.4969703931416498	0.4934551500155561	0.4959605017115356	0.4668182069049587	0.1908752543920293	0.672763526321983	0.6836784842811018	0.4289835037106154	0.4977039105258317	0.5055007765970976	0.5433046562652687	0.1293627260775327	0.1145413829350775	0.08744823983532377	0.500148729975213	0.500842338939287	0.1145102241644674	0.2132332595132371	0.4487534252500164	0.4498042993260526	0.5938417826833429	0.5209102198323314	0.5282935860236744	0.5282943233597345	0.5893884736991595	0.523815119403865	0.2198849297046612	0.3940920286877898	0.08028624431693676	0.1882265230692265	0.09349339660070186	0.03400755129062911	0.1802398434248097	0.1519987173201995	0.1451815216476174	0.1215186821969656	0.1235545913263544	0.1258289547636154	0.1118656216937211	0.09182583248698266	0.1002326548750795	0.07263465051965787	0.1028197406822341	0.06829064230421725	0.07987968584085557	0.09475805757135233	0.09788858551112682	0.1014451826422761	0.117203408673267	0.09570837023101815	0.09017486986900144	0.1117036293877408	0.1155662609838667	0.09886259541798195	0.07391018563917812	0.07416251948495274	0.09228138295604742	0.1020953709516778	0.1178224014405908	0.1669884219621839	0.3782021056013252	0.3811936574911858	0.2590778343524219	0.01012087551738032	0.01012106368212213	0.01012154113144579	0.1321396705479454	0.1097853971846799	0.1104731817766446	0.08880568194161666	0.1019746089925504	0.1020512603379799	0.1003137886337394	0.09166327362565406	0.1006938482110562	0.5576238863921968	0.53573196969237	0.5206940875407786	0.5292039830859603	0.5310787903480469	0.5251968981136057	0.502539888302257	0.4871522530886401	0.4137435513145323	0.5921240691722258	0.5515247874480359	0.4497671655568092	0.4353549628395265	0.4210803247466596	0.4236770674037043	0.3690500984553566	0.5472818331422739	0.4958694552689164	0.499481835651901	0.4986336488822815	0.462614102418936	0.3052442624642501	0.5831009513100461	0.583138613556857	0.4599870185569518	0.5029104977046867	0.5056667866474519	0.4705294949295911	0.206522362773334	0.1752416277846702	0.1263011204277175	0.498999347386713	0.5007418282432041	0.1163752394762725	0.3243159933468867	0.4723291540732956	0.4696063231130788	0.5842836278752807	0.5096983905092519	0.5037730662952833	0.5188205720472304	0.5571049248247822	0.5195529605850832	0.1919041872063159	0.7561986495440355	0.08350989643487221	0.3143969545892512	0.09731231631262029	0.0834728541711616	-0.0001385077952844534	1.065876237794154	0.3809918636704183	0.269830008219322	1.317955878384019	0.6698918646407773	0.1901848739363024	0.1247515545154328	-0.3955072634081256	0.0580434513553648	-0.1077932702439045	0.08532270715413466	0.001086554947989596	-0.1278599538051753	-0.07815938429544381	-0.008761453075293097	-0.1560974312471906	0.04372654172085191	-0.06078640420639014	0.0007290154369732482	0.6133436064509301	0.3116554043251135	0.1624593629635677
0.875	0.1638411146784942	0.1406877975135233	0.1349075226757607	0.1072364105129765	0.1093607022292298	0.11172069502601	0.1151926426650259	0.1105569250306065	0.1252754288722818	0.09333537293521223	0.08580500190320006	0.05234516552684695	0.06657023977371694	0.08396563594243611	0.08751788660329228	0.09644873599023157	0.09502076824030416	0.08095105550858937	0.08415597678170086	0.09958517465154014	0.1070673709108274	0.09680515194237573	0.04887545742615672	0.0489534017763459	0.07887662875032318	0.08860102211013815	0.1045185004403684	0.07337453732141848	0.3634168299797578	0.3391775793292789	0.3032406782930257	0.01008152942353113	0.0100814039406066	0.01008152366016374	0.1249508056999759	0.0975392888965268	0.09856166611569937	0.07170411946867179	0.08899256845855795	0.09009619238054298	0.0861336917321821	0.07553843921226346	0.08636548932877143	0.5746620967840814	0.5456611425600918	0.5324750581710587	0.5429550246683477	0.546296297199739	0.5387486188670992	0.5007415981923007	0.4536987769852923	0.3770200733668862	0.6423888853932285	0.5853617845929141	0.4197582235334241	0.385548831932612	0.3652805732043771	0.3700151395175413	0.2723688403201797	0.573788246985043	0.491853216309066	0.4945032105997279	0.4976907635020498	0.4621503440073199	0.2028447207614542	0.6352406986476976	0.6425165902140253	0.4436027651356268	0.5038943165264309	0.5106220912748688	0.5003078064657842	0.1321756559113894	0.1179951205172161	0.09424170604506117	0.4954729294353151	0.4983545847782233	0.08253160997878542	0.2732896589245584	0.4605436693090372	0.4554767749032528	0.6322071497358704	0.4997338612859006	0.477399292673523	0.526458329079068	0.5902115842299754	0.5289287558810247	0.1379076244152875	0.3919763945254875	0.0928253236405185	0.2141157913380699	0.0901763564701904	0.306734001139595	0.1555712972783195	0.1352322148063445	0.1298253331596082	0.1000941344607452	0.1021982894682834	0.1044422204417804	0.1179866272248035	0.1204359890094884	0.138981939208216	0.1043475399068975	0.07733218803333208	0.04434495940547926	0.05980279005447463	0.07881930526890214	0.08258428068288147	0.09429227468838984	0.08358789379621631	0.07343870619036498	0.08119007197393784	0.09333406087432095	0.1027124283752155	0.09643276493311853	0.03700999629965902	0.03697082419514394	0.07203421914334747	0.08180988768901311	0.09765766736673528	0.02547461178486283	0.3157144359262841	0.2727526592417772	0.2813770049607772	0.01006183992027181	0.0100615656490417	0.01006153178626295	0.1236013058484523	0.09173763461921575	0.09306544494228258	0.06177496289623725	0.08262747568990803	0.08466797012143147	0.07869402418833125	0.06649299800814079	0.07879605627419065	0.5694537651621633	0.5541684986484126	0.5530223882846461	0.5432387137687602	0.5501714424564473	0.5464643181394688	0.5004381579713278	0.4476354491336905	0.3624612813447129	0.6670360284067601	0.5994847387785585	0.3953251885025282	0.3633681950918502	0.3429168904118895	0.3467045505636983	0.2310892451924962	0.5872119613333234	0.4874669700086109	0.4926334761173879	0.4981058738342747	0.4613825658737901	0.1588675859606755	0.63911140429096	0.6481777002796735	0.4438786089883229	0.5078290411516747	0.5159193809177763	0.4950409831343244	0.09796622543467952	0.09464919097982588	0.08118246930154278	0.4914153419604291	0.4959777541607529	0.06292793933685956	0.2683241669810403	0.4612984823843617	0.4522690915624483	0.675841004470252	0.4827680051884106	0.43665824197345	0.5292234097984875	0.6069958330322507	0.5360390289346089	0.1019258078228951	0.1910925941835788	0.1000691515143634	0.1487082166771467	0.08607119923732418	0.4818416792068987	6.435764025523779e-05	-0.6552229621943972	-0.379439055277122	0.04836615849804542	1.010469255216303	0.2380498196828565	-0.3525321060673105	-0.3396559590893347	-0.1766049364663302	0.04710867526467941	-0.1918739982865698	0.08847536605051308	0.001373672772210962	0.1426357520631884	-0.02674748933907534	-0.0005523329354586429	-0.0924696802756764	0.06989813474114057	-0.02313430270783199	0.00135973426548368	-0.1642970444031936	-0.1081960201207444	0.04461775440289833
0.9	0.1501839691055283	0.1309343002407157	0.1245829469698424	0.1057250894589507	0.1067442480261286	0.1071242409412781	0.1137150037936999	0.09900702495716053	0.1093344284385205	0.09280338547258095	0.08890090846573562	0.05463168379337254	0.06721337432504419	0.08596029784578287	0.0890820174257841	0.09444540652044549	0.09541999937536656	0.08159276036501267	0.08383243038757564	0.09645873574634047	0.101716721760514	0.09609932783925544	0.05958630881220845	0.05949975791097804	0.07862346231422723	0.088558877612589	0.1006265353560346	0.06563954041446454	0.2691532160581777	0.2441839076376359	0.217015867317314	0.01008139994044307	0.01008133637716274	0.01008170668286917	0.1336076189714215	0.09905177085438763	0.1008100388273506	0.06393128640537921	0.08973794461730857	0.09323223902302029	0.0842144602461752	0.06991401404332896	0.08420472538465179	0.5494447563887958	0.5457958583647678	0.5503434695432458	0.5329440529093987	0.5395719767349986	0.5382596478032761	0.501386382024682	0.4647371903161623	0.3982460992597839	0.6383082544742609	0.5814194694969679	0.4105548825863712	0.3894596826309837	0.3761467915407694	0.3799802311038649	0.2925305160773225	0.571697332290915	0.4898724438365041	0.4956576469642882	0.4988028543802552	0.4692192016240709	0.2497410165464288	0.6106780163061966	0.6180963626871099	0.4621741150641009	0.5092901564629907	0.514787546487789	0.4884080106905356	0.1573183890798485	0.1614886694953563	0.1178723622861957	0.4930351445256888	0.4972827215377705	0.07801004968164109	0.3388643245200246	0.4734901142110815	0.4655536871546938	0.644842984874061	0.4804607340272522	0.4356923156973863	0.5248497511383696	0.589651371157465	0.5306439389969506	0.1636710767397543	0.3168956026418464	0.1068582235414665	0.09062375119314442	0.0876483575591229	0.3199540445352275	0.1522887621013277	0.1328252933176475	0.1250801668955304	0.1187263009757622	0.1186306930030937	0.1170467720342982	0.1097047991540709	0.07055186473349639	0.07019973201635749	0.07197639440313143	0.1083008555631256	0.07104537783579747	0.08050589835102145	0.09867493801019152	0.1010575952816424	0.09831354825952884	0.1174294073092426	0.09653528167993804	0.08968881837835048	0.1058168688193845	0.1055956563693325	0.09842086536733446	0.09114388923975375	0.09103957661896807	0.09155867238557872	0.1019650536804087	0.1104686224497361	0.1445045529335576	0.1926051171616732	0.1985358627591409	0.1087157591501052	0.01012069738717482	0.01012096784072108	0.01012187521395853	0.1501870144469453	0.1129526578022259	0.1151493878177106	0.07270618728251917	0.1035133598015947	0.1085147703914572	0.09637884326338306	0.08006127555253538	0.09624479415110478	0.5056646398730382	0.5321010101599821	0.5520599311621088	0.509970699681354	0.5173468670124837	0.5228266117589171	0.5035866721563514	0.5050372575158175	0.4637432253079316	0.5814597960705832	0.5440852309470435	0.4358282449772432	0.4426362133968341	0.4434124257022859	0.4454738097279283	0.414530300440732	0.5414327139859764	0.4932616478775607	0.5018440090169355	0.5005917174346362	0.4815971227101453	0.4132839711337672	0.5423518830590205	0.5449326724078718	0.4993821705975348	0.5133804125913956	0.5135690975428541	0.462217411592977	0.2608905808520154	0.2683305695692008	0.1752056799440758	0.4950967839338527	0.4992156515748161	0.1044437661266304	0.4731311723408668	0.4990539133851363	0.4917464902944401	0.5957800010294849	0.4721947807408867	0.425154013149743	0.5157230651970471	0.5552881399923886	0.5214021129984332	0.2501229647609191	0.5670245968516496	0.1116715876189164	0.06090254441591129	0.09214898691380984	0.06449506757786862	-0.0001834738010337341	0.07635640280114656	0.1170379820227377	-0.3544667203781833	-2.447267170965597	-0.6813504326866577	-0.0151912200001411	-0.1459542145560751	-0.3357599986031645	0.04236040299554122	-0.2910817982476843	0.1010579183688056	0.001402674156568592	-0.1193875862349865	-0.0904801523195089	-0.04410778735042598	-0.1345639422292411	0.06887330749850512	0.02792735030307095	-0.00285272379933032	0.348677361370603	0.3758229456671186	-0.2339872667292717
0.925	0.1431779489814941	0.1237641734744953	0.1152578856464737	0.1070428033718576	0.1069332136446289	0.1051496523102788	0.1174807644631122	0.1289398416021396	0.1404684810094772	0.1486994951327863	0.09497214594956645	0.05430789585480723	0.06334811263795842	0.08414749951847403	0.08776408555832668	0.08486721292958158	0.0979788513829766	0.08191015919445828	0.08799999168315031	0.09269390256106215	0.09291403405698645	0.08714528546478927	0.07827403197398425	0.07824216566110681	0.0747381967318774	0.08786894731449318	0.09805444393790283	0.06788916442248319	0.1330758771479461	0.1256112288894827	0.09132483210322145	0.010081771408294	0.01008152266669262	0.01008175170383942	0.1462294270052249	0.1009583944326405	0.1035803411335861	0.05680933493685238	0.09083119600015663	0.09743618836781026	0.0820439253485318	0.06397778139440263	0.08171908368806401	0.4552693916980675	0.4902053227880604	0.5203183641607514	0.5058616470395939	0.5152169603143758	0.5221298003001753	0.4967008835507027	0.4194240963474266	0.3196845064708105	0.6350736893891128	0.593857813481048	0.4566255069184116	0.4156983280109371	0.4011253673021349	0.3882987869345454	0.2755547653098851	0.583697763992561	0.5003946825089042	0.4970026587279566	0.4898207947279059	0.4311171791098552	0.2438865460226454	0.6709438300921269	0.6779800313674041	0.4999642254133213	0.5201911383669925	0.5200919783493315	0.5496206004605712	0.1779082567964565	0.1827782250041602	0.121836509175085	0.4861281796667441	0.4937650352315585	0.07848519651175977	0.3927161128890905	0.4830689823918158	0.4735799424357184	0.6489761027004466	0.4712771629062739	0.4166806648713518	0.5252312639745679	0.5914907564422242	0.5315350024000415	0.1648844519894898	0.4113931772834864	0.0922866169887262	0.2621130987671365	0.09076924119294598	0.1371139353309256	0.1372020918023929	0.118359370297825	0.1093365249662133	0.1012891055918229	0.101064003765443	0.09898682671565502	0.1274408079587741	0.1662323428197613	0.1869783262326052	0.20530296741337	0.08897684922239658	0.04582334637051554	0.05451408501920123	0.07668382040246466	0.08105198208781113	0.077488196747141	0.08807661333468089	0.07456757106185316	0.08814903916392824	0.08583050896048082	0.08588196673901451	0.08110353073282986	0.07270524156163179	0.07270442146207301	0.06583606419066833	0.08067295917034568	0.09164383814056043	0.02437638297856156	0.07045458932322035	0.0623541200296543	0.05773604455562163	0.01006224776631846	0.01006176734419067	0.01006170805842834	0.1475312982624516	0.0953309446610266	0.09832444030268273	0.04795670660729513	0.08472427638688541	0.09273697525485416	0.07458104234694683	0.05526242534442297	0.07408790355933351	0.3906038589617446	0.4468711044754248	0.4939211931036787	0.4920034405820544	0.5039363420914944	0.515765877643324	0.4911179933221618	0.3573585298619798	0.2226478268084484	0.6609985793976789	0.6257902808227033	0.4827962139122596	0.4092740456398657	0.3866919332247356	0.3605030598539582	0.1988844901890074	0.611920772124697	0.5080886519046425	0.4941077957262181	0.4808509459095561	0.3916800249611911	0.1545472726192754	0.7664323858400006	0.7758926616440853	0.5163373896087198	0.5286225902691083	0.5272301815506716	0.6245336859344615	0.1421169177442793	0.1447706243371846	0.1001750486326299	0.4770725445346993	0.4887016568445534	0.06537986184581658	0.3631313588695639	0.4781112637199689	0.4669780635834971	0.6782676150092148	0.4685110407128087	0.4083072257965192	0.530535549328586	0.6113741811020952	0.5371583072173195	0.1192659055268932	0.3231900623614823	0.0824433678026187	0.4199381593064084	0.09265373300538354	0.1256099296139187	8.807433558865093e-05	0.1200924026766934	-0.1409725741312104	0.08039421454519344	0.1004000996892873	-0.2557100979780765	0.3563924354486255	-0.04490726956552998	-0.2347207828603348	0.01249787845812479	-0.3861517733166687	0.1043109192982997	0.001409273952247531	0.1004668360008765	-0.02375260274780082	-0.04737356364093243	-0.06995529075447299	0.07018854530521663	0.01268047320536239	-0.004464184306767421	-0.03288714257193506	-0.0574885776535763	0.1265154777482391
0.9500000000000001	0.1392983894348839	0.1232000732368843	0.1149493658066656	0.1069356659080879	0.1066979773787003	0.1048087346115838	0.1641547232126124	0.1604400377738114	0.1915844966630027	0.224101040995262	0.0975569290315209	0.05344571824505613	0.06229919695841076	0.08341202295012998	0.0879982353728353	0.08482278911257646	0.09528787523954807	0.0816177688446135	0.09415940019650855	0.09245842077834282	0.09279731648347499	0.08922900451570757	0.08133213843424311	0.08124354037670568	0.07208409847052936	0.08705129251657076	0.09806026849245565	0.02514971663232147	0.05991412303757338	0.05120065996972761	0.04927276816912701	0.0100812099404102	0.01008121763815108	0.01008194814984295	0.1598622180273209	0.1029557701007956	0.1062984972543842	0.05048000120777805	0.09234111858022431	0.1021783054537474	0.08060611304193464	0.05991949707166504	0.07978883192046597	0.4396598909695716	0.4890859107425346	0.5299373819122347	0.5016701817310952	0.514191535760891	0.5256877468907778	0.4951426850109748	0.3992458094996231	0.2968277098532002	0.6386279599301301	0.6022643308830856	0.4500025086733663	0.4060178942990244	0.3944350247226158	0.3784957849318665	0.2552771951423718	0.5936424941424902	0.500065607938294	0.4914016185066026	0.4895627886710566	0.4286311993756669	0.2273499050498883	0.6869814472971447	0.6953274234053535	0.5080471477976131	0.5234473874122209	0.5295214842693359	0.5783704275057193	0.210610862813482	0.2076144113362669	0.1623053496870799	0.4756899036937806	0.4884854395897628	0.07759198902020296	0.3684913262071022	0.4795791751287762	0.4705529087912939	0.6533910363139482	0.4783380532730486	0.4323495335835058	0.5274044038845898	0.5968378228983885	0.5325745319353216	0.1445384273662919	0.2291745792385093	0.1004867128349523	0.3472039835839738	0.1110789471871318	0.1642027247931631	0.1445152433370256	0.1315395732687084	0.1241470646180393	0.118610815667139	0.1181801872356241	0.116237107361979	0.2046451067252582	0.130494323506948	0.1688744510847577	0.2207969151975591	0.1140248909978368	0.06935734703837297	0.07790714658596047	0.09704273077280823	0.1013727032077009	0.0973191247309604	0.1124126542691563	0.09600871039497158	0.1019850618239853	0.1050127360549204	0.1046613370224314	0.1016802414750398	0.1002116381659831	0.100006443761217	0.08594323597389822	0.1003013059957632	0.1102670433721187	0.06141446878578749	0.05947118374907957	0.05560513737426653	0.03943398308660821	0.01011978628724905	0.01012046934219431	0.01012223374466913	0.1782049026269006	0.117043586707497	0.1207342069959159	0.05967740115445622	0.1065710467092628	0.1182270154377601	0.09334656210469595	0.07148376116642065	0.09222546822620198	0.5073225776011632	0.5534756345301765	0.5893689768485088	0.5120172556395107	0.5260466584323563	0.5390313746245374	0.5018200772812959	0.4715785735836667	0.4248628409559705	0.592147775859137	0.5585537560363245	0.4022238369353547	0.411253540523843	0.4202513868515869	0.4199636763894954	0.3686033371068183	0.5600281969957882	0.4878604123245336	0.4876308005705247	0.5038108962554748	0.489615056944621	0.3745744567900034	0.5484108588533188	0.5543335886832681	0.5033748618965407	0.5164395255885161	0.5343142893399325	0.5024712668898647	0.3356995022220205	0.3255996591829177	0.261660298101344	0.4727200718434963	0.4878909953673241	0.1027763243420789	0.4042105062084188	0.4866722787705497	0.4812095232022864	0.6046356206191519	0.4931633218762731	0.4696950565584244	0.5208806119844555	0.5676609738347796	0.5235414795885163	0.2067726211825632	0.1423985726970186	0.1266299517105026	0.1922722000888247	0.1322474939191995	0.1757694415108037	-0.000255960254379143	-0.1237513528336506	0.02989647975294359	0.1315135295782612	0.993723720343637	0.8058671185800034	-0.1829080109284535	-0.04390277393638599	-0.4338035830428451	0.01826240551686964	-0.4750610713198866	0.09951234012626513	0.001858513366380215	0.03572047827821738	-0.07515978311968989	-0.08455656909730472	-0.1215968554261911	0.06071834290362442	0.00326262091444525	-0.005139585124898954	0.1228583238928958	0.2005243944585609	-0.05949610181871565
0.9750000000000001	0.1272059466521873	0.1130744400905404	0.1055002975722783	0.1048825996403537	0.1039135704026026	0.1010103332134132	0.2403890957393872	0.3291301835396595	0.3661842952909424	0.4363881923256189	0.1001979464727931	0.06040490959461456	0.06618661270074454	0.08331973213835242	0.08819197018603377	0.08344442517692652	0.08036759454849689	0.08411435409003216	0.1272559101663211	0.09144086603989579	0.09099731159992497	0.08886388880523123	0.09936845584923187	0.1006730631917627	0.07444496254237776	0.08743683985462489	0.09517072590242746	0.03031861426854993	0.04135660177513478	0.03754252981714386	0.03092078178557698	0.01008297156679957	0.01008208327564042	0.01008200519362897	0.1783132140860439	0.1055100358311092	0.109797635613137	0.04590970505753075	0.09385295323541371	0.1075408917263924	0.07833183232298593	0.05538407865149161	0.07707495564965686	0.4266288833108042	0.4990710031722587	0.5502451664665275	0.4929990565305408	0.5075347183963632	0.5235917539744339	0.4958644206326139	0.4464500906242308	0.372520734417612	0.6413519327457168	0.5875180750758831	0.4366711316541311	0.4151604614402046	0.4143791660441726	0.4029150594163637	0.3142420632235668	0.5744407312411655	0.4965139950685657	0.4961931627659284	0.4914180059297685	0.4487998153737024	0.3134958968388977	0.6404897372705692	0.6483563477636994	0.5204932685896393	0.5247778111221538	0.535178011084797	0.52024732425305	0.2640711317536019	0.2492069457249812	0.1855245952572927	0.4304452134799635	0.4645790807355709	0.07087979534948448	0.3180276262269439	0.4699432149273864	0.4608868429020088	0.6764857929960907	0.4867530955095082	0.4480973911772961	0.5336238161460003	0.6160244430294743	0.5378589784728757	0.169762233787347	0.2827957445909711	0.09975772425988565	0.1953790625578917	0.1042123294279404	0.1055427103697774	0.1176397750641603	0.1029049380367631	0.09512735101896455	0.09817799052388262	0.09682193989787863	0.09320060530059722	0.2784831141492791	0.4997501345212907	0.5419268092630758	0.6511366620102171	0.09402155453320703	0.0559543468304774	0.06012622315018085	0.07611049965457499	0.08153449023919254	0.0762357292317235	0.06292050420626658	0.07829257144442281	0.1462952515214074	0.08454514133110218	0.0839832820851132	0.08243025955811886	0.1018830300044519	0.1042910976360651	0.06854976644777955	0.0809047366969418	0.08729464860971932	0.01281871651265344	0.03066197154041035	0.02718253133980195	0.02584274586070623	0.01006424142042358	0.01006272257653742	0.01006190804365689	0.1842326535175203	0.10032002715595	0.1050792447114287	0.0384342648125051	0.08768156326168733	0.1029907307842689	0.07054711467292479	0.0467877229008453	0.06912646987945821	0.3780159643620161	0.4723921707025319	0.5358177673351924	0.4790587184440431	0.4944114778415757	0.5137884101851797	0.4900493830694185	0.4452175201806691	0.3582105516764235	0.6661496457444429	0.59570100464927	0.4508430250987486	0.4211370099713202	0.418679025187235	0.4024592825126608	0.2978216001572647	0.5729833675706109	0.499949329697099	0.5017602940542365	0.4851594966605793	0.4330943938881756	0.2963251764559325	0.6679985837132845	0.6764680440917236	0.5349218806681789	0.5296357216133661	0.5380994048967719	0.5078198528713961	0.2416902170650049	0.2221804095327421	0.1557912342350948	0.380997714344851	0.4374611310979439	0.05395579540254647	0.2542331742512468	0.4563649834582303	0.445633745737234	0.7273332067656343	0.4879624597411581	0.4450236686981437	0.5434513329908833	0.6518585742648454	0.5480447326680746	0.147637525521259	0.3962359068729912	0.08631925922948121	0.1577802191274109	0.08681530833357444	0.08307363349953678	6.738840715547286e-05	-0.1515608224936632	0.2681062263082358	0.1756499150356095	-0.5117893922053028	0.232273441936612	0.3052683287038687	0.04196595993526591	-0.2014650754845631	0.007009805353768553	-0.5924304762389626	0.1017020717018037	0.002022152923208413	0.0504865762466663	-0.06272752869737455	-0.07539190878699807	-0.07010489977153628	0.08216385842359196	-0.001093146957390737	-0.004583164149592518	-0.01629020627950811	0.02744398949386968	0.1124885558537759
1	0.1309434971115419	0.1133600665942352	0.1035811463308788	0.1077322255948672	0.1062644580156135	0.1019603663843553	0.2772164841110984	0.4524742353431141	0.4886559295079301	0.6165772899456057	0.104953229673426	0.05909498096202442	0.06330735956930945	0.080416016607314	0.08759922569031309	0.08184850037777222	0.07465197852833602	0.08408712035678341	0.1499042701069144	0.09116508275536007	0.0905439917342897	0.08892871533800106	0.1139536928897738	0.1171168073276885	0.07228345727551228	0.08645484438530182	0.09421428740618418	0.01375068634727092	0.02954193770068043	0.02629064904930822	0.02641560091935107	0.01007994106991649	0.01008050099225257	0.01008219357221247	0.2008861841749103	0.1087113097871074	0.1136503157803362	0.04106759538109028	0.09468714421901089	0.1106356842599731	0.07700521624840019	0.05146453472942403	0.07506326103749099	0.4055667291771151	0.4815004593471767	0.5336565130568345	0.4873359950901117	0.5008961061001285	0.5168639597456305	0.4784719097051454	0.4184286157121129	0.3252452714551139	0.6360730617905374	0.5889790683792705	0.4487706438044146	0.4198977203479604	0.416704719369066	0.4031794333985153	0.3014127984684495	0.5730735929279003	0.4994929052515107	0.4927386565174585	0.4870539698870981	0.4355623973080619	0.2938956591328971	0.6598571103549323	0.6674235152507041	0.5248008719625697	0.5255623079433837	0.5360041531160777	0.5394163029412011	0.2981063867544653	0.2843464315942043	0.2330903722310672	0.3624010138730368	0.4287867158332446	0.06434492668676428	0.2760973973991272	0.461330543361514	0.452688970196053	0.6982221776637985	0.4932048716512964	0.4600470181719442	0.5384170497091256	0.6322752870856871	0.5423599201076587	0.1225723567095101	0.4639031319919599	0.1004892212808022	0.2069999571047931	0.08030054417014182	0.2542192561612868	0.1517876781576159	0.1315706304274057	0.1197072654896218	0.1240917068490101	0.1226133955536402	0.1178019118861563	0.2764226599179748	0.3483454542092043	0.3839337745765863	0.5635590738274046	0.1236504519259674	0.06804990902696779	0.07304339001792119	0.0914246748205918	0.1002423449811548	0.09407453601765033	0.09931078189253241	0.0962507424281325	0.1478216858225016	0.1043730355355953	0.1035985681441741	0.1017679029299695	0.1307077883645746	0.1342942221774917	0.08212664719879423	0.09843851429203193	0.1081275045832282	0.03213447674469503	0.03459350231913878	0.03238417425161499	0.02823381838427015	0.01011481339432105	0.01011786059086123	0.01012258070322735	0.2248880067400238	0.1235653275300917	0.1286190978712232	0.04984687097090337	0.1083512036101987	0.1247643504722338	0.09050483518477888	0.0633429468145998	0.08801014620780583	0.4608442366628154	0.5065427718413745	0.5393771104865853	0.5018958570285563	0.5126967590564484	0.5234365691829959	0.4593256974244668	0.389007127175598	0.3016302796160877	0.5774098729176669	0.5698011137960896	0.4366476746975105	0.4191489137130132	0.4188817329298947	0.4128019850288216	0.3321447293082343	0.5663001795314573	0.4966872736302968	0.4771411883640606	0.4924078201556483	0.4507419436302675	0.3238334162632645	0.6237300441387709	0.6293759951750534	0.5082270173693109	0.5177514796460386	0.533740442601312	0.5782531231937013	0.4128127971130199	0.4057845020344592	0.3701244934410295	0.3296710985758445	0.4118119933057123	0.0890077880951862	0.3191321418896707	0.4697877991791281	0.4652852458555847	0.6467745305908275	0.5053425156954247	0.4927287450114304	0.529767918973398	0.5982684787792161	0.5321347191119682	0.1118992719949089	0.5372600041519471	0.1280016945171527	0.2569031062536166	0.08486653988454086	0.5077536976354372	-0.0004669795218517523	0.1675330785891938	-0.3784602026718795	-0.1428195857710569	0.4198663162448215	-0.4026919575445907	0.02203394817302732	0.1649430759844117	-0.3946979856883038	-0.01607026535394163	-0.7054124950174131	0.1143074575592918	0.002383976423345182	0.03333950510010165	0.02635152392686006	-0.07375565624150199	-0.08634424129680243	0.09129003821952418	-0.02392166835316891	-0.004589437684042069	0.1723934852699492	0.08857698986422362	-0.139841417528566
1.025	0.1353733007190616	0.1127571592987051	0.1013842758705569	0.1098957313479452	0.1079288685643403	0.1026505622755819	0.2589963585322635	0.6184844379928121	0.6598872484726548	0.7533702222225123	0.09903024655407082	0.06105217955494482	0.06313318233056446	0.07923312687596518	0.0873277679552915	0.08092280896946644	0.07102798499177174	0.0848572021410746	0.1468332062181369	0.09090139106432393	0.09004483287112423	0.08851092517465695	0.1268994034427575	0.1325051298296736	0.07228702841119457	0.08594643779809201	0.09351475638175674	0.01245099034666	0.04270566005688434	0.03697711870764489	0.03749006840423001	0.01008670448366152	0.01008377922260214	0.01008225270377168	0.2175272762917064	0.1111930922896838	0.1169289006319885	0.03887907540544201	0.09562267392314314	0.1143032825305944	0.07573882823117278	0.04984266348427298	0.0734692964092637	0.4303763405040278	0.5104164961872674	0.5662492103658935	0.497474759919834	0.5154946544655686	0.5340917498183964	0.4358081975567545	0.3506463910407135	0.2446963157916003	0.6294513778075626	0.6035255714470222	0.3963270945648323	0.3733945418815619	0.3748083047816942	0.3647241176549718	0.2498433555371574	0.5956050658620765	0.4913263078587261	0.466472327206669	0.4868889912647053	0.428200735773562	0.2443363868105229	0.6730195606730268	0.6818104045794422	0.5143401263852768	0.5255391393174568	0.5500416344978525	0.5950817514900132	0.34781748876293	0.3371741197828776	0.2875968298097336	0.2619152666490664	0.3700886070399615	0.06714194917540654	0.2369097803412543	0.4522148378287987	0.4449560698562667	0.716787813475285	0.5019857489289079	0.4783811802858098	0.5430306385627641	0.6473141071697489	0.5466300051560186	0.1590624689508318	0.3493420454181475	0.1049295026142391	0.1437789470235723	0.08929776604225131	0.2371245668024358	0.1281734521830492	0.1032984383274975	0.09183805089430216	0.1033600125101459	0.101027795175362	0.09526607653210753	0.2528492354560183	0.8844494893061455	0.931093123130227	0.9528773719330168	0.08727556761188615	0.05773738531617082	0.05801782357258871	0.07285348968286486	0.08079403088820951	0.07420606140014749	0.06275316435981582	0.07926129515505854	0.1406445902407647	0.08410746241294745	0.08317137114621539	0.08180736048380877	0.1284019776689511	0.1357999053203877	0.06735623730601301	0.07957168927360969	0.0860679919772239	0.01372434634872607	0.05992028972726078	0.05211417469004696	0.05520607515149251	0.01007072155765656	0.01006573652518251	0.0100620969823524	0.2176028626096087	0.1052729571823518	0.1115009953712914	0.03324045379858344	0.08939671483849025	0.1097375407320541	0.0681839507459769	0.04283529866759334	0.06601277806963345	0.4209569113317722	0.5231725725649936	0.593820116786731	0.498794996385221	0.5226290908509016	0.5467573702069082	0.3882545182151078	0.3027667885560636	0.1897579191266048	0.6506850122553262	0.628556629157941	0.3562867028656209	0.3334132153405218	0.3376712459500352	0.3268336913844953	0.195115250352898	0.6224050826660373	0.4852670408596215	0.4488254612897277	0.4833917878127737	0.4125564701258791	0.192096166930426	0.7082497695493015	0.7193691532134366	0.5132827829689973	0.5297084210902592	0.5646215770024265	0.6336456166710301	0.3311898335502319	0.3189763670045886	0.2602138592622623	0.1939213882622789	0.3246862443306119	0.056986338005854	0.1875584180641018	0.4396232916913662	0.4317527591605774	0.7608692612313326	0.5045283121043294	0.4797168780285796	0.5517819100241259	0.6793101809527985	0.5557384285887054	0.1985997158339816	0.2228174779631355	0.09054903241264781	0.07647547327581362	0.09259049249066681	0.06669664434518426	6.080983886052405e-05	-0.1800972761060462	0.1496789442233253	0.04544286577599294	0.1846438336779305	0.171807837238037	-0.435817840637338	0.1541207603446556	-0.3324474383254161	0.01143147797046872	-0.7673079387411711	0.108119531551765	0.002842337182785746	0.07297155496736997	-0.1035087070024809	-0.09683293540444067	-0.07080555245759411	0.09074707625029368	-0.02752835469433283	-0.005447646602131517	-0.01962608951863551	0.03424025846647365	-3.445988917322994e-05
1.05	0.1397619107173281	0.1129227377575325	0.09966041136822933	0.1131956540282224	0.1106103696289429	0.1039470357612453	0.3060728267156153	0.9106010596433569	0.9383121747352963	0.9519827423766174	0.1074885980581537	0.06216468672138248	0.06178061066479771	0.07735732935658678	0.08689475956756068	0.08021231085404545	0.1251031579407885	0.08541730299300383	0.1055534513189032	0.09064142276812713	0.08957960999916269	0.08817671540056601	0.1438985508432985	0.1529312629794831	0.07224118674461749	0.0851717233170068	0.09281921376994225	0.1264620895288998	0.1667934917284298	0.1608114372510796	0.1629833213806534	0.01006793259366419	0.01007398479494484	0.01008234988305393	0.2219102734037968	0.1117151287485063	0.1179503857339411	0.03761086981547608	0.09633840940865174	0.117134592385196	0.0748485821071007	0.04778794948465077	0.07254959503134718	0.415207032530325	0.5068818200626466	0.5677557531095498	0.4949328309552223	0.5147075004875269	0.5353875984255577	0.3212796438270004	0.309806112035989	0.1982616338478541	0.6205876968234217	0.6127324919138193	0.3866578035340704	0.3627123173368806	0.3670062741988709	0.3554062398971869	0.2355892778467635	0.607720785850382	0.490503120167533	0.4543584717431662	0.4831241520591261	0.4181448730098927	0.2327266180800114	0.6963876054792028	0.7059321000055219	0.5153136247387126	0.527115108945337	0.5528801739653407	0.6287250673630325	0.3701168231078253	0.3609323412803223	0.3170101124180998	0.2102030187908003	0.3400447030596384	0.07386852862334024	0.2354422548173393	0.44990909058044	0.4438668785421963	0.7182085858889724	0.5061095902260285	0.4873372316250882	0.5440490662315005	0.6504830177171226	0.5469842878435365	0.2381375569235289	0.3570801660313253	0.0788240122985801	0.1120687513004945	0.09307477182444196	0.03184304238845342	0.1608726995544966	0.1318570362251743	0.1161131089956951	0.1308091347240891	0.1280616407587304	0.1204198236651855	0.3863193664169226	0.9936978625536242	0.9930835456338165	0.9948604118158035	0.1399323009521878	0.07044248110766424	0.07045958929461217	0.08767610044011324	0.09937265040801739	0.09259310347073006	0.2084811293738721	0.0974210170193809	0.06719275932356099	0.1038395169620574	0.1026411639651863	0.1010739146795604	0.1656300043057326	0.1763376813314208	0.082039572712976	0.09688233737086395	0.1066991751184544	0.2620155441604996	0.2889484354030595	0.2855158514148075	0.2839449713469289	0.01008306782850319	0.01010123988225756	0.01012276643793178	0.232696563330258	0.1247706773577993	0.1308451587169935	0.04708010496293507	0.1098403821743194	0.1306182106469723	0.08862562665366291	0.0592048614559197	0.08603018604640662	0.4164151148495683	0.4854386976287697	0.5273538598927976	0.4913733358159139	0.5042981660639639	0.5186912855620848	0.2125438670886458	0.3166699676278391	0.215364236090553	0.5588092138496733	0.585311563991695	0.4321636830390262	0.4088973136681211	0.4138938234182268	0.4025716027712414	0.3069788285054799	0.5851397726040427	0.4982164698339822	0.4589440214507639	0.4833374076816382	0.4294653419697462	0.3040673000455058	0.6757325578230831	0.6826386212760304	0.5154023493856287	0.5216311481200698	0.5340649471381147	0.6355633409419336	0.4567631034295354	0.4537830333054482	0.4359638984738844	0.2368661216232393	0.3610749242208544	0.1025189095386745	0.3197089621734737	0.4678124973979637	0.4656278119338108	0.6397683754484151	0.511616179161807	0.5071735254229489	0.5300901632429682	0.5980913367574034	0.5309702803082794	0.2747742751121293	0.5821993235471384	0.07768723441087873	0.1851819183865023	0.09291118899529272	0.05640802148351241	0.0002688077646592038	0.5575019818170764	0.4021684097440752	0.03323544211165159	-2.777600754412195	-0.2974326771871832	1.095595367851783	0.3646046838529972	-0.3605061474449187	-0.01143197923036506	-0.8323027000555869	0.1256542658670423	0.002550590938134636	0.04154500375694014	-0.0001802371548234288	-0.09482679814606843	-0.08144167088580444	0.08202731075756577	-0.04007652594681288	-0.006036232124296887	0.3243337123486521	0.1978069099146241	0.2876271948203986
1.075	0.1541607144549701	0.1215976596125152	0.1043602315582206	0.1184889728825711	0.1158261800737708	0.108059674590283	0.6744627059207908	0.9821131500433672	0.9867350908492305	0.9903920708527399	0.07651445172056184	0.05387164661692168	0.05607890367313421	0.07364582096838744	0.08609302364904911	0.080094554525938	0.08128573256776117	0.08299632518776408	0.5461093224139342	0.09073894996909236	0.08964434708058337	0.08799523944410752	0.1431287004219891	0.1527479749723726	0.0665132304542943	0.08313124477745512	0.09348006577669656	0.101652283264689	0.1122975894041285	0.1108560988579232	0.110359582095728	0.0101590967144798	0.01009962384052603	0.01008232968931215	0.2287467168773071	0.1126238171999752	0.1193350285151027	0.03611957498932463	0.09746455533214415	0.1206846104886263	0.07401693273728932	0.04663932860825618	0.07138208328483393	0.3690399076055095	0.481463562079433	0.5483564981879608	0.4820501166401084	0.5015702173513045	0.5241332150330963	0.1832136034055046	0.2708511231008845	0.1547944863247794	0.5957059688873475	0.6112896427446709	0.4041468470375666	0.3764247608547835	0.383740238541814	0.3676088708604811	0.2416050544296799	0.6062210006026408	0.4945878122383696	0.4482555474522253	0.4775155535991943	0.4089330768359254	0.2433961712229587	0.7132168740177258	0.7228865939159663	0.5264481275124319	0.5290531111813447	0.5482891745942436	0.6544410509995052	0.4214084628056881	0.4165052630123017	0.3895390422103091	0.1723792192528083	0.2957807711865296	0.0768651955726932	0.2493783796752089	0.4526228874029198	0.4470470940869208	0.7196317464000673	0.5055596137219454	0.4867956853240955	0.5434508114233669	0.6495800922376861	0.5468750355681942	0.1357775891157017	0.3439385750175604	0.09686485357540398	0.184025825773376	0.09213403863567581	0.2682512987472797	0.1533847873654094	0.1167626796060386	0.09810759318903203	0.1129570337574299	0.1102328827413693	0.1021482500988842	0.998952224829021	0.9996768498598184	0.9997216610162026	0.9997140519820553	0.04498966704272456	0.04605374258287602	0.04901268112085087	0.06668039437293213	0.07944721615228513	0.07381428291041198	0.01178249237052282	0.07586085613619403	0.9968877701555657	0.08414422492859669	0.08306885648524094	0.08138145999971085	0.1333153385459937	0.1428539518502915	0.05894542970952224	0.07617197211998712	0.08669643625527935	0.01006497873457096	0.01064381315058305	0.01054083684032881	0.01053955452339205	0.01019170690205225	0.01009640245907696	0.01006213344010541	0.2295719702100184	0.1067635426519157	0.1139534586234352	0.03064421606792138	0.09147819499164465	0.1165691597109574	0.06662767415864262	0.04027756771348479	0.06398203997033509	0.3326839960376746	0.472075602992351	0.5532935922959715	0.4720563799719658	0.4945145839315334	0.5219723075705645	0.149656150292526	0.2502751673741364	0.1344221810299455	0.6011971210160805	0.6186230188253254	0.3954806670786684	0.3674384247132731	0.3776428986477647	0.3583332842527025	0.2190159006638813	0.6100468845359892	0.4939804763126554	0.4426418693767825	0.4743381572470182	0.4018621811055572	0.2260070249770769	0.7244989737701335	0.7355781709198542	0.5377367174849791	0.5331820212975126	0.5529304670349885	0.6636612254000827	0.4222130663663071	0.4174536207562182	0.3892083812127207	0.1312390030165102	0.2493224668781728	0.0640200370617538	0.2246806348335749	0.4479956333007156	0.4404643483379168	0.761098147866623	0.4995650199826173	0.4704117084356275	0.5494308535297171	0.6740305290518566	0.5548118355395125	0.06167855141582635	0.2165517455232409	0.1089569848669417	0.1819238639234101	0.09205666104942818	0.4267485601258142	-0.0008919125431243867	-0.01617622137413043	-0.1059115590614891	-0.001867439811630239	0.3124567799246097	-0.07528217902385508	-0.3273884040480017	0.2712252176607075	-0.5300310455929226	-0.004348020997591857	-0.8651927736718003	0.09744558756871582	0.002896879728539951	0.09397818281453754	-0.1205328611356049	-0.1237106511856864	-0.06703656407969223	0.08728418367139155	-0.04313693235139002	-0.006173901795773185	0.02457572174716082	-0.002818832078041093	0.02685912049482329
1.1	0.1600238758695248	0.1174432131940153	0.0982393387395791	0.1197622185716614	0.1164287301516321	0.107615750023221	0.7924287287654523	0.9207437202668349	0.9466750756356755	0.9522400109640075	0.08792332301542044	0.06038611909671209	0.05883437050484588	0.07576210896501408	0.08655028244523659	0.07996076317285654	0.0322639681554029	0.08497796650039997	0.6777423976188943	0.09039172615629258	0.08903102795204076	0.08753588904327284	0.155376082074625	0.167914701452521	0.07046044490873685	0.08351369210337689	0.09169735922546851	0.01055864587642565	0.01495922827448132	0.01390368858253166	0.01388716836298784	0.01011906693100187	0.0100791404832764	0.0100825562530694	0.2383492313267519	0.1137958029672524	0.1213670020597239	0.03628333683111552	0.09857866324543502	0.124868416370213	0.07370185898072121	0.04613216424731929	0.07124887875827358	0.3834492706920714	0.4964581330823908	0.563490857925022	0.4804305040528813	0.4993333087287375	0.5229321433582592	0.2838188373226014	0.3509183785459631	0.2768324216996846	0.5865265251336713	0.5848177976085264	0.4019662295630489	0.3948252377808479	0.4062877289592649	0.3953081676161697	0.3048845627555807	0.5741669424115023	0.4923457731147122	0.4597026044459557	0.4882669820814705	0.4465149067027713	0.3200200606828321	0.6338157810083629	0.6433044404718374	0.5330128852496681	0.5269598754407462	0.5454892550231752	0.5920829822868622	0.4333569626231059	0.4290317034026742	0.4050593353639791	0.147800222828987	0.2824397522183835	0.07624934565132709	0.305274805887203	0.4639037953057308	0.4559963790147947	0.7245719582497903	0.4903398374526159	0.4533818430485748	0.541038526092947	0.6453004375896203	0.5470825422724258	0.1860955439655504	0.3249487887848456	0.1051745555943818	0.1145523431445528	0.0954649973641129	0.275075605439181	0.1729589591068796	0.1240995783254533	0.1045219974879212	0.1336722057399108	0.1296021562021723	0.119862866557263	0.4979290995915097	0.7916185652100166	0.8599909722813472	0.8726848894451901	0.1578367627898419	0.08147088716338086	0.07477003306016257	0.09126617189313113	0.1001715808576077	0.09232086751407467	0.09726226711462096	0.1009860500446648	0.1317669754540885	0.1031735491356694	0.1014553891194253	0.1001623316136358	0.1909083532704499	0.2079680025123968	0.08879159745013583	0.09738972954102403	0.1032895485525045	0.06649010922057508	0.072818776280118	0.07115796608676059	0.07044456534436042	0.01003279117637398	0.01007074719505024	0.01012316355260493	0.2525573678628669	0.1271535041962789	0.1349705970688508	0.04708457736531606	0.1121263985493595	0.1391569375375959	0.08790737460543303	0.05804629541246778	0.08561110154451732	0.4651062835001956	0.5331050037498668	0.5743934717683593	0.4929198098210673	0.5046805572476065	0.5209727667712098	0.4686663330710842	0.5112608087305628	0.4930106666488247	0.5490635363698352	0.520140490827999	0.4214710092952576	0.4484637344026395	0.4624532477626668	0.4647240033032509	0.4522833994303068	0.5062404282471172	0.4910073163203403	0.4889372596163202	0.5118372590536291	0.5230254503955031	0.4805903923169075	0.4663028006055573	0.4722693655079522	0.526419663574903	0.5155954747573249	0.5293724975290642	0.4662643789859294	0.4700523812302235	0.4677902842849782	0.4564899499776334	0.1856216131345948	0.3398103857524682	0.101807886955919	0.4478056229516993	0.4940079418321096	0.4859949428754808	0.6515249394034529	0.4748017010538277	0.4267749122100524	0.5244334097351677	0.5878184857247335	0.5315345034285298	0.3828091532921404	0.5364914122935364	0.09472855615933694	0.05149061471627601	0.09928350297312981	0.03017551995343411	-0.007848603779827884	-0.8272405761780295	-0.1677036873554607	-0.02035486110492992	1.034427992900486	0.797668859875972	-0.03579987279570058	0.2830679640440345	-0.3855816885266804	0.02162698954954194	-0.9179486020287865	0.1075553282721502	0.002797968647958391	0.02176965571231918	0.0478588961284559	-0.08520958165000081	-0.04126810837930436	0.07910281787548371	-0.01257783895395566	-0.008623750560792818	-0.1392233104410517	0.1059799948954991	-0.1971124181741196
1.125	0.161686841941377	0.1159008025308986	0.09589366470854988	0.1212024768251504	0.1174667459053311	0.1079161689436354	0.8033354239315309	0.919980073060686	0.9462346739063273	0.9512517470981777	0.08735767557979708	0.06300669242555415	0.05876572217218558	0.07582306067216911	0.08649314444454166	0.07910805754598418	0.06112384997746487	0.08611789415569536	0.6643157136647651	0.09013026783409388	0.08851096273793053	0.08705873909140387	0.1671995762299568	0.1820326499147013	0.07234753186956475	0.08342576963306797	0.09117079979686057	0.04659209552994663	0.04961696019340953	0.0487989298889741	0.04834262816980158	0.01482910171899958	0.0100951169766037	0.01008259341156291	0.2470577077317023	0.1152112717537551	0.1234685450383864	0.03555826166228623	0.09959800305547986	0.1284569010435619	0.07319068124448627	0.04541865978129211	0.07048599399579059	0.4405353727022276	0.5160365114021987	0.5673559143284563	0.4983419042848281	0.51599135837149	0.5352302941136219	0.2011719406178376	0.2783094810850078	0.2138783781757981	0.5538501886671364	0.5986802771415554	0.3656209137458232	0.3553294449398708	0.3662520228694813	0.3613348814571452	0.2560092089295379	0.6016849630785174	0.486838529274618	0.4304145067794211	0.4850023355614402	0.4274881621258293	0.2525908858284823	0.6649892672665458	0.6744527754764862	0.507558719864971	0.5278142546001831	0.5478374786868299	0.6542782276630561	0.4660186483069336	0.4635294100662805	0.4516865001897654	0.127158942256288	0.2391243657338232	0.07313147023994848	0.3755560150462346	0.4783092282101133	0.4671328145128194	0.7325108492896342	0.4672882518065233	0.4026889406329578	0.5385361907883177	0.642148653909012	0.5480229879788207	0.2457785210004397	0.5018558973246039	0.07559694329842748	0.1304715717853434	0.09267334996611051	0.03970055573451152	0.1555233330987549	0.1123686732024231	0.09236418520371867	0.1148309171354504	0.1112696985604966	0.1018289756494308	0.9990729203347729	0.9996569596034649	0.9998476955705845	0.9997592676553297	0.04315949961026946	0.05274887401691523	0.05046603050102486	0.06774276902133619	0.07960417026886329	0.07278769175022463	0.03637248556996931	0.07836072112677182	0.9809767506603281	0.08365725324074121	0.08214120782489555	0.08060733158993055	0.1529285621842268	0.1663211814188302	0.06368127791986529	0.07642469651398877	0.08527748191450357	0.03108183834062994	0.03223830239892346	0.03191251315563507	0.0316699342512431	0.02032956067824414	0.01124704538662902	0.01006231335366556	0.245641338917464	0.1092690736986268	0.1179278352753828	0.0296911434733835	0.09349290358124997	0.1239392781964826	0.06562878859455933	0.03888407780302924	0.06278168651278995	0.4551415658937705	0.5184804167433806	0.5663561957494665	0.5107043122103833	0.530709301145684	0.5490047001333871	0.05375668330844714	0.1440474335667155	0.06230888501674266	0.5378010722863213	0.6445395964749924	0.3225346730309444	0.2946319392386519	0.3044700793170286	0.2990354112769629	0.1498604248159406	0.6650309543994423	0.4817240457423442	0.3889434662432405	0.470540599856491	0.373001872127403	0.1264747556670349	0.7787239328915694	0.7899770276833942	0.4843201548316221	0.5341392666563389	0.5589328188376568	0.7821502840429024	0.4796836408581694	0.4778739095586861	0.4708897993481978	0.09444785221958478	0.1780022642307977	0.05892150570041373	0.3576777459857663	0.476281559840148	0.4621935414018578	0.7757411778212945	0.4540135353748374	0.3717788025020595	0.5443291345006112	0.6670725593703335	0.5564601025344208	0.1565212091632419	0.5302943980342115	0.06816893827787535	0.1918700415108025	0.08898358126548261	0.03529414407179046	0.003093166160997177	0.7515521375338297	0.1629859585843356	0.4117355114055042	-0.8826876289653078	-0.1564978291449322	0.09304779667604271	0.5273265402146854	-0.5803505500781176	-0.01423035437276085	-0.9611163684695211	0.08961660571329609	0.003371115414751911	0.03291038518580586	-0.1012427895986083	-0.1046931923463066	-0.05384592443567679	0.09569507487959539	0.01459301129801248	-0.01059947648363287	0.3419091634021303	0.1346850137426207	0.3427749926196031
1.15	0.1558989485314606	0.1218756181751622	0.1041988583315634	0.1190096372229423	0.1156690477543208	0.1068223581779731	0.9999168064903305	0.9999789242647154	0.9999739586821784	0.9999803431985941	0.0124715567352106	0.05329937783589314	0.05618500767018245	0.07273760379404254	0.08618895492357263	0.08212078329274798	0.01020097057084776	0.08286561445846626	0.9999073611262479	0.09078560576619644	0.08977079907325487	0.0882753327338536	0.1375960835111234	0.1472348723786746	0.0678961567481363	0.08340605881109948	0.09298397160552176	0.01000668641091776	0.01007869467711981	0.01006575811041202	0.01006564986856132	0.04711200901555491	0.02189543292309054	0.01008265294200779	0.2429252588656695	0.1144495572802056	0.1235255617673695	0.03463456139244917	0.1003925291974245	0.1321828489896	0.07168300508823702	0.04349466159764513	0.06960569399514806	0.4851174334956727	0.5339096898226148	0.5720829265420349	0.5127758550859113	0.528833776348814	0.5436903864919002	0.1721091669211783	0.26145680393375	0.1857287382536945	0.5302369978023669	0.6012302705275896	0.3437597789457374	0.3417970652742164	0.3583343930920644	0.3594419706783465	0.2653272061741189	0.6196194795700991	0.4819923924396807	0.4202652790933606	0.4863204457092183	0.4273316431520993	0.2539637940658871	0.6654021722327318	0.6748404450700847	0.488166020412414	0.5270793631704838	0.552610488236207	0.6798914205662272	0.4865663814381676	0.4851883123675003	0.4805624513051918	0.1145261855384419	0.2250660699225956	0.07556553188269802	0.3778283928303489	0.4804261117925026	0.4691396991480909	0.7274035720809285	0.4639881922754469	0.3979164882775365	0.5374396857636585	0.6383873462798959	0.5469476816932849	0.07791437667607756	0.4502628185161986	0.1133219161525577	0.2880867216784366	0.09120492726213253	0.3765787593731743	0.1610518474147101	0.1359270251957768	0.1206299786970433	0.1293710225359223	0.1260853638222977	0.1177261496444077	0.9997442034399096	0.9999334615525093	0.9999358172399297	0.9999423552426154	0.01415804581679699	0.06353993507979086	0.06987171823805718	0.08534703128654851	0.09957481227676342	0.09803898132238206	0.01044046839386441	0.09481869997316554	0.9996763392730937	0.1044227467615058	0.1038514347108199	0.1024745545983983	0.1305887023494189	0.1362001563113561	0.08054793982496838	0.09734116306424652	0.106772139188157	0.0100149854461135	0.01017019757668643	0.01014306423256548	0.010140789786744	0.07025282022025996	0.03126005017150939	0.01012327754324974	0.242261333298753	0.1257243246105793	0.1351779721893603	0.04523178179823661	0.1137751059483947	0.146786791161904	0.08494524124922818	0.05432649511094276	0.08381560215586138	0.5547450100745234	0.5687654986213369	0.5843052727800769	0.5204524873244762	0.5286945106990079	0.53607085970653	0.3880986747446757	0.4730809108105345	0.4153665871004035	0.5069267592354378	0.5190573418107628	0.3810300092177116	0.4263955931775348	0.4540998753225474	0.4685007520788036	0.4747345486822895	0.5359745492583776	0.4816031645286971	0.4748889948404891	0.516392249405246	0.5286474634876638	0.4830256148211973	0.4486156233402642	0.4544500314111216	0.4903850902931138	0.5133949383963555	0.5400235836687648	0.4937452186388462	0.5072101921970629	0.5070319758423524	0.5093770268638103	0.1579709471655159	0.3117988892697744	0.1060458602573968	0.4405154226018722	0.493368255747869	0.486496357441112	0.6338976773058905	0.4765245791167264	0.4342024437132848	0.5229240162242608	0.5800951332130061	0.5284307317018989	0.03888132729074917	0.3662978741730071	0.1673636183428094	0.3815493161753292	0.09621576239404693	0.8585847389353551	-0.06362024881414872	-0.8405144534250467	-0.4266891663154686	-0.6638362171349406	0.8085724951763861	-0.7700239325886816	-1.547962233817558	0.1022178685159331	-0.3563792064027325	-0.02642542662868881	-1.016913015013694	0.09938384991986438	0.002824004243426929	0.2362143536702955	-0.07883659320116589	-0.08522682394911588	-0.002294634992228988	0.08220256772498209	0.003067083668329207	-0.01114481060919654	-0.499307869689758	-0.1779912841931293	-0.4383747026610877
1.175	0.1543757038536626	0.1220838917537342	0.1039299414558895	0.1220135504414835	0.1168383864955598	0.105624923719525	0.9998721109657759	0.9999681052132928	0.9999663711587536	0.9999718201121802	0.01235945249041062	0.04968309654634742	0.05232057613819992	0.06756681205179282	0.08481673407492288	0.08159277221301577	0.01023902675616365	0.08169458872444332	0.9998497028159677	0.09078421067337275	0.08976612769392718	0.08814509086968912	0.1464127629900436	0.1582709323486846	0.06515935067602992	0.08237593880771167	0.09272177312159946	0.01000789317716956	0.0100940230485163	0.01007867558393643	0.01007836873578772	0.06866763080913039	0.03070487404989601	0.01008272916133732	0.2415426190537869	0.1135817433548141	0.1236595657532684	0.03472194168802648	0.1015042710014381	0.1376171357321729	0.06949902796161386	0.04197011214938198	0.06855871144830736	0.5179383103857235	0.5451018125760556	0.5691432108105018	0.5184884345061451	0.5299521811162884	0.5391867536681625	0.2861241048726676	0.3884743905776651	0.3005668360731956	0.5347251591499754	0.5665928894788154	0.3636324998185269	0.3798222589524919	0.3999707368828719	0.4089657574399171	0.3557498563876298	0.5878974595365646	0.4820512238121538	0.4489801773216148	0.4979740640228756	0.4661858587877311	0.3425788351775604	0.5874197436686082	0.595948626817204	0.4856218569366326	0.5205602753732251	0.5463404583057346	0.6290635365607711	0.4907994065716302	0.4887626237586425	0.4881668630075239	0.1111970739497097	0.2200474582170811	0.0726539277262114	0.3669277900740034	0.479238307238101	0.4671976727954038	0.7286388694519474	0.461441360045545	0.3924219084522647	0.5387588316533628	0.6417999166719917	0.547682917671364	0.2422302688337799	0.3919623186636464	0.1085822946941476	0.1585900241126632	0.08837189342745214	0.3441949021939457	0.1504903999217448	0.1147436075210221	0.09506535848220274	0.1188004804943428	0.1123900876482435	0.09940548807946685	0.9998921625817945	0.9999766106087813	0.9999735124974163	0.99997903885489	0.0114772018679008	0.04293058303539077	0.04342944367785108	0.05824423731044329	0.0772395262167164	0.07320672214195804	0.01014092003054991	0.07519233723473483	0.9998928938203465	0.08392236321928873	0.08265562434549968	0.08090183762893149	0.1574425980166623	0.1734190129201203	0.05757237558295462	0.07478245542178233	0.08554088320108123	0.01000444127480855	0.01005551620929631	0.01004618507022642	0.01004666765747328	0.07016342075495155	0.03118210718051267	0.01006246079170466	0.2426486237063091	0.1075462411753741	0.1180731647076626	0.02933379879916441	0.09564805875783729	0.1341929548253726	0.06160623145965895	0.03562984999253681	0.06080099034002755	0.5092815575090192	0.5332781817043796	0.554598594350547	0.5193787921614959	0.5300722508434715	0.5373227907004304	0.2400907251450736	0.371931011890541	0.2483891426785715	0.5551220055460179	0.5761769667287001	0.3678405101551199	0.3691982718849388	0.3847971985948192	0.3926396520551793	0.3065638432146561	0.5998983971839346	0.4838750522019425	0.4474403556844148	0.4917067408856453	0.4433003342200452	0.27679455062152	0.6321670210841427	0.6411515565844192	0.4817260608860787	0.5210809485708652	0.5454139803848707	0.6682162108746144	0.4819091575861068	0.4782025353784816	0.4777074625298541	0.09179626606167596	0.1776591458712408	0.05434362065009479	0.3198585209043132	0.4704923571300765	0.4555090304258294	0.7776982117738024	0.4539122432069325	0.371409074628673	0.5477533913938415	0.6756223387240676	0.5579584666326758	0.4014016992822596	0.3884022278308956	0.07369439519389989	0.03291763505214492	0.08534963426387175	0.02125850355928076	-0.06568732314146457	0.106657558842879	0.05544461691822292	0.0375495238680827	0.2614453425836054	-0.2880314596725573	0.3757804894585359	0.3652080106872271	-0.602138170524038	-0.03815325608919059	-1.069833709303649	0.1033672022802012	0.00279907255492734	-0.07733564228955229	-0.05672637773988081	-0.05290302901011299	-0.05497346278866661	0.09204950366761323	0.02074195408769915	-0.01139814170179511	0.2312736295429307	0.1574646101882812	0.05885227744422043
1.2	0.1518187391166724	0.1185908752019232	0.0999056784358776	0.12334208067562	0.1173972108647373	0.1051177940494295	0.9997643390426942	0.9999510706673396	0.9999446618635695	0.9999555593678554	0.01251809593308079	0.05208295302973191	0.05206105862039009	0.06557844985965876	0.08388350825359225	0.08054015340606292	0.01027281467103156	0.08287871909185208	0.9997763947573871	0.09051542860285985	0.08928636364659469	0.08764023191914691	0.1610828155135894	0.1766953808869229	0.06712819492172147	0.08200684433894356	0.09163292591917704	0.0100090814280267	0.01009238659906879	0.01007788995688642	0.01007553585611308	0.08426657844165406	0.03844734265100672	0.01008280392474591	0.253782758309154	0.1146116016791945	0.1250189787615963	0.03349419910897965	0.1032304172193785	0.1419197056679001	0.06886970926037286	0.04063413659217171	0.06786971868236545	0.5019642816379051	0.5202903965598943	0.5384394864842228	0.5160495867847796	0.5246363480133724	0.5307968015031314	0.2434986662457665	0.3757373811228679	0.2545529359960254	0.5600989869905035	0.5735418904450325	0.4055522296711258	0.3895747760469843	0.396498873414615	0.4006850190356709	0.3132775819377866	0.5902676422965942	0.4909090307795304	0.4564337610719948	0.4891860265451198	0.4380905789615457	0.2814600176650165	0.6556515414050803	0.6624833513532327	0.4827193150967126	0.5184972699602698	0.5385353942196704	0.6091099676504015	0.4778443481496114	0.4731241739781248	0.4727197844272832	0.1469848865915661	0.2528546678486404	0.05945267957030686	0.3257028011194038	0.4723962952944064	0.4598751214631869	0.7350121108183008	0.4669904910127562	0.4027218481498645	0.5416578510110379	0.6495640819650026	0.5495775912331351	0.3535130023531263	0.4229761237917386	0.06628339914038846	0.1547847015321116	0.09793957540855702	0.03657315442562602	0.1558766023795115	0.1289680282911277	0.1126830632252118	0.1321409733350997	0.1272536597873661	0.1166419625328218	0.9994908137574304	0.999895663163908	0.9998839255865383	0.9999051911592366	0.01441528243555043	0.06742099839379455	0.0686948290545243	0.08079259133929684	0.09760848028806501	0.09593441467683683	0.01050905583188023	0.09697122942373375	0.9995203333092673	0.1038989921731682	0.1029169323177382	0.1014785636257807	0.1599183196679501	0.1730502112441898	0.08389804884963192	0.09650271241697	0.1046217896705993	0.01001736620562595	0.01017078004543843	0.01014460727727118	0.01013865771358951	0.1038624562072503	0.04730459830548622	0.01012342741631727	0.2691724679504806	0.1277192783914274	0.137904641531692	0.04298872999622167	0.1172637470314869	0.1556180450964008	0.08342764622243783	0.05155244030873485	0.08234395962887023	0.5021975185134089	0.5026387317217663	0.5097641097288412	0.5119205352463346	0.5151242191005255	0.5175417868831526	0.3019126476496668	0.4293140168402458	0.3192559812098977	0.5674011056972167	0.5543385935576522	0.4744378148964042	0.4399231375467068	0.4348448484274897	0.4357939617001803	0.3692075655976769	0.55875768295354	0.5031046605499354	0.4826402498363632	0.4901165196040073	0.4477814842558084	0.3388097566275956	0.6646638387655943	0.6672771411326336	0.4844211873430297	0.5113447785829703	0.5237750923011358	0.4738426419470347	0.4739836377024962	0.4676136581492295	0.4687849172297651	0.2323895361635984	0.3864730345138125	0.08004110803779491	0.3473053752464616	0.4772768054929467	0.4695808935483901	0.6494182351571509	0.4909613236453483	0.4604134859267919	0.5294356463374631	0.5977467600792856	0.5327493572893451	0.2272606735525253	0.4633930397570372	0.0827641346727355	0.3606652110398362	0.1146142296344378	0.1165017801606236	-0.08757996852004959	1.513472765034196	0.501701290797322	0.5241594138199824	-0.275157149433716	1.026526854588311	1.00421919763221	0.5608480300593773	-0.6842190380168358	-0.04115325548312534	-1.137896436097779	0.08629923510529738	0.002658721387978149	0.3074513435442895	-0.04920684320434977	-0.06469923529030049	-0.05910278427514503	0.1081370776232671	-0.002825441828227953	-0.009389421646756407	0.3330957790874139	0.2167998149199439	0.5944557292725164
1.225	0.1388639918391276	0.1126188299474296	0.09668121106991599	0.117999529217513	0.1129600851648854	0.102477206507013	0.9999462560020397	0.9999915128862981	0.9999898649647584	0.9999925415299523	0.01112311497247796	0.05646480093532019	0.05626531847587398	0.06730030464420191	0.08405156292775534	0.08225858205586613	0.01006110460697475	0.08439522165854722	0.9999616146483449	0.09056379269874476	0.08950331156468375	0.08806730290405926	0.1482564307830175	0.1619829793224389	0.0711559463817522	0.08290685887002607	0.09106089073280853	0.01000185087413544	0.01001893915146392	0.01001564042678329	0.01001603506661015	0.07821059532012291	0.03544162082855037	0.01008282957239872	0.2611442091700122	0.1155801511837628	0.1262305395815145	0.03311487778719016	0.1049092288096934	0.1447929078799728	0.06874429741948672	0.03989505288342469	0.06747077417433253	0.4909779046224946	0.4960654704567427	0.5044051365277298	0.5128817955266665	0.5176186213572811	0.519932145066743	0.3353563978921308	0.4180727358385153	0.3106865687494978	0.5923780969183304	0.5706539655668689	0.4525307121090295	0.4151599097664813	0.4087014940843507	0.4081200308152828	0.3106019983961195	0.5785182263244557	0.4992244005987998	0.4744104385913048	0.4791812261388791	0.4146171492942552	0.2669170924487709	0.6833234668230967	0.6872142884887982	0.4792247431445983	0.5142468207157176	0.5269516320482003	0.5251962257497638	0.4466182066725303	0.4357224010412448	0.434648848967871	0.1732436074000517	0.3198744602494294	0.05587463277584588	0.2669612733504902	0.4617254231234525	0.4497854771128215	0.7383189102561963	0.4799053648103261	0.4293157616121521	0.5448402671456049	0.6567311958367915	0.5508506357430099	0.1801551453129419	0.4292523747737361	0.1046083778239266	0.1668861503022533	0.09218211182032959	0.23079899878281	0.1286136467523041	0.1039381579479133	0.08833135825645723	0.1104211194677812	0.1054532729205778	0.09523072043572985	0.9384963390009555	0.9936894817610606	0.993836492581153	0.9936369274290585	0.01844222857074429	0.05101122099116039	0.05011098580424808	0.0604566538313343	0.07715477374859722	0.07547750111653249	0.01246673980892777	0.07816328102028465	0.9759326202101734	0.08388920682155822	0.0827987591577263	0.08136298610664354	0.1397689059287312	0.1530597253427836	0.06484262474032443	0.07608858148202756	0.08419976195302549	0.01097939168810385	0.01039563137499226	0.01036505406839814	0.01027805496332507	0.05943657203046544	0.02741099258946384	0.01006251281627721	0.259141076702298	0.1095554570928697	0.1204368683767613	0.02802420226366797	0.09890458392391215	0.1396487836337598	0.06129847745091074	0.03398010434339438	0.05989645070003059	0.4797846151322799	0.4817777405937667	0.4861182057139061	0.5116677898883366	0.5154159818676359	0.5158160493967352	0.3872501059163057	0.4307205793391805	0.3274652153515133	0.6214799989483482	0.5768151755006077	0.458570757900455	0.412407472734687	0.4005962604343186	0.3974939164349924	0.2812022988486251	0.581842020571022	0.5006589093864687	0.4784107733240657	0.4697379200201057	0.3896986042665404	0.2282424592206811	0.7016877102877467	0.7048298462869128	0.4758452820687654	0.5138557818999816	0.5229369306608843	0.5081202549178847	0.4128886705030207	0.3964842342166134	0.3922021084807534	0.1574134014040509	0.3069652345102295	0.044962629769905	0.2118868110814737	0.4495278719980776	0.4361411948570854	0.7840354589480021	0.4808935218438209	0.4262254562605369	0.554106334446625	0.6899396011121242	0.5603661593069268	0.1077078288613494	0.4297881173586569	0.1177682915693432	0.07096907000189838	0.07874834688026486	0.3116991362490604	-0.09951431835221451	-0.1202398522985752	-0.05414132747198547	-0.2616419417436553	0.2297401736530466	-0.2773354771130566	-0.5518407827492298	0.3152355181110373	-0.4898750691114268	-0.02119129401282892	-1.170035608277242	0.05821638797493946	0.002859315005487373	-0.04755087255989844	-0.06189310248264369	-0.03890005951972703	-0.1340884325902719	0.1076164488011668	-0.001915836428279566	-0.007799678291639116	-0.008686481013316172	-0.004061534708617429	-0.1150294347345585
1.25	0.1380587787205131	0.1130877085172298	0.09579466786478105	0.1182702026431692	0.113476502856004	0.1029576035092613	0.6911033488336835	0.9681406275324373	0.9688451469911356	0.9679036398058849	0.1034604975779912	0.05591906299759482	0.05617614597969342	0.06598840867511789	0.08303255117589949	0.08207867466078732	0.03724734575292442	0.08423302623108629	0.8782503976377403	0.09057106563310162	0.08950188041761691	0.08795143438128397	0.1415562043926934	0.1536022242460573	0.07042807443072804	0.08240617023523575	0.09078008860779969	0.02020168458613654	0.01469150913208732	0.01428943350184282	0.01335272112857713	0.02821854313174621	0.01520895774059516	0.01008265061123867	0.2630864023324634	0.1152857926236414	0.1256242131344441	0.03167013256444061	0.1053190485762489	0.144167745405327	0.06796683153032569	0.03918970004779204	0.06647581528019271	0.4840257537194185	0.4890447731760416	0.4950019881859853	0.5106247694227335	0.514447122492123	0.515310566639844	0.4019886407390938	0.4424019407392623	0.3572851911723	0.6061875913371986	0.5666807051387874	0.4560086929784118	0.4217293645316654	0.4140620726010954	0.4125093798868408	0.31532193343985	0.5710493481618347	0.4997335279885896	0.4818998799168236	0.4787036841093857	0.4141347613161714	0.2712256691241792	0.6637777539893637	0.6673460030932359	0.4824665257324752	0.5136394486822661	0.5225858087856182	0.4939349617259371	0.3987237251828383	0.3809746071278132	0.3690617630964765	0.2598979976802384	0.3605859114050681	0.06754651870958901	0.262271508538156	0.459582822976105	0.4497981803966953	0.737225356846465	0.4888692839650906	0.4493897563277461	0.5460853053339261	0.6591098750153602	0.5504871152658439	0.1249871766231114	0.5189464738161506	0.0990851522281298	0.192236519009864	0.076420918264509	0.2169426072914413	0.1542264892363999	0.1295561968634835	0.1106506961589257	0.1324394909855243	0.1280309792041869	0.1173817800846847	0.2070552498078716	0.9170677238420967	0.9188885997297453	0.916460681015805	0.1938486674361509	0.06715348331939966	0.06927089723130425	0.07855364074656657	0.09565604372136323	0.09579899310868531	0.06007513304823608	0.09683448699304203	0.6834898579024294	0.1039181781171143	0.1029372100409755	0.1013001154871698	0.1466214232540029	0.1566113001936318	0.08310202151036748	0.09564265076911153	0.1040163181747345	0.02829613860744314	0.01848087012668301	0.01774311635962505	0.01606256760698235	0.01005891886948045	0.01010120582647763	0.01012311594099334	0.2721861207786538	0.1271901370247782	0.1367363880541481	0.04025716512969631	0.1182035396215912	0.1543693326922544	0.0819230633307359	0.0500998938649754	0.08038462615757098	0.4900072926519667	0.496285177266641	0.5022995642373586	0.5078244078895304	0.5105584186196451	0.5112107925555434	0.4358478118066139	0.4736519803118776	0.4165162094357782	0.5857818925582062	0.5459182468262561	0.466467768357348	0.4472689420365528	0.4435909095056234	0.4437792937987947	0.3806019706023887	0.5461525419038493	0.5007680469016985	0.4935905274745582	0.4931631466313086	0.454970280458844	0.3504349153431164	0.6002321366846135	0.6035157844957699	0.4937591246994959	0.5117825482119824	0.5184445769752218	0.4413075908330981	0.37251746782231	0.3526461649941611	0.3289977179035041	0.4298754105242534	0.4752176828502832	0.1018832285194397	0.34648821067763	0.4764034481213769	0.4735386707622093	0.6446935535271768	0.507502445533011	0.4998701160926038	0.5309861831626222	0.5997858288049833	0.5312370132643965	0.1465795446673246	0.681794061654059	0.07547494121916697	0.4237822797015412	0.08343963842217547	0.09117665645922431	0.0005943089437423305	0.5438858703103382	-0.1631874211160722	0.1804512236993395	0.6056710915531188	-0.653138600834457	0.8189498582253426	0.5383960996853364	-0.5910360898563632	0.01456832056392402	-1.195726747447421	0.04398953662828806	0.002756897843611166	0.2890952889495806	-0.003190523122555021	-0.03676306496299772	-0.06237339427354401	0.107897592947451	-0.02182403237553475	-0.008006960171701494	0.08784524434390492	0.1770237887281125	0.05208459348039691
1.275	0.1244740931043003	0.1046460087453882	0.09136117863679376	0.1125347899484629	0.1085092069634668	0.09993663187440503	0.3989613867060149	0.9989899811300008	0.9981893970886697	0.9992975941410681	0.1503945859406918	0.06668435396332757	0.06327405048184252	0.07154304612627098	0.0844300963630753	0.08305500592828258	0.02845598743721336	0.0870499044530291	0.7553074621551882	0.0904439804656746	0.08940336593344853	0.08820204444076067	0.1393806167286963	0.1513417914437805	0.07713495339745001	0.08436838478773495	0.0903840111423512	0.01015188303446687	0.01133219193665512	0.01104194404471922	0.01120401337618353	0.0100336647435933	0.01003170169376004	0.01008258553516601	0.2520543176755864	0.1135296592172117	0.1225764931979734	0.0308904768389539	0.1044320965140012	0.1389100137648471	0.0678814929478767	0.03887270922322219	0.06614788113647793	0.496034624206653	0.5125085097057818	0.5274891962931255	0.5102048655327213	0.5163032095588193	0.5207104546898169	0.4785066539320012	0.4809121828429671	0.4417081225816244	0.6169537601770322	0.5555588707751592	0.4303137268280692	0.4178135705121471	0.4185324572971997	0.4216253878180437	0.3526166872834344	0.5546451384465462	0.4942794993605245	0.4884913002039196	0.4902886982716949	0.4493346553226232	0.3302139644020228	0.6041289439357398	0.6083934715443957	0.4897407446082204	0.5144807036877075	0.5309521623687121	0.3746782758446163	0.3254431328017826	0.2996949288812371	0.265321636626919	0.3237211045270856	0.4061485192916579	0.08093732888473527	0.2516955448933931	0.4565448854724649	0.449074233468325	0.7523116327332803	0.4976763695792928	0.4693528790405655	0.5501614978109699	0.671735931152181	0.5536797725386315	0.1324736597763548	0.3786525583456211	0.1024196196856591	0.2396163780822104	0.09455946189842122	0.1253364013891249	0.1041823838215066	0.08881263987963132	0.08002015674888989	0.1004014604613819	0.09674055034606062	0.08989923400530601	0.3368589354336174	0.9878928478980803	0.9844586783683603	0.9905045265556752	0.125602248166636	0.07121797473156695	0.06268546860631533	0.06999545699076636	0.0793742427749185	0.07682981373771615	0.01751617978163189	0.08325856641511475	0.674109120772918	0.08362952001861378	0.08254361333406174	0.0816802663291183	0.1375055919478342	0.150965803921121	0.07670935363938276	0.07935638317349893	0.08344444432858167	0.01062452471963507	0.01127033151839762	0.01113686695206881	0.01094552998091693	0.01010082181126864	0.01011004784465019	0.0100622732778978	0.2338621761309572	0.1059179875037351	0.114287415411701	0.02661837135519186	0.09718995954435214	0.1293370731930655	0.06115374268646537	0.03370582288432187	0.05934040856283124	0.4972358299248142	0.5257153802043443	0.5496410843135557	0.5090417354262901	0.5175535061737152	0.5253996211788705	0.5291351309616351	0.4997545350257045	0.4849867294257096	0.6350463896064242	0.5541198331157332	0.4093304736914447	0.4071162002993958	0.4122449408605938	0.4172596958160476	0.3530880363099521	0.548847114789011	0.4899533982938655	0.4899696760432373	0.4923020854775905	0.4582314603750524	0.3400159608183395	0.5780019941766147	0.5827329453505166	0.4932152079647194	0.5162763641249656	0.5392099318521051	0.302512829199175	0.2781857001415818	0.2490525800853662	0.2026492230530644	0.2676373728325147	0.3782958683428921	0.0688405910499721	0.1973309640839485	0.4445053077252942	0.4352553359036139	0.8214299931856562	0.4951499397885115	0.4584049201695294	0.5624000064282166	0.7177183317038739	0.5677048453608197	0.1441779056108234	0.1822538845724316	0.1199996829091391	0.1205188551288805	0.09934258089499758	0.1183599828216747	-0.001649950188661824	-0.3828747571312108	-0.2982276346729876	-0.02836123663845158	-1.665023271642207	-0.2553611836465226	-0.4939292816624815	0.2819118514430979	-0.4311922738073633	0.002012202270832146	-1.157188033988351	0.034136803595895	0.00249508069162529	-0.04989042152771497	-0.06380788960956726	-0.04728057094398268	-0.1062479352885978	0.09312434902959617	-0.03525629978856581	-0.01180675625797701	0.06126267134097775	-0.0516582227298295	0.01984147765934129
1.3	0.09188706219235972	0.0819846966608244	0.07932732022097011	0.09881377621108151	0.09536133453437109	0.09080688461002415	0.2561598983498056	0.6615537486611995	0.65790309271778	0.6697330427391255	0.1074521832251159	0.1063040515582046	0.08328009977048643	0.08706357770898582	0.08867534431666399	0.08396492429144584	0.07511413790893436	0.09521229978819243	0.4681040288882933	0.08994077796689945	0.0887492032697666	0.08839796704348046	0.1554168890233691	0.1713922157263937	0.09699072947710875	0.0889397854041844	0.08963242435981228	0.1061633561666256	0.04688029951455345	0.0459489338055009	0.0331912729615798	0.0119273155205766	0.01064726523654136	0.01008208819089359	0.2143441475814027	0.1084718472260705	0.1153427813867392	0.03496827354113132	0.1021229891416564	0.1294141820077982	0.07067314693623013	0.04327271845040471	0.06918890938173275	0.4594713095234731	0.4884851383623788	0.5070528749673791	0.498123861437459	0.5031863478182872	0.5082153575134605	0.4817876188984323	0.4843612981163373	0.4510648885495745	0.6047454467352246	0.5474501586140229	0.4671195546849634	0.4494403649271786	0.4461255200197485	0.442486527422754	0.3773049553957765	0.5383257852074075	0.5002949211900477	0.4966619768256935	0.4843345160474527	0.4442277836525353	0.3613785894675309	0.5983510919979959	0.6012386518095856	0.504529400436265	0.5150615819973842	0.5229808361145376	0.3906654484236198	0.3176706587618864	0.2954287531321258	0.2452854975958505	0.2307890533454267	0.3666080474405057	0.06346587865843271	0.220821673221703	0.4510339021561069	0.4416345918423946	0.7938387618541471	0.4917491504796496	0.4525150863173231	0.5552207171290823	0.6935053838007462	0.5615766940606093	0.2770528265332169	0.362993923486679	0.1344225932623969	0.05132389828445159	0.07624410367728529	0.08487450644145542	0.08919540212973248	0.08461618354961577	0.08685829824047603	0.1050086034643481	0.101823429067588	0.09926786331662528	0.06450688386428491	0.0366126989361946	0.03246745410254442	0.05492815826718577	0.1134532595165337	0.1460681687350902	0.1088492568577196	0.1092942230213104	0.1040544652575141	0.09767597805835899	0.1491793518533145	0.1130544321600366	0.05557041012905275	0.1029253334182963	0.1016544851625272	0.1017080096839661	0.17938570048616	0.1980702699216635	0.1226056674563752	0.1047440748856546	0.1025122199828325	0.2158266595369839	0.08368950621031357	0.08169565971229807	0.05573175097301623	0.01009982530000538	0.01008403785535861	0.01012221935499642	0.1928929210175964	0.1170821127469848	0.1222139780409418	0.04760387426843875	0.1135913920051237	0.1351738437208795	0.08725617742172337	0.05822461092140437	0.08615142344200319	0.3969037203877072	0.4276839308113765	0.4377980044054209	0.4785706572250225	0.4777223028239042	0.4782458388207008	0.4129740357667218	0.4664354086049476	0.409601017589372	0.5496633931885123	0.5312989273363514	0.5654589437597221	0.5248594953928978	0.508383637116061	0.4906649365005987	0.429564300799213	0.5139032803980206	0.5178142980526664	0.5107119745574106	0.4738318590084591	0.4298382125633801	0.4115038236391059	0.6171807467521276	0.616757457598013	0.5267740240781396	0.5128259180465983	0.4950355402463852	0.5220652593489761	0.3756549642459272	0.3639899877937005	0.3074380818866722	0.216871971254644	0.3704878546226383	0.07060401227421552	0.278167672187576	0.4643132404084098	0.4559338710881508	0.7422482576466221	0.4893289772189644	0.451704349138613	0.5415141465674086	0.6478233910372611	0.5492086278850441	0.4673497786491468	0.6695371355666149	0.1379937038163206	0.03425957686728909	0.05046549123804505	0.03043223834961039	0.0001351564282928887	0.6308906379089961	0.3586669620431108	-0.1214722644676374	1.53691150594148	0.1719554781795447	0.7074852449560967	0.6649758256111029	-0.1741379016895231	0.03345016117742197	-0.9875822300488045	0.0378570906449703	0.001713060583584266	0.1811719935939519	0.007842567625905725	-0.04203396720932791	-0.01518703493430208	0.1231301585838367	-0.02543331894615589	-0.01200744133680854	-0.01297383736411381	0.367214007204054	-0.06305866346178458
1.325	0.08364813202514136	0.07791839279498777	0.07840971337073452	0.09415722275248821	0.09144582906584635	0.08872464216607477	0.1051146402692273	0.2876983408010379	0.2419094112849788	0.3531396288157618	0.1060580786765375	0.1186006288907536	0.08951038436975016	0.09112428852863247	0.08938978231722118	0.0835607793114317	0.1019010531924438	0.09720571809537022	0.1765187316173868	0.08990389853731356	0.08869606027630211	0.08832178802372795	0.1537294127971522	0.1690607896119942	0.1025657476192185	0.09066409711139078	0.08993396626282762	0.08081367895831225	0.03580616430958924	0.03482162535566443	0.02568463520256672	0.01004519894992236	0.01005792909800956	0.01008190212075013	0.1692941398010095	0.1021526452693732	0.1065102392970796	0.03808824772836827	0.09947999424832916	0.1183428665513378	0.07494636417401822	0.04827687802033694	0.07365143798436585	0.4767894527631438	0.4950223541459682	0.5071934355579353	0.4991622298348384	0.5028673713647676	0.5072059326659039	0.5036512298938044	0.5007257723797871	0.4872616484519018	0.5749992276441304	0.529660729353614	0.4863504934882932	0.4768613485080571	0.4781585236305333	0.4739173445491582	0.438669184199329	0.5225146901798601	0.501901120102324	0.5024705754892216	0.4934150644614834	0.4721477633429069	0.4320188876021084	0.5575170195384445	0.5596322092416297	0.5072780369886309	0.510133120052443	0.5164435606613531	0.3926009775489931	0.3411232044410759	0.3251748000698631	0.264025122337183	0.1433243620090409	0.2755094206282022	0.05082829547278857	0.174668641168936	0.4398594837417692	0.4263252782136907	0.8334677185312888	0.47913187947983	0.418637975566624	0.5619443469619754	0.7223077441451501	0.574120454718813	0.2718628650946978	0.3987857222566067	0.1058822254333205	0.1605371363337518	0.08668006201680163	0.06390511539113469	0.08034625352441728	0.07448626680069041	0.0744152965808392	0.0881875341894548	0.08589546300980327	0.08339570614392595	0.0914917356891659	0.2328945801321888	0.159120458358208	0.3385716879927417	0.1019670562585883	0.1055495944434257	0.08046562194123039	0.08245819200325306	0.08218815307323278	0.07641123789674797	0.07589537488408581	0.08931462935463119	0.1292632068224344	0.08339353041797351	0.0822237956806951	0.08162791197750872	0.1385760416161393	0.1514465824262664	0.09255125097632647	0.08377556875783844	0.08374166967008083	0.01263990480401988	0.01543019175482909	0.01476874605801781	0.0137177758242329	0.01006738773261542	0.0100623714430931	0.01006170557821616	0.1448995511892472	0.09361430366473698	0.09707029421037411	0.03459360613590788	0.09184533565020088	0.107412374863591	0.06955660516780199	0.04466839613235184	0.06814851138323386	0.5389611680570435	0.5406606429053641	0.5488586244680447	0.513875349311214	0.519344536131896	0.5250389472682419	0.5648779041791309	0.5272634807002042	0.5475340559090854	0.570306021612034	0.519169678612448	0.4461337257773036	0.4593880577110987	0.4734998524016586	0.4776455949704901	0.4700929632614904	0.5209615746407631	0.4929205702258096	0.4993898648876406	0.5098643505089681	0.5107216581390104	0.4725525744441331	0.4993237852028738	0.5023145219908307	0.4947780398872816	0.5054316574453975	0.525435421402337	0.3270236205112667	0.3386361940090358	0.3224037549557687	0.257628038011529	0.08591502761592563	0.1921154924078977	0.03946963235067312	0.1152893791728508	0.4229245254525673	0.4049139510224388	0.9025685983403076	0.4670581706988472	0.385095098879211	0.5753405319607927	0.7752490219019268	0.5929129110565029	0.1549052676579581	0.2496518661471376	0.08705192812813127	0.2474396494207541	0.1078060507631498	0.08363730797774105	-0.0001230539936724954	0.7861381591432316	-0.1002029802391952	0.06862730901966713	-0.5926413586988368	-0.5520395170026031	-0.07115725182860801	0.4396080054914515	-0.1793016221465084	-0.002117608114360574	-0.6967035865082088	0.01282598362711861	0.0009420790640981574	-0.02927312147642794	-0.01276320445609655	-0.03841909962279639	-0.05244267957025466	0.1581992019409765	-0.01954897201229719	-0.01136845661651961	0.3722156505380696	0.103496191851077	0.08053718551646001
1.35	0.08425349603360614	0.07938075035572496	0.08093877927647058	0.0925463068852429	0.09080433660483928	0.08948921990862659	0.1062771522181866	0.1994217514980805	0.152648451435905	0.2742299082604954	0.1038168055481935	0.1175784974039605	0.09245730542585573	0.09299211160332972	0.09026504242488512	0.08305755891652761	0.08064887560853547	0.09648654875694529	0.1362995519738798	0.09001717150247658	0.08887442366270888	0.08845113870547079	0.1376456710638957	0.1483528339172613	0.09976243309635649	0.09116744725687566	0.09069113850908871	0.0744110907712176	0.06844428131155883	0.06569759932818429	0.0546334996591561	0.01027365324380816	0.01014013643664161	0.01008147798868034	0.1339351488658271	0.09754433244840621	0.09983755609214505	0.05031118685517832	0.09636174037334079	0.1071080439792845	0.08026666435176982	0.06070434098328139	0.0788349238230476	0.5639477165395208	0.5476989939091174	0.5464664654375467	0.5215117526857029	0.5254191087612196	0.5282632212517205	0.5424804459423496	0.5163960886064506	0.5264089743843525	0.5524858939854692	0.5172639013249937	0.4450915870976283	0.4581234254375138	0.4709372212370297	0.4766762696377109	0.4711376419794402	0.5264397361243232	0.4927407169376791	0.4954854597068538	0.5104549196188644	0.5095234686177316	0.4673401170762798	0.4976051444391432	0.4997073132200843	0.4860846484429083	0.502595840319815	0.522011555961002	0.3884127950859954	0.3929189703178148	0.3821185460288162	0.3411275211280086	0.08144751712595837	0.1940314550126126	0.0400361908963613	0.1643097672735002	0.4362596918802403	0.4197291609875012	0.8535386180283435	0.4675677368236573	0.3900646896154198	0.5636197891468628	0.7325986171796441	0.5790812038225978	0.1632098995956248	0.2933543939570376	0.1047023761985985	0.2059062148206005	0.1045650351438045	0.1120781053836296	0.08967166983024437	0.08699182282323811	0.09161447309209009	0.1014893897395282	0.1002330093147657	0.100549465456012	0.09899536329035158	0.07185056366656291	0.0758792270354253	0.0841851618503691	0.1089762161941413	0.1452902379749224	0.1154534422420026	0.1134497585905964	0.1058395969680297	0.09665410829166741	0.1123859851465679	0.1118437478243759	0.1011574171890957	0.1031419344855087	0.1019955886253048	0.1019512676335548	0.1465088420500672	0.1553571061750766	0.1176610181707062	0.1059131399599067	0.1040174339137903	0.1942344324229994	0.1452730314865888	0.1395832679266598	0.1093801970402007	0.01008621604835905	0.01009679168707347	0.01012142508841368	0.124586502200796	0.107582024286546	0.1085460137733682	0.07111249052125257	0.1072640036591002	0.1124904261501137	0.09812033271750209	0.08267513552151255	0.09678266153986559	0.6016375884004413	0.5531700312833118	0.5336593265323869	0.5327221615726078	0.5330125537711642	0.530223380021707	0.4965758984540389	0.4971584016539475	0.4875239674250043	0.5092336909852951	0.5091719431467168	0.4582786300927145	0.4693840163098967	0.4787699418788247	0.4852579418621248	0.486080172801143	0.530940547950597	0.4947781907019482	0.4911785552460569	0.5113197889233485	0.5082657428529558	0.4715985811767046	0.4882116020203875	0.48820501166737	0.4739492723701226	0.4966158925893567	0.5117124769259292	0.5114960477670834	0.4924790818213221	0.4920769871983594	0.4839838031318393	0.09367037971347932	0.2077721816049826	0.04834767032861131	0.2544431188933703	0.4598899686216727	0.4457368852908742	0.7704532507589295	0.4666680887323962	0.3963998042064772	0.5423727854997769	0.6575470026657321	0.5553001024775839	0.2211617908420613	0.4111286628115829	0.133985875196748	0.1120237115478189	0.08443161290628032	0.1215248592299009	3.702701110819222e-05	-0.7948182235757125	-0.1509705861802452	0.1170770655328448	1.783815150571265	-0.5252394523595447	-1.123966009388476	0.4167828543679648	-0.1277709092869142	0.02484802510939984	-0.4440649299514727	0.009681445646813265	-0.000209011574205184	0.05827028282956771	-0.03349653063156388	0.009768125761228623	0.02445080334284258	0.1772187025078577	-0.008373453782532752	-0.01000599486700815	-0.6330073892762549	-0.04047947889179027	0.04129626874596975
1.375	0.0787212041046878	0.0763909589401037	0.08064355836987193	0.08883513419021789	0.08791053428797008	0.08820992524762825	0.09191210877866197	0.1435578363840483	0.1034369439547378	0.1814236053415726	0.1013841060672269	0.1239638328205774	0.0997997623601303	0.0979243936316563	0.0916295949516823	0.08274589765999227	0.09125235508952827	0.09725378201486634	0.110934385438823	0.09006043106493831	0.08902149325877205	0.08852786061341301	0.1256793982423951	0.1328785162970141	0.1019390949724219	0.09250910896588327	0.09088772715270076	0.07873722609277138	0.05844061574647252	0.05648131373431572	0.04510048343291668	0.01006574654143257	0.01007200900447426	0.01008139674665173	0.107365900297822	0.09364576097662287	0.09441311638301494	0.06269212129258939	0.09360813472832649	0.09784815682538077	0.0862447690411445	0.07353148658941239	0.08481206227901193	0.6615144347898138	0.579243102520136	0.5440927599678764	0.5490271588389865	0.5477328503293337	0.5418810856660619	0.5314784801084211	0.5125311279255242	0.5150807071217769	0.5180238257617962	0.5046982874265029	0.430750043537067	0.4527014823189187	0.4724156794226615	0.4826985892908655	0.4928003700255257	0.5333343440459261	0.4886325580890843	0.4883602988688178	0.5164536372259333	0.5191421442058646	0.4748683373005294	0.4615360272784658	0.4609790436815331	0.46011640589311	0.489949148513189	0.5075341637588011	0.4439309416968128	0.4703125894603578	0.4676794108356674	0.4551586634684	0.06723658725679117	0.1319628476640499	0.03474161038094064	0.1634373705158961	0.4367169531065043	0.4163034058844868	0.8608574628709841	0.4510937221241202	0.3501804720251618	0.5622333385770961	0.7325264751885968	0.5812318072081513	0.2781931858808994	0.3993914834068153	0.1284428417351241	0.07574753508757788	0.07084673368101277	0.06535324360089892	0.0734534282769375	0.07151905434894061	0.07552747280207735	0.08234654666609775	0.08169976472686769	0.08209487378112411	0.08740626791652133	0.1687793660674522	0.110260824946824	0.2036729985874182	0.09706507550587821	0.1119058674791504	0.09193391275847615	0.09005151422242511	0.08454403595434354	0.07590152810346891	0.08076824681772446	0.08966762248520081	0.1126587083209215	0.08355150969233326	0.08260755956781014	0.08176636394969487	0.1119733126139458	0.117316465642172	0.09367516160965172	0.08583297929521577	0.08433778741987763	0.01495527226201032	0.01396865960035972	0.01359387435679265	0.01248935317263706	0.01006268358475568	0.01006255383883404	0.01006137385823027	0.0946080130719687	0.08618262740283088	0.08668837607082658	0.06042419018916068	0.08646351176300485	0.08941204948879257	0.08098621920770299	0.0706028203814562	0.0795323981882624	0.7374883929788464	0.602212221572259	0.5411390988480501	0.5688608477054704	0.5636011477895913	0.5511502647232246	0.542492274421894	0.5182103554913621	0.5228994415726935	0.5034526870215766	0.4956145957319772	0.4173460396150885	0.4465286726806042	0.4720265571286258	0.48569870550693	0.507999742079286	0.5358862221052414	0.4848497864524859	0.4849329765790626	0.520482454088271	0.5273800475443592	0.4819032957835484	0.435018399750123	0.4326432050111215	0.4432987954499028	0.4806290279614217	0.4949843583806697	0.4341763038599739	0.4940203800716388	0.493148884558241	0.4881976635020949	0.05371875565716484	0.08747210123314621	0.02861761835776593	0.1212592299405386	0.4260930673978709	0.4013949882117297	0.9053074342770545	0.4376642199757423	0.316532464111386	0.5706606798768782	0.7666796251397373	0.5942068069523433	0.3437557037315402	0.4271313678808257	0.1289083562114423	0.03856243600346636	0.06183587645427673	0.03398036006639248	-6.297483977548855e-05	0.842983377251406	0.1222835569782328	-0.09869851753911987	-0.912268149862383	-0.6562919368638142	-0.1102323102088035	0.3181242134596501	-0.00313685512638917	-0.002802693428143812	-0.200357600678289	-0.01107957509469834	-0.0008180209634754495	-0.01759258016624525	-0.007389483726873921	0.02151034259193076	-0.02497642325553655	0.2053020011020893	0.01784907938629307	-0.008577480968229646	0.493400529934875	0.2071032075596822	-0.00858540358488822
1.4	0.08347582225320663	0.08168089109888239	0.08411020825996332	0.08964976560579281	0.0891861615677995	0.08946971996781915	0.09424929060718838	0.1635779264634213	0.1106900648694417	0.1895506435942886	0.09871659202792905	0.1082932764191626	0.09558644048635381	0.09438776505297133	0.09116814542156661	0.08396282504306433	0.08811306787178461	0.09442477151172289	0.1123327097747893	0.09040317615139361	0.08966625299689608	0.0881509252575004	0.1096039580889144	0.1129456277474054	0.09732855503892816	0.09208263127982243	0.09099922615878588	0.03576076423340991	0.04881575099093721	0.04424150593090597	0.0395180991864794	0.01010404798083531	0.01009049773788151	0.0100812933296078	0.09586952530037396	0.09185583580912808	0.09225362074109224	0.07803928823302134	0.09263110442135636	0.09475917554293856	0.08944363251746576	0.08440692374587752	0.08834651539254494	0.6726700983102352	0.5596972050496846	0.5050755426628301	0.550128905692908	0.5433239132786029	0.529699330580941	0.5220070073010948	0.5102361157574969	0.5083416909443087	0.4929716222528611	0.4948412153424299	0.4627143114545182	0.4766325029194176	0.4849712843802471	0.4936184428184437	0.5116715351088745	0.5251793835489359	0.4936958350928706	0.4928001988424793	0.5110789409991799	0.512962872835775	0.4889789230254191	0.465199037016375	0.461745214418238	0.4603759063168544	0.4844768933429091	0.4821083289644257	0.480299284310975	0.51541661376347	0.5161989527215246	0.5209152261195397	0.06970933481794483	0.1362786406297354	0.04159876595521528	0.1927852936695403	0.4414406902249464	0.4222764261348396	0.839053447339114	0.4541471015177461	0.3616910590191557	0.5573975664512256	0.7160518137289776	0.5763241439236418	0.3601383064195912	0.4190436360484165	0.1372403594576552	0.06069048515732035	0.07359969443495147	0.05329530441525065	0.09824452241860979	0.09683128584471133	0.09827848725395673	0.1027100401960549	0.1024205248831133	0.1028659578882954	0.1026689598206981	0.1228771155595849	0.09372524194476803	0.1300150356810198	0.1036071556935846	0.1145392442962349	0.1079708460264064	0.1070386274218176	0.1050847181249417	0.09897470144628173	0.1077343235608431	0.1063820868368392	0.1044506082634331	0.1038137361247492	0.1032655701944678	0.101226889614005	0.1141177449522774	0.1152516783222768	0.108808283363683	0.1052194797201424	0.1042549043011209	0.1076588851540927	0.12280401321644	0.1122658476299128	0.09570098664141859	0.01010700542435585	0.01011410764048024	0.01012122327111148	0.1012057417993831	0.1037353683149604	0.1038596222014923	0.1027538771819672	0.1051012504963773	0.1057593241111211	0.1050662813156625	0.1056932533424015	0.1043926938094977	0.5786576250299482	0.4894197569084488	0.4395006425742986	0.5225464261976197	0.5116894584827006	0.4939486512001326	0.4787731376328983	0.4933310865315272	0.4764501299707856	0.464471584397627	0.4907289544955064	0.5409828427153855	0.5295721723497471	0.5086465670924903	0.5092931994966743	0.5229120090669909	0.5077451330051629	0.5088705645408619	0.5050628878565496	0.4954826719634907	0.4888055511820146	0.5026933369880898	0.5119191693259459	0.505992490299666	0.4852849878859617	0.4887877794098521	0.4564018830784127	0.5841675700577486	0.5763988577283277	0.5826277506185736	0.6128608430503598	0.09638483704682316	0.2149599594843229	0.06005012279480539	0.3192138847159666	0.4710653514039714	0.4611876769317652	0.7097446147238039	0.4805825420454352	0.4349927284478585	0.5310987334164702	0.6156445593673409	0.542031620973474	0.3896652191897935	0.4326437191351739	0.1532799657133651	0.08781885351065125	0.08723758554488265	0.0912607524685683	-4.959367967521464e-05	-0.5020142974531899	-0.04677073397797592	-0.02509704282321585	0.1568836670778702	0.4550671260891621	0.3997946859473909	0.1454262799895133	-0.0468915972397085	0.001906043636795115	-0.05668725101726772	-0.02615225822246897	-0.0007939917572456853	0.00341751248483093	-0.02602383804782923	0.08319689404431278	0.04328483868933331	0.1680626196544023	0.01326491112815633	-0.007329502599763225	-0.3694473880167712	0.135193572842485	0.09788724381214359
1.425	0.08785610846159785	0.0869556104251499	0.08815483802179017	0.09030635949497129	0.09024683836110611	0.09053426771307387	0.098765750048247	0.2932991714983942	0.1833121394751593	0.2995564659106257	0.1125112621989464	0.09798811717273136	0.09342015394934504	0.09283240165077626	0.09122258993476716	0.08723866099017688	0.08328991049215717	0.09244006076594434	0.1483352419643881	0.09078573894761884	0.090454394008308	0.08847769643813552	0.09754736239617719	0.09845732159737536	0.09435198837057056	0.09178838073342491	0.09108029562450483	0.04616306068351006	0.04999964083216072	0.04696873953501628	0.04087277184192967	0.01007611528997071	0.01007873661194385	0.01008129015704255	0.08680958741571039	0.09029687060924739	0.09042747165035708	0.09043916403151736	0.09185897227898815	0.09252343113601122	0.09167726354612354	0.09242565693592257	0.09116420069998184	0.731209448458888	0.5722196386687155	0.4866679658603217	0.5725888791916471	0.5591046635143767	0.5369209334280983	0.493616534971323	0.4897906462077105	0.4708155900034113	0.4811250978073948	0.4984271262245719	0.4383428958046896	0.4501673005130723	0.4832938210615353	0.4915456901696319	0.4986524324085812	0.5455254457795317	0.4894082718478416	0.4812214908268351	0.5054978655316525	0.4978731068304703	0.4598936954127914	0.4898756228622612	0.4835277938221568	0.4286924451784038	0.4714088095450537	0.4653590933549983	0.5527625480536648	0.5403638158471897	0.5434810499168059	0.5589638475235504	0.07289743469420516	0.1404759009936523	0.04303844148708855	0.2392498555187716	0.4522601421047194	0.435445308447601	0.8130219024786927	0.4583198334620098	0.3770998837155429	0.5486885209019913	0.6869790347546217	0.5665209553763769	0.3524635949752734	0.3351344088662515	0.1252832286344848	0.05646442407938541	0.05736348999867014	0.04290085262804927	0.08334326337042243	0.08282403428578326	0.08369590263618733	0.08431619319251399	0.08441061580228079	0.08454363503092788	0.09706802863605582	0.416793728309942	0.2402719916520884	0.4179857511056668	0.1180732737354954	0.08813102059896914	0.08554904702384374	0.0851973519114242	0.08401390142396375	0.08148011545142109	0.07092657304163857	0.08518826252413127	0.174872554992414	0.0843057800225171	0.08410602636569416	0.08180406171462976	0.08802656257058922	0.08853504497818376	0.08650696179844135	0.08497713296458542	0.08449082502796089	0.01316149044852019	0.01199173166945104	0.01184941481121373	0.01142432020081245	0.01006206187185734	0.01006168771068255	0.01006132046508856	0.07868954135855745	0.08341228627828075	0.08351843403778	0.08513096394700298	0.08515932201857385	0.08569271745167281	0.08509860673986309	0.08626639202171846	0.08473628085208498	0.8558903666374423	0.6309660502649175	0.5112240044808416	0.6145602274937924	0.5964944532020023	0.5680183160119813	0.4865200518188584	0.4757469219457064	0.4474667096581912	0.4859955603503757	0.5062654173120988	0.3598905774954186	0.3862650267665961	0.4663350067266951	0.4791094805798542	0.4754825702442598	0.5803298908367941	0.4748094236733458	0.4601242824628919	0.5095590901825947	0.4969872638090511	0.4199703382627167	0.4883683737477992	0.4808515062656339	0.3807932570936468	0.4556831918824061	0.466886491788187	0.571476394897096	0.5291050433115873	0.5313394821935725	0.542274375430267	0.06327778970270392	0.1081245191187154	0.03578428180595963	0.2121180728007286	0.4485380210665283	0.4291120181648789	0.8451152316942891	0.4484550823557447	0.3526592275142456	0.5526920357532163	0.7044122076188531	0.5731599954508569	0.308856935389216	0.2343223603994896	0.1105539023648917	0.04662361370081203	0.04552918652704261	0.03830535286885112	-3.570452100353739e-05	0.9148398274180012	0.1338371727927395	-0.2189608318888053	-1.670157043475372	0.03971920893461727	0.3963346321166352	0.07522525830778293	0.02591395663172232	-0.008923638278945448	0.008337689657210313	-0.02614936447763651	0.0002206561598722324	-0.009434143043077502	0.04064850004407596	0.07523931697342008	0.01011612907179985	0.1434399417827516	0.01881333243447073	-0.005751478886321023	0.5198193110690684	0.2273964741712955	0.007563091453058141
1.45	0.09159446587756868	0.09139138293966384	0.09134329898017071	0.09185851546512609	0.09191321624905049	0.09154579627236376	0.09793204118730611	0.2980384354690332	0.1740119624581144	0.301539535120223	0.1106470483212265	0.09160286222551481	0.08967215591330868	0.08925475006503722	0.0888963344166418	0.08661252075804146	0.08442561120204636	0.09127198012507443	0.1436119779173005	0.09095902453632362	0.09060558247252679	0.0857931458968272	0.09541296110486035	0.09591456508966299	0.09095081112410687	0.09122353227417181	0.09110843649548606	0.03337083791200566	0.03879418537054349	0.02769011127125118	0.0239094289643443	0.01008562371080031	0.01008326206427288	0.01008125823600914	0.08421530387646811	0.08983614463453672	0.08988438290116497	0.09237438988292869	0.09171382736304536	0.09209753952112464	0.09156714817552804	0.09264581572278045	0.09137069424315501	0.8357603380163773	0.6367948936945973	0.5350529113100606	0.6115645165706167	0.5966749077585735	0.5730571945864186	0.4772758888064955	0.4667860762697277	0.4384053413251627	0.488273012409798	0.5126828012098597	0.3326790109300236	0.3673848750870049	0.4630186629644963	0.4762329424740264	0.4659953143215559	0.585570679092082	0.4716065528813826	0.454928586343571	0.5128320536483849	0.501716636396056	0.4169995946962907	0.490844139668688	0.4855948550021487	0.380745840361654	0.4600417325855668	0.4856594520224217	0.585391906546932	0.5229641994822745	0.5247282739723639	0.5325058849050062	0.09142015905606747	0.1796015701807296	0.05516319953268583	0.2873398009666077	0.4622613034895724	0.4466412304595638	0.7801481727317864	0.4568654909136163	0.3775029519551443	0.542890406983547	0.6650477975489373	0.5593802825894021	0.2138063232175991	0.1691645208678811	0.1294504010305497	0.1113795052306435	0.09014529598622514	0.2289240858515747	0.1060052723517156	0.1060570241174709	0.1049216633556686	0.1058021033729619	0.1057770962665851	0.1049467129585287	0.1014022324040992	0.09270925099149381	0.06724062596253907	0.09703801283201212	0.1006200273835467	0.1012816468350749	0.1004611222827682	0.0999214610424265	0.100564035532322	0.09813253057689392	0.1093267781933477	0.1039115442908356	0.09378210085152663	0.1041908436869718	0.1036422558577196	0.09605774009639516	0.1090492420343255	0.1092859278629112	0.1019001910773922	0.104088941839483	0.104318047151829	0.08609332269876289	0.100984042186722	0.07556581291479059	0.06353281797391068	0.0101175202799845	0.01011945977212229	0.01012116595379352	0.09532565204356382	0.1026808940046246	0.1026192637134708	0.1081226070462361	0.1047414825221238	0.104715955322973	0.1050892316144085	0.1070613807814926	0.1051002447448812	0.812061432457293	0.6439191771371729	0.5663987237652973	0.6082669059099931	0.5970970146815198	0.5796895270476723	0.4522123512595144	0.4466579734781731	0.4148855772596222	0.48702808701601	0.5239733531547656	0.2999735070043002	0.3423870517880623	0.4602231510590234	0.4729723465006019	0.4492373712427445	0.5971362731788857	0.4674709046837076	0.4463030276063822	0.5159297647056892	0.5049768947397926	0.4112390269952994	0.5044136453542529	0.5023988446713736	0.3827005991757236	0.4666829164715468	0.5127738164527588	0.6354059827758342	0.5227168342895721	0.5245845982143221	0.5310332830409983	0.1333847827854129	0.3006330226024645	0.08332555093884385	0.4309833230872343	0.4911217302510016	0.4834384334929771	0.6409510079454945	0.4754643235610561	0.4319545277073644	0.5210419372030619	0.5769043155076825	0.5292742073971686	0.09089740911767584	0.09256054727477175	0.1612061057458707	0.1976152573674178	0.1492232868651528	0.4998162294282061	-0.0002624674677583588	-1.185521686687143	-0.1329408876260382	-0.04815668788924986	3.010583753770387	2.51221502722434	-1.164249442938355	-0.04339712410755848	-0.05106024039066535	-0.0009569094750905222	0.02801010060956774	-0.02417390367799116	0.001523612781109638	-0.003444270925832351	-0.1665058872279273	0.1403003510814179	-0.01736752470782458	0.1227673780115636	0.02836475580754682	-0.005685930661231044	-0.4229905473530671	0.05519923253468047	0.02702887727144025
1.475	0.09611845279890417	0.09399100285186017	0.0925039338897831	0.09407603345483979	0.09413268406170427	0.09310603776585714	0.09360536974002129	0.152234075059992	0.1249668159513374	0.1628670299990521	0.09985824626684868	0.08669490724962636	0.08418604286929864	0.08302839132561632	0.08343289131005074	0.07794518464943581	0.09481520409446759	0.09053619390705701	0.1011342482049709	0.0908245313592595	0.08961558034176328	0.07410592399977511	0.1014358730689773	0.1022085232897945	0.08724164597570902	0.09091931440749383	0.0912359658760073	0.07273379363193772	0.053282952034203	0.06009987087413105	0.03939368651416991	0.01007998605570037	0.0100806687309831	0.0100812433841755	0.08292653147758004	0.08958757423986372	0.08949703972129451	0.09460940623803513	0.09139518534546807	0.09121211015822901	0.09179719841045202	0.09362759584644645	0.0917975262822328	0.868783661377138	0.6777049521137486	0.5655689481366156	0.6344133235919069	0.6172720325750395	0.5907061883176564	0.5256610815828878	0.4966443407140808	0.4898220345866649	0.4912935185915465	0.5049712234441784	0.24299107559534	0.3158869839375272	0.4596280766145677	0.4759861033995365	0.4787106529043038	0.5910069021177603	0.4526319305954024	0.4411367270821797	0.5197314154155901	0.5177426124757455	0.4344477745408946	0.4017277113433823	0.3931623068036006	0.337147160649655	0.4458569918640422	0.493057776672696	0.5061041701955032	0.5172329482302529	0.518427615558258	0.5239371316007462	0.1033867895349267	0.2211101624011539	0.06454324629743458	0.3644120568685497	0.4765524049703861	0.4640793858013831	0.7309176212927915	0.4609003670718709	0.393967363143252	0.5335601624123339	0.6304657297505187	0.5472006690304493	0.2329208743843857	0.1835926433387639	0.1266874595814592	0.09139802423541954	0.08678124367038088	0.2084162847892107	0.09190598470081789	0.08838372130011103	0.08659979452380881	0.08853826640206669	0.08866364128548321	0.08747903843318884	0.08911274240062654	0.13871468784363	0.1415297160935554	0.1540546930750924	0.09895836581166102	0.07874187629304358	0.07529712469540019	0.07374630978929513	0.07406854911508633	0.06667067510119239	0.08840122749516736	0.08373651054767264	0.09911413554708343	0.08410730772632817	0.0823765879410874	0.06167683259630698	0.09855944121098155	0.09965760313612286	0.07947501733442548	0.0843112164360257	0.08471589420112301	0.06570804172374775	0.02613908990544913	0.04946454234688391	0.02529116575006489	0.01006153313960483	0.01006142098329669	0.0100612842521005	0.07695912726940195	0.08307031457300969	0.08295271726139601	0.08791382727588806	0.08466329544829079	0.08433786303034181	0.08513906923600978	0.08690705965265511	0.08514717173051238	0.9106718643022054	0.7120816378633283	0.5743486781249021	0.6574477989571991	0.6358140982224453	0.602700066064826	0.5880548388339603	0.5368157456900623	0.5523985648484738	0.4961489569646506	0.4914883829983419	0.1925496829014583	0.2876929347280763	0.459487302355728	0.4787502731083861	0.5008521563936104	0.5877750670016355	0.4377325216040945	0.4339068040081336	0.5239754112170535	0.5310284087652426	0.4570204931912025	0.3183968566053568	0.3057833202769638	0.2971794374460937	0.4281372948131916	0.4828853779067284	0.4004675931217233	0.5098104172552528	0.5102276815722979	0.5133811225790004	0.0931990859534288	0.1903271415885356	0.05722287075117809	0.3509031015075558	0.4750388645791623	0.4614939660957953	0.7465708351076762	0.4565008015125314	0.3833500560501144	0.5353403967568875	0.6384168168424588	0.5500032846117155	0.3193906260313255	0.2400319219514223	0.1063279676089405	0.03240426730379624	0.05287826266763527	0.03348487157016845	0.0001057867614820859	0.3897696489857136	-0.05471852404308024	-0.2261307967954968	-1.05603931543349	-0.8499270861139671	0.1765337315648614	0.1044066149119095	-0.05062137928482183	0.007123435519361739	0.03592109741215714	-0.01762478228715958	0.001638670654672317	0.002515682147884778	-0.0577941487386192	0.1407944396194495	0.01588449577113429	0.08361279373152168	0.02659321364751519	-0.00526333980866506	0.274407181375114	0.1352853594139292	-0.04692954637025222
1.5	0.09975899314759147	0.09624769102868229	0.09455526854863787	0.09566603178850133	0.09595724037087792	0.09481224937969185	0.09139828267768445	0.1213251566025835	0.1067340420630457	0.1387905812823947	0.1043668414554002	0.08375195325155238	0.08057767951353061	0.07900032760830165	0.07932170522294169	0.07160613009041672	0.09713105573750036	0.09007138195157836	0.100728654078658	0.09069909284107622	0.08830381610973158	0.06636525742745007	0.1054830739440157	0.1064979571470164	0.0855591020954078	0.09097950488100971	0.09143659313872946	0.07184951496118	0.02954122693547421	0.03838896111470223	0.02496824317921138	0.01008224884898505	0.01008174362594624	0.01008126413895387	0.08569388568847285	0.09006913423247102	0.08994557568890151	0.09396730385571524	0.0911606638208597	0.09074979136395739	0.09165733803259379	0.09313382751879135	0.09166171886888841	0.8545826438897415	0.6705489454865174	0.5461479427979328	0.6326562565398178	0.613537736394124	0.5843701956809983	0.556732612439345	0.5146287236506886	0.5159714535932592	0.4998469361498967	0.4999812441537761	0.2443140253490175	0.3188373257816796	0.4678432609634194	0.4836156442374852	0.4923986650129201	0.5775252943624076	0.4507383163915425	0.4438928887804178	0.5171702978769919	0.5199507584237752	0.4610072453074915	0.39471372179753	0.3849829838034362	0.3126582194399965	0.4340740579795064	0.4753884833805671	0.4535243220636269	0.504295848643969	0.5043659955978843	0.5047640002839171	0.1395170557951126	0.2524891458605519	0.08228029240309301	0.370547329220035	0.4786669920118531	0.4679437469857958	0.7045809556523028	0.4687685643993748	0.4129969443446166	0.5304969250656361	0.6161792439708684	0.5420270369707119	0.3081618907845937	0.2433471191225879	0.1041417855621969	0.04540896451636778	0.06591955388870502	0.0363069264456489	0.1135654773682376	0.1107300266497899	0.1090445675375311	0.1091269250652513	0.1095604174774179	0.1084326321423899	0.09678582181554117	0.07340604051126974	0.04088734285041515	0.09035414273472464	0.1089664592097826	0.09507274442931762	0.09287416503726084	0.09143584681840874	0.09199146749503975	0.08485293554639239	0.1151208531498017	0.1029313923573705	0.09428157343604011	0.1039326492859783	0.10098726243347	0.07970155822540607	0.1175041322662789	0.1182305062971226	0.09824539250831935	0.1041751377851183	0.1047220382976571	0.09360458549864008	0.05964752327134021	0.04288221236848959	0.04082003886567899	0.01012025154619465	0.01012077643005321	0.01012119937825391	0.1005410470873494	0.1035921795877393	0.1034517116639267	0.1070940068781323	0.1042521427530923	0.1037258702084154	0.104840002207535	0.1061958072816316	0.1048791242826999	0.7556741768849093	0.6037137579940099	0.5041750844106759	0.5918739974333581	0.5771626706789768	0.5551579293640441	0.5050028490105519	0.4767237079365655	0.4546220933589324	0.5065491609099934	0.5151077769134478	0.3203683547902835	0.3635589466962241	0.4814274196640014	0.4915670022218512	0.4767849859694362	0.5608524065451671	0.4705193015430592	0.4583587917429621	0.5065444709096828	0.5031545675777834	0.467900274499172	0.517182108335122	0.5124105567663935	0.3384550725152237	0.4439279250492608	0.4668075317263265	0.5375299541469998	0.4936591491786213	0.4930309042576422	0.4880101463570915	0.2093618273002094	0.3737621053610529	0.1196252416855285	0.4330459076732898	0.4905275171520903	0.486094117181215	0.6030399311634761	0.4929076140052122	0.4723847943375557	0.5179373122775335	0.5601722292217186	0.5224546033879207	0.2425356283471349	0.2120361547486575	0.1158209162581119	0.09932701788655816	0.106935217575688	0.1094271023148504	-0.0002963646480952254	0.2925175780289566	0.2252446370299869	0.3101878014704469	0.06358534562340823	-0.07569486192181511	0.8625995702295628	0.1165009132439297	-0.2083552651516685	0.02475728363666359	0.03067208792647539	-0.008999582495020626	0.00115397271074595	-0.1060289690270299	-0.09691884069634445	0.1792333619168966	-0.03456463381333776	0.07325647016398183	0.02247453427985929	-0.004463952124234835	0.1797159270981751	0.2928375650048185	0.2238517153366348
1.525	0.08882384130676188	0.0895123857581538	0.09028620236337549	0.09165819151570787	0.09192172307195706	0.09182539868040422	0.09513113583082954	0.121613639659295	0.1210349984889107	0.1382718366690889	0.0998155709981372	0.09052870281250032	0.08677072232489128	0.08541067283503523	0.08456659445141572	0.07758126084131445	0.09396330198326691	0.09135148921920222	0.09973049853375554	0.09045831537621009	0.08771750026566739	0.07431216256148107	0.1043815706008737	0.1050832226946037	0.09040307858684178	0.09164311744692918	0.09131109201676979	0.05824278175454318	0.06554084815544704	0.05735072531520968	0.05032373760538593	0.01008097744027734	0.01008113476411917	0.01008124236228414	0.08768749243924945	0.09042666139120323	0.09029970292793153	0.09366010475927873	0.09098448246056001	0.09048425920259591	0.09154767617995327	0.0928009146625569	0.09159370771537234	0.8387076339579057	0.6369056962338819	0.4893248095737953	0.6284560302073441	0.6046203802107525	0.5681442372392136	0.5142288105130367	0.4864251069049566	0.4649412938047666	0.4981596529435089	0.5090406828093005	0.2553911995179592	0.3177959223220421	0.4713663907755563	0.4863200448714251	0.4772043235118322	0.5778643627388431	0.4522147540340321	0.4387681731194666	0.5057548402741103	0.5001583826936939	0.4549280755426688	0.4701605087236584	0.457633877269352	0.2673513564114571	0.4174116514047562	0.4432729040173642	0.5165624299572542	0.5057978450327384	0.5061401684759113	0.5068312753816173	0.1498243077632271	0.292301739019699	0.09664261687528086	0.3903739041652207	0.4819388350574036	0.473928501252018	0.6696723900221629	0.4802156694888976	0.4414887485183036	0.5263882011866041	0.597580563491236	0.5347143072257077	0.1858477192298855	0.1689147355418414	0.1114970891770776	0.08266778188157116	0.08249885774529661	0.1684329026181934	0.0750667779450174	0.07789183032261247	0.08014648060674638	0.08243324797347236	0.08259821588890591	0.08313266827801838	0.09401014547042005	0.1474756564870879	0.1640034280581397	0.1641010382762756	0.09553363117666436	0.08917215121585011	0.08434506080487636	0.08297966885266334	0.08124183979025529	0.07413255976568447	0.08312526122582611	0.08574172167951302	0.1034063779882949	0.08361341477027588	0.0807240262604519	0.07189762505932851	0.09843413366309074	0.09909811655740561	0.08701246812254979	0.08546643503608692	0.0845723420527668	0.0395291950268775	0.06631844706231479	0.06392592590171586	0.05384681525211478	0.01006141564104136	0.01006135322370254	0.01006127218413331	0.08148341849862001	0.08387919129792244	0.08375845438462114	0.08689049134641705	0.08430952262047271	0.08380355608772047	0.08487515021110573	0.08604637739478373	0.0849307571912255	0.8692860686297262	0.6365968994403162	0.459683261663068	0.6438272321418105	0.6131694003680308	0.56608857646557	0.503773339079544	0.4832724039870961	0.4551178410779026	0.4944682622447265	0.5088769143971723	0.2205027745011023	0.2933203941210116	0.4676780754253407	0.4850992014569568	0.4728006038222943	0.5843461608419981	0.4424604697951039	0.4271378083672102	0.5005332740376366	0.4907033090971401	0.4489511327219691	0.4646708903468263	0.4460317977382012	0.2216849246109408	0.3995625782179	0.4210610039329634	0.5201836981923378	0.5118808405025275	0.512695640042778	0.5164147076674059	0.1243275390551552	0.2613267870295214	0.08633589135832659	0.3783857435797355	0.4796099986435752	0.4708252317550855	0.683939113087806	0.4775169587697728	0.4345496863472414	0.5284757380361224	0.6063340101522502	0.5373464058138071	0.127347345772567	0.1220061159648507	0.1137601071393126	0.07225958445007163	0.07347080655212512	0.2105125710494399	0.0001366907739727269	0.2224920366759831	-0.08786400119342345	-0.2240327812384022	-0.3896226517927834	-0.3496677834000009	-0.5110978968403387	0.1007105117809882	-0.02826759225504832	-0.02007014904112876	0.022764793793111	-0.005152839613185607	0.0007755297566171308	0.03642355990538468	-0.09833667434790526	0.1828838458250168	0.008629367999461407	0.05636947207024427	0.006112609989243963	-0.004429616895190879	0.1103118257025351	0.04415749484566116	-0.04577333233307751
1.55	0.08292238916249497	0.08455877357859634	0.08618689788534485	0.08982503848074869	0.08999645214500242	0.09028308813231053	0.09014261616267571	0.1368115569519767	0.1274747292912596	0.1549780336970819	0.1055638781814754	0.09461050651422773	0.08899248483812348	0.08723137326426358	0.08535722776151243	0.07669763081722923	0.09367858412218151	0.09225998741969488	0.108644865396269	0.08975507396261423	0.08500407150119144	0.07366733952824611	0.1103918265350899	0.1110985942337632	0.09234044033375328	0.09212490148466448	0.09118876627910585	0.05143502686985378	0.04152736387881717	0.04521235129098349	0.03586907444618954	0.01008153398709055	0.01008143553081231	0.01008132583687462	0.08869564853009781	0.09062827810342024	0.09049883485582698	0.09348013376451846	0.0908202064610287	0.09020582977441198	0.09147493121777549	0.09259431388363575	0.09155038091222698	0.8236691819557815	0.6299580633146713	0.493875049204159	0.6233288841270858	0.598435758488908	0.5600948483808048	0.5292855686336276	0.5053130655434841	0.4955948165986001	0.5046936437166017	0.5049357605874001	0.2264909335491113	0.3100784919734647	0.4713975230167639	0.4882768613050245	0.4848067788014623	0.5662449877879032	0.4457435829627737	0.438973098668271	0.5045986454349033	0.5003419795782743	0.4708275186574254	0.4282481621985919	0.4124645164933262	0.2722720815777787	0.4249487932514494	0.4521292277433283	0.4622266095246315	0.5025279837227613	0.5021895996695956	0.5031885257208155	0.1783245350377977	0.3072720634202454	0.1015080964765561	0.4096988664743903	0.4858906000409803	0.4779274057755628	0.6572837412546453	0.4761950507242444	0.4338256692505492	0.5240056834888787	0.5893177615266112	0.5323847126619632	0.1576294891903017	0.07964136442097092	0.1429001995136226	0.06252362311871057	0.1074627683019134	0.1852004208554983	0.1008600162248004	0.1003418206199481	0.1005996837009113	0.1051382993791964	0.105388747827731	0.1051169138789916	0.08746723633336609	0.102673823605501	0.05131068039202469	0.1231764431334	0.119947150614072	0.1036663766960936	0.097841889626422	0.09566441020328784	0.09411223844224435	0.08392643251997627	0.1142225443533224	0.1048304227041598	0.1115796985844761	0.1025388481405027	0.09566561795344194	0.07954125568833437	0.1293221746253267	0.1300446303863015	0.1025045885719342	0.1051814174682901	0.1044708220270329	0.07804057297467677	0.02249748390288809	0.02359066974643633	0.01937131143126144	0.01012094947211563	0.01012117137093866	0.01012134243283669	0.1027247175007062	0.1040221390607558	0.1038765000875724	0.1067126209273438	0.1039141028378371	0.103156441460548	0.1046870791668827	0.1057597522192231	0.1047877652488878	0.7263977684537405	0.6045857517760729	0.5409162053847121	0.5812614944963542	0.5663709718504726	0.5432890660691218	0.5622567613815093	0.5355231661229786	0.5521065790837485	0.5232527168318808	0.5011290451755959	0.2555781368325579	0.3461070386878852	0.4800714995988731	0.4951809851780171	0.5017742228662178	0.5318724159817987	0.4544001033444758	0.460777161456782	0.5088345669601511	0.5124521785881747	0.5087997320737843	0.3926690495931737	0.3827201506542434	0.3571106166719045	0.4679307549150009	0.5008923004637351	0.3814401500054038	0.485020617058132	0.4826134005508629	0.4782074896114371	0.2717128372668732	0.4052377223573243	0.1313448030759133	0.4734005654581778	0.4987685096497602	0.4933652311320917	0.5916232283196292	0.478507334717889	0.4442278369046383	0.5140001961978395	0.549376027767428	0.5201915745022382	0.2008785372435572	0.04186678295826993	0.179672522987439	0.06862713593966301	0.1598729521194401	0.1569877066624653	-0.0003556358004073398	-0.5804240130090476	0.02016557101580587	-0.06911385002243109	1.025241999689354	1.604651815429795	0.06447065754720109	0.08438548698847519	0.02286479545511568	-0.05288441076807189	0.01682281693974172	0.0001008275802084292	0.0002613912431711671	-0.1235512125437147	-0.01566864353225249	0.1973700539940551	-0.01857673269426726	0.0456566382101621	0.01344914221750311	-0.004590315364256643	-0.1109639786565156	0.1892691450697341	-0.0429856293134424
1.575	0.102158733736832	0.09821703481749428	0.09715055855319245	0.09611537778838049	0.09696333454665698	0.09648693213384173	0.1038997039837963	0.1155931104127762	0.1146624470063675	0.1442730843186964	0.1040517321749252	0.07939921214508948	0.07733734177167963	0.07611029632224256	0.07621316552761291	0.06811082598478847	0.1022568732900871	0.08923640592913827	0.09482245903800381	0.09061994356652396	0.08575755928947776	0.06370273724768197	0.1080047524599068	0.1088065119365723	0.08483876065549774	0.09140016361344976	0.0921329710832208	0.07570037225501308	0.09400315625297688	0.06462338242455153	0.06907389885516593	0.01008115355638311	0.01008119148456054	0.01008119981952272	0.08904471476190676	0.09068793425645502	0.09055175002847742	0.09350156473693323	0.09078745310012186	0.09014450599471953	0.09148775906951985	0.09263158472565357	0.09155559957881994	0.842270790571412	0.6538514485818728	0.5147159826502631	0.641940290730376	0.6139889712404231	0.568774291518292	0.5349273743169508	0.5019952376854182	0.4951357540145341	0.5216099265313956	0.5133709101247904	0.1625546477046022	0.2455067116529894	0.4575734352904025	0.4852047666575903	0.4741861313191678	0.5716826503121856	0.4263505870316355	0.4214448227069965	0.5058509665466606	0.5039976594112774	0.486110117428326	0.4242018062662445	0.4088542745485414	0.2350823716637633	0.4245523856070148	0.4654787763096779	0.4386078309428339	0.4882925637716448	0.4860846675508652	0.4839336787063332	0.2054289650465615	0.3491708183264435	0.1091859663145553	0.4350274065563549	0.4907403899887351	0.4833341433999672	0.6356545085440597	0.4740616438729747	0.431441840822072	0.5206652710152717	0.5767414737023346	0.5281571503307552	0.1864550206466626	0.135777070215964	0.1214210198996486	0.07269703119728524	0.109544843975643	0.1038875122537113	0.1043233592237065	0.098314481027079	0.09642424455289912	0.09200703972256284	0.09321467036513961	0.09260774999474085	0.1109772636366611	0.1279764679963119	0.153376211896705	0.161261801611455	0.09654792179130725	0.06626433578649607	0.06652817376570246	0.0658705908433537	0.0669690032607955	0.0602742082737653	0.09628767274861731	0.08118997842622479	0.08747408715672896	0.08473154217065411	0.08103222756455673	0.05597348971057961	0.09627414689826337	0.09709001320280641	0.07554395649506898	0.08443668407455229	0.08603043408023021	0.07177132249708416	0.1346774366022558	0.08609172945890567	0.09593940049768387	0.01006131027828328	0.01006124530396712	0.01006116238167898	0.08212936334989633	0.08399792621048417	0.08386893951437242	0.08688973992944166	0.08424515442158258	0.08369120640956826	0.08488962214829564	0.08608338544389885	0.08493261913668589	0.9134723558760144	0.6893849528987607	0.5060664302029408	0.6829016619385782	0.6462003941781123	0.5853789702857684	0.5203995283661306	0.48062711209552	0.4608415546045532	0.5282735705678844	0.5242846045009185	0.1057999088443841	0.1789551309280197	0.4396367965220956	0.4786522578857215	0.4545582373687713	0.5951418158668628	0.4048277108713739	0.3942034965529606	0.5045104258937896	0.5005674022237113	0.4800619950595171	0.4452225748377314	0.4274559196237487	0.1636606018785939	0.4012649911199293	0.4503138874381011	0.4632459766540489	0.4842305336117233	0.4813345613905459	0.4792170653081778	0.180445441071288	0.3346459272948736	0.1006686216471795	0.4238503110659356	0.4885230826511635	0.4804578708729358	0.644604983344603	0.4721260237475049	0.4265925485185548	0.5225012229793661	0.58381720505889	0.5298969023329188	0.1836901259267064	0.2113226400320979	0.08702972345015778	0.07537988871797972	0.07901815956963963	0.06393203303112836	0.000138949191760808	0.3068110934043043	0.02480697250361285	-0.04519096600028431	0.8464339362601311	0.1009417201101984	0.8051587958952737	0.164991589817835	-0.1564645875073001	0.007430729014036662	0.02153440395876667	-0.0004734161466127981	0.000281741303005576	0.02399878216270011	-0.1464580968194072	0.1439197632828368	-0.01763147534138273	0.05286472447458664	0.02815055261734587	-0.004739836334922689	0.11781958776133	0.1558878860232309	0.04878061502423762
1.6	0.1032537531198046	0.09997730034690926	0.09912426903812444	0.09595020827271682	0.09686758963524661	0.09659893915301369	0.08331874309288125	0.1884544640611054	0.1937551687280214	0.2089531176543442	0.1089172552736468	0.07826708259101499	0.07809470367365386	0.07733898966033344	0.07797366630235987	0.07230348511372268	0.0973925556476474	0.08885094070039493	0.1131494828840863	0.09082924841331383	0.08740705764281041	0.06923400042609529	0.1008251544375994	0.1013773956932357	0.08491954621684172	0.09127738053477311	0.09225276532727351	0.04447585147400176	0.09149424484135836	0.06108008198392269	0.06633181804681351	0.01008165373268852	0.01008160264040868	0.01008152932159098	0.08830575543691317	0.09055125358989857	0.09044005381079231	0.09352679205134998	0.0910786760351032	0.09072399423653923	0.09158585204263833	0.09283801197918529	0.09158569407592834	0.8631232605776943	0.6535725021515536	0.4943113590514386	0.6531851046303156	0.6216903349721036	0.5694754113327278	0.5178298622939635	0.4838582410368197	0.4644019750553431	0.5252341319377494	0.5209563253024623	0.1518990674111623	0.2302756642565293	0.4491057724122232	0.4831650628602297	0.4642659233049062	0.5782640993921734	0.4232095428212748	0.4133597600765531	0.5039107981965708	0.5003743830286175	0.4833280181285013	0.4638404752240261	0.4493110449840771	0.2117444312259104	0.4164834062292307	0.4525051382407028	0.4703098856987921	0.4881455597198777	0.4856563877081647	0.4844612638485529	0.2418390858601532	0.3658597302050565	0.1264470435628429	0.4317178821589637	0.4902086701933308	0.4836462818647996	0.6197402226954429	0.4803242948574319	0.445374155579243	0.5199928115496675	0.5710738312201714	0.5254838528914897	0.1891785056658167	0.2953470494909279	0.09369385428893283	0.07387980781884729	0.06539763915499892	0.06998732152014424	0.1047611658214055	0.1050610702855374	0.1054698587715595	0.1054295728193538	0.1058715268362616	0.1059299123482338	0.04930203103604013	0.2534698204042646	0.2104439313603446	0.2586776607763597	0.1294699440771504	0.09970489537540998	0.09792067527272044	0.09670060499873463	0.09640844452752567	0.09083101980226287	0.1055277519809021	0.1037631930542386	0.1469940006623758	0.1030347145897661	0.09894010340156906	0.08874654823067095	0.1149236030663828	0.1151578812910085	0.1018527569735181	0.1048684343469253	0.1047993545365308	0.02412068199875459	0.0190795936390302	0.01860472424373449	0.01687186327382089	0.01012174986556591	0.01012184491398813	0.01012189801671822	0.1013255195535048	0.1037621184780965	0.1036644758709657	0.1067639762692391	0.1044780728579237	0.1042785243515154	0.1048795787663585	0.1061662234396163	0.1048469551583898	0.769063942569846	0.5909300134500214	0.4823148995075071	0.5994211673831176	0.5774394753802546	0.5407308623438181	0.5176602342195042	0.4926308688226889	0.4773774622461872	0.5246384876381376	0.5158832130210482	0.2324350883351982	0.3194302081874405	0.4651372604056034	0.4915200202595998	0.4820202286009462	0.5454335536056015	0.4540164982363279	0.4476363444402298	0.5035451477263589	0.5020204202949858	0.4958840876542301	0.4890604637646151	0.480394894306467	0.3059994084962658	0.4487673354018235	0.4645412307032954	0.4677155115198177	0.4909186367756398	0.4886419486524191	0.4879699707610467	0.3540544362407428	0.4362526026556618	0.1670375122378057	0.4570111625286033	0.495424077008452	0.4918790845328932	0.5635244016640164	0.4945796624665311	0.4785428744516189	0.5138857001328092	0.5417134264277592	0.5155968785265024	0.2062418248472243	0.3712612026777556	0.1216391176870999	0.07209489146755728	0.07326098253879232	0.08890720473795902	-0.0003109929785158315	0.03862903889996561	-0.268088205696533	-0.2041450730865897	-3.956511309659597	-0.8490702437838211	-1.736050433584611	-0.00915733117251431	-0.1879486822093651	0.005207247389005962	0.01623624086850108	-0.005895559415210786	0.0001790411261129135	-0.0753543955166712	-0.1044857807298082	0.2553382458628261	-0.02678080473168086	0.01919109429192667	-0.01086035578910319	-0.0037651578695721	0.1172295761398011	-0.05510404963433563	0.02854589075978562
1.625	0.090132889143137	0.09008399534272123	0.09054467289000206	0.09227759936339017	0.09283184335773029	0.09288393915759981	0.1403267861030748	0.1300914132299594	0.1174465568455561	0.1699777681482458	0.1052707028471542	0.085981264158936	0.08279839447984534	0.08155041614105028	0.08053630365365358	0.07195423710349381	0.09694157880238811	0.09060365952675341	0.1016877988494596	0.08915815464222358	0.08272016281605726	0.06898469251273925	0.1093137713370641	0.1097786106457377	0.08845445978792395	0.09186221424828035	0.09198589599626655	0.05380754522123996	0.1151710611964629	0.1120913633646131	0.09724563987742355	0.01008099101436515	0.01008100939197253	0.0100809989417961	0.08743025264655162	0.09034541053751848	0.09025165721522299	0.09363690277606625	0.09124835150862745	0.09108711112384604	0.09164538737326397	0.09306082429742556	0.09159557655418575	0.8653741312352772	0.6635834614668422	0.5096379009327622	0.6630908703877489	0.6295073446963264	0.572136965420482	0.5132567258544213	0.4728402239672148	0.4463436736545189	0.5399299785118502	0.5298308802271808	0.1433654276233928	0.1989798079456407	0.4283715122256804	0.4794729674019043	0.4571023533003804	0.5816059610662784	0.4131543135707104	0.4033344044501043	0.503683728702139	0.5003444550841269	0.4862878536421439	0.4861112439748717	0.4745446862590362	0.20212960557762	0.4218386094968231	0.4680407634088191	0.4622865147625658	0.4823797166731306	0.4786647849032263	0.4777971487324901	0.2778553831348986	0.3929319123364944	0.1160270260345447	0.438772569644729	0.4917085828873303	0.4853339593721988	0.6108572185851218	0.480028368308829	0.446000897072154	0.5186514297139878	0.5658386780146651	0.5237931839705007	0.1910886455799896	0.1592616074720479	0.1374883759600164	0.04937420286058274	0.09295991651591447	0.07253306050681595	0.08184291087857781	0.08194762026304109	0.08256678580121662	0.08545734440424313	0.08605664769132226	0.08614455030652622	0.2005499884523632	0.06940533180684008	0.07228691525654367	0.1286156756122323	0.09328123011629043	0.07934232460621428	0.07537548569679417	0.07415801162178363	0.07269957031370179	0.06250225675396479	0.09203553495895385	0.08410673538409807	0.07948165624471082	0.08212872662151029	0.07439851820466269	0.05913562387886052	0.1072343022961799	0.1078302983110335	0.08199867964466616	0.08541525357161282	0.08560081670178152	0.06917868812080213	0.1675630920760835	0.1665363933851643	0.141723993125402	0.01006079161091314	0.01006075390891127	0.01006069387823108	0.08032040298629117	0.08359882430560323	0.08351366891890222	0.08707841249805444	0.08466838925928905	0.08456520406029125	0.0850402182056819	0.0865444614896808	0.08497279224254409	0.9183581194800642	0.7091044236351347	0.5345999280718916	0.7025313669140653	0.6617523669891464	0.5904743798659259	0.5086232527843934	0.457130635159035	0.422285111927046	0.5553885467978965	0.5419226896920781	0.09167833324152672	0.1271347882024188	0.3969301006920323	0.4708585246150699	0.4405105018673741	0.6029307870685807	0.3866172125192563	0.3751821238125925	0.5037875028960163	0.4996058815199701	0.4824814359673398	0.4929629404296355	0.4809799236614626	0.1462208361883706	0.4108232412716381	0.4785500356079793	0.4557466928051679	0.4754558792531488	0.4704596283970377	0.4696852144746392	0.2525428286668484	0.383289865002798	0.09211805513272074	0.4350345277740615	0.4910426665118849	0.4833428393146241	0.6291204138923063	0.4718440158519587	0.4286813955687783	0.5201289619366716	0.5745321256666158	0.5269307598038618	0.1813683633581902	0.03282724250353847	0.1498785357669706	0.03944032664284156	0.1058720638557919	0.06784808778847588	8.34260452349567e-05	0.3104314402385466	0.2534836226094638	-0.2063730656590636	0.3214816405445312	-0.1285668855959002	0.5753532329144225	0.159781641800278	-0.04046525300292253	-0.02689317146211183	0.02424554809470796	-0.009502831521081211	0.0005774930895617906	0.03049549183055117	-0.1747752341791177	0.1590653347763031	-0.040819802307643	0.05065315824663146	0.01891613284001705	-0.003546301019038725	0.1339703594709953	0.2201442268905586	-0.04832078940345349
1.65	0.09032096895730754	0.0907126650632492	0.09145187097138761	0.09246456346666934	0.09317775078416572	0.09336146746750848	0.1858749846537966	0.1756156808366284	0.1893099327621292	0.2315966810119008	0.1087404706203065	0.0846935924933917	0.08217333315313788	0.08155788594352857	0.08050195264623219	0.07214461608455552	0.09203469479918844	0.09047224017492674	0.1119510410981355	0.08938528313836339	0.08332383111168022	0.06956321312459599	0.1094167145173176	0.110015181260723	0.08890348548218047	0.09210887836864493	0.09241138891380404	0.05400426881513841	0.1209513892873187	0.1174180945417618	0.1004278066207026	0.0100827389625844	0.01008258589392071	0.01008240221749437	0.08658139124796198	0.0902231463951125	0.09017711883830708	0.09370717929889556	0.09154813155855594	0.09161617121284665	0.09180754627623361	0.09333648889691305	0.09170793649803913	0.884402398414073	0.6876805583582596	0.5378656039916851	0.679084132784429	0.6437612502817797	0.5802230633140681	0.5100613061331126	0.4639159380375322	0.4356056448726247	0.5491854366912081	0.5377989493847524	0.09523311526295901	0.1492566256979122	0.3957815492657554	0.4729548693620719	0.4488535731998014	0.5912818984599454	0.3978654129118832	0.3881212158269692	0.5043803387175935	0.5009641262474156	0.4854203652611253	0.4848294656388866	0.4738232803548111	0.1862916999041616	0.4254919823409627	0.4843109130899944	0.4579254141248708	0.4801006487915488	0.4758340284705106	0.4753040229441552	0.31963463309828	0.4150108735726731	0.1361625459033237	0.4552899409338032	0.4950734494500497	0.4888425386557556	0.6038738645902868	0.4756027584365061	0.4389258658952249	0.5166905060960328	0.5599994657820544	0.5223566257120252	0.1731111169684266	0.1238692429818512	0.1377990381882735	0.07034435219064558	0.1023819025568247	0.1032503624445386	0.1040680165721281	0.1054170383537291	0.1064710638241597	0.105453905696529	0.1061804574093507	0.1065227759559014	0.1329795087819653	0.3482833494634409	0.3647624838917712	0.3966954446626489	0.1360630288948096	0.09820716140028157	0.09733150642193283	0.09727786419823946	0.09668413417208038	0.0911453166999491	0.09596281791176484	0.1036946690306319	0.166464131450598	0.1033029988778193	0.09957384231788556	0.08982011114430782	0.1157267451366245	0.1162054299948641	0.1031337660295417	0.1054089220366588	0.1056024343025768	0.02535028345361025	0.02679275772686825	0.02518221461078877	0.02112785654769951	0.01012469845544404	0.01012450530817178	0.01012426555948028	0.09958193593421037	0.1035026719560857	0.1034997387758854	0.1069119662294062	0.1050797877407629	0.1053472468488046	0.10520176685359	0.1067263758181704	0.105066995551437	0.8169668079994613	0.6462761923531982	0.5445149497739774	0.6343413754575022	0.6090421570935785	0.5594627537123382	0.5118839629397318	0.4755367752760158	0.4584701465287451	0.5405676126006124	0.531356270468294	0.1316687423544702	0.2101518943490598	0.3952835593037413	0.4772596664445058	0.4649287565244221	0.5677963082406009	0.4210837364767955	0.4148460287107031	0.505346043082797	0.5035452281241324	0.4925345196231605	0.4767852520929642	0.4686177839243286	0.2706849262592301	0.4556420978955479	0.4976196690114105	0.4604933883101069	0.4878196874883415	0.4847053606642865	0.4847091796260701	0.4487069234107083	0.4813030254220614	0.2077871727326039	0.4941927871905222	0.5029761913799061	0.4996999500014697	0.5508360504831767	0.4839656701970821	0.461298533847658	0.5096941770816577	0.5298777905658427	0.5128545067268575	0.1686785298048102	0.2814469703136568	0.1243640846804744	0.1088082086493228	0.09370000532822106	0.1499556854805362	-0.0001987350873448737	-0.3105015303530974	-0.1709726201644601	0.1008780054168739	2.084276294226121	1.901983375783673	1.09434577958354	0.09222208716112915	-0.1969616872060135	-0.02577908680150354	0.01970179318374533	-0.01603950090468345	0.0007390967686291696	-0.03649259234152655	-0.2029736441090816	0.1619030269613198	-0.05953230795005169	0.02115284624783794	0.01439616830927194	-0.005776659938653221	-0.1143072963511667	0.09874162109593428	0.08057285239357644
1.675	0.08612999098575887	0.0861450292522072	0.08620508158714399	0.09120181830020496	0.09142458486321094	0.09120023911046486	0.09766107929715215	0.1535612410602246	0.1519030848866901	0.1934044776040122	0.1077972924958869	0.08853721651855564	0.08386930548294499	0.08263270138219558	0.08116326685955376	0.07193315104947995	0.09550902328379011	0.09108342550841247	0.1073664910155581	0.08756467707927469	0.07977167168547564	0.0687151635885541	0.1179050030921858	0.1182749320277589	0.08875006653991667	0.09174009348423608	0.09135861946593085	0.07612835611464998	0.2041752899350096	0.1968868227207507	0.1545533614350465	0.01008029596691923	0.01008025606668011	0.01008019208146165	0.08587642621196243	0.0898108195865525	0.08978483192432805	0.09361588942151075	0.09132787684672677	0.09149250071881485	0.0915534578242216	0.09322277258790637	0.0914474642799223	0.8801934990273693	0.659736858958165	0.5130466132718744	0.6714095465149775	0.634152633936571	0.5657892451638182	0.5109330809170941	0.4675817231336883	0.4365931232487738	0.556540720298609	0.5383476157950012	0.09194643488851223	0.1505479728549072	0.3713103657535849	0.4702976415010325	0.4518053955723156	0.5850368341680799	0.4035185847923184	0.3930724779533519	0.5035664727042527	0.5006923275961104	0.4869605096538118	0.4972120109219126	0.4881051650973182	0.2047827747004501	0.4335438224181363	0.4855209854692115	0.4389038551269717	0.4796977480515192	0.4752366414386032	0.4750602823807938	0.3713129704901237	0.4417802726333109	0.1268526717090371	0.4570894541699371	0.4954970309836897	0.4899595451982104	0.5866131778518598	0.480010400957066	0.4491291073514728	0.5166983540924082	0.5559174576463938	0.5196779077401763	0.17638059085962	0.1841908100783391	0.1198867154200105	0.06538138702734816	0.07816611231897212	0.08359989132434109	0.07807681797124881	0.07685889569597835	0.07616694164956088	0.08446626662284758	0.0844194491968998	0.08382678172962089	0.07644526211652967	0.04587616341687041	0.03537915857128523	0.08025569612657678	0.09314075544959563	0.08326608796120774	0.0765717916879753	0.07472201465890296	0.07288963574909003	0.06162191812726905	0.09648548905917852	0.08476613931329545	0.07497527314405554	0.07965223032417218	0.06952991140500556	0.05727557324661653	0.1208843875872989	0.1211972863075348	0.0811040446785225	0.0849192642663596	0.08438991917529906	0.104273011306538	0.3176142372248871	0.3056940274602507	0.2340281218762741	0.01005875857352344	0.01005878444579582	0.01005879764676537	0.07918693688588661	0.08305032165238367	0.08300348235411449	0.08714776831197996	0.08447781495092278	0.084536601667378	0.08480094636012876	0.086574815065956	0.08472279424982006	0.8943997631566571	0.6380240377806804	0.4735179415277493	0.6782071481822864	0.6345776760516525	0.556225929155275	0.5126316995607114	0.4719883483302663	0.4342496903169421	0.5684842145964905	0.5393261863288211	0.08814454766372457	0.1363022834963455	0.3576566798501467	0.4675506182694713	0.4497354497686827	0.585363519287892	0.4018447914918319	0.3895954461882363	0.5020780434259897	0.4990982176464971	0.4855966699907145	0.5115400673568502	0.5021782785782538	0.1826305057259415	0.426393232217494	0.4777015268322914	0.4066247526278342	0.4755658295064593	0.4703782561252229	0.4702412237454691	0.3523877016463473	0.4336939680218067	0.08977353765358459	0.430802805170464	0.4902665207570416	0.4841987590097335	0.5933838986406785	0.4831456501246256	0.4532461958179986	0.5208038944256272	0.5676566700832384	0.5216048624433881	0.1817198654047436	0.1375482716595718	0.1172322782088379	0.0437842443755617	0.06845713854241901	0.05088925538879079	3.623310159656503e-05	0.1582437299195327	0.2356880785517859	-0.2633095563364932	-1.11838631198604	-1.365625860465873	-0.1166555276262237	0.1400086092999231	-0.02428432478037135	-0.02757960414665869	0.02537912760698966	-0.0179084561829968	0.0009924263729538753	0.03559926428489567	-0.240315594018615	0.1482469543261695	-0.06496853374372363	0.04231467117800959	0.02754078786904016	-0.005666786293633543	0.1867322054493802	0.120908878202218	-0.06547807441633467
1.7	0.09640976814966215	0.09166602965312821	0.08984867067417168	0.09538793955596833	0.09574126796665308	0.09501446224919993	0.1630326658416547	0.09134608177538565	0.09433098667619384	0.1445329167882946	0.1043684543640963	0.08276049482320537	0.07820405631714784	0.07709507495534448	0.07648583819570072	0.06588182156882555	0.1034761108880552	0.09072717031162379	0.08701593753148167	0.08826286504953078	0.07847986651514265	0.06118874233274174	0.1263847519934243	0.1268828242586911	0.08499955749161667	0.09216285936891096	0.09337673246247932	0.08344266530059059	0.2298790759211654	0.2207829466918951	0.1685661475821571	0.01008673895934621	0.01008660663178086	0.01008645297367496	0.08776228338482644	0.09087454850450311	0.0907570322566775	0.09530863261188298	0.0917737876837757	0.091416330432706	0.09241223871453533	0.09427745410799238	0.09242553986936641	0.8034144046121591	0.5791117310843252	0.437257418428023	0.6291624818503148	0.5935011508712391	0.5307870403265255	0.5210136527572686	0.5072128291172399	0.4842453553214646	0.5610631129291417	0.5233626010976923	0.2323571158641945	0.2721237144602883	0.4096227164911665	0.4802071108900272	0.47128890160997	0.555370136991179	0.4342942984748946	0.4275595462311535	0.5020522123823453	0.5003637931197484	0.4915693101998929	0.4926183512462907	0.4808444392787855	0.2667455526639804	0.439741480547124	0.4730021085727398	0.3555555049460375	0.4801873316762602	0.4758479038579259	0.4756360223407989	0.4102081431122131	0.4562460851704956	0.1610866362331467	0.4096550948139852	0.4862663662719977	0.4825589823824826	0.5684706244986013	0.4991868706279396	0.486250372194342	0.5200184775317348	0.5586028395437167	0.5175642681153146	0.1833824634993543	0.1880480793092419	0.1342690750226846	0.06776650141040216	0.07644593441971184	0.09369301066127642	0.1237925841826783	0.1157092139242032	0.1129991985511274	0.1135180949124744	0.1144569251155167	0.1137710629690615	0.2718806472702269	0.2049271962550891	0.2262583644824083	0.2799148653588953	0.1291265232592372	0.08748125892961131	0.08661744726175226	0.08673818344155945	0.08775138375395357	0.07951685003918335	0.1117389038202244	0.1030637895739254	0.1246877315438011	0.1044616244863419	0.09660788864648696	0.0752955992039812	0.1328777169425497	0.1336025644261682	0.09584092071422154	0.1061962608598695	0.1094380645921451	0.03940410097981729	0.05195871265597524	0.04872617824123986	0.03663126554680415	0.01013556709051577	0.0101352357737434	0.01013486422071078	0.1031681042572	0.1055322678765123	0.1053528735973127	0.1102132568487643	0.105926857357728	0.1051860039194597	0.106851548986711	0.1087761511272323	0.1069488385295363	0.6214199993630667	0.4600947530528816	0.3726793972118299	0.532330032279453	0.5126245721630985	0.4803384642714531	0.5362228221077119	0.5708664348117037	0.5739955718279041	0.5482036109990945	0.4943245200883943	0.4397997905983693	0.4859908391624961	0.4941688682183841	0.5023880016287614	0.5109238888478439	0.4975253363498091	0.4927269472932189	0.4955377072733644	0.5020083959929397	0.5028624868220657	0.5030973330565076	0.4601764676669018	0.4448985355103399	0.4113542986758809	0.4676091075125596	0.4667785947005867	0.2736084250493979	0.4891755922217826	0.486433195844566	0.4862048362143185	0.5321259045275615	0.5071923970941945	0.2803781416071013	0.3804414958779537	0.4803501042568786	0.4812492060117074	0.5148312206447262	0.5288548538009796	0.5475478554281978	0.5178249430922409	0.5385262504361299	0.5089050855776738	0.1829089317038727	0.3021656694440589	0.1531719361453966	0.1124679671084535	0.08839719408106271	0.1669514667057024	-8.285186250734767e-05	0.253963088209216	-0.3679679153367965	-0.003513815615448752	-0.9939339446339684	0.3599450361678527	-0.8409929471865908	0.2803927983326108	-0.2239695553304139	0.003420859616122655	0.02636183955547895	-0.01250576241494146	0.0007045315460402732	-0.00531752259921776	-0.05262087325035444	0.1753234374115742	-0.0464315753212811	0.02907379433635439	-0.01571597103049296	-0.004944389313187716	-0.03061559006249896	0.125240358501814	0.03633431972497626
1.725	0.1005374129516307	0.09527608040771214	0.09344647079501413	0.09369515663512334	0.09433851847470141	0.09389303404410886	0.1537376869382302	0.1206227056346701	0.1249794593385925	0.1708605804459051	0.1020508275976521	0.07469968216835536	0.07364473299878971	0.07326841557153699	0.07422908358027698	0.06751787596795207	0.09551283010470618	0.08642641522136255	0.09293201515361778	0.08741077609285088	0.08136643926359889	0.06362293189973114	0.1083023659953596	0.1088415856566533	0.08052743230378739	0.08873085527466841	0.09102715428404617	0.06037309564228948	0.2130699586740485	0.2001163171768229	0.1545827449760178	0.01007684634663162	0.01007673902455256	0.01007660526404423	0.08642135869003771	0.08819228848639138	0.08802277694369125	0.09226300572900512	0.08823020638938282	0.08736825483942945	0.08920606006443997	0.09084359947348661	0.08934487376032549	0.7834570246779319	0.5244282816829691	0.3683573391322722	0.6086154087187599	0.575469207646727	0.512883356984382	0.5218659905712666	0.5199452784305373	0.494550605468828	0.5657373001501355	0.5177706140300593	0.3049115912392123	0.3559678866937107	0.4473431845402934	0.488926943935724	0.4840735302997541	0.5407255460402963	0.4597045544982779	0.4537103235700233	0.4999585319512666	0.4985213096366164	0.4943847579831647	0.5252934316388287	0.5191613152704985	0.3249227632672658	0.442549847256201	0.4570716938370207	0.3332376065269129	0.4808117997351851	0.4767938997901012	0.4763687075027987	0.4780467570023239	0.4809634856356699	0.1584671385249693	0.3475558301929926	0.4741887807637818	0.4732630299591722	0.5456089717570979	0.5212481845469498	0.5303735001968584	0.5224375976628439	0.5586893379345099	0.514338676847276	0.1784290045083015	0.2573944122005484	0.1307175464799789	0.05479853517259927	0.06369345964471776	0.07587618194141552	0.08950382832868732	0.08601506991304593	0.08472452461835805	0.08480140462716737	0.08524685437014014	0.08495271797612353	0.09890992478960876	0.07785434065308024	0.07577605902590678	0.1153763128050813	0.08905862650113266	0.07055076183322868	0.06939652746489981	0.06870310663512301	0.06961481867069379	0.06391902606331008	0.08785644271701097	0.07961607932192688	0.07866531329378772	0.08034288299147596	0.0755181865579516	0.06023239276557385	0.09547995360557339	0.09588062154053331	0.07462051806823855	0.08134991109257406	0.08301201931172884	0.0706358321865394	0.3045657567924199	0.284931047758076	0.2235590837076942	0.01005237989678637	0.01005238532224215	0.01005237452862189	0.07970760381647569	0.08094862329982415	0.08079076073345358	0.08443133907964359	0.08070519433295832	0.07977449893161465	0.08169136240629291	0.08305868897759072	0.08185901062083301	0.8485535813860949	0.535289012682025	0.3501353400135441	0.6363341123043528	0.5993288008466493	0.524141489222738	0.5113409073265696	0.4911720917847712	0.4481711952184522	0.5735243915624572	0.5289054861639655	0.249064531721771	0.3052166721062207	0.43753792522025	0.485716545247765	0.4744191294520213	0.5576217025829918	0.4534766407867364	0.4424589598960627	0.498107745465911	0.4954426566728786	0.491047836903457	0.5816492584530827	0.5846391734612101	0.299649642585045	0.4334182279331119	0.4484635044917221	0.3773830487806568	0.4779551999825847	0.4736299875752863	0.4730247430443383	0.4749527027357355	0.4781386314108839	0.1090536851792873	0.3193992736087023	0.4680448078673071	0.4673000023155126	0.5495208415700602	0.5249282806521788	0.5369592441258829	0.5246864000917636	0.5659378770583858	0.5152624966929912	0.1747006554645701	0.2417384777810636	0.1200216354240943	0.04390257669878864	0.05668929017379901	0.04565559284300197	-4.422168457388023e-06	-0.09332928672396099	-0.2416739844575423	-0.1336786981897413	-0.4671115877360396	0.2386862477406745	0.1803792851376396	0.09470393922353486	-0.1375101248742246	0.005828773630585231	0.02907682977100414	0.0006829076963579518	0.0004815230553324191	-0.01244257616327213	-0.06928485554821513	0.2047377238213306	-0.05952860161392044	0.02813342948293764	-0.06883870079144395	0.0001949561933422241	0.1698976964540033	0.1197239964466122	-0.1021026668407036
1.75	0.1037293977820752	0.1018898878749852	0.1009600504138268	0.1035529551605827	0.1036061531914944	0.1032751632441665	0.1962638557938413	0.1205043491706339	0.1462668061844056	0.1600925526639763	0.1083196198793087	0.09870726780760822	0.09576327447155547	0.09441351501824993	0.09445392725119393	0.08881386035328245	0.1046361669684253	0.1019664311325503	0.1052477545612498	0.1006691283626849	0.09588887615878948	0.08535513017803516	0.1177787552553132	0.1179577806966332	0.09824084450317939	0.1024321149263207	0.1027332282432923	0.07765286097922897	0.3405195944530236	0.32250833902859	0.2664112373432708	0.0101257624583118	0.01012566731086185	0.0101255791958864	0.1017009094946163	0.102128245219149	0.1020451724668712	0.1039656884669254	0.1017389234227078	0.101072819842224	0.102403531991366	0.1030838008783744	0.1025437900872947	0.7547686893353954	0.5397161902270279	0.4167108484476276	0.6042581864317974	0.5788089911255114	0.5267545867221526	0.5016074111128008	0.4748960696708359	0.4375995746349339	0.5496478724427499	0.527420023181306	0.3164794880157741	0.3467516295780347	0.4522041218872288	0.4897878246104365	0.4782108062815801	0.5498097968468424	0.4666409746324692	0.4568090949654825	0.5000108116911863	0.4975466086115775	0.4939166439240721	0.5816976556029199	0.5883995583831869	0.3627308386887394	0.4564041692743296	0.4701204526437346	0.4714985855528482	0.4869150319758595	0.484089535867673	0.4836694337041572	0.4820004582474822	0.4871086386219973	0.2540708183890642	0.3988018740824865	0.4833502646156556	0.4824138805327758	0.5370088696964576	0.5138528006750204	0.5180750027913895	0.5166724153110157	0.5432164806420048	0.511708164939131	0.1735853838607248	0.2291892778869462	0.1381843309172819	0.2215357852461645	0.1167265344384024	0.2134090902630127	0.1306061199941904	0.1292245380260136	0.1282776798330505	0.1328568415899707	0.1326641745867724	0.1322259292266634	0.3662060626374808	0.2120693126406375	0.2813466450092506	0.2608789920947352	0.1414204724163775	0.1335707482032438	0.1292797573722879	0.1275513652855517	0.1269753760327402	0.1211279162768418	0.1290850910223281	0.1332331314952664	0.1502767851443697	0.1304940920507543	0.1254602594299109	0.1177579889042421	0.150864069413071	0.150882465033341	0.1300890646512734	0.1328705607552208	0.1323188682152344	0.07061861520672122	0.3290085348045537	0.3138565545527231	0.2688083609641312	0.01022005454799746	0.01021975046851314	0.01021946433957849	0.1331437687671541	0.1327369517364214	0.1327195650838051	0.1330390079402449	0.132194536997996	0.131768081742289	0.132560093002411	0.1325994146148389	0.1326765021951353	0.5602721028212715	0.5257968719184466	0.5130714441385903	0.5327477668599011	0.5304024892902756	0.5228229747442525	0.4862799351498434	0.4556338351656593	0.4319649120950977	0.5061972048401934	0.5205822181006148	0.4686863258073587	0.4586582840556426	0.4934832904950425	0.5008625667143414	0.4915668834162948	0.527171686178839	0.5003000348635507	0.4938879091621987	0.50305297897974	0.5012876775093613	0.500755936844356	0.5833633421139064	0.5969404769568107	0.4950251871448627	0.5000101818807046	0.5048472610279675	0.6094697742157472	0.5037522281836395	0.503765566398647	0.503636393647971	0.5193312144838601	0.5125447199440744	0.5021155368460666	0.5220683442313349	0.5076903790844495	0.5073545924021338	0.505056050682486	0.5011102772453327	0.498659265975816	0.5026029381146414	0.5003629816518862	0.5039358980743716	0.1732353017343173	0.2388935525772424	0.1682509875589377	0.4785599287404245	0.1929633166355593	0.4722044571405318	-2.876220289023775e-05	0.2061090144305293	0.3977803053939283	-0.02073252674301243	0.3280780317076613	-0.7203106025449667	0.0633574704445475	0.2536355235333632	-0.1337450973641514	0.003530395278071261	0.01857688093137639	0.01369170947581222	-0.0005048235097381195	0.3249615195426386	-0.5284406912188337	0.1914798853691084	-0.1499037181993058	0.08259552143805488	-0.04050539522253811	-3.045602601986146e-05	0.04419693491813959	0.2758539717655267	0.1472320136849426
