Coordinates

Units are S.I. units (second, meters, Newtons, ...)
If the header above contains a line with 'inDegrees', this indicates whether rotational values are in degrees (yes) or radians (no).

inDegrees=yes
nColumns=24
nRows=151
DataType=double
version=3
OpenSimVersion=4.5
endheader
time	pelvis_tilt	pelvis_list	pelvis_rotation	pelvis_tx	pelvis_ty	pelvis_tz	hip_flexion_r	hip_adduction_r	hip_rotation_r	knee_angle_r	ankle_angle_r	subtalar_angle_r	mtp_angle_r	hip_flexion_l	hip_adduction_l	hip_rotation_l	knee_angle_l	ankle_angle_l	subtalar_angle_l	mtp_angle_l	lumbar_extension	lumbar_bending	lumbar_rotation	/forceset/glut_med1_r/activation	/forceset/glut_med2_r/activation	/forceset/glut_med3_r/activation	/forceset/glut_min1_r/activation	/forceset/glut_min2_r/activation	/forceset/glut_min3_r/activation	/forceset/semimem_r/activation	/forceset/semiten_r/activation	/forceset/bifemlh_r/activation	/forceset/bifemsh_r/activation	/forceset/sar_r/activation	/forceset/add_long_r/activation	/forceset/add_brev_r/activation	/forceset/add_mag1_r/activation	/forceset/add_mag2_r/activation	/forceset/add_mag3_r/activation	/forceset/tfl_r/activation	/forceset/pect_r/activation	/forceset/grac_r/activation	/forceset/glut_max1_r/activation	/forceset/glut_max2_r/activation	/forceset/glut_max3_r/activation	/forceset/iliacus_r/activation	/forceset/psoas_r/activation	/forceset/quad_fem_r/activation	/forceset/gem_r/activation	/forceset/peri_r/activation	/forceset/rect_fem_r/activation	/forceset/vas_med_r/activation	/forceset/vas_int_r/activation	/forceset/vas_lat_r/activation	/forceset/med_gas_r/activation	/forceset/lat_gas_r/activation	/forceset/soleus_r/activation	/forceset/tib_post_r/activation	/forceset/flex_dig_r/activation	/forceset/flex_hal_r/activation	/forceset/tib_ant_r/activation	/forceset/per_brev_r/activation	/forceset/per_long_r/activation	/forceset/per_tert_r/activation	/forceset/ext_dig_r/activation	/forceset/ext_hal_r/activation	/forceset/glut_med1_l/activation	/forceset/glut_med2_l/activation	/forceset/glut_med3_l/activation	/forceset/glut_min1_l/activation	/forceset/glut_min2_l/activation	/forceset/glut_min3_l/activation	/forceset/semimem_l/activation	/forceset/semiten_l/activation	/forceset/bifemlh_l/activation	/forceset/bifemsh_l/activation	/forceset/sar_l/activation	/forceset/add_long_l/activation	/forceset/add_brev_l/activation	/forceset/add_mag1_l/activation	/forceset/add_mag2_l/activation	/forceset/add_mag3_l/activation	/forceset/tfl_l/activation	/forceset/pect_l/activation	/forceset/grac_l/activation	/forceset/glut_max1_l/activation	/forceset/glut_max2_l/activation	/forceset/glut_max3_l/activation	/forceset/iliacus_l/activation	/forceset/psoas_l/activation	/forceset/quad_fem_l/activation	/forceset/gem_l/activation	/forceset/peri_l/activation	/forceset/rect_fem_l/activation	/forceset/vas_med_l/activation	/forceset/vas_int_l/activation	/forceset/vas_lat_l/activation	/forceset/med_gas_l/activation	/forceset/lat_gas_l/activation	/forceset/soleus_l/activation	/forceset/tib_post_l/activation	/forceset/flex_dig_l/activation	/forceset/flex_hal_l/activation	/forceset/tib_ant_l/activation	/forceset/per_brev_l/activation	/forceset/per_long_l/activation	/forceset/per_tert_l/activation	/forceset/ext_dig_l/activation	/forceset/ext_hal_l/activation	/forceset/ercspn_r/activation	/forceset/ercspn_l/activation	/forceset/intobl_r/activation	/forceset/intobl_l/activation	/forceset/extobl_r/activation	/forceset/extobl_l/activation
0	9.76611466	-6.17820038	-3.36938084	0.61401261	0.97438937	0.03755202	-28.592428	4.17831761	0.46883528	-6.29676912	6.26085996	10.1721523	0	16.5908837	-9.17081179	-9.494902099999999	-8.238113029999999	-3.3742557	11.37994685	0	-26.91578396	4.93407824	2.87777182	1.007287414561561	1.067174007883226	1.129888021544368	1.055377144889524	1.088643983190572	1.107425736194933	1.385686570543237	1.429438946075381	1.227064310919598	2.42237485803285	1.397366666832062	0.7192775448004152	0.6641929170595309	0.6435687070210068	0.633984389964716	0.4434132402761086	1.24621011674303	0.9732121612400215	1.116204466871103	0.9678671313825604	0.7983843687405281	0.4120350780007325	1.56884015877028	1.592075228437556	0.9382433878956116	1.056336290388559	1.081294584577517	0.3594264117588579	0.8785117228628241	0.783055346888345	0.213813042586313	0.01202283887573879	0.01202072174509142	0.01201744219738995	0.9515950808034488	0.9982538032729185	1.00315219501835	0.95162044322771	1.045008280515808	1.082485224563115	1.014682931788595	1.005804840504713	1.002529665271408	-0.1136582465030926	0.3666645915389282	0.8048109521553481	0.04891512427746036	0.1658613095111736	0.4024969679387969	0.5842921479132102	0.7498264792325173	1.008237949356372	0.1729534144732003	0.3390701130722231	1.44550666167279	1.581170178108015	0.8479680272472159	0.6063877287100441	0.7176160829099754	0.26123571007256	0.7169359936959152	0.7675827206062174	0.5432524065514457	0.5596686393109636	0.5794578601262126	-0.2357712596535366	-0.3260489781409808	1.216705263364442	0.6862160262953596	0.5685372157884672	0.710926171215692	0.656222639546689	0.681395538235118	0.6817165094617188	-0.2334538476224655	0.1679919798657785	0.8130696287503407	0.3982142666733672	0.5003047102904397	0.5086024231080666	0.4178108461093615	0.6217839982150846	0.712341951611922	0.5416124875675372	0.5288403082739439	0.5123714620915987	-0.5481136394955222	1.407657726139363	1.860724239484121	2.819488955523962	1.591132363079288	2.782382938121494
0.017	9.662109879999999	-5.85882554	-3.47149822	0.61513763	0.97279204	0.03516331	-28.68326708	3.40436505	-0.2802151	-8.10637887	6.40824733	11.5832183	0	17.1003197	-8.573566980000001	-8.60190201	-10.37138862	-4.78836766	10.25889597	0	-26.6962176	4.35966763	2.72443072	0.971388778465232	1.028971262391259	1.089299563401738	1.017632847670404	1.049646906362707	1.067713134575726	1.334713553868336	1.37731970070064	1.182268413924044	2.333555950582366	1.346810875706957	0.694106008349217	0.6410739862283821	0.6212133223661862	0.6119927592094847	0.4285509261022897	1.201368141631906	0.9385195675774913	1.076072765574475	0.9333700418556279	0.7702171929085921	0.39830183966862	1.511962686574836	1.53433098350052	0.9048049556845041	1.018518828511894	1.042546705554329	0.3481008320249535	0.8479977679569353	0.7557696528627202	0.208072844533149	0.01194605209617283	0.01194401718944108	0.01194086419664442	0.9175922456827179	0.9625999894085955	0.9673092260831535	0.9178837328282925	1.007613899451898	1.04365993515449	0.9784592569262478	0.9699796881552061	0.9667676830733805	-0.07354788671153045	0.3774139205558953	0.7920611497017989	0.07340113023233208	0.1843914014802621	0.4089328845045213	0.5817873738267405	0.7396353946551022	0.9866708081707962	0.1886868865294069	0.346761483874241	1.392093624840194	1.52614252084296	0.8305073035233432	0.6013155530376793	0.7075111151061471	0.2738174804599591	0.7050939133121048	0.7534729211544624	0.5416565299043565	0.5573358661511696	0.5759482247435308	-0.206304396584529	-0.2933321539304883	1.177612967820638	0.6762235851899252	0.5649877603555211	0.6979413670756518	0.6490675677191096	0.6730348513724369	0.6733302460194563	-0.2064344665694273	0.1803868442290035	0.7867571057634728	0.4017032182421643	0.5003515696202943	0.508126580316512	0.4248067433283609	0.6159390162176184	0.7016054259284026	0.5403696045393449	0.5293607570356063	0.512634714857608	-0.5125269999379594	1.360295877889681	1.792744380362102	2.712137667748857	1.53133360110945	2.67622993459696
0.033	9.35717973	-5.7516276	-3.47577534	0.61656891	0.97118246	0.03280264	-28.50254775	2.90916791	-0.6259335700000001	-9.941758289999999	6.02140852	12.59688435	0	17.89063659	-8.247116249999999	-8.38416529	-12.9187101	-5.95601919	9.644435140000001	0	-26.23186091	4.0562371	2.61337244	0.9376018268451576	0.9930157372223476	1.051098661620438	0.9821088032288792	1.012943775230598	1.030336568345884	1.286738949939016	1.328266293289117	1.140107569692933	2.249961684746617	1.299228954648033	0.6704151505127942	0.6193149925049477	0.6001729603381196	0.5912947537927959	0.4145628657034011	1.159163929762612	0.9058677147186389	1.038301752589413	0.9009021928891026	0.7437069097726514	0.385376438885455	1.458430948037946	1.479983458853898	0.8733334900740493	0.9829259232162082	1.006078113532504	0.3374414628636315	0.8192787515749218	0.7300889996621318	0.2026703051889944	0.01187378218599308	0.01187182466647602	0.01186879078417805	0.8855895773337941	0.9290434587127618	0.9335746670853216	0.8861315348053107	0.9724191878623352	1.007118486299312	0.9443663864675682	0.936261897708611	0.9331093468870018	-0.03579695984888609	0.3875309361012711	0.7800613356278676	0.0964467828957396	0.2018314880393994	0.4149902177428473	0.5794299393924121	0.7300437856410635	0.966372322349077	0.2034948602293642	0.3540004210996681	1.34182253135069	1.474351784593495	0.8140736811949907	0.5965417406401565	0.6980005571731285	0.2856591467069229	0.6939484258920459	0.7401931099057508	0.5401545283541545	0.5551403149419487	0.5726450385010065	-0.1785708784019349	-0.2625398487912021	1.140820219073527	0.6668189347377504	0.5616470964186293	0.6857203749438483	0.6423333824696202	0.6651659696193235	0.6654372921914433	-0.1810044608724519	0.1920525989238024	0.7619923782464197	0.4049869373657371	0.5003956725189793	0.5076787282774005	0.431391117181537	0.6104378566905897	0.6915004605792063	0.5391998322775162	0.5298505911642266	0.5128824821667921	-0.4790336921190761	1.315720020713508	1.728763336482554	2.611101161607581	1.475052413373133	2.576321225397397
0.05	8.945065509999999	-5.65244841	-3.72396423	0.61795491	0.96993978	0.03052388	-27.82496818	2.35374193	-0.61560631	-12.42034003	5.42413996	13.11664753	0	18.73563939	-8.073621559999999	-8.332522490000001	-15.52947096	-6.96615139	9.02175924	0	-25.70279882	3.63758979	2.40132575	0.9017031907488284	0.9548129917303796	1.010510203477807	0.9443645060097592	0.9739466984027323	0.9906239667266763	1.235765933264115	1.276147047914376	1.095311672697379	2.161142777296133	1.248673163522927	0.6452436140615956	0.5961960616737991	0.5778175756832991	0.5693031230375645	0.3997005515295822	1.114321954651487	0.8711751210561085	0.9981700512927845	0.86640510336217	0.7155397339407148	0.3716432005533425	1.401553475842501	1.422239213916863	0.8398950578629416	0.9451084613395426	0.9673302345093155	0.3261158831297273	0.7887647966690328	0.7028033056365068	0.1969301071358304	0.01179699540642709	0.01179512011082565	0.01179221278343248	0.851586742213063	0.8933896448484389	0.8977316981501249	0.8523948244058932	0.935024806798425	0.9682931968906856	0.9081427116052212	0.9004367453591042	0.8973473646889745	0.004313399942674323	0.3982802651182347	0.7673115331743166	0.1209327888506095	0.2203615800084862	0.421426134308569	0.5769251653059406	0.7198527010636484	0.9448051811635017	0.2192283322855708	0.3616917919016878	1.288409494518093	1.419324127328439	0.7966129574711172	0.5914695649677908	0.6878955893692984	0.2982409170943221	0.6821063455082346	0.726083310453995	0.5385586517070653	0.552807541782153	0.5691354031183247	-0.1491040153329273	-0.2298230245807114	1.101727923529723	0.656826493632316	0.5580976409856833	0.6727355708038072	0.6351783106420399	0.6568052827566415	0.65705102874918	-0.1539850798194147	0.2044474632870266	0.7356798552595518	0.408475888934535	0.5004425318488339	0.5072028854858459	0.4383870144005364	0.6045928746931235	0.6807639348956851	0.5379569492493257	0.5303710399258863	0.5131457349328006	-0.4434470525615142	1.268358172463826	1.660783477360534	2.503749873832477	1.415253651403295	2.470168221872863
0.067	8.97541024	-5.40217722	-3.69533766	0.62051972	0.96958009	0.02780695	-27.50060227	1.69900578	-0.97411711	-15.10268266	4.21569244	13.71650828	0	19.02731483	-7.70838127	-7.92183283	-18.23506632	-7.25780817	8.59027056	0	-25.45316844	3.16140748	2.11278325	0.8658045546524991	0.9166102462384118	0.9699217453351763	0.906620208790639	0.9349496215748667	0.9509113651074692	1.184792916589213	1.224027802539634	1.050515775701824	2.072323869845648	1.198117372397821	0.6200720776103965	0.5730771308426503	0.5554621910284785	0.5473114922823332	0.3848382373557633	1.069479979540363	0.8364825273935779	0.958038349996156	0.831908013835237	0.6873725581087784	0.3579099622212299	1.344676003647056	1.364494968979827	0.806456625651834	0.9072909994628768	0.9285823554861274	0.3147903033958226	0.7582508417631435	0.6755176116108821	0.1911899090826664	0.0117202086268611	0.01171841555517525	0.01171563478268695	0.8175839070923316	0.8577358309841159	0.8618887292149289	0.8186581140064757	0.8976304257345151	0.9294679074820591	0.8719190367428746	0.864611593009597	0.8615853824909472	0.04442375973423651	0.4090295941351982	0.7545617307207673	0.1454187948054813	0.2388916719775729	0.4278620508742925	0.5744203912194683	0.7096616164862333	0.9232380399779254	0.2349618043417774	0.3693831627037047	1.234996457685497	1.364296470063383	0.7791522337472427	0.5863973892954242	0.6777906215654683	0.3108226874817221	0.6702642651244233	0.71197351100224	0.5369627750599761	0.5504747686223581	0.5656257677356411	-0.1196371522639206	-0.1971062003702198	1.062635627985918	0.6468340525268816	0.5545481855527363	0.659750766663767	0.6280232388144587	0.6484445958939595	0.6486647653069166	-0.1269656987663783	0.2168423276502516	0.7093673322726834	0.4119648405033312	0.5004893911786885	0.5067270426942905	0.4453829116195358	0.5987478926956573	0.6700274092121647	0.5367140662211334	0.5308914886875469	0.513408987698809	-0.4078604130039505	1.220996324214144	1.592803618238514	2.396398586057372	1.355454889433458	2.364015218348328
0.083	8.72599722	-5.00255596	-3.57430287	0.62254135	0.96996521	0.0249455	-26.28146005	0.99781169	-1.3371033	-18.63977621	2.73757695	13.95837832	0	19.12440271	-7.03220565	-6.92979676	-20.00849491	-7.64880839	7.41370172	0	-25.01849847	2.55678162	1.92406522	0.8320176030324244	0.8806547210695013	0.9317208435538769	0.8710961643491144	0.8982464904427581	0.913534798877627	1.136818312659894	1.174974395128112	1.008354931470714	1.988729604009899	1.150535451338898	0.5963812197739744	0.5513181371192162	0.5344218290004119	0.5266134868656447	0.3708501769568749	1.027275767671069	0.8038306745347261	0.9202673370110939	0.7994401648687122	0.6608622749728381	0.3449845614380651	1.291144265110166	1.310147444333206	0.7749851600413797	0.8716980941671917	0.892113763464303	0.3041309342345008	0.72953182538113	0.6498369584102937	0.185787369738512	0.01164793871668135	0.01164622303221022	0.01164356137022055	0.7855812387434082	0.8241793002882822	0.8281541702170967	0.7869059159834939	0.8624357141449523	0.8929264586268817	0.8378261662841953	0.8308938025630022	0.8279270463045687	0.08217468659688087	0.4191466096805758	0.7425619166468369	0.1684644474688888	0.256331758536712	0.4339193841126194	0.5720629567851425	0.7000700074721946	0.9029395541562071	0.2497697780417356	0.3766220999291345	1.184725364195994	1.312505733813919	0.762718611418892	0.5816235768979032	0.6682800636324515	0.322664353728686	0.6591187777043652	0.6986936997535285	0.5354607735097749	0.548279217413139	0.5623225814931176	-0.09190363408132551	-0.1663138952309344	1.025842879238808	0.6374294020747087	0.5512075216158454	0.6475297745319635	0.6212890535649711	0.6405757141408479	0.6407718114789054	-0.1015356930694011	0.2285080823450514	0.6846026047556311	0.4152485596269049	0.5005334940773745	0.5062791906551789	0.451967285472711	0.5932467331686295	0.6599224438629694	0.5355442939593056	0.5313813228161681	0.5136567550079931	-0.3743671051850681	1.176420467037972	1.528822574358966	2.295362079916097	1.299173701697141	2.264106509148766
0.1	9.15257991	-4.25467819	-3.6892463	0.6260173999999999	0.97153509	0.02150393	-25.39470528	-0.36991017	-1.97628392	-22.77200763	0.77208007	14.54514773	0	18.30650527	-6.19278267	-7.21926467	-21.97141357	-7.03988709	7.48396311	0	-25.15080936	1.57079942	1.67510134	0.7961189669360953	0.8424519755775337	0.8911323854112461	0.8333518671299947	0.8592494136148927	0.8738221972584197	1.085845295984992	1.122855149753371	0.9635590344751601	1.899910696559415	1.099979660213792	0.5712096833227756	0.5281992062880676	0.5120664443455913	0.5046218561104132	0.3559878627830559	0.9824337925599449	0.7691380808721957	0.8801356357144654	0.7649430753417796	0.6326950991409015	0.3312513231059527	1.234266792914721	1.25240319939617	0.7415467278302716	0.8338806322905261	0.8533658844411145	0.2928053545005965	0.699017870475241	0.6225512643846689	0.1800471716853478	0.01157115193711537	0.01156951847655985	0.01156698336947504	0.7515784036226767	0.7885254864239593	0.7923112012819005	0.7531692055840769	0.8250413330810422	0.8541011692182556	0.8016024914218485	0.7950686502134952	0.7921650641065416	0.1222850463884413	0.4298959386975394	0.7298121141932858	0.1929504534237605	0.2748618505057969	0.4403553006783421	0.5695581826986711	0.6898789228947795	0.8813724129706317	0.2655032500979422	0.3843134707311524	1.131312327363397	1.257478076548863	0.7452578876950176	0.5765514012255366	0.6581750958286205	0.3352461241160851	0.6472766973205539	0.6845839003017735	0.5338648968626849	0.5459464442533433	0.5588129461104359	-0.06243677101231881	-0.1335970710204428	0.9867505836950037	0.6274369609692743	0.5476580661828994	0.6345449703919233	0.6141339817373899	0.6322150272781659	0.632385548036642	-0.07451631201636388	0.2409029467082764	0.6582900817687627	0.4187375111957019	0.5005803534072291	0.5058033478636244	0.4589631826917104	0.5874017511711616	0.649185918179449	0.5343014109311133	0.5319017715778278	0.5139200077740025	-0.3387804656275053	1.129058618788289	1.460842715236947	2.188010792140991	1.239374939727303	2.157953505624231
0.117	9.5083787	-3.57774654	-3.2322028	0.62902481	0.97363807	0.01701854	-24.01069287	-1.46922068	-3.27267229	-27.40433472	-2.0612118	14.38937486	0	17.35188585	-5.22045904	-7.00807009	-23.33648379	-6.36083514	7.71540479	0	-25.23176242	0.9230055	0.83998892	0.7602203308397664	0.8042492300855657	0.8505439272686153	0.7956075699108744	0.8202523367870271	0.8341095956392126	1.034872279310091	1.070735904378629	0.9187631374796057	1.811091789108931	1.049423869088686	0.5460381468715767	0.5050802754569186	0.4897110596907708	0.4826302253551816	0.3411255486092368	0.9375918174488207	0.7344454872096651	0.8400039344178369	0.7304459858148467	0.6045279233089651	0.3175180847738399	1.177389320719276	1.194658954459134	0.708108295619164	0.7960631704138601	0.8146180054179259	0.2814797747666919	0.668503915569352	0.5952655703590439	0.1743069736321837	0.01149436515754938	0.01149281392090951	0.01149040536872951	0.7175755685019454	0.7528716725596365	0.756468232346704	0.7194324951846589	0.7876469520171319	0.8152758798096293	0.7653788165595019	0.7592434978639881	0.7564030819085144	0.1623954061800017	0.440645267714503	0.7170623117397357	0.2174364593786313	0.2933919424748828	0.4467912172440647	0.5670534086121997	0.6796878383173652	0.8598052717850555	0.2812367221541479	0.3920048415331712	1.0778992905308	1.202450419283807	0.7277971639711449	0.5714792255531709	0.6480701280247905	0.3478278945034834	0.6354346169367426	0.6704741008500168	0.5322690202155957	0.5436136710935475	0.5553033107277541	-0.03296990794331123	-0.1008802468099512	0.9476582881511995	0.6174445198638399	0.5441086107499524	0.6215601662518822	0.6069789099098086	0.623854340415483	0.6239992845943787	-0.04749693096332663	0.2532978110715014	0.6319775587818945	0.422226462764498	0.5006272127370828	0.5053275050720689	0.465959079910709	0.5815567691736954	0.6384493924959278	0.5330585279029219	0.5324222203394884	0.5141832605400101	-0.3031938260699425	1.081696770538607	1.392862856114926	2.080659504365886	1.179576177757466	2.051800502099697
0.133	9.32393763	-2.87848253	-3.22217996	0.63073103	0.97530455	0.01341611	-21.08852038	-2.78029688	-4.19798665	-33.25852896	-5.12688586	13.51461383	0	16.66478998	-4.37158568	-7.29287323	-24.1651039	-5.52550675	8.01590508	0	-24.86785814	0.1042359	0.37716546	0.7264333792196915	0.7682937049166547	0.8123430254873159	0.7600835254693499	0.7835492056549185	0.7967330294093704	0.9868976753807712	1.021682496967107	0.8766022932484954	1.727497523273182	1.001841948029763	0.5223472890351544	0.4833212817334847	0.4686706976627043	0.4619322199384931	0.3271374882103485	0.8953876055795271	0.7017936343508131	0.8022329214327748	0.697978136848322	0.578017640173025	0.3045926839906753	1.123857582182386	1.140311429812512	0.6766368300087096	0.7604702651181749	0.7781494133961016	0.2708204056053701	0.6397848991873387	0.5695849171584557	0.1689044342880294	0.01142209524736963	0.01142062139794445	0.01141833195626311	0.6855729001530217	0.7193151418638029	0.7227336733488721	0.6876802971616773	0.7524522404275698	0.7787344309544515	0.7312859461008223	0.7255257074173931	0.7227447457221359	0.2001463330426478	0.4507622832598805	0.7050624976658062	0.2404821120420388	0.3108320290340227	0.4528485504823925	0.564695974177873	0.6700962293033266	0.8395067859633381	0.296044695854107	0.3992437787585992	1.027628197041297	1.150659683034343	0.7113635416427924	0.566705413155649	0.6385595700917737	0.3596695607504481	0.6242891295166855	0.657194289601307	0.5307670186653937	0.5414181198843284	0.5520001244852288	-0.005236389760716165	-0.0700879416706659	0.9108655394040897	0.608039869411666	0.5407679468130615	0.6093391741200787	0.6002447246603211	0.6159854586623714	0.6161063307663666	-0.02206692526635123	0.2649635657663003	0.6072128312648419	0.4255101818880718	0.5006713156357696	0.5048796530329591	0.4725434537638851	0.5760556096466676	0.6283444271467324	0.5318887556410941	0.5329120544681096	0.514431027849195	-0.2697005182510597	1.037120913362435	1.328881812235378	1.979622998224611	1.123294990021148	1.951891792900135
0.15	8.804825360000001	-1.95302712	-3.17293645	0.6310039	0.97671382	0.00908169	-17.12826311	-4.42970045	-5.21713951	-39.79152601	-8.70893302	11.96262036	0	15.99752982	-3.05652986	-7.35801622	-24.14212331	-4.84370404	7.60230475	0	-24.22028759	-0.77063578	-0.0006656500000000001	0.6905347431233624	0.7300909594246869	0.7717545673446853	0.7223392282502297	0.7445521288270529	0.7570204277901631	0.9359246587058696	0.9695632515923651	0.8318063962529409	1.638678615822698	0.9512861569046573	0.4971757525839556	0.4602023509023359	0.4463153130078836	0.4399405891832616	0.3122751740365296	0.8505456304684023	0.6671010406882825	0.7621012201361466	0.663481047321389	0.5498504643410883	0.2908594456585625	1.066980109986942	1.082567184875477	0.6431983977976019	0.7226528032415092	0.7394015343729132	0.2594948258714658	0.6092709442814495	0.5422992231328307	0.1631642362348652	0.01134530846780366	0.01134391684229408	0.01134175395551758	0.6515700650322904	0.6836613279994799	0.6868907044136756	0.6539435867622596	0.7150578593636596	0.7399091415458252	0.6950622712384755	0.6897005550678861	0.6869827635241088	0.24025669283421	0.4615116122768441	0.6923126952122551	0.2649681179969106	0.3293621210031086	0.4592844670481151	0.5621912000914016	0.6599051447259114	0.8179396447777618	0.3117781679103127	0.4069351495606179	0.9742151602087004	1.095632025769287	0.6939028179189188	0.5616332374832833	0.6284546022879427	0.3722513311378473	0.6124470491328742	0.6430844901495503	0.5291711420183045	0.5390853467245318	0.5484904891025471	0.02423047330829053	-0.0373711174601743	0.871773243860285	0.5980474283062325	0.5372184913801146	0.5963543699800375	0.5930896528327398	0.6076247717996894	0.6077200673241032	0.004952455786686016	0.2773584301295253	0.5809003082779738	0.4289991334568688	0.5007181749656233	0.5044038102414037	0.4795393509828854	0.5702106276492014	0.6176079014632121	0.5306458726129017	0.5334325032297693	0.5146942806152035	-0.2341138786934969	0.9897590651127524	1.260901953113358	1.872271710449505	1.06349622805131	1.8457387893756
0.167	8.618504209999999	-0.73988146	-2.95250444	0.63225115	0.9787190099999999	0.00497722	-13.6747449	-6.3521492	-6.27894309	-45.7080556	-12.29216261	9.803494600000001	0	14.60195162	-1.36656643	-7.52785582	-23.54525804	-3.98322912	7.33741942	0	-23.8706747	-1.95482131	-1.11634849	0.6546361070270332	0.6918882139327192	0.7311661092020545	0.6845949310311097	0.7055550519991876	0.7173078261709556	0.8849516420309678	0.917444006217623	0.7870104992573863	1.549859708372214	0.9007303657795513	0.4720042161327567	0.4370834200711869	0.4239599283530628	0.4179489584280303	0.2974128598627105	0.8057036553572781	0.6324084470257522	0.7219695188395179	0.6289839577944561	0.5216832885091519	0.2771262073264499	1.010102637791496	1.024822939938441	0.6097599655864938	0.6848353413648436	0.7006536553497247	0.2481692461375613	0.5787569893755604	0.5150135291072057	0.1574240381817011	0.01126852168823766	0.01126721228664372	0.01126517595477204	0.6175672299115593	0.6480075141351568	0.6510477354784792	0.6202068763628421	0.6776634782997495	0.7010838521371989	0.6588385963761287	0.6538754027183791	0.6512207813260813	0.2803670526257704	0.4722609412938077	0.679562892758705	0.2894541239517814	0.3478922129721935	0.4657203836138377	0.5596864260049301	0.6497140601484963	0.7963725035921865	0.3275116399665192	0.4146265203626367	0.9208021233761035	1.040604368504231	0.6764420941950449	0.5565610618109167	0.6183496344841126	0.3848331015252464	0.6006049687490629	0.6289746906977953	0.5275752653712154	0.5367525735647369	0.5449808537198653	0.05369733637729812	-0.004654293249682695	0.8326809483164808	0.5880549872007981	0.5336690359471685	0.5833695658399969	0.5859345810051595	0.5992640849370074	0.5993338038818399	0.03197183683972327	0.2897532944927503	0.5545877852911059	0.4324880850256658	0.5007650342954779	0.5039279674498491	0.4865352482018848	0.5643656456517343	0.6068713757796909	0.5294029895847103	0.5339529519914299	0.514957533381212	-0.1985272391359341	0.9423972168630694	1.192922093991339	1.7649204226744	1.003697466081473	1.739585785851066
0.183	8.10213298	0.59548084	-3.140105	0.6310842	0.9803002200000001	0.00095819	-9.35600818	-8.55566327	-6.69378263	-51.78172505	-14.57804047	7.58759356	0	13.48068057	0.48639772	-7.6313214	-22.48283838	-3.54912138	6.53523325	0	-23.35131818	-3.3264345	-1.74208045	0.6208491554069587	0.6559326887638084	0.6929652074207548	0.649070886589585	0.6688519208670788	0.6799312599411135	0.8369770381016486	0.8683905988061016	0.7448496550262763	1.466265442536465	0.8531484447206283	0.4483133582963343	0.415324426347753	0.4029195663249964	0.3972509530113417	0.2834247994638222	0.7634994434879847	0.5997565941669001	0.684198505854456	0.5965161088279313	0.4951730053732116	0.2642008065432851	0.9565708992546069	0.9704754152918189	0.5782884999760395	0.6492424360691582	0.6641850633279001	0.2375098769762395	0.5500379729935472	0.4893328759066176	0.1520214988375467	0.01119625177805791	0.01119501976367866	0.01119310254230566	0.5855645615626357	0.6144509834393233	0.6173131764806471	0.5884546783398609	0.6424687667101868	0.6645424032820214	0.6247457259174493	0.6201576122717843	0.6175624451397029	0.3181179794884157	0.4823779568391853	0.6675630786847755	0.3124997766151889	0.3653322995313326	0.4717777168521646	0.5573289915706026	0.6401224511344576	0.7760740177704681	0.3423196136664775	0.4218654575880647	0.8705310298866006	0.9888136322547663	0.6600084718666936	0.5517872494133957	0.6088390765510958	0.3966747677722102	0.5894594813290053	0.6156948794490837	0.5260732638210142	0.5345570223555178	0.5416776674773418	0.08143085455989318	0.02613801188960352	0.795888199569371	0.5786503367486242	0.5303283720102776	0.5711485737081938	0.5792003957556711	0.5913952031838949	0.5914408500538286	0.05740184253669911	0.3014190491875501	0.5298230577740533	0.4357718041492395	0.5008091371941639	0.5034801154107384	0.49311962205506	0.5588644861247065	0.5967664104304955	0.5282332173228825	0.534442786120052	0.5152053006903961	-0.1650339313170512	0.8978213596868974	1.12894105011179	1.663883916533125	0.9474162783451558	1.639677076651504
0.2	8.11195966	1.69752449	-2.96821397	0.6309304100000001	0.98275311	-0.00288437	-6.09886852	-10.27222956	-7.10735654	-56.81267084	-15.2490874	4.70839074	0	11.71215226	2.12917555	-7.50742984	-21.39516567	-2.95282585	6.13888819	0	-23.2474694	-4.32584823	-2.85818096	0.5849505193106295	0.6177299432718405	0.6523767492781242	0.611326589370465	0.6298548440392134	0.6402186583219062	0.7860040214267466	0.8162713534313597	0.7000537580307219	1.37744653508598	0.8025926535955223	0.4231418218451356	0.3922054955166041	0.3805641816701759	0.3752593222561103	0.2685624852900032	0.7186574683768601	0.5650640005043697	0.6440668045578274	0.5620190193009984	0.467005829541275	0.2504675682111726	0.8996934270591617	0.9127311703547833	0.5448500677649317	0.6114249741924923	0.6254371843047116	0.226184297242335	0.519524018087658	0.4620471818809925	0.1462813007843825	0.01111946499849192	0.01111831520802829	0.01111652454156012	0.5515617264419043	0.5787971695750003	0.5814702075454509	0.5547179679404431	0.6050743856462766	0.625717113873395	0.5885220510551025	0.5843324599222771	0.5818004629416755	0.3582283392799761	0.4931272858561488	0.6548132762312244	0.3369857825700597	0.3838623915004185	0.4782136334178873	0.554824217484132	0.6299313665570425	0.7545068765848923	0.358053085722684	0.4295568283900835	0.8171179930540037	0.9337859749897106	0.6425477481428197	0.5467150737410287	0.5987341087472657	0.4092565381596094	0.577617400945194	0.6015850799973284	0.5244773871739241	0.5322242491957221	0.5381680320946587	0.1108977176288999	0.05885483610009468	0.7567959040255663	0.5686578956431902	0.5267789165773307	0.5581637695681532	0.5720453239280907	0.5830345163212134	0.5830545866115653	0.08442122358973636	0.3138139135507751	0.5035105347871851	0.4392607557180357	0.5008559965240185	0.5030042726191826	0.5001155192740594	0.5530195041272403	0.5860298847469747	0.5269903342946911	0.5349632348817117	0.5154685534564045	-0.1294472917594884	0.8504595114372149	1.060961190989771	1.556532628758019	0.8876175163753184	1.533524073126969
0.217	8.22303533	2.25623767	-2.7444281	0.63032789	0.9856056	-0.00649319	-3.12758942	-11.18356448	-7.28541072	-61.09709335	-14.33344716	1.684083	0	9.8454382	3.12822147	-7.26008559	-20.37142002	-2.28879108	6.11169712	0	-23.34006598	-4.74649241	-3.49373498	0.5490518832143004	0.5795271977798729	0.6117882911354937	0.5735822921513449	0.5908577672113479	0.6005060567026989	0.7350310047518452	0.764152108056618	0.6552578610351675	1.288627627635497	0.7520368624704165	0.3979702853939368	0.3690865646854554	0.3582087970153552	0.3532676915008788	0.2537001711161841	0.6738154932657358	0.5303714068418393	0.6039351032611991	0.5275219297740658	0.4388386537093386	0.23673432987906	0.8428159548637169	0.854986925417748	0.5114116355538241	0.5736075123158267	0.5866893052815232	0.2148587175084306	0.489010063181769	0.4347614878553675	0.1405411027312184	0.01104267821892595	0.01104161065237794	0.01103994654081457	0.5175588913211732	0.5431433557106772	0.5456272386102543	0.5209812575410254	0.5676800045823666	0.5868918244647687	0.5522983761927558	0.5485073075727702	0.5460384807436486	0.3983386990715374	0.5038766148731133	0.6420634737776738	0.3614717885249314	0.4023924834695043	0.4846495499836099	0.5523194433976597	0.6197402819796274	0.7329397353993166	0.3737865577788906	0.4372481991921013	0.763704956221407	0.8787583177246545	0.6250870244189461	0.5416428980686629	0.5886291409434352	0.4218383085470085	0.5657753205613827	0.587475280545573	0.5228815105268354	0.5298914760359268	0.5346583967119769	0.1403645806979075	0.09157166031058583	0.7177036084817621	0.5586654545377554	0.5232294611443846	0.5451789654281125	0.564890252100509	0.5746738294585314	0.5746683231693019	0.1114406046427736	0.3262087779139993	0.477198011800317	0.4427497072868332	0.5009028558538731	0.502528429827628	0.5071114164930579	0.5471745221297728	0.5752933590634539	0.5257474512664992	0.5354836836433723	0.5157318062224134	-0.09386065220192563	0.8030976631875324	0.9929813318677512	1.449181340982915	0.8278187544054811	1.427371069602435
0.233	8.48646772	2.68789178	-2.09357582	0.63041489	0.98896912	-0.01022915	-0.79071621	-11.85833378	-7.84654427	-64.42525101	-12.51342678	-0.63313431	0	7.61148252	4.01414092	-6.60152459	-19.05480647	-1.77428584	6.25454237	0	-23.60771287	-4.89186924	-4.56650622	0.5152649315942257	0.5435716726109621	0.573587389354194	0.5380582477098202	0.5541546360792392	0.5631294904728568	0.6870564008225258	0.7150987006450962	0.6130970168040574	1.205033361799747	0.7044549414114933	0.3742794275575144	0.3473275709620213	0.3371684349872888	0.3325696860841902	0.2397121107172957	0.6316112813964423	0.4977195539829871	0.566164090276137	0.4950540808075408	0.4123283705733982	0.2238089290958951	0.7892842163268273	0.8006394007711262	0.4799401699433697	0.5380146070201415	0.5502207132596987	0.2041993483471087	0.4602910467997555	0.4090808346547795	0.135138563387064	0.0109704083087462	0.01096941812941288	0.0109678731283482	0.4855562229722494	0.5095868250148439	0.5118926796124225	0.4892290595180442	0.5324852929928041	0.5503503756095911	0.5182055057340764	0.5147895171261752	0.5123801445572698	0.4360896259341835	0.51399363041849	0.6300636597037439	0.384517441188339	0.4198325700286443	0.4907068832219372	0.5499620089633335	0.6101486729655901	0.7126412495775982	0.3885945314788488	0.4444871364175302	0.713433862731904	0.8269675814751904	0.6086534020905945	0.5368690856711411	0.579118583010418	0.4336799747939732	0.5546298331413251	0.5741954692968618	0.5213795089766333	0.5276959248267072	0.531355210469453	0.1680980988805025	0.122363965449872	0.6809108597346518	0.549260804085582	0.5198887972074937	0.532957973296309	0.558156066851021	0.5668049477054193	0.5667753693412894	0.1368706103397499	0.3378745326087995	0.4524332842832643	0.446033426410406	0.500946958752559	0.5020805777885169	0.5136957903462336	0.5416733626027455	0.5651883937142581	0.524577679004671	0.535973517771994	0.515979573531598	-0.06036734438304281	0.7585218060113603	0.9290002879882027	1.348144834841639	0.7715375666691635	1.327462360402873
0.25	8.84344892	3.04905257	-1.86573511	0.62932013	0.99218832	-0.01273788	1.71689217	-12.30790471	-7.71311155	-67.29451233	-10.63709464	-2.26610568	0	5.17978373	4.72655656	-6.14020684	-17.43315493	-1.48247083	6.22890106	0	-23.9592346	-5.11792286	-5.32704594	0.4793662954978967	0.5053689271189944	0.5329989312115634	0.5003139504907003	0.5151575592513737	0.5234168888536493	0.6360833841476242	0.6629794552703544	0.5683011198085028	1.116214454349263	0.6538991502863873	0.3491078911063156	0.3242086401308726	0.3148130503324682	0.3105780553289589	0.2248497965434768	0.5867693062853178	0.4630269603204568	0.5260323889795085	0.460556991280608	0.3841611947414617	0.2100756907637826	0.7324067441313823	0.7428951558340906	0.4465017377322619	0.5001971451434758	0.5114728342365104	0.1928737686132043	0.4297770918938665	0.3817951406291544	0.1293983653338999	0.01089362152918021	0.01089271357376251	0.01089129512760266	0.4515533878515182	0.4739330111505207	0.476049710677226	0.4554923491186263	0.4950909119288939	0.5115250862009649	0.4819818308717296	0.4789643647766682	0.4766181623592427	0.476199985725744	0.5247429594354545	0.6173138572501933	0.4090034471432098	0.4383626619977301	0.4971427997876599	0.547457234876862	0.5999575883881745	0.6910741083920224	0.4043280035350549	0.4521785072195486	0.6600208258993071	0.7719399242101346	0.5911926783667205	0.5317969099987749	0.5690136152065879	0.446261745181372	0.5427877527575133	0.5600856698451064	0.5197836323295442	0.5253631516669119	0.5278455750867708	0.1975649619495092	0.1550807896603636	0.6418185641908474	0.5392683629801476	0.5163393417745472	0.5199731691562683	0.5510009950234402	0.5584442608427374	0.5583891058990269	0.1638899913927867	0.3502693969720241	0.4261207612963961	0.4495223779792035	0.5009938180824136	0.5016047349969619	0.5206916875652334	0.5358283806052784	0.5544518680307378	0.5233347959764787	0.5364939665336537	0.5162428262976064	-0.02478070482548	0.7111599577616783	0.8610204288661831	1.240793547066534	0.7117388046993262	1.221309356878338
0.267	8.75338837	3.34934648	-1.18756897	0.6277341400000001	0.99421785	-0.01606099	4.44106821	-12.82465635	-8.14874305	-69.43376539	-9.000135050000001	-2.84657239	0	3.43677121	5.36951768	-5.26323375	-16.14200814	-1.13357777	6.12450865	0	-23.89562162	-5.054293	-6.34840977	0.4434676594015673	0.4671661816270265	0.4924104730689326	0.4625696532715803	0.4761604824235085	0.4837042872344421	0.5851103674727225	0.6108602098956125	0.5235052228129484	1.027395546898779	0.6033433591612813	0.3239363546551169	0.3010897092997238	0.2924576656776476	0.2885864245737273	0.2099874823696579	0.5419273311741932	0.4283343666579263	0.4859006876828801	0.4260599017536751	0.3559940189095252	0.1963424524316699	0.675529271935937	0.6851509108970549	0.4130633055211541	0.4623796832668101	0.4727249552133218	0.1815481888792999	0.3992631369879772	0.3545094466035295	0.1236581672807359	0.01081683474961424	0.01081600901811215	0.01081471712685712	0.4175505527307869	0.4382791972861976	0.4402067417420298	0.4217556387192086	0.4576965308649837	0.4726997967923385	0.4457581560093827	0.4431392124271613	0.4408561801612155	0.5163103455173053	0.5354922884524176	0.6045640547966427	0.4334894530980806	0.4568927539668159	0.5035787163533825	0.5449524607903897	0.5897665038107593	0.6695069672064466	0.4200614755912611	0.4598698780215669	0.6066077890667103	0.7169122669450785	0.573731954642847	0.5267247343264088	0.5589086474027574	0.4588435155687711	0.530945672373702	0.5459758703933506	0.518187755682455	0.5230303785071162	0.524335939704089	0.2270318250185164	0.1877976138708548	0.6027262686470429	0.5292759218747127	0.5127898863416007	0.5069883650162272	0.5438459231958594	0.5500835739800558	0.5500028424567636	0.190909372445824	0.3626642613352486	0.3998082383095277	0.4530113295480001	0.5010406774122678	0.5011288922054069	0.5276875847842324	0.5299833986078117	0.543715342347217	0.5220919129482868	0.5370144152953138	0.5165060790636149	0.01080593473208302	0.6637981095119956	0.7930405697441633	1.133442259291429	0.6519400427294887	1.115156353353803
0.283	9.14042079	3.32826063	-0.57330162	0.62677189	0.99700245	-0.017733	6.41114539	-12.62343094	-8.27752635	-70.55993802	-7.84334546	-3.15472601	0	1.12471873	5.41276426	-5.07498999	-14.88300816	-0.63809545	6.98259912	0	-24.34646259	-4.83271778	-7.17027617	0.409680707781493	0.4312106564581157	0.4542095712876332	0.4270456088300556	0.4394573512913998	0.4463277210046001	0.5371357635434035	0.561806802484091	0.4813443785818385	0.9438012810630299	0.5557614381023586	0.3002454968186945	0.2793307155762897	0.2714173036495812	0.2678884191570389	0.1959994219707694	0.4997231193048999	0.3956825137990743	0.4481296746978181	0.3935920527871503	0.329483735773585	0.1834170516485052	0.6219975333990478	0.6308033862504333	0.3815918399106998	0.4267867779711249	0.4362563631914975	0.1708888197179781	0.3705441206059641	0.3288287934029413	0.1182556279365814	0.01074456483943448	0.0107438164951471	0.01074264371439074	0.3855478843818634	0.4047226665903643	0.4064721827441978	0.3900034406962274	0.4225018192754215	0.4361583479371611	0.4116652855507035	0.4094214219805664	0.4071978439748369	0.5540612723799505	0.5456093039977956	0.5925642407227127	0.456535105761489	0.4743328405259555	0.5096360495917094	0.5425950263560639	0.5801748947967216	0.6492084813847288	0.4348694492912197	0.4671088152469958	0.5563366955772076	0.6651215306956143	0.5572983323144953	0.5219509219288874	0.5493980894697401	0.4706851818157349	0.5198001849536447	0.5326960591446399	0.5166857541322529	0.5208348272978971	0.5210327534615646	0.2547653432011114	0.218589919010141	0.5659335198999331	0.5198712714225393	0.5094492224047094	0.4947673728844242	0.5371117379463715	0.5422146922269433	0.5421098886287514	0.2163393781427998	0.3743300160300485	0.3750435107924756	0.4562950486715738	0.5010847803109542	0.5006810401662967	0.5342719586374085	0.5244822390807844	0.5336103769980212	0.5209221406864595	0.5375042494239355	0.5167538463727994	0.04429924255096562	0.6192222523358237	0.7290595258646154	1.032405753150154	0.5956588549931714	1.015247644154242
0.3	9.39289172	3.52645794	0.02566378	0.62542458	0.99916656	-0.02025519	8.408577409999999	-12.89037538	-8.458269339999999	-71.06053222	-6.7761652	-2.1540801	0	-1.18343548	5.77785796	-4.51283044	-13.24018471	-0.5247924	7.23244059	0	-24.69543442	-4.70418655	-8.088733660000001	0.3737820716851637	0.393007910966148	0.4136211131450024	0.3893013116109356	0.4004602744635343	0.4066151193853927	0.4861627468685017	0.5096875571093491	0.436548481586284	0.8549823736125459	0.5052056469772525	0.2750739603674957	0.256211784745141	0.2490619189947604	0.2458967884018075	0.1811371077969504	0.4548811441937755	0.3609899201365439	0.4079979734011897	0.3590949632602174	0.3013165599416485	0.1696838133163925	0.5651200612036028	0.5730591413133976	0.3481534076995921	0.3889693160944592	0.3975084841683091	0.1595632399840736	0.3400301657000749	0.3015430993773164	0.1125154298834173	0.01066777805986849	0.01066711193949674	0.0106660657136452	0.3515450492611321	0.3690688527260412	0.3706292138090013	0.3562667302968096	0.3851074382115112	0.3973330585285348	0.3754416106883567	0.3735962696310594	0.3714358617768098	0.5941716321715114	0.5563586330147592	0.5798144382691621	0.4810211117163599	0.4928629324950413	0.516071966157432	0.5400902522695921	0.569983810219306	0.6276413401991527	0.4506029213474259	0.4748001860490136	0.5029236587446105	0.6100938734305584	0.5398376085906216	0.5168787462565212	0.53929312166591	0.4832669522031345	0.5079581045698336	0.5185862596928843	0.5150898774851638	0.5185020541381014	0.5175231180788826	0.2842322062701186	0.251306743220632	0.5268412243561287	0.5098788303171051	0.5058997669717631	0.4817825687443833	0.5299566661187907	0.5338540053642615	0.5337236251864881	0.243358759195837	0.386724880393273	0.3487309878056073	0.4597840002403704	0.5011316396408083	0.5002051973747415	0.5412678558564079	0.5186372570833173	0.5228738513145008	0.5196792576582676	0.5380246981855956	0.5170170991388079	0.07988588210852843	0.5718604040861412	0.6610796667425957	0.9250544653750487	0.5358600930233339	0.9090946406297072
0.317	9.57796725	3.67257495	0.30188304	0.62284205	1.00051079	-0.02165896	10.64421656	-12.85676653	-8.052217300000001	-71.0360182	-5.87047476	-0.74092691	0	-3.23043187	5.96810498	-4.40505191	-11.83281268	-0.2213562	7.86054921	0	-24.98435668	-4.68354544	-8.84459128	0.3378834355888346	0.3548051654741801	0.3730326550023718	0.3515570143918156	0.361463197635669	0.3669025177661854	0.4351897301936	0.4575683117346073	0.3917525845907295	0.7661634661620619	0.4546498558521467	0.249902423916297	0.2330928539139922	0.2267065343399399	0.223905157646576	0.1662747936231315	0.4100391690826511	0.3262973264740135	0.3678662721045613	0.3245978737332847	0.273149384109712	0.15595057498428	0.5082425890081576	0.5153148963763621	0.3147149754884843	0.3511518542177935	0.3587606051451206	0.1482376602501692	0.3095162107941857	0.2742574053516914	0.1067752318302532	0.01059099128030251	0.01059040738384637	0.01058948771289966	0.3175422141404008	0.3334150388617181	0.334786244873805	0.3225300198973919	0.3477130571476011	0.3585077691199086	0.3392179358260099	0.3377711172815523	0.3356738795787825	0.6342819919630727	0.5671079620317232	0.5670646358156122	0.5055071176712311	0.5113930244641272	0.5225078827231548	0.5375854781831206	0.5597927256418909	0.6060741990135772	0.4663363934036322	0.4824915568510326	0.4495106219120138	0.5550662161655027	0.522376884866748	0.511806570584155	0.52918815386208	0.4958487225905341	0.4961160241860225	0.5044764602411289	0.5134940008380746	0.5161692809783063	0.5140134826962006	0.3136990693391262	0.2840235674311238	0.4877489288123243	0.4998863892116712	0.5023503115388166	0.4687977646043426	0.5228015942912096	0.5254933185015795	0.5253373617442254	0.2703781402488743	0.399119744756498	0.322418464818739	0.4632729518091674	0.5011784989706629	0.4997293545831867	0.5482637530754071	0.5127922750858509	0.5121373256309802	0.518436374630076	0.5385451469472562	0.5172803519048166	0.1154725216660917	0.5244985558364587	0.5930998076205757	0.8177031775999435	0.4760613310534966	0.8029416371051725
0.333	9.80370169	3.42731299	1.05578193	0.621331	1.00237763	-0.02306388	12.09476969	-12.51530396	-8.47080152	-69.80779799	-5.08991241	1.13335522	0	-5.26987344	5.53772696	-4.53391514	-10.66326776	0.21023298	9.48520894	0	-25.33627861	-4.13389264	-9.525461780000001	0.3040964839687599	0.3188496403052693	0.3348317532210722	0.3160329699502907	0.3247600665035602	0.3295259515363431	0.3872151262642806	0.4085149043230853	0.3495917403596193	0.6825692003263122	0.4070679347932233	0.2262115660798744	0.2113338601905581	0.2056661723118734	0.2032071522298874	0.152286733224243	0.3678349572133573	0.2936454736151612	0.3300952591194991	0.2921300247667596	0.2466391009737717	0.1430251742011151	0.454710850471268	0.4609673717297401	0.2832435098780298	0.315558948922108	0.322292013123296	0.1375782910888474	0.2807971944121724	0.2485767521511031	0.1013726924860987	0.01051872137012276	0.01051821486088132	0.01051741430043328	0.2855395457914772	0.2998585081658846	0.3010516858759729	0.2907778218744105	0.3125183455580385	0.3219663202647308	0.3051250653673305	0.3040533268349573	0.3020155433924039	0.6720329188257179	0.5772249775771006	0.5550648217416818	0.5285527703346391	0.5288331110232662	0.528565215961482	0.535228043748794	0.5502011166278526	0.5857757131918584	0.4811443671035904	0.4897304940764611	0.3992395284225106	0.5032754799160379	0.5059432625383962	0.5070327581866334	0.5196775959290627	0.5076903888374975	0.4849705367659645	0.4911966489924176	0.5119919992878725	0.5139737297690865	0.5107102964536763	0.3414325875217208	0.3148158725704095	0.4509561800652141	0.4904817387594971	0.4990096476019257	0.4565767724725396	0.5160674090417214	0.517624436748467	0.5174444079162128	0.2958081459458504	0.4107854994512976	0.2976537373016865	0.4665566709327409	0.5012226018693491	0.4992815025440756	0.5548481269285825	0.5072911155588229	0.502032360281784	0.517266602368248	0.5390349810758774	0.5175281192140007	0.1489658294849741	0.4799226986602866	0.5291187637410275	0.7166666714586679	0.419780143317179	0.7030329279056102
0.35	9.99250245	3.34696248	1.33077025	0.6187175700000001	1.00331879	-0.0239387	13.71006961	-12.2580372	-8.25815586	-68.12766299	-3.9987594	3.05457837	0	-7.21727511	5.36419053	-4.72622752	-9.449038290000001	0.57846959	10.55413833	0	-25.71922611	-3.87169774	-9.926940330000001	0.2681978478724308	0.2806468948133015	0.2942432950784415	0.2782886727311709	0.2857629896756948	0.289813349917136	0.336242109589379	0.3563956589483437	0.304795843364065	0.5937502928758285	0.3565121436681175	0.2010400296286757	0.1882149293594094	0.1833107876570528	0.181215521474656	0.1374244190504241	0.3229929821022331	0.2589528799526309	0.2899635578228708	0.2576329352398269	0.2184719251418352	0.1292919358690026	0.397833378275823	0.4032231267927046	0.2498050776669221	0.2777414870454424	0.2835441341001077	0.126252711354943	0.2502832395062833	0.2212910581254782	0.09563249443293467	0.01044193459055678	0.01044151030523095	0.01044083629968774	0.251536710670746	0.2642046943015616	0.2652087169407766	0.2570411114749929	0.2751239644941285	0.2831410308561046	0.2689013905049837	0.2682281744854504	0.2662535611943768	0.7121432786172786	0.5879743065940641	0.5423150192881315	0.5530387762895099	0.5473632029923521	0.5350011325272046	0.5327232696623223	0.5400100320504373	0.5642085720062829	0.4968778391597968	0.4974218648784792	0.3458264915899139	0.4482478226509823	0.4884825388145224	0.501960582514267	0.5095726281252324	0.5202721592248967	0.4731284563821532	0.4770868495406618	0.5103961226407832	0.5116409566092912	0.5072006610709942	0.3708994505907279	0.3475326967809008	0.4118638845214099	0.4804892976540629	0.4954601921689791	0.4435919683324987	0.5089123372141406	0.5092637498857852	0.5090581444739497	0.3228275269988872	0.4231803638145224	0.2713412143148184	0.4700456225015378	0.5012694611992035	0.4988056597525204	0.5618440241475819	0.5014461335613563	0.4912958345982636	0.5160237193400561	0.5395554298375378	0.5177913719800091	0.184552469042537	0.4325608504106041	0.4611389046190079	0.609315383683563	0.3599813813473418	0.5968799243810761
0.367	10.56314716	3.17983021	1.4663221	0.61645616	1.00461848	-0.0245838	14.54780456	-11.82971611	-8.061560200000001	-65.5417229	-3.25285561	4.52941986	0	-9.67453134	5.07619562	-5.23488927	-8.075328219999999	0.82878565	11.8530185	0	-26.39809183	-3.58089844	-9.8864891	0.2322992117761015	0.2424441493213338	0.2536548369358108	0.2405443755120508	0.2467659128478293	0.2501007482979286	0.2852690929144773	0.3042764135736018	0.2599999463685105	0.5049313854253445	0.3059563525430116	0.1758684931774769	0.1650959985282606	0.1609554030022321	0.1592238907194245	0.1225621048766051	0.2781510069911087	0.2242602862901005	0.2498318565262423	0.2231358457128941	0.1903047493098987	0.11555869753689	0.3409559060803778	0.3454788818556689	0.2163666454558143	0.2399240251687767	0.2447962550769192	0.1149271316210385	0.2197692846003942	0.1940053640998532	0.08989229637977054	0.01036514781099079	0.01036480574958059	0.0103642582989422	0.2175338755500146	0.2285508804372385	0.2293657480055802	0.2233044010755752	0.2377295834302183	0.2443157414474783	0.2326777156426369	0.2324030221359434	0.2304915789963495	0.7522536384088396	0.5987236356110278	0.5295652168345808	0.5775247822443808	0.5658932949614379	0.5414370490929271	0.5302184955758504	0.5298189474730219	0.5426414308207071	0.5126113112160028	0.5051132356804975	0.2924134547573171	0.3932201653859263	0.4710218150906488	0.4968884068419007	0.499467660321402	0.5328539296122962	0.461286375998342	0.4629770500889063	0.5088002459936939	0.5093081834494957	0.5036910256883124	0.4003663136597351	0.3802495209913923	0.3727715889776055	0.4704968565486286	0.4919107367360325	0.4306071641924578	0.5017572653865597	0.5009030630231034	0.5006718810316867	0.3498469080519244	0.435575228177747	0.2450286913279501	0.4735345740703347	0.5013163205290576	0.4983298169609653	0.5688399213665811	0.4956011515638893	0.480559308914743	0.5147808363118641	0.540075878599198	0.5180546247460176	0.2201391086000999	0.3851990021609215	0.393159045496988	0.5019640959084578	0.3001826193775043	0.4907269208565414
0.383	10.89816031	3.19098006	1.28091889	0.61452041	1.00511138	-0.02579968	15.43973166	-11.68602544	-7.74776872	-62.36376521	-2.59075924	5.758957	0	-11.94134532	5.1656536	-5.75966094	-6.59911329	0.82617326	12.58825705	0	-26.8493866	-3.49975437	-10.13346232	0.198512260156027	0.2064886241524229	0.2154539351545112	0.205020331070526	0.2100627817157206	0.2127241820680864	0.2372944889851581	0.25522300616208	0.2178391021374004	0.4213371195895949	0.2583744314840883	0.1521776353410545	0.1433370048048265	0.1399150409741656	0.138525885302736	0.1085740444777166	0.235946795121815	0.1916084334312483	0.2120608435411802	0.1906679967463691	0.1637944661739584	0.1026332967537252	0.2874241675434884	0.2911313572090471	0.1848951798453599	0.2043311198730913	0.2083276630550947	0.1042677624597167	0.1910502682183809	0.168324710899265	0.08448975703561609	0.01029287790081104	0.01029261322661554	0.01029218488647582	0.1855312072010911	0.194994349741405	0.1956311890077482	0.1915522030525938	0.2025348718406558	0.2077742925923007	0.1985848451839576	0.1986852316893484	0.196833242809971	0.7900045652714853	0.6088406511564055	0.5175654027606509	0.6005704349077889	0.5833333815205776	0.5474943823312544	0.5278610611415242	0.5202273384589842	0.5223429449989887	0.5274192849159616	0.5123521729059264	0.2421423612678141	0.3414294291364619	0.454588192762297	0.4921145944443794	0.4899571023883851	0.54469559585926	0.4501408885782842	0.4496972388401953	0.5072982444434921	0.5071126322402764	0.5003878394457879	0.4280998318423301	0.4110418261306784	0.3359788402304954	0.461092206096455	0.4885700727991417	0.4183861720606547	0.4950230801370717	0.493034181269991	0.4927789272036744	0.3752769137489005	0.4472409828725468	0.2202639638108976	0.4768182931939081	0.501360423427744	0.4978819649218548	0.5754242952197569	0.4900999920368618	0.4704543435655472	0.5136110640500363	0.5405657127278194	0.5183023920552021	0.2536324164189826	0.3406231449847496	0.3291780016174399	0.4009275897671822	0.2439014316411867	0.3908182116569794
0.4	11.48112046	3.36978671	1.18402288	0.61217459	1.00525478	-0.02685596	15.78383356	-11.71625763	-7.6091138	-58.61623677	-1.97339431	6.09694818	0	-14.48323001	5.40377379	-5.98710444	-5.07977288	0.80678611	13.20611871	0	-27.53686616	-3.50417382	-10.09297689	0.1626136240596978	0.1682858786604551	0.1748654770118805	0.167276033851406	0.1710657048878551	0.1730115804488791	0.1863214723102563	0.2031037607873381	0.1730432051418459	0.3325182121391108	0.2078186403589824	0.1270060988898557	0.1202180739736777	0.117559656319345	0.1165342545475045	0.09371173030389765	0.1911048200106906	0.1569158397687179	0.1719291422445517	0.1561709072194363	0.1356272903420218	0.08890005842161253	0.2305466953480432	0.2333871122720114	0.1514567476342521	0.1665136579964256	0.1695797840319062	0.09294218272581226	0.1605363133124917	0.14103901687364	0.07874955898245201	0.01021609112124506	0.01021590867096517	0.01021560688573028	0.1515283720803597	0.1593405358770819	0.1597882200725518	0.1578154926531761	0.1651404907767456	0.1689490031836744	0.1623611703216107	0.1628600793398414	0.1610712606119437	0.8301149250630462	0.6195899801733692	0.5048156003071004	0.6250564408626599	0.6018634734896633	0.553930298896977	0.5253562870550524	0.5100362538815688	0.500775803813413	0.5431527569721677	0.5200435437079446	0.1887293244352172	0.286401771871406	0.4371274690384233	0.4870424187720131	0.4798521345845547	0.5572773662466592	0.4382988081944729	0.4355874393884397	0.5057023677964028	0.5047798590804807	0.496878204063106	0.4575666949113373	0.4437586503411698	0.296886544686691	0.4510997649910206	0.4850206173661951	0.4054013679206139	0.4878680083094908	0.4846734944073091	0.4843926637614114	0.4022962948019377	0.4596358472357716	0.1939514408240294	0.480307244762705	0.5014072827575983	0.4974061221302998	0.5824201924387562	0.484255010039395	0.4597178178820266	0.5123681810218444	0.5410861614894797	0.5185656448212106	0.2892190559765455	0.293261296735067	0.26119814249542	0.293576301992077	0.1841026696713493	0.2846652081324447
0.417	11.52785232	3.41769987	1.26029829	0.60968581	1.00475981	-0.02818875	16.32414019	-11.67777008	-7.96865204	-54.12029454	-1.78472436	5.7254957	0	-16.29684419	5.51446019	-5.97214945	-3.79917286	0.82151044	13.49135492	0	-27.81671717	-3.36195356	-10.33265872	0.1267149879633687	0.1300831331684874	0.1342770188692499	0.1295317366322861	0.1320686280599898	0.1332989788296719	0.1353484556353547	0.1509845154125964	0.1282473081462915	0.2436993046886271	0.1572628492338766	0.101834562438657	0.09709914314252902	0.09520427166452443	0.09454262379227307	0.07884941613007872	0.1462628448995663	0.1222232461061876	0.1317974409479233	0.1216738176925036	0.1074601145100854	0.07516682008949996	0.1736692231525983	0.1756428673349759	0.1180183154231444	0.12869619611976	0.1308319050087178	0.08161660299190784	0.1300223584066027	0.1137533228480151	0.07300936092928792	0.01013930434167908	0.01013920411531481	0.01013902888498474	0.1175255369596285	0.1236867220127589	0.1239452511373555	0.1240787822537585	0.1277461097128356	0.1301237137750482	0.126137495459264	0.1270349269903344	0.1253092784139166	0.870225284854607	0.6303393091903329	0.4920657978535499	0.6495424468175308	0.620393565458749	0.5603662154626996	0.5228515129685807	0.4998451693041536	0.4792086626278373	0.5588862290283738	0.5277349145099628	0.1353162876026205	0.2313741146063502	0.4196667453145496	0.4819702430996468	0.4697471667807244	0.5698591366340584	0.4264567278106617	0.4214776399366842	0.5041064911493134	0.5024470859206852	0.493368568680424	0.4870335579803443	0.4764754745516611	0.2577942491428867	0.4411073238855863	0.4814711619332486	0.3924165637805731	0.4807129364819098	0.4763128075446272	0.4760064003191483	0.4293156758549748	0.4720307115989963	0.1676389178371612	0.4837961963315018	0.5014541420874525	0.4969302793387447	0.5894160896577555	0.4784100280419282	0.4489812921985061	0.5111252979936525	0.54160661025114	0.5188288975872191	0.3248056955341083	0.2458994484853845	0.1932182833734004	0.1862250142169722	0.1243039077015121	0.1785122046079104
0.433	11.4933747	3.60258443	1.05685564	0.60709424	1.0036524	-0.02828652	16.74230806	-11.60952174	-8.135573340000001	-49.06786304	-1.68371548	5.05090811	0	-17.92056847	5.76602761	-6.4595004	-2.68120744	0.89428545	14.17079436	0	-27.95944553	-3.52806105	-10.17576373	0.1002054343926252	0.1011732704140528	0.1031194468261062	0.1001983346306174	0.1016821782359526	0.1022378007569095	0.1113744427306892	0.1134576606444487	0.1025454935594293	0.1738579524831467	0.1157948897933809	0.0818537960851573	0.07957470732848522	0.07862289972718214	0.07849011911749558	0.06931427923050562	0.1096558592998109	0.09492821227241148	0.1003843220961674	0.09512173957500986	0.08702531576373988	0.06687969972177155	0.1246591694429514	0.1258485628307471	0.0920600108147093	0.09885320759881867	0.1002310336515874	0.07115612090743477	0.1079827993948654	0.09409365455886295	0.0700367694698498	0.01008834838277721	0.01008829985128134	0.01008821054060641	0.09146654149752198	0.09589609730714663	0.09598377153911752	0.09785132817771369	0.09830072441066481	0.099374193914764	0.09773886187813928	0.09891890927297178	0.09733283987249847	0.8758132365612235	0.6226502642884186	0.4715028319015393	0.6574207235678549	0.6249039711644028	0.5587049921345493	0.5184149509950993	0.4909920222508659	0.4606494389857437	0.5686785170236752	0.5325871235132942	0.1304400509599725	0.2149678603574434	0.4128833312308545	0.4798926836519244	0.4645136115505855	0.5745860712297235	0.424634997137196	0.4177329702933592	0.5025648452624467	0.5003665510580735	0.4912486452527566	0.5200806177449602	0.5138138269179578	0.2442630529054428	0.4346060489615381	0.4779319510414422	0.3925364379055676	0.4768612922162146	0.471851801659809	0.4715352472843894	0.4554857107715425	0.483710722893375	0.1613940691108828	0.4845758143531035	0.5011162515301991	0.4964589214230677	0.5898030099916853	0.4766291552000346	0.4462176201155593	0.5102037487312834	0.5406867934582735	0.518279164104018	0.3313265366349372	0.2051221576272133	0.1342774457624532	0.1046142505340517	0.08179239438645315	0.098153112394804
0.45	11.71615059	3.93300767	1.0436162	0.60491605	1.00237945	-0.02881769	16.44936179	-11.71567071	-8.612569969999999	-43.44985004	-1.71104559	4.22326191	0	-19.80663914	6.12729717	-6.50161432	-1.69114925	1.05203556	14.57342549	0	-28.31840971	-3.72473476	-10.23802789	0.07977126915112447	0.07794255755284711	0.07749806437705677	0.07560915259619169	0.07610804918773913	0.0759453989714967	0.1114026819831766	0.08583233963687674	0.09272503455790154	0.1142639864969847	0.07823126710743343	0.06456620403516931	0.06545421205479096	0.06574286901515047	0.06637017743882492	0.0639144274927318	0.07670799001145523	0.07161885903816771	0.07376314583281464	0.07319566310226849	0.07176854425969231	0.06300280727246131	0.077390277505397	0.07777991069629644	0.0703370457328925	0.0732543188684841	0.07395206104087378	0.06025317621183394	0.09166269140081294	0.07960255347003961	0.06946021067170788	0.01005685374967674	0.01005683284586058	0.01005679955954799	0.07009401126127697	0.07249483367204355	0.07240859632805834	0.07585469866553628	0.07312366170746215	0.07285675362028633	0.07361544038059609	0.07499752397308321	0.07364489017001224	0.847577274146223	0.5955617148548873	0.4405563317070674	0.6496760557074224	0.6159584913198314	0.5487389759965072	0.5114920308879229	0.4823701693400452	0.4427782299318707	0.5737536569574848	0.5352066968433552	0.1734910849269424	0.2351322273435723	0.4159293000268761	0.4805500454978808	0.4634972744903708	0.5720490368581127	0.4326058998398927	0.4238853467530493	0.5008847243999442	0.4982781876348193	0.4902534433516454	0.5608387566757616	0.5604410014858472	0.2546015564446791	0.4307832808533703	0.4739605833293003	0.4057759745612219	0.4758316199791934	0.470732851017252	0.4704203105277898	0.4840776539162122	0.4961358825307052	0.1744362885544094	0.4827435510802101	0.5003513747661813	0.4959331286438093	0.5836293184822871	0.4786897824084775	0.4510813426228182	0.5094883395769408	0.5382117340117719	0.5168477276862073	0.3095966844166355	0.1658322628032821	0.07700802496121027	0.03854266548295093	0.05125419056179036	0.03354304496648755
0.467	11.58822586	4.28216105	0.88847579	0.60212076	1.00027413	-0.02888676	16.34581035	-11.73219371	-9.017567339999999	-37.35685216	-1.89198599	3.80574501	0	-21.07227645	6.53298745	-6.87659843	-1.09771014	1.37341583	15.1599069	0	-28.32750776	-3.99232708	-10.26223166	0.08577003041949921	0.08279969994255097	0.08191119841903474	0.08055100739548307	0.0811962965289024	0.08084432799920621	0.1107944998941651	0.0890522838396213	0.09122757059869846	0.1257392208625643	0.08475999970674379	0.06583569015959689	0.06637868809514176	0.06661556235428777	0.06722372577872961	0.06323812954999372	0.08306285329150419	0.07517617415332946	0.07727410112206201	0.07685018216179926	0.07400897480865797	0.06177910272289641	0.08601004200087889	0.08654735462754276	0.07323856191417166	0.07729734127892049	0.07803035139562033	0.06289007989101875	0.1046045538893026	0.08991823924168305	0.06670482948243407	0.01006526488812738	0.01006522592120656	0.01006516738010752	0.0742922096966593	0.07650054026288707	0.07640118137611089	0.0798959943295636	0.07704231110859797	0.07671093114737709	0.07758103961998207	0.07898564567002481	0.07761503484453977	0.8501100180198387	0.5865552790049829	0.416695927391568	0.6483920289717278	0.6139595571748278	0.5440723303044624	0.5170343032856022	0.4999983965755794	0.4628842268257223	0.5811896358899076	0.5318563669232382	0.1641067732629354	0.2347830219526384	0.4138841497512425	0.4811630844551841	0.468539500600515	0.5663690552796554	0.4308761881148709	0.4238605257778396	0.5006645731187498	0.4984520639778291	0.4906815983214113	0.5479196700083844	0.5444249551879293	0.238193285714231	0.4216965931438766	0.4703555761539185	0.3437532790409976	0.4754061815372861	0.4703144702718213	0.4698327972036958	0.5111111920602877	0.5081608615528248	0.169697298306123	0.4786455513605398	0.4996271820397006	0.4953596311592839	0.5806712200301826	0.4809761648439459	0.4557629415190316	0.5098056664464292	0.5381394407237672	0.5165094693111731	0.2094370568691944	0.115323853911965	0.0883010200119556	0.07376738490763894	0.07986722742657332	0.08090669571557633
0.483	11.2148096	4.53734217	1.11485223	0.59957293	0.99777902	-0.0288623	16.04338866	-11.67012826	-9.838744050000001	-30.79582786	-2.0911299	3.8785562	0	-22.18259949	6.67507077	-6.5668779	-0.3609172	1.61981249	15.40835592	0	-28.14740142	-4.09001609	-10.36954022	0.087332962770964	0.0841118533464866	0.08314416998087479	0.08231252403084612	0.08299582226910915	0.08259072565881036	0.1154065564700488	0.08880112399911561	0.09022742367967543	0.1335886090472263	0.08750289332205942	0.06655508629822567	0.06660963922602592	0.06670196241163813	0.06724013649640269	0.06225190515634169	0.08562583197028306	0.07656062091868701	0.07836443526245813	0.07801525777330642	0.07421676203629378	0.0602892423242126	0.090981496259255	0.09160792578503972	0.07402504702715665	0.0788376296048718	0.07957354384546703	0.06364565869510033	0.1315052678174895	0.1143414073106822	0.07843339250756762	0.01006723037744796	0.01006718851765774	0.0100671262799397	0.07616617404123624	0.07804917078542281	0.07793366507530043	0.08144992894893391	0.07837180228343005	0.07789587338701395	0.0790215069454879	0.08041498274717922	0.07908659646082927	0.8612916499772321	0.5856376981230049	0.4088900697160418	0.6517078538867702	0.6165491360974984	0.544002722109705	0.5196224698887513	0.507158019133751	0.4693472851398116	0.5879721534057887	0.5317035914496282	0.1515647281432966	0.2264928021768154	0.4110266190661274	0.4810006292266695	0.4700635083618252	0.5654426928389453	0.4288981646958673	0.4228965191357036	0.5005105084631614	0.4983533296586994	0.4905731447863066	0.5473868124073272	0.5438774827682575	0.2352114829707337	0.4191807715187609	0.4716466965210027	0.3121704439970661	0.4742734955526301	0.4690706962686229	0.4684213690855812	0.5371881952746784	0.5200574489648285	0.1711704818972938	0.4791112707894535	0.4997313160816189	0.4955560742787827	0.5778952407970671	0.4813597624215001	0.4568311282113967	0.5095723337729665	0.5370068591367217	0.5160788909150238	0.160518739592225	0.12273219881987	0.1003820556797157	0.08231304489104833	0.08630000689291772	0.09766303702970947
0.5	10.682205	4.83310128	0.88197949	0.59742922	0.9945192899999999	-0.02750977	15.8890328	-11.3887692	-10.01683442	-24.14906898	-2.34072566	4.38677688	0	-22.95143974	6.94266709	-7.3186611	-0.00653236	2.10212461	16.53985556	0	-27.69628153	-4.47002534	-9.97709397	0.084655432749452	0.08204303694014604	0.08135110050780696	0.08111389208170126	0.08173156712588527	0.08140289165775969	0.1258153587828131	0.08504746513529644	0.08959957543595454	0.1387933245740536	0.08680280965529485	0.06681431696838427	0.06617593433880394	0.06601286919437035	0.06642146093155334	0.06083247626256922	0.08471729838263925	0.07594525517991013	0.07717044002155257	0.07683652438822841	0.07241787934605426	0.0583469935265744	0.09292607206282243	0.09359419556347449	0.07279481171097063	0.07806771988708198	0.07877453744664477	0.06261435997458893	0.1757274224263973	0.155924953685662	0.1061119701252502	0.01006299590380355	0.01006296595977052	0.01006292112152356	0.07595014983807996	0.07733430405496777	0.07719760788802568	0.08071074435106852	0.07727832162881244	0.07655969811915157	0.07811690077280187	0.07946420233919076	0.07824352022091698	0.8825198740130777	0.5926942745987062	0.4161630264710476	0.6600380085669298	0.6240509254531769	0.5485214503878904	0.5195800515227643	0.504743989834332	0.4629752871634001	0.5949490241946135	0.5347292734883239	0.1342971939280714	0.2092252905441257	0.4069995166358915	0.4800423729087728	0.4682597987444655	0.569154154230894	0.4264245766555064	0.4208728259963747	0.5004032723512303	0.4979696428875392	0.4899145260544434	0.5591735766724582	0.5587301501743727	0.2452834228712499	0.4229213382748837	0.4779953344764381	0.3070796150489354	0.4722919762771436	0.4668460572572571	0.466009597658682	0.5655682889611835	0.5333127181932167	0.1790399872768184	0.4841989242955654	0.500676793647176	0.4965470133922428	0.5749543833788011	0.4798885248383346	0.454419426036459	0.5087591749723703	0.5346724165522552	0.5155021701982406	0.1567269429261053	0.1889833406404849	0.1147612614229608	0.06524785293110553	0.07135662639411683	0.08590661157315393
0.517	10.24465285	5.25178834	0.7464237500000001	0.595166	0.9910460800000001	-0.02656197	15.52815655	-11.2868565	-10.00069766	-17.64615517	-2.33688059	5.82457538	0	-23.77630099	7.31184874	-7.62439468	0.25800067	2.55567926	17.23835457	0	-27.41160086	-4.85354616	-9.948797130000001	0.08487807696476182	0.08234188496271926	0.081396028094783	0.08142784730544915	0.08195789844908093	0.08163648998950809	0.1639034421554358	0.09414437512121518	0.1104581991386509	0.153401517283465	0.08694189930438501	0.06803179481609602	0.06750094639463659	0.06740045910545464	0.06796623890989507	0.06310986214102217	0.08415958010056936	0.07657929148904932	0.07929369781112218	0.07747683234443845	0.07350022367394804	0.06041290862069311	0.09326886910496719	0.09393514290228222	0.07281014990416559	0.07843778610838487	0.07912988813855948	0.05926621173219732	0.2111827372321745	0.1859418321579762	0.1303642032420121	0.01006529073449472	0.01006523261133819	0.01006516348104248	0.07673042955642348	0.07790854684695928	0.07778105726495682	0.08097342684782806	0.07774464640971983	0.07701507371306088	0.0785773303860323	0.07979259897260615	0.07870429937942225	0.8833674217908956	0.5927315486455311	0.4182070564285589	0.672129408763521	0.6333589196667206	0.5520761041498917	0.5087214930636924	0.4778343504542196	0.4187504013037223	0.6048465328458781	0.5461459933556938	0.1377270581964766	0.1811482549641665	0.3940882562211045	0.4771552422137334	0.4605186299913683	0.5811885999955142	0.4245209275233535	0.4171240445851213	0.499423238993631	0.4959098114195459	0.4877428149520121	0.6216000466773387	0.632986218205852	0.250305190040354	0.4229856000606014	0.4850988527180022	0.3570389806777285	0.4690382110631546	0.4632573020511763	0.4621378559822441	0.5977095378333501	0.5479245033403526	0.1669930441852808	0.4822815745929114	0.5003491737417201	0.4963012186004016	0.5706692886436219	0.4811267112376755	0.4570165306049692	0.5089724193771894	0.5342050404746522	0.5149629472960429	0.2006922826251719	0.1966091146545401	0.1064528452365423	0.04978297882241504	0.05829617449993992	0.05535907902935927
0.533	9.77822098	5.58197971	0.80238562	0.5933663300000001	0.9872366299999999	-0.02537151	14.98362733	-11.0972031	-9.67014344	-11.35209308	-2.44428587	7.13520236	0	-24.50836525	7.4537359	-7.70665495	0.35908666	3.19418061	18.0245827	0	-27.01904785	-5.09720894	-9.815908159999999	0.08436911224555523	0.08139865326518247	0.07998240006340973	0.08155279713215469	0.08194741624505314	0.08144339254335432	0.1887990073958025	0.1008591965247547	0.119020452788234	0.1654340298782102	0.08756168571863629	0.0695678653442478	0.06791830353930894	0.06741582622630347	0.06790787872731728	0.06263446655465672	0.08371776727595011	0.07712853745545693	0.08046862073299182	0.07738775057679997	0.07266801437300364	0.05940340576570469	0.1011021313998342	0.1019272109347665	0.07251227313945344	0.07856470294455993	0.07915268055620764	0.0542798268552786	0.2556398826668582	0.2280444083594944	0.1801991638140531	0.01006593102241381	0.01006584565794129	0.01006575699739057	0.07705684811228551	0.07813716793255179	0.0780289986997468	0.08073566404112682	0.07802274752199118	0.07741528131108474	0.07872698829579923	0.07976433520245936	0.07882454855692386	0.887735440660399	0.5983417417097382	0.4231144820970777	0.6818208841092483	0.6413494848942733	0.555767706715303	0.5045372519084906	0.4675836463180801	0.4016508613846855	0.612729308519936	0.5523660976103552	0.1171235422159189	0.1528635641622659	0.3807444694972831	0.4745887997642534	0.4565723141142395	0.5889006930617283	0.4192589093154763	0.4119765428014334	0.4990936519102185	0.4951367818109524	0.4865882821495792	0.648960989317643	0.6658405298366997	0.2418160936847684	0.4200715151675868	0.4896352095083492	0.3652206879065122	0.4660906275843071	0.4599413556992505	0.4586272276442683	0.6266039092441288	0.5609376166203439	0.1740376655551314	0.4805628544819505	0.5000144527630502	0.4961794193357681	0.5657365967410599	0.4830545375484697	0.4610152183492621	0.5090594870786491	0.5332123743381159	0.5142428314533231	0.2166631546898027	0.1693593923747324	0.09409575103961802	0.05330233469528422	0.05993415965504348	0.04396982209136641
0.55	9.536927970000001	5.82485661	0.3700571	0.5924121	0.98323696	-0.02343966	14.30562331	-10.76535039	-8.61463605	-5.78476803	-2.43648849	8.228339350000001	0	-25.50674321	7.65506891	-8.794354759999999	0.46700194	3.78515091	19.6297792	0	-26.68654524	-5.41133844	-9.386152040000001	0.08306491800193137	0.07909543788534364	0.07693351290976552	0.08150436029015611	0.08169881023829845	0.08079946213852916	0.2036140001589591	0.1060312820213575	0.1163566180909019	0.1763949264326323	0.08873964219983013	0.0716145373688586	0.06748017541590501	0.06606089144702296	0.06623908536099775	0.0593468650551772	0.08333663330570411	0.0776616488249339	0.08084207415239524	0.07655814386435823	0.06981722528060302	0.05519229710473561	0.1174050167342818	0.118569408164988	0.07186394682124514	0.07846433500012906	0.07884576375179529	0.04703190723421793	0.3146560019097838	0.2874955043154063	0.2618462219128783	0.01006499680355071	0.0100648817304052	0.01006477586011134	0.07697020782514885	0.07804874494744438	0.07797242487174441	0.07996773558012718	0.07814738760466042	0.07781034686297615	0.07858458174082351	0.07937587805748204	0.07861929890060955	0.896169932980276	0.6102261279243533	0.4314987316851691	0.6903238690223281	0.6490214417892793	0.5600577084048004	0.506504297912759	0.4727105394088962	0.4095392249164105	0.6195826981760445	0.5541670992841408	0.06991120648882863	0.1208356317881862	0.3653001831239498	0.4720222402541479	0.4559275616284379	0.5932544450628131	0.4099807697558902	0.40478688292235	0.4993733127155663	0.4955539253606844	0.4863066110468406	0.6446765224234093	0.6613998740207722	0.2187549967600451	0.4138148229842132	0.4921714494462722	0.3326474501388847	0.4630807779057452	0.4564837249074893	0.455038884102508	0.6558631996198668	0.5739786971931896	0.2010544290576017	0.4788279239488122	0.4996307905888327	0.4961663906902632	0.5595397211832951	0.4859129820595669	0.4669153252373746	0.5090312615394319	0.5315703348755789	0.5132518081897414	0.2066359181280766	0.1038279585160857	0.07614534205757252	0.07624584003382172	0.07647533000381548	0.05031518364192623
0.5669999999999999	9.51951107	5.92572658	0.27114649	0.59165773	0.97964465	-0.02204208	13.56562536	-10.45583331	-7.12244669	-1.64545874	-2.43187349	8.034284599999999	0	-26.66637106	7.55315092	-9.295052460000001	0.39624468	4.34087515	20.78142918	0	-26.66486588	-5.38487983	-9.096586739999999	0.08325002520801465	0.07973115178764806	0.07836240984939107	0.08242132116108182	0.08291103250214156	0.08204534993413981	0.2593307564405156	0.128667288484643	0.1477494587501948	0.2080569658522472	0.09132613754217278	0.06859842389637102	0.06372626962909853	0.06207435572177497	0.06228364534852832	0.05281730288116764	0.08116888063417824	0.07738515823472336	0.08444029171766157	0.07617131515734292	0.06765440215047437	0.04848520637908375	0.1300407673303195	0.1317242417587583	0.0712013467284473	0.07915449619605268	0.08011127743151678	0.0307849941892335	0.2407333862331642	0.2146793288178399	0.2054323786212717	0.01006562694274297	0.01006546472363416	0.01006532477209386	0.07712355959399968	0.07812424495770924	0.07808301887185662	0.07944284413071515	0.07835905516910519	0.07823031710776976	0.07858396306511858	0.07915375560747398	0.07857289296098326	0.8941815699609728	0.6093199877144485	0.4268128257150809	0.6962541984363821	0.6528963270046633	0.5606666387415787	0.5042858917876806	0.4597028658458936	0.391319511604501	0.6312722570303314	0.5627243283785839	0.07645928158154675	0.1113838088133709	0.3284618727004405	0.4650231024787328	0.4497872443816927	0.601602923472551	0.4030507681716232	0.3978152575694236	0.4988368107907066	0.4944415298111315	0.4837612762608685	0.6793598224880811	0.7031486833636598	0.1977006992149931	0.3987825378568958	0.4952025826844727	0.3467995041323992	0.4533605121430576	0.4447784026587214	0.4432960658907256	0.6921349195126351	0.5895991269878939	0.2189114099591469	0.4647413686407027	0.4968693700600962	0.4939721039240686	0.5480749947336951	0.4948230779821063	0.4836121315455127	0.5110551483699688	0.5328011251997546	0.5118274860718202	0.1904887373696829	0.09501158602956747	0.09271617040326886	0.06547814590745145	0.07498921306804349	0.05313905590364999
0.583	9.489618159999999	6.15814788	0.79469706	0.59039056	0.97650509	-0.02107798	13.3293079	-10.58361433	-7.19386599	0.30328753	-2.31105628	8.797404220000001	0	-27.38426649	7.20073335	-9.192744510000001	-0.42677217	4.97397343	21.72263692	0	-26.84723357	-5.21261951	-9.386720479999999	0.08131683662150768	0.07815936063580846	0.07711250727096192	0.08222193713895967	0.08271876925150179	0.08186277690968115	0.2538726221851531	0.1288754480559262	0.1482314115695572	0.2075006628198534	0.09243057439171048	0.06988480358269616	0.06375104076399166	0.06171194314654972	0.06146089960656884	0.050119842512547	0.08224355891234511	0.07774265271727532	0.08455559740646712	0.07552198869072972	0.06554400589885813	0.04530792961771112	0.1359824771489058	0.1377413888259808	0.07149004797972666	0.07953874543416455	0.08029200886036747	0.03259365919692635	0.1974490958370948	0.1698061325909014	0.1704370978647763	0.0100657647001491	0.01006560782441634	0.01006546832084895	0.07652470613131934	0.07802472760296611	0.07801135293563433	0.07927082149772167	0.078546680623576	0.07858969051057046	0.07864365162219993	0.07922510556915359	0.07858070854292672	0.8812820562475073	0.6066867064300985	0.4239061784521562	0.6981620351962683	0.6532957537524995	0.5596273927264545	0.5015523023738417	0.446024410940469	0.3746811135126982	0.6376676899464235	0.5696032282390375	0.07643951717310407	0.10019906031178	0.2957406697668276	0.4581639461799638	0.4444892408100436	0.6076631689086194	0.3988932119671762	0.392541240482137	0.4984537213087112	0.4936021940862536	0.4817332831721758	0.706098811110851	0.7353755257772903	0.1831794226947786	0.3877584917759763	0.4967047438443376	0.3745464647168569	0.446403396645726	0.436170845683714	0.4350235088022171	0.7128771131173295	0.5980565049900036	0.246000585801525	0.452654670108609	0.4943915661340146	0.4921124426383672	0.5369861220693566	0.5027529669441242	0.4982982276488169	0.5127911562460182	0.5335314590691778	0.5104032502180702	0.1760665515129006	0.1174210175625385	0.1056196771498942	0.05752731965373943	0.06950909645446307	0.08108028988789603
0.6	9.460449580000001	5.99782297	0.84837347	0.59084529	0.97340248	-0.01866737	13.67521307	-10.13670497	-6.41278537	0.08279860999999999	-2.00091695	8.05703278	0	-28.21262039	6.5558755	-9.725954939999999	-1.13108693	5.29738694	22.79864456	0	-26.7248954	-4.9111972	-8.95602575	0.07702370366909707	0.07418359053584486	0.07302756735217443	0.08088128522102442	0.08109798758004912	0.08022892143709581	0.1865573306109508	0.1066817806816173	0.1178627206514091	0.1746564794564014	0.0921910073546354	0.07563447388862472	0.06755758521244606	0.06492835214944408	0.06366800491737439	0.05091730140323773	0.0866950029249756	0.07877881908290879	0.08120240442991253	0.07452899865619196	0.06322223699430224	0.04526330722544615	0.135972859917364	0.1373729927500581	0.07276613823149314	0.07966511386922863	0.07941054946695369	0.0526839853832582	0.1793925944220673	0.1472667661062239	0.1524859695488305	0.01006542729544489	0.01006532892034953	0.01006522444997101	0.07509879075427282	0.07773775321387212	0.07774846882104974	0.07943016485202259	0.07873371714988173	0.07893338874672835	0.0787711084817027	0.07959884668773082	0.07864372259418287	0.8558589526256966	0.6019971239107592	0.4224154589885291	0.6962858588969719	0.6502696503762673	0.5568100646075371	0.4979618309945124	0.4299653678294441	0.3575442308795272	0.6395684260388321	0.5756636613480584	0.0698494427124452	0.08588329272071488	0.2630464239564096	0.4505873768204948	0.4393713004670342	0.6121927120505269	0.3969884066169932	0.3883055795245793	0.4981761580843306	0.4929310012204408	0.4799691326446761	0.7282358618695651	0.7621087565633672	0.1733760076343747	0.3793646789813401	0.4968657030708498	0.4193567019653147	0.4413397919765841	0.4295851093605911	0.4291871432009188	0.7206825546345366	0.6004080034497824	0.2857081035650332	0.4410569910360196	0.4918876533198275	0.490354949172446	0.524886994107237	0.5106938850658729	0.5128093755602	0.5144562861520859	0.5338526282175261	0.5088010711467728	0.1615665873256319	0.1738574320566203	0.1164688006407766	0.0513995079909717	0.05934996558637666	0.1376315398426951
0.617	9.58086065	5.60760801	1.170863	0.59168501	0.97094769	-0.01631285	14.27640057	-9.52118067	-5.94984089	-2.0028524	-2.17130193	6.70140195	0	-28.96153503	5.48397606	-10.11549605	-2.27271643	5.58830754	23.71579546	0	-26.78676963	-4.23638603	-9.001679279999999	0.07934583290199604	0.0771968394836382	0.07648197261172605	0.08040395032587651	0.08063817003710395	0.08021922603976396	0.2566716093762676	0.1472046149627076	0.1926256343351362	0.2028472874169595	0.08771945323042493	0.07581335764714273	0.07060689488685928	0.06898299141247601	0.06835134557081901	0.05992656112298213	0.0765095256833741	0.07847965876114359	0.09046734417085966	0.07640129906424421	0.06937192797611103	0.05578261012877015	0.1137568738206462	0.1146245502775692	0.07423333636189983	0.07910227565779422	0.07978665876087784	0.04366350549823601	0.1518807403877734	0.1319767563546672	0.1352203860105951	0.01006552667705692	0.01006544595416155	0.01006535371745518	0.07315785417532611	0.07733109632152056	0.07734101638776635	0.08080110802595025	0.07891165110884717	0.0791676096373541	0.07908415244400938	0.08068507838278882	0.07891730619485518	0.8165848244570968	0.5803751122477881	0.4087752497885082	0.6786528450609678	0.6339054210339959	0.5453346150978042	0.5003511632944572	0.4437868917987722	0.3831889417170151	0.6414965288142622	0.5720327501003507	0.06472367812482471	0.08290821506421012	0.2391572228347166	0.443849897477771	0.4411034653761002	0.6031856968838287	0.4026767281509289	0.3943329879171474	0.4983653203513222	0.4935431867235196	0.4802607230833296	0.7020633166718274	0.7321599518532286	0.1626345115668239	0.3746028107006794	0.4966315961155475	0.3864814667404537	0.4221711889629247	0.4067123590839407	0.4054086533728186	0.7197711078038792	0.5986554412813543	0.3532345506346636	0.4229766572693008	0.4880725750138881	0.4876713819107601	0.507608775914826	0.5216406322052943	0.5326815461154468	0.5173193539843314	0.5353741621326575	0.5065974721629206	0.2024517071483072	0.1717713096465813	0.1077527112298674	0.04320682960053986	0.0608911419420318	0.1019712148709368
0.633	9.81717246	5.53694734	1.81221321	0.59282228	0.96923459	-0.01431591	14.89137355	-9.318765750000001	-5.79959634	-5.19069081	-2.56784449	5.14951455	0	-29.66159189	4.55499146	-9.70084838	-3.68618849	5.4903245	24.03401842	0	-26.99803998	-3.71280189	-9.3950148	0.07995711020619455	0.07841567827157318	0.07799346512888729	0.07989385129040744	0.0801282501275753	0.07993661493695731	0.315576377760028	0.1749793338958762	0.2456132969654072	0.2231806103674015	0.08482162727684477	0.07620995542616589	0.0727356707249624	0.07166218967326533	0.07126376999817902	0.06500802781286112	0.06976968726554386	0.07832992286563281	0.09638645098976653	0.07706417062975512	0.07226271503496584	0.0618190363066966	0.09902027504069616	0.09948102435326689	0.07561475059759962	0.07886482503931816	0.07966811653597791	0.03378254092457031	0.1344850022994079	0.1155316957528453	0.1300325782350201	0.0100655597275554	0.0100654806486507	0.01006537182141016	0.07118860385110946	0.07691454814573798	0.07687688236729684	0.08366574575436853	0.07889338261722675	0.07893221538870435	0.07949202516645745	0.08235830431243218	0.07939149979611394	0.7736696717639916	0.5386209501423141	0.3773679159273707	0.6600944872906782	0.61438680805374	0.5286213617534279	0.5015347433106404	0.4526688187823001	0.398056567206702	0.6453989340242237	0.5692337759841291	0.1215242260171064	0.1228783761827441	0.2519770843256839	0.4442080924133404	0.4429940026248032	0.5937024595499619	0.4172501093560049	0.4095439023032953	0.4976997346218655	0.4927665526786146	0.4804252883144354	0.6999819821937188	0.7304508007325652	0.1873358434973905	0.3786855535293573	0.4958025398403093	0.3716585367707214	0.399496853332317	0.3801478195440492	0.3758338608731122	0.7167825792989917	0.5965400946975299	0.3864765753116043	0.4120842228360144	0.4857407209926887	0.4859828913720381	0.4969708069728929	0.5281183640339113	0.5443440115857617	0.5192102089041107	0.5366158126351316	0.5052868747237758	0.2096822962899952	0.1374717815131108	0.1000505383289753	0.07006014136844244	0.06914666214497052	0.1269389030811013
0.65	9.673018949999999	5.5261068	2.34439852	0.59424334	0.96730292	-0.01184176	16.04067386	-9.146049379999999	-5.78469297	-8.9304597	-3.42596243	3.52554762	0	-29.6874013	3.72575627	-9.4625751	-5.59714207	5.43156438	24.83437803	0	-26.74738619	-3.33672625	-9.79764701	0.0789339452447174	0.07799246174814163	0.07775098146830325	0.07928722573518356	0.07950448786277206	0.07934576174082504	0.3706347318102011	0.1934777773477688	0.2834491663710051	0.2381981136765322	0.0831353012496974	0.07687384194807217	0.07421000970651828	0.07330084671441074	0.07276933125287441	0.06679688480910954	0.0656330078692562	0.07831089440943764	0.09969961323899645	0.07660047229841355	0.07225594655322347	0.06412713903146626	0.08992098873002038	0.09004947423661358	0.07708305771805496	0.07892308068649097	0.07904010501414145	0.02180597109055307	0.1250309128959249	0.09587595172553046	0.1362740702501586	0.01006553057825264	0.01006543734062812	0.01006528102483034	0.0689448834910958	0.07643604016455154	0.07629805000708254	0.08838215775332965	0.07867662811356793	0.07819778171969789	0.08004571073935299	0.08482767771786634	0.0801255775981165	0.7217491004597425	0.4715153673311531	0.3242675406724748	0.6382909908648172	0.5892739848129676	0.504581147906361	0.5016605185450852	0.457721389652969	0.4040055605347986	0.6517634423199621	0.5669168672348656	0.2473511548758254	0.2107900462161334	0.3031084911156826	0.4517067359941493	0.445279229369231	0.582557595382193	0.4425302228828559	0.4358396869812914	0.4960962026797784	0.4905040198301128	0.4804833989918816	0.721731691625476	0.7567676593112944	0.2505676699173954	0.3921232503209589	0.4942749022107305	0.3730350458099017	0.3704824931309352	0.3465709232984304	0.3367659166393366	0.7113434030567631	0.5937975453753316	0.3895894306804726	0.4070181334319998	0.4846006095035793	0.4850784162389398	0.4916433411636961	0.5309367970303008	0.549254580154934	0.5203652077763967	0.5377327860377576	0.5047054541494452	0.1841621783934068	0.06667140663952521	0.09239951032548904	0.1353161072656673	0.0851484662205601	0.21565556549946
0.667	9.552163309999999	5.52915323	2.79041746	0.59601189	0.96638769	-0.00960307	16.88858202	-9.053674969999999	-5.72493536	-12.286446	-4.75045818	2.38911912	0	-29.51137775	3.06303225	-9.00295936	-7.86876924	4.96248208	25.08865493	0	-26.49713918	-2.89915401	-9.965869720000001	0.07100236137039556	0.07183896314458821	0.07207192777513671	0.07646857464142121	0.07629361154310338	0.07615841267186674	0.2348226483494295	0.1375638037961585	0.1834945320440234	0.1676287636202281	0.08076936690084953	0.08452305958503954	0.08123955866789961	0.07982482836562117	0.07802745515494261	0.07283621647041821	0.06959349204767865	0.07965587854517847	0.09044906175442666	0.07607852652010288	0.07238121877594926	0.07122816652730332	0.08671394921376489	0.08667618951129694	0.08129875213907622	0.07924061385079659	0.07710782298066933	0.03285921872357187	0.1300842055640061	0.1036272904642208	0.1407750362351053	0.01006548866526357	0.01006543389089756	0.0100652925695887	0.06594125586733335	0.07568424413444652	0.0753636191467589	0.09509856974000651	0.07828192840908718	0.07691481864926622	0.08078315925537344	0.08817321529828269	0.08116295197591895	0.6956508391385883	0.431398911500379	0.2834659588346715	0.6317851795554185	0.5783541813141497	0.4898103926037619	0.4997087776323123	0.4426954790659479	0.3941930052590906	0.6564819767053353	0.5727719032864361	0.2627457138461838	0.2278976126433915	0.3136116571215349	0.4471614727247378	0.4362154144806833	0.5827225907667557	0.4574284194472752	0.4487499194679221	0.4945200717379594	0.4874784664126353	0.4772604074546495	0.7488021011084116	0.7888309849010166	0.2799047760345188	0.3977896245876363	0.4923851980444135	0.42777422645199	0.3045660952299644	0.2738093460846228	0.2469542459737703	0.7000313494849881	0.5892376594895081	0.4453414371981512	0.4119363244044211	0.4852079639853092	0.4863548437158048	0.4793421074578596	0.5326421027319334	0.5527807231013722	0.5199270153916079	0.5338082707389681	0.5026599315654516	0.1580991846260143	0.1227953499438744	0.08330604308127797	0.1468242238692438	0.08392554285844472	0.2384694789369557
0.6830000000000001	9.273195980000001	5.69656017	2.86493928	0.59704554	0.96549513	-0.00661672	18.34520637	-9.080877579999999	-5.3046445	-16.39662611	-5.40460038	1.53521826	0	-28.69570377	2.73899918	-8.53242341	-10.8735363	4.24539482	25.00173229	0	-26.12995819	-2.80711159	-9.784837169999999	0.07530233237944074	0.07885914008529035	0.08158221126947615	0.07638166370494567	0.07667370627859238	0.07744408600617145	0.1685591702946053	0.1152191773219765	0.1457906997743662	0.1247501130468947	0.0767607977806134	0.08142689577833626	0.08252037329046337	0.0830130361274473	0.08239950710474056	0.08628138068958746	0.06829115884319148	0.07865774923946975	0.085975741138189	0.07986303547755583	0.08529045533414667	0.09072105870388605	0.0725752620060898	0.07261460000655987	0.0832367937003087	0.07919510975231339	0.07880986512602182	0.03340591588677889	0.124658930821756	0.1020546203458032	0.1190922576637785	0.01006544479300439	0.01006541768875356	0.01006526905390863	0.0639157170873795	0.07518773462557457	0.07470857693515495	0.1000755798254239	0.07794135073928284	0.0758306256566473	0.08127895908050467	0.09057294642949425	0.08185601157502409	0.6758814300761452	0.4181731381965003	0.2700422590828397	0.6238687117297885	0.570333154161312	0.4831619048659961	0.4994190445542334	0.4413166122859034	0.3997912172375163	0.6550658165928179	0.5731951342323582	0.2593768424679453	0.2350947976588274	0.3148772016125144	0.444646666992449	0.4332337963368749	0.5794321981230026	0.4625100317472717	0.4534565789976345	0.4941008997091889	0.4865774876145872	0.4759351568808663	0.741759010774353	0.7803540197182539	0.2805544768867904	0.3992846714849153	0.4909163574952442	0.4331190792570556	0.2520899005095787	0.2178279465701038	0.1704945727343072	0.6806182221464429	0.5807748734037983	0.4743301017254725	0.4157332393556915	0.4857727652694924	0.4872735141955008	0.4722969722070545	0.5330818372390181	0.5538221018059093	0.519879242652777	0.532103501131058	0.5015341655240114	0.1852859916793838	0.2332728584032172	0.08625189546756359	0.1098684948253669	0.06986685386630778	0.1769410855182962
0.7	9.199605910000001	5.26479866	3.33674726	0.60003684	0.96601903	-0.00385229	18.91922552	-8.55661441	-5.20012698	-19.81951213	-5.71276909	0.6976981	0	-27.76593763	1.53487356	-8.01940987	-14.45134556	2.98643587	25.07100315	0	-25.90561137	-1.99960029	-9.846625749999999	0.09237135464798345	0.09993051468783573	0.1074706173881138	0.07901562905869751	0.08069228391117519	0.08336349091052724	0.1635613628888758	0.1236508196159501	0.1656246905283261	0.1042023306348654	0.07060852274895953	0.06719833005212447	0.07821255540203007	0.0832639959701174	0.08643199359599293	0.1088130229940133	0.06156321660523382	0.07519174032909787	0.08572048631325375	0.08842706279045395	0.1125973107975902	0.1250424270832871	0.04573759120603585	0.04610700703431036	0.08313943759690645	0.07878088037873096	0.08435898671836796	0.02351439972557507	0.1080769293263933	0.09096135760547569	0.06851538721476264	0.01006539347744273	0.01006538670892813	0.01006520753833011	0.06261507480374005	0.07488444794932662	0.07425104309582017	0.1039353142702591	0.07761232289542937	0.07480967861776379	0.08159508519288809	0.09232683750290245	0.08229138884532008	0.659969697139608	0.4301848257565321	0.2823184789480003	0.6135520289097239	0.5642082749603496	0.483804623725843	0.5007551026760886	0.4534124309653297	0.4214999729673785	0.6473379419683453	0.568239463940872	0.2368234318188304	0.2332812493893708	0.3070633176499936	0.4438479680807468	0.4359616726698296	0.5722751183704645	0.4584102613203449	0.4505479980116425	0.4947862900898707	0.4876884610862126	0.476341990948809	0.6997220343315435	0.7302771431151612	0.2525979850807442	0.3967952718749555	0.4896847754945766	0.3897377108257317	0.2064943846297304	0.171629049815559	0.09782943776601483	0.6506773801238096	0.5673513388574889	0.4801790073283513	0.4188834926547198	0.4863656135166519	0.4879492614879897	0.4696272935049301	0.5323109673649409	0.5525088886066126	0.5202159179675501	0.5324053810130388	0.5011874352699444	0.269120950435186	0.4119136205749701	0.1016052990326315	0.01982945400355247	0.0412150631201323	0.02337933606615
0.717	9.48952472	4.59258408	3.86994673	0.60323063	0.96753031	-0.00102156	18.29838654	-7.80362856	-5.39172436	-21.99970345	-5.57608451	0.4430491	0	-26.74086555	-0.03473957	-7.50519858	-18.67687897	1.20882762	25.00973201	0	-25.90882425	-0.83195449	-9.896628679999999	0.0964743378054404	0.1031129497192336	0.1105543103285705	0.08030789418826562	0.08214779031517153	0.08485291014434219	0.1604340772190253	0.1167094250240695	0.1603711827692138	0.09286068189441209	0.07122612401157766	0.06382227233971094	0.07480317765087494	0.08024334382831688	0.08406236692029827	0.1063808254527761	0.06600783649871231	0.07457741108604678	0.08237850648480621	0.08863865954656322	0.1125871179206889	0.1228496417035908	0.04836277294845846	0.0487664788691475	0.08087045558321232	0.0785762975013059	0.08533636111265801	0.03367916753998812	0.2306231186367403	0.2108059510228153	0.1672685565813737	0.01006538453120974	0.01006538627700294	0.01006519424953639	0.06201761337683933	0.07471552547882231	0.07386321486354627	0.1064703852899214	0.0769253427544079	0.0730606549513875	0.08186211125344403	0.09358155569691234	0.08271294832064219	0.5865160173150568	0.3618382240313422	0.2389145018281524	0.5773882360091931	0.5308577486794317	0.4622624327765233	0.5000978954601083	0.4447390895200892	0.4303391755055957	0.6367303576294732	0.5667659671546346	0.4193245696146107	0.3533250201518434	0.3837097770121354	0.4564740565356558	0.4228457514899862	0.5568716370408274	0.4917140425375524	0.4832512095984863	0.4925078732845378	0.4832193445835355	0.4734145272253688	0.7184033052693003	0.7504415872459677	0.3459502744239646	0.424808510298949	0.486473888796121	0.4465125757435858	0.1488698471106299	0.1299480971265748	0.08031054113926467	0.6017486640194137	0.5452071508054255	0.4656556799696294	0.4162659948027527	0.4859747455948316	0.4876104520009874	0.4737777115433464	0.5295683873066603	0.5475607470371459	0.5216847242221431	0.5378575703106241	0.5022750304994539	0.2006254510803872	0.4143889990895001	0.09791667421266641	0.09124478300824129	0.05199048085891217	0.09973318063593993
0.733	9.248654610000001	4.30116815	4.17269949	0.6053550599999999	0.96823193	0.00242544	18.40780162	-7.46979176	-5.67176196	-24.24079123	-5.21282355	0.6793899	0	-24.12430305	-1.09846672	-6.86824753	-24.47088839	-0.89933305	24.14682605	0	-25.4714452	-0.321296	-9.6726873	0.09311352406751627	0.09789996100578033	0.1034313124495361	0.0799517436137701	0.08136877781838013	0.0834549778598655	0.145743912287808	0.1072631221438043	0.1448581767512598	0.08436297786599525	0.07229786075642093	0.06666875797518691	0.07558750079340545	0.07977961660244814	0.08294425507002431	0.1011193878002226	0.06926281909696018	0.07534839160941459	0.08076822169866897	0.08656397744584315	0.1053547419620288	0.1142514570567581	0.05368350479042833	0.05402339436209831	0.07996019243668961	0.07845995258627153	0.08368316299817002	0.04496963111682631	0.3162795116725367	0.3012252609692452	0.2466883613378595	0.01006534999497604	0.0100653709880399	0.01006518749271137	0.06267112631235253	0.0748516947460008	0.0738699400719395	0.1067598592751178	0.07627518907302716	0.0716338489131528	0.08180959724734578	0.09349068562762694	0.08278869586616855	0.5567277936990663	0.3323727432454294	0.2200865356986801	0.5625916748640475	0.5185000429608879	0.4557754204006731	0.4985926690418873	0.4221893943088125	0.4210163954158306	0.6290092668449117	0.5715371700459333	0.5214854558615298	0.4081396568847686	0.4163036484946314	0.456694401074253	0.3961620811396153	0.5535507078764916	0.5117537481794214	0.4995753326302521	0.4905390080436685	0.4785875053238307	0.462834505535182	0.7451358411706552	0.7796422641520901	0.3972316369456008	0.4419109727592642	0.4841516377416371	0.5286000533893195	0.1154826675768495	0.102910159196919	0.06648590980793179	0.5694374154013427	0.5308102976043259	0.4512400964259539	0.4096764942012545	0.484906859139551	0.4867238968337888	0.4809416975909491	0.5270765039747607	0.543097823063734	0.5231343324342571	0.5441649963222082	0.5038617369027175	0.1485103535764973	0.3161552252112128	0.08888597940239693	0.153658148348424	0.08264213843027925	0.1376350485072556
0.75	8.76653527	3.65398651	4.37620617	0.60744609	0.96874134	0.0058974	18.2986939	-6.82157102	-6.37953076	-25.67973216	-4.40213385	1.38706977	0	-20.74521952	-2.44856782	-6.59734916	-30.84960789	-3.4412888	22.8218825	0	-24.694533	0.5117219	-9.760047399999999	0.08186881171697034	0.08363992495829407	0.08521124901613102	0.07790265851339898	0.07825786985870203	0.0789949525215375	0.1176545974788215	0.09413112311512115	0.1171465467222197	0.07764700554606287	0.07395770007659475	0.07609359766298709	0.08066356522243809	0.08181484838927766	0.08293789406388688	0.09237103032978375	0.07173503722475839	0.0776010544646223	0.08068834635657493	0.08194368122570365	0.08999613592677712	0.09817310006193486	0.06236487821219178	0.06253486794978171	0.08029486526402303	0.07841730251924851	0.07919274261059296	0.05879709840319445	0.3757531575632562	0.3735217011880685	0.3167022770787802	0.01006528555171242	0.01006533893091863	0.01006518642325193	0.06465730272721884	0.0753099769092594	0.07427205937204907	0.1048399204739979	0.07558059264111455	0.0703509097482804	0.08143097892383107	0.09204286853638553	0.08252809992508991	0.566881498339639	0.3381051983005554	0.2234810847933999	0.5673127753311444	0.5255904445899006	0.4635327100513116	0.496051270119148	0.3829446334300895	0.392366285186862	0.6232095332665902	0.5831494729761808	0.5560762013404504	0.4045769891797601	0.4089191660327926	0.4445365447638628	0.3525752028249204	0.5618972147319157	0.5210343414511852	0.50156088248591	0.4886335862121539	0.4732139633996351	0.4432794231669753	0.7832612090232778	0.8215292584467949	0.4128522429608564	0.4502404670634401	0.4824277409493143	0.6462610784686503	0.1021594485866674	0.0871354937853849	0.05462746485559969	0.549704728192338	0.5223611726040527	0.4351303087543654	0.3982913032750378	0.4830284683439002	0.4851787765904943	0.4920147499036888	0.5245238319527542	0.5385622511897004	0.5247459436304065	0.5521160872992392	0.5061458927801434	0.1062612707355306	0.1049330772053191	0.07338437775053917	0.2148712206916233	0.137001493030655	0.1418226731640106
0.767	8.000500280000001	2.84919913	4.57354357	0.6085691600000001	0.96924887	0.009249230000000001	18.31517998	-5.89888248	-6.85793802	-26.69203463	-3.2677265	1.50567735	0	-16.29337172	-4.01716676	-6.53854832	-38.02094824	-6.73915002	21.050687	0	-23.77125619	1.4371777	-9.14269897	0.1132926507696462	0.1079667419288794	0.1105325958884472	0.08323308446314517	0.08505580525175187	0.08780016101868254	0.1383528352099242	0.1049597159452307	0.1400348256758838	0.07851622832712285	0.07125542212546737	0.06574812268928173	0.07463325991673052	0.07912542753586149	0.08213882126003483	0.09938388115692443	0.07062669805517444	0.0749176883459057	0.07919424813188275	0.08900406560157843	0.107271374297166	0.1082887594551068	0.05063188244470273	0.05089174863735256	0.07785624230993751	0.07787141104711383	0.08550629396625378	0.0462796589479596	0.415037718148495	0.4102891606934105	0.3761397788532584	0.01006525599026757	0.01006532663736842	0.0100652040444317	0.068314933223353	0.0762383526742777	0.07528551825223256	0.09996129033267535	0.0752373831529687	0.07014605222650298	0.08064061138952738	0.08894749450498973	0.08177929050758709	0.596746779662694	0.4193269980122732	0.3115737795511211	0.5582556824020641	0.5287152218383107	0.4816260497897986	0.5015450669564546	0.4782413670839825	0.4659033159221342	0.6142514744059621	0.5530331648493929	0.5062226718732723	0.4271950172823185	0.4278609688457106	0.4622612869643216	0.4179720068055384	0.5379030765103766	0.5071428488355243	0.5055644757942843	0.4941410097182176	0.4848192263986328	0.4808551144079457	0.6535066866534693	0.6736101668807879	0.3991699711741795	0.4570356223903018	0.4839046933345579	0.4612512802632958	0.1065744659637527	0.0942255938512479	0.06274534450082779	0.5258234357662197	0.5116485649731548	0.4101078349254025	0.3617084177874278	0.4767946506374473	0.4802619477507482	0.5013546215575924	0.5234663162476498	0.5372715487994705	0.5272712995001365	0.563475542463338	0.5087712405514193	0.177425386912572	0.3783063731323792	0.08657630674686165	0.1274137191439295	0.1070788884260284	0.06708145397289651
0.783	7.34128181	1.68943571	4.65097771	0.60861644	0.96984693	0.01258626	17.90042664	-4.53335417	-7.43118466	-26.90314992	-2.29455333	1.88304865	0	-11.85180714	-5.7212272	-6.39948994	-44.78546056	-9.95983846	18.1123889	0	-22.95348584	2.69854832	-8.41151062	0.1384957615408011	0.1275514522271168	0.131533109690035	0.08704541657758293	0.09009915902811005	0.09467843509928205	0.1583264128289398	0.1136813288566425	0.1591806292232964	0.07849512264889967	0.06940864089243842	0.05789439279937707	0.06992984406681771	0.07669285076002436	0.0808382529217429	0.1032657376486719	0.06988592214632393	0.07294000392822751	0.0778937440972631	0.09443026113951619	0.1203655806415844	0.114341584182898	0.04170964219961408	0.04204656454625644	0.07617956781908075	0.07756646105734315	0.09079797385417124	0.03986565196632337	0.4372346516947156	0.4324844506906239	0.4088089629717474	0.01006528513557186	0.01006534084993361	0.0100652543215396	0.07205244523137604	0.07709635715337557	0.07627268802618696	0.09498053632752299	0.07523477568033819	0.07064048174398568	0.07990584107596289	0.08595782700825716	0.08102431196333601	0.6065406887099014	0.4705322885889237	0.3751428194859004	0.5478447169661342	0.5272731410449354	0.4924607846134302	0.5053867089513298	0.5469185696492282	0.5125775761355191	0.6105088470739126	0.5323170903691297	0.4756774839886341	0.4466702935246581	0.4439768576837931	0.4727896644108742	0.4616367748113078	0.5211339087433248	0.4984414093375217	0.5103303873401767	0.4981003446715477	0.492047355256644	0.4827398263448838	0.567039351967096	0.5742037641529174	0.3978932586741648	0.4646721743737883	0.4869132359379774	0.3283702048789507	0.1097792842468176	0.09755455948196962	0.06772302371707452	0.5123986286924808	0.5057866883275559	0.3747052531955935	0.3252302514189586	0.4706403384235728	0.4749659924321563	0.5094224110261666	0.5237552416336337	0.5382592684194719	0.5286577151330195	0.5710304009091004	0.5107929248066128	0.1897917134062218	0.553476223574591	0.09254652466465395	0.08856561505755677	0.07898020911993378	0.08673185288959674
0.8	6.92029171	0.28061868	4.47851521	0.60892412	0.97074469	0.01620334	17.16105078	-2.64117327	-7.57512142	-26.89253071	-1.33881955	1.40851705	0	-7.53859199	-7.76968925	-6.64702719	-51.24703516	-13.09074311	15.02212069	0	-22.3562919	4.12158808	-7.23896674	0.1606285328768293	0.1448421446402857	0.150837854646093	0.0898161963710169	0.09401835040982133	0.1004895590234109	0.1800720275382453	0.1213861634632828	0.1769771828078839	0.07758105030161545	0.06818650872337934	0.05155069175703508	0.0659653906914606	0.0742130459647866	0.0788736180067246	0.1045018318664947	0.06942011250960055	0.07142079065937797	0.07662427124838855	0.09890054228175907	0.1309155307530843	0.1170881773362823	0.03448287744628981	0.03489366766510642	0.07505525748009567	0.07746433380121513	0.095729242260335	0.03875332658558141	0.445118574895195	0.4428819824293598	0.4187934774490572	0.01006537663078831	0.01006538334518486	0.01006534353921411	0.0763370277522909	0.07799124090644029	0.07735696491565654	0.08927506420789676	0.07557244428914424	0.07189600199041385	0.07913482169394201	0.08270015760909624	0.08016879197430532	0.5974874641121617	0.498121731352587	0.4221343345895847	0.5347785083438634	0.5210839421106023	0.4973912563751603	0.5080564013531329	0.5975608914464818	0.5382233483536891	0.611513822853936	0.5184117402253587	0.4606224892009562	0.4654372274370717	0.4592813186518002	0.4774377242843396	0.4890276028429494	0.5094935654598788	0.4938423430199273	0.5164543560668238	0.5010065079413106	0.4958018660809201	0.4491691479699056	0.5130507881283622	0.5108842499222008	0.408862516398311	0.4741046920118353	0.4918294365850003	0.2310077178925733	0.112174505721245	0.09753851138139022	0.07018271240637065	0.5077522060869042	0.504042808086556	0.3244972408487121	0.2842970333735717	0.4637962426755424	0.4686289162198948	0.5172265919929832	0.5254267237839539	0.541648875002205	0.5290784924831657	0.5757250199422466	0.5124636560776227	0.1449060410281843	0.6523388598372285	0.0920413087436399	0.09347089542170987	0.04919312019910919	0.2032301697787015
0.8169999999999999	6.70569342	-0.88623136	4.40121407	0.60857087	0.9724618	0.01962466	15.80611938	-1.02056471	-7.75138841	-26.14039056	-0.4565019	1.3138345	0	-3.75999899	-9.325804720000001	-6.46681786	-56.57582008	-14.69154197	11.46870357	0	-21.9864133	5.29870993	-6.61587054	0.1433236854261515	0.1274977200086959	0.1301869582038367	0.08780143594453656	0.0905906137248413	0.09499578450179087	0.1490245924112582	0.1090250977616664	0.1482307582460554	0.07936346905121756	0.07123574318988769	0.05673306666253693	0.06766327414509113	0.07502225964580649	0.07840270801303542	0.09541146850788641	0.07353246303859787	0.07295018146785755	0.07671467721294269	0.09265463329556653	0.1140301286963937	0.103220355874066	0.04450086834719417	0.04489057048224117	0.07449101108881867	0.07730370198835051	0.09084721714262049	0.04304998300706682	0.4479920030605906	0.4421904725373333	0.4235024993082669	0.01006545051354948	0.01006541952995024	0.01006537020795252	0.08363833130154218	0.0794425958066837	0.07911060518116625	0.08260864969896872	0.07565153493643208	0.07283863176558555	0.07796123941583698	0.07840895613603922	0.0788749429954783	0.594245351851554	0.5189190497102907	0.4675682780251385	0.5445186950815692	0.5368037287218275	0.5176873284868203	0.5030316957673824	0.4974884664266422	0.4489538290715059	0.6183984747804938	0.554715704175634	0.4542603295955364	0.4182753640495958	0.3990449704064509	0.4151858426395371	0.3444818603793188	0.5411972147479509	0.4963102493602609	0.5021585606105621	0.4986272071267231	0.4849759156840903	0.2750965081670946	0.601684229867361	0.6068917809933623	0.4192535660381808	0.4869301411114759	0.4995795130090689	0.4217088510111101	0.1086910210826642	0.09488177322166774	0.06791664725090123	0.5038392413206019	0.5025834061770483	0.2291461198075307	0.2242233010377662	0.4543741871993808	0.4586582983019379	0.5455345106822466	0.5256826376404438	0.5419618073655442	0.5285245922496927	0.5817204961854393	0.5168614778039661	0.1438456365858916	0.3512032843319559	0.08232438963372493	0.1199614862863167	0.0768833454768723	0.1938302802872592
0.833	6.68310225	-1.82795238	4.16660344	0.60847703	0.97501614	0.02272453	14.13613605	0.42923729	-7.66442804	-25.18639256	0.24716661	1.15026921	0	-0.43788065	-10.55566445	-6.45085256	-60.99114447	-15.02597871	8.158362329999999	0	-21.88006016	6.21376302	-5.54025662	0.1358839000168674	0.1172998417435331	0.1162919343917862	0.08785200091189302	0.0897092004240708	0.09251692276364366	0.1187223172558076	0.09507885757630441	0.1178805843883328	0.07780158753749677	0.0743505055492229	0.05770248170466161	0.06628605867049131	0.07437275890492376	0.07701993009782451	0.08638912930742342	0.07886932205885887	0.07343946751038061	0.0750476418396558	0.08773720458039255	0.09981084978753302	0.08973094710659817	0.05242915116290284	0.0527936967650944	0.07288582218310592	0.07708243147973201	0.08804598896939386	0.06085713432969453	0.4312314512764364	0.4236836087647203	0.3944842982185431	0.01006544751395508	0.01006541697706834	0.01006543495782156	0.09004565478522157	0.08063156827949534	0.08057756592152074	0.07689766494673571	0.07576952352453907	0.07374988144005255	0.07698618467269042	0.07482252661195632	0.07775513380514723	0.5940006515995256	0.5318123642253688	0.4942313617685825	0.5506996549660402	0.5467331801854344	0.5301188540240411	0.5000975690768112	0.4402573906312689	0.3950548127062524	0.6240381362399069	0.5767365961037483	0.4479174174494974	0.3904687693955615	0.3646469844456489	0.3788559011450353	0.2655916862305945	0.5612326431679	0.4971950827083795	0.4936187861876768	0.4970603935583788	0.4759668337451808	0.1879978849049553	0.6520349220082273	0.6615242402624162	0.4255935274008368	0.4943996013220375	0.5039170325522471	0.5280527405930703	0.1100526964843798	0.09662500747265917	0.06903135285618085	0.5015683144373471	0.5016453850281255	0.1534155132346081	0.2018083195510748	0.4503121261292943	0.453661407946604	0.5643892271793037	0.5250045453578195	0.5398106018078004	0.5277904845710581	0.5837630583866337	0.5195136901464161	0.1633825735456076	0.2619218616920507	0.07451541697809333	0.1455997939481748	0.08610973706442901	0.1376622723667608
0.85	6.59906963	-2.59227175	3.77645483	0.60791474	0.9777004	0.02601056	12.35558792	1.76016498	-7.28115649	-23.83506532	0.77188008	0.7899319	0	2.84871121	-11.46257636	-6.49986533	-64.65184067	-14.39129491	5.05901278	0	-21.82440142	6.81309776	-4.52280139	0.1373792034728167	0.1129737750616521	0.1074159052334353	0.08997421189400583	0.09126393384491353	0.09274311609170084	0.08537741767746225	0.07780416288402675	0.08213288950250093	0.07270017057123801	0.0779201410963018	0.05458011376367466	0.06166159233333612	0.07218335614952805	0.07455243702169051	0.07630702186504788	0.08609779694791612	0.07294980954226254	0.07141478570686703	0.08353357754684045	0.08648028416289467	0.07493377493794552	0.05925876124537931	0.05959093729902271	0.07003904214974335	0.07677286346178233	0.08697540421900177	0.09440067446879297	0.3927418505697131	0.3850480331399438	0.3281115990436703	0.0100653672570558	0.01006537536742894	0.01006554588255486	0.09635991363878896	0.0817067798839767	0.08194121722926426	0.07142823685716863	0.07594115862697859	0.07474365722312321	0.07608777562160901	0.0714925653463372	0.07666938825452074	0.596722775824573	0.5384133392122059	0.5054564712878469	0.5540940079828353	0.5521134779343736	0.5362397736789754	0.4988872554450983	0.4187137795859407	0.3697889222122723	0.6291377649146017	0.5872270275007153	0.4408008887445845	0.3785416191432151	0.3517876125242938	0.3639066571140217	0.2424958086281867	0.5721042792722194	0.4966074472327978	0.4897675609953073	0.4961102155402344	0.4676484850218279	0.1769859502757213	0.6703967010685686	0.6816106851379933	0.4286748956566108	0.4974467551698398	0.5053841851574319	0.5633323728361976	0.1164297413516061	0.1029861184157385	0.07366616742286949	0.5006555595767329	0.5011114919961721	0.08783909530832941	0.2142502162276612	0.4511023018315217	0.4530136338594764	0.5761475810462865	0.5233076854007527	0.5349263576342552	0.5267844059874328	0.5821080268209788	0.5207518196477788	0.2059589690272969	0.3733344140875267	0.0676382691947912	0.1735906068650161	0.07802559391022368	0.0277051450271441
0.867	6.96782915	-3.01341594	3.41557749	0.60802605	0.98126283	0.02862299	10.02506192	2.5813331	-7.02895438	-22.5670689	1.37167372	1.16160794	0	5.23136658	-11.91906248	-6.5788276	-67.23377919000001	-12.99339076	2.91557518	0	-22.10124015	7.13281322	-3.49709569	0.1464486585899185	0.122008488257627	0.1163615462243811	0.09143798876096459	0.09324333833215084	0.0953306107747731	0.09336611684510382	0.08986757164664938	0.1004075169837509	0.0769569558944994	0.07482849542458722	0.04826658172704426	0.05930671694954583	0.07248249902260534	0.07528041208162815	0.08146311228968098	0.08280501300440418	0.07088928858529187	0.07231414565694717	0.08508512176151986	0.0908377164666984	0.08144118318355785	0.0473036175111783	0.04745296392603959	0.06896993774444762	0.0764990827890101	0.08914460446334188	0.07599137706895744	0.3476815436516073	0.3277827187385078	0.2709974153696257	0.01006547310571389	0.01006543261759844	0.01006556885426063	0.1045067334084696	0.08306451217085835	0.08372061098302018	0.06547670721561157	0.07643732435375326	0.07667935657637512	0.07488698878785034	0.06766970209414236	0.07519878536544435	0.5823925267072063	0.544099488571002	0.5246223287432762	0.5465250106855817	0.5482125421336088	0.538046249612546	0.4997495087454492	0.4370058631546259	0.3703848411581248	0.6319060138731594	0.5846483125843013	0.4254681551552174	0.3828460021145212	0.3605071177777504	0.3678990174281871	0.2606214830237729	0.5732197030991379	0.493133693275698	0.4909596162739601	0.4972824522331848	0.4644628316100616	0.1868840276469896	0.6448441910880661	0.6534274711371919	0.438748559419181	0.5017461545841436	0.5089400537000874	0.5305156205351936	0.1182612289346203	0.101931340528336	0.0745976321433057	0.4987330272238426	0.5000749005989416	0.0732996577874407	0.2689695412683883	0.460481468720357	0.4587169216610421	0.5965475706703685	0.5103377880031029	0.5046467246168738	0.5243845943499641	0.5784409036843551	0.5229223656153726	0.1485839941980219	0.369590892259623	0.07467096651175484	0.187404153741715	0.07638099088565473	0.2101859688923733
0.883	7.29565514	-3.44831665	3.14557437	0.60756661	0.98490081	0.03104213	7.39686621	3.44790123	-6.70512807	-20.53192366	1.68238413	1.14604474	0	7.61567849	-12.29648054	-6.38527982	-69.22362661	-11.29935087	2.20006523	0	-22.4830759	7.45450568	-2.69784104	0.1457320634615628	0.1228391541907545	0.117051133717371	0.09163587395713826	0.0933596082382534	0.09515224925084814	0.09522076172929905	0.09189250759557582	0.1039817661891286	0.07811639758136976	0.07416531977733926	0.04607108671418	0.0584402395489526	0.07314255053999069	0.07601058627129205	0.08334426196746164	0.08159553866383495	0.07012130414755197	0.07239684750969631	0.08497678457945418	0.09138354984819289	0.0842136855337121	0.04460132673610998	0.04462238968533874	0.06842611084530881	0.07637045501405326	0.0890514183372659	0.06979931896866673	0.2963078217907322	0.2695072246399872	0.2155948388927615	0.01006542962160236	0.0100654060968563	0.01006562767813975	0.1110110459052046	0.08404342327397278	0.08507919569964534	0.0607659253041917	0.07684863211578086	0.07831850911524331	0.07387237265021987	0.06440415313902054	0.07400036285352014	0.5673793462637229	0.5467817973307024	0.539449243363382	0.5397265009106327	0.5442127301466628	0.5387585155352425	0.5003835994650834	0.4495512065630202	0.3779019552441282	0.6324866852767618	0.5823011239956483	0.4152568768806936	0.3860606968031954	0.3680572601499661	0.3729135762429756	0.2755581302019242	0.5730844640932354	0.4908633172861777	0.4920358483744286	0.4981904025755434	0.4652801221885575	0.2070012664981929	0.6249104071165528	0.6323073821905467	0.4495607746399337	0.5055399124696713	0.5119760367873296	0.5103428377968302	0.1265217499785773	0.1162163191078534	0.08509305482255167	0.4972717828983527	0.4993557083943062	0.06476002096870558	0.3157863166637525	0.4690760212641796	0.4646980697046613	0.6103937860091774	0.4979884285779257	0.4770128273472541	0.5224732125400866	0.5759103046291294	0.5244378371016603	0.1293458271904128	0.3429913781991142	0.08155718819207344	0.1537110250379893	0.07489090830203328	0.2989039206334255
0.9	7.95005523	-3.82935354	2.77158758	0.6082771300000001	0.98859238	0.03347905	4.29837246	4.26699209	-6.16039568	-18.43827119	1.89601425	1.14590652	0	9.32894771	-12.65732224	-6.22178317	-70.51438573999999	-9.56136596	3.16634028	0	-23.08136925	7.60238554	-1.79691082	0.1351398436967053	0.1155696061026754	0.1095708661490287	0.09059260313204855	0.09162727730148405	0.09218573632943539	0.09117318294057211	0.08413208772442171	0.09330241826930595	0.07632342584270783	0.07584771719865192	0.04771919184847385	0.05895385045648224	0.07424601714135724	0.07683423136439022	0.08218561460811238	0.08231818963363738	0.07054985817432537	0.0716732289967081	0.0831950238528852	0.08818601348006484	0.08359784478217744	0.05081410257329094	0.05074539279683266	0.06833958308993454	0.07637090166504221	0.08668419757501433	0.07505049290538487	0.2321989697544786	0.2029371140820673	0.1549785475534697	0.01006523136920727	0.01006529249010978	0.01006572970717711	0.1166858901910856	0.08476587708120932	0.08618679446871791	0.05670704338398158	0.07722649538331484	0.07986600890708634	0.07291710019151379	0.0612877248615815	0.07292431790475763	0.5498065869386876	0.5467955540862699	0.5517905794756773	0.5328486649361199	0.5396140654751672	0.5384656046874019	0.5008687889439555	0.4579179777371728	0.3932799037310327	0.6309523630508594	0.5798920631611747	0.4088906441366976	0.3885875400453218	0.3753818074374679	0.3795771534102354	0.2891728310599094	0.5716816573787743	0.4895125222655472	0.4931307863092712	0.4989475603601052	0.4702025180796274	0.2398523216857317	0.6081036261575897	0.6156104071797271	0.4624630682214628	0.5093022485621143	0.5148716323050636	0.5002924267788124	0.1422438696139719	0.1476266764767303	0.1064643632955132	0.4960891710595771	0.4988640163566868	0.06115273024978185	0.3605526393381741	0.4779602785309675	0.4717047214957866	0.6194170039800645	0.4847159371970743	0.4485704286666938	0.5208113378315656	0.5741999047733987	0.5254876680424279	0.1458396971285193	0.2902109326484372	0.08915771194578676	0.06829957966587342	0.07336908583640665	0.3049487442179303
0.917	8.72924282	-4.03882903	2.50567051	0.60828796	0.99205544	0.03508825	1.09546527	4.74186815	-5.87308444	-16.31960746	2.06097927	1.72805219	0	10.72640809	-12.70007297	-5.98924742	-71.026973	-7.8673553	4.70402348	0	-23.82987481	7.72754606	-1.29898021	0.1297882105480903	0.1102766447816516	0.1028888189165059	0.09141772035584587	0.09171032425244874	0.09084821563188269	0.09882565035225943	0.1092802930440733	0.1216370526726561	0.1203338727897391	0.07956514239832702	0.04758142043745539	0.05658146196173826	0.07317882487416283	0.07602696806604561	0.07609093522355176	0.08337491478569217	0.07074041042650982	0.07505079038136804	0.08077565940553894	0.08246248753098435	0.07781980651291469	0.06229498008789305	0.06224924335291854	0.06621744903634276	0.0759569520723323	0.08498713091315843	0.07264152557913654	0.1500416682058815	0.1345590309656953	0.0923970369487902	0.01006570607001356	0.01006554628602944	0.01006575496298411	0.1253632114229481	0.08592179235455225	0.08788801250243765	0.05193720422935014	0.07788623150081704	0.08244553267086745	0.07164625398154217	0.05774225858297895	0.0714841510862175	0.4843607491110646	0.5084004969248657	0.531273567933678	0.5140761477603737	0.5227694626353341	0.527365120236209	0.4977862078776678	0.4288005066553198	0.3381440072093406	0.6311817749734436	0.5890424352004611	0.4407876665900225	0.40672494937384	0.3926849111388621	0.3851512394603707	0.275537839739128	0.5799202781633275	0.4967816233080116	0.4948414215492349	0.49278165862906	0.443874871335624	0.2347427834128396	0.6519584603116899	0.6594543514171575	0.48868276287737	0.516906463841781	0.518601510314297	0.5382422243573671	0.1609607993343289	0.1664712141871044	0.1015242301145522	0.4934979437349203	0.4974959689472266	0.06227345831105888	0.3991027080782056	0.4844917343014819	0.4772345496380997	0.6216601785411053	0.478260309635965	0.435247843626742	0.5204536627472642	0.5738550624513246	0.525799097085994	0.1467828106270583	0.3546263577955455	0.08112108283491591	0.192469981011722	0.07525187696737373	0.1760109835638424
0.9330000000000001	9.2986284	-4.07163616	2.09134924	0.60844935	0.99525801	0.03670367	-1.88244474	4.95318822	-5.74802145	-14.25762603	2.1212888	2.27080215	0	12.08230845	-12.43564859	-5.87896824	-70.65369548	-6.61348807	6.18578831	0	-24.39869827	7.57180831	-0.13261717	0.1258140439526619	0.1075576654778481	0.09965996734368608	0.09178205329096914	0.09169799932992118	0.09016268259109886	0.1196994150533817	0.1286337702951886	0.1495907991727368	0.1660370378517176	0.0822192988970698	0.04728737592461233	0.05522324479779217	0.0724965075627774	0.07571183151151779	0.07325355395336718	0.08329933436762313	0.07076571417533568	0.07810664439127157	0.07962116767233679	0.07982432814649452	0.07568587408680304	0.06844728110981541	0.06839852126099187	0.06449505690576393	0.07556150207938733	0.08423742323893979	0.05589511740946593	0.08888810214699627	0.08127870704529307	0.05519972110028529	0.01006553840370055	0.01006544011755835	0.01006581752438196	0.1341574289230759	0.08695135988795237	0.08936997644767566	0.04818484717077094	0.07854206310988038	0.08480220538231339	0.07069597614009514	0.0551993680226489	0.07032580080510056	0.4485311875510638	0.4900336957986533	0.5248417313710075	0.5039085997627368	0.51455243452536	0.5233508076814331	0.4958377545673366	0.4088063453858568	0.3048544979290563	0.6330026725233106	0.5962563121316519	0.4535129582147056	0.411948789130234	0.3984781308841608	0.3844100368924555	0.2621727486493414	0.5871044447973741	0.5000821520996589	0.4939256983381444	0.4898063715325263	0.4306662489248591	0.2264509338002745	0.6781801421600215	0.6861377634449223	0.5036014099531714	0.5215566979282851	0.5234620121136326	0.5647866895641476	0.1791161501873463	0.1820433792928274	0.1140526215368452	0.4898210434735724	0.4955824931689438	0.06237295143242297	0.4096676110184001	0.4864322803717988	0.4788486105834718	0.623627842152304	0.4775765728665634	0.4340969353209798	0.5209771077520333	0.575274041627595	0.526199544777096	0.1403483392728727	0.3240879753428729	0.07953709948678209	0.2765084001649974	0.08156201792050786	0.1238823638816244
0.95	9.867665840000001	-3.89855563	1.29361924	0.60742052	0.99776345	0.03881754	-4.4926733	4.9133864	-4.9360988	-12.73784666	2.3495717	2.41069959	0	13.16635955	-11.99960887	-6.24686197	-69.46916874	-5.61853723	7.41253796	0	-25.10602223	7.00441476	0.8379347	0.1227205730859917	0.1070727957782895	0.0994807049839667	0.09173114355430878	0.09158876191858545	0.0900434455769859	0.156403697631579	0.1446117041341569	0.1806578760820579	0.2191458166613901	0.08414195625722316	0.04680030274583931	0.05470942181915069	0.07211377554327775	0.07584942963149077	0.07331879813878557	0.08208200082717169	0.07062893238940619	0.08122277277765665	0.07958723718662855	0.07994176540353413	0.07692930595057851	0.07004004326679827	0.06996188625956186	0.06295710768187572	0.07513512043708923	0.08434136109308107	0.02271796737516446	0.0410940758204626	0.03643610183081063	0.038736935526892	0.01006470741197911	0.01006496071363763	0.01006592521154539	0.1441678198789851	0.08798327562308474	0.09081793179758672	0.04498092757592164	0.07927596916163779	0.08723061113035493	0.06994748193699184	0.05334119186055013	0.06930447327626721	0.4378392070636852	0.4893993005668565	0.5316910902173321	0.5010750774435045	0.5139358526314983	0.5259208779537272	0.4947798723491703	0.395436223770101	0.2892501872301444	0.6366426678941937	0.602435428571146	0.4486571804638323	0.4049120392840533	0.3934856191415265	0.3772608953855006	0.2474069214043262	0.5941321781101702	0.4998266747394453	0.4902691512746135	0.4896497881834375	0.4289255730459871	0.2139402916464657	0.6900463819336259	0.6989960697664922	0.5090838403333423	0.5238342300824396	0.5300607004279876	0.5832438805500011	0.1989793410296511	0.1962896924321146	0.1456155864901786	0.4845988577428648	0.4928844045495531	0.06146364625404466	0.393567961026282	0.4840244850007076	0.4767486619500745	0.6255659527650602	0.4825792597926941	0.4449738402111869	0.5224471034714687	0.578634214699244	0.5267390670771218	0.1257319741466893	0.1947784874838365	0.08420776398286851	0.3309196395198588	0.09308827631495076	0.1420468077109989
0.967	10.31817182	-3.77706658	0.85132416	0.6065123	0.99966225	0.04018979	-6.99958913	4.8290739	-4.67698707	-11.16194813	2.48391202	3.01885862	0	14.30219559	-11.57000493	-6.40625232	-67.62425116	-4.82253508	8.26852978	0	-25.61816955	6.65587145	1.23710538	0.1142898895697839	0.1002294165175363	0.09326105347503078	0.09040328978564992	0.08978744345786006	0.08760349466086104	0.2162641718392016	0.2665159488191827	0.3111253771882934	0.3654310856575783	0.08480466093505232	0.05147121058044361	0.05708216541992336	0.07208679543999603	0.07597065028669216	0.07244032502392446	0.07314665187820642	0.07212589246803547	0.1051529641197092	0.07892992438993091	0.07877154815595616	0.07666730950761817	0.08164895634419744	0.08256960080221339	0.06434013458916915	0.0753803652772896	0.08252114145531993	0.02977710681270338	0.03507073876397765	0.03198785513982002	0.02987344338441007	0.01006665346051506	0.01006599010744787	0.01006595556377862	0.1571369167404251	0.08956076661253876	0.09301530364477768	0.04169321190117675	0.08022092702711464	0.09062297219951426	0.06872167382192756	0.05002996729329419	0.06785216643236058	0.4287576869679137	0.496097569991682	0.5454235728554316	0.4951992796446046	0.5094421774580233	0.5245240163080795	0.4954412542642409	0.4287886219207184	0.3437134689865168	0.640089117018091	0.5928103863765056	0.4394521830954518	0.4108968898144498	0.4068410350577246	0.3936968295222051	0.2897795237557882	0.5812317228895942	0.4974059086340208	0.4938607098171531	0.490824081320508	0.4423414751000666	0.2788429490310513	0.6577060193939359	0.6661735799176497	0.5174397977396135	0.5247690207765927	0.5339897889636076	0.5420034644124166	0.2405549982779493	0.2286084083838669	0.1637983664617038	0.4595422357505097	0.4795122995081612	0.05770741374885377	0.3555248832876997	0.4771239515890318	0.4696483447105314	0.643167275704475	0.4881474880337183	0.454801218010515	0.5272016819480161	0.5934213525735789	0.5306334753337038	0.143431440685632	0.2320958146762752	0.08324038007987092	0.2235986928990824	0.08908164990508999	0.1027331720593538
0.983	10.88749154	-3.63539855	0.43310502	0.60653036	1.00139249	0.04154061	-9.75257133	4.72867894	-4.60590557	-9.537426780000001	2.46921372	3.29986744	0	14.91848577	-11.1151781	-6.68219512	-64.98539752000001	-4.03541083	8.69940549	0	-26.14824583	6.26605662	1.5952032	0.1114027009468518	0.09708863577229507	0.08986544385583119	0.09056401178267676	0.08959426885160408	0.08673881034430396	0.2424606628940544	0.3687174209768095	0.4095058016905263	0.4996831990339651	0.08751618988946669	0.05324666386486437	0.05746713262566421	0.07132329596154112	0.07588076159342555	0.07162856264205911	0.06882832696672614	0.072811986599695	0.1173538454662265	0.07856748816552003	0.07813736365374108	0.07657282280601578	0.09117380253437118	0.09324125834192719	0.06441294323031935	0.07525413729339724	0.08147102254486568	0.0282943753063279	0.02897226628630727	0.02676817537286165	0.02404930483094252	0.01006580333327364	0.01006546534196959	0.01006601792175637	0.1712604105955116	0.09114799443761844	0.09511615196067813	0.03871436952461575	0.08084429894131404	0.09301727966981918	0.06779178462899825	0.04756238482803768	0.0666231710152743	0.4176064544647571	0.493528614992046	0.5464868532902033	0.4905791831914875	0.5051545335657353	0.5216682195501259	0.4900129424558433	0.4354850058276635	0.3537115807192112	0.6400773001168027	0.5887450248754194	0.4390939791716565	0.4152977012313417	0.4139228992590657	0.4015593945381434	0.3054764318868697	0.5746596136775437	0.4972365134882544	0.4944865168040425	0.4899811742052529	0.4444086298385028	0.3026135418165016	0.6486909331927544	0.6568334978808883	0.5227911080554113	0.5254640899321993	0.536112360762696	0.5285682156923508	0.2706557831942245	0.2548811940582384	0.187946976685338	0.4279662745933501	0.4628525581869751	0.05446628352650007	0.323227603724722	0.4710306107026988	0.4635440240936589	0.6588800555982706	0.4927212171869464	0.4628851276854579	0.5311207790862106	0.6060625183911063	0.5339906698650939	0.136078459758284	0.3091418646358405	0.08286939994125972	0.1768144469187544	0.08087494251664416	0.1336497531922918
1	11.4777084	-3.35083145	0.27562302	0.60519938	1.00299654	0.04254182	-12.2958673	4.5381176	-4.27815544	-8.082359350000001	2.40609705	3.09854912	0	15.33988687	-10.4029513	-6.81420235	-61.56995818	-3.4679224	8.53953989	0	-26.86474867	5.79399556	1.93671898	0.113698108639329	0.09725785594941097	0.08886942492396809	0.0922333997950177	0.09098509127403555	0.0873413070877451	0.2382677321779927	0.4639913046267398	0.4880967026515345	0.6386836709625983	0.09261548423976812	0.0523485942596541	0.05591244433709078	0.06972783967310611	0.07556852746503262	0.07078204069545636	0.06858723547879596	0.07277297655084218	0.1193505269855228	0.07845462398534461	0.07795993883411202	0.07663403500807106	0.09980518761109111	0.1033108160711674	0.06318463468547	0.07474065798742559	0.08105973949791159	0.01808443141774057	0.02203634932774236	0.02012460255906541	0.02053650254730592	0.01006205076434968	0.01006332082151799	0.01006612008022585	0.1883037381761305	0.0929433625764587	0.09738308278477566	0.03567204514916852	0.08122400639351092	0.09471282197505773	0.06704157820908774	0.04562999665662356	0.06546386259787258	0.4029916054913207	0.4813713161929937	0.5350138415759931	0.4866372760275136	0.5005369654680979	0.5169965130851222	0.4778163979479277	0.4163624234793035	0.3204942863948128	0.6366057400776676	0.5897311738802515	0.4475377932019725	0.4186645749618402	0.4156164447707172	0.4018314110603075	0.2964597593139546	0.5735943368225128	0.4992973149089255	0.4922247981086425	0.4870157034482654	0.4353854316035998	0.2882233941009961	0.6618742375549345	0.6698083134016138	0.5258066850702101	0.5260063211937103	0.5366937373001385	0.5412587282997965	0.2930442938930104	0.2783921476645255	0.2210799934390358	0.385923979126741	0.4408227129208467	0.0513351143091894	0.2926389623919773	0.464982794730917	0.4576726600223481	0.6746683899331714	0.4968721633965319	0.4702360579453834	0.5346942820283267	0.6181378578790168	0.5372302999877159	0.1027539087487258	0.4355473936074781	0.08304845104970855	0.1847188708313367	0.06744231572605756	0.2386611237514327
1.017	11.8066199	-3.17237698	0.08306794000000001	0.60368222	1.0037186	0.04356727	-14.41365376	4.4055728	-4.19406478	-6.86667437	2.48737761	3.31303035	0	15.76616183	-9.804401670000001	-7.05591861	-57.56832719	-3.03037101	7.79121356	0	-27.29247838	5.4113226	2.13158767	0.1174162099505416	0.09698337257467102	0.08744327265426288	0.09389450735337601	0.09225563864060024	0.08786773800382483	0.3243107487816076	0.603370526256269	0.6132019313964105	0.7392583876578985	0.08390019253027188	0.05359576241725707	0.0554853970115135	0.06895470368148868	0.07534470991909305	0.07003806868022427	0.05844674814230214	0.07325296525601571	0.1374371683079453	0.07826574691017885	0.07759287776943651	0.07631574287473361	0.1104800303581956	0.116120502393959	0.06315739347536674	0.07439000413577536	0.08061528273640585	0.01475262600601045	0.0785113954716017	0.05281765601687353	0.102941547461854	0.01007020148329675	0.01006751286952457	0.01006615376564734	0.1999267842968787	0.09452560477939485	0.09949286599488857	0.03471685229530873	0.08180775815518238	0.09707716308017214	0.06640756235152354	0.04420730560145049	0.0646321373555255	0.4200360407929214	0.5016044070504677	0.5580007102099012	0.4934589639137481	0.5104743160740622	0.5288526479256647	0.4505961104448434	0.3697115768810102	0.2586350795383949	0.6316029844374187	0.5993514218686017	0.411066415556282	0.3865775624660581	0.3869233807513859	0.3755159418884967	0.2587380772665306	0.5886465631090524	0.4936172302072638	0.4743681497100537	0.4871450237371588	0.4311601980815523	0.2515922491308934	0.6699704970182627	0.678869028207165	0.5189401359461097	0.525994002616599	0.5464397682443567	0.5786762228115025	0.3303259573884322	0.3183406130001136	0.2658321673083215	0.3120648267235914	0.401554739703837	0.05283031396975515	0.2577783134089761	0.4580873094085152	0.4514384195003046	0.6921630684014259	0.5020715456519167	0.4805024635020639	0.5385237720482309	0.6311337809923787	0.5409048429921037	0.1303757398414455	0.3537791844995937	0.08581933711457976	0.1439174640820852	0.07229156977223765	0.2333004957894811
1.033	11.88677046	-3.13531238	-0.17453747	0.6016699	1.00361784	0.04486561	-16.23488748	4.44121554	-3.92242711	-5.66717733	2.50735753	2.98015372	0	16.29579827	-9.552168269999999	-7.64319217	-53.17013658	-2.92666444	6.86424145	0	-27.50119715	5.15009212	2.45830581	0.1219671858540501	0.09748793579017886	0.08657070482374003	0.09598168199144186	0.09393348381815647	0.08866571562127605	0.4797174158225105	0.7667855799340435	0.7713821995859675	0.8464952465236375	0.08682297828623746	0.05409933436690754	0.05473125483055007	0.0679399675607516	0.07510199579833447	0.06946005210857509	0.08597057009172682	0.07351209050007866	0.2500517074366875	0.07812139658160797	0.07731473056981072	0.0760770052938447	0.1209868078743407	0.1288815985134202	0.06291440715767395	0.0739806311702047	0.08026736124271276	0.06111466463167504	0.1585918869489057	0.1231053442526546	0.1944063763919124	0.01006550986046457	0.01006395837303008	0.0100661921771976	0.206891425887734	0.09538200554990516	0.1007541714808235	0.03379145603631276	0.08223908128326274	0.09899764179295265	0.06586111164775521	0.04303034596661354	0.06399712058493041	0.4231281601327194	0.5101733033747593	0.5695928326026141	0.4957749196137063	0.5148430966092423	0.5348489413564419	0.4000882109100758	0.3355140207223365	0.2134363162823465	0.626857347413371	0.6066011948357284	0.3907516551418488	0.3682559459879003	0.371225543415035	0.3604746829219103	0.23693494029251	0.5992402610458503	0.4906496056411722	0.4623615977116209	0.4861453251628164	0.4264106323799536	0.2313103762859345	0.6806144747385902	0.6902544093012035	0.5161872541516326	0.5264984185415603	0.55196544568037	0.6059387238411059	0.3544731835320478	0.3441584442293362	0.2953513748616099	0.2606918152304037	0.3742309116621296	0.05520932005023241	0.2404710679540283	0.4540448810430921	0.4480598311249292	0.701255946431932	0.5057171052143322	0.4879046742693256	0.5407238474539897	0.6385341816126454	0.5428159482225611	0.169743077524694	0.3187270930918945	0.08019638322763022	0.1144212689398723	0.07530089717606746	0.165365608818514
1.05	11.93123967	-3.08395309	-0.09274702	0.59962958	1.00311218	0.04542984	-17.93565797	4.4801182	-4.21022384	-4.6538031	2.62590609	3.2076866	0	16.66759302	-9.15819913	-8.06008349	-48.22218589	-3.1706338	5.56156965	0	-27.65508507	5.00259848	2.26017253	0.1279199083377929	0.09883461599787297	0.08614265045358413	0.09875582053897344	0.09622835745389879	0.08983498714228015	0.7239135666808151	0.9746633473697859	0.9824100407439008	0.9737988549180325	0.1017491897271607	0.05392225660231179	0.05355575002158001	0.06655678929580275	0.07481004583766206	0.06897573890905259	0.1545991790707486	0.07358274293853886	0.4712709617628434	0.0780035292085606	0.07709072883528144	0.07588798006779318	0.1326388673490443	0.1431892414444835	0.06242530244267998	0.07346136747001727	0.07997248483012068	0.1629658021229431	0.2722878851943176	0.2397736282958819	0.3063640929537387	0.01004738944299911	0.01005221301997272	0.01006624011632043	0.2100682431475532	0.09561961498430335	0.1013246624283223	0.03278018183980608	0.08257189116876205	0.1007143179524968	0.06533391975981173	0.04195199779775808	0.06347943518976294	0.4126544784281892	0.508149117206405	0.5712392240532206	0.493874637589883	0.5141894046405352	0.5357349300563008	0.3199792119017787	0.3094950604834482	0.1792481512196615	0.6217756243775179	0.612386714402522	0.3840541669068692	0.3614095234675971	0.3665607030946208	0.3548274767897251	0.2283249562701403	0.6066996428750059	0.4900234881398893	0.45470432311354	0.4838916454034453	0.4205430387861039	0.2248425414604999	0.6951366679309576	0.7053876293204839	0.5172039294624691	0.5275826209592142	0.5539614792876796	0.6264540440173068	0.368504375591809	0.359072870255846	0.3133275170430619	0.2253833182105298	0.3554357502905109	0.05876950831068086	0.2385538203452656	0.4523502060889701	0.4471145713493001	0.7030836337785026	0.5082645370290801	0.4933679665930761	0.5415695176713231	0.6412641098173499	0.5432025038328949	0.2257768390088775	0.3260096079584183	0.06547672015299108	0.09254326101192153	0.07684646386302565	0.02636460196715951
1.067	11.65267514	-3.3235013	-0.30318292	0.59684004	1.00174262	0.04621777	-19.03649423	4.70981806	-4.19479306	-4.01280278	2.82740463	3.54493619	0	17.11397166	-9.108841229999999	-8.73112759	-42.85187852	-3.49645812	4.22947622	0	-27.52245984	5.05505447	2.68676476	0.138084106361529	0.1049815430012051	0.08953580251581313	0.102137774185829	0.09961541278210229	0.09254801309079612	0.8713412383925198	0.9909444687603832	0.9920781133225653	0.9910047569747786	0.07559926414627464	0.04841841710251871	0.04985318937840132	0.06453947934110442	0.07433248373760187	0.06908122339194184	0.1276850288899221	0.0720148663259495	0.7408330214012863	0.07808543445204956	0.07717216760703742	0.07581795712662565	0.1299695647063831	0.1405935689701817	0.05895924936683625	0.07219726565323328	0.08046229315042394	0.1459595035724725	0.1894622553302778	0.1790802510792855	0.2003890759105804	0.01263273341172596	0.01012741686782492	0.01006622265663035	0.2145970620922421	0.09615864363253065	0.1021837062831417	0.03210361075457485	0.08324877176545141	0.1029356751325132	0.06496453398518756	0.04113445897373529	0.0628652170594409	0.3809945370783222	0.491188993624369	0.5584385025346396	0.4849813427401443	0.5051488871251072	0.5280489227632987	0.2153871729222365	0.2847807278743609	0.1437414890734911	0.6060499877695915	0.6108500217403647	0.3960738170513237	0.371523565533003	0.3789485411113286	0.3642297763206338	0.2357877594266059	0.6047381467327995	0.4927479518164327	0.4512321396529639	0.4803516345851813	0.4152081858976756	0.2371003961563194	0.7049338101323436	0.715327477780784	0.5250177467611041	0.5288867296036348	0.5508296196378866	0.6411587991357723	0.4027777874642674	0.396313409674008	0.3627027497779621	0.1817691106496969	0.328151290877803	0.06099297969632638	0.2519422452996327	0.4544906023146545	0.4496205903046221	0.7022143452218053	0.5079076248949013	0.4932235029706348	0.5408363262304141	0.639385015278645	0.5427362388185345	0.1541585171615615	0.3152710554644901	0.07561567694394131	0.138474078925596	0.07650221355055356	0.1844080393888971
1.083	11.49518119	-3.429499	-0.36303163	0.5947988	1.00026827	0.04658043	-20.5940825	4.81430303	-3.51527813	-2.84774882	2.68645989	3.24320055	0	17.05834831	-8.81723416	-9.42750693	-36.95728405	-3.92942528	3.11180443	0	-27.51687873	4.99761242	2.58583912	0.1437360405420342	0.1060388710933879	0.08926396203611808	0.1037172309241682	0.1010230365690329	0.09344742467054061	0.9075074607460636	0.9807035998544487	0.9917526538311647	0.9789322784338099	0.06483021414276652	0.04800128996239383	0.04920794531831439	0.06434989386781743	0.07427815008530494	0.06917241977505148	0.08779862811678278	0.07191574428555916	0.7887893288461344	0.07803630361996186	0.0770652925687387	0.07569888946989457	0.1329319928320588	0.1446389344246994	0.05872735298915731	0.07180536539972256	0.08022292168310957	0.100949363362127	0.1064959429053045	0.1062881066120407	0.1063262759231085	0.01369364042400655	0.01015176821142312	0.0100662662451311	0.2200080366896386	0.09676393025265802	0.1032441416913547	0.03179533356815864	0.08387958442601275	0.1053120709728783	0.06471906560125935	0.04067125547042098	0.0626299656026864	0.370797833912978	0.4878635964057813	0.5570054415333477	0.4803311091519858	0.5001943188254193	0.5240074707702316	0.2002900954505186	0.2991487749829049	0.1694450631000369	0.5957135403035537	0.6016894088466852	0.401206064310915	0.3822197090780493	0.3919806496549405	0.3774977727158356	0.2598714233529529	0.5936420068371271	0.4933499451554619	0.4532181252135344	0.4820613417478357	0.4245102658831996	0.2678090343057008	0.6840394243173338	0.694386382531166	0.5306919382880415	0.5288029535259132	0.5483884398667617	0.6280937098740179	0.4227883582785978	0.4179034262496417	0.3909688352553321	0.1527527638879624	0.3122254036952551	0.0620167564417791	0.2766313855254527	0.4591573981910592	0.4537459908843045	0.7032107539910288	0.5028383205714519	0.482565523666759	0.5395132431748733	0.6365699817547307	0.5425004827325435	0.1366555165466941	0.3034196347040691	0.0825586334477203	0.1391591140661998	0.07713692487638245	0.260589052317817
1.1	10.64502005	-3.83656668	-0.6494203	0.59187033	0.9972515	0.04714568	-20.92342839	5.12006188	-3.54241411	-2.57066481	3.15353817	3.95435802	0	17.88134784	-8.964148359999999	-10.28527474	-31.38031104	-4.41927995	2.90586548	0	-26.84793425	5.19342514	3.0312848	0.1455822026518715	0.1021387662859443	0.08529314895453709	0.1036916228462836	0.1006271817880569	0.09264564832898164	0.8369330115356381	0.9426606320387401	0.9813929798332733	0.9360723594775047	0.06809590846619798	0.05261873428942159	0.05153936233380838	0.06596433469178092	0.07464025317423412	0.06926072760627018	0.02995417665468786	0.07327298656231909	0.6211344225279911	0.0778499953582865	0.07675674434059791	0.07551589364050858	0.141896455241781	0.1558310084898515	0.06170062626243333	0.07223667917779629	0.07922444899476327	0.02230911396561276	0.01301815886627601	0.01229817683574158	0.01241784299288909	0.01336272385637596	0.01012831096871707	0.01006637633038528	0.2269775387644172	0.09751113567220134	0.1046385230789878	0.03181681563225541	0.08454318073301621	0.1081405549536378	0.06456683106003606	0.04050448684990087	0.06274427438740512	0.3807897810364887	0.4977572508983185	0.566760908424184	0.479342657626888	0.4987063787040106	0.5231053925779657	0.2728008448026612	0.3543952076976489	0.259571820052618	0.5894742260461495	0.5837597991097733	0.400092439593092	0.3948349720458667	0.4072860422934081	0.3962899655247306	0.303586406039975	0.57202420570103	0.4919047173243555	0.4609105279903226	0.4892344802867402	0.4496120387408666	0.3208070356773168	0.6298417122590513	0.6399467066654272	0.534935777984148	0.5273208207163342	0.5463327925029142	0.5856256400743237	0.4310374093865913	0.4265416720547012	0.4016590341598429	0.1347072345801094	0.3056673528450486	0.06196881064022058	0.3157073835509531	0.4669339432027346	0.4600064481608074	0.7061974111823263	0.4924229610183007	0.4600617812684643	0.5374348831227579	0.6324671300551176	0.5424657660641732	0.1710799620874176	0.2889739180821026	0.08717345922730035	0.09468399582630765	0.07882993675624093	0.2644302673700332
1.117	10.0098876	-4.02697036	-0.77822479	0.58937861	0.99449033	0.04708374	-21.52563548	5.24604923	-3.36715146	-2.30296468	3.52399058	4.16702883	0	18.00794401	-8.60990518	-10.64577553	-25.19828926	-4.76878533	3.16016581	0	-26.41048506	5.26776189	2.92002281	0.1460411719502071	0.100854486935381	0.08366431901602026	0.10441890366491	0.1011165356810722	0.09273141873724426	0.8415602686348245	0.9398626439195352	0.9810546145016952	0.9328268697691385	0.08143302696980798	0.05459722399946174	0.05165386083744453	0.06609855286998914	0.07464852632757815	0.06878748298385701	0.05657399829907053	0.07405559807245429	0.6224622854711562	0.07767963124924657	0.07642689145346586	0.07522676650977943	0.1499093459102744	0.1654781144564081	0.06298886808120605	0.07224856090071248	0.07888248139247427	0.05251234924125862	0.03521486241267582	0.03721905440671451	0.03168911470034196	0.02449128522255351	0.01308485069215682	0.01006640036032583	0.2316108122869373	0.09816638524220787	0.1055127928298739	0.03147874339126857	0.08491468020029452	0.1100162597203986	0.06450983187656985	0.04018091504178421	0.0622163599058739	0.4207235547661763	0.5113462607450513	0.5694858545073865	0.4917131706715107	0.5101640290632807	0.5315178327656338	0.2204677149100567	0.3012084036992084	0.2241540207336735	0.5697234671190767	0.5930942175561985	0.3750363338673837	0.3675003288311082	0.379634942783231	0.3729024798152313	0.2675868399725931	0.5905826419253836	0.4881513811436184	0.4414670902095029	0.4871726527077982	0.4370078381158226	0.2689616481958221	0.6513589173317509	0.6615113769937221	0.5176193371190446	0.5278530686039365	0.547835451056099	0.6278583506210286	0.4519593226275568	0.4485930591688048	0.431724708738443	0.1190281869094575	0.2812207210800788	0.05974274890210343	0.3688802872576664	0.4771737057976808	0.4682928739858391	0.708776469331154	0.4771024456226133	0.4270353699090201	0.5346578998052852	0.6269933715549911	0.5423042166089805	0.2116884767938402	0.4109354634051962	0.06968849873269169	0.1069381412884121	0.07714642757096704	0.1073244313468092
1.133	9.41122433	-4.35004681	-1.06316282	0.58677353	0.99140367	0.04671739	-22.05241013	5.40705689	-2.88019736	-2.26339213	3.90859145	4.02807208	0	18.04676301	-8.446364239999999	-10.94085111	-19.30331416	-4.88516414	4.43954096	0	-26.01266524	5.39295598	3.20782419	0.1442898854414978	0.1021156592837612	0.0851385197944258	0.1040601118048515	0.1007886129125763	0.09246132977647101	0.8937300011772709	0.9582089289220823	0.9870060947475557	0.9532816284775216	0.06310553414413898	0.05296853195068951	0.05105735709093182	0.06532850346082636	0.07458485234591077	0.06937840541295552	0.05021216736194006	0.07358121110328468	0.7436884289166887	0.07776883189064993	0.07659657135816018	0.07540341551127547	0.1432279982550938	0.157579311633307	0.06235296589047681	0.07224960824167546	0.07916516221731522	0.04857422289499656	0.03425730763998877	0.03649054600330816	0.03092228876120803	0.05221718995717015	0.02406813312837981	0.01006642465082972	0.2311920295756104	0.09798892956744858	0.1057776465421837	0.03120886250341849	0.085061655142058	0.1116220839533195	0.06423122031503135	0.03966002678165672	0.06197280219370672	0.4540076401789882	0.523525682993236	0.5722736553036901	0.5022476064739183	0.51975217180166	0.5382304184911006	0.1865924904132116	0.2703554713423392	0.1979230552279173	0.5529727177403079	0.5984094990668706	0.3560118746691672	0.3500668600304763	0.3638371597040698	0.3610672868343462	0.2533831830990881	0.6052041050061627	0.4848102903982205	0.4289756402060423	0.4865867661042642	0.4308672380243878	0.2447276263051477	0.6619627280429607	0.6721476984177618	0.5031403517973294	0.5278740170956844	0.5501039541256314	0.6562157023207642	0.4684059860069256	0.4659228004278969	0.455173725719072	0.1053599568557888	0.2660900879938757	0.05941533628571988	0.3952315447837113	0.4827323338383144	0.4729595747308725	0.7074755571170802	0.4690141021210028	0.4103666968433601	0.53283242998157	0.6225894576430353	0.5417166927832765	0.1784015073483438	0.4517903850996224	0.07221115084839332	0.1615975207793665	0.07603072962744696	0.144088302644226
1.15	9.29044347	-4.34661337	-0.97139367	0.58529473	0.98881982	0.04560846	-23.26508221	5.27759114	-3.04657893	-1.90011611	4.29545476	4.8644466	0	17.12885188	-7.68556893	-10.33282294	-13.01958428	-5.16559344	5.65795831	0	-25.94904333	5.33448697	3.09231821	0.1401094323121548	0.1060799298746322	0.08990002638705438	0.102570398283601	0.09960242313650725	0.09180162032656525	0.9999634257307825	0.9999927726716996	0.9999913556015874	0.9999934804412017	0.0108224933859826	0.04752907163700841	0.04967528812595616	0.06355793028814724	0.07444127198152353	0.07110736019720303	0.01007345497615525	0.07179052728366407	0.9999661207952786	0.078128747362672	0.07728699404276766	0.07606792177018371	0.1210172438193417	0.1311472496676605	0.05971343191640444	0.07223995211830561	0.08010782657239124	0.01000246913354389	0.01002580020162902	0.01002158807509676	0.01002151193309559	0.1000061761520526	0.04445106858191377	0.01006645223820992	0.2256688427915206	0.09695658668857855	0.1054661909299557	0.03097343785772392	0.08500247742602705	0.1131587556815155	0.06369616993022828	0.03887671103700246	0.06198315653688269	0.4848025479515253	0.5358179454238955	0.5754727859126328	0.5122627695094116	0.5286693247614455	0.5440822229700493	0.1669407682500209	0.2579797940824328	0.1776000528471301	0.5371281342374971	0.6003700538306234	0.3406410045986658	0.3403553820438922	0.3579179701710297	0.3593049874594648	0.2591999783102721	0.6177162778284647	0.481463808744987	0.4218747467295085	0.4874035846506966	0.4304226634551329	0.2450757172689593	0.6629786207315822	0.6731852111155513	0.4896889488537884	0.5273862847530463	0.5534218645952028	0.6742423641359969	0.4824332324471186	0.4806971134893638	0.4749372122243081	0.09199401566239489	0.2583841244506641	0.06094564621402198	0.3980550633198431	0.4843046558297145	0.4745898879890368	0.7021320605133454	0.4671468875757683	0.4079721779382767	0.5317302899236478	0.6187048990802557	0.5406297541088478	0.06705818257024172	0.4166455483771839	0.09505674708886792	0.2654945567355394	0.07534338068274071	0.3793173651744601
1.167	8.992882979999999	-4.44454292	-1.22205056	0.58421843	0.9856633299999999	0.04482059	-24.32438524	5.17149767	-3.00777578	-1.5557438	4.61513777	5.29454415	0	16.52613661	-7.26857767	-9.90005307	-7.80307964	-5.28750476	7.23933566	0	-25.7955406	5.21088449	2.80361114	0.1386961870383714	0.1059221784916234	0.08960773145051619	0.1044832355206823	0.1002677546251282	0.09093767333322429	0.9999552324291447	0.9999887761740358	0.999987936765211	0.9999899639022907	0.01093585397384415	0.04495657698809014	0.04704340148194014	0.06066031105559866	0.07364162549597893	0.07081732470628792	0.01008856546921817	0.07113045896979872	0.9999483699352166	0.07815009274857003	0.07730657119335889	0.07600653539972614	0.1275424240728123	0.1393378791322521	0.0582323829570281	0.07165545487233566	0.07991192549562844	0.01000292604883677	0.01003089573240915	0.01002583958600532	0.01002575689398873	0.1259616169737783	0.05631464091165844	0.01006646917133887	0.2230646446662636	0.09628878924170407	0.1058575791495476	0.03121764538395541	0.0856024493200129	0.1162738399701813	0.06297119218353876	0.03886366892863512	0.06191752014565288	0.5073076911803249	0.5428493287936302	0.5724898282629581	0.5164901450470012	0.5296955488306442	0.541086772558474	0.2418333956681467	0.3468293325612244	0.2572193886014117	0.5375140176791616	0.5776581586066268	0.3541186591577719	0.3656393225936698	0.3854418593789439	0.3922105802685121	0.3230765476808398	0.5975493778213954	0.4815482690941789	0.4402338077480297	0.4947501569605762	0.4550480957525193	0.3093004816815497	0.6113164324488283	0.6206312257644293	0.4871278008760503	0.5229804769970795	0.5491718813542081	0.6420866996407156	0.487275025013704	0.4852181721516013	0.4828744384150086	0.09162390659534878	0.2548826287558527	0.05913526820881493	0.3918819069879963	0.4836507183068762	0.4735535239610287	0.7023558191356822	0.4660121809866069	0.4055767664657655	0.5324923925190805	0.6205978581571792	0.5409451291469843	0.1823927049693177	0.3796473096872335	0.09238862009021448	0.184177417066038	0.07369955971985145	0.358649667166775
1.183	9.298426060000001	-4.53204975	-1.47416563	0.58364899	0.98322104	0.04391089	-25.89144063	4.93211943	-3.21161687	-1.54072244	5.0655544	6.33657097	0	15.40951176	-6.95044125	-9.45797295	-3.80598649	-5.18650625	8.821988640000001	0	-26.13929114	5.07085402	3.12010313	0.1372014702094825	0.1048349181468887	0.08841720849878985	0.1058379658328498	0.1007978456877951	0.09044548267967172	0.9999373326191221	0.9999850419967991	0.9999838562816588	0.9999865741137997	0.01100819540779052	0.04440152157466094	0.04575125884475106	0.05878179680041348	0.07303173218454855	0.07039196050136746	0.01010032690460068	0.07111393383146426	0.9999314119865348	0.07808743082066764	0.07719218562129194	0.07584228830819342	0.1356902493632445	0.1497116705742816	0.05802525195171779	0.07128134682474885	0.07954103744825634	0.0100032616410129	0.01003349820533678	0.01002802323436627	0.01002786505379161	0.150061046956342	0.06775560986412069	0.01006647935551483	0.2247693162869674	0.0964059378871102	0.1064576587842259	0.03108891850407062	0.08665924288991231	0.1189727257653236	0.06229567799950941	0.03820437694528037	0.06154203281383218	0.5127657159248653	0.5381959826756519	0.5612335348267946	0.5176837391219111	0.5284502138855292	0.5369748626271201	0.2626133016502407	0.3841982390699536	0.2790990450386256	0.545280288123498	0.5691622010425019	0.3740755392316498	0.3807849062998128	0.3973770604296085	0.4051327405415681	0.3393996651856543	0.5888562252132058	0.4844406011479137	0.451215574427991	0.4953962643751169	0.4577051337205747	0.3195772082540602	0.6090331990852782	0.6173573480947389	0.484997000878783	0.5202234754340089	0.5446570907015976	0.6211875977327856	0.4856909893517035	0.4826499508004899	0.4819880137816979	0.1065310191111555	0.2610152981388524	0.0553662377240888	0.3748525416984044	0.4810041026449239	0.4704828486332197	0.7059423373248659	0.4671715118408521	0.4073625160418157	0.5340924998897384	0.6250617698113031	0.5419728873942546	0.2711004847074618	0.3715323838772708	0.07941442228825982	0.1457918445368019	0.07541307584936416	0.2463205898612093
1.2	9.18554754	-4.45229871	-1.6944396	0.58375785	0.98014673	0.04290475	-27.00674218	4.56524994	-3.69645798	-1.55022665	5.51380951	7.53477536	0	15.07673791	-6.53684978	-8.90141219	-1.43301286	-5.04767102	9.80432465	0	-26.0357866	4.74507349	2.62666808	0.1354384422218769	0.1026822412973362	0.08617964216290962	0.1068039305091244	0.1012589577073415	0.09026352453421344	0.9999074888244617	0.9999811033678346	0.9999786040904867	0.9999828873521676	0.01104856036706501	0.04579452347004213	0.0456373423847403	0.05768757324069358	0.07253535538330359	0.06977809705682664	0.01011020946172558	0.07173888622636888	0.9999131272056477	0.07793292883797706	0.07692953913005846	0.07555464960914395	0.1464791978519425	0.1635653479240027	0.0590661475248097	0.07107086446959685	0.07894880142435343	0.0100035178590943	0.01003393292952787	0.01002841197622472	0.01002809993247958	0.1753168948475643	0.08020409655835829	0.01006648406375979	0.2309959416062199	0.09732267620547269	0.1073414397883256	0.03057116635808394	0.08830495733196271	0.1215927737913353	0.06158518810513654	0.03681642358901888	0.060809758624943	0.5018588752782144	0.5212762388052136	0.5402968689246217	0.5159927509935055	0.524777653057961	0.5312325044345685	0.2318779744440652	0.3747576269222121	0.2459739792134242	0.5613977293760483	0.573820186442733	0.4030062548295341	0.3876853311255891	0.3952154734543569	0.3996867383127651	0.3102097205128178	0.5905501759278722	0.4905023464129079	0.4561927676043876	0.4894226703211363	0.4387259071053062	0.2771904878080553	0.6558435164704879	0.6629543433977682	0.4830301988623279	0.5187706548684508	0.539313143805795	0.6089326706737154	0.4774831210033672	0.4726714217671408	0.4721671352452123	0.1385787422742908	0.2775487162725381	0.04916742594925287	0.3448382967898686	0.4760339818861135	0.4649940275896333	0.7133399298545443	0.4707697964952846	0.4135526453634336	0.5367306254569534	0.6326546229993935	0.5438414986315675	0.3442699942519423	0.3912864052210504	0.05451237895775979	0.1455396425816762	0.08069811858746785	0.02828899859456852
1.217	9.556266920000001	-4.45426932	-1.86446693	0.58382735	0.97803088	0.04185568	-28.27435017	4.2043211	-4.225896	-2.22830937	5.8979857	8.76796085	0	14.91434579	-6.33309723	-8.504392360000001	-1.40221987	-4.47375931	10.65413489	0	-26.43069764	4.45223294	2.66564944	0.1262806408546294	0.09880420293704922	0.08423116503619701	0.1031710542393709	0.09831370752172235	0.08860365817565931	0.9999578444391646	0.9999919469621145	0.9999907595766691	0.9999927600613643	0.01056996140744422	0.04879091534350754	0.0485240066742751	0.05870263383179108	0.07263435180634524	0.07076951941689302	0.01004935294378004	0.07261898848348844	0.999963195947801	0.07792406005839407	0.07704024038956112	0.07580496512470153	0.1370997434228897	0.1526885467158664	0.06141595778860012	0.07159877523913249	0.0785809272241634	0.01000156070476886	0.01001468297905966	0.01001226624270725	0.01001219672816378	0.1729393397584334	0.07967325205460797	0.01006651858390773	0.2364850175079264	0.09793416363671215	0.1085364769307614	0.03040030061922333	0.09033655712603078	0.1241922414005704	0.06018090470535447	0.03515711821051046	0.06074969358808609	0.4942533574484321	0.5045358436315163	0.5167181333374805	0.5137744641307695	0.5198810389529105	0.5236735697991699	0.2987859760320991	0.4035546185894792	0.286474576489397	0.5820185678246245	0.5716531429429947	0.4359028830138079	0.4058934473373453	0.4040192675110561	0.4051254935062655	0.308763255189561	0.5824665678124031	0.4962664700580989	0.4683543919311483	0.4825645907519803	0.4225671588217131	0.2665176131028795	0.6750216004472747	0.6800580052605638	0.4807088051373195	0.5158051831208006	0.5312472190763328	0.5537293239344538	0.45672814999081	0.4478239096527852	0.4469366608322709	0.1558730371180378	0.3154017530554817	0.04828407597425739	0.2970442278779377	0.4680316090492874	0.4569758529704366	0.721473812346175	0.4787238993059304	0.429042558102577	0.5402078145443621	0.6420963099874367	0.5459867828712363	0.222370710382333	0.3924236208449238	0.0781131590071461	0.1492453490135792	0.07727232836415607	0.1591772551228441
1.233	9.729289809999999	-4.52287797	-2.16685411	0.58413512	0.97572028	0.0412005	-29.17321499	3.86044433	-4.28553879	-3.12613602	6.21475984	9.608013290000001	0	15.34734072	-6.3154873	-8.18050352	-3.08000508	-3.92311192	10.96933567	0	-26.56787036	4.12465174	2.44870696	0.1215526893299366	0.09711769878888704	0.0831490086588524	0.1015418053752966	0.0970883283004008	0.08798073265995848	0.8802682809376188	0.9877458423523005	0.986806706502787	0.9881418013334518	0.03977104696919619	0.05005947010375616	0.04981210671407567	0.05887156628532862	0.0724377964018979	0.07118869201513472	0.02569871718332332	0.07299216530323416	0.9339000768156356	0.07792721165177026	0.07709095967013158	0.07589654501782458	0.1302937137921749	0.1445119989849689	0.06238124708750867	0.07172375803634827	0.07835847443218918	0.01533580433686261	0.01121217301865852	0.01108595182486693	0.01088609878877155	0.1364222420119139	0.06327606144121899	0.01006651438830088	0.2422670716826044	0.09826602639686265	0.1089910842914464	0.02964642220146105	0.09112108603478479	0.1258606320348232	0.05946329849385277	0.0341890164531758	0.0602856370031203	0.4883330622427393	0.4942452136531142	0.5023937728670786	0.5120073979508687	0.5165573887132291	0.5186061107410618	0.3518833647430567	0.4248646025612659	0.3205881039580334	0.5964382902190137	0.5694936250238677	0.4525463936599859	0.4164929773709363	0.4097697935615655	0.4089540879133602	0.3092524476730644	0.5763660361302582	0.499164910058697	0.4764758815013993	0.4791156391847828	0.4145572492910847	0.2624702715221374	0.6781241055353953	0.6820753229232699	0.4806189106513716	0.5142310256826677	0.5260192806240095	0.5171845618631117	0.4311610557341679	0.4180376692909334	0.4134362826414345	0.1920596684564369	0.3458915637224989	0.05028980811595476	0.2729240295959616	0.4635535755692957	0.4531646843391538	0.7249599441635409	0.4852769325386036	0.4426000869239466	0.54230958135403	0.6474987035051095	0.5469178768650964	0.1457916080078007	0.4224100851476238	0.08750691804420899	0.1594368496646031	0.0716221192549221	0.2148356291832199
1.25	9.811481949999999	-4.49386236	-2.72672699	0.58565877	0.9736944	0.03998023	-29.77840436	3.19323726	-4.38039819	-4.55384629	6.28977806	10.68092711	0	15.90383742	-6.23544988	-8.09207651	-5.7592044	-3.68821937	10.71841711	0	-26.49729819	3.69086918	2.75668713	0.1206635937072119	0.09741191583432941	0.08279790348370769	0.101712527808892	0.09742964764071163	0.08831688229764834	0.6258776028821327	0.9617120264621661	0.9587784382346054	0.9629486413274413	0.1023019527475395	0.04975875709581907	0.04966265500911706	0.05821548715799837	0.07192111974440567	0.07108801142633192	0.05901447271029812	0.07290506378807425	0.7934658799176317	0.07794277756727767	0.07708803688184118	0.07584083677515351	0.1252103552559588	0.1380136362649481	0.06208267658389895	0.07146143571089615	0.07825363644943403	0.02667302920938721	0.01377608930327427	0.01338367942047372	0.01275904387187885	0.06120096438969149	0.02896287589151792	0.0100664709524884	0.2490648609020886	0.09835974733094301	0.1087620877904662	0.02821529630257682	0.09075661017181899	0.1268064945233752	0.0593426686941937	0.03379110559734804	0.05935958179692492	0.4833579527604243	0.4891180201227072	0.4955332424546155	0.5104706691813156	0.5143912460589567	0.5153966948779802	0.3978073141658078	0.4413513268340457	0.3525787525529129	0.606459361858515	0.567071692945461	0.4550172255988411	0.420808862480561	0.4131858673621988	0.4116510958349359	0.3117384470237657	0.5714860144211691	0.4995599714147772	0.4815724225114223	0.4786446966736441	0.4136949398220922	0.2645425453682362	0.665538844870865	0.6692584610937249	0.4827492785937407	0.5138514128742857	0.5229758361422846	0.4947302892007707	0.3975859514513605	0.3795894206363543	0.3674784533988487	0.2516619652067878	0.3728293746069669	0.05543533889205712	0.269462677158693	0.4620401272611394	0.4530841256168745	0.724234091783813	0.4912480253473882	0.4559199229302135	0.5432986467371657	0.6495371027421211	0.5467511673623806	0.1049602993315285	0.4849941061669878	0.08386787594858142	0.1773880821161256	0.06304121512111172	0.2022214175332436
1.267	9.739526140000001	-4.59579192	-2.78591283	0.58759856	0.9715595	0.0386637	-30.01663015	2.92299897	-4.46254405	-6.28171123	6.19677318	11.30399842	0	16.90600281	-6.23486793	-7.50565355	-9.21385025	-3.96115599	10.09415451	0	-26.1996728	3.51304371	2.65413541	0.1125442206328662	0.09269729814382492	0.08033037963080836	0.09837449395775819	0.09461524171460313	0.08667511830572659	0.4983525920801652	0.9866163614365641	0.9836728311308924	0.9875512937023865	0.1424803061672066	0.05531031148734383	0.0537737813697468	0.06092566976337088	0.07262693398710424	0.07162181283668678	0.04684860566977936	0.07439213027916443	0.8140173704401217	0.07789625367576354	0.07705477546873347	0.07599285805692171	0.1234142104682338	0.136064314904576	0.0652295069670058	0.07250770427230259	0.07802129506486458	0.01603570698302337	0.01246978406165383	0.01216286832283303	0.01188637934361761	0.02722817228856615	0.01608582286639202	0.0100664430830081	0.243873123513366	0.09761323537269601	0.106644490271951	0.02726074557775879	0.08971850871197905	0.1236699419693621	0.05964481165221931	0.03409413008863146	0.05848596786893726	0.4917274412828976	0.5052830845150178	0.5179054534102702	0.5102324068222622	0.5157367007967349	0.5191707843138854	0.452037516845471	0.4678652438947066	0.4124394747488469	0.614210137533048	0.5595435765117537	0.4370727588496666	0.4177744006897652	0.4159636333554165	0.4176622493936127	0.3378201017229263	0.5603659848083206	0.4957725944133498	0.4859993353282623	0.4865619819955055	0.437809843158764	0.3071468838655531	0.6241563168098616	0.628337474399523	0.4875975803909082	0.5144193856214616	0.5287855149886124	0.4127171377335221	0.3467524115226078	0.3226222792608726	0.2934628521885096	0.3137982591881703	0.4023084940487399	0.06079763696616622	0.2599960325611051	0.4597116519441682	0.452222671266956	0.736867669169618	0.4970113059963937	0.4687898402364206	0.5462603542745419	0.6590410245223093	0.5490530575503596	0.108474544202848	0.3874555940259904	0.08645403013526762	0.2104534979023671	0.07402166306329329	0.131955405819385
1.283	9.800331890000001	-4.86615633	-3.02814245	0.58914791	0.97034672	0.03785602	-29.98831792	2.72171874	-4.27335741	-8.652417	5.70630249	11.61815712	0	17.38190432	-6.47752645	-7.37512621	-12.15891031	-4.91321705	9.368383010000001	0	-26.15465059	3.3686399	2.64898582	0.09967796360772821	0.08459385759797602	0.07609334071783065	0.09307338067539883	0.08981884018108138	0.08360055647948375	0.4209021656114934	0.8918705120737683	0.8893433821541991	0.8939352651787142	0.1453234105083363	0.06839469163272149	0.06080088729125169	0.06622938092217753	0.07401614163356629	0.07212279021897165	0.04666892260048116	0.07707699752719102	0.7738737340364303	0.07775177906170495	0.07688265500861545	0.07611659466233797	0.1278583893674867	0.1418417175708757	0.07181770008560394	0.07410688762960004	0.0777153206020692	0.05429376333860824	0.01498724951544067	0.01468583101030613	0.01325752199142993	0.01224617983159511	0.01065102541535903	0.01006630352081262	0.2284704665060441	0.09588046666044199	0.1035886946793801	0.02798605722765902	0.08872403300852806	0.1191291299490245	0.06043790495973324	0.03549952068450138	0.05892139686668919	0.4837122476783519	0.5050189042221187	0.5217161375678603	0.506186220889985	0.5120933051995732	0.5168678773793473	0.4781209178651831	0.4812662726752837	0.4432300124491823	0.6137202408444179	0.553367433907874	0.440679097340005	0.4266749580181637	0.4262720707623138	0.42729093738618	0.3581561507282587	0.5498546591650485	0.4959607908147441	0.4907044576613664	0.4883290813855482	0.4474392825156811	0.337356412418346	0.6028362578234718	0.6067804064016225	0.4946796219576272	0.5148718791557708	0.5289083869192377	0.3799488482272969	0.3205213272231393	0.2946729361687959	0.2521309051271657	0.3101720428397632	0.4034302038054337	0.06034971848149026	0.2454366610988927	0.4568733147420188	0.4494541084676167	0.7566175954322979	0.4978167817492626	0.4694791752602218	0.5492507278896372	0.6705221072825053	0.552644399958952	0.1589395227685686	0.3374409022293579	0.09706864227911663	0.1668756121532693	0.07460971043297904	0.08913967592062891
1.3	9.4103884	-4.94656134	-3.343119	0.5910677	0.96897262	0.03657339	-29.26679692	2.24493838	-4.32314143	-11.3525269	5.06101308	12.32320157	0	18.42674318	-6.59975309	-7.33423883	-15.38200652	-5.83478917	8.70048882	0	-25.56950307	3.01790873	2.54505282	0.08045654050365551	0.07208866412855156	0.06955715688065232	0.08514654880151901	0.08244089284845613	0.07870887659063942	0.3838450201675338	0.6656312472034278	0.663998910182437	0.6703985521909637	0.1111866538135693	0.09064744505012434	0.0716223610138199	0.0747895845292692	0.07626239363959957	0.07265356574597216	0.0584529631187414	0.08129527393815733	0.6680170161560952	0.0774912943983446	0.07655016044397232	0.07622751366707933	0.1390984143161242	0.1560680195971349	0.08267078007951816	0.07645888370245063	0.07729746625319844	0.1462294553205906	0.02164316884635818	0.02126793781882722	0.0170438646462924	0.01438223796165723	0.0119791338570399	0.01006603482062753	0.2009315577542073	0.09294484510514915	0.09921272656368203	0.03048189520851504	0.08764887359853464	0.1126164569598201	0.06182108528017473	0.03818295120944151	0.06072029741489973	0.4583104727462186	0.4882924567073974	0.5074416304470841	0.497826338142949	0.503005634817826	0.5082001107075482	0.4793179423524075	0.4832295417733488	0.4487991828664603	0.6049284347065456	0.547771247308337	0.466287033381149	0.4486231041318063	0.4453997342587527	0.4417407458117084	0.3752886001654294	0.5386381217859437	0.5001480851691346	0.4962759298023724	0.4841668822675277	0.4437869378124578	0.3589473220957136	0.5989136605383973	0.6018926236002855	0.5048806584897374	0.515265455169002	0.5233598109254884	0.3923293844938175	0.3156138130155219	0.2922477234736148	0.2383161188321494	0.2403300391180147	0.3763347175966347	0.05403559362744468	0.2239646413392792	0.4531703235044222	0.444432366868939	0.785952611354688	0.4937651370751034	0.4580740948795921	0.5526435642843384	0.6854154863677332	0.5579741123892319	0.262663357349406	0.3286981943025118	0.1170385388981097	0.04120718915019397	0.06487886315137951	0.06842226159963118
1.317	9.41385496	-4.82915935	-3.48968004	0.59410774	0.96897292	0.03467754	-28.51500903	1.59088915	-4.45599792	-14.79475366	3.83616258	12.7164838	0	18.67451042	-6.44825774	-7.34421103	-18.08279826	-6.48137348	8.19819238	0	-25.28551375	2.60097789	2.10752406	0.07481110307603488	0.06912675958892266	0.06869499399985995	0.08204335672678234	0.07976437804940857	0.0771779908383983	0.2064713974116519	0.4176037153870198	0.3806579568805845	0.4658097556437141	0.09936929266758007	0.09926162539588078	0.07563820209946671	0.07745641357163076	0.07682487601454648	0.07246118935348471	0.07884277419796273	0.08276236598208732	0.3685456925547791	0.07745705805706488	0.0765025751930014	0.07619973935193286	0.138069643741886	0.1546010828958874	0.08660689304000473	0.07764101845516128	0.07744785598110022	0.1262018624638203	0.01846724517647981	0.01803864584148155	0.01487802154969982	0.01142080404061649	0.01065604969403357	0.01006593161390387	0.1692681382902393	0.08909762348349899	0.0936340583919823	0.03227379151739457	0.08594647528215441	0.1053785078294968	0.06424916921702142	0.04111968813539292	0.06317724255140311	0.4702561957050129	0.4926869851056906	0.5073360380125445	0.4985670828215305	0.5027897240184578	0.5074789817469576	0.4953247123905594	0.4948615588821838	0.4744507338815857	0.5848497158116502	0.5355879255476153	0.4797669424140982	0.4676393156194625	0.4675333327944461	0.4634292029392866	0.4178718632151335	0.5277414274672763	0.501295864366762	0.5004126255735251	0.4903604516258999	0.4628577037292878	0.4081422544901429	0.5710710121743925	0.573498381561459	0.5066906698729776	0.5118466203444564	0.5187813674397798	0.3914901884310519	0.331127140911825	0.3123407394839808	0.2505691538127747	0.1684727503714196	0.3144655848058276	0.04744803840032135	0.1851356774359013	0.44620967153738	0.4348172936349989	0.8207311283885395	0.4856225810173811	0.4362433050794303	0.5567797288922489	0.7047211999061951	0.5659309623457265	0.2594006733942399	0.3528882563565298	0.09812209217168633	0.1143673729538501	0.0707842098364964	0.05649909953514784
1.333	9.66609631	-4.4767865	-3.64502994	0.59751032	0.97000449	0.0323683	-27.5374408	0.59705436	-4.72984465	-18.96856014	2.24167083	13.1150669	0	18.27311198	-5.99958357	-7.41429926	-20.25252399	-6.70224569	7.70734652	0	-25.19186616	1.9326305	1.8476321	0.0722957673048696	0.0680276580458808	0.0688828199668074	0.08026254936154369	0.07839952469046815	0.07666136125326317	0.1130986323587824	0.2716945152727037	0.21682156138377	0.3444070693261736	0.09266142251080282	0.103551150457234	0.07832036211607384	0.07924774759931361	0.07732901042996879	0.07225000043901866	0.0816555844345741	0.08328764115765902	0.1962454600453677	0.07746290939451947	0.07651446680688404	0.07621402049336806	0.1324618559764039	0.1471778504141688	0.08773489647215289	0.07829320737333931	0.07769213122230077	0.1028433774793154	0.03153902878556557	0.03072260594667895	0.02583123395749781	0.01018531757528372	0.01010809178430225	0.0100657735071644	0.1423539318035233	0.08618301718701564	0.08934048452742699	0.03671066434630139	0.08440449288389562	0.09877373053228833	0.0667613672151294	0.04562454466648683	0.06570198233829747	0.5043753988103952	0.5119228089083927	0.520045352819235	0.5062272848386269	0.510064757144868	0.5140195716388978	0.5155733205055905	0.5054328367732904	0.4992333802183273	0.5682874758652494	0.5259059693907635	0.4726184069416976	0.4703855953672949	0.4754882899302313	0.4744236750602706	0.4482825904946021	0.5239905045427744	0.4988502159996099	0.5000780187702851	0.4987835199459841	0.4838830941042287	0.4425262717683102	0.5386690810318876	0.5408312638387869	0.5005713949312601	0.5077785146378702	0.5184413078693612	0.3895262323208736	0.354997530889773	0.3400502022445723	0.2814012842367791	0.1109251192428075	0.2600778495755232	0.04176357503066427	0.1648607251371625	0.4420713803243162	0.4285640959645745	0.843404716900054	0.4783473488165423	0.4175226288760705	0.5590405098394181	0.7163987220540482	0.5709718956335157	0.2209723609956013	0.3287265740244185	0.08825817707177339	0.1593223271961152	0.07795121710954339	0.06233149701016358
1.35	9.92349272	-3.89524169	-3.49856287	0.60074216	0.9712714099999999	0.02914048	-25.89998152	-0.62678387	-5.63267655	-24.14307774	0.14984114	13.41187487	0	17.68578283	-5.13788784	-6.96724807	-22.04535224	-6.57045535	7.07407973	0	-25.0354521	1.24148124	1.1231616	0.07259611621876404	0.0686539718065458	0.07014411302736311	0.07958152578514822	0.07817572610176732	0.07709440913709217	0.09205512937731737	0.2096649968461912	0.1520101742548932	0.2910151574486506	0.09022455957364042	0.104052210866853	0.08000411106571712	0.08038750336577809	0.0778378136877943	0.07199360038826577	0.06724299510815171	0.08293675886181885	0.129578789564186	0.07750957982789018	0.07658732173735555	0.07627214223406431	0.1215740775489923	0.1328704180917639	0.0861957908049811	0.07849697407175694	0.07806082638195012	0.07323418974401262	0.06249249262475143	0.06090531314756932	0.05127265342066127	0.01052134275749236	0.01026676538912951	0.01006554073706668	0.1168246624832196	0.08383670042863867	0.08579530823694666	0.04434712279884889	0.08283017860397594	0.09197652790604373	0.06967170402426218	0.05226062786910997	0.0686101092489446	0.5649329824505388	0.5484044060908417	0.5471582392179922	0.5217644694463753	0.5257401133378578	0.5286394541198611	0.5425948427118796	0.5162647851830569	0.5262449526687778	0.5531714348740431	0.5175151343181755	0.4439478600298966	0.457205228343782	0.4702589753080813	0.4760984711897829	0.4703221229137683	0.5269164876468756	0.4925054340217845	0.4952302835422475	0.5104889707677909	0.509491282734148	0.4663973760899863	0.4976576257180694	0.4998078807169348	0.4857579242968698	0.5025526248359199	0.5222971247679302	0.3861920216495103	0.3902087816966097	0.378839794600463	0.3346665264071634	0.06049369184110178	0.2063730450019334	0.03627164559726632	0.1606054154057206	0.4402381634635977	0.4248911241488627	0.8568075754531709	0.4710300364474821	0.3995719817440927	0.5597085047442419	0.7219077430797738	0.573727028913573	0.1425748811036597	0.2531929370146634	0.08621380421088184	0.181691421157272	0.08727576087965139	0.08664850370905561
1.367	9.908839459999999	-3.01682087	-3.41616382	0.60364012	0.97263169	0.02521456	-23.22558064	-2.36875474	-6.62621965	-30.30263342	-2.78159388	13.52893233	0	17.02545326	-3.96961638	-6.92868559	-23.21421205	-6.20044582	6.73245201	0	-24.74980236	0.29944826	0.41651492	0.06921107223241166	0.06678987438670156	0.06982195616958861	0.07722741119538476	0.07632148728422339	0.07626105413530657	0.08332630851864796	0.1660457678746602	0.1135178761131104	0.2192464960889066	0.08848494412806707	0.1085478099225159	0.08474733232132103	0.08360034577316444	0.07874941771838137	0.07178834900178543	0.07489672112797399	0.08348663659618465	0.1087967253330709	0.07752787142570455	0.07666206985244636	0.07631997526414308	0.1136930353866874	0.1224136983152772	0.08765755727798866	0.07933454535797288	0.07817155341699852	0.08101370352454157	0.05340573406315584	0.05217655922683046	0.04334866298041444	0.01019852794406308	0.01012039908350491	0.01006549621342086	0.0997198680608429	0.08143741436269142	0.08245188943060572	0.05215373988850056	0.08110194818744726	0.08624390653180222	0.07303349570173315	0.0604914820766844	0.07190095979904702	0.6336758501861811	0.5702894506457968	0.5454464020206079	0.540859783688352	0.5412306454127589	0.538092232850639	0.5354007654638998	0.5138328704748643	0.5186798185138883	0.529945337783325	0.5089434246521101	0.433940717052725	0.4533638607928607	0.4712035657111596	0.4801805003923322	0.4851376112851664	0.5317395417815848	0.4896607464654362	0.4903697408746023	0.5145805507971347	0.5159934089831385	0.4713792157188265	0.472960474542625	0.4732645560377915	0.467709083442199	0.4937945075798538	0.5122759279836165	0.4236429550437075	0.4430452912702967	0.4374713733237594	0.4141181914519154	0.05825513330692055	0.1476145250211832	0.03293716523882673	0.1640585236318398	0.4414664224861194	0.4238285921326046	0.8598074699607829	0.4607246349728004	0.3747774004747008	0.5580316954142461	0.719080528188536	0.5742586807672743	0.2252293153891494	0.3273294876516102	0.1023655775194946	0.1001837916074153	0.06722975326892892	0.06290363302857392
1.383	9.920078480000001	-2.05583237	-3.3479643	0.60620943	0.97422435	0.02128787	-20.09554058	-4.29612526	-7.60399186	-36.84217305	-6.4376049	12.56485125	0	16.01357746	-2.73155173	-7.13821581	-23.86418483	-5.43004019	6.72345253	0	-24.45974814	-0.70135932	-0.17533089	0.06886644629394434	0.067288941261582	0.07052324676594014	0.07636913990892757	0.0757924883307651	0.07618708576281655	0.07991304007145725	0.1485189062182672	0.09646406353068163	0.1846232844247459	0.08689625544036635	0.1057168509946489	0.08577701384232242	0.0841574991528172	0.07909277350926761	0.07203753672004777	0.07734669861522371	0.08301082407523631	0.0993712487662036	0.07761753849964219	0.07684909137366991	0.07630516450930552	0.1050587576816093	0.1111578734997307	0.08711560819460008	0.07960752583884249	0.07825022500973886	0.06718294692660499	0.04739598044471521	0.04527793672758423	0.037750564133081	0.01006772941459083	0.01006322522193289	0.01006544859992692	0.08887119424384395	0.07993694096402247	0.08043062586570576	0.05962603452760896	0.0800837008545091	0.08286646580107403	0.07533570660158803	0.06699642112677444	0.07426824569743258	0.6695169967619063	0.574134313438091	0.5318333492944571	0.5501893960305564	0.5470619815605204	0.5385381211069223	0.5289686488252379	0.5119667325229375	0.5129386389198443	0.5109723491734733	0.50172110312277	0.4397251392369655	0.4593872653734709	0.4757542234493031	0.4856682172147747	0.4982336801511927	0.5313492449937449	0.4899860902562222	0.4895521694354568	0.5147260460436632	0.5169812849748634	0.4782899357201712	0.4626721185312868	0.4611609650525832	0.4593061233995518	0.4878888956975931	0.4992421243527498	0.4529647317463348	0.4824532074826712	0.4807041939714597	0.4726832682125266	0.05695138233226237	0.1232009660140978	0.03302734978556694	0.1760468522970569	0.4436857388955753	0.4254204294544953	0.8528174000581028	0.4569893043865306	0.3670885650101756	0.5555866405348475	0.7118545473057207	0.5727408760996643	0.2920879804819031	0.3671162603685328	0.112846792877386	0.05816681085457356	0.05880560134775822	0.04952578480628002
1.4	9.531526489999999	-0.786762	-3.31765054	0.60772585	0.9753072699999999	0.0171385	-16.09860036	-6.55996442	-8.21282366	-43.57381976	-10.30791363	10.89722873	0	15.29755695	-1.08547713	-7.23137253	-24.11055024	-4.68387552	6.38646139	0	-23.75247655	-1.96049831	-1.06584438	0.07151916016105367	0.07021355579054715	0.07233564614096163	0.07689942801496953	0.07652260437221017	0.07686325797306087	0.08138866547984645	0.1548935541699636	0.09871700993480344	0.1828176209981489	0.0852599074245757	0.09520546421726858	0.08322186581884644	0.08212860767719297	0.07891080053431379	0.07277231200783557	0.07489917475580705	0.08144984473385533	0.1001241752927259	0.07778978943394529	0.07717176399117914	0.07622585862519694	0.0945919597206233	0.09769596554318116	0.08450219991939178	0.07935003807447451	0.07830667510926365	0.03001307537546105	0.04371201256712452	0.03934711783742494	0.03377859452274437	0.01011259735289157	0.01008809707171694	0.01006539194489811	0.08292255680509798	0.07914772105779823	0.07947885959663435	0.06769804354606258	0.07964815568854419	0.08142202562251814	0.07686611308630868	0.07258856240064127	0.07600787768139942	0.6769365654996797	0.5604196023167608	0.5046174494487714	0.5509195080157642	0.5439630387996127	0.5300328549207466	0.5224944782160614	0.5104331040832856	0.5083037664373902	0.4938808454682569	0.494945379538988	0.4620241793556483	0.4760283676581886	0.4844797807397799	0.4932475862599158	0.5112473381201003	0.525696810184876	0.4935221333679909	0.492675372794918	0.5109436434131926	0.5125783952082883	0.4879933760941887	0.4655065131826374	0.4619841588881591	0.4594986741635975	0.4840975877038554	0.481566488421472	0.4778225738452203	0.5133585198602794	0.5139423591245258	0.5176823912840726	0.05641947004529497	0.1300806731047919	0.03655347230582948	0.1980689424845239	0.447173527243147	0.4298656157797711	0.8349636070072951	0.4593571283653891	0.3755443709174516	0.5520677082461212	0.699326552820976	0.5689838893272917	0.3515082095185143	0.3775266017550458	0.1189676022042925	0.05038835630464219	0.06095028612599305	0.04484272801438736
1.417	8.95872378	0.43647102	-3.34294851	0.60833301	0.97648662	0.01323446	-11.69087445	-8.704443339999999	-8.341948240000001	-49.9431043	-13.87774654	8.732789070000001	0	14.46940311	0.55570286	-7.30205942	-23.69373949	-3.93945515	5.95033251	0	-22.98706038	-3.16723978	-1.81103194	0.0739686264890029	0.07312402604501043	0.07468099373633966	0.07725629021970488	0.07712653027356013	0.07749454337414198	0.08408500620437795	0.2434581574237458	0.1497265132635118	0.2567631603566461	0.09399337295281601	0.08855996037442015	0.08192269358530316	0.0812539015350132	0.07906749981666322	0.07489547947774365	0.07262320145683179	0.08022165782828949	0.1241765319505941	0.07802676879989939	0.07766014490690494	0.07655987554233185	0.08705833208510666	0.08857306080948299	0.0827220212747433	0.07918001801832905	0.07835353631801178	0.03894888034149413	0.04349789424054042	0.04020219594881693	0.03445723106403489	0.01007540775484606	0.01006935614569323	0.01006539024112167	0.0773249164164681	0.07818375718362942	0.07832414622029096	0.07513284476808449	0.07914177817143569	0.07997638330582134	0.07826494503860347	0.07749825447483648	0.07776177206281362	0.7207866888231532	0.5687412082019778	0.4915117889482594	0.5662949093019758	0.5546717541267197	0.5347855760186453	0.5030441835785886	0.4964473034221158	0.4825630899423243	0.4857370809689616	0.4973680968654837	0.4455920317502168	0.4580427357174844	0.4834975562432816	0.491948627636037	0.502442531405291	0.5395620164481324	0.4906616789368489	0.4848224688358764	0.5070252013303673	0.5021065627266957	0.4680970289594814	0.4828415621583249	0.4773124960091458	0.4376741222026481	0.4750972556603688	0.4698367354901227	0.5278700814590298	0.5307642785994109	0.5330018743717432	0.5444072979139926	0.05781721748666092	0.135419444724321	0.03733712525487764	0.2409682989638807	0.4545354682288845	0.438893179353042	0.8069751096813083	0.4622893634473185	0.386494984228732	0.5460498134436707	0.6778068891981752	0.5621603623067493	0.3454506441137019	0.3252730969825691	0.1106447720449985	0.04802641990269504	0.05160283290667279	0.0379387693029342
1.433	8.864175749999999	1.70783574	-3.32497895	0.608287	0.97838977	0.009535500000000001	-7.88661819	-10.74801688	-8.08840829	-55.61310902	-15.90976978	6.77764093	0	12.93031465	2.30924908	-7.24691336	-22.81741397	-3.23912395	5.60509633	0	-22.76791488	-4.41461926	-2.54553823	0.07602968078271855	0.07560952897475844	0.07657164373840246	0.07781119497385722	0.07781845967961645	0.07802937505236579	0.08509730081253777	0.2888665089601144	0.1722257201882183	0.2938401075143058	0.09754442194074349	0.08363944130774019	0.08027993184055032	0.07986196080923168	0.07853228326575427	0.07575539151411574	0.07179458289886706	0.07934764964694244	0.1344652237210359	0.07818126967806768	0.07793208102891327	0.0761648382595824	0.08292417854361392	0.08357733751823911	0.08095291458823298	0.07893899007600358	0.07837921768625838	0.03897336393145254	0.04012304024256032	0.03534609422976851	0.03047206062532009	0.01006266499629412	0.01006342482513103	0.01006538155721901	0.07422331925172215	0.07764764565341306	0.07769069307514266	0.07886338545505403	0.07888669677462865	0.07924496414609815	0.07885904592678088	0.07971837490378253	0.07858291035205146	0.7770937639719584	0.5936899948182102	0.5010595239805735	0.5861663505654598	0.5718797502269183	0.5487286259089409	0.4885293593082025	0.4823725022720984	0.4599227777966102	0.4840329854962215	0.5030802356287577	0.4032819624454348	0.422643673647821	0.4764869282614211	0.4864006698242095	0.4877957054181533	0.5590344016023399	0.4835518535208798	0.4726049937192522	0.5075792579383366	0.4984933549594277	0.4449251326097101	0.4912112235318212	0.4850969221689028	0.4118341906916574	0.4671794866175945	0.470904082532823	0.5622841301735632	0.5335976440035399	0.5361980753066089	0.5487937682254773	0.06416341184261029	0.1520268036678097	0.04031734783096748	0.2764480710968452	0.4611882588151651	0.4467067040746315	0.7824279862672137	0.4630812969515664	0.3915765225191373	0.5412775977673782	0.660361143619892	0.5566863735756484	0.2961922716140044	0.2480177402459794	0.1076141594785259	0.06251078208509363	0.05624106455486183	0.0954582004848209
1.45	8.9626783	2.53080309	-3.34408268	0.60786657	0.98103684	0.00654868	-4.44645561	-12.01489663	-7.47863316	-60.44396205	-15.92613104	4.50787971	0	11.12625004	3.54704694	-7.21472562	-21.87008994	-2.5200322	5.43696434	0	-22.71528353	-5.20261399	-3.16367743	0.07795995482891502	0.07798075244600967	0.07824392739740786	0.07863350537169558	0.07868488376613617	0.07853460696751025	0.08455208613034591	0.2967946527211159	0.1690270315745114	0.2986830808658356	0.09635693551184911	0.07982884213389364	0.07808823536649383	0.0777787929091257	0.07723824881272331	0.07545953712149837	0.07230974176216726	0.07871856916714576	0.1322763370753567	0.0782726046782212	0.07802156437245521	0.0749913671166049	0.08167272990345843	0.08208433025804399	0.07897374152404699	0.07859682575470739	0.07838692938503426	0.03008958659408118	0.03316559382343676	0.0241717999653987	0.02132493690176069	0.01007277623241675	0.01006956169496008	0.0100653648077023	0.07323006566526687	0.07747237252587209	0.07749931851804591	0.07935598319284246	0.07885102632352214	0.07913634074838313	0.07872267836186307	0.07952643874109769	0.07857393483526773	0.8528961753396958	0.6383845604924866	0.5344541214247525	0.6130177619641519	0.5977380266127333	0.5736048858279202	0.4771356523711051	0.4664493504894812	0.4375527909820336	0.4885555471159443	0.5127958131742192	0.3298052127782051	0.3654062986904905	0.4625715682964657	0.4759102180979549	0.465476006910295	0.586548013791774	0.4713039289430875	0.4544957630554676	0.5126750703130967	0.5012871209355755	0.4155812000011533	0.4916617049748137	0.4863104906373995	0.3787488881917516	0.4593545594451857	0.4849019479299103	0.5853664760781374	0.5222127867481829	0.5239304870459812	0.5313901110074626	0.07625132740763672	0.1819786698031938	0.04586666785611021	0.308943230400038	0.4679634978252741	0.4542828805347385	0.7582538463382495	0.4618319205661638	0.3914241780749684	0.5371545342577072	0.6448085978888409	0.5518776745426016	0.1975757954569602	0.1361036119532034	0.1094969379340659	0.09565198812463753	0.07544476002658361	0.2245909504577824
1.467	8.78671411	2.81808621	-2.71988703	0.60781433	0.98419211	0.00325066	-1.26882247	-12.40274786	-7.41601222	-64.17434977000001	-14.44776666	2.7650549	0	9.500427330000001	4.20221203	-6.70076577	-20.80628244	-1.87088404	5.85121507	0	-22.48570746	-5.22245209	-4.18904578	0.08085830655986727	0.0797029987528893	0.07901274636871627	0.08005301508473817	0.08010046667959315	0.07950977251131822	0.08187514095215384	0.1905571272546992	0.1325967389327701	0.1964477815779098	0.08890045148336156	0.07653070901242745	0.07453475257350983	0.07378871648997246	0.07381805681002428	0.07028801119757914	0.07871699511487108	0.07820913248587055	0.1017599227178683	0.07819444675978551	0.07743115709425726	0.06810162268383549	0.08530008948998609	0.0858691369947929	0.07650917639970539	0.07837190133518872	0.07846348331980046	0.05432963894582381	0.04177213550071234	0.04133998425747251	0.03007054118674066	0.01006635120542053	0.01006587596202614	0.01006535698834858	0.07242384903149368	0.07730449470555222	0.07725715546638413	0.08066234247070936	0.07865280463666849	0.07859030201589329	0.07886491273896706	0.08012538372660341	0.07883048409616066	0.8787587729940187	0.6666856248676176	0.554788995757536	0.6285960803771516	0.6116755192610193	0.5854118881679822	0.5103887832703873	0.4871053278977028	0.4730625498956377	0.4903391047571382	0.5073029410771154	0.2639326099757595	0.3297378551014231	0.4603842570639264	0.475855161224493	0.4745597995539437	0.5899648083144783	0.4584377390291217	0.4452140081337267	0.5173537585690949	0.5122792730264991	0.4279583703358212	0.4294581838449262	0.4216461560452298	0.34841867812497	0.4495782681639152	0.489647495026094	0.5309610608062559	0.5188216689037708	0.5201929936407879	0.5263270164870907	0.07567859892362738	0.2318434510335291	0.05126162618169502	0.3651065143593558	0.477504574922306	0.4659016294618119	0.7195500011979505	0.4641042618465158	0.4017025902050904	0.5307155217642363	0.6205393178445877	0.5437597131637292	0.2123353674235842	0.1491854918198728	0.1071988726882402	0.08247742116291402	0.07349372225256501	0.2090775310452424
1.483	9.28190579	3.12991689	-2.28773808	0.60733308	0.98813551	0.0007028200000000001	1.13270308	-12.74813774	-7.15362664	-67.18842777	-12.35786234	1.70151661	0	6.87033726	4.85737277	-6.30065705	-19.18801786	-1.39530262	6.18917195	0	-22.96248132	-5.34588813	-5.14196613	0.08331286117129977	0.08117535896616725	0.07993589488688012	0.08116968265962658	0.08127111973596417	0.08042455408467297	0.08003470860169358	0.1307305151806815	0.1110676255892778	0.1398256110710013	0.08674886884955829	0.07422098498347025	0.07193998268634597	0.07087830783661228	0.07115920616455169	0.0661684799207929	0.08218797537215546	0.07784499968368706	0.08748599871032409	0.07813208079943476	0.07685018138707861	0.06273108357036673	0.08797653156481824	0.08868757695485159	0.07489431231011719	0.07827063463910813	0.07854904218352923	0.06453877164730087	0.03889211447276971	0.04323003382786141	0.0300603551422039	0.01006449242735442	0.01006484008599318	0.01006535857501584	0.07268746166744632	0.07733546657086465	0.0772460033005096	0.08110509108810805	0.07851347301383568	0.07824573704417315	0.07889990697669066	0.08028615581510458	0.07891844874536258	0.8859219957579172	0.6776076413192714	0.5579047424873604	0.6353526381337409	0.6170028416309317	0.5888597582040901	0.5359801208723887	0.5025388177144363	0.4981112471447641	0.4936581457363005	0.5030556497878487	0.2335705262446102	0.314004417508947	0.4620282584723101	0.4783098225670522	0.4833357351407188	0.587178089387928	0.4517787219337698	0.4417038176339059	0.5187241540126939	0.5181725412171888	0.4424565380603266	0.3977908461691272	0.3884306495932671	0.3260710980774818	0.4411189039328711	0.4860488518986648	0.4889221836852573	0.5132962003495909	0.5141699304161691	0.5180956849287505	0.09523931481242798	0.2624765426985888	0.05661020903027095	0.392447783811126	0.4824291502641347	0.4722803911061196	0.6937357220009956	0.4674796567564561	0.4120260900285336	0.5269550927211607	0.605404131897168	0.5385794909581434	0.2443766024706733	0.1751669424809036	0.09883319293280016	0.06390273390152815	0.0667140788339243	0.1463294474629325
1.5	9.25817765	3.3307345	-1.76822492	0.60636422	0.99094107	-0.00188161	3.99942611	-12.8576031	-6.87164962	-69.47175217	-10.24433202	1.31395748	0	5.03049167	5.35175512	-5.7295252	-17.95255912	-0.92197155	6.33394825	0	-22.9523035	-5.30003849	-6.09154456	0.08563043798964155	0.08258187811250321	0.08112876651666988	0.08212309154322189	0.0823431745672956	0.08139329938424385	0.07880073503515761	0.1098364899898102	0.1017485523760978	0.1217387980317461	0.08963323978121386	0.07261095454340237	0.06997957946910677	0.06868376586737517	0.06892934054562147	0.06258600188154136	0.08315655506618096	0.07758065416032237	0.08767032455178077	0.07807771105212513	0.07620601528752194	0.05820843238701501	0.09003661138730894	0.09089195513322744	0.07392729124408386	0.07828036732945554	0.07865430083418667	0.06199312628619717	0.02416552811111619	0.0300782048728642	0.0212931055125834	0.01006696755096017	0.01006632458235706	0.0100653697660375	0.07405385515261884	0.07756915960497349	0.07746446799968798	0.08073957262221337	0.07841561500216962	0.07805957521175767	0.07883203535474935	0.08002885151766385	0.07884882436402373	0.875281246476879	0.6725158619039049	0.544190829955454	0.6341320049534931	0.6143859090187097	0.5843794796907575	0.5571085823773597	0.5146790061667735	0.5158299698855539	0.4989275501758268	0.4995230278952609	0.2349237011183634	0.3162393062140027	0.4677090726976647	0.4835810347934527	0.4929008056189675	0.5778395171463047	0.4504945005201129	0.4435264177435276	0.5169575560743432	0.5197035840314805	0.4608879741402325	0.3927012747379418	0.382512032975016	0.3089127005433508	0.4329190462231727	0.4736561881566941	0.4539949850750166	0.5049456975163712	0.5051084144690478	0.5056671998876494	0.1373785645601383	0.2777070812565057	0.06258098925790996	0.3943846974368203	0.4833527957684891	0.4742165106732002	0.6775842238477653	0.4723800296597273	0.4236851150232285	0.5254031934980961	0.5975111418031542	0.5356894801501461	0.2977046549791134	0.2172956452689248	0.08335418869831596	0.03760609043280675	0.05425837434333149	0.02850318926306468
1.517	9.618107500000001	3.6406517	-1.04463697	0.6059971	0.9940371099999999	-0.00447708	6.08120066	-13.18159639	-7.00598068	-70.82505223	-8.216592199999999	1.59066093	0	2.40160408	5.95543942	-4.89286251	-16.08391565	-0.63437116	6.45963568	0	-23.28996501	-5.27823551	-7.1082567	0.07913038929869279	0.07858864038088258	0.07858282301615307	0.07972206922845537	0.07991814029702525	0.07959012661032611	0.08127438403293742	0.1093398508729284	0.1112799446085666	0.1217610111150348	0.08638316536678878	0.07667315482265988	0.07372051432144244	0.0725578656125053	0.07212491938286103	0.06619229721092729	0.08135291518155351	0.07834159556215947	0.08636033244832644	0.07794075312542614	0.07588598921895104	0.06295447573352136	0.08922408948205814	0.08987394215940839	0.0768073001794258	0.07866323825901454	0.07857781509165665	0.05610390327721003	0.04458744185658776	0.04169629539281318	0.03552097368972815	0.0100655527989365	0.01006548047708159	0.01006535747194861	0.07520744598104542	0.07777607082369083	0.07767126839345755	0.08056521877752307	0.0783126448540757	0.0779034469959884	0.07877146466692769	0.079837822284873	0.07881361639407392	0.8627916536783349	0.649021337157092	0.5051252845158387	0.6313770890597142	0.6083581551203906	0.5733141132271494	0.5272909806467824	0.4948789102060004	0.4803190887721746	0.4964659019956601	0.5055509287789581	0.2429054122905263	0.3151477250381007	0.4700600797062658	0.4853854617995768	0.4825939842677259	0.5782190524214947	0.4513699705717998	0.4396465607943973	0.5092370592225164	0.5062964885246808	0.4566245625801449	0.4441863736908224	0.4321150489401747	0.2757161919658239	0.4212292337173537	0.4514504744187524	0.4998064885209058	0.5073227583649755	0.507819690469672	0.5089809687932186	0.1398269849262403	0.3051779906846247	0.07184896061387047	0.4052298805611493	0.4850151039974286	0.4774839665948616	0.6554422332344918	0.4795046151214125	0.4412334352448489	0.5231656659259224	0.5867258823560799	0.5314211057290182	0.209948543684304	0.1651121427806261	0.08850836042515189	0.05913431729790164	0.06393174932786344	0.1155601780609348
1.533	9.85876556	3.81419864	-0.21200449	0.60551433	0.99679591	-0.00702579	8.102594140000001	-13.23827416	-7.21950315	-71.33538596	-6.81059631	1.78414513	0	-0.17670729	6.3528942	-3.80147604	-14.05026958	-0.55710317	6.42330534	0	-23.54396557	-5.04757819	-8.4804283	0.07450576064873297	0.07538820771918167	0.0762772146886351	0.07810895278817478	0.078260324297903	0.078315632061657	0.08109851350814895	0.115639477408355	0.1179091680794075	0.1297530863322474	0.08695790635543442	0.07971770781315995	0.07609349487520936	0.07488082929980389	0.07385200464017816	0.06766309912536884	0.08014335272160231	0.07895063251711174	0.08917817199305522	0.07769259180219212	0.07505029602147797	0.06501665932671938	0.0905776430601829	0.09114179066512264	0.07866561732159336	0.07896171954414016	0.07849893798659045	0.04995616745657758	0.04818058441794428	0.04413423712259242	0.03842643964336417	0.01006517021958101	0.01006526154926209	0.01006537325303935	0.07595154873048268	0.07791322291001224	0.07780773175668561	0.08044836164608052	0.07823264556022554	0.07777631404988555	0.07873028294081814	0.07971119599204056	0.07878736121078006	0.8513590715401687	0.6354989723288951	0.4881565447772073	0.6282781017811933	0.6033921348650552	0.5654170281003401	0.5182440040882113	0.4917452458628261	0.4736920876600641	0.4973242098008364	0.5069981953955642	0.236978628042575	0.3124419889425336	0.4712130686894295	0.4868854352281889	0.4802939319204576	0.574536103248283	0.4497497386674448	0.4379541294287123	0.5052438554765781	0.5000775217401269	0.4597807442585402	0.4545478105506656	0.4404916990769971	0.2620238202208472	0.4182221960950087	0.4438957726220396	0.5038036786505223	0.5074055605952358	0.5078565319280405	0.509359996661974	0.150800309177989	0.3223785165409344	0.07875615301590219	0.416062802796221	0.4869532239912132	0.4801691831752225	0.6419774416372264	0.4814223556984715	0.4467384653619907	0.5214298944950232	0.579432299836713	0.5288458213318413	0.1590370780262239	0.1150812199876101	0.1016347769900863	0.06386552005553064	0.07649714051669301	0.1612538566368244
1.55	10.16406026	4.07138173	0.29527593	0.60456023	0.9988547800000001	-0.00916967	10.06173456	-13.46058325	-7.18780546	-71.25107583	-5.46890817	2.76575792	0	-2.65462001	6.72796514	-3.42276915	-12.29221265	-0.38164698	6.82020328	0	-23.84332127	-5.03726544	-9.2762192	0.07117847345851711	0.07258052604468788	0.07392374049317618	0.07708210266734507	0.0771624995700386	0.07741050391965283	0.07825113964519358	0.1295228229130182	0.1224648757224757	0.1467140330855356	0.09142930537073152	0.08212518263871509	0.07739514369962833	0.07594302739018324	0.07432648197473748	0.06718225786417116	0.07937667237883345	0.07948389464454816	0.09647607312905823	0.07730220691701885	0.07359447404541862	0.06465275611575877	0.09426646631894883	0.09485398171358451	0.07973453231335743	0.07921312134547308	0.0784078098808548	0.04278145184672074	0.03539409861535511	0.0376967727784242	0.03037268661769582	0.01006577199047428	0.01006564043292112	0.01006541908194606	0.07637917624461026	0.07799775987472789	0.07789091600977566	0.08037439408645541	0.07816561720888784	0.07766228475518627	0.07870334246065701	0.07963314435256245	0.07876677691623046	0.8395544272951095	0.6302584718157894	0.491163518272231	0.6244476697081148	0.5988670957207864	0.5597010886694784	0.528836780631825	0.5048863050943537	0.4951205914102089	0.5016097620670026	0.5040457360721545	0.2164025003435153	0.3077838809153552	0.471312163270051	0.4882684517578653	0.4857131420337539	0.5663303009800175	0.4454312758190033	0.4382375697257619	0.5044787943682864	0.5002693128297494	0.4707510418852178	0.4250807649249514	0.4086890646525853	0.2661240388402991	0.4235220536533445	0.4500477450419666	0.4664862042300676	0.5052044544859342	0.5052235440264489	0.5068516619775094	0.171670202846853	0.3314587245574734	0.08416596551425903	0.4282375794214194	0.4894094207490657	0.482607812486828	0.6355067501063111	0.4783729689630363	0.4408883341392962	0.5199789077765358	0.5747186964301324	0.527641716408968	0.1386063247976133	0.06094901154074995	0.124374240463736	0.05239109905039718	0.09352522180842393	0.1712959348127193
1.567	10.41077609	3.99618255	1.16453606	0.60347936	1.00066813	-0.01135513	11.63041955	-13.28987507	-7.71137292	-70.18283108999999	-4.50506268	3.37869098	0	-5.02332185	6.64748041	-2.59515395	-10.64917926	-0.10558989	7.22811548	0	-24.14805611	-4.55662715	-10.23136386	0.08327842708837563	0.08108847657894556	0.08072007199855039	0.08100879331237285	0.08151021678348408	0.0812696892989013	0.0874602727616462	0.1117677860830955	0.1124184976205482	0.1361557752873181	0.08983570881201439	0.07297389923450748	0.07043015951968899	0.06932336579910002	0.06889254186917704	0.06221981958508824	0.08503033586745865	0.07761347223315347	0.08636964389871007	0.07783559348295591	0.07404262746934338	0.05887556934999019	0.09275531583094257	0.09339728741243331	0.07510993145555041	0.07876080685787136	0.07898781300005286	0.05680733341372159	0.06576712634662661	0.04822264587321779	0.05022933884376311	0.01006539539321593	0.01006538606310446	0.01006534931081408	0.07656314039564238	0.07802411778673532	0.0779165134238249	0.08039368002074029	0.0781502646955666	0.07763208719699971	0.07871571791602686	0.07967003721510983	0.07877105504763518	0.8535719564531552	0.6458134058762962	0.5045543072280334	0.6367694528184884	0.6089898409057348	0.5650803585490277	0.5321091311083271	0.5019241065343167	0.4940520240188941	0.5122670867603304	0.5097597110360479	0.1644701410201532	0.2609575929049652	0.4621107804444327	0.486253646009679	0.4785356635177186	0.5698337167871949	0.432491110021258	0.4263675519907943	0.5053023139786821	0.5027392986197952	0.4812664963358805	0.4228014338687818	0.4066857456301102	0.2389153798204268	0.4234950996575232	0.4590692917421227	0.453486542016491	0.4959476965223838	0.4948003503942362	0.4942041704098598	0.2047454858341962	0.3561635488937029	0.08347672092001746	0.4427822307986978	0.4921799087139876	0.4856053023570069	0.6241894426786782	0.4763708069507331	0.4378180007090404	0.5181511172741098	0.5680632360941911	0.5255065108656828	0.1589916241911685	0.09709060305514307	0.1099984772441803	0.05808517057040266	0.0939948126398671	0.1159173532686165
1.583	10.89349131	3.92499222	1.60472012	0.6026274	1.00233541	-0.01277806	12.78883399	-13.102521	-7.94869888	-68.35799485	-3.63874052	4.30383777	0	-7.55211188	6.4869003	-2.5837892	-9.2127523	0.2955065	8.17158367	0	-24.6282472	-4.23923682	-10.80304436	0.08925548153566466	0.0855449145409044	0.08443279818125032	0.08280180757504384	0.08351694823536529	0.08310382122379904	0.08663307272107944	0.1291341936336671	0.1350574748761504	0.1540286781370177	0.09057997397103623	0.06839883927828334	0.06738443562293409	0.06656522377186083	0.06683846698712356	0.06108042013694438	0.0862917562343764	0.07664155264052462	0.08763571392700689	0.07816316798100335	0.07474756561862952	0.05772783861479579	0.08987415775945512	0.09046587478686488	0.07298946728096165	0.07851420293581311	0.07928295359774276	0.05725223411592708	0.07924836868081458	0.05221201939134992	0.05877841322271728	0.01006538911904358	0.0100654010372816	0.01006540211397565	0.07648041381927462	0.07800476365487198	0.0779029747082354	0.08042330398825617	0.07820473523020746	0.07774013323535449	0.07874462560078724	0.07973906332402092	0.07878119119730007	0.8673379591167034	0.6527517260754094	0.5039762886594235	0.6461089525410961	0.6161213082726952	0.5677000856150133	0.5280703957207379	0.4946355314157793	0.483557291510389	0.5184613314723227	0.5149050992316332	0.1365620037697968	0.2342428603816522	0.4550999419851521	0.4846565662510882	0.4719350516936613	0.5735818089437844	0.4254578393913896	0.4182262722750861	0.505055271250727	0.5027199654803923	0.4852883025986016	0.4348050396642291	0.4191133030088004	0.2185602491503697	0.4208876630881927	0.4590220091089452	0.4577377252631326	0.4914425541134686	0.489644622725566	0.4882708164082656	0.2294192607254498	0.3722640412894873	0.09163271644388213	0.4479919597582471	0.4931846810636809	0.4869417049214941	0.614544895342186	0.4773828261003306	0.4406180581954825	0.5172402243993354	0.5636993009932711	0.52381558926623	0.1690262708121099	0.1616394677687298	0.09401680075649846	0.06092882035112535	0.08134617114572625	0.07834979455697147
1.6	11.0333676	3.87301914	1.85910559	0.60178163	1.00306545	-0.01396041	14.23737599	-12.83827917	-7.96168128	-65.93472464	-3.16155183	4.94682317	0	-9.766562690000001	6.38875575	-2.6230903	-7.62768728	0.54538357	8.85699398	0	-24.76449354	-3.97921988	-11.02629818	0.08985676860629525	0.08650689467580919	0.08552600981411344	0.08268527223819186	0.0834335353571673	0.08314216618495822	0.07566613951842231	0.1837928465085551	0.1932116796462331	0.202566854490847	0.09375513399267479	0.0678281202755147	0.06787725652226929	0.06732383355506077	0.06790749796832037	0.06362163458872162	0.08331861102545136	0.07644664591758299	0.1004325419674859	0.07832587722341709	0.07579740576193782	0.06106609756827632	0.08526284734555051	0.08569331725868315	0.07310808176776759	0.07844248408904103	0.0793301242486357	0.0441717665411127	0.07752298090969233	0.050163565022587	0.05708854405192745	0.01006575238368571	0.01006568722722471	0.01006558409182595	0.07612065569346099	0.07793727821265496	0.07784860752355849	0.08046696898494254	0.07833583762964051	0.07799992862504496	0.07879367897553323	0.07984885094290957	0.07879845238393322	0.8825731856186979	0.651940722438018	0.4893572102453246	0.653633606341264	0.6211529312425375	0.5678877357506833	0.5162157325456087	0.482109507848924	0.46232455232113	0.5209667767919782	0.5201250741833588	0.1291895714361516	0.2243003417800021	0.4494032930847993	0.4832775775122691	0.465086230083575	0.5780430889693595	0.4234523051006645	0.4127960706141736	0.5037067858434269	0.5002088967691153	0.4833191864562209	0.4625920330357245	0.4475251814609925	0.2025142554963706	0.4153738143741867	0.4498999868132866	0.4797711518758226	0.491125884458074	0.4891118950618545	0.488309930722528	0.2487757493820207	0.3817727632942995	0.1096534515263362	0.4445179824200105	0.4925493343418571	0.4867840705008504	0.6053675396797731	0.4815355288055286	0.4496385137844276	0.517132367542866	0.5610813992397576	0.5223575864106776	0.1699645954880548	0.2626642137707089	0.07443150143973011	0.06127750461515549	0.05399821713923356	0.05389731383882886
1.617	11.04463426	4.0132091	2.25682551	0.59915574	1.0029514	-0.01578527	15.6335097	-12.9625552	-8.314112980000001	-62.94450934	-2.71999748	5.41455395	0	-11.59274894	6.52146039	-1.96274319	-6.30723481	0.69021486	8.88581815	0	-24.95235147	-3.8418783	-11.41407725	0.08168296036875909	0.08041196328870195	0.08025852632730361	0.08043101685553031	0.08095138050499164	0.08085588978893973	0.1165176480109711	0.1437498690561104	0.1384680849521421	0.1723919853488709	0.09135714833364034	0.07231239246105488	0.07056880472742486	0.06970913778989106	0.06934970927408436	0.06342020865237016	0.08298771011389507	0.07751938129860847	0.09273118728521249	0.07731474373657567	0.07299985777240137	0.06091567815276108	0.09048175204395206	0.090863431220829	0.07523604137447461	0.07879593241115092	0.07915842804757242	0.04882653522983486	0.08916529245085709	0.07955683906735932	0.07512381547962552	0.01006535313970424	0.01006533450237973	0.01006529142196105	0.07559339883261908	0.07781419552776436	0.07773015773937589	0.08055539508322593	0.07843009769599298	0.07820396213859268	0.07883337805008572	0.07998349591873299	0.07880456697373325	0.8836362609815905	0.6583613179441448	0.4996993629803683	0.6601620739211751	0.6262138671926082	0.5695529223961143	0.5131449958324724	0.4744277432274562	0.4496690206024282	0.5314378388643048	0.5263115018682314	0.127123457937596	0.198796262506227	0.4355315323336628	0.4808313659009181	0.4600817730958036	0.5802132813113712	0.4169355760627301	0.4062706723762197	0.5035394826179749	0.5001593487682587	0.4853410233889193	0.4790951630204551	0.4662555159293313	0.1952192617339967	0.4192893385552217	0.4608077179883772	0.4743889280514542	0.4864926031820533	0.4835648592214863	0.482784507183412	0.2806531432999149	0.3981848892492432	0.09891846807255186	0.4476930421593579	0.4932532483779033	0.4875258029766522	0.6013682149712892	0.4811070554569568	0.4493808893695698	0.5165228169803092	0.5587324464406194	0.521629004560016	0.1719727339922856	0.1816770754229353	0.1056429839713446	0.04845152892870534	0.07290124004542307	0.05643818185124203
1.633	11.08225414	3.85382367	2.32124191	0.59764586	1.00235536	-0.01657436	16.67906617	-12.59087523	-8.55182153	-59.18727757	-2.32318271	5.4345137	0	-13.36558323	6.2989251	-2.38305014	-5.26977564	1.25379955	9.80234622	0	-24.96897742	-3.52102821	-11.46772147	0.07805240633679775	0.07785577252669836	0.07816503818042643	0.07946482742132718	0.07992881129146397	0.07995978331913435	0.1485155300473925	0.1382571903637415	0.1349426474694009	0.1775394026596979	0.0910442789580075	0.07399760705732375	0.07164051963319866	0.07081232686390918	0.07001352977600976	0.06339216755709466	0.08166351952428014	0.07796082573952048	0.09183923511808045	0.07693980562262839	0.07193046619554364	0.06102699453662681	0.09274367845458535	0.09314328376505311	0.07631618865255502	0.07901534078675587	0.07919206213395559	0.04939851485575112	0.09513528025568299	0.09373545574697367	0.08383877212923083	0.01006562868086538	0.01006558440426319	0.01006551762918199	0.0751606728609924	0.07773330044757332	0.07766112729529043	0.08063647705584706	0.07853959393716994	0.07841197028509821	0.07888815332857357	0.08011338327410392	0.07883950120557041	0.8908487379310952	0.6691845101894397	0.5137265105217333	0.668379052581306	0.6331714885274509	0.5729616367814589	0.5106390069069191	0.4678787944448712	0.4401269931024577	0.5394731343528179	0.5318400106971408	0.1081538423574724	0.1697073998040783	0.4185537643320724	0.477595695118829	0.455013260541381	0.584355707284036	0.4090207926861166	0.3983646584501329	0.5036831175184318	0.5003260144849784	0.4860064235597013	0.4868695202551578	0.4753148240787961	0.1865996448970067	0.4223685582185717	0.4713002134258371	0.4704947226866565	0.4834616715769652	0.4799075787584129	0.4792372184974413	0.3084814564612414	0.4126585531321095	0.1026825101635399	0.4541017034448914	0.4945878250812712	0.488908265295655	0.5977990610373268	0.4793926226105649	0.4467708860151142	0.5156448353223801	0.5559846016693712	0.520915497961108	0.1668070492518839	0.1318540534837283	0.1201134044445825	0.04665916470424276	0.08379606773190554	0.06663746342995527
1.65	11.1280175	3.7854127	2.23858077	0.59561973	1.00139251	-0.01705842	17.40118888	-12.18040947	-8.71659462	-54.65713976	-1.93039884	4.78273811	0	-15.11828235	6.14933437	-2.92642965	-4.17461609	1.63356966	10.93506416	0	-25.06160542	-3.34756907	-11.37066639	0.07851128725641611	0.078518798544548	0.07898385935512227	0.07966593025630707	0.08023800656489334	0.08034183346681639	0.1756595208822387	0.1666282255949024	0.1821946875126668	0.2186525335871812	0.09277741719382218	0.0730944158888549	0.07122636560281238	0.07077129941136735	0.06998193703683725	0.0635340061659857	0.07918051543290472	0.07782615979543302	0.09764519144519831	0.07715419561733185	0.07245555708425747	0.06141396126785673	0.09233136737877953	0.09281785645938345	0.07648354201176888	0.0791281352628065	0.0794352307685831	0.04595920287210099	0.09617919279977319	0.09447174214638168	0.08432278358194388	0.01006661344981426	0.01006646817061051	0.01006629098939136	0.07476838703212761	0.07768448108705796	0.07763288738579147	0.08072035014938359	0.07867801338331852	0.0786499540828747	0.07896485172080776	0.08025474892844374	0.07890762185842431	0.9051121760858998	0.6857631982045644	0.5331920463120903	0.6793116646541731	0.6428954979139209	0.5785399682048851	0.5083845171532545	0.4616440429033458	0.4325057163837225	0.5460770751935815	0.5374016642737007	0.06990952274826558	0.1333976458357879	0.3963477680798294	0.473166106318241	0.4492471283510046	0.5909881701339366	0.3987186070487472	0.3880897770951525	0.5041556449073546	0.500729727133864	0.4853985619899147	0.4868868993941705	0.4758355194280698	0.175577952880777	0.4249963758221554	0.4826890350553483	0.4676017601108299	0.4816542231921737	0.4776828936147502	0.4772246535788697	0.3357392280111654	0.4270029629282565	0.1214160830606737	0.4645450489373024	0.496719886539882	0.4911042652477343	0.5942139336361406	0.4761779261605542	0.4414822533017537	0.5143886748618378	0.5524943843296071	0.5201278782890899	0.1538218306742998	0.1069672702106877	0.1196515654185983	0.05567636641370996	0.0880445536594911	0.08577006877230763
1.667	11.38019097	3.36171259	2.26217591	0.59440979	1.00059259	-0.01686122	17.25667149	-11.32768509	-9.382922519999999	-49.18167211	-1.86402111	3.72325983	0	-17.15935679	5.43966272	-3.80901108	-2.99354202	2.06591304	12.91904986	0	-25.33930412	-2.83009915	-11.11320279	0.07587761856065239	0.07570262196136869	0.07577371807256038	0.07889781272901569	0.0791678239236932	0.07902479665647129	0.1111124065675102	0.1548038793030474	0.1604507560439463	0.1936130939529215	0.09231934975050557	0.07551478548326911	0.07230333514522966	0.07147332372721413	0.07044581672174713	0.06353003531598758	0.08137412856971786	0.0782488030096174	0.09510332677596861	0.07607173993253633	0.07044490925734959	0.06102741764217979	0.0977609403693238	0.09810611905559931	0.07645582244113898	0.07893883338743779	0.07880866737791913	0.06288614154250621	0.1479039961121146	0.1421419312325366	0.1096869846625189	0.0100652726317987	0.01006518625451125	0.01006507543945852	0.07436714445517009	0.07746913966916588	0.07743278387476042	0.08074758220040885	0.07857825611083409	0.07860153872996309	0.07884595951958526	0.08023884525331032	0.07879585606090997	0.9022298337635576	0.6664067276221417	0.516563933774262	0.6742153470989016	0.636478292300959	0.5688589953727503	0.5092790805348992	0.4642541907704669	0.4332408890074641	0.551800809169682	0.5379409514881446	0.06972666004931216	0.1355733330901101	0.3794423145367117	0.471298689059024	0.4510477211783713	0.5868775893796551	0.4023744367830588	0.3913759627638641	0.5036080726703348	0.5005471776852526	0.4863963365732812	0.4956173155757448	0.4859510930158447	0.1900182357882054	0.4304352743129198	0.4838161033690348	0.4534574287738829	0.4808621148096261	0.476673860656437	0.4764134990034509	0.3722128254575643	0.4435782547303692	0.1125008764992529	0.4642518493655651	0.4966938647549803	0.4914890870498743	0.5839698021083284	0.479097888933961	0.4480208540743966	0.5146814157905	0.5507569688717602	0.518640769854076	0.1562021603777	0.1371273163623064	0.1052940448672988	0.05432606801187722	0.07207297907119153	0.07487219502506869
1.683	11.21763337	3.15028238	1.99380083	0.59259275	0.99819715	-0.01616461	17.60825764	-10.55958995	-9.59046165	-43.46264432	-2.04958892	2.57718107	0	-18.41144458	4.99299541	-5.02732978	-2.43383497	2.84582769	15.20609628	0	-25.21983107	-2.66151181	-10.8283028	0.0772381398473668	0.07572554422557728	0.07514326315632902	0.07954351576604696	0.07970856101492843	0.079327466577504	0.1053007268186986	0.1273083211928845	0.1301780733174101	0.1649170904773858	0.09081260152529272	0.07515674004621059	0.0712876332132097	0.0703060291477836	0.06937664586288053	0.06184558033547762	0.08433375617913016	0.07833388777105954	0.08727444459986498	0.07571070255457529	0.06911165788719473	0.05881596035861489	0.1027073355566177	0.1030348905684659	0.07551095664506463	0.07892682255279332	0.07898312474204	0.07314845040258501	0.1782442747133138	0.1700332454723763	0.1246055973611429	0.01006627018977599	0.01006620905916849	0.01006612618151283	0.07457471764625287	0.07759116317949824	0.07754063160822404	0.08112195812075877	0.07863129757946347	0.07856885479780085	0.07897842924861893	0.08047029138289098	0.07895098342962084	0.8748920055261432	0.6313658053494057	0.4843270188875926	0.6582810610791795	0.6204469301182978	0.5530913622354047	0.5130712142627082	0.4784214309171347	0.4492035852343595	0.5560533771524125	0.5333577811401595	0.118524225581725	0.1770871634279482	0.3838009264826683	0.4735915954967041	0.4581584975491587	0.5754172917463389	0.413871863307535	0.4039369141059024	0.5028751612413135	0.5003720827331113	0.4883428874340744	0.4978345715583817	0.4879024259640737	0.2169361647729898	0.4349157313621896	0.4803500088289677	0.4188850114438432	0.4805932025677921	0.4763312038619196	0.4761515672870394	0.4017093776459002	0.4558071274041933	0.1213807610317402	0.4484262203665969	0.493632434161602	0.4892016938864735	0.5734239912116903	0.4867439267292917	0.4631751880238114	0.5159882848108167	0.5510646531590055	0.517308014971522	0.1595070866367639	0.1536923086900358	0.103095590225991	0.05426886074624424	0.06442973134528268	0.07224519665303145
1.7	10.71727205	2.98851282	1.72664637	0.59125507	0.99516419	-0.01524576	17.8533793	-9.765713720000001	-9.849825060000001	-37.05849091	-2.18517016	1.61438505	0	-19.38621546	4.63848406	-6.16630339	-1.79936058	3.56050812	17.36507316	0	-24.65943442	-2.56428497	-10.54633868	0.08276291627739861	0.07859043062019984	0.07701368774189926	0.0816837522470298	0.08192780997500343	0.08128767697004362	0.1574980216672017	0.08070460650064373	0.08759255399224131	0.1289775227261322	0.08806882899003207	0.07197552389804707	0.06805229706525004	0.06712350385064696	0.06664077810287912	0.05827008435189204	0.08842935171231819	0.07809204967493967	0.07317993464487453	0.0760259538112036	0.06828914655252352	0.05450315725671644	0.1077888523390729	0.1082202674370915	0.07353083639903656	0.07909060140454253	0.07998041003146084	0.07802891805984728	0.190992563428521	0.181632099145881	0.1309434482651438	0.01006973081849327	0.01006966443516439	0.01006957455831109	0.07541705325426128	0.07806580455684657	0.07796991155286527	0.08189027490047708	0.07884376797278533	0.07854781679486771	0.07937881962403799	0.0809780180833833	0.0793923948856458	0.8196814628439799	0.5762603161022648	0.4324516872912483	0.6295170208425418	0.5927974910931048	0.5292661146506799	0.5202349350526574	0.5059166683616826	0.4823891420927704	0.5593663501396144	0.5230792569362477	0.222401915037055	0.2631283656415314	0.4099684304109436	0.4803314389359912	0.4714683045097149	0.5551747400298238	0.4346480649377353	0.4273427500390218	0.5018652966916628	0.5001825554084223	0.4914815334298938	0.4938158243399108	0.4819334348912857	0.2596964809582281	0.4389978041011233	0.4718574896176387	0.359562955954456	0.4808138724364424	0.4766120911318834	0.4764061169650841	0.427915953599715	0.465218190033957	0.1491657222246963	0.4150899583155271	0.4871529159355748	0.4839561616121069	0.5612582745841469	0.5000717942709624	0.4888395468936748	0.5184726405503275	0.553455897727249	0.5159630192811085	0.1641497252338745	0.1587328712348423	0.1127813946645114	0.05549759370860687	0.06415940451602581	0.07756069885969116
1.717	10.58101005	3.30496436	1.47055184	0.5893926900000001	0.99242748	-0.01529224	17.53393263	-9.620578569999999	-10.05777425	-30.46830313	-2.26330121	1.90102769	0	-20.76231768	5.03010558	-6.30110339	-1.1598597	4.04466539	17.62121152	0	-24.61674011	-2.81454202	-10.38567041	0.08601040412310021	0.08152434451238988	0.07993941365546538	0.08127480639923525	0.08171038825775186	0.08125432412090568	0.1518364694241565	0.1001689724403679	0.1067282167217109	0.1500850653858654	0.08767971686823171	0.06740796125457504	0.06577682215609636	0.06534691412661546	0.06578668097840613	0.0597169490033918	0.08409302187528234	0.0759659927997577	0.07832428913859828	0.07608724983143378	0.07052724113762909	0.05652175220219156	0.09678175528351469	0.09723590169738781	0.07127446934778445	0.07755265229428807	0.07916371607329549	0.06209134050819227	0.1808964891979924	0.1678967620151732	0.1178247431869071	0.01006432030751511	0.01006425620313362	0.01006416817461062	0.07509994036610174	0.07697621223586913	0.07684585085956955	0.08059612960708548	0.07724657826154054	0.07664802520450165	0.07798896265732072	0.07946636654508701	0.07807352073714471	0.8033635806147819	0.5400319020271696	0.3856702440692414	0.6163394866937648	0.581404756150234	0.5176370959759737	0.5212187289937814	0.5150100702803988	0.4898797284844874	0.5634629630405993	0.5194862799176323	0.2751596787091784	0.3247023132184891	0.4349906292870247	0.4860639175974309	0.479924194755908	0.5456362906591922	0.4513550797541757	0.444681058788345	0.5004648544578332	0.4989409953092214	0.4933353511666436	0.5156355882622624	0.5075659404889724	0.301163266774634	0.4405665782412263	0.4609203433848421	0.3416146458621627	0.4808476077381936	0.476786198764123	0.4764318579506808	0.4705443858047919	0.480013443528543	0.1449620073104879	0.3700124686725538	0.4785327032438519	0.4771150246379265	0.5468349839680346	0.5151882568568596	0.5187618619989762	0.5206609471612023	0.5550358131279298	0.5141151326847003	0.162198289613391	0.2017506300580016	0.1116083318787854	0.04734346960523819	0.05635171325576875	0.06641673403503481
1.733	9.981998219999999	3.90038438	1.12869067	0.58767728	0.9885315	-0.01552572	17.61943617	-9.71630605	-9.846297440000001	-23.88547151	-2.1225511	2.89690612	0	-21.72051652	5.94578148	-5.96429563	-0.47137057	4.67823351	16.70817152	0	-24.05281117	-3.35999882	-10.18271542	0.08686364958001322	0.08316344770359883	0.08180163366276007	0.0824087846903491	0.08277796568506969	0.08242474983929163	0.1640329550097447	0.1087862525330996	0.1235162677976094	0.1562835796084024	0.08819281061038294	0.07027182191333384	0.06906270630420236	0.06856514368369952	0.06916727354311671	0.06436021586875121	0.08328713053185277	0.07777702838958747	0.08300567568344032	0.07817751185018559	0.07375706170322904	0.06151807154522311	0.09389752258651257	0.09425924496135184	0.07344383980044589	0.07917145248837326	0.08058628517734495	0.05907263181890579	0.2157206949779252	0.198669537953684	0.1429957178459894	0.01007450729934533	0.01007440187260047	0.0100742888045113	0.07764720084137726	0.0788328300680036	0.0787063650575727	0.08182972275174059	0.0787478054978706	0.0780413746835511	0.07952509258636073	0.08071778247610627	0.07964641121568122	0.7862062379911371	0.52818776408654	0.3796295427509364	0.6088884233220019	0.5772991844329276	0.5167962114489766	0.5151053280219997	0.5045850511295802	0.4747315563007697	0.5603908314632986	0.5210220716759942	0.3033505977343502	0.350041008374223	0.448203840096194	0.4890000176992236	0.4819101219458077	0.5442140689477317	0.4614128260729424	0.4538030644033441	0.4998223742619037	0.4980305313654545	0.4940364091083561	0.5445124793184737	0.5424736872469003	0.3328572250036397	0.4457990650605462	0.4600511900476832	0.3783181017528421	0.4827652553184001	0.4791417078181882	0.4787184692700331	0.4914416109571299	0.4887154407225869	0.1747057431277422	0.3653423768034532	0.4774327852503965	0.4768213926478306	0.5376434777675756	0.5198198240304799	0.5286692630203993	0.5198805727174216	0.5509876683238949	0.5124671037993049	0.1605336279767328	0.2138305643289338	0.1140116743053668	0.1002971385612146	0.06816990996435499	0.1086494093101567
1.75	9.552830220000001	4.6162198	0.83644935	0.5863887800000001	0.98483888	-0.0156197	17.27421086	-9.962470619999999	-9.402884159999999	-17.24719017	-2.00442781	4.70182703	0	-22.82313376	6.95200855	-5.41613598	0.10382029	5.17956584	15.58190565	0	-23.59085567	-3.99777369	-10.36313928	0.08542930833025181	0.08371262809272782	0.0828331252646952	0.08522743440676056	0.08526398943537163	0.08494525733999971	0.1956120391221645	0.1076336067904304	0.1400552136044239	0.1483478796715605	0.08967224693425462	0.08092508845666817	0.07832068502808125	0.07718047121653457	0.07720512986759961	0.07278029330614012	0.08591094126410076	0.08375153589315762	0.08780926759750593	0.082558022619803	0.07838233582002335	0.07011665520368998	0.09877562516094116	0.09891821513697895	0.0803101190636035	0.08414935201105869	0.08442593848161539	0.06859545340582685	0.2998182064908105	0.2777970239537265	0.2096027440747752	0.01010156516796273	0.01010136965224828	0.01010120152675073	0.08337724223949723	0.08386773528226672	0.08378401842162508	0.08574525347752426	0.08353510308631676	0.08290203391689724	0.08417922565228801	0.08488869286781842	0.08430767763107237	0.7660647671450895	0.5392473850377971	0.4135744956715445	0.6062324478057827	0.5799675794765223	0.5266383505038139	0.5011305570158398	0.4733384835153747	0.435051104018653	0.5497659389605501	0.5278786061811288	0.3104985369907171	0.3423117880032006	0.4512597141895976	0.4895067517540934	0.4776743269781515	0.5507302971815096	0.4660785221838815	0.4558490175858941	0.4998575460793831	0.4973373555841505	0.4936723394977453	0.5840561088905709	0.5910201435098101	0.3587401004238709	0.455349325411498	0.4691413854390171	0.4742612556128286	0.4868065211245875	0.4839730569258374	0.4835517773380598	0.4932197822007715	0.4924119312653444	0.2421148966536155	0.4004959212245872	0.4837156722060265	0.4830385616430571	0.5325348177077123	0.5145454416885258	0.5198001750856223	0.5160339704135131	0.5408054452146399	0.5108129290142479	0.1589476576193175	0.1964826658315057	0.1202918397475783	0.2209778091960322	0.1010912692303575	0.2095378090944465
1.767	8.96287882	5.25306552	0.66090134	0.58540759	0.98066848	-0.01522141	17.03061398	-10.10324423	-8.59162426	-11.06299002	-2.03771526	6.39042734	0	-23.47277438	7.65256443	-5.56280975	0.12819648	5.96437495	15.98904411	0	-22.95659517	-4.56307734	-10.48330547	0.0839949670804904	0.08426180848185681	0.08386461686663035	0.08804608412317202	0.08775001318567356	0.08746576484070778	0.2271911232345843	0.1064809610477612	0.1565941594112384	0.1404121797347186	0.0911516832581263	0.0915783550000025	0.08757866375196012	0.0857957987493696	0.08524298619208251	0.08120037074352905	0.08853475199634875	0.08972604339672777	0.09261285951157155	0.0869385333894204	0.08300760993681765	0.07871523886215685	0.1036537277353697	0.1035771853126061	0.08717639832676111	0.08912725153374412	0.08826559178588583	0.0781182749927479	0.3839157180036957	0.3569245099537691	0.276209770303561	0.01012862303658013	0.0101283374318961	0.01012811424899016	0.08910728363761722	0.08890264049652985	0.08886167178567747	0.08966078420330793	0.08832240067476292	0.08776269315024338	0.08883335871821529	0.08905960325953055	0.08896894404646352	0.745923296299042	0.5503070059890542	0.4475194485921525	0.6035764722895636	0.5826359745201171	0.5364804895586511	0.4871557860096798	0.4420919159011693	0.3953706517365363	0.5391410464578016	0.5347351406862634	0.317646476247084	0.3345825676321782	0.4543155882830013	0.4900134858089633	0.4734385320104952	0.5572465254152874	0.4707442182948206	0.4578949707684441	0.4998927178968625	0.4966441798028465	0.4933082698871346	0.6235997384626681	0.63956659977272	0.3846229758441021	0.4648995857624498	0.4782315808303509	0.5702044094728151	0.4908477869307749	0.4888044060334866	0.4883850854060865	0.4949979534444132	0.4961084218081018	0.3095240501794888	0.4356494656457213	0.4899985591616566	0.4892557306382835	0.5274261576478489	0.5092710593465717	0.5109310871508452	0.5121873681096045	0.5306232221053848	0.509158754229191	0.1573616872619022	0.1791347673340776	0.1265720051897898	0.3416584798308498	0.13401262849636	0.3104262088787362
1.783	8.721065060000001	5.51646845	0.63812711	0.58548891	0.97688212	-0.01445157	16.17676008	-9.869263050000001	-7.38610433	-5.47377718	-2.03884854	7.00154161	0	-24.70597112	7.81414596	-5.64439965	0.44451901	6.53427202	16.55906393	0	-22.6090039	-4.67534757	-10.67901925	0.08264499884542084	0.08477868414221354	0.08483543249198104	0.0906989309150887	0.0900898002447813	0.08983800719431541	0.2569126141639209	0.1053961179958372	0.1721602260529464	0.1329432856765144	0.09254409391588789	0.1016049588054937	0.09629205549208147	0.093904342309685	0.09280802743865472	0.08912514950813043	0.09100422092081745	0.09534910928244089	0.09713388719539802	0.09106136705494268	0.08736080910556526	0.08680802348189043	0.1082448830995379	0.1079620984190787	0.09363877880973301	0.0938123334374481	0.09187938313108154	0.08708093060396778	0.4630663170746471	0.4313974379538096	0.3388987361659482	0.01015408926586709	0.01015371887156463	0.01015344386992138	0.09450026377702428	0.09364137481583636	0.09364063965772683	0.09334598959228085	0.09282809252271229	0.09233743125221623	0.09321371925085277	0.09298516598114202	0.09335601831977287	0.726966617855703	0.5607160610020023	0.4794676395762545	0.6010767306272394	0.5851474051493826	0.5457436792573216	0.474003060356823	0.4126833816760345	0.3580243437063085	0.5291411476316853	0.5411883496322724	0.3243739484883705	0.3273080072829805	0.457191705076793	0.4904904119782524	0.4694519014527012	0.5633794461059018	0.4751354616933515	0.4598205737637853	0.4999258207839019	0.4959917790675015	0.4929656161359715	0.6608172721775833	0.6852573821378118	0.4089833291807905	0.4738880660927575	0.486787058845724	0.6605038483998618	0.4946513312189513	0.4933515581348036	0.4929340812348177	0.4966715263796053	0.4995874717306971	0.372967959380311	0.4687351545126712	0.4959118645316614	0.4951071838102615	0.5226180070032717	0.5043069347894384	0.5025837102710549	0.5085670365294553	0.5210399532966742	0.5076018838432549	0.1558690092784526	0.1628073334541452	0.1324827491354006	0.4552402874871495	0.1649974372173038	0.4053799969110096
1.8	8.548391130000001	5.70636159	0.68262917	0.58561374	0.97332593	-0.0130815	15.52830706	-9.66371767	-6.01579587	-1.4082233	-2.10536957	7.20113772	0	-25.59878942	7.68903721	-6.38678706	0.02523424	7.27920888	18.44638586	0	-22.32459916	-4.76611113	-10.84993951	0.08121065759565943	0.08532786453134253	0.08586692409391619	0.09351758063150023	0.09257582399508324	0.09235851469502349	0.2884916982763411	0.104243472253168	0.1886991718597611	0.1250075857396724	0.0940235302397596	0.1122582253488282	0.1055500342159605	0.1025196698425202	0.1008458837631377	0.09754522694551947	0.09362803165306549	0.1013236167860111	0.1019374791094637	0.09544187782456012	0.09198608322235963	0.09540660714035738	0.1131229856739665	0.1126210685947058	0.1005050580728907	0.09879023296013359	0.09571903643535207	0.09660375219088894	0.5471638285875333	0.5105249239538532	0.4055057623947349	0.01018114713448449	0.01018068665121244	0.01018035659216081	0.1002303051751443	0.09867628003009954	0.09871829302177926	0.09726152031806456	0.09761539011115852	0.09719809048556244	0.09786785231678011	0.09715607637285426	0.09801728473516408	0.7068251470096554	0.5717756819532596	0.5134125924968631	0.5984207551110203	0.5878158001929774	0.5555858183121591	0.4600282893506629	0.3814368140618287	0.3183438914241915	0.5185162551289364	0.548044884137407	0.3315218877447376	0.319578786911958	0.4602475791701967	0.4909971460331224	0.4652161064850451	0.5698956743396799	0.4798011578042907	0.4618665269463355	0.4999609926013814	0.4952986032861975	0.4926015465253607	0.700360901749681	0.7338038384007224	0.434866204601022	0.4834383264437092	0.4958772542370581	0.7564470022598494	0.498692597025139	0.4981829072424527	0.4977673893028445	0.498449697623247	0.5032839622734545	0.4403771129061852	0.5038886989338058	0.5021947514872915	0.5013243528054879	0.517509346943408	0.4990325524474843	0.4937146223362778	0.5047204342255467	0.5108577301874191	0.5059477090581979	0.1542830389210373	0.1454594349567168	0.1387629145776122	0.5759209581219686	0.1979187964833067	0.5062683966953007
1.817	8.69338044	5.79626396	0.84445965	0.58629948	0.97044684	-0.01197135	15.11599877	-9.519850590000001	-5.10077834	0.34581637	-1.98952458	7.2859155	0	-26.55625756	7.32480271	-7.48499122	-0.96612924	8.023769679999999	20.90588861	0	-22.37793277	-4.64264461	-11.08243286	0.07977631634589799	0.08587704492047152	0.08689841569585133	0.09633623034791164	0.09506184774538518	0.0948790221957316	0.320070782388761	0.1030908265104987	0.2052381176665757	0.1170718858028305	0.09550296656363125	0.1229114918921625	0.1148080129398393	0.1111349973753552	0.1088837400876206	0.1059653043829084	0.09625184238531348	0.1072981242895813	0.1067410710235293	0.09982238859417752	0.09661135733915394	0.1040051907988242	0.1180010882483951	0.1172800387703329	0.1073713373360483	0.103768132482819	0.09955868973962245	0.10612657377781	0.6312613401004186	0.5896524099538958	0.4721127886235206	0.01020820500310189	0.01020765443086025	0.01020726931440024	0.1059603465732643	0.1037111852443626	0.1037959463858316	0.1011770510438482	0.1024026876996047	0.1020587497189085	0.1025219853827074	0.1013269867645663	0.1026785511505552	0.6866836761636077	0.5828353029045168	0.5473575454174713	0.5957647795948011	0.590484195236572	0.5654279573669965	0.4460535183445029	0.3501902464476232	0.2786634391420748	0.5078913626261881	0.5549014186425416	0.3386698270011045	0.3118495665409357	0.4633034532636005	0.4915038800879921	0.4609803115173889	0.576411902573458	0.4844668539152299	0.4639124801288854	0.4999961644188606	0.4946054275048934	0.4922374769147499	0.7399045313217785	0.7823502946636323	0.4607490800212533	0.4929885867946611	0.5049674496283918	0.852390156119836	0.5027338628313265	0.5030142563501019	0.5026006973708712	0.5002278688668886	0.5069804528162121	0.5077862664320585	0.5390422433549399	0.5084776384429217	0.5075415218007144	0.5124006868835449	0.4937581701055302	0.4848455344015006	0.5008738319216381	0.5006755070781641	0.5042935342731409	0.1526970685636221	0.1281115364592887	0.1450430800198236	0.6966016287567863	0.2308401557493092	0.6071567964795903
1.833	8.9568607	5.60037972	1.24895084	0.5872967100000001	0.96819435	-0.01109036	15.00767734	-9.164517630000001	-5.17857466	0.03071209	-1.88490812	7.69151214	0	-27.73577454	6.60251417	-7.53810321	-1.7513989	8.41089193	21.9483289	0	-22.51794855	-4.09938321	-11.43435151	0.07842634811082844	0.08639392058082823	0.087869231321202	0.09898907713982835	0.09740163480449293	0.09725126454933919	0.3497922733180974	0.1020059834585748	0.2208041843082836	0.1096029917446263	0.09689537722139285	0.1329380956976537	0.1235214046799607	0.1192435409356706	0.1164487813341928	0.1138900831475098	0.09872131130978218	0.1129211901752944	0.1112620987073558	0.1039452222596998	0.1009645565079016	0.1120979754185578	0.1225922436125632	0.1216649518768055	0.1138337178190202	0.108453214386523	0.1031724810848182	0.1150892293890299	0.7104119391713699	0.6641253379539362	0.5348017544859078	0.01023367123238885	0.01023303587052879	0.01023259893533147	0.1113533267126714	0.1084499195636692	0.108574914257881	0.1048622564328211	0.106908379547554	0.1066334878208814	0.1069023459153448	0.1052525494861778	0.1070656254238646	0.6677269977202691	0.5932443579174647	0.579305736401573	0.5932650379324769	0.5929956258658378	0.5746911470656666	0.4329007926916462	0.3207817122224883	0.2413171311118472	0.4978914638000715	0.5613546275885506	0.345397299242391	0.3045750061917378	0.4661795700573921	0.4919808062572812	0.4569936809595949	0.5825448232640726	0.4888580973137608	0.4658380831242266	0.5000292673059001	0.4939530267695487	0.4918948231635867	0.7771220650366935	0.8280410770287239	0.4851094333579415	0.5019770671249686	0.5135229276437649	0.9426895950468825	0.506537407119503	0.5075614084514186	0.5071496931996025	0.5019014418020808	0.5104595027388072	0.5712301756328808	0.5721279322218897	0.5143909438129266	0.5133929749726924	0.5075925362389675	0.488794045548397	0.4764981575217104	0.4972535003414889	0.4910922382694534	0.5027366638872048	0.1512043905801724	0.1117841025793563	0.1509538239654346	0.810183436413086	0.2618249644702529	0.7021105845118637
1.85	9.01468876	5.22612534	1.51195614	0.58936259	0.96615102	-0.00921342	15.742939	-8.51869237	-4.77628553	-2.46221695	-1.79818915	6.9871571	0	-28.35338409	5.62426123	-8.449294249999999	-3.21440638	8.735779969999999	23.8499706	0	-22.34492942	-3.51950819	-11.44531792	0.076992006861067	0.08694310096995722	0.08890072292313717	0.1018077268562398	0.09988765855479492	0.09977177205004728	0.3813713574305176	0.1008533377159055	0.2373431301150984	0.1016672918077842	0.09837481354526451	0.1435913622409882	0.1327793834038397	0.1278588684685057	0.1244866376586758	0.1223101605848988	0.1013451220420302	0.1188956976788646	0.1160656906214215	0.1083257330293173	0.1055898306246959	0.1206965590770248	0.1274703461869919	0.1263239220524327	0.1206999970821779	0.1134311139092085	0.1070121343890887	0.124612050975951	0.7945094506842562	0.7432528239539798	0.6014087807146946	0.01026072910100625	0.0102600036501766	0.01025951165757089	0.1170833681107914	0.1134848247779324	0.1136525676219335	0.1087777871586048	0.1116956771360003	0.1114941470542276	0.1115564789812722	0.10942345987789	0.1117268918392558	0.647585526874221	0.6043039788687219	0.6132506893221819	0.5906090624162577	0.5956640209094322	0.5845332861205046	0.4189260216854862	0.2895351446082826	0.2016366788297301	0.4872665712973228	0.5682111620936849	0.3525452384987582	0.2968457858207154	0.4692354441507958	0.4924875403121511	0.4527578859919386	0.5890610514978505	0.4935237934246999	0.4678840363067767	0.5000644391233797	0.4932598509882444	0.4915307535529763	0.8166656946087913	0.8765875332916346	0.5109923087781731	0.5115273274759207	0.522613123035099	1.03863274890687	0.5105786729256905	0.5123927575590679	0.511983001267629	0.5036796130457224	0.5141559932815649	0.6386393291587549	0.6072814766430241	0.5206738307685566	0.5196101439679188	0.5024838761791037	0.4835196632064429	0.4676290695869332	0.4934068980375801	0.4809100151601982	0.5010824891021479	0.1496184202227571	0.09443620408192799	0.157233989407646	0.9308641070479051	0.2947463237362559	0.8029989842961549
1.867	9.22793077	4.98892271	1.78234045	0.59112055	0.9646692100000001	-0.00720057	16.50180806	-7.96962655	-4.34543959	-5.89836257	-2.12411887	5.70854133	0	-28.8921066	4.72809429	-8.95680834	-5.02435436	8.66331664	25.16597689	0	-22.41521143	-2.99681847	-11.62351839	0.07555766561130561	0.08749228135908621	0.08993221452507227	0.1046263765726513	0.1023736823050968	0.1022922795507554	0.4129504415429376	0.09970069197323628	0.253882075921913	0.09373159187094238	0.09985424986913621	0.1542446287843225	0.1420373621277186	0.1364741960013409	0.1325244939831587	0.1307302380222877	0.1039689327742782	0.1248702051824348	0.1208692825354871	0.1127062437989347	0.1102151047414902	0.1292951427354917	0.1323484487614205	0.1309828922280598	0.1275662763453355	0.1184090134318939	0.1108517876933591	0.1341348725628721	0.8786069621971415	0.8223803099540223	0.6680158069434805	0.01028778696962365	0.01028697142982441	0.01028642437981032	0.1228134095089114	0.1185197299921955	0.1187302209859858	0.1126933178843885	0.1164829747244464	0.1163548062875738	0.1162106120471995	0.1135943702696022	0.1163881582546469	0.6274440560281742	0.6153635998199793	0.64719564224279	0.5879530869000384	0.5983324159530272	0.5943754251753415	0.4049512506793262	0.2582885769940773	0.1619562265476131	0.4766416787945746	0.5750676965988197	0.3596931777551251	0.2891165654496928	0.4722913182441992	0.492994274367021	0.448522091024282	0.5955772797316281	0.4981894895356391	0.469929989489327	0.5000996109408589	0.4925666752069402	0.4911666839423656	0.8562093241808886	0.9251339895545443	0.5368751841984043	0.5210775878268721	0.5317033184264326	1.134575902766857	0.5146199387318777	0.5172241066667174	0.5168163093356557	0.5054577842893639	0.5178524838243224	0.7060484826846281	0.6424350210641585	0.5269567177241865	0.5258273129631452	0.4973752161192406	0.4782452808644888	0.4587599816521561	0.4895602957336718	0.4707277920509432	0.499428314317091	0.1480324498653419	0.07708830558449997	0.1635141548498574	1.051544777682723	0.3276676830022585	0.9038873840804447
1.883	9.071900599999999	4.75185022	2.28642595	0.59431664	0.96329921	-0.00586972	17.350958	-7.52418923	-4.34180281	-9.30292712	-2.97188831	4.34444429	0	-29.14199799	3.81016859	-8.80028263	-6.65932181	7.98808622	25.66133731	0	-21.91512243	-2.39520749	-11.99379671	0.07420769737623606	0.0880091570194429	0.090903030150423	0.107279223364568	0.1047134693642046	0.104664521904363	0.442671932472274	0.09861584892131237	0.2694481425636208	0.0862626978127381	0.1012466605268977	0.1642712325898137	0.1507507538678399	0.1445827395616562	0.1400895352297309	0.1386550167868891	0.1064384016987468	0.1304932710681479	0.1253903102193136	0.116829077464457	0.1145683039102378	0.1373879273552253	0.1369396041255886	0.1353678053345324	0.1340286568283074	0.1230940953355979	0.1144655790385548	0.1430975281740919	0.9577575612680927	0.8968532379540628	0.7307047728058674	0.01031325319891061	0.01031235286949295	0.01031175400074154	0.1282063896483184	0.1232584643115019	0.1235091888580352	0.1163785232733615	0.1209886665723958	0.1209295443895466	0.120590972579837	0.1175199329912137	0.1207752325279562	0.6084873775848347	0.625772654832927	0.6791438332268915	0.5854533452377146	0.600843846582293	0.6036386148740118	0.3917985250264695	0.2288800427689424	0.1246099185173857	0.4666417799684583	0.5815209055448287	0.3664206499964116	0.2818420051004953	0.4751674350379909	0.4934712005363102	0.4445354604664886	0.601710200422243	0.5025807329341703	0.4718555924846677	0.5001327138278988	0.4919142744715952	0.4908240301912024	0.893426857895804	0.9708247719196361	0.5612355375350928	0.5300660681571796	0.540258796441806	1.224875341693903	0.518423483020054	0.5217712587680339	0.5213653051643869	0.5071313572245564	0.5213315337469173	0.7694923918854504	0.675520709931108	0.5328700230941914	0.5316787661351232	0.4925670654746637	0.4732811563073556	0.4504126047723656	0.485939964153522	0.4611445232422327	0.4978714439311549	0.1465397718818922	0.06076087170456757	0.1694248987954684	1.165126585339022	0.3586524917232021	0.9988411721127179
1.9	8.788903039999999	4.48323278	2.66677413	0.59750398	0.96218795	-0.00357422	18.20570998	-7.00346759	-4.08677337	-12.48551687	-4.24952846	2.99397365	0	-28.85151518	2.8280843	-8.71536206	-8.928146460000001	7.09235625	26.13106042	0	-21.30404587	-1.89236153	-11.92749487	0.07277335612647462	0.08855833740857194	0.09193452175235811	0.1100978730809795	0.1071994931145065	0.107185029405071	0.4742510165846939	0.09746320317864321	0.2859870883704354	0.07832699787589625	0.1027260968507695	0.1749244991331482	0.1600087325917188	0.1531980670944913	0.1481273915542139	0.1470750942242781	0.1090622124309948	0.1364677785717181	0.1301939021333791	0.1212095882340744	0.1191935780270321	0.1459865110136921	0.1418177067000171	0.1400267755101595	0.140894936091465	0.1280719948582833	0.1183052323428253	0.152620349761013	1.041855072780978	0.9759807239541055	0.7973117990346533	0.01034031106752801	0.01033932064914076	0.01033866672298098	0.1339364310464384	0.1282933695257651	0.1285868422220875	0.1202940539991451	0.1257759641608419	0.1257902036228927	0.1252451056457642	0.1216908433829259	0.1254364989433475	0.5883459067387875	0.6368322757841844	0.7130887861474999	0.582797369721495	0.6035122416258871	0.6134807539288496	0.3778237540203095	0.1976334751547371	0.08492946623526887	0.4560168874657098	0.5883774400499635	0.3735685892527787	0.2741127847294726	0.4782233091313945	0.4939779345911801	0.440299665498832	0.6082264286560211	0.5072464290451095	0.4739015456672182	0.5001678856453777	0.4912210986902914	0.4904599605805915	0.9329704874679003	1.019371228182546	0.5871184129553242	0.5396163285081319	0.5493489918331398	1.32081849555389	0.5224647488262417	0.5266026078756836	0.5261986132324137	0.5089095284681977	0.525028024289675	0.8369015454113236	0.7106742543522424	0.5391529100498218	0.5378959351303494	0.4874584054147997	0.4680067739654015	0.4415435168375885	0.4820933618496137	0.4509623001329777	0.496217269146098	0.1449538015244769	0.04341297320713933	0.1757050642376798	1.28580725597384	0.3915738509892047	1.099729571897007
1.917	8.404524540000001	4.34348782	2.99206505	0.60040927	0.96152596	-0.00126381	19.42919405	-6.70482282	-3.96527004	-16.24714488	-5.07275749	1.92025764	0	-27.97536765	1.99634983	-8.34747351	-11.91195584	5.87626175	26.2296575	0	-20.64301721	-1.45066641	-12.01311113	0.07133901487671324	0.08910751779770087	0.09296601335429322	0.112916522797391	0.1096855168648084	0.1097055369057792	0.505830100697114	0.09631055743597394	0.3025260341772502	0.07039129793905419	0.1042055331746412	0.1855777656764825	0.1692667113155978	0.1618133946273265	0.1561652478786969	0.1554951716616671	0.1116860231632428	0.1424422860752883	0.1349974940474449	0.1255900990036919	0.1238188521438265	0.1545850946721591	0.1466958092744458	0.1446857456857867	0.1477612153546228	0.1330498943809688	0.1221448856470958	0.1621431713479342	1.125952584293864	1.055108209954149	0.8639188252634401	0.01036736893614541	0.01036628842878858	0.0103655794452204	0.1396664724445584	0.1333282747400283	0.13366449558614	0.1242095847249288	0.1305632617492881	0.1306508628562388	0.1298992387116915	0.1258617537746379	0.1300977653587386	0.5682044358927394	0.6478918967354415	0.7470337390681085	0.5801413942052758	0.6061806366694822	0.6233228929836865	0.3638489830141491	0.1663869075405313	0.04524901395315162	0.4453919949629612	0.5952339745550979	0.3807165285091454	0.2663835643584505	0.4812791832247987	0.49448466864605	0.4360638705311763	0.6147426568897991	0.5119121251560483	0.4759474988497683	0.5002030574628571	0.4905279229089872	0.4900958909699811	0.9725141170399989	1.067917684445457	0.6130012883755556	0.5491665888590833	0.5584391872244736	1.416761649413878	0.5265060146324294	0.5314339569833324	0.5310319213004404	0.5106876997118395	0.5287245148324327	0.9043106989371978	0.7458277987733766	0.5454357970054518	0.544113104125576	0.4823497453549366	0.4627323916234469	0.4326744289028115	0.4782467595457049	0.4407800770237227	0.4945630943610411	0.1433678311670616	0.02606507470971109	0.1819852296798914	1.406487926608659	0.4244952102552076	1.200617971681299
1.933	8.12327033	3.90841386	3.34355237	0.6043571599999999	0.96175866	0.00123021	20.09467426	-6.06203744	-3.43801603	-19.45303427	-5.58519989	0.51444672	0	-26.72485776	0.79829972	-8.12506376	-15.6870028	4.18354229	26.31192045	0	-19.94437546	-0.7782213	-11.81571964	0.06998904664164363	0.08962439345805762	0.09393682897964406	0.1155693695893076	0.1120253039239162	0.1120777792593869	0.5355515916264506	0.09522571438404992	0.318092100818958	0.06292240388085002	0.1055979438324027	0.1956043694819738	0.1779801030557192	0.1699219381876418	0.1637302891252691	0.1634199504262685	0.1141554920877116	0.1480653519610015	0.1395185217312713	0.1297129326692141	0.128172051312574	0.1626778792918928	0.1512869646386139	0.1490706587922592	0.1542235958375947	0.1377349762846728	0.1257586769922915	0.1711058269591541	1.205103183364816	1.12958113795419	0.9266077911258271	0.01039283516543238	0.0103916698684571	0.01039090906615163	0.1450594525839655	0.1380670090593348	0.1384434634581894	0.1278947901139017	0.1350689535972376	0.1352256009582118	0.1342795992443291	0.1297873164962494	0.1344848396320479	0.5492477574494004	0.6583009517483895	0.7789819300522103	0.577641652542952	0.6086920672987484	0.6325860826823568	0.3506962573612928	0.1369783733153964	0.007902705922924191	0.4353920961368445	0.6016871835011068	0.3874440007504325	0.2591090040092525	0.4841553000185899	0.4949615948153392	0.4320772399733821	0.6208755775804136	0.516303368554579	0.4778731018451094	0.5002361603498966	0.4898755221736426	0.4897532372188178	1.009731650754914	1.113608466810549	0.6373616417122441	0.5581550691893908	0.566994665239847	1.507061088340925	0.5303095589206057	0.5359811090846494	0.5355809171291712	0.5123612726470319	0.5322035647550281	0.9677546081380199	0.778913487640327	0.5513491023754566	0.5499645572975536	0.4775415947103596	0.4577682670663137	0.4243270520230213	0.4746264279655561	0.4311968082150113	0.4930062239751045	0.141875153183612	0.009737640829778682	0.1878959736255024	1.520069734264959	0.4554800189761514	1.295571759713572
1.95	8.2356731	3.31994322	3.95477083	0.60840107	0.96305607	0.00368912	19.89820668	-5.32653017	-3.2747641	-22.00165825	-5.69686034	-0.18718862	0	-25.25133308	-0.75258523	-7.47078025	-20.39363668	2.11885743	26.22930778	0	-19.73223383	0.1501525	-11.94211143	0.06855470539188224	0.09017357384718661	0.09496832058157911	0.1183880193057192	0.1145113276742181	0.114598286760095	0.5671306757388703	0.09407306864138065	0.3346310466257727	0.05498670394400818	0.1070773801562744	0.2062576360253081	0.187238081779598	0.1785372657204769	0.1717681454497519	0.1718400278636574	0.1167793028199595	0.1540398594645715	0.144322113645337	0.1340934434388315	0.1327973254293684	0.1712764629503595	0.1561650672130425	0.1537296289678864	0.1610898751007522	0.1427128758073583	0.1295983302965619	0.1806286485460751	1.289200694877701	1.208708623954232	0.9932148173546129	0.01041989303404978	0.01041863764810493	0.01041782178839105	0.1507894939820855	0.143101914273598	0.1435211168222418	0.1318103208396855	0.1398562511856837	0.1400862601915579	0.1389337323102563	0.1339582268879616	0.139146106047439	0.5291062866033531	0.669360572699647	0.8129268829728185	0.5749856770267332	0.6113604623423425	0.6424282217371946	0.336721486355132	0.1057318057011907	-0.03177774635919306	0.4247672036340964	0.6085437180062412	0.3945919400067992	0.2513797836382303	0.4872111741119936	0.4954683288702091	0.4278414450057255	0.6273918058141916	0.5209690646655187	0.4799190550276595	0.5002713321673764	0.4891823463923384	0.4893891676082069	1.049275280327011	1.162154923073458	0.6632445171324752	0.5677053295403431	0.5760848606311813	1.603004242200911	0.534350824726793	0.5408124581922982	0.5404142251971984	0.5141394438906732	0.5359000552977853	1.035163761663893	0.8140670320614607	0.557631989331087	0.5561817262927806	0.4724329346504961	0.4524938847243591	0.4154579640882439	0.4707798256616469	0.4210145851057563	0.4913520491900485	0.140289182826197	-0.007610257667649556	0.1941761390677137	1.640750404899777	0.4884013782421539	1.396460159497862
1.967	7.86384292	3.06062166	4.51370702	0.61104337	0.96357206	0.00597573	20.1072949	-5.08005965	-3.49749998	-24.27708542	-5.38956497	-0.00298413	0	-22.24607513	-1.8846365	-6.52319578	-26.5484266	-0.38098944	25.59943669	0	-19.07975981	0.67381504	-12.00868851	0.06712036414212075	0.09072275423631559	0.09599981218351428	0.1212066690221306	0.1169973514245202	0.117118794260803	0.5987097598512907	0.09292042289871139	0.3511699924325873	0.04705100400716611	0.1085568164801461	0.2169109025686425	0.196496060503477	0.1871525932533121	0.179806001774235	0.1802601053010464	0.1194031135522076	0.1600143669681418	0.1491257055594025	0.1384739542084489	0.1374225995461628	0.1798750466088265	0.1610431697874712	0.1583885991435136	0.16795615436391	0.1476907753300437	0.1334379836008325	0.1901514701329963	1.373298206390587	1.287836109954276	1.059821843583399	0.01044695090266717	0.01044560542775275	0.01044473451063049	0.1565195353802056	0.1481368194878611	0.1485987701862942	0.1357258515654691	0.1446435487741299	0.1449469194249041	0.1435878653761836	0.1381291372796738	0.1438073724628304	0.508964815757305	0.680420193650904	0.8468718358934271	0.5723297015105135	0.6140288573859367	0.6522703607920315	0.3227467153489725	0.07448523808698493	-0.07145819864131031	0.4141423111313474	0.6154002525113764	0.4017398792631659	0.2436505632672072	0.4902670482053977	0.495975062925079	0.4236056500380689	0.6339080340479688	0.525634760776458	0.4819650082102092	0.5003065039848549	0.4884891706110341	0.4890250979975965	1.088818909899109	1.210701379336369	0.6891273925527064	0.5772555898912946	0.5851750560225146	1.698947396060899	0.5383920905329802	0.5456438072999479	0.5452475332652247	0.515917615134315	0.5395965458405421	1.102572915189768	0.8492205764825953	0.5639148762867174	0.5623988952880072	0.4673242745906325	0.4472195023824055	0.4065888761534673	0.4669332233577395	0.4108323619965013	0.4896978744049916	0.1387032124687815	-0.02495815616507779	0.2004563045099252	1.761431075534596	0.5213227375081568	1.497348559282153
1.983	7.35857768	2.42340086	4.88579626	0.61320226	0.9638485	0.00892563	20.17881935	-4.35612793	-3.83887772	-25.91303569	-4.7719746	0.01062463	0	-18.41165649	-3.33508259	-6.02641211	-33.52291965	-3.55188178	24.51391596	0	-18.35079824	1.43409587	-11.92726527	0.06577039590705125	0.09123962989667234	0.09697062780886501	0.1238595158140473	0.1193371384836279	0.1194910366144106	0.6284312507806271	0.09183557984678736	0.3667360590742952	0.03958210994896194	0.1099492271379077	0.2269375063741338	0.2052094522435984	0.1952611368136274	0.1873710430208073	0.1881848840656478	0.1218725824766763	0.1656374328538549	0.1536467332432291	0.1425967878739711	0.1417757987149104	0.1879678312285601	0.1656343251516392	0.1627735122499862	0.1744185348468819	0.1523758572337477	0.137051774946028	0.1991141257442162	1.452448805461539	1.362309037954316	1.122510809445787	0.01047241713195414	0.01047098686742128	0.01047006413156171	0.1619125155196126	0.1528755538071677	0.1533777380583435	0.139411056954442	0.1491492406220792	0.149521657526877	0.1479682259088211	0.1420547000012853	0.1481944467361397	0.490008137313966	0.690829248663853	0.8788200268775288	0.5698299598481897	0.6165402880152033	0.6615335504907023	0.3095939896961157	0.04507670386185048	-0.1088045066715377	0.4041424123052302	0.6218534614573858	0.4084673515044526	0.2363760029180098	0.4931431649991893	0.4964519890943677	0.4196190194802751	0.6400409547385841	0.5300260041749887	0.4838906112055508	0.5003396068718953	0.48783676987569	0.4886824442464333	1.126036443614024	1.256392161701461	0.7134877458893949	0.5862440702216025	0.5937305340378876	1.789246834987945	0.5421956348211578	0.5501909594012648	0.5497965290939568	0.517591188069507	0.5430755957631375	1.16601682439059	0.8823062653495457	0.5698281816567219	0.5682503484599843	0.4625161239460551	0.4422553778252718	0.3982414992736771	0.4633128917775897	0.4012490931877908	0.488141004019055	0.1372105344853318	-0.04128559004501042	0.2063670484555362	1.875012883190896	0.5523075462291007	1.592302347314426
2	6.75206383	1.83481687	4.88478722	0.61461328	0.96403426	0.01170494	20.33516089	-3.61773501	-4.22358303	-27.43566038	-3.61714807	0.14799355	0	-14.13730659	-4.33133067	-5.48270385	-40.5018546	-7.49241705	21.98637551	0	-17.49915727	2.09141765	-11.44845506	0.06433605465728987	0.09178881028580121	0.09800211941080006	0.1266781655304589	0.1218231622339297	0.1220115441151187	0.6600103348930468	0.09068293410411821	0.38327500488111	0.0316464100121201	0.1114286634617794	0.2375907729174681	0.2144674309674773	0.2038764643464624	0.1954088993452902	0.1966049615030367	0.1244963932089242	0.171611940357425	0.1584503251572946	0.1469772986435885	0.1464010728317048	0.196566414887027	0.1705124277260679	0.1674324824256133	0.1812848141100395	0.1573537567564331	0.1408914282502985	0.2086369473311372	1.536546316974424	1.441436523954359	1.189117835674573	0.01049947500057154	0.01049795464706908	0.01049697685380113	0.1676425569177327	0.1579104590214307	0.158455391422396	0.1433265876802257	0.1539365382105253	0.1543823167602231	0.1526223589747484	0.1462256103929974	0.1528557131515308	0.4698666664679179	0.70188886961511	0.9127649797981374	0.5671739843319701	0.6192086830587975	0.6713756895455401	0.2956192186899562	0.01383013624764473	-0.1484849589536541	0.3935175198024821	0.6287099959625193	0.4156152907608193	0.2286467825469876	0.496199039092593	0.4969587231492376	0.4153832245126194	0.6465571829723622	0.5346917002859275	0.4859365643881004	0.5003747786893742	0.4871435940943858	0.4883183746358224	1.165580073186121	1.30493861796437	0.7393706213096265	0.5957943305725539	0.6028207294292214	1.885189988847932	0.5462369006273446	0.5550223085089145	0.5546298371619827	0.5193693593131483	0.5467720863058956	1.233425977916463	0.9174598097706794	0.5761110686123523	0.5744675174552114	0.4574074638861916	0.436980995483319	0.3893724113388997	0.4594662894736814	0.3910668700785358	0.4864868292339981	0.1356245641279166	-0.05863348854243799	0.2126472138977475	1.995693553825713	0.5852289054951032	1.693190747098716
2.017	6.33356963	0.6298266300000001	4.68416748	0.61526961	0.96472102	0.01498505	19.80192325	-2.0796029	-4.57456218	-27.86623091	-2.56678736	0.02919317	0	-9.80111615	-5.94999989	-5.28597538	-47.28892355	-11.54138035	19.16380662	0	-16.94952825	3.35558266	-10.33048417	0.06290171340752837	0.09233799067493031	0.09903361101273522	0.1294968152468702	0.1243091859842317	0.1245320516158267	0.6915894190054668	0.08953028836144905	0.3998139506879244	0.02371071007527825	0.1129080997856511	0.2482440394608025	0.2237254096913561	0.2124917918792976	0.203446755669773	0.2050250389404257	0.1271202039411723	0.1775864478609952	0.1632539170713602	0.151357809413206	0.1510263469484989	0.2051649985454939	0.1753905303004966	0.1720914526012404	0.188151093373197	0.1623316562791186	0.144731081554569	0.2181597689180583	1.620643828487309	1.520564009954401	1.255724861903358	0.01052653286918893	0.01052492242671689	0.01052388957604057	0.1733725983158525	0.1629453642356939	0.1635330447864484	0.1472421184060093	0.1587238357989715	0.1592429759935692	0.1572764920406756	0.1503965207847096	0.1575169795669219	0.4497251956218715	0.712948490566367	0.9467099327187447	0.5645180088157504	0.6218770781023926	0.6812178286003769	0.2816444476837949	-0.01741643136656013	-0.1881654112357705	0.3828926272997339	0.6355665304676537	0.422763230017186	0.2209175621759649	0.4992549131859967	0.4974654572041075	0.4111474295449629	0.6530734112061403	0.5393573963968672	0.4879825175706509	0.5004099505068531	0.4864504183130816	0.4879543050252124	1.205123702758218	1.35348507422728	0.7652534967298572	0.6053445909235062	0.6119109248205552	1.981133142707918	0.5502781664335323	0.5598536576165634	0.5594631452300103	0.5211475305567905	0.5504685768486528	1.300835131442336	0.9526133541918131	0.5823939555679818	0.5806846864504376	0.4522988038263289	0.4317066131413645	0.3805033234041222	0.4556196871697722	0.3808846469692808	0.4848326544489412	0.1340385937705013	-0.07598138703986645	0.2189273793399591	2.116374224460531	0.6181502647611057	1.794079146883005
2.033	5.8613886	-0.5750526	4.70096704	0.61567829	0.96586456	0.0179397	19.01576731	-0.58374541	-5.0728057	-27.75110226	-1.50028892	0.14856333	0	-5.37244818	-7.57549467	-4.92403705	-53.42787956	-14.95444474	16.10597198	0	-16.26835875	4.58995057	-9.64059651	0.06155174517245898	0.09285486633528706	0.100004426638086	0.1321496620387869	0.1266489730433394	0.1269042939694343	0.7213109099348034	0.08844544530952514	0.4153800173296323	0.01624181601707386	0.1143005104434126	0.2582706432662937	0.2324388014314775	0.2206003354396129	0.2110117969163452	0.2129498177050271	0.1295896728656408	0.1832095137467084	0.1677749447551868	0.1554806430787283	0.1553795461172467	0.2132577831652274	0.1799816856646645	0.1764763657077131	0.194613473856169	0.1670167381828226	0.1483448728997648	0.2271224245292781	1.69979442755826	1.595036937954442	1.318413827765746	0.0105519990984759	0.01055030386638542	0.01054921919697178	0.1787655784552595	0.1676840985550004	0.1683120126584977	0.1509273237949823	0.1632295276469209	0.1638177140955421	0.1616568525733131	0.1543220835063212	0.1619040538402313	0.4307685171785316	0.7233575455793142	0.9786581237028473	0.5620182671534266	0.6243885087316574	0.6904810182990468	0.2684917220309391	-0.04682496559169547	-0.2255117192659988	0.3728927284736177	0.6420197394136631	0.4294907022584731	0.2136430018267674	0.5021310299797879	0.4979423833733971	0.4071607989871691	0.6592063318967538	0.5437486397953979	0.4899081205659916	0.5004430533938926	0.4857980175777366	0.4876116512740483	1.242341236473134	1.399175856592373	0.7896138500665462	0.6143330712538138	0.6204664028359286	2.071432581634965	0.5540817107217082	0.5644008097178803	0.5640121410587406	0.5228211034919825	0.5539476267712482	1.364279040643159	0.9856990430587635	0.5883072609379871	0.5865361396224156	0.4474906531817515	0.4267424885842308	0.372155946524332	0.4519993555896233	0.3713013781605694	0.4832757840630055	0.1325459157870517	-0.09230882091979886	0.2248381232855701	2.229956032116831	0.6491350734820495	1.889032934915279
2.05	5.52265657	-1.63282122	4.37978258	0.61537949	0.9675477300000001	0.0214299	17.89234814	0.93446507	-5.1868159	-27.16845847	-0.5729118600000001	-0.00255584	0	-1.28245094	-8.92074393	-4.69787334	-58.79974087	-16.63258569	13.37296071	0	-15.87395682	5.54819575	-8.53110513	0.06011740392269749	0.09340404672441605	0.101035918240021	0.1349683117551984	0.1291349967936414	0.1294248014701425	0.7528899940472231	0.08729279956685598	0.4319189631364468	0.008306116080232018	0.1157799467672844	0.268923909809628	0.2416967801553563	0.2292156629724479	0.2190496532408281	0.221369895142416	0.1322134835978889	0.1891840212502784	0.1725785366692523	0.1598611538483456	0.1600048202340409	0.2218563668236943	0.1848597882390932	0.1811353358833401	0.2014797531193265	0.171994637705508	0.1521845262040351	0.2366452461161992	1.783891939071145	1.674164423954484	1.385020853994531	0.01057905696709328	0.01057727164603324	0.01057613191921122	0.1844956198533795	0.1727190037692635	0.1733896660225501	0.154842854520766	0.1680168252353671	0.1686783733288881	0.1663109856392404	0.1584929938980332	0.1665653202556224	0.4106270463324844	0.7344171665305712	1.012603076623456	0.5593622916372079	0.6270569037752516	0.7003231573538846	0.2545169510247787	-0.07807153320590032	-0.2651921715481151	0.3622678359708695	0.6488762739187983	0.4366386415148398	0.2059137814557452	0.5051869040731916	0.498449117428267	0.4029250040195125	0.6657225601305319	0.5484143359063367	0.4919540737485422	0.5004782252113724	0.4851048417964323	0.4872475816634383	1.281884866045231	1.447722312855282	0.8154967254867773	0.6238833316047652	0.6295565982272624	2.167375735494951	0.5581229765278959	0.5692321588255291	0.5688454491267674	0.5245992747356238	0.5576441173140054	1.431688194169032	1.020852587479897	0.5945901478936175	0.5927533086176417	0.4423819931218871	0.4214681062422772	0.3632868585895555	0.4481527532857141	0.3611191550513153	0.4816216092779486	0.1309599454296362	-0.1096567194172269	0.2311182887277814	2.350636702751648	0.6820564327480519	1.989921334699569
2.067	5.77070345	-2.55531105	4.03833589	0.61557837	0.97041387	0.02447597	15.9867704	2.37800347	-5.00958441	-26.38763854	0.31590356	-0.16291184	0	2.06238846	-10.15356175	-4.46090651	-63.56460851	-16.51873484	11.43468992	0	-16.06673423	6.36447633	-7.5572879	0.05868306267293599	0.09395322711354503	0.1020674098419561	0.1377869614716098	0.1316210205439434	0.1319453089708504	0.784469078159644	0.0861401538241866	0.4484579089432619	0.0003704161433897291	0.1172593830911559	0.2795771763529626	0.2509547588792356	0.2378309905052831	0.2270875095653112	0.2297899725798052	0.1348372943301368	0.1951585287538489	0.1773821285833181	0.1642416646179632	0.1646300943508353	0.2304549504821614	0.1897378908135219	0.1857943060589673	0.2083460323824844	0.1769725372281936	0.1560241795083056	0.2461680677031205	1.867989450584033	1.753291909954529	1.451627880223319	0.01060611483571069	0.01060423942568106	0.01060304464145065	0.1902256612514996	0.1777539089835267	0.1784673193866027	0.1587583852465497	0.1728041228238135	0.1735390325622346	0.1709651187051678	0.1626639042897453	0.1712265866710136	0.3904855754864371	0.7454767874818291	1.046548029544065	0.5567063161209891	0.6297252988188466	0.7101652964087224	0.2405421800186183	-0.109318100820107	-0.3048726238302324	0.3516429434681205	0.6557328084239327	0.4437865807712069	0.1981845610847222	0.5082427781665952	0.4989558514831369	0.3986892090518559	0.6722387883643099	0.5530800320172764	0.4940000269310927	0.5005133970288513	0.4844116660151281	0.4868835120528274	1.321428495617329	1.496268769118193	0.8413796009070094	0.6334335919557166	0.6386467936185962	2.263318889354941	0.5621642423340836	0.574063507933178	0.5736787571947941	0.5263774459792652	0.5613406078567627	1.499097347694907	1.056006131901032	0.6008730348492479	0.5989704776128688	0.4372733330620235	0.4161937239003226	0.354417770654778	0.4443061509818058	0.3509369319420594	0.4799674344928908	0.1293739750722209	-0.1270046179146553	0.2373984541699929	2.471317373386469	0.7149777920140553	2.090809734483861
2.083	5.98183969	-3.35668906	3.54869306	0.61581629	0.9739854	0.02764871	13.72701776	3.66398852	-4.65739009	-24.89002419	0.94747366	-0.05812711	0	5.02496656	-11.25459662	-4.49983498	-67.26138913	-14.64802643	10.19694934	0	-16.25321692	7.00378738	-6.19362694	0.05733309443786649	0.09447010277390167	0.103038225467307	0.1404398082635265	0.1339608076030512	0.1343175513244581	0.8141905690889806	0.08505531077226247	0.4640239755849696	-0.007098477914814438	0.1186517937489175	0.2896037801584539	0.2596681506193569	0.2459395340655987	0.2346525508118834	0.2377147513444064	0.1373067632546057	0.2007815946395618	0.1819031562671445	0.1683644982834855	0.1689832935195831	0.2385477351018949	0.1943290461776901	0.1901792191654399	0.2148084128654563	0.1816576191318975	0.1596379708535014	0.2551307233143404	1.947140049654985	1.827764837954569	1.514316846085706	0.01063158106499765	0.0106296208653496	0.01062837426238186	0.1956186413909069	0.1824926433028333	0.183246287258652	0.1624435906355226	0.1773098146717627	0.1781137706642073	0.1753454792378053	0.1665894670113568	0.1756136609443231	0.371528897043099	0.7558858424947772	1.078496220528166	0.5542065744586644	0.6322367294481133	0.7194284861073923	0.2273894543657615	-0.1387266350452423	-0.3422189318604607	0.3416430446420042	0.6621860173699421	0.450514053012494	0.1909100007355242	0.5111188949603873	0.4994327776524257	0.3947025784940621	0.6783717090549244	0.557471275415808	0.4959256299264334	0.5005464999158908	0.483759265279784	0.4865408583016642	1.358646029332244	1.541959551483284	0.8657399542436979	0.642422072286025	0.6472022716339696	2.353618328281987	0.5659677866222594	0.5786106600344949	0.5782277530235262	0.528051018914458	0.5648196577793581	1.562541256895729	1.089091820767982	0.6067863402192524	0.6048219307848468	0.432465182417447	0.4112295993431898	0.3460703937749878	0.440685819401657	0.3413536631333489	0.4784105641069551	0.1278812970887717	-0.1433320517945877	0.2433091981156037	2.584899181042769	0.7459626007349991	2.185763522516134
2.1	6.28950309	-3.90423158	2.98255861	0.61591953	0.9779347900000001	0.03039749	11.28072411	4.58471597	-4.34775748	-23.28910694	1.46533061	0.50386264	0	7.63574478	-11.84021264	-4.46822255	-70.00254271999999	-12.14803992	9.10986512	0	-16.60788885	7.33731373	-5.02016948	0.055898753188105	0.09501928316303077	0.1040697170692422	0.1432584579799381	0.1364468313533531	0.1368380588251663	0.8457696532014003	0.08390266502959332	0.4805629213917841	-0.0150341778516565	0.1201312300727893	0.3002570467017881	0.2689261293432358	0.2545548615984337	0.2426904071363664	0.2461348287817954	0.1399305739868537	0.2067561021431321	0.1867067481812101	0.1727450090531029	0.1736085676363774	0.2471463187603617	0.1992071487521185	0.1948381893410671	0.2216746921286138	0.1866355186545832	0.1634776241577718	0.2646535449012614	2.031237561167869	1.906892323954612	1.580923872314492	0.01065863893361507	0.01065658864499738	0.01065528698462129	0.2013486827890267	0.1875275485170962	0.1883239406227044	0.1663591213613065	0.1820971122602089	0.1829744298975533	0.1799996123037326	0.170760377403069	0.1802749273597142	0.3513874261970518	0.7669454634460342	1.112441173448775	0.5515505989424447	0.6349051244917074	0.7292706251622292	0.213414683359602	-0.1699732026594472	-0.3818993841425771	0.3310181521392552	0.6690425518750764	0.4576619922688607	0.183180780364502	0.514174769053791	0.4999395117072956	0.3904667835264064	0.6848879372887016	0.5621369715267468	0.4979715831089839	0.5005816717333706	0.4830660894984797	0.4861767886910533	1.398189658904342	1.590506007746195	0.8916228296639286	0.6519723326369764	0.6562924670253034	2.449561482141974	0.5700090524284471	0.5834420091421446	0.5830610610915521	0.5298291901581003	0.5685161483221162	1.629950410421602	1.124245365189116	0.6130692271748828	0.611039099780073	0.4273565223575835	0.4059552170012353	0.3372013058402104	0.4368392170977478	0.3311714400240948	0.4767563893218982	0.126295326731356	-0.1606799502920162	0.2495893635578155	2.705579851677586	0.7788839600010016	2.286651922300424
2.117	7.1313861	-4.57415706	2.42039593	0.61617841	0.98256823	0.03352102	7.74624927	5.73212229	-3.73198273	-20.67604941	1.51242311	0.67451364	0	9.472215050000001	-12.81703725	-4.71755003	-71.78401224	-10.02578263	8.792322560000001	0	-17.43727824	7.76451221	-3.66108686	0.05446441193834373	0.09556846355215964	0.1051012086711771	0.1460771076963496	0.1389328551036551	0.1393585663258743	0.8773487373138202	0.08275001928692416	0.4971018671985989	-0.02296987778849813	0.121610666396661	0.3109103132451226	0.2781841080671146	0.2631701891312687	0.2507282634608493	0.2545549062191842	0.1425543847191018	0.2127306096467021	0.1915103400952758	0.1771255198227202	0.1782338417531715	0.2557449024188286	0.2040852513265472	0.1994971595166941	0.2285409713917717	0.1916134181772684	0.1673172774620422	0.2741763664881823	2.115335072680755	1.986019809954654	1.647530898543278	0.01068569680223247	0.01068355642464522	0.01068219970686071	0.2070787241871468	0.1925624537313595	0.1934015939867568	0.1702746520870899	0.1868844098486551	0.1878350891308995	0.1846537453696597	0.1749312877947811	0.1849361937751053	0.3312459553510028	0.7780050843972912	1.146386126369382	0.5488946234262251	0.6375735195353016	0.7391127642170678	0.1994399123534425	-0.201219770273652	-0.4215798364246934	0.3203932596365071	0.6758990863802117	0.4648099315252274	0.1754515599934798	0.5172306431471947	0.5004462457621655	0.3862309885587498	0.6914041655224796	0.5668026676376856	0.5000175362915336	0.5006168435508505	0.4823729137171755	0.4858127190804424	1.437733288476438	1.639052464009105	0.9175057050841602	0.6615225929879287	0.6653826624166372	2.54550463600196	0.5740503182346339	0.5882733582497934	0.5878943691595797	0.5316073614017407	0.5722126388648734	1.697359563947475	1.159398909610251	0.6193521141305123	0.6172562687753	0.4222478622977208	0.4006808346592816	0.3283322179054338	0.4329926147938394	0.3209892169148389	0.4751022145368413	0.1247093563739412	-0.1780278487894438	0.2558695290000268	2.826260522312404	0.8118053192670041	2.387540322084714
2.133	7.72888767	-4.94217554	1.9409832	0.61646807	0.98674664	0.03581538	4.52776142	6.38478909	-3.23447674	-18.26112524	1.59404039	0.99249934	0	11.32527865	-13.09028864	-4.6522117	-72.59251098	-8.239408940000001	8.587346610000001	0	-18.06008033	7.86812934	-2.57095437	0.05311444370327423	0.0960853392125165	0.1060720242965281	0.1487299544882661	0.1412726421627626	0.141730808679482	0.9070702282431564	0.08166517623500025	0.5126679338403066	-0.03043877184670229	0.1230030770544226	0.3209369170506138	0.286897499807236	0.2712787326915841	0.2582933047074216	0.2624796849837857	0.1450238536435704	0.2183536755324151	0.1960313677791021	0.1812483534882425	0.1825870409219192	0.2638376870385621	0.2086764066907154	0.2038820726231667	0.2350033518747434	0.1962985000809725	0.1709310688072381	0.2831390220994023	2.194485671751706	2.060492737954695	1.710219864405665	0.01071116303151942	0.01070893786431376	0.01070752932779195	0.2124717043265536	0.1973011880506661	0.1981805618588059	0.1739598574760628	0.1913901016966044	0.1924098272328723	0.1890341059022973	0.1788568505163928	0.1893232680484147	0.3122892769076646	0.7884141394102393	1.178334317353484	0.5463948817639022	0.6400849501645673	0.7483759539157369	0.1862871867005849	-0.2306283044987874	-0.4589261444549209	0.3103933608103908	0.6823522953262193	0.4715374037665141	0.1681769996442819	0.5201067599409859	0.5009231719314551	0.382244358000956	0.6975370862130941	0.5711939110362163	0.5019431392868752	0.5006499464378891	0.4817205129818296	0.4854700653292792	1.474950822191355	1.684743246374196	0.9418660584208487	0.6705110733182362	0.6739381404320106	2.635804074929006	0.5778538625228116	0.5928205103511104	0.5924433649883101	0.5332809343369327	0.5756916887874688	1.760803473148298	1.192484598477201	0.6252654195005176	0.6231077219472771	0.4174397116531434	0.3957167101021479	0.3199848410256436	0.4293722832136897	0.3114059481061293	0.4735453441509048	0.1232166783904916	-0.1943552826693762	0.2617802729456378	2.939842329968704	0.8427901279879478	2.482494110116987
2.15	8.3617461	-5.17704434	1.3327542	0.61670272	0.99057429	0.03775889	1.28489937	6.81616523	-2.55883122	-15.86765124	1.64000411	1.29419179	0	12.87782458	-13.19665705	-4.85107254	-72.55672556	-6.95805624	8.515365510000001	0	-18.66042822	7.83323981	-1.5563195	0.05168010245351273	0.09663451960164537	0.107103515898463	0.1515486042046779	0.1437586659130645	0.1442513161801902	0.9386493123555764	0.08051253049233109	0.5292068796471212	-0.03837447178354436	0.1244825133782943	0.3315901835939481	0.2961554785311147	0.2798940602244193	0.2663311610319044	0.2708997624211748	0.1476476643758182	0.2243281830359853	0.200834959693168	0.1856288642578601	0.1872123150387135	0.2724362706970291	0.2135545092651439	0.2085410427987939	0.2418696311379009	0.201276399603658	0.1747707221115085	0.2926618436863233	2.278583183264591	2.139620223954738	1.776826890634451	0.01073822090013682	0.01073590564396157	0.01073444205003138	0.2182017457246737	0.2023360932649292	0.2032582152228586	0.1778753882018467	0.1961773992850506	0.1972704864662187	0.1936882389682244	0.1830277609081048	0.1939845344638058	0.2921478060616156	0.7994737603614954	1.212279270274093	0.5437389062476825	0.6427533452081633	0.7582180929705746	0.1723124156944245	-0.261874872112994	-0.498606596737039	0.2997684683076418	0.6892088298313528	0.4786853430228808	0.1604477792732597	0.5231626340343896	0.5014299059863241	0.3780085630332994	0.7040533144468739	0.5758596071471551	0.5039890924694248	0.5006851182553698	0.4810273372005263	0.4851059957186683	1.514494451763451	1.733289702637105	0.9677489338410794	0.6800613336691885	0.6830283358233444	2.731747228788993	0.5818951283289993	0.5976518594587592	0.5972766730563359	0.5350591055805749	0.579388179330226	1.828212626674171	1.227638142898335	0.631548306456148	0.6293248909425051	0.412331051593279	0.3904423277601925	0.3111157530908653	0.4255256809097805	0.3012237249968734	0.4718911693658487	0.1216307080330763	-0.2117031811668046	0.2680604383878489	3.060523000603521	0.8757114872539504	2.583382509901277
2.167	9.14044687	-5.37214884	0.78591334	0.61656716	0.99402998	0.04028989	-2.11473057	7.1820265	-1.85457411	-13.41704696	1.47584946	1.63092182	0	14.09009164	-13.44445079	-5.19036224	-71.79098888	-5.88324165	9.01368605	0	-19.46237825	7.68708382	-0.5300726	0.05024576120375124	0.09718369999077425	0.1081350075003982	0.1543672539210892	0.1462446896633667	0.1467718236808981	0.9702283964679963	0.07935988474966171	0.545745825453936	-0.04631017172038598	0.125961949702166	0.3422434501372824	0.3054134572549938	0.2885093877572544	0.2743690173563873	0.2793198398585635	0.1502714751080663	0.2303026905395558	0.2056385516072334	0.1900093750274772	0.191837589155508	0.2810348543554959	0.2184326118395725	0.2132000129744211	0.2487359104010587	0.2062542991263432	0.1786103754157788	0.3021846652732445	2.362680694777477	2.21874770995478	1.843433916863237	0.01076527876875422	0.01076287342360938	0.0107613547722708	0.2239317871227937	0.2073709984791923	0.2083358685869108	0.1817909189276301	0.2009646968734968	0.2021311456995647	0.1983423720341517	0.1871986712998168	0.1986458008791971	0.2720063352155684	0.8105333813127533	1.246224223194701	0.5410829307314646	0.6454217402517575	0.7680602320254106	0.1583376446882649	-0.293121439727198	-0.5382870490191554	0.2891435758048946	0.6960653643364889	0.4858332822792475	0.1527185589022366	0.5262185081277932	0.501936640041194	0.3737727680656437	0.7105695426806502	0.5805253032580957	0.5060350456519744	0.5007202900728487	0.4803341614192238	0.4847419261080574	1.554038081335548	1.781836158900017	0.993631809261311	0.6896115940201399	0.6921185312146783	2.827690382648981	0.5859363941351852	0.6024832085664098	0.6021099811243644	0.5368372768242171	0.5830846698729832	1.895621780200044	1.262791687319469	0.6378311934117775	0.6355420599377304	0.4072223915334163	0.3851679454182388	0.3022466651560887	0.4216790786058748	0.2910415018876193	0.4702369945807909	0.1200447376756606	-0.2290510796642327	0.2743406038300606	3.181203671238339	0.908632846519953	2.684270909685567
2.183	9.698464230000001	-5.13606835	0.31149949	0.61632741	0.99679882	0.04144922	-4.92920848	6.87999296	-1.71977275	-11.67867028	1.70706497	2.56340799	0	15.27433936	-12.86261353	-5.42725054	-70.20257789999999	-5.02851491	8.96419594	0	-19.98813868	7.20470359	0.07225064	0.04889579296868174	0.09770057565113111	0.1091058231257489	0.1570201007130059	0.1485844767224742	0.1491440660345058	0.9999498873973329	0.0782750416977378	0.5613118920956435	-0.05377906577859015	0.1273543603599274	0.3522700539427737	0.314126848995115	0.2966179313175696	0.2819340586029595	0.287244618623165	0.1527409440325351	0.2359257564252688	0.21015957929106	0.1941322086929995	0.1961907883242553	0.2891276389752296	0.2230237672037405	0.2175849260808935	0.2551982908840305	0.2109393810300473	0.1822241667609745	0.3111473208844643	2.441831293848428	2.29322063795482	1.906122882725624	0.01079074499804117	0.01078825486327792	0.01078668439320205	0.2293247672622007	0.2121097327984987	0.2131148364589601	0.185476124316603	0.2054703887214462	0.2067058838015376	0.2027227325667893	0.1911242340214285	0.2030328751525061	0.2530496567722285	0.8209424363257014	1.278172414178803	0.5385831890691399	0.6479331708810214	0.7773234217240823	0.14518491903541	-0.3225299739523333	-0.5756333570493828	0.2791436769787783	0.7025185732824983	0.4925607545205342	0.1454439985530396	0.5290946249215853	0.5024135662104836	0.3697861375078499	0.7167024633712646	0.5849165466566246	0.5079606486473169	0.5007533929598882	0.4796817606838761	0.4843992723568959	1.591255615050462	1.827526941265109	1.017992162597999	0.6986000743504466	0.7006740092300507	2.917989821576027	0.5897399384233619	0.6070303606677268	0.6066589769530957	0.5385108497594082	0.5865637197955795	1.959065689400866	1.295877376186419	0.643744498781782	0.6413935131097084	0.4024142408888398	0.3802038208611069	0.2938992882763003	0.4180587470257233	0.2814582330789079	0.4686801241948562	0.1185520596922109	-0.2453785135441651	0.2802513477756716	3.294785478894638	0.9396176552408966	2.77922469771784
2.2	9.968881	-5.16761604	-0.22438792	0.61527945	0.99831459	0.04314963	-7.26332108	6.9220415	-1.26522748	-10.1070225	1.87045606	2.83295192	0	16.7102445	-12.69987022	-5.69804573	-68.15850125	-4.28733452	9.110992599999999	0	-20.28354547	6.93154193	0.72097425	0.04746145171892024	0.09824975604026021	0.1101373147276841	0.1598387504294174	0.1510705004727764	0.151664573535214	1.031528971509754	0.07712239595506865	0.5778508379024592	-0.06171476571543266	0.1288337966837991	0.3629233204861082	0.3233848277189941	0.305233258850405	0.2899719149274427	0.295664696060554	0.1553647547647832	0.241900263928839	0.2149631712051259	0.1985127194626173	0.2008160624410498	0.2977262226336967	0.2279018697781694	0.2222438962565207	0.2620645701471882	0.2159172805527327	0.1860638200652451	0.3206701424713856	2.525928805361315	2.372348123954866	1.972729908954411	0.01081780286665857	0.01081522264292573	0.01081359711544147	0.235054808660321	0.217144638012762	0.2181924898230125	0.1893916550423869	0.2102576863098924	0.2115665430348836	0.2073768656327166	0.1952951444131408	0.2076941415678975	0.232908185926183	0.8320020572769593	1.312117367099411	0.5359272135529203	0.6506015659246174	0.7871655607789201	0.1312101480292469	-0.353776541566539	-0.6153138093315	0.2685187844760293	0.7093751077876327	0.4997086937769017	0.1377147781820165	0.532150499014989	0.5029203002653517	0.3655503425401943	0.7232186916050427	0.5895822427675643	0.5100066018298648	0.500788564777368	0.4789885849025737	0.4840352027462842	1.630799244622562	1.876073397528019	1.043875038018231	0.7081503347013989	0.7097642046213863	3.013932975436015	0.5937812042295487	0.6118617097753738	0.6114922850211215	0.5402890210030495	0.5902602103383359	2.026474842926742	1.331030920607554	0.6500273857374115	0.6476106821049346	0.3973055808289754	0.3749294385191533	0.2850302003415202	0.4142121447218141	0.2712760099696521	0.4670259494097984	0.1169660893347961	-0.2627264120415935	0.2865315132178829	3.41546614952946	0.9725390145069001	2.880113097502132
2.217	10.54945103	-4.98222727	-0.5332871300000001	0.61497689	0.99989602	0.04433898	-10.15135019	6.71221147	-0.93383038	-8.21391805	1.9404104	3.00445186	0	17.35503173	-12.26713989	-6.00422786	-65.1701877	-3.59877524	9.15383948	0	-20.79759501	6.4645872	1.09653186	0.04602711046915875	0.09879893642938908	0.1111688063296192	0.1626574001458287	0.1535565242230783	0.154185081035922	1.063108055622173	0.07596975021239905	0.5943897837092731	-0.06965046565227428	0.1303132330076708	0.3735765870294425	0.3326428064428733	0.3138485863832399	0.2980097712519256	0.3040847734979431	0.1579885654970312	0.2478747714324092	0.2197667631191913	0.2028932302322346	0.205441336557844	0.3063248062921635	0.2327799723525978	0.2269028664321477	0.268930849410346	0.2208951800754182	0.1899034733695157	0.3301929640583066	2.610026316874201	2.451475609954908	2.039336935183197	0.01084486073527596	0.01084219042257353	0.01084050983768087	0.2407848500584409	0.222179543227025	0.2232701431870652	0.1933071857681705	0.2150449838983386	0.2164272022682301	0.2120309986986442	0.1994660548048528	0.2123554079832886	0.212766715080134	0.8430616782282172	1.346062320020019	0.5332712380367006	0.6532699609682115	0.7970076998337579	0.1172353770230874	-0.3850231091807448	-0.6549942616136182	0.2578938919732803	0.716231642292767	0.5068566330332684	0.1299855578109943	0.5352063731083927	0.5034270343202234	0.3613145475725386	0.7297349198388208	0.5942479388785031	0.5120525550124171	0.500823736594846	0.4782954091212677	0.4836711331356742	1.67034287419466	1.924619853790929	1.069757913438463	0.7177005950523494	0.7188544000127202	3.109876129296002	0.5978224700357373	0.6166930588830244	0.6163255930891474	0.5420671922466926	0.593956700881094	2.093883996452615	1.366184465028687	0.6563102726930428	0.6538278511001625	0.3921969207691109	0.3696550561771978	0.2761611124067436	0.4103655424179067	0.261093786860398	0.4653717746247423	0.1153801189773804	-0.280074310539022	0.2928116786600947	3.536146820164277	1.005460373772903	2.981001497286422
2.233	11.04396499	-4.8130655	-0.64207705	0.61380722	1.00078487	0.04549175	-12.80813815	6.54908265	-0.81032228	-6.45752012	1.98252997	3.21017946	0	17.89716027	-11.8545157	-6.28540315	-61.47975136	-3.11814891	8.8806593	0	-21.32571947	6.04139851	1.27480279	0.04467714223408947	0.09931581208974571	0.11213962195497	0.1653102469377454	0.1558963112821858	0.1565573233895297	1.092829546551509	0.07488490716047513	0.6099558503509814	-0.07711935971047845	0.1317056436654325	0.3836031908349338	0.3413561981829945	0.3219571299435553	0.3055748124984976	0.3120095522625443	0.1604580344214996	0.2534978373181223	0.2242877908030179	0.2070160638977567	0.2097945357265918	0.3144175909118971	0.2373711277167661	0.2312877795386206	0.2753932298933177	0.2255802619791223	0.1935172647147114	0.3391556196695265	2.689176915945152	2.525948537954949	2.102025901045584	0.01087032696456294	0.01086757186224208	0.01086583945861211	0.2461778301978479	0.2269182775463316	0.2280491110591145	0.1969923911571434	0.2195506757462879	0.2210019403702026	0.2164113592312815	0.2033916175264641	0.216742482256598	0.1938100366367959	0.8534707332411653	1.378010511004121	0.5307714963743777	0.6557813915974773	0.8062708895324278	0.1040826513702324	-0.4144316434058801	-0.6923405696438447	0.2478939931471622	0.7226848512387765	0.5135841052745551	0.1227109974617964	0.5380824899021839	0.5039039604895112	0.357327917014743	0.7358678405294352	0.5986391822770347	0.5139781580077578	0.5008568394818855	0.4776430083859236	0.4833284793845092	1.707560407909574	1.97031063615602	1.09411826677515	0.7266890753826587	0.7274098780280926	3.200175568223048	0.601626014323914	0.6212402109843413	0.6208745889178804	0.5437407651818837	0.5974357508036903	2.157327905653437	1.399270153895638	0.6622235780630472	0.6596793042721387	0.3873887701245344	0.3646909316200642	0.2678137355269534	0.4067452108377569	0.2515105180516866	0.4638149042388058	0.1138874409939308	-0.2964017444189544	0.2987224226057057	3.649728627820576	1.036445182493846	3.075955285318695
2.25	11.16045384	-4.68170487	-0.76636976	0.61254021	1.00057352	0.0464051	-14.83763279	6.39191762	-0.75455745	-5.10818923	2.21483091	3.59307629	0	18.48689331	-11.44988442	-6.62848655	-57.07845378	-2.72114269	8.3334972	0	-21.42110326	5.70220211	1.46564877	0.04324280098432798	0.09986499247887459	0.1131711135569049	0.1681288966541572	0.1583823350324878	0.1590778308902376	1.12440863066393	0.0737322614178062	0.6264947961577958	-0.08505505964732052	0.1331850799893042	0.3942564573782681	0.3506141769068736	0.3305724574763904	0.3136126688229808	0.3204296296999334	0.1630818451537477	0.2594723448216925	0.2290913827170833	0.211396574667374	0.214419809843386	0.3230161745703639	0.2422492302911947	0.2359467497142478	0.2822595091564755	0.2305581615018075	0.1973569180189818	0.3486784412564476	2.773274427458038	2.605076023954991	2.168632927274371	0.01089738483318034	0.01089453964188991	0.01089275218085153	0.2519078715959679	0.2319531827605947	0.2331267644231667	0.2009079218829271	0.2243379733347339	0.225862599603549	0.2210654922972088	0.2075625279181765	0.2214037486719891	0.1736685657907469	0.8645303541924232	1.41195546392473	0.528115520858158	0.6584497866410732	0.8161130285872655	0.09010788036407291	-0.4456782110200841	-0.7320210219259611	0.237269100644415	0.7295413857439108	0.5207320445309218	0.1149817770907751	0.5411383639955876	0.5044106945443829	0.3530921220470873	0.7423840687632151	0.6033048783879735	0.5160241111903066	0.5008920112993653	0.4769498326046211	0.4829644097738992	1.747104037481671	2.01885709241893	1.120001142195382	0.7362393357336092	0.7365000734194265	3.296118722083035	0.6056672801301008	0.6260715600919919	0.6257078969859062	0.5455189364255251	0.6011322413464466	2.224737059179311	1.434423698316771	0.6685064650186785	0.6658964732673649	0.3822801100646718	0.3594165492781123	0.2589446475921768	0.4028986085338495	0.2413282949424325	0.462160729453748	0.1123014706365155	-0.313749642916382	0.3050025880479166	3.770409298455395	1.069366541759849	3.176843685102985
2.267	11.19105579	-4.56474165	-1.01738759	0.61070237	0.99974027	0.04710517	-16.57482295	6.20531522	-0.49181052	-4.09620952	2.61910204	3.76591575	0	18.90029726	-11.1429937	-7.35168775	-52.12038222	-2.73369294	7.48895542	0	-21.5071622	5.36175737	1.67543692	0.04180845973456648	0.1004141728680039	0.1142026051588401	0.1709475463705685	0.1608683587827899	0.1615983383909456	1.155987714776349	0.07257961567513682	0.6430337419646106	-0.09299075958416259	0.1346645163131759	0.4049097239216026	0.3598721556307523	0.3391877850092253	0.3216505251474635	0.3288497071373222	0.1657056558859957	0.2654468523252627	0.2338949746311489	0.2157770854369916	0.2190450839601803	0.3316147582288309	0.2471273328656229	0.2406057198898748	0.289125788419633	0.235536061024493	0.2011965713232522	0.3582012628433686	2.857371938970922	2.684203509955034	2.235239953503156	0.01092444270179774	0.01092150742153769	0.01091966490309096	0.2576379129940878	0.2369880879748578	0.2382044177872191	0.2048234526087109	0.2291252709231804	0.230723258836895	0.2257196253631359	0.2117334383098886	0.2260650150873804	0.1535270949447032	0.8755899751436793	1.445900416845339	0.5254595453419384	0.6611181816846674	0.8259551676421015	0.07613310935791162	-0.4769247786342898	-0.7717014742080774	0.226644208141666	0.7363979202490452	0.5278799837872885	0.107252556719752	0.5441942380889913	0.504917428599251	0.3488563270794298	0.7489002969969913	0.6079705744989123	0.5180700643728589	0.5009271831168451	0.4762566568233151	0.4826003401632892	1.786647667053769	2.067403548681842	1.145884017615614	0.7457895960845633	0.7455902688107603	3.392061875943022	0.6097085459362894	0.630902909199639	0.6305412050539321	0.5472971076691682	0.6048287318892047	2.292146212705184	1.469577242737906	0.674789351974308	0.6721136422625928	0.3771714500048073	0.3541421669361569	0.2500755596574002	0.3990520062299403	0.2311460718331766	0.4605065546686902	0.1107155002791003	-0.3310975414138104	0.3112827534901283	3.891089969090213	1.102287901025852	3.277732084887275
2.283	10.81736616	-4.69500959	-1.26523667	0.60830479	0.99792068	0.04826203	-17.65104745	6.33230169	-0.01746482	-3.47396151	3.07008267	3.52676182	0	19.47548045	-11.13012679	-8.15916945	-46.61900981	-2.88403023	6.5716167	0	-21.22321902	5.25076587	1.61781343	0.04045849149949698	0.1009310485283605	0.1151734207841908	0.1736003931624852	0.1632081458418975	0.1639705807445533	1.185709205705686	0.07149477262321291	0.6585998086063181	-0.1004596536423668	0.1360569269709375	0.4149363277270937	0.3685855473708735	0.347296328569541	0.3292155663940357	0.3367744859019235	0.1681751248104646	0.2710699182109757	0.2384160023149755	0.2198999191025139	0.2233982831289278	0.3397075428485643	0.2517184882297911	0.2449906329963474	0.295588168902605	0.2402211429281971	0.2048103626684479	0.3671639184545883	2.936522538041873	2.758676437955073	2.297928919365543	0.01094990893108469	0.01094688886120623	0.0109449945240222	0.2630308931334948	0.2417268222941642	0.2429833856592687	0.2085086579976836	0.2336309627711295	0.235297996938868	0.2300999858957735	0.2156590010314998	0.2304520893606896	0.1345704165013615	0.8859990301566256	1.477848607829439	0.5229598036796137	0.6636296123139331	0.8352183573407714	0.06298038370505488	-0.5063333128594234	-0.8090477822383058	0.2166443093155497	0.7428511291950546	0.5346074560285752	0.09997799637055493	0.5470703548827824	0.5053943547685407	0.344869696521636	0.7550332176876058	0.6123618178974439	0.5199956673681996	0.5009602860038829	0.475604256087971	0.482257686412126	1.823865200768685	2.113094331046932	1.170244370952301	0.754778076414869	0.7541457468261346	3.482361314870069	0.6135120902244662	0.6354500613009559	0.6350902008826633	0.5489706806043593	0.6083077818117992	2.355590121906006	1.502662931604855	0.6807026573443125	0.6779650954345691	0.3723632993602308	0.3491780423790232	0.2417281827776101	0.3954316746497923	0.221562803024467	0.4589496842827554	0.1092228222956506	-0.3474249752937428	0.3171934974357393	4.004671776746512	1.133272709746795	3.372685872919548
2.3	10.57007792	-4.71842172	-1.18892013	0.60655897	0.99590232	0.04866199	-18.93927479	6.4037266	-0.06128097	-2.7490905	3.42098786	3.44942196	0	19.62816203	-10.80266727	-8.753797929999999	-40.6239309	-3.18063672	5.81468535	0	-21.05555009	5.11644867	1.5404379	0.03902415024973549	0.1014802289174894	0.116204912386126	0.1764190428788965	0.1656941695921994	0.1664910882452615	1.217288289818105	0.07034212688054398	0.6751387544131329	-0.1083953535792088	0.1375363632948092	0.425589594270428	0.3778435260947526	0.3559116561023759	0.3372534227185187	0.3451945633393125	0.1707989355427124	0.2770444257145457	0.2432195942290414	0.2242804298721313	0.2280235572457223	0.3483061265070313	0.2565965908042198	0.2496496031719744	0.3024544481657625	0.2451990424508823	0.2086500159727185	0.3766867400415095	3.020620049554759	2.837803923955116	2.364535945594329	0.01097696679970209	0.01097385664085404	0.01097190724626163	0.2687609345316149	0.2467617275084275	0.2480610390233209	0.2124241887234672	0.2384182603595759	0.240158656172214	0.2347541189617008	0.2198299114232123	0.2351133557760809	0.114428945655316	0.8970586511078835	1.511793560750048	0.520303828163394	0.6662980073575273	0.8450604963956092	0.04900561269889536	-0.5375798804736309	-0.8487282345204221	0.2060194168128024	0.7497076637001889	0.5417553952849428	0.09224877599953185	0.5501262289761861	0.5059010888234106	0.3406339015539803	0.7615494459213838	0.6170275140083827	0.5220416205507483	0.5009954578213645	0.4749110803066667	0.4818936168015142	1.863408830340783	2.161640787309842	1.196127246372532	0.7643283367658213	0.7632359422174684	3.578304468730056	0.617553356030653	0.6402814104086065	0.6399235089506909	0.5507488518480006	0.6120042723545573	2.422999275431879	1.53781647602599	0.686985544299942	0.684182264429797	0.3672546393003682	0.3439036600370695	0.2328590948428335	0.3915850723458831	0.2113805799152111	0.4572955094976976	0.1076368519382358	-0.3647728737911704	0.3234736628779507	4.12535244738133	1.166194069012798	3.473574272703838
2.317	9.729387490000001	-4.96497612	-1.81479599	0.60429585	0.99275234	0.04965828	-19.61494953	6.46581044	1.19993025	-1.93773788	3.71282487	3.00734973	0	20.03214938	-10.88337608	-10.02017177	-34.33661641	-3.45193337	5.47589808	0	-20.27976695	5.04874321	2.34209071	0.03758980899997377	0.1020294093066183	0.1172364039880613	0.1792376925953081	0.1681801933425016	0.1690115957459697	1.248867373930527	0.06918948113787415	0.6916777002199477	-0.1163310535160504	0.1390157996186809	0.4362428608137627	0.3871015048186317	0.3645269836352112	0.3452912790430018	0.3536146407767018	0.1734227462749607	0.2830189332181161	0.2480231861431068	0.2286609406417488	0.2326488313625168	0.3569047101654983	0.2614746933786485	0.2543085733476018	0.3093207274289203	0.250176941973568	0.2124896692769889	0.3862095616284309	3.104717561067647	2.916931409955161	2.431142971823117	0.01100402466831948	0.01100082442050185	0.01099881996850105	0.2744909759297349	0.2517966327226906	0.2531386923873735	0.2163397194492509	0.2432055579480221	0.2450193154055604	0.2394082520276282	0.2240008218149245	0.2397746221914721	0.09428747480926702	0.9081182720591414	1.545738513670658	0.5176478526471762	0.6689664024011215	0.8549026354504488	0.03503084169273585	-0.5688264480878367	-0.8884086868025403	0.1953945243100534	0.7565641982053233	0.5489033345413095	0.08451955562850877	0.5531821030695916	0.5064078228782805	0.3363981065863246	0.7680656741551619	0.6216932101193215	0.5240875737332988	0.5010306296388425	0.4742179045253625	0.4815295471909042	1.90295245991288	2.210187243572754	1.222010121792765	0.7738785971167736	0.7723261376088004	3.674247622590044	0.6215946218368416	0.6451127595162536	0.6447568170187186	0.5525270230916437	0.6157007628973155	2.490408428957755	1.572970020447124	0.6932684312555732	0.6903994334250232	0.3621459792405037	0.3386292776951141	0.2239900069080552	0.3877384700419739	0.2011983568059552	0.4556413347126416	0.1060508815808201	-0.3821207722885989	0.3297538283201624	4.24603311801615	1.199115428278801	3.574462672488131
2.333	9.068789410000001	-5.21583716	-1.68579654	0.60243424	0.98930838	0.04974273	-20.30603467	6.75902371	1.2636061	-1.5708384	4.22619156	3.05505101	0	20.25814426	-10.6893593	-10.5743099	-27.98384757	-3.59423066	6.08551864	0	-19.65053798	5.21471266	2.17068551	0.0362398407649045	0.1025462849669752	0.1182072196134119	0.1818905393872248	0.1705199804016093	0.1713838380995771	1.278588864859863	0.06810463808595024	0.707243766861656	-0.1237999475742546	0.1404082102764423	0.4462694646192538	0.3958148965587529	0.3726355271955266	0.352856320289574	0.3615394195413031	0.1758922151994293	0.2886419991038291	0.2525442138269334	0.2327837743072712	0.2370020305312643	0.3649974947852317	0.2660658487428167	0.2586934864540744	0.3157831079118922	0.2548620238772721	0.2161034606221846	0.3951722172396508	3.183868160138597	2.991404337955202	2.493831937685503	0.01102949089760646	0.01102620586017039	0.01102414958943229	0.279883956069142	0.256535367041997	0.2579176602594226	0.220024924838224	0.2477112497959715	0.2495940535075329	0.2437886125602655	0.2279263845365358	0.2441616964647813	0.07533079636592888	0.9185273270720895	1.577686704654759	0.5151481109848515	0.6714778330303872	0.8641658251491187	0.02187811603987733	-0.5982349823129702	-0.9257549948327686	0.1853946254839354	0.7630174071513327	0.5556308067825961	0.07724499527931172	0.5560582198633828	0.5068847490475701	0.3324114760285308	0.7741985948457764	0.6260844535178531	0.5260131767286396	0.501063732525882	0.4735655037900184	0.4811868934397427	1.940169993627794	2.255878025937845	1.246370475129454	0.7828670774470812	0.7808816156241729	3.76454706151709	0.6253981661250165	0.6496599116175705	0.649305812847448	0.5542005960268348	0.61917981281991	2.553852338158576	1.606055709314075	0.6991817366255759	0.6962508865970012	0.3573378285959254	0.3336651531379822	0.215642630028265	0.3841181384618242	0.1916150879972456	0.454084464326705	0.1045582035973704	-0.3984482061685313	0.3356645722657734	4.359614925672449	1.230100236999745	3.669416460520404
2.35	8.51691108	-5.18672628	-1.79402619	0.60045475	0.98601827	0.04921926	-21.07200376	6.59323726	0.76407218	-1.20780965	4.95882869	4.19380345	0	19.84722525	-10.05801829	-11.11105456	-21.10559112	-3.82104796	7.06932641	0	-19.22880901	5.06929832	2.10378768	0.034805499515143	0.1030954653561043	0.1192387112153468	0.1847091891036363	0.1730060041519113	0.1739043456002856	1.310167948972283	0.06695199234328131	0.7237827126684699	-0.1317356475110971	0.1418876466003138	0.4569227311625881	0.405072875282632	0.3812508547283615	0.3608941766140568	0.3699594969786921	0.1785160259316774	0.2946165066073996	0.257347805740999	0.2371642850768882	0.2416273046480586	0.3735960784436989	0.2709439513172449	0.2633524566297014	0.3226493871750498	0.2598399233999575	0.2199431139264552	0.4046950388265718	3.267965671651483	3.070531823955244	2.56043896391429	0.01105654876622389	0.0110531736398182	0.01105106231167172	0.285613997467262	0.2615702722562601	0.2629953136234753	0.2239404555640079	0.2524985473844175	0.2544547127408792	0.2484427456261931	0.232097294928248	0.2488229628801728	0.05518932551987987	0.9295869480233474	1.611631657575368	0.5124921354686318	0.6741462280739832	0.8740079642039547	0.007903345033717812	-0.629481549927176	-0.9654354471148849	0.1747697329811881	0.7698739416564671	0.5627787460389628	0.06951577490828775	0.5591140939567865	0.50739148310244	0.3281756810608734	0.7807148230795544	0.6307501496287919	0.5280591299111901	0.5010989043433618	0.4728723280087141	0.480822823829131	1.979713623199892	2.304424482200755	1.272253350549684	0.7924173377980317	0.7899718110155067	3.860490215377077	0.6294394319312033	0.6544912607252211	0.6541391209154757	0.5559787672704761	0.6228763033626663	2.62126149168445	1.641209253735209	0.7054646235812072	0.7024680555922274	0.3522291685360628	0.3283907707960285	0.2067735420934884	0.3802715361579168	0.1814328648879897	0.452430289541649	0.1029722332399556	-0.4157961046659597	0.3419447377079847	4.480295596307267	1.263021596265747	3.770304860304694
2.367	8.15351879	-5.3093128	-1.85818906	0.5991117	0.9828042299999999	0.04834787	-22.23891001	6.5615589	0.9936199999999999	-0.54700366	5.25697201	4.41921909	0	19.1371686	-9.544855460000001	-11.27339273	-14.54909449	-3.98997082	8.51798698	0	-18.98977886	5.03015256	1.74455945	0.03337115826538195	0.1036446457452334	0.1202702028172822	0.1875278388200474	0.1754920279022127	0.1764248531009933	1.341747033084702	0.06579934660061193	0.7403216584752847	-0.1396713474479387	0.1433670829241858	0.4675759977059228	0.4143308540065109	0.3898661822611966	0.3689320329385399	0.3783795744160809	0.1811398366639252	0.3005910141109698	0.2621513976550645	0.241544795846506	0.2462525787648528	0.3821946621021657	0.275822053891674	0.2680114268053284	0.3295156664382073	0.2648178229226428	0.2237827672307253	0.414217860413493	3.352063183164368	3.149659309955287	2.627045990143075	0.01108360663484126	0.01108014141946603	0.01107797503391114	0.2913440388653821	0.2666051774705234	0.2680729669875277	0.2278559862897913	0.2572858449728639	0.2593153719742256	0.2530968786921202	0.2362682053199601	0.2534842292955637	0.03504785467383087	0.9406465689746035	1.645576610495976	0.5098361599524139	0.6768146231175773	0.8838501032587924	-0.006071425972441702	-0.6607281175413835	-1.005115899397001	0.1641448404784391	0.7767304761616014	0.5699266852953295	0.06178655453726556	0.5621699680501901	0.5078982171573099	0.3239398860932177	0.7872310513133325	0.6354158457397308	0.5301050830937406	0.5011340761608416	0.4721791522274099	0.480458754218521	2.01925725277199	2.352970938463665	1.298136225969914	0.801967598148984	0.7990620064068423	3.956433369237065	0.6334806977373919	0.6593226098328699	0.6589724289835033	0.5577569385141192	0.6265727939054244	2.688670645210323	1.676362798156342	0.7117475105368367	0.7086852245874535	0.3471205084762001	0.3231163884540731	0.1979044541587118	0.3764249338540075	0.1712506417787356	0.450776114756593	0.1013862628825404	-0.4331440031633882	0.3482249031501961	4.600976266942085	1.29594295553175	3.871193260088983
2.383	7.92926042	-5.17805791	-1.98376946	0.5982165	0.9795421	0.0470686	-23.3627281	6.20553726	0.6223738599999999	-0.3149363	5.94748254	5.25408474	0	18.02740061	-8.68573604	-10.66559989	-8.25223634	-4.49992274	9.11915437	0	-18.77514718	4.80694155	1.37779055	0.03202119003031223	0.1041615214055898	0.1212410184426327	0.1901806856119643	0.1778318149613205	0.178797095454601	1.371468524014039	0.06471450354868802	0.7558877251169926	-0.1471402415061425	0.1447594935819474	0.4776026015114139	0.4230442457466321	0.3979747258215123	0.3764970741851119	0.3863043531806822	0.1836093055883938	0.3062140799966828	0.266672425338891	0.2456676295120281	0.2506057779336006	0.3902874467218993	0.2804132092558418	0.2723963399118015	0.3359780469211791	0.2695029048263471	0.2273965585759212	0.4231805160247126	3.43121378223532	3.224132237955327	2.689734956005462	0.01110907286412821	0.01110552285913458	0.01110330465484233	0.2967370190047889	0.27134391178983	0.272851934859577	0.2315411916787644	0.261791536820813	0.2638901100761983	0.2574772392247575	0.2401937680415718	0.2578713035688733	0.01609117623049272	0.9510556239875516	1.677524801480077	0.507336418290091	0.6793260537468431	0.8931132929574623	-0.01922415162529845	-0.6901366517665171	-1.042462207427228	0.1541449416523228	0.7831836851076108	0.5766541575366153	0.05451199418806851	0.5650460848439813	0.5083751433265995	0.3199532555354239	0.7933639720039469	0.6398070891382623	0.5320306860890813	0.5011671790478793	0.471526751492064	0.480116100467356	2.056474786486904	2.398661720828757	1.322496579306604	0.8109560784792915	0.8076174844222148	4.04673280816411	0.6372842420255669	0.6638697619341869	0.6635214248122345	0.5594305114493103	0.6300518438280207	2.752114554411145	1.709448487023291	0.7176608159068429	0.7145366777594315	0.3423123578316218	0.3181522638969412	0.1895570772789199	0.3728046022738578	0.1616673729700242	0.4492192443706564	0.09989358489908984	-0.4494714370433206	0.354135647095807	4.714558074598385	1.326927764252694	3.966147048121256
2.4	7.92114627	-5.17945079	-2.12834864	0.59802028	0.97649689	0.0460696	-24.97052208	5.95425449	0.76027163	0.382907	6.0576321	5.61512073	0	16.89132394	-8.17824296	-9.80987152	-3.37605307	-4.84381646	9.719141580000001	0	-18.77533122	4.58774159	1.59170392	0.03058684878055073	0.1047107017947191	0.1222725100445681	0.1929993353283757	0.1803178387116229	0.1813176029553092	1.403047608126459	0.06356185780601864	0.772426670923807	-0.155075941442985	0.1462389299058189	0.488255868054748	0.432302224470511	0.4065900533543469	0.3845349305095951	0.3947244306180713	0.1862331163206417	0.3121885875002528	0.2714760172529567	0.2500481402816455	0.2552310520503949	0.3988860303803661	0.2852913118302705	0.277055310087428	0.342844326184337	0.2744808043490321	0.2312362118801916	0.4327033376116336	3.515311293748205	3.303259723955369	2.756341982234248	0.01113613073274561	0.01113249063878236	0.01113021737708181	0.3024670604029089	0.2763788170040931	0.2779295882236292	0.2354567224045483	0.266578834409259	0.2687507693095443	0.2621313722906851	0.2443646784332838	0.262532569984264	-0.004050294615556282	0.9621152449388095	1.711469754400685	0.5046804427738714	0.6819944487904372	0.9029554320123001	-0.03319892263145974	-0.7213832193807228	-1.082142659709346	0.1435200491495756	0.7900402196127452	0.5838020967929838	0.04678277381704632	0.568101958937385	0.5088818773814676	0.3157174605677664	0.799880200237725	0.6444727852492012	0.5340766392716318	0.5012023508653609	0.4708335757107616	0.479752030856746	2.096018416059001	2.447208177091667	1.348379454726834	0.8205063388302438	0.8167076798135486	4.142675962024098	0.6413255078317555	0.6687011110418357	0.6683547328802604	0.5612086826929517	0.633748334370777	2.819523707937019	1.744602031444426	0.7239437028624724	0.7207538467546577	0.3372036977717592	0.3128778815549875	0.1806879893441433	0.3689579999699486	0.1514851498607701	0.4475650695855968	0.09830761454167547	-0.4668193355407491	0.3604158125380184	4.835238745233202	1.359849123518696	4.067035447905546
2.417	8.274575479999999	-4.96617199	-2.28296799	0.59862902	0.97397482	0.04491185	-26.58016536	5.47860911	-0.12286514	0.22261411	6.65863847	6.80354141	0	15.68771239	-7.65260439	-9.110717989999999	-0.31680679	-4.88257416	10.6146515	0	-19.11304817	4.16645642	1.65221287	0.02915250753078924	0.105259882183848	0.123304001646503	0.1958179850447874	0.1828038624619248	0.1838381104560174	1.434626692238879	0.06240921206334971	0.7889656167306218	-0.1630116413798275	0.1477183662296908	0.4989091345980825	0.4415602031943897	0.4152053808871821	0.392572786834078	0.4031445080554603	0.1888569270528899	0.3181630950038232	0.2762796091670223	0.254428651051263	0.2598563261671889	0.4074846140388331	0.2901694144046996	0.281714280263055	0.3497106054474945	0.2794587038717178	0.235075865184462	0.4422261591985548	3.599408805261091	3.382387209955412	2.822949008463035	0.01116318860136301	0.01115945841843019	0.01115713009932123	0.308197101801029	0.2814137222183559	0.2830072415876814	0.2393722531303313	0.2713661319977057	0.2736114285428903	0.2667855053566122	0.2485355888249958	0.2671938363996555	-0.02419176546160173	0.9731748658900674	1.745414707321293	0.5020244672576517	0.6846628438340314	0.9127975710671379	-0.04717369363761925	-0.7526297869949268	-1.121823111991462	0.1328951566468248	0.7968967541178813	0.5909500360493496	0.03905355344602413	0.5711578330307887	0.5093886114363393	0.3114816656001125	0.8063964284715031	0.64913848136014	0.5361225924541824	0.5012375226828389	0.4701403999294556	0.479387961246136	2.135562045631101	2.495754633354576	1.374262330147065	0.8300565991811961	0.8257978752048825	4.238619115884083	0.645366773637944	0.6735324601494863	0.6731880409482862	0.5629868539365948	0.6374448249135334	2.886932861462892	1.779755575865561	0.7302265898181037	0.7269710157498857	0.3320950377118965	0.3076034992130321	0.171818901409365	0.3651113976660412	0.1413029267515142	0.4459108948005408	0.09672164418426021	-0.4841672340381766	0.3666959779802301	4.955919415868021	1.392770482784698	4.167923847689837
2.433	8.46750318	-4.96102325	-2.28932804	0.59842432	0.97109143	0.044019	-27.98949614	5.2759361	-0.50402344	0.17877019	7.04774781	7.71562815	0	15.65590823	-7.53355686	-8.080230419999999	-0.07232706	-4.41247503	11.41749843	0	-19.29676262	3.88612156	1.36815787	0.02780253929571952	0.1057767578442044	0.124274817271854	0.1984708318367039	0.1851436495210326	0.1862103528096246	1.464348183168215	0.06132436901142579	0.8045316833723297	-0.1704805354380312	0.1491107768874524	0.5089357384035735	0.4502735949345111	0.4233139244474975	0.4001378280806502	0.4110692868200614	0.1913263959773586	0.323786160889536	0.2808006368508487	0.2585514847167851	0.2642095253359367	0.4155773986585665	0.2947605697688669	0.2860991933695276	0.3561729859304663	0.2841437857754214	0.2386896565296577	0.4511888148097747	3.678559404332042	3.456860137955452	2.885637974325421	0.01118865483064996	0.01118483985809871	0.01118245972025245	0.3135900819404362	0.2861524565376627	0.287786209459731	0.2430574585193046	0.2758718238456548	0.2781861666448635	0.27116586588925	0.2524611515466075	0.2715809106729647	-0.04314844390494343	0.9835839209030137	1.777362898305396	0.4995247255953252	0.6871742744632989	0.9220607607658078	-0.06032641929047422	-0.7820383212200639	-1.159169420021689	0.1228952578207085	0.8033499630638889	0.5976775082906371	0.03177899309682708	0.5740339498245799	0.5098655376056271	0.3074950350423169	0.8125293491621175	0.6535297247586715	0.5380481954495231	0.5012706255698802	0.4694879991941114	0.4790453074949728	2.172779579346013	2.541445415719668	1.398622683483755	0.8390450795115036	0.8343533532202549	4.328918554811128	0.649170317926119	0.6780796122508015	0.6777370367770192	0.5646604268717859	0.6409238748361297	2.950376770663714	1.81284126473251	0.7361398951881064	0.7328224689218619	0.3272868870673182	0.3026393746558984	0.1634715245295766	0.3614910660858914	0.1317196579428046	0.4443540244146043	0.09522896620080967	-0.500494667918109	0.3726067219258407	5.06950122352432	1.423755291505642	4.262877635722109
2.45	8.54122538	-4.93777837	-2.50176954	0.59884665	0.9687595	0.04303999	-28.81535249	4.9393143	-0.86150805	-0.76795955	7.5177079	8.616433369999999	0	16.23281524	-7.47033232	-7.37184805	-1.86205041	-3.98125314	11.87214698	0	-19.37846968	3.58056812	1.47570014	0.02636819804595847	0.1063259382333337	0.1253063088737889	0.2012894815531157	0.1876296732713345	0.1887308603103328	1.495927267280636	0.06017172326875642	0.821070629179145	-0.1784162353748728	0.1505902132113239	0.5195890049469083	0.4595315736583905	0.4319292519803328	0.4081756844051332	0.4194893642574506	0.1939502067096064	0.3297606683931065	0.2856042287649143	0.2629319954864027	0.2688347994527311	0.4241759823170335	0.299638672343296	0.290758163545155	0.3630392651936243	0.2891216852981073	0.2425293098339281	0.4607116363966961	3.762656915844929	3.535987623955497	2.952245000554209	0.01121571269926741	0.01121180763774648	0.01120937244249187	0.3193201233385561	0.2911873617519256	0.2928638628237836	0.2469729892450885	0.280659121434101	0.2830468258782095	0.2758199989551771	0.2566320619383196	0.2762421770883559	-0.06328991475098888	0.9946435418542716	1.811307851226005	0.4968687500791056	0.6898426695068913	0.9319028998206456	-0.07430119029663551	-0.8132848888342696	-1.198849872303807	0.1122703653179595	0.8102064975690233	0.6048254475470038	0.02404977272580311	0.5770898239179836	0.510372271660497	0.3032592400746612	0.8190455773958956	0.6581954208696121	0.5400941486320736	0.5013057973873583	0.468794823412809	0.478681237884361	2.212323208918113	2.589991871982582	1.424505558903986	0.8485953398624542	0.8434435486115905	4.42486170867112	0.6532115837323076	0.6829109613584521	0.6825703448450451	0.566438598115429	0.6446203653788878	3.017785924189589	1.847994809153647	0.7424227821437377	0.739039637917088	0.3221782270074538	0.2973649923139448	0.1546024365948	0.3576444637819822	0.1215374348335487	0.4426998496295482	0.09364299584339442	-0.5178425664155375	0.3788868873680524	5.19018189415914	1.456676650771646	4.363766035506402
2.467	8.653933520000001	-4.59554234	-2.81301509	0.59948054	0.96686264	0.04153453	-29.38880097	4.18500273	-1.28537905	-2.23381357	8.02986372	9.543476930000001	0	17.03181778	-6.95681604	-7.16936964	-4.86930359	-4.25708611	11.35640019	0	-19.39814723	2.92811575	1.73073561	0.02493385679619697	0.1068751186224626	0.1263378004757238	0.204108131269527	0.1901156970216364	0.191251367811041	1.527506351393056	0.05901907752608704	0.8376095749859593	-0.1863519353117145	0.1520696495351959	0.5302422714902426	0.4687895523822692	0.4405445795131679	0.4162135407296159	0.4279094416948397	0.1965740174418547	0.3357351758966769	0.2904078206789804	0.2673125062560202	0.2734600735695256	0.4327745659755002	0.3045167749177247	0.295417133720782	0.3699055444567816	0.2940995848207928	0.2463689631381989	0.4702344579836173	3.846754427357815	3.615115109955539	3.018852026782994	0.01124277056788481	0.01123877541739432	0.0112362851647313	0.3250501647366764	0.2962222669661889	0.2979415161878358	0.2508885199708719	0.2854464190225472	0.2879074851115559	0.2804741320211046	0.260802972330032	0.2809034435037474	-0.08343138559703434	1.005703162805528	1.845252804146613	0.4942127745628859	0.6925110645504873	0.9417450388754833	-0.08827596130279503	-0.8445314564484736	-1.238530324585923	0.1016454728152105	0.8170630320741576	0.6119733868033705	0.01632055235478092	0.5801456980113873	0.5108790057153669	0.2990234451070037	0.8255618056296754	0.6628611169805509	0.5421401018146224	0.5013409692048381	0.468101647631503	0.478317168273751	2.251866838490209	2.63853832824549	1.450388434324218	0.8581456002134065	0.8525337440029244	4.520804862531106	0.6572528495384944	0.6877423104661009	0.6874036529130709	0.5682167693590703	0.6483168559216441	3.085195077715462	1.883148353574779	0.7487056690993672	0.745256806912316	0.3170695669475911	0.2920906099719911	0.1457333486600216	0.3537978614780748	0.1113552117242929	0.4410456748444922	0.09205702548598005	-0.5351904649129651	0.3851670528102638	5.310862564793958	1.489598010037648	4.464654435290692
2.483	8.277991760000001	-4.52673047	-2.8463573	0.60098957	0.96488574	0.03951596	-29.41693008	3.83031402	-1.41176721	-3.69677962	7.95234735	9.92542497	0	18.49455679	-6.62629786	-6.83380605	-8.503187560000001	-5.06816623	10.33987565	0	-18.98212898	2.70549642	1.4450646	0.02358388856112725	0.107391994282819	0.1273086161010748	0.2067609780614439	0.1924554840807442	0.1936236101646487	1.557227842322392	0.05793423447416313	0.8531756416276672	-0.1938208293699191	0.1534620601929575	0.5402688752957336	0.4775029441223904	0.4486531230734829	0.4237785819761881	0.435834220459441	0.1990434863663233	0.3413582417823897	0.2949288483628068	0.2714353399215423	0.2778132727382729	0.4408673505952341	0.3091079302818929	0.2998020468272546	0.3763679249397538	0.2987846667244964	0.2499827544833946	0.4791971135948367	3.925905026428765	3.68958803795558	3.081540992645381	0.01126823679717176	0.01126415685706289	0.01126161478566257	0.330443144876083	0.3009610012854953	0.3027204840598854	0.2545737253598448	0.2899521108704968	0.2924822232135282	0.284854492553742	0.2647285350516433	0.2852905177770566	-0.102388064040376	1.016112217818478	1.877200995130714	0.491713032900563	0.695022495179753	0.9510082285741532	-0.1014286869556518	-0.8739399906736089	-1.275876632616152	0.09164557398909423	0.8235162410201671	0.6187008590446563	0.009045992005583869	0.5830218148051802	0.5113559318846566	0.2950368145492099	0.8316947263202863	0.6672523603790808	0.5440657048099631	0.5013740720918776	0.4674492468961589	0.4779745145225878	2.289084372205126	2.684229110610582	1.474748787660907	0.867134080543714	0.8610892220182969	4.611104301458152	0.6610563938266711	0.6922894625674179	0.6919526487418022	0.5698903422942614	0.6517959058442386	3.148638986916285	1.916234042441729	0.7546189744693734	0.751108260084294	0.3122614163030146	0.2871264854148574	0.1373859717802315	0.3501775298979251	0.1017719429155832	0.4394888044585556	0.09056434750252951	-0.5515178987928975	0.3910777967558747	5.424444372450258	1.520582818758592	4.559608223322964
2.5	8.106489290000001	-4.36243468	-3.20241529	0.6027150999999999	0.96375606	0.03774991	-29.34247787	3.14788143	-1.59252531	-5.7177699	7.69892696	10.77448338	0	19.49368027	-6.35268812	-7.37988115	-12.04443634	-6.13807622	9.51009174	0	-18.62125377	2.23408539	1.63007047	0.02214954731136576	0.1079411746719483	0.1283401077030097	0.2095796277778552	0.1949415078310461	0.1961441176653569	1.588806926434812	0.05678158873149375	0.8697145874344816	-0.2017565293067616	0.1549414965168285	0.5509221418390682	0.4867609228462693	0.4572684506063183	0.4318164383006711	0.4442542978968298	0.2016672970985711	0.3473327492859597	0.299732440276872	0.2758158506911599	0.2824385468550674	0.4494659342537008	0.3139860328563215	0.3044610170028816	0.3832342042029113	0.3037625662471823	0.253822407787665	0.4887199351817577	4.01000253794165	3.768715523955622	3.148148018874167	0.0112952946657891	0.01129112463671067	0.01128852750790194	0.3361731862742032	0.3059959064997586	0.3077981374239376	0.2584892560856287	0.2947394084589425	0.2973428824468751	0.2895086256196695	0.2688994454433558	0.2899517841924477	-0.1225295348864215	1.027171838769734	1.911145948051322	0.4890570573843469	0.697690890223349	0.9608503676289892	-0.1154034579618131	-0.9051865582878147	-1.315557084898268	0.081020681486347	0.8303727755253014	0.6258487983010248	0.001316771634561675	0.5860776888985839	0.5118626659395265	0.290801019581556	0.8382109545540644	0.6719180564900213	0.5461116579925136	0.5014092439093574	0.4667560711148546	0.4776104449119778	2.328628001777224	2.732775566873491	1.500631663081139	0.8766843408946663	0.8701794174096307	4.70704745531814	0.6650976596328597	0.6971208116750667	0.6967859568098298	0.5716685135379045	0.6554923963869985	3.216048140442158	1.951387586862863	0.7609018614250029	0.7573254290795184	0.3071527562431484	0.2818521030729038	0.1285168838454531	0.3463309275940158	0.09158971980632913	0.4378346296734996	0.08897837714511425	-0.5688657972903259	0.3973579621980861	5.545125043085076	1.553504178024594	4.660496623107254
