Coordinates

Units are S.I. units (second, meters, Newtons, ...)
If the header above contains a line with 'inDegrees', this indicates whether rotational values are in degrees (yes) or radians (no).

inDegrees=yes
nColumns=24
nRows=151
DataType=double
version=3
OpenSimVersion=4.5
endheader
time	pelvis_tilt	pelvis_list	pelvis_rotation	pelvis_tx	pelvis_ty	pelvis_tz	hip_flexion_r	hip_adduction_r	hip_rotation_r	knee_angle_r	ankle_angle_r	subtalar_angle_r	mtp_angle_r	hip_flexion_l	hip_adduction_l	hip_rotation_l	knee_angle_l	ankle_angle_l	subtalar_angle_l	mtp_angle_l	lumbar_extension	lumbar_bending	lumbar_rotation	/forceset/glut_med1_r/activation	/forceset/glut_med2_r/activation	/forceset/glut_med3_r/activation	/forceset/glut_min1_r/activation	/forceset/glut_min2_r/activation	/forceset/glut_min3_r/activation	/forceset/semimem_r/activation	/forceset/semiten_r/activation	/forceset/bifemlh_r/activation	/forceset/bifemsh_r/activation	/forceset/sar_r/activation	/forceset/add_long_r/activation	/forceset/add_brev_r/activation	/forceset/add_mag1_r/activation	/forceset/add_mag2_r/activation	/forceset/add_mag3_r/activation	/forceset/tfl_r/activation	/forceset/pect_r/activation	/forceset/grac_r/activation	/forceset/glut_max1_r/activation	/forceset/glut_max2_r/activation	/forceset/glut_max3_r/activation	/forceset/iliacus_r/activation	/forceset/psoas_r/activation	/forceset/quad_fem_r/activation	/forceset/gem_r/activation	/forceset/peri_r/activation	/forceset/rect_fem_r/activation	/forceset/vas_med_r/activation	/forceset/vas_int_r/activation	/forceset/vas_lat_r/activation	/forceset/med_gas_r/activation	/forceset/lat_gas_r/activation	/forceset/soleus_r/activation	/forceset/tib_post_r/activation	/forceset/flex_dig_r/activation	/forceset/flex_hal_r/activation	/forceset/tib_ant_r/activation	/forceset/per_brev_r/activation	/forceset/per_long_r/activation	/forceset/per_tert_r/activation	/forceset/ext_dig_r/activation	/forceset/ext_hal_r/activation	/forceset/glut_med1_l/activation	/forceset/glut_med2_l/activation	/forceset/glut_med3_l/activation	/forceset/glut_min1_l/activation	/forceset/glut_min2_l/activation	/forceset/glut_min3_l/activation	/forceset/semimem_l/activation	/forceset/semiten_l/activation	/forceset/bifemlh_l/activation	/forceset/bifemsh_l/activation	/forceset/sar_l/activation	/forceset/add_long_l/activation	/forceset/add_brev_l/activation	/forceset/add_mag1_l/activation	/forceset/add_mag2_l/activation	/forceset/add_mag3_l/activation	/forceset/tfl_l/activation	/forceset/pect_l/activation	/forceset/grac_l/activation	/forceset/glut_max1_l/activation	/forceset/glut_max2_l/activation	/forceset/glut_max3_l/activation	/forceset/iliacus_l/activation	/forceset/psoas_l/activation	/forceset/quad_fem_l/activation	/forceset/gem_l/activation	/forceset/peri_l/activation	/forceset/rect_fem_l/activation	/forceset/vas_med_l/activation	/forceset/vas_int_l/activation	/forceset/vas_lat_l/activation	/forceset/med_gas_l/activation	/forceset/lat_gas_l/activation	/forceset/soleus_l/activation	/forceset/tib_post_l/activation	/forceset/flex_dig_l/activation	/forceset/flex_hal_l/activation	/forceset/tib_ant_l/activation	/forceset/per_brev_l/activation	/forceset/per_long_l/activation	/forceset/per_tert_l/activation	/forceset/ext_dig_l/activation	/forceset/ext_hal_l/activation	/forceset/ercspn_r/activation	/forceset/ercspn_l/activation	/forceset/intobl_r/activation	/forceset/intobl_l/activation	/forceset/extobl_r/activation	/forceset/extobl_l/activation
0	9.76611466	-6.17820038	-3.36938084	0.61401261	0.97438937	0.03755202	-28.592428	4.17831761	0.46883528	-6.29676912	6.26085996	10.1721523	0	16.5908837	-9.17081179	-9.494902099999999	-8.238113029999999	-3.3742557	11.37994685	0	-26.91578396	4.93407824	2.87777182	0.3202060944884758	0.3293790854489396	0.343326548560288	0.3041208180062432	0.3132636181149985	0.3178184570425906	0.406111944336544	0.4268744207717147	0.4051882355186719	0.7406136525471823	0.364834003367323	0.2033011572248619	0.2056597593253042	0.2062704731623111	0.2086878506022319	0.1788627504831251	0.3380727607493915	0.2701821154595215	0.3030326528022078	0.2830321541476106	0.2603709601334864	0.1735775790815896	0.3595604615430483	0.3657489793606823	0.2640262522137821	0.2927558244561892	0.3033300364197308	0.1697331161163964	1.130113956890292	1.079231479707492	0.4812761018570354	0.01020597515493363	0.01020590403077828	0.01020566117296792	0.237379823265063	0.2746745906153284	0.2732074524506033	0.3295411013879291	0.2856812512585747	0.2815172151107688	0.2932675898442115	0.3162230815685668	0.2932655087036828	0.7799174430065108	0.3559570963790364	0.6314100458186545	0.2191052496410926	0.1075281342254755	0.4332578753529415	0.8173297222367264	1.13677628110062	1.546107497536015	-0.01437998743351265	0.3082523742750833	0.7607274810117841	0.8958970402315036	1.427811730417628	0.8962487430598527	1.104422561357667	0.2237975201180316	1.214965054379149	1.286895834540418	0.7395052865396599	0.7691026252404285	0.8156040773153821	-0.7148559185441137	-0.9525282875020489	0.2793894975878541	0.8574108061948493	0.4647735862424698	1.416698807387189	0.958502370895415	1.005225805015601	1.002495640091203	-1.095216787436708	-0.1765287338875501	0.7846999744634844	0.2047506178071536	0.6038184677473355	0.625490377767087	0.4876232511108007	1.028353887996838	1.311743305308679	0.7874491564119417	0.8110606460239094	0.6915925253074864	-2.922381579785922	-0.5022225984887212	0.3377178889811667	1.469400500937644	0.554087601127223	0.8553270426751117
0.017	9.662109879999999	-5.85882554	-3.47149822	0.61513763	0.97279204	0.03516331	-28.68326708	3.40436505	-0.2802151	-8.10637887	6.40824733	11.5832183	0	17.1003197	-8.573566980000001	-8.60190201	-10.37138862	-4.78836766	10.25889597	0	-26.6962176	4.35966763	2.72443072	0.3090080573475994	0.3177927956673399	0.3311959204719265	0.2934649003038035	0.3022658518938437	0.3066442708120497	0.3915189048595855	0.4115597940327401	0.3905992375457445	0.7135219435653295	0.3519212232306639	0.1963516946959391	0.1986164958736564	0.1991986367140079	0.2015295780832217	0.1727990523835046	0.3261507199347649	0.2607615226464489	0.2923944753949602	0.2731370984184996	0.2513034610897081	0.1676888985608314	0.3468504988631452	0.3528079114982547	0.2547967966869409	0.2824923446110653	0.2926820620376643	0.1639339020058318	1.089198227057262	1.039669160292051	0.4641335002804153	0.01019815246508152	0.01019808411249298	0.01019785061132794	0.2291191502696365	0.2650771311645784	0.2636623865886444	0.3180032571954392	0.275686073519595	0.2716679515557097	0.2830046927896207	0.3051440895016394	0.2830055548590372	0.7866464488217417	0.3653027161186948	0.6114627840289639	0.2442519568998982	0.1331376476975041	0.4372968228801284	0.805881226544706	1.1096916129521	1.498654102578659	0.01067058507005214	0.3176693451660082	0.7330576088309981	0.8638291953449828	1.381773829267425	0.8777052523192159	1.076535501269133	0.2413736858915119	1.178353422184693	1.246007324604989	0.7291205282538735	0.757318745755529	0.8011621849637454	-0.6640953524110946	-0.8937225218506777	0.2708496031227547	0.8333018502500766	0.4592222320749073	1.371039764238115	0.9376789952737461	0.9821505475599759	0.9795014743385613	-1.032983788181311	-0.1501066248579646	0.7592399867331987	0.216719086981052	0.599553916691816	0.6200173209351796	0.4938415015733106	1.00417304981336	1.273586950009192	0.7756803274917292	0.7999711609681484	0.684450542444675	-2.797060624313839	-0.4784857334237014	0.3260940539792022	1.413102533196704	0.533105444537439	0.822661804196021
0.033	9.35717973	-5.7516276	-3.47577534	0.61656891	0.97118246	0.03280264	-28.50254775	2.90916791	-0.6259335700000001	-9.941758289999999	6.02140852	12.59688435	0	17.89063659	-8.247116249999999	-8.38416529	-12.9187101	-5.95601919	9.644435140000001	0	-26.23186091	4.0562371	2.61337244	0.2984687282738331	0.3068880523434812	0.3197788587417035	0.2834358012897422	0.2919150130974627	0.2961273896538934	0.3777842794695067	0.3971460276901759	0.3768684159241655	0.6880238645235858	0.3397680183961611	0.1898110240804823	0.1919875420368113	0.1925427906450166	0.1947923804182707	0.1670920424073912	0.3149299756386454	0.2518950823517923	0.2823820731293153	0.2638241047911007	0.2427693443426225	0.1621466110118823	0.3348881810467657	0.3406280829218522	0.2461102503087372	0.2728325988744781	0.2826604390898371	0.1584758181370651	1.050689304861468	1.002434036136342	0.4479992870318318	0.01019078993345601	0.01019072418940087	0.01019049949449025	0.2213443992151173	0.2560442281521076	0.2546787951891534	0.3071441097201544	0.2662788474123199	0.2623980564450655	0.2733454955617702	0.2947168028504132	0.2733491277111355	0.7929796307654851	0.3740985935207224	0.5926888905798429	0.2679194460846528	0.1572407192005887	0.4410981852586584	0.7951061717757435	1.084200160577018	1.453992083795264	0.03424759448517101	0.3265323765927581	0.7070153761902578	0.8336476942753162	1.338444039949587	0.860252555151555	1.050288856479924	0.2579159595606679	1.14389541541344	1.207524021136349	0.7193466381025431	0.7462280356520914	0.7875698156916142	-0.6163207019329624	-0.8383759188846831	0.2628120553908964	0.8106110681844076	0.4539974281524941	1.328066547156631	0.9180805241004091	0.9604326581899763	0.9578599065713682	-0.9744115535879994	-0.125238757536005	0.7352776453399885	0.2279835285564848	0.5955402215807384	0.6148662086227965	0.4996939725968463	0.9814146138759678	1.23767508619791	0.7646037826256444	0.7895339985627263	0.6777286762208492	-2.67911148975188	-0.4561451545389771	0.3151539739773531	1.360116210616996	0.5133575324529362	0.7919180503333472
0.05	8.945065509999999	-5.65244841	-3.72396423	0.61795491	0.96993978	0.03052388	-27.82496818	2.35374193	-0.61560631	-12.42034003	5.42413996	13.11664753	0	18.73563939	-8.073621559999999	-8.332522490000001	-15.52947096	-6.96615139	9.02175924	0	-25.70279882	3.63758979	2.40132575	0.2872706911329567	0.2953017625618813	0.3076482306533419	0.2727798835873025	0.2809172468763079	0.2849532034233525	0.363191239992548	0.3818314009512014	0.3622794179512379	0.6609321555417329	0.3268552382595019	0.1828615615515596	0.1849442785851634	0.1854709541967133	0.1876341078992605	0.1610283443077707	0.3030079348240187	0.2424744895387195	0.2717438957220678	0.2539290490619897	0.2337018452988442	0.156257930491124	0.3221782183668626	0.3276870150594247	0.236880794781896	0.2625691190293543	0.2720124647077707	0.1526766040265005	1.009773575028439	0.9628717167209004	0.4308566854552119	0.01018296724360387	0.01018290427111554	0.01018268893285021	0.2130837262196909	0.2464467687013576	0.2451337293271943	0.2956062655276644	0.2562836696733399	0.2525487928900063	0.2630825985071794	0.2836378107834856	0.26308917386649	0.7997086365807142	0.383444213260379	0.5727416287901521	0.2930661533434584	0.1828502326726156	0.4451371327858462	0.7836576760837222	1.057115492428496	1.406538688837908	0.0592981669887358	0.3359493474836803	0.6793455040094716	0.8015798493887953	1.292406138799384	0.8417090644109173	1.022401796391389	0.2754921253341447	1.107283783218984	1.166635511200921	0.7089618798167541	0.7344441561671911	0.7731279233399766	-0.565560135799946	-0.7795701532333128	0.254272160925797	0.7865021122396345	0.4484460739849299	1.282407504007556	0.8972571484787393	0.937357400734351	0.9348657408187258	-0.9121785543326046	-0.09881664850642213	0.7098176576097028	0.2399519977303832	0.591275670525218	0.6093931517908882	0.5059122230593545	0.9572337756924894	1.199518730898422	0.752834953705432	0.7784445135069671	0.6705866933580369	-2.553790534279797	-0.4324082894739575	0.3035301389753884	1.303818242876056	0.4923753758631523	0.7592528118542564
0.067	8.97541024	-5.40217722	-3.69533766	0.62051972	0.96958009	0.02780695	-27.50060227	1.69900578	-0.97411711	-15.10268266	4.21569244	13.71650828	0	19.02731483	-7.70838127	-7.92183283	-18.23506632	-7.25780817	8.59027056	0	-25.45316844	3.16140748	2.11278325	0.2760726539920801	0.2837154727802815	0.2955176025649802	0.2621239658848626	0.2699194806551531	0.2737790171928115	0.3485982005155892	0.3665167742122269	0.3476904199783103	0.6338404465598803	0.3139424581228428	0.1759120990226368	0.1779010151335155	0.1783991177484102	0.1804758353802502	0.1549646462081503	0.2910858940093919	0.2330538967256467	0.2611057183148201	0.2440339933328785	0.224634346255066	0.1503692499703657	0.3094682556869592	0.3147459471969971	0.2276513392550547	0.2523056391842303	0.2613644903257042	0.1468773899159358	0.9688578451954082	0.9233093973054594	0.4137140838785919	0.01017514455375176	0.01017508435283018	0.0101748783712102	0.2048230532242643	0.2368493092506074	0.2355886634652353	0.2840684213351744	0.2462884919343601	0.242699529334947	0.2528197014525885	0.272558818716558	0.2528292200218443	0.8064376423959452	0.3927898330000348	0.5527943670004616	0.3182128606022641	0.2084597461446442	0.449176080313034	0.7722091803917017	1.030030824279974	1.35908529388055	0.08434873949230237	0.3453663183746016	0.6516756318286852	0.7695120045022745	1.246368237649181	0.8231655736702796	0.9945147363028548	0.293068291107625	1.070672151024528	1.125747001265492	0.6985771215309668	0.7226602766822898	0.758686030988339	-0.5147995696669287	-0.7207643875819416	0.2457322664606975	0.7623931562948623	0.4428947198173665	1.23674846085848	0.8764337728570695	0.9142821432787258	0.9118715750660842	-0.849945555077209	-0.07239453947683838	0.6843576698794167	0.2519204669042807	0.5870111194696985	0.6039200949589807	0.5121304735218644	0.9330529375090109	1.161362375598935	0.7410661247852186	0.7673550284512061	0.6634447104952237	-2.428469578807714	-0.408671424408938	0.2919063039734238	1.247520275135116	0.4713932192733682	0.7265875733751658
0.083	8.72599722	-5.00255596	-3.57430287	0.62254135	0.96996521	0.0249455	-26.28146005	0.99781169	-1.3371033	-18.63977621	2.73757695	13.95837832	0	19.12440271	-7.03220565	-6.92979676	-20.00849491	-7.64880839	7.41370172	0	-25.01849847	2.55678162	1.92406522	0.2655333249183141	0.2728107294564229	0.2841005408347574	0.2520948668708017	0.2595686418587721	0.2632621360346553	0.3348635751255106	0.3521030078696626	0.3339595983567315	0.6083423675181366	0.3017892532883401	0.1693714284071802	0.1712720612966706	0.1717432716794189	0.1737386377152993	0.1492576362320369	0.2798651497132725	0.2241874564309901	0.2510933160491753	0.2347209997054798	0.2161002295079805	0.1448269624214168	0.2975059378705799	0.3025661186205946	0.2189647928768512	0.2426458934476431	0.251342867377877	0.1414193060471691	0.9303489229996151	0.88607427314975	0.3975798706300083	0.01016778202212626	0.01016772442973812	0.01016752725437253	0.1970483021697452	0.2278164062381366	0.2266050720657444	0.2732092738598897	0.236881265827085	0.233429634224303	0.2431605042247382	0.262131532065332	0.2431727928739427	0.8127708243396903	0.401585710402065	0.5340204735513412	0.3418803497870222	0.2325628176477288	0.4529774426915631	0.761434125622741	1.004539371904894	1.314423275097155	0.1079257489074212	0.3542293498013525	0.6256333991879451	0.7393305034326079	1.203038448331342	0.8057128765026214	0.9682680915136457	0.3096105647767811	1.036214144253275	1.087263697796852	0.6888032313796373	0.711569566578854	0.7450936617162087	-0.4670249191887965	-0.6654177846159461	0.2376947187288392	0.7397023742291933	0.4376699158949542	1.193775243776997	0.8568353016837325	0.8925642539087262	0.8902300072988911	-0.7913733204838955	-0.04752667215487794	0.6603953284862063	0.2631849084797135	0.5829974243586209	0.5987689826465967	0.5179829445454001	0.9102945015716193	1.125450511787653	0.7299895799191356	0.7569178660457849	0.6567228442714006	-2.310520444245754	-0.3863308455242136	0.2809662239715747	1.194533952555407	0.4516453071888656	0.6958438195124921
0.1	9.15257991	-4.25467819	-3.6892463	0.6260173999999999	0.97153509	0.02150393	-25.39470528	-0.36991017	-1.97628392	-22.77200763	0.77208007	14.54514773	0	18.30650527	-6.19278267	-7.21926467	-21.97141357	-7.03988709	7.48396311	0	-25.15080936	1.57079942	1.67510134	0.2543352877774374	0.2612244396748231	0.2719699127463957	0.2414389491683618	0.2485708756376173	0.2520879498041144	0.320270535648552	0.3367883811306882	0.3193706003838039	0.5812506585362838	0.288876473151681	0.1624219658782574	0.1642287978450228	0.1646714352311157	0.1665803651962889	0.1431939381324164	0.2679431088986458	0.2147668636179174	0.2404551386419277	0.2248259439763686	0.2070327304642022	0.1389382819006585	0.2847959751906766	0.2896250507581671	0.20973533735001	0.2323824136025192	0.2406948929958107	0.1356200919366045	0.8894331931665853	0.8465119537343091	0.3804372690533885	0.01015995933227415	0.01015990451145278	0.0101597166927325	0.1887876291743187	0.2182189467873866	0.2170600062037853	0.2616714296673997	0.2268860880881053	0.2235803706692438	0.2328976071701473	0.2510525399984044	0.232912839029297	0.8194998301549195	0.4109313301417217	0.5140732117616504	0.3670270570458278	0.2581723311197557	0.4570163902187518	0.7499856299307197	0.9774547037563712	1.266969880139799	0.132976321410986	0.3636463206922755	0.5979635270071586	0.7072626585460873	1.15700054718114	0.7871693857619837	0.9403810314251126	0.3271867305502587	0.9996025120588197	1.046375187861423	0.6784184730938483	0.6997856870939527	0.7306517693645711	-0.4162643530557792	-0.6066120189645758	0.2291548242637398	0.7155934182844201	0.4321185617273904	1.148116200627921	0.8360119260620626	0.869488996453101	0.8672358415462496	-0.7291403212284999	-0.02110456312529507	0.6349353407559206	0.275153377653611	0.5787328733031014	0.5932959258146884	0.5242011950079082	0.8861136633881417	1.087294156488165	0.7182207509989231	0.7458283809900248	0.6495808614085874	-2.185199488773672	-0.362593980459194	0.26934238896961	1.138235984814467	0.4306631505990816	0.6631785810334014
0.117	9.5083787	-3.57774654	-3.2322028	0.62902481	0.97363807	0.01701854	-24.01069287	-1.46922068	-3.27267229	-27.40433472	-2.0612118	14.38937486	0	17.35188585	-5.22045904	-7.00807009	-23.33648379	-6.36083514	7.71540479	0	-25.23176242	0.9230055	0.83998892	0.2431372506365609	0.2496381498932234	0.259839284658034	0.230783031465922	0.2375731094164625	0.2409137635735734	0.3056774961715932	0.3214737543917138	0.3047816024108762	0.5541589495544311	0.2759636930150218	0.1554725033493347	0.1571855343933749	0.1575995987828124	0.1594220926772786	0.1371302400327959	0.256021068084019	0.2053462708048447	0.2298169612346801	0.2149308882472575	0.1979652314204239	0.1330496013799003	0.2720860125107734	0.2766839828957395	0.2005058818231687	0.2221189337573953	0.2300469186137442	0.1298208778260398	0.8485174633335548	0.806949634318868	0.3632946674767684	0.01015213664242204	0.01015208459316744	0.01015190613109247	0.1805269561788921	0.2086214873366364	0.2075149403418262	0.2501335854749097	0.2168909103491254	0.2137311071141845	0.2226347101155565	0.2399735479314767	0.2226528851846514	0.8262288359701486	0.4202769498813783	0.4941259499719597	0.3921737643046317	0.2837818445917843	0.4610553377459388	0.7385371342386984	0.9503700356078495	1.219516485182441	0.1580268939145517	0.3730632915831968	0.5702936548263723	0.6751948136595662	1.110962646030936	0.7686258950213452	0.9124939713365778	0.3447628963237381	0.9629908798643636	1.005486677925994	0.6680337148080611	0.6880018076090515	0.7162098770129335	-0.3655037869227629	-0.5478062533132046	0.2206149297986405	0.6914844623396474	0.4265672075598266	1.102457157478846	0.8151885504403928	0.8464137389974757	0.8442416757936071	-0.6669073219731043	0.005317545904288679	0.6094753530256345	0.2871218468275094	0.574468322247581	0.5878228689827809	0.5304194454704163	0.8619328252046632	1.049137801188677	0.7064519220787089	0.7347388959342647	0.6424388785457751	-2.059878533301589	-0.3388571153941742	0.2577185539676453	1.081938017073527	0.4096809940092975	0.6305133425543105
0.133	9.32393763	-2.87848253	-3.22217996	0.63073103	0.97530455	0.01341611	-21.08852038	-2.78029688	-4.19798665	-33.25852896	-5.12688586	13.51461383	0	16.66478998	-4.37158568	-7.29287323	-24.1651039	-5.52550675	8.01590508	0	-24.86785814	0.1042359	0.37716546	0.2325979215627948	0.2387334065693647	0.2484222229278112	0.220753932451861	0.2272222706200815	0.2303968824154172	0.2919428707815145	0.3070599880491495	0.2910507807892974	0.5286608705126875	0.2638104881805191	0.1489318327338779	0.1505565805565298	0.1509437527138212	0.1526848950123278	0.1314232300566826	0.2448003237878997	0.196479830510188	0.2198045589690353	0.2056178946198587	0.1894311146733384	0.1275073138309514	0.2601236946943941	0.2645041543193371	0.1918193354449652	0.212459188020808	0.2200252956659171	0.1243627939572731	0.810008541137762	0.7697145101631587	0.347160454228185	0.01014477411079652	0.01014472467007535	0.01014455501425481	0.172752205124373	0.1995885843241657	0.1985313489423354	0.239274437999625	0.2074836842418503	0.2044612120035404	0.2129755128877062	0.2295462612802507	0.2129964580367498	0.8325620179138937	0.4290728272834086	0.4753520565228391	0.4158412534893881	0.307884916094868	0.4648567001244688	0.7277620794697377	0.9248785832327702	1.174854466399047	0.1816039033296715	0.3819263230099477	0.5442514221856323	0.6450133125898998	1.067632856713098	0.7511731978536869	0.8862473265473687	0.3613051699928942	0.9285328730931104	0.967003374457355	0.6582598246567306	0.6769110975056156	0.7026175077408041	-0.3177291364446297	-0.4924596503472092	0.2125773820667822	0.6687936802739789	0.4213424036374143	1.059483940397363	0.7955900792670567	0.8246958496274752	0.822600108026414	-0.6083350873797908	0.03018541322625001	0.5855130116324243	0.2983862884029431	0.5704546271365052	0.5826717566703969	0.5362719164939529	0.8391743892672725	1.013225937377395	0.6953753772126259	0.7243017335288435	0.6357170123219502	-1.941929398739629	-0.31651653650945	0.2467784739657962	1.028951694493819	0.3899330819247949	0.5997695886916368
0.15	8.804825360000001	-1.95302712	-3.17293645	0.6310039	0.97671382	0.00908169	-17.12826311	-4.42970045	-5.21713951	-39.79152601	-8.70893302	11.96262036	0	15.99752982	-3.05652986	-7.35801622	-24.14212331	-4.84370404	7.60230475	0	-24.22028759	-0.77063578	-0.0006656500000000001	0.2213998844219183	0.2271471167877649	0.2362915948394495	0.2100980147494211	0.2162245043989268	0.2192226961848762	0.2773498313045558	0.291745361310175	0.2764617828163698	0.5015691615308346	0.25089770804386	0.1419823702049552	0.143513317104882	0.143871916265518	0.1455266224933175	0.1253595319570622	0.2328782829732728	0.1870592376971153	0.2091663815617876	0.1957228388907476	0.1803636156295602	0.1216186333101931	0.2474137320144907	0.2515630864569094	0.1825898799181239	0.2021957081756841	0.2093773212838506	0.1185635798467085	0.7690928113047319	0.7301521907477174	0.330017852651565	0.01013695142094441	0.01013690475179002	0.01013674445261478	0.1644915321289465	0.1899911248734155	0.1889862830803763	0.227736593807135	0.1974885065028705	0.1946119484484812	0.2027126158331152	0.2184672692133231	0.2027365041921042	0.8392910237291229	0.4384184470230643	0.4554047947331485	0.4409879607481937	0.3334944295668958	0.4688956476516566	0.7163135837777173	0.8977939150842467	1.12740107144169	0.2066544758332363	0.3913432939008699	0.5165815500048458	0.6129454677033789	1.021594955562894	0.7326297071130492	0.8583602664588348	0.3788813357663736	0.8919212408986548	0.9261148645219262	0.6478750663709425	0.6651272180207144	0.6881756153891656	-0.2669685703116134	-0.433653884695838	0.2040374876016827	0.6446847243292062	0.4157910494698505	1.013824897248287	0.774766703645386	0.8016205921718509	0.7996059422737725	-0.5461020881243952	0.05660752225583288	0.5600530239021382	0.3103547575768406	0.5661900760809848	0.5771986998384886	0.542490166956461	0.814993551083794	0.9750695820779076	0.6836065482924134	0.7132122484730834	0.6285750294591379	-1.816608443267547	-0.2927796714444303	0.2351546389638316	0.9726537267528789	0.3689509253350108	0.5671043502125461
0.167	8.618504209999999	-0.73988146	-2.95250444	0.63225115	0.9787190099999999	0.00497722	-13.6747449	-6.3521492	-6.27894309	-45.7080556	-12.29216261	9.803494600000001	0	14.60195162	-1.36656643	-7.52785582	-23.54525804	-3.98322912	7.33741942	0	-23.8706747	-1.95482131	-1.11634849	0.2102018472810416	0.215560827006165	0.2241609667510878	0.1994420970469812	0.2052267381777719	0.2080485099543352	0.2627567918275971	0.2764307345712005	0.2618727848434422	0.4744774525489819	0.2379849279072008	0.1350329076760324	0.1364700536532341	0.1368000798172148	0.1383683499743071	0.1192958338574417	0.2209562421586461	0.1776386448840426	0.1985282041545399	0.1858277831616366	0.1712961165857818	0.1157299527894348	0.2347037693345876	0.2386220185944819	0.1733604243912827	0.1919322283305602	0.1987293469017841	0.1127643657361439	0.7281770814717016	0.6905898713322765	0.312875251074945	0.0101291287310923	0.01012908483350468	0.01012893389097476	0.1562308591335199	0.1803936654226654	0.1794412172184173	0.2161987496146449	0.1874933287638907	0.1847626848934219	0.1924497187785244	0.2073882771463955	0.1924765503474585	0.8460200295443521	0.447764066762721	0.4354575329434578	0.4661346680069993	0.3591039430389245	0.4729345951788444	0.704865088085695	0.8707092469357249	1.079947676484333	0.2317050483368011	0.4007602647917921	0.4889116778240593	0.5808776228168582	0.9755570544126915	0.7140862163724115	0.8304732063703	0.3964575015398522	0.8553096087041983	0.8852263545864969	0.6374903080851544	0.6533433385358141	0.673733723037528	-0.2162080041785961	-0.3748481190444677	0.1954975931365833	0.6205757683844331	0.4102396953022871	0.9681658540992122	0.7539433280237162	0.7785453347162266	0.7766117765211304	-0.4838690888690005	0.08302963128541574	0.5345930361718525	0.3223232267507381	0.5619255250254653	0.5717256430065811	0.5487084174189691	0.790812712900316	0.9369132267784201	0.6718377193721992	0.7021227634173233	0.6214330465963256	-1.691287487795464	-0.2690428063794107	0.223530803961867	0.9163557590119387	0.3479687687452268	0.5344391117334553
0.183	8.10213298	0.59548084	-3.140105	0.6310842	0.9803002200000001	0.00095819	-9.35600818	-8.55566327	-6.69378263	-51.78172505	-14.57804047	7.58759356	0	13.48068057	0.48639772	-7.6313214	-22.48283838	-3.54912138	6.53523325	0	-23.35131818	-3.3264345	-1.74208045	0.1996625182072755	0.2046560836823064	0.212743905020865	0.1894129980329202	0.194875899381391	0.1975316287961791	0.2490221664375184	0.2620169682286362	0.2481419632218633	0.4489793735072382	0.2258317230726982	0.1284922370605758	0.1298410998163891	0.1301442337482235	0.1316311523093563	0.1135888238813283	0.2097354978625267	0.1687722045893859	0.1885158018888951	0.1765147895342378	0.1627619998386963	0.1101876652404858	0.2227414515182082	0.2264421900180795	0.1646738780130791	0.1822724825939729	0.188707723953957	0.1073062818673771	0.6896681592759086	0.6533547471765672	0.2967410378263615	0.01012176619946678	0.01012172491041259	0.01012158277413709	0.1484561080790008	0.1713607624101947	0.1704576258189264	0.2053396021393603	0.1780861026566156	0.1754927897827779	0.1827905215506741	0.1969609904951694	0.1828201231995569	0.8523532114880989	0.4565599441647503	0.4166836394943372	0.4898021571917566	0.383207014542009	0.4767359575573744	0.6940900333167344	0.8452177945606456	1.035285657700938	0.2552820577519208	0.4096232962185429	0.4628694451833193	0.5506961217471914	0.9322272650948533	0.6966335192047524	0.8042265615810913	0.4129997752090082	0.8208516019329455	0.846743051117858	0.6277164179338239	0.6422526284323773	0.6601413537653991	-0.168433353700463	-0.3195015160784713	0.1874600454047252	0.5978849863187641	0.4050148913798743	0.9251926370177288	0.7343448568503801	0.756827445346226	0.7549702087539374	-0.425296854275687	0.1078974986073771	0.5106306947786421	0.3335876683261718	0.5579118299143877	0.5665745306941981	0.5545608884425057	0.7680542769629239	0.9010013629671381	0.660761174506117	0.6916856010119012	0.6147111803725007	-1.573338353233504	-0.2467022274946863	0.2125907239600179	0.8633694364322305	0.3282208566607241	0.5036953578707817
0.2	8.11195966	1.69752449	-2.96821397	0.6309304100000001	0.98275311	-0.00288437	-6.09886852	-10.27222956	-7.10735654	-56.81267084	-15.2490874	4.70839074	0	11.71215226	2.12917555	-7.50742984	-21.39516567	-2.95282585	6.13888819	0	-23.2474694	-4.32584823	-2.85818096	0.188464481066399	0.1930697939007066	0.2006132769325033	0.1787570803304804	0.1838781331602362	0.1863574425656381	0.2344291269605597	0.2467023414896618	0.2335529652489357	0.4218876645253855	0.212918942936039	0.121542774531653	0.1227978363647413	0.1230723972999203	0.124472879790346	0.1075251257817078	0.1978134570479	0.1593516117763132	0.1778776244816476	0.1666197338051266	0.1536945007949181	0.1042989847197276	0.2100314888383049	0.2135011221556519	0.1554444224862379	0.1720090027488491	0.1780597495718905	0.1015070677568125	0.6487524294428784	0.6137924277611259	0.2795984362497415	0.01011394350961466	0.01011390499212725	0.01011377221249705	0.1401954350835742	0.1617633029594445	0.1609125599569673	0.1938017579468703	0.1680909249176358	0.1656435262277186	0.1725276244960832	0.1858819984282418	0.1725601693549113	0.8590822173033281	0.465905563904407	0.3967363777046466	0.5149488644505622	0.4088165280140368	0.4807749050845622	0.6826415376247139	0.8181331264121234	0.9878322627435812	0.2803326302554856	0.4190402671094642	0.4351995730025329	0.5186282768606707	0.8861893639446499	0.6780900284641143	0.7763395014925574	0.4305759409824876	0.7842399697384894	0.8058545411824292	0.6173316596480363	0.6304687489474761	0.6456994614137614	-0.1176727875674466	-0.260695750427101	0.1789201509396258	0.5737760303739914	0.399463537212311	0.8795335938686533	0.7135214812287098	0.7337521878906008	0.7319760430012949	-0.3630638550202918	0.1343196076369608	0.4851707070483562	0.3455561375000702	0.5536472788588678	0.5611014738622893	0.5607791389050139	0.7438734387794459	0.8628450076676506	0.6489923455859037	0.6805961159561411	0.6075691975096884	-1.448017397761421	-0.2229653624296667	0.2009668889580531	0.8070714686912903	0.3072387000709401	0.4710301193916909
0.217	8.22303533	2.25623767	-2.7444281	0.63032789	0.9856056	-0.00649319	-3.12758942	-11.18356448	-7.28541072	-61.09709335	-14.33344716	1.684083	0	9.8454382	3.12822147	-7.26008559	-20.37142002	-2.28879108	6.11169712	0	-23.34006598	-4.74649241	-3.49373498	0.1772664439255225	0.1814835041191068	0.1884826488441416	0.1681011626280405	0.1728803669390814	0.1751832563350971	0.219836087483601	0.2313877147506873	0.2189639672760082	0.3947959555435328	0.2000061627993799	0.1145933120027303	0.1157545729130934	0.116000560851617	0.1173146072713357	0.1014614276820874	0.1858914162332732	0.1499310189632405	0.1672394470743999	0.1567246780760155	0.1446270017511398	0.09841030419896935	0.1973215261584018	0.2005600542932244	0.1462149669593967	0.1617455229037252	0.1674117751898241	0.0957078536462479	0.6078366996098483	0.574230108345685	0.2624558346731215	0.01010612081976255	0.01010608507384192	0.01010596165085705	0.1319347620881478	0.1521658435086944	0.1513674940950083	0.1822639137543803	0.158095747178656	0.1557942626726594	0.1622647274414923	0.1748030063613142	0.1623002155102657	0.8658112231185573	0.4752511836440636	0.3767891159149561	0.5400955717093678	0.4344260414860637	0.4848138526117491	0.6711930419326926	0.7910484582636013	0.9403788677862246	0.3053832027590504	0.4284572380003868	0.4075297008217467	0.48656043197415	0.8401514627944469	0.6595465377234766	0.748452441404023	0.4481521067559662	0.7476283375440334	0.7649660312469999	0.606946901362249	0.6186848694625753	0.6312575690621234	-0.06691222143443021	-0.2018899847757307	0.1703802564745263	0.5496670744292185	0.3939121830447472	0.8338745507195782	0.6926981056070405	0.710676930434976	0.7089818772486534	-0.3008308557648967	0.1607417166665441	0.4597107193180703	0.3575246066739677	0.5493827278033478	0.5556284170303809	0.566997389367522	0.7196926005959678	0.8246886523681631	0.6372235166656899	0.6695066309003805	0.6004272146468757	-1.322696442289339	-0.199228497364647	0.1893430539560885	0.7507735009503504	0.286256543481156	0.4383648809126001
0.233	8.48646772	2.68789178	-2.09357582	0.63041489	0.98896912	-0.01022915	-0.79071621	-11.85833378	-7.84654427	-64.42525101	-12.51342678	-0.63313431	0	7.61148252	4.01414092	-6.60152459	-19.05480647	-1.77428584	6.25454237	0	-23.60771287	-4.89186924	-4.56650622	0.1667271148517564	0.1705787607952482	0.1770655871139188	0.1580720636139796	0.1625295281427004	0.1646663751769409	0.2061014620935223	0.2169739484081231	0.2052331456544292	0.369297876501789	0.1878529579648772	0.1080526413872736	0.1091256190762483	0.1093447147826258	0.1105774096063848	0.09575441770597401	0.1746706719371539	0.1410645786685838	0.1572270448087551	0.1474116844486168	0.1360928850040543	0.09286801665002037	0.1853592083420223	0.1883802257168218	0.1375284205811931	0.1520857771671379	0.1573901522419969	0.09024976977748117	0.5693277774140552	0.5369949841899757	0.246321621424538	0.01009875828813703	0.01009872515074983	0.01009861053401936	0.1241600110336286	0.1431329404962237	0.1423839026955173	0.1714047662790956	0.1486885210713809	0.1465243675620154	0.152605530213642	0.1643757197100882	0.1526437883623639	0.8721444050623033	0.4840470610460934	0.3580152224658354	0.5637630608941251	0.4585291129891491	0.4886152149902796	0.6604179871637315	0.7655570058885215	0.89571684900283	0.3289602121741702	0.4373202694271376	0.3814874681810065	0.4563789309044832	0.7968216734766083	0.6420938405558179	0.7222057966148143	0.4646943804251222	0.7131703307727806	0.7264827277783608	0.5971730112109186	0.607594159359139	0.617665199789994	-0.01913757095629709	-0.1465433818097348	0.162342708742668	0.5269762923635497	0.3886873791223344	0.790901333638095	0.6730996344337039	0.688959041064976	0.6873403094814607	-0.2422586211715827	0.185609583988505	0.43574837792486	0.368789048249401	0.5453690326922711	0.5504773047179978	0.5728498603910586	0.6969341646585758	0.788776788556881	0.6261469717996073	0.659069468494959	0.5937053484230517	-1.204747307727378	-0.1768879184799226	0.1784029739542394	0.697787178370642	0.2665086313966534	0.4076211270499265
0.25	8.84344892	3.04905257	-1.86573511	0.62932013	0.99218832	-0.01273788	1.71689217	-12.30790471	-7.71311155	-67.29451233	-10.63709464	-2.26610568	0	5.17978373	4.72655656	-6.14020684	-17.43315493	-1.48247083	6.22890106	0	-23.9592346	-5.11792286	-5.32704594	0.1555290777108798	0.1589924710136484	0.1649349590255571	0.1474161459115397	0.1515317619215457	0.1534921889463999	0.1915084226165636	0.2016593216691486	0.1906441476815017	0.3422061675199364	0.1749401778282181	0.1011031788583508	0.1020823556246006	0.1022728783343225	0.1034191370873745	0.0896907196063535	0.1627486311225271	0.1316439858555111	0.1465888674015075	0.1375166287195057	0.127025385960276	0.08697933612926212	0.1726492456621191	0.1754391578543943	0.1282989650543519	0.141822297322014	0.1467421778599305	0.08445055566691653	0.528412047581025	0.4974326647745346	0.2291790198479181	0.01009093559828493	0.0100909052324645	0.01009079997237934	0.1158993380382021	0.1335354810454736	0.1328388368335583	0.1598669220866056	0.1386933433324011	0.1366751040069561	0.1423426331590511	0.1532967276431606	0.1423838345177184	0.8788734108775325	0.49339268078575	0.3380679606761449	0.5889097681529298	0.4841386264611769	0.492654162517467	0.6489694914717101	0.7384723377399989	0.848263454045473	0.3540107846777349	0.4467372403180603	0.3538175960002201	0.4243110860179625	0.7507837723264053	0.6235503498151798	0.69431873652628	0.4822705461986012	0.6765586985783245	0.6855942178429315	0.5867882529251305	0.5958102798742382	0.6032233074383559	0.03162299517671974	-0.08773761615836406	0.1538028142775686	0.502867336418777	0.3831360249547708	0.7452422904890192	0.6522762588120337	0.6658837836093507	0.6643461437288183	-0.1800256219161875	0.2120316930180879	0.4102883901945741	0.3807575174232984	0.5411044816367516	0.5450042478860899	0.5790681108535676	0.6727533264750978	0.7506204332573936	0.614378142879394	0.6479799834391993	0.5865633655602389	-1.079426352255296	-0.153151053414903	0.1667791389522748	0.641489210629702	0.2455264748068693	0.3749558885708357
0.267	8.75338837	3.34934648	-1.18756897	0.6277341400000001	0.99421785	-0.01606099	4.44106821	-12.82465635	-8.14874305	-69.43376539	-9.000135050000001	-2.84657239	0	3.43677121	5.36951768	-5.26323375	-16.14200814	-1.13357777	6.12450865	0	-23.89562162	-5.054293	-6.34840977	0.1443310405700033	0.1474061812320486	0.1528043309371954	0.1367602282090999	0.1405339957003909	0.142318002715859	0.1769153831396049	0.1863446949301742	0.1760551497085741	0.3151144585380837	0.1620273976915589	0.09415371632942801	0.0950390921729527	0.0952010418860193	0.09626086456836414	0.08362702150673304	0.1508265903079003	0.1222233930424384	0.1359506899942599	0.1276215729903945	0.1179578869164977	0.08109065560850384	0.1599392829822159	0.1624980899919667	0.1190695095275106	0.1315588174768901	0.1360942034778641	0.07865134155635187	0.487496317747995	0.4578703453590934	0.212036418271298	0.01008311290843281	0.01008308531417916	0.01008298941073932	0.1076386650427755	0.1239380215947235	0.1232937709715992	0.1483290778941156	0.1286981655934213	0.1268258404518968	0.1320797361044602	0.1422177355762329	0.1321238806730728	0.8856024166927625	0.5027383005254062	0.3181206988864542	0.6140564754117346	0.5097481399332047	0.4966931100446548	0.6375209957796892	0.7113876695914767	0.8008100590881162	0.3790613571813002	0.456154211208982	0.3261477238194338	0.3922432411314417	0.7047458711762018	0.6050068590745421	0.6664316764377456	0.4998467119720806	0.6399470663838684	0.6447057079075025	0.5764034946393424	0.584026400389337	0.5887814150867183	0.08238356130973656	-0.02893185050699332	0.1452629198124692	0.4787583804740039	0.3775846707872075	0.6995832473399439	0.6314528831903639	0.6428085261537264	0.6413519779761758	-0.1177926226607924	0.2384538020476716	0.3848284024642883	0.3927259865971968	0.5368399305812317	0.539531191054182	0.5852863613160757	0.6485724882916193	0.7124640779579061	0.6026093139591806	0.6368904983834391	0.5794213826974262	-0.9541053967832134	-0.1294141883498834	0.1551553039503101	0.585191242888762	0.2245443182170853	0.3422906500917449
0.283	9.14042079	3.32826063	-0.57330162	0.62677189	0.99700245	-0.017733	6.41114539	-12.62343094	-8.27752635	-70.55993802	-7.84334546	-3.15472601	0	1.12471873	5.41276426	-5.07498999	-14.88300816	-0.63809545	6.98259912	0	-24.34646259	-4.83271778	-7.17027617	0.1337917114962372	0.1365014379081899	0.1413872692069727	0.1267311291950389	0.1301831569040099	0.1318011215577028	0.1631807577495263	0.17193092858761	0.1623243280869952	0.28961637949634	0.1498741928570563	0.08761304571397135	0.08841013833610767	0.08854519581702805	0.08952366690341329	0.0779200115306197	0.1396058460117811	0.1133569527477818	0.125938287728615	0.1183085793629958	0.1094237701694122	0.07554836805955491	0.1479769651658365	0.1503182614155643	0.1103829631493071	0.1218990717403029	0.1260725805300369	0.07319325768758517	0.448987395552202	0.4206352212033842	0.1959022050227146	0.0100757503768073	0.01007572539108708	0.01007563829390164	0.09986391398825645	0.1149051185822527	0.1143101795721084	0.1374699304188309	0.1192909394861462	0.1175559453412529	0.12242053887661	0.131790448925007	0.1224674535251711	0.8919355986365076	0.5115341779274361	0.2993468054373336	0.6377239645964932	0.5338512114362888	0.5004944724231843	0.6267459410107286	0.6858962172163969	0.7561480403047212	0.4026383665964199	0.4650172426357329	0.3001054911786937	0.3620617400617751	0.6614160818583639	0.5875541619068829	0.6401850316485371	0.5163889856412367	0.6054890596126159	0.606222404438864	0.5666296044880128	0.5729356902859006	0.5751890458145885	0.1301582117878697	0.02641475245900216	0.137225372080611	0.4560675984083356	0.3723598668647947	0.656610030258461	0.6118544120170273	0.6210906367837263	0.6197104102089837	-0.05922038806747887	0.2633216693696321	0.3608660610710779	0.4039904281726301	0.5328262354701541	0.5343800787417985	0.5911388323396123	0.6258140523542284	0.6765522141466238	0.5915327690930976	0.6264533359780176	0.5726995164736026	-0.8361562622212537	-0.1070736094651591	0.1442152239484611	0.5322049203090539	0.2047964061325827	0.3115468962290714
0.3	9.39289172	3.52645794	0.02566378	0.62542458	0.99916656	-0.02025519	8.408577409999999	-12.89037538	-8.458269339999999	-71.06053222	-6.7761652	-2.1540801	0	-1.18343548	5.77785796	-4.51283044	-13.24018471	-0.5247924	7.23244059	0	-24.69543442	-4.70418655	-8.088733660000001	0.1225936743553607	0.1249151481265902	0.129256641118611	0.116075211492599	0.1191853906828551	0.1206269353271618	0.1485877182725675	0.1566163018486355	0.1477353301140676	0.2625246705144873	0.1369614127203971	0.0806635831850486	0.08136687488445983	0.08147335936872482	0.08236539438440299	0.07185631343099921	0.1276838051971542	0.103936359934709	0.1153001103213674	0.1084135236338847	0.1003562711256339	0.06965968753879663	0.1352670024859333	0.1373771935531367	0.1011535076224658	0.111635591895179	0.1154246061479705	0.06739404357702054	0.4080716657191718	0.3810729017879431	0.1787596034460946	0.01006792768695519	0.01006790547280174	0.01006782773226162	0.09160324099282988	0.1053076591315026	0.1047651137101493	0.1259320862263409	0.1092957617471663	0.1077066817861936	0.1121576418220191	0.1207114568580793	0.1122074996805255	0.8986646044517377	0.5208797976670927	0.2793995436476431	0.6628706718552979	0.559460724908317	0.5045334199503722	0.6152974453187072	0.658811549067875	0.7086946453473641	0.4276889390999847	0.4744342135266546	0.2724356189979074	0.3299938951752543	0.6153781807081606	0.5690106711662455	0.6122979715600025	0.5339651514147152	0.5688774274181596	0.5653338945034347	0.5562448462022247	0.5611518108009999	0.5607471534629507	0.1809187779208861	0.0852205181103729	0.1286854776155116	0.4319586424635626	0.3668085126972314	0.6109509871093852	0.5910310363953575	0.5980153793281011	0.5967162444563414	0.003012611187916292	0.2897437783992156	0.3354060733407921	0.415958897346528	0.5285616844146348	0.5289070219098904	0.5973570828021204	0.6016332141707499	0.6383958588471366	0.5797639401728842	0.615363850922257	0.5655575336107894	-0.7108353067491709	-0.08333674440013944	0.1325913889464964	0.4759069525681138	0.1838142495427987	0.2788816577499806
0.317	9.57796725	3.67257495	0.30188304	0.62284205	1.00051079	-0.02165896	10.64421656	-12.85676653	-8.052217300000001	-71.0360182	-5.87047476	-0.74092691	0	-3.23043187	5.96810498	-4.40505191	-11.83281268	-0.2213562	7.86054921	0	-24.98435668	-4.68354544	-8.84459128	0.1113956372144841	0.1133288583449903	0.1171260130302492	0.1054192937901592	0.1081876244617004	0.1094527490966209	0.1339946787956089	0.141301675109661	0.1331463321411401	0.2354329615326346	0.124048632583738	0.07371412065612586	0.07432361143281199	0.07440152292042164	0.07520712186539269	0.06579261533137877	0.1157617643825275	0.0945157671216363	0.1046619329141198	0.09851846790477353	0.09128877208185567	0.06377100701803838	0.1225570398060301	0.1244361256907092	0.09192405209562461	0.1013721120500551	0.1047766317659041	0.06159482946645592	0.3671559358861416	0.341510582372502	0.1616170018694746	0.01006010499710308	0.0100600855545164	0.0100600171706216	0.08334256799740333	0.09571019968075249	0.09522004784819024	0.1143942420338509	0.09930058400818652	0.09785741823113432	0.1018947447674281	0.1096324647911517	0.1019475458358799	0.9053936102669677	0.5302254174067489	0.2594522818579524	0.6880173791141031	0.5850702383803448	0.50857236747756	0.6038489496266863	0.6317268809193533	0.6612412503900076	0.45273951160355	0.4838511844175775	0.244765746817121	0.2979260502887335	0.5693402795579574	0.550467180425608	0.5844109114714686	0.5515413171881947	0.5322657952237037	0.5244453845680057	0.5458600879164368	0.5493679313160991	0.5463052611113133	0.2316793440539031	0.1440262837617436	0.1201455831504122	0.4078496865187896	0.3612571585296678	0.5652919439603098	0.5702076607736879	0.5749401218724763	0.5737220787036996	0.06524561044331212	0.3161658874287991	0.3099460856105062	0.427927366520426	0.5242971333591153	0.5234339650779825	0.603575333264629	0.5774523759872716	0.6002395035476489	0.5679951112526715	0.6042743658664973	0.5584155507479769	-0.5855143512770883	-0.05959987933511976	0.1209675539445318	0.4196089848271737	0.1628320929530146	0.2462164192708898
0.333	9.80370169	3.42731299	1.05578193	0.621331	1.00237763	-0.02306388	12.09476969	-12.51530396	-8.47080152	-69.80779799	-5.08991241	1.13335522	0	-5.26987344	5.53772696	-4.53391514	-10.66326776	0.21023298	9.48520894	0	-25.33627861	-4.13389264	-9.525461780000001	0.100856308140718	0.1024241150211317	0.1057089513000264	0.09539019477609811	0.09783678566531932	0.09893586793846461	0.1202600534055301	0.1268879087670967	0.1194155105195611	0.2099348824908908	0.1118954277492352	0.06717345004066913	0.06769465759596695	0.06774567685143033	0.06846992420044179	0.06008560535526537	0.1045410200864081	0.08564932682697961	0.09464953064847499	0.08920547427737478	0.08275465533477015	0.0582287194690894	0.1105947219896506	0.1122562971143067	0.08323750571742106	0.09171236631346784	0.0947550088180768	0.05613674559768918	0.3286470136903485	0.3042754582167926	0.1454827886208911	0.01005274246547756	0.01005272563142432	0.01005266605378393	0.07556781694288421	0.08667729666828176	0.08623645644869933	0.1035350945585661	0.08989335790091138	0.08858752312049029	0.09223554753957786	0.09920517813992566	0.09229111868797819	0.9117267922107124	0.5390212948087787	0.2406783884088317	0.7116848682988604	0.6091733098834298	0.5123737298560895	0.5930738948577252	0.606235428544273	0.6165792316066127	0.4763165210186697	0.4927142158443276	0.2187235141763808	0.2677445492190669	0.5260104902401188	0.5330144832579489	0.5581642666822597	0.5680835908573507	0.4978077884524508	0.4859620810993664	0.5360861977651066	0.5382772212126625	0.5327128918391832	0.279453994532036	0.1993728867277396	0.1121080354185539	0.385158904453121	0.3560323546072549	0.5223187268788267	0.5506091896003511	0.5532222325024763	0.5520805109365068	0.1238178450366252	0.34103375475076	0.2859837442172958	0.439191808095859	0.5202834382480375	0.5182828527655985	0.6094278042881656	0.5546939400498803	0.5643276397363666	0.5569185663865879	0.5938372034610757	0.5516936845241527	-0.4675652167151281	-0.03725930045039536	0.1100274739426826	0.3666226622474653	0.1430841808685119	0.215472665408216
0.35	9.99250245	3.34696248	1.33077025	0.6187175700000001	1.00331879	-0.0239387	13.71006961	-12.2580372	-8.25815586	-68.12766299	-3.9987594	3.05457837	0	-7.21727511	5.36419053	-4.72622752	-9.449038290000001	0.57846959	10.55413833	0	-25.71922611	-3.87169774	-9.926940330000001	0.08965827099984143	0.09083782523953192	0.09357832321166477	0.08473427707365831	0.08683901944416458	0.08776168170792369	0.1056670139285715	0.1115732820281223	0.1048265125466336	0.1828431735090381	0.09898264761257615	0.0602239875117464	0.0606513941443191	0.06067384040312712	0.06131165168143149	0.05402190725564492	0.09261897927178135	0.07622873401390692	0.08401135324122737	0.07931041854826366	0.07368715629099187	0.05234003894833115	0.09788475930974748	0.09931522925187913	0.07400805019057982	0.08144888646834393	0.08410703443601042	0.05033753148712455	0.2877312838573185	0.2647131388013516	0.1283401870442711	0.01004491977562545	0.01004490571313898	0.0100448554921439	0.06730714394745767	0.07707983721753166	0.07669139058674029	0.0919972503660762	0.07989818016193161	0.07873825956543105	0.08197265048498699	0.08812618607299805	0.08203116484333264	0.918455798025942	0.5483669145484351	0.2207311266191411	0.7368315755576655	0.6347828233554571	0.5164126773832773	0.5816253991657039	0.5791507603957511	0.5691258366492559	0.5013670935222347	0.50213118673525	0.1910536419955945	0.2356767043325461	0.4799725890899158	0.5144709925173112	0.5302772065937255	0.5856597566308297	0.4611961562579948	0.4450735711639375	0.5257014394793185	0.5264933417277617	0.5182709994875456	0.3302145606650524	0.2581786523791101	0.1035681409534545	0.361049948508348	0.3504810004396914	0.4766596837297512	0.5297858139786811	0.5301469750468514	0.5290863451838648	0.1860508442920205	0.3674558637803432	0.2605237564870099	0.4511602772697569	0.5160188871925179	0.5128097959336907	0.6156460547506735	0.5305131018664018	0.5261712844368792	0.5451497374663747	0.5827477184053154	0.5445517016613399	-0.3422442612430457	-0.01352243538537579	0.09840363894071802	0.3103246945065254	0.1221020242787279	0.1828074269291254
0.367	10.56314716	3.17983021	1.4663221	0.61645616	1.00461848	-0.0245838	14.54780456	-11.82971611	-8.061560200000001	-65.5417229	-3.25285561	4.52941986	0	-9.67453134	5.07619562	-5.23488927	-8.075328219999999	0.82878565	11.8530185	0	-26.39809183	-3.58089844	-9.8864891	0.07846023385896492	0.07925153545793209	0.08144769512330306	0.07407835937121846	0.07584125322300977	0.07658749547738269	0.09107397445161278	0.09625865528914779	0.09023751457370598	0.1557514645271854	0.08606986747591702	0.05327452498282365	0.05360813069267126	0.0536020039548239	0.05415337916242118	0.04795820915602444	0.08069693845715456	0.0668081412008342	0.07337317583397976	0.06941536281915252	0.06461965724721357	0.04645135842757288	0.08517479662984428	0.08637416138945155	0.06477859466373856	0.07118540662322002	0.07345906005394399	0.04453831737655991	0.2468155540242883	0.2251508193859104	0.1111975854676512	0.01003709708577334	0.01003708579485364	0.01003704493050388	0.05904647095203112	0.06748237776678151	0.06714632472478121	0.08045940617358617	0.06990300242295178	0.06888899601037178	0.07170975343039607	0.07704719400607044	0.07177121099868705	0.9251848038411716	0.5577125342880915	0.2007838648294505	0.7619782828164705	0.6603923368274849	0.5204516249104653	0.5701769034736828	0.5520660922472287	0.5216724416918987	0.5264176660257995	0.5115481576261723	0.1633837698148081	0.2036088594460253	0.4339346879397127	0.4959275017766733	0.502390146505191	0.6032359224043086	0.4245845240635386	0.4041850612285086	0.5153166811935304	0.5147094622428608	0.5038291071359078	0.380975126798069	0.3169844180304807	0.09502824648835509	0.3369409925635751	0.3449296462721279	0.4310006405806757	0.5089624383570113	0.5070717175912263	0.5060921794312226	0.2482838435474158	0.3938779728099264	0.2350637687567241	0.4631287464436548	0.5117543361369983	0.5073367391017829	0.6218643052131815	0.5063322636829235	0.4880149291373918	0.5333809085461615	0.571658233349555	0.5374097187985271	-0.2169233057709631	0.01021442967964387	0.08677980393875336	0.2540267267655854	0.1011198676889438	0.1501421884500346
0.383	10.89816031	3.19098006	1.28091889	0.61452041	1.00511138	-0.02579968	15.43973166	-11.68602544	-7.74776872	-62.36376521	-2.59075924	5.758957	0	-11.94134532	5.1656536	-5.75966094	-6.59911329	0.82617326	12.58825705	0	-26.8493866	-3.49975437	-10.13346232	0.06792090478519874	0.06834679213407344	0.07003063339308027	0.06404926035715741	0.06549041442662878	0.06607061431922649	0.077339349061534	0.08184488894658354	0.07650669295212706	0.1302533854854416	0.07391666264141429	0.04673385436736693	0.04697917685582622	0.04694615788583262	0.0474161814974703	0.04225119917991106	0.06947619416103523	0.05794170090617752	0.06336077356833492	0.06010236919175379	0.05608554050012809	0.04090907087862392	0.07321247881346482	0.0741943328130491	0.05609204828553503	0.0615256608866328	0.06343743710611677	0.03908023350779319	0.2083066318284952	0.1879156952302011	0.09506337221906763	0.01002973455414782	0.01002972587176156	0.01002969381366621	0.051271719897512	0.05844947475431078	0.05816273332529033	0.06960025869830146	0.06049577631567665	0.05961910089972777	0.06205055620254579	0.0666199073548444	0.06211478385078532	0.931517985784917	0.5665084116901212	0.1820099713803298	0.7856457720012283	0.6844954083305699	0.5242529872889949	0.5594018487047219	0.5265746398721491	0.477010422908504	0.5499946754409194	0.5204111890529227	0.137341537174068	0.1734273583763586	0.3906048986218743	0.4784748046090143	0.4761435017159824	0.619778196073465	0.3901265172922859	0.3657017577598694	0.5055427910422003	0.5036187521394246	0.4902367378637781	0.4287497772762024	0.3723310209964766	0.08699069875649681	0.3142502104979064	0.3397048423497151	0.3880274234991927	0.4893639671836748	0.4853538282212264	0.48445061166403	0.3068560781407292	0.4187458401318873	0.2111014273635137	0.4743931880190881	0.5077406410259209	0.5021856267893989	0.6277167762367185	0.4835738277455322	0.4521030653261094	0.5223043636800785	0.5612210709441336	0.5306878525747032	-0.09897417120900288	0.03255500856436825	0.07583972393690426	0.201040404185877	0.0813719556044412	0.1193984345873609
0.4	11.48112046	3.36978671	1.18402288	0.61217459	1.00525478	-0.02685596	15.78383356	-11.71625763	-7.6091138	-58.61623677	-1.97339431	6.09694818	0	-14.48323001	5.40377379	-5.98710444	-5.07977288	0.80678611	13.20611871	0	-27.53686616	-3.50417382	-10.09297689	0.05672286764432221	0.05676050235247364	0.05790000530471857	0.05339334265471757	0.054492648205474	0.05489642808868552	0.06274630958457533	0.06653026220760903	0.06191769497919946	0.1031616765035889	0.06100388250475515	0.03978439183844418	0.03993591340417837	0.0398743214375294	0.04025790897845998	0.03618750108029059	0.05755415334640843	0.0485211080931048	0.05272259616108729	0.05020731346264264	0.04701804145634979	0.03502039035786565	0.06050251613356162	0.06125326495062152	0.04686259275869377	0.05126218104150887	0.05278946272405034	0.03328101939722855	0.167390901995465	0.14835337581476	0.07792077064244765	0.01002191186429571	0.01002190595347622	0.01002188325202618	0.04301104690208545	0.04885201530356065	0.04861766746333126	0.05806241450581145	0.05050059857669682	0.04976983734466849	0.05178765914795488	0.05554091528791676	0.05185483000613973	0.9382469916001466	0.5758540314297778	0.1620627095906392	0.8107924792600333	0.7101049218025975	0.5282919348161826	0.5479533530127008	0.4994899717236268	0.4295570279511471	0.5750452479444843	0.529828159943845	0.1096716649932816	0.1413595134898378	0.3445669974716711	0.4599313138683766	0.448256441627448	0.6373543618469438	0.3535148850978297	0.3248132478244403	0.4951580327564123	0.4918348726545236	0.4757948455121403	0.479510343409219	0.4311367866478472	0.07845080429139741	0.2901412545531335	0.3341534881821515	0.3423683803501171	0.4685405915620047	0.4622785707656013	0.4614564459113878	0.3690890773961247	0.4451679491614707	0.1856414396332278	0.486361657192986	0.5034760899704012	0.4967125699574911	0.6339350266992265	0.4593929895620538	0.4139467100266219	0.5105355347598652	0.5501315858883734	0.5235458697118903	0.02634678426307982	0.05629187362938791	0.0642158889349396	0.1447424364449369	0.06038979901465713	0.0867331961082701
0.417	11.52785232	3.41769987	1.26029829	0.60968581	1.00475981	-0.02818875	16.32414019	-11.67777008	-7.96865204	-54.12029454	-1.78472436	5.7254957	0	-16.29684419	5.51446019	-5.97214945	-3.79917286	0.82151044	13.49135492	0	-27.81671717	-3.36195356	-10.33265872	0.0455248305034457	0.04517421257087387	0.04576937721635689	0.04273742495227775	0.04349488198431924	0.04372224185814459	0.04815327010761669	0.05121563546863458	0.04732869700627192	0.07606996752173625	0.04809110236809605	0.03283492930952145	0.03289264995253054	0.03280248498922619	0.03309963645944969	0.03012380298067014	0.04563211253178168	0.03910051528003211	0.0420844187538397	0.04031225773353153	0.03795054241257151	0.0291317098371074	0.04779255345365847	0.04831219708819397	0.03763313723185254	0.04099870119638498	0.04214148834198395	0.02748180528666393	0.126475172162435	0.108791056399319	0.06077816906582772	0.0100140891744436	0.01001408603519088	0.01001407269038616	0.03475037390665893	0.03925455585281054	0.03907260160137221	0.04652457031332147	0.04050542083771703	0.03992057378960925	0.041524762093364	0.04446192322098916	0.04159487616149418	0.9449759974153761	0.5851996511694342	0.1421154478009486	0.8359391865188381	0.7357144352746251	0.5323308823433703	0.5365048573206797	0.4724053035751047	0.3821036329937902	0.6000958204480491	0.5392451308347673	0.0820017928124953	0.1092916686033171	0.298529096321468	0.4413878231277389	0.4203693815389138	0.6549305276204226	0.3169032529033737	0.2839247378890114	0.4847732744706243	0.4800509931696226	0.4613529531605026	0.5302709095422354	0.4899425522992177	0.06991090982629802	0.2660322986083606	0.328602134014588	0.2967093372010416	0.4477172159403349	0.4392033133099764	0.4384622801587457	0.4313220766515199	0.4715900581910539	0.1601814519029419	0.4983301263668838	0.4992115389148815	0.4912395131255832	0.6401532771617345	0.4352121513785756	0.3757903547271346	0.498766705839652	0.5390421008326132	0.5164038868490775	0.1516677397351621	0.08002873869440749	0.05259205393297497	0.08844446870399698	0.03940764242487313	0.05406795762917942
0.433	11.4933747	3.60258443	1.05685564	0.60709424	1.0036524	-0.02828652	16.74230806	-11.60952174	-8.135573340000001	-49.06786304	-1.68371548	5.05090811	0	-17.92056847	5.76602761	-6.4595004	-2.68120744	0.89428545	14.17079436	0	-27.95944553	-3.52806105	-10.17576373	0.03983125798888906	0.03860644225749184	0.03858639746521887	0.03573888232185897	0.0363233567935999	0.03637328152259254	0.04501430229602657	0.04229297181258666	0.04180779834736027	0.05787102757244575	0.03859286318714211	0.02710989922713648	0.02757961441805638	0.0276891883121997	0.02810545385449895	0.02641503435579562	0.03708544313153445	0.0322288344065662	0.03445403336001562	0.03369834239175648	0.03254333974299664	0.02579814117213272	0.03682195140880424	0.03716624658737012	0.03109525504390245	0.03376494368953371	0.03470309754342928	0.02297946242751967	0.1145914505411486	0.09841451174454914	0.05875270808261499	0.01000889906700296	0.01000889735505775	0.01000889019829935	0.02925549584755972	0.0326068172993755	0.0324634410774397	0.03833173017422884	0.03349299320218811	0.03300008174152108	0.03431715209172104	0.03659980571325862	0.03439764927029489	0.9416464681035723	0.5581922004583563	0.119669402675557	0.8348192284253669	0.7351320781610247	0.5219269818015443	0.5200665175561987	0.4444270984362364	0.3348774247416308	0.6179980920973541	0.5472602372978386	0.07832018711507409	0.09921115197018754	0.2799464213466343	0.4318689738128214	0.4027587282863557	0.6584231627197412	0.3084815184222079	0.2726246217258025	0.476738908253635	0.4708724410061425	0.4521318079178824	0.5980051261507759	0.5702207973121494	0.07147835813586106	0.2543850099208979	0.3286763058592206	0.2913539921134553	0.4340742864497379	0.4241627984424193	0.4235116795676727	0.4885729709984171	0.4951672580532488	0.1422698392684774	0.496207213090459	0.4938679143508744	0.4855038592497122	0.6360689141439477	0.4255863069456745	0.3632212630588291	0.4917872534517718	0.5320730946282721	0.5103565028466656	0.2368939259756837	0.09257720977355158	0.04193656471299317	0.04635605848891115	0.02566396148889092	0.0301697602052351
0.45	11.71615059	3.93300767	1.0436162	0.60491605	1.00237945	-0.02881769	16.44936179	-11.71567071	-8.612569969999999	-43.44985004	-1.71104559	4.22326191	0	-19.80663914	6.12729717	-6.50161432	-1.69114925	1.05203556	14.57342549	0	-28.31840971	-3.72473476	-10.23802789	0.03893045353633272	0.03623622012315485	0.03545319358241229	0.03152289693465891	0.0320816319844761	0.03193092704008543	0.05293703517335624	0.03864693828245933	0.04466488667010063	0.04628998916205617	0.03132188506427415	0.02189367283099118	0.02333267735894665	0.02389526932182163	0.02465108833798893	0.02459759912755775	0.03084581147063587	0.02704710536352386	0.02887764180538711	0.02953882801959566	0.03012053311392836	0.02460298827981981	0.02621938474339221	0.02642216963554704	0.02643171092134976	0.02865668883259869	0.02954449147856704	0.01921119796240275	0.1302542719289453	0.1159266737686044	0.07159120506990795	0.01000569277854373	0.0100056913280602	0.0100056879642549	0.02583955296740049	0.0280778323240762	0.02796404082604219	0.03245978907114701	0.02858676221566895	0.028143299694393	0.02926387789282067	0.03097179807625886	0.02936349597114198	0.9278422125007599	0.4914557479576593	0.0919188185737905	0.8072926102179356	0.7082850558225962	0.495779745622976	0.4965835412486975	0.4120580806646638	0.2819751271631489	0.6309898468485624	0.5548753676409428	0.09816664718884041	0.1098578990113081	0.2864961381753161	0.4301849097592596	0.3932231502132043	0.6482688465323145	0.3271969648441869	0.2895003848144128	0.4700506383283208	0.4631518971436483	0.4469787666289524	0.6911797703109079	0.6820063023132585	0.08334908025878195	0.2537434774048125	0.3343852751966287	0.3256329269514099	0.4259064369038897	0.4152769618044856	0.4147358190642849	0.5479981222301781	0.5188466987308297	0.1296676501505261	0.4797275532041584	0.4867772632078792	0.4787886515953942	0.6211713922686426	0.4293122257092382	0.3746682985631675	0.4887247460477396	0.5283534414998079	0.5046477947043532	0.2926786162647093	0.09550584575171311	0.03091748512249651	0.01321615452279385	0.01744079608971279	0.01205132915844423
0.467	11.58822586	4.28216105	0.88847579	0.60212076	1.00027413	-0.02888676	16.34581035	-11.73219371	-9.017567339999999	-37.35685216	-1.89198599	3.80574501	0	-21.07227645	6.53298745	-6.87659843	-1.09771014	1.37341583	15.1599069	0	-28.32750776	-3.99232708	-10.26223166	0.04291079768663499	0.03840026126171686	0.03686758808286384	0.0336485628441839	0.03427956957359153	0.03387244383152251	0.05383145497108837	0.03937752809128053	0.04302336707062687	0.05568760260445957	0.03419722486862799	0.02175651764002728	0.02304858254412569	0.02356699572667981	0.02430834129033387	0.02365759535597849	0.03384167760929861	0.02794507347956865	0.02952864235713168	0.03055256486705986	0.03028326587288697	0.02338224237642965	0.03019200918638415	0.0305200630874369	0.02685716240837898	0.02982563433538263	0.03072319333031225	0.02029356480998495	0.1287620465165594	0.1134645305963407	0.05839252423023346	0.01000654600737704	0.0100065443536796	0.01000653970935923	0.02682870112784193	0.02921239442102944	0.02906985724827672	0.03423071593884039	0.02969491292284315	0.02911598074460506	0.03053317295505499	0.03252350587076472	0.0306428230868739	0.9296001907183946	0.4612099508167047	0.07298665272964827	0.8105767169356478	0.7079889664334122	0.4747403956547153	0.5119367229856003	0.4535596575535377	0.3379703423808406	0.6324191690203065	0.5447422821086635	0.09200243386131586	0.1095989795429647	0.2769813112672404	0.4304573257385313	0.4067675455520345	0.6387258203283754	0.3117270457406523	0.274614142969191	0.4700630239561144	0.4649857768965071	0.4484792728194276	0.6319737285868383	0.6110257537038628	0.07424072675202309	0.2223472843582731	0.3212769327151285	0.2574906456987475	0.4299327920416951	0.4202223700319659	0.4194341659216501	0.5625851724308496	0.5248886139104241	0.1367304920659116	0.4762648690855316	0.4861355869300233	0.4784336232098545	0.6157562614712856	0.4330655022968148	0.3822267476666588	0.4898582966324616	0.5295412337872183	0.5044219412783604	0.1683693714955981	0.04880597521195182	0.03916198282040752	0.03411909155094502	0.04026296200989469	0.03034582018397898
0.483	11.2148096	4.53734217	1.11485223	0.59957293	0.99777902	-0.0288623	16.04338866	-11.67012826	-9.838744050000001	-30.79582786	-2.0911299	3.8785562	0	-22.18259949	6.67507077	-6.5668779	-0.3609172	1.61981249	15.40835592	0	-28.14740142	-4.09001609	-10.36954022	0.04341768924659602	0.03868055243070468	0.03708069048703534	0.03428113719147452	0.03492591712459683	0.03447404737190905	0.05726855270488787	0.03890943780226617	0.04253273447345647	0.06071776657462984	0.03544699660784435	0.02181778214331483	0.02288732302881672	0.02331367438845837	0.02399853075772775	0.02285063598541323	0.03505995826840284	0.02830060846882183	0.02964115951457516	0.03074139340385441	0.02980899818346135	0.02230604282358432	0.03239285417922699	0.03277214523034543	0.02679490862278609	0.03024378294690832	0.03117599848833328	0.02066258369227133	0.1451348318371675	0.1288798110976313	0.07519274994152092	0.01000674431578854	0.01000674206006092	0.01000673672591189	0.02739042734139462	0.02965425297069635	0.02949087514243181	0.03486666947758518	0.02999725372786602	0.02928644631150305	0.03096807975386535	0.03306393567385944	0.03108644247012926	0.9360151902365139	0.4581355911730769	0.06789162506844583	0.8261627686485224	0.7211142706810935	0.4732418651454758	0.5190028971016992	0.4668873695767468	0.3518917130109503	0.6453987326827277	0.5461779022590427	0.0815141762996707	0.09900385616648449	0.2640191058450874	0.4284754683873974	0.4087093255822982	0.6419795296463174	0.2999854120804124	0.2635707794937148	0.4697690005286125	0.464966984703607	0.4476522413015304	0.616818135510225	0.5894711008626264	0.0708215117988451	0.2133474832754525	0.3289195560463796	0.2236200812971229	0.4280594999365198	0.4182686051373606	0.4170651241596998	0.6001003445779466	0.5434017525594556	0.1344927507444642	0.482493479231224	0.4873783210030327	0.4795212767805578	0.6169268959854108	0.4297954483825734	0.3763774476060305	0.4893774180713893	0.5291724248563238	0.5047715033430823	0.1091486562172284	0.05832625213469714	0.05246618732293212	0.03823332523069192	0.04680299612807952	0.03581876839149985
0.5	10.682205	4.83310128	0.88197949	0.59742922	0.9945192899999999	-0.02750977	15.8890328	-11.3887692	-10.01683442	-24.14906898	-2.34072566	4.38677688	0	-22.95143974	6.94266709	-7.3186611	-0.00653236	2.10212461	16.53985556	0	-27.69628153	-4.47002534	-9.97709397	0.04051448966121097	0.03711213002624181	0.03611913859544823	0.03349969176994212	0.03410146808136769	0.03381093810379338	0.06367796559147972	0.03718415612928944	0.04313165980394314	0.06200925156883837	0.03522742174932532	0.02208512440376477	0.02282874137360611	0.02310364013987966	0.02368293042359481	0.02207585109454132	0.03465293853033666	0.02815815220494005	0.029229257922398	0.03012891719707865	0.0286384465844733	0.02123986467717818	0.03309702534602612	0.03345992633213622	0.02623716784137196	0.02996340324361651	0.03095950759738278	0.02036438196954768	0.1814192260558458	0.1640994253351376	0.1240919104176812	0.01000631249232968	0.01000630916050182	0.01000630364098198	0.02759494738475265	0.02945864029178531	0.02927972174527686	0.03444714387972448	0.02953157723136542	0.0286760045909492	0.03062296163910307	0.03266064121092989	0.03074980654381498	0.9478890859948828	0.4818483740713226	0.07599685713253274	0.8559990218206688	0.7493016315966001	0.4910968377816028	0.5186653353615066	0.4537071807371927	0.3254794103822423	0.6715509832936293	0.559361680610878	0.06539084230869927	0.07674813845980742	0.2459892462310881	0.4239916055369661	0.3992912128077787	0.6584366881508835	0.290504359655937	0.2549898739535496	0.4691318151173771	0.4630931715408355	0.4443942931355236	0.6438185419464914	0.6146480121843944	0.07266403353010067	0.225619099020998	0.3582684731067884	0.2197874131963327	0.4200523990752168	0.409171446508844	0.4073325635581906	0.6652330351898563	0.5767002570090533	0.1226747085210032	0.4991919599094473	0.4906608071860339	0.4821875690038422	0.6248296251252839	0.4190933072272337	0.3563892358737045	0.487222000544389	0.5272009135907626	0.5057401761566093	0.1076138810198031	0.1252567111352919	0.07249312419288594	0.02607313477200309	0.03787840270904055	0.0291542923069471
0.517	10.24465285	5.25178834	0.7464237500000001	0.595166	0.9910460800000001	-0.02656197	15.52815655	-11.2868565	-10.00069766	-17.64615517	-2.33688059	5.82457538	0	-23.77630099	7.31184874	-7.62439468	0.25800067	2.55567926	17.23835457	0	-27.41160086	-4.85354616	-9.948797130000001	0.03950316280592499	0.03685404494905448	0.03591068647945261	0.03324564697162296	0.03376864618275876	0.03356767008612956	0.0925182447096527	0.04537140150346514	0.06152980985552783	0.07021439577718372	0.03429082324006064	0.02276505976321403	0.02382702888212158	0.02424070964134721	0.02496166948837665	0.02404475996772575	0.03309596211104643	0.02846172308293093	0.03073135026521406	0.03051664882700355	0.02974815954663465	0.02323983793535404	0.03155915283552081	0.03186588036311478	0.02645512797865668	0.02999812457629732	0.03095683078902051	0.01916657061642077	0.2135443453656773	0.1890949664401966	0.1405524547582018	0.01000654415907717	0.01000654032750299	0.01000653421171196	0.02795874418690404	0.02969657136039031	0.02952171158009041	0.03438001801336871	0.029678649291447	0.02881485633498587	0.03076657897158177	0.03267944631408308	0.03089388148491895	0.9502982055750213	0.5377453564925196	0.07877398771036183	0.8702185990919289	0.7883973179321135	0.5310651366420286	0.4870928875841992	0.3680424481374509	0.2097902462285439	0.7188249403069067	0.6051770665730376	0.0655641723185625	0.07087659286552073	0.2063162539522094	0.4082029614887222	0.3636641487565957	0.7069968979345044	0.2681145118950546	0.2321395767760027	0.4667742876757963	0.4565393533309554	0.4348575155654995	0.7767335048403519	0.7659813189455793	0.07304794156550951	0.2235279448932033	0.3963060764812497	0.2844173994469135	0.4009535282583545	0.3873655391847743	0.384684607298509	0.7399343043590139	0.6190796392115488	0.09120273963411696	0.4785463291697016	0.4873590638030955	0.4778117705797412	0.6399051588274706	0.4175704280347787	0.3522579295177745	0.4914158223610346	0.540727283034085	0.5095206552827131	0.1636872185328083	0.1301859777920846	0.0609499100746778	0.01715523720804537	0.02230326259968703	0.01842600290692958
0.533	9.77822098	5.58197971	0.80238562	0.5933663300000001	0.9872366299999999	-0.02537151	14.98362733	-11.0972031	-9.67014344	-11.35209308	-2.44428587	7.13520236	0	-24.50836525	7.4537359	-7.70665495	0.35908666	3.19418061	18.0245827	0	-27.01904785	-5.09720894	-9.815908159999999	0.03781757369724893	0.03502682883523034	0.03371355641531065	0.03296235171143617	0.03331889917041795	0.03294425398022807	0.1133445894585359	0.05133699977602535	0.07017618236503817	0.08144111758720775	0.03467322736765729	0.02412244367259558	0.02436835317160525	0.02449445232514299	0.02508500563025043	0.02383824011150529	0.03221234663677269	0.02895225527019866	0.03194596809670126	0.03022185893759945	0.0288383446145835	0.02279816722460605	0.03773036610050466	0.03813368737709415	0.02645939846719365	0.03001455214594944	0.03073285942063341	0.01761579319503491	0.2358434874731419	0.2071496358848797	0.1629751333573188	0.01000660692240747	0.01000660171210969	0.01000659476880587	0.02818526064588297	0.02980736385155185	0.0296541108894737	0.0338441304347433	0.02981456581279818	0.02907314883801026	0.03075700604634663	0.0324092171832388	0.03086046681234113	0.9558976155411103	0.5958971927636649	0.08589624800187882	0.8916858109983186	0.826370340600146	0.5630462518168258	0.4764903204060026	0.3307738678187109	0.162143183584176	0.7493907453168698	0.6320013003639809	0.05558246208555622	0.06099708243949366	0.1610580154746779	0.3949600913253146	0.344440579538637	0.7432738967019936	0.2358396506272984	0.2016197379265517	0.4662479894131196	0.4542555394958129	0.4291063584827715	0.8436408707399623	0.8447401554814543	0.06496865308401296	0.2061354134961845	0.4190412102383034	0.2887233828077465	0.3887356649753309	0.3734065003645525	0.3701962586486797	0.7965655745771425	0.6508681578002566	0.08565299551208369	0.4698663921719574	0.4860235785281786	0.4763005526629046	0.6427039298944469	0.4180466283678879	0.3531839051022772	0.4929589237827141	0.5450841124979607	0.5104665708538512	0.1829134136971994	0.1017368569482551	0.04504058399826353	0.0175401209906426	0.02078777335030571	0.01454789722389111
0.55	9.536927970000001	5.82485661	0.3700571	0.5924121	0.98323696	-0.02343966	14.30562331	-10.76535039	-8.61463605	-5.78476803	-2.43648849	8.228339350000001	0	-25.50674321	7.65506891	-8.794354759999999	0.46700194	3.78515091	19.6297792	0	-26.68654524	-5.41133844	-9.386152040000001	0.03524702369659828	0.0314020796705414	0.02925310714500463	0.03261439408185842	0.03269600866780267	0.03186276277285122	0.1287602929317397	0.05582665073104013	0.07015157389616294	0.09709275722516349	0.03642243464806488	0.02632694912058212	0.02452037977824257	0.0238965860267415	0.02406835586695038	0.02143047654385238	0.03189164017323123	0.02969106529015172	0.03302493864579552	0.02920769879269085	0.02579527492181344	0.0198596437060907	0.05238206679910067	0.05304682325082173	0.02625051311805001	0.03001473939877937	0.03025959707117312	0.01551820252771686	0.2511040451416726	0.2205202673497724	0.1941627810399219	0.01000650862773688	0.01000650098739775	0.01000649288190046	0.0283028113190618	0.02980486682666513	0.02969346958709965	0.03277249519652008	0.02995631636058787	0.02948316866290043	0.03059304624774328	0.03181617517704152	0.0306453856920093	0.9653872421389111	0.6635728624186515	0.09825392054352337	0.9230840590281366	0.867967327434202	0.591037822702844	0.4855323129296422	0.3372428672411305	0.1765823396185925	0.7670691239497641	0.6431874112075761	0.03419799783055467	0.04587466837847285	0.1045572509888023	0.3826076362763171	0.3392175590016579	0.7718023092992875	0.1896454181941989	0.1596153775490153	0.4674871330465123	0.4559562533060152	0.4264219272519989	0.8529040603827744	0.8607693763590042	0.04741625702542399	0.1712674384053145	0.4293157660975815	0.233243611198936	0.381871576315768	0.365549450195651	0.3620564740274742	0.8422057546215083	0.6760393775987654	0.1053317581396492	0.4720671567914965	0.4864874157019186	0.4774650130137278	0.6335757847095852	0.4205814332681999	0.3592829095752755	0.4920441924871372	0.5408160056653744	0.5086961623164159	0.1676957409085255	0.03635320849832462	0.02277648020409135	0.02727589659261943	0.03314249880472392	0.0170352120474519
0.5669999999999999	9.51951107	5.92572658	0.27114649	0.59165773	0.97964465	-0.02204208	13.56562536	-10.45583331	-7.12244669	-1.64545874	-2.43187349	8.034284599999999	0	-26.66637106	7.55315092	-9.295052460000001	0.39624468	4.34087515	20.78142918	0	-26.66486588	-5.38487983	-9.096586739999999	0.03640625405240467	0.03349904154554686	0.03240249422723403	0.03364039406274592	0.03419053135350393	0.03357292809639795	0.1395442737572518	0.05950317591394997	0.07078794772475164	0.1104397105825543	0.03920290642430586	0.023244399448451	0.02189646594609026	0.02146671281285029	0.02175152849214826	0.01898574152994807	0.03348613984071117	0.02901667212611285	0.03255546099133928	0.02923526029232397	0.02506463327338665	0.01778822697757538	0.0609284837218204	0.06218477851063351	0.0256682179174456	0.03063791395498545	0.03173960315169042	0.01369148131196132	0.2337822708770656	0.1957653892357697	0.1804851850303114	0.01000656961671236	0.0100065595171639	0.01000654985123206	0.02856899529834763	0.02987497289577704	0.02979367493843543	0.03218344198335084	0.03010216633055014	0.02980168321585764	0.03054385522634741	0.03151252157420729	0.03056022615170868	0.9673196309865237	0.6495718660162147	0.08402861967544561	0.930877650482774	0.8847583562188732	0.6008795064295561	0.4679366127617551	0.2546663669447582	0.1383866061680917	0.8194715044539618	0.6989783821118691	0.03413987526189741	0.04088809892560409	0.08861074192698909	0.3465922734392886	0.2922440389745892	0.8124115245767073	0.1658333997481263	0.1389918074884888	0.4622968294032611	0.4453176070026893	0.4084090134512608	0.8932237317969584	0.9037707498442696	0.04518554814540057	0.1341896114245397	0.4431129321545886	0.298014319942582	0.3281421671618908	0.3034800006646027	0.2996313323835132	0.8913298550733735	0.7677283594467761	0.1052367162291683	0.4412723580361929	0.4801232356834639	0.4729567390981562	0.6009042445392604	0.4458471979354924	0.4066881526283983	0.4962478225904491	0.5399916174636248	0.5037967323896807	0.1488331437267741	0.02906649208709531	0.04223678194203705	0.02286884331598073	0.0303938059854291	0.01500653530766488
0.583	9.489618159999999	6.15814788	0.79469706	0.59039056	0.97650509	-0.02107798	13.3293079	-10.58361433	-7.19386599	0.30328753	-2.31105628	8.797404220000001	0	-27.38426649	7.20073335	-9.192744510000001	-0.42677217	4.97397343	21.72263692	0	-26.84723357	-5.21261951	-9.386720479999999	0.0347924894781418	0.03263576843088584	0.03211227044868353	0.03346730157906248	0.03409182109506188	0.03357124446036639	0.1228688984434925	0.05482952854295153	0.06180961824689418	0.1074412711521164	0.04062964994301787	0.02437667235826554	0.0218486882578535	0.02113680505990362	0.02110253746214475	0.01771921064476777	0.03510109457129201	0.02924428187557786	0.03184470080995137	0.02871851926509764	0.02379943217447034	0.01655616775447535	0.0667091060648443	0.0681146722644442	0.02583880359613592	0.03102304526626241	0.0320016334433566	0.0136463751307717	0.2150136762185504	0.1711225122064112	0.1620042765593704	0.01000658277542505	0.01000657376441356	0.0100065646847818	0.02816826879013867	0.0297968466630307	0.02973363017794406	0.03206016029735049	0.03021645539602272	0.03003089875543054	0.03056577495239757	0.03152261672555817	0.03056053237425373	0.9654331662191821	0.6335240309172234	0.07473568451668389	0.9329647618316962	0.8894768243977591	0.6024161585818171	0.4537805904924199	0.1920898305776981	0.0999488465802648	0.8605624437780345	0.7405076870591143	0.03448023698877665	0.03694481454133851	0.07247191663528471	0.317227639064451	0.2581656338408139	0.8400214208471293	0.1557536122078412	0.1295883621959651	0.4588758608022578	0.437977744920348	0.39554755376515	0.9272528629502782	0.9363158558420601	0.04505338923908142	0.1093941282741757	0.4499904746505318	0.3700425544336051	0.2862570578609622	0.254064561801724	0.2509113521873684	0.9262450749234425	0.8270884896483102	0.1202443182277312	0.4030828866115895	0.4724230908775414	0.466969485390938	0.5698937407602347	0.4702409847568043	0.4512059224887421	0.5018392592772749	0.5428559771144241	0.499674807303055	0.129164959980561	0.05612531964500404	0.05800968129116414	0.02025618901204096	0.02516480251981633	0.03188719929515584
0.6	9.460449580000001	5.99782297	0.84837347	0.59084529	0.97340248	-0.01866737	13.67521307	-10.13670497	-6.41278537	0.08279860999999999	-2.00091695	8.05703278	0	-28.21262039	6.5558755	-9.725954939999999	-1.13108693	5.29738694	22.79864456	0	-26.7248954	-4.9111972	-8.95602575	0.03020400940202682	0.02870435118722569	0.02834615783703431	0.03207348007034766	0.03238753911017125	0.03185750141025259	0.07664974507624192	0.04122150269666998	0.04209429427785841	0.08772263400504526	0.04088100814403989	0.02986530196375257	0.02437107450250272	0.02286562429878318	0.02204025889818941	0.01747256752766396	0.03693837370629634	0.03040234575722986	0.03080381307895832	0.02759288308260856	0.02184152148769998	0.01600945863390312	0.07044651162105028	0.07157774123148009	0.02678359336395725	0.03121827474651984	0.03107844173262994	0.01537724571149932	0.1924521868338126	0.143511276633027	0.1364099420682315	0.01000654974871405	0.01000654551005293	0.01000653923674341	0.02705054098090877	0.02956072234933281	0.02950582971056413	0.03238723992776897	0.0303134696901897	0.03019946722406575	0.03066154539164999	0.03184772252501301	0.03064634263746259	0.9594920397409684	0.6134233777343037	0.06921349817239306	0.9296062819935177	0.8827125404932205	0.5958398606786589	0.4412947433379696	0.141691191094068	0.05646434090663371	0.8954783093374908	0.7729664891677165	0.03526162822705229	0.03355190467764295	0.05412342195222616	0.2908431538549497	0.2327225429586107	0.8580832351443557	0.1581460821308083	0.130229611009879	0.456796606168377	0.4330191842986987	0.3862298657329026	0.9592450952368984	0.9624728326020991	0.04700326044317664	0.09378155356042724	0.4508080863974039	0.4583318439833825	0.2509806097503664	0.2111262037491554	0.2098065359145219	0.9513158166529736	0.8615397844785587	0.1522305143851581	0.352725058589611	0.4624244631834107	0.458754845178671	0.5366679604001297	0.4968120170847996	0.4984009403888497	0.5095174321334678	0.5497671295741222	0.4958151464207106	0.1062326667016096	0.1209120446167895	0.07206679067011339	0.01911135189280767	0.01680186297468404	0.06978728700836112
0.617	9.58086065	5.60760801	1.170863	0.59168501	0.97094769	-0.01631285	14.27640057	-9.52118067	-5.94984089	-2.0028524	-2.17130193	6.70140195	0	-28.96153503	5.48397606	-10.11549605	-2.27271643	5.58830754	23.71579546	0	-26.78676963	-4.23638603	-9.001679279999999	0.03345118963876895	0.03310555795385137	0.03362572700347852	0.03159160121593269	0.03194043445561637	0.03197670587430641	0.1183140064653994	0.06556999452447403	0.09143992533865863	0.08886436490371473	0.03492868170064083	0.02856480482546431	0.02621072751165599	0.02603826029189451	0.02629606506842581	0.02710591236507538	0.02997184686045602	0.02990315376177886	0.03577405901614585	0.03013691543894587	0.03044596364630112	0.02863006137737902	0.05048736882979667	0.0510149142326605	0.0281379459977556	0.03061653767468656	0.03158407279698162	0.01407986196530323	0.1399313762501599	0.1121262451804978	0.1115347509462683	0.01000656265254715	0.01000655885143394	0.01000655275567369	0.02578831764358903	0.0292294965791423	0.0291689677358249	0.0343964786663356	0.03039911011101624	0.03026913106783672	0.03094242900215876	0.0330584805803898	0.03094621653039975	0.964275952261308	0.5214162545189497	0.08078375215216191	0.9267255110509158	0.8500089923850667	0.5537280715773848	0.4571652038328716	0.2029018529639471	0.08728233910464592	0.8724006160144955	0.7406379812778833	0.02897245878206169	0.03366122052471544	0.05091038481006367	0.2764278187607284	0.2598910758607836	0.822369808664104	0.1691814668676384	0.131428071808648	0.4602149300213368	0.4407188573543802	0.3942327933688856	0.9455815766609914	0.9493741700090073	0.04118899325616349	0.08819827941685265	0.4512979399692445	0.3893905659241094	0.2472061763805928	0.2102320692012548	0.2092516958215154	0.9421191996858975	0.8180997094012162	0.2351895575261996	0.2933714371188235	0.448404020483528	0.4482757423507456	0.4772534053978376	0.5358996583413492	0.5671275183709262	0.5202552252899452	0.5555810724634821	0.4880106230664047	0.1548162860010064	0.1112750167880587	0.06102062668568611	0.01513652407612283	0.01756751836392285	0.04770405933135911
0.633	9.81717246	5.53694734	1.81221321	0.59282228	0.96923459	-0.01431591	14.89137355	-9.318765750000001	-5.79959634	-5.19069081	-2.56784449	5.14951455	0	-29.66159189	4.55499146	-9.70084838	-3.68618849	5.4903245	24.03401842	0	-26.99803998	-3.71280189	-9.3950148	0.03479451807507546	0.03522636599497071	0.03621665573978031	0.03105751975126746	0.03144297011029125	0.03180448422160213	0.1458180495335865	0.07890946858276658	0.1199668345595035	0.08588648158808843	0.03079639942635353	0.02829433140662414	0.02844430933394761	0.02916703543547289	0.0297699305139877	0.03326025265641702	0.02543408802093517	0.02957408907537516	0.03845415665566305	0.03133608229898351	0.03473392956721605	0.03638167605049209	0.03467555356090204	0.034839541428923	0.02991030428475594	0.03034721535385159	0.03155450964320316	0.01351289604305455	0.1308548395980806	0.1127478807847566	0.1189901644695215	0.01000656464511055	0.01000656172792421	0.01000655462015715	0.02421676300588958	0.02877080971911832	0.0286590642219758	0.03884539307217032	0.03034681469976573	0.02993721935874897	0.031446958147739	0.03543140268486665	0.03156236606766376	0.9129356963470099	0.3943673459983353	0.07450716118154527	0.8929631131639838	0.7878178862578853	0.4868004612311677	0.4655374061817198	0.2409441876586845	0.1150876611402979	0.861856762458602	0.7176413851096303	0.0884400113698314	0.06095820060613931	0.08829036678272371	0.286917426158287	0.2795936113008737	0.7839807097319003	0.2188277985351446	0.1780328259578263	0.459173111962915	0.4407192636870618	0.3994233340938228	0.9379374118209047	0.9423666420198923	0.06510305222010421	0.1110266791183845	0.4490823104875432	0.370411638550655	0.2115116577170568	0.1796171845825617	0.1772538273800195	0.9277962072028543	0.7840185835513225	0.2824343966669804	0.2547523610014511	0.4392050840235593	0.4411778479849032	0.4399820601741269	0.5605846299387778	0.6103613699797927	0.5279092913544183	0.56119378543598	0.4833424564097993	0.1690350321633883	0.07775724042338672	0.05026397459785719	0.03949365004039274	0.0257673160335419	0.08849772079307106
0.65	9.673018949999999	5.5261068	2.34439852	0.59424334	0.96730292	-0.01184176	16.04067386	-9.146049379999999	-5.78469297	-8.9304597	-3.42596243	3.52554762	0	-29.6874013	3.72575627	-9.4625751	-5.59714207	5.43156438	24.83437803	0	-26.74738619	-3.33672625	-9.79764701	0.0344019107654846	0.03533187631572361	0.03644281013797734	0.03040447549326883	0.03083296303103025	0.03131930874555171	0.162599879664326	0.08290735912883401	0.1312408855929982	0.07841674864371292	0.02796762603689213	0.02902007252987711	0.03135101769716402	0.03264304662246559	0.03289608841557031	0.03670488093810655	0.02275787733279375	0.0293740186122183	0.03917911820244952	0.03134027952022616	0.03524141499055906	0.04023325448738137	0.02103458890575473	0.02102970121980056	0.03232221301083328	0.03037664249391057	0.03098605687707222	0.01360547720447221	0.164088009796065	0.1454538878963358	0.1597081093283976	0.01000655597547468	0.01000655449908503	0.01000654506325422	0.02213943273809799	0.02812732591175788	0.02791238122978569	0.04629009744600245	0.03015004653003186	0.02916224313316653	0.03223819897158825	0.03926310410150317	0.03257180994141263	0.7990537400087869	0.2163955386073841	0.04959915138921592	0.8240987885968554	0.6883653338457789	0.3866910783467309	0.4674578756781196	0.2605734870151215	0.1433559722680456	0.8625287669753239	0.7011021261419265	0.2210977300638327	0.1188549674320925	0.1709358656167887	0.3236231769723203	0.2942929662088917	0.7381173009812193	0.313290868591765	0.2758694677260615	0.4535409247358089	0.4330204540883286	0.4024503054983313	0.9353570801116281	0.9405743076361152	0.1217346947054914	0.1651203026277141	0.4438842442670874	0.3990226959413389	0.1394352389268164	0.115454689315739	0.109813197034847	0.906556465143464	0.7550362661976417	0.2998706367000979	0.2320404457228222	0.4336777867460085	0.4365739252854137	0.4201950065760339	0.5739525533267641	0.6335067266665576	0.5334363885849466	0.567306857613178	0.4812271256188188	0.1506662484590526	0.01616899347719016	0.03845225289564819	0.09522737053115114	0.04242623069224351	0.1972674790762113
0.667	9.552163309999999	5.52915323	2.79041746	0.59601189	0.96638769	-0.00960307	16.88858202	-9.053674969999999	-5.72493536	-12.286446	-4.75045818	2.38911912	0	-29.51137775	3.06303225	-9.00295936	-7.86876924	4.96248208	25.08865493	0	-26.49713918	-2.89915401	-9.965869720000001	0.02565078978604521	0.02746898437927223	0.02875204318393337	0.02786577990953036	0.02778639876357464	0.0280076827049603	0.09915707797359691	0.05817430249225664	0.08631761427528326	0.04992985036786133	0.02773235304030118	0.03624953622352853	0.0379118452940853	0.03872750116058469	0.03745314889762126	0.04245786946314084	0.0239733143715743	0.03100311046088252	0.03639085119550005	0.0302154650494885	0.03429064573149639	0.04814998651897993	0.02619010764629649	0.02610928832727483	0.03651867497077976	0.03078600441543953	0.02888588641607253	0.01572350115553503	0.2579585253414563	0.2372737427405544	0.2177155345853483	0.01000655569116886	0.0100065560879539	0.01000654646725276	0.02060593267392391	0.02749784579435666	0.02715417264094836	0.05537228180558659	0.029817943879561	0.02814143065119952	0.03300234120755804	0.04355422816679405	0.03364566232793537	0.7762592800007707	0.11429234067669	0.04849395949256541	0.8127235238879036	0.6418323135269309	0.3246553773789054	0.4624603679443485	0.2168945358972716	0.1104624507051834	0.887220081438385	0.7210487592520967	0.2064091016202262	0.1026609888297363	0.1525610022280234	0.306642640053945	0.2605168522920588	0.7364378430386698	0.3702700894659663	0.3312448146344192	0.4471261170238197	0.4204100185792522	0.3906579590152366	0.9530946276012854	0.9584773271044089	0.119019708000937	0.1679961737297607	0.4384147106375081	0.5291951361252054	0.08708281620282984	0.07380660428250405	0.06932244065166845	0.9229844409116836	0.7499986747106261	0.359499957955945	0.2236166583187764	0.4314203949544348	0.435638720995009	0.397124860320765	0.5811895739447385	0.6456215839457831	0.5376524964260738	0.5697154595952789	0.4779239364148079	0.121891603943673	0.05946240883177011	0.0289971065830219	0.1021144598035122	0.04232285703486727	0.2183161214471248
0.6830000000000001	9.273195980000001	5.69656017	2.86493928	0.59704554	0.96549513	-0.00661672	18.34520637	-9.080877579999999	-5.3046445	-16.39662611	-5.40460038	1.53521826	0	-28.69570377	2.73899918	-8.53242341	-10.8735363	4.24539482	25.00173229	0	-26.12995819	-2.80711159	-9.784837169999999	0.03242029995423712	0.03719822904324059	0.04143342986704671	0.02828731969095773	0.02882408921264069	0.03013328841482055	0.0918079350101495	0.06070549212336475	0.09188040898225691	0.03654267791809907	0.0254977371346105	0.03406607009412781	0.03801492418441195	0.04082485109785332	0.04132747749592562	0.05873234118107083	0.02238191058153083	0.03004817063119392	0.03566176534893432	0.03508973130014818	0.05096148319434535	0.0720226699428527	0.02357600808301428	0.02351011330680992	0.0379582156095352	0.03075803066141677	0.03134973657602646	0.0152390770579912	0.362264162598514	0.3489155181925662	0.3125650700573868	0.01000655429060062	0.01000655588572335	0.0100065441925199	0.01958638021408524	0.02704277195513595	0.02657543755403463	0.06230288815037263	0.02950569071729244	0.02720504798203777	0.03357877686043592	0.04688246792748894	0.03443079255080726	0.7526463656701583	0.07503579889128612	0.05084711252210034	0.7907719832555028	0.6115273579330128	0.302965428336153	0.4631369330989387	0.2220560973314618	0.1390130362003656	0.8711982318738436	0.7146672901901955	0.1569868234017522	0.1001942254272965	0.1395914341439708	0.3011568990326827	0.257017605548174	0.7202556021109363	0.3801739806983438	0.3396385149585086	0.446382634988708	0.4185486383844707	0.3883293566928582	0.9253816002499557	0.9330686944631167	0.09367061009471589	0.1642354915472917	0.4338219061275972	0.5399079197621498	0.07328097888916629	0.06608703776233453	0.05897563885775967	0.8861006236251845	0.7211735089813638	0.4001135529349747	0.2194119544871663	0.4303624603214017	0.4354997718913641	0.3781624607172549	0.5854477399883259	0.6527685260026763	0.5413292903008409	0.5724063449627631	0.4752482667724831	0.15355676185595	0.1829050020687164	0.0389344448330625	0.07511858255785367	0.03297819328553536	0.1587296530400785
0.7	9.199605910000001	5.26479866	3.33674726	0.60003684	0.96601903	-0.00385229	18.91922552	-8.55661441	-5.20012698	-19.81951213	-5.71276909	0.6976981	0	-27.76593763	1.53487356	-8.01940987	-14.45134556	2.98643587	25.07100315	0	-25.90561137	-1.99960029	-9.846625749999999	0.05555663004108415	0.06573576589062456	0.07607214352270632	0.03172178731022934	0.03407574568436162	0.03796182658886493	0.1396338079035525	0.09081732672604668	0.1486246190522905	0.03658183473820587	0.02098445133160881	0.02219674087549995	0.03167313922943486	0.03919726517643007	0.04500336528527141	0.08756260505663757	0.01778474048890795	0.02638983164444145	0.03690072493193162	0.04657236155353756	0.08733778206196183	0.1148353901869835	0.01286552777049791	0.0129072792808478	0.03682077750694407	0.03028922451258948	0.03868558862692818	0.01209165189964776	0.4900431262243695	0.4943344361838718	0.4561129076785171	0.01000655159869895	0.01000655386711457	0.01000653795471405	0.01895333130110216	0.02670522016419317	0.02610383408318028	0.06794824227345876	0.02917425539794262	0.02623604729203607	0.03403956038683165	0.04966385335367467	0.03502534188788731	0.7252633827256235	0.09371884552799671	0.05695275460651252	0.7555002241206031	0.593662347614785	0.3189099875881297	0.469572141786214	0.2767033664969656	0.2325765519404894	0.8124604870861326	0.6811600353234853	0.06665311063110178	0.1111463317994681	0.1304059653541244	0.3064802362808756	0.2833578201342516	0.6875477980820524	0.3442405286929449	0.3020997812388408	0.451217543376085	0.4272036409796366	0.3951734232408985	0.8487538696387232	0.8611723306320773	0.04251876374855067	0.1533681708074987	0.4295317301736157	0.4325001448067909	0.0963044973216176	0.09133104394020911	0.07747944142888194	0.7912945361231555	0.6649576232936973	0.4267881210095657	0.2189007462490408	0.4303717410177798	0.4361397093365234	0.360937507815065	0.5872593222129747	0.6558409205943491	0.5449263694435936	0.5757158743865661	0.4728656579865537	0.2496198669349176	0.4019270973426459	0.06950643492702487	0.01086525413846873	0.01322415647558139	0.01105976530419274
0.717	9.48952472	4.59258408	3.86994673	0.60323063	0.96753031	-0.00102156	18.29838654	-7.80362856	-5.39172436	-21.99970345	-5.57608451	0.4430491	0	-26.74086555	-0.03473957	-7.50519858	-18.67687897	1.20882762	25.00973201	0	-25.90882425	-0.83195449	-9.896628679999999	0.06007600051175754	0.07016657695732681	0.08112725189298486	0.03274188755869242	0.03522095837064321	0.03920488723385911	0.1119911570913579	0.07228841692648315	0.1212852610916078	0.02805696868669559	0.02138542169661645	0.0196499685545097	0.02825112041990299	0.03576253633244195	0.04235771662169779	0.0873165357459281	0.02058552716457999	0.02593361255906312	0.03225449730534456	0.04703857445108371	0.09021722375122483	0.1160871118440674	0.01378769507214859	0.0138436526777872	0.03413188914833219	0.03010209015035379	0.03947302132063785	0.05232853278234996	0.731898404486874	0.7376852398710553	0.733244605308556	0.01000654875884555	0.01000655293793731	0.01000653671906229	0.01865913385905175	0.02655890569325983	0.02581342272394974	0.0708129202669073	0.02865094975668483	0.02514076371282598	0.03433437751858037	0.05121799430399136	0.03545177578202503	0.6231873273168101	0.07794383745050906	0.05486441137807855	0.6811119664194221	0.5169301251146888	0.2799862554206669	0.472078793117233	0.2996981678950239	0.2798847579546337	0.8194935893411411	0.6839010783389319	0.3826565015499581	0.201774287585214	0.2219669249375671	0.344324194648009	0.2614544828139581	0.6465367890930922	0.4549056937196813	0.4221017710480519	0.4456594622956461	0.4147436758860548	0.3898731931923954	0.8471540001829401	0.8595663031597192	0.1408580456591675	0.2402037411148596	0.4220098314363213	0.4650495451060713	0.07983635058879705	0.07579055425702447	0.06269609073519423	0.7328655980241785	0.6101719549178911	0.4202341823494614	0.2176456437006567	0.4301871747620494	0.4367885702371324	0.3451738271583071	0.5825966822411424	0.6485294861243831	0.5477950351452344	0.5800392311497018	0.4709114496653219	0.168844694094512	0.3897130629278625	0.06578462649466699	0.08654275959202574	0.01935607855095311	0.06726365456905577
0.733	9.248654610000001	4.30116815	4.17269949	0.6053550599999999	0.96823193	0.00242544	18.40780162	-7.46979176	-5.67176196	-24.24079123	-5.21282355	0.6793899	0	-24.12430305	-1.09846672	-6.86824753	-24.47088839	-0.89933305	24.14682605	0	-25.4714452	-0.321296	-9.6726873	0.05585007552221033	0.06446746687847488	0.07378058701773002	0.03192549706688302	0.0338219838649082	0.03705368644827856	0.07222642197920297	0.04960306947279723	0.08142987792628972	0.02055331540707296	0.02131735898459115	0.02068879009257914	0.03019766977134841	0.03667555997653284	0.04284757387534965	0.08754270367355098	0.02206475012194791	0.02664553183841041	0.02867359042997756	0.04526992919093117	0.08647155288573438	0.1148312498758317	0.01436738024891199	0.0144217953579757	0.03344192860936018	0.02995709702644266	0.03706943669793843	0.107487365010873	0.8782396586250962	0.8826889201072836	0.8888724714900933	0.0100065422309156	0.01000654998879516	0.01000653605814096	0.01902256733476855	0.0267203001819814	0.02586593187698921	0.07075379611472127	0.02804010535424195	0.02411981592512058	0.03422372466533632	0.05086136394848013	0.03547547434910536	0.6047324196927985	0.08109087707701666	0.05359653111096727	0.665859033761193	0.5056343543773878	0.2857483987000621	0.467850303146223	0.2442316314547848	0.2356625828216916	0.8425228155883404	0.7176955484218849	0.5969081001677727	0.2215559161915817	0.2331081664709343	0.328955557557122	0.1897805034144584	0.6513848030513737	0.5251668276368378	0.4833248014864991	0.4379818480605941	0.3947286938834458	0.3412587898472116	0.884734802292209	0.8944657195568866	0.2050220370774758	0.2897708497273072	0.4159015135467895	0.5752635196038316	0.05571566987653682	0.05294333222178065	0.04328938851775147	0.7045130887677649	0.5838653004560003	0.4056581793007493	0.2108369749070811	0.4294029186518504	0.4368485980581062	0.3500747768833913	0.5746312272656394	0.6356585357260413	0.5489770080884654	0.5862451163116884	0.4718809737341871	0.1084604786400651	0.2697898097021563	0.05114395663961997	0.1461688343932928	0.04849439228673315	0.09508481225318044
0.75	8.76653527	3.65398651	4.37620617	0.60744609	0.96874134	0.0058974	18.2986939	-6.82157102	-6.37953076	-25.67973216	-4.40213385	1.38706977	0	-20.74521952	-2.44856782	-6.59734916	-30.84960789	-3.4412888	22.8218825	0	-24.694533	0.5117219	-9.760047399999999	0.04235061444874887	0.04792604689421195	0.05311381578753457	0.02917056702332489	0.02970395035393964	0.03123932413392559	0.01536901067806805	0.01992561593327804	0.02407654666067123	0.01313291823938517	0.02077175535652974	0.02544305818196706	0.03775610595270192	0.04205046406421422	0.04653416920293355	0.08826937983045907	0.02240731223068268	0.02861457939240177	0.02571039094640977	0.04104534511556083	0.07563256060730399	0.110910821536247	0.01467704394788352	0.01471397515643683	0.03466465082265659	0.02983612100036717	0.03117438668099241	0.1844630026137828	0.9473595454063113	0.947470936922083	0.9424499894958184	0.01000653119891787	0.01000654465104532	0.01000653588933488	0.02008906091271716	0.0272095779414481	0.02626792518642864	0.06776347929787731	0.0272653666403086	0.02304558545545667	0.03369377022044399	0.04854938349270201	0.03509939991001334	0.6675917964005891	0.1035533443608335	0.05299062877178979	0.7078348095636393	0.5583630640607212	0.3369166853362411	0.4563581106268076	0.1033704401212161	0.09438225465004273	0.8844268191086307	0.7867677543327143	0.7361893563117697	0.172963921194365	0.1652223451458946	0.2584532453718525	0.05937663451081344	0.7026978417016833	0.5638065721840578	0.493421751358987	0.4272249988915472	0.3646568222214834	0.2432534127871979	0.9661938762301898	0.9702330068732269	0.2430312369307632	0.3082653852213967	0.4104432367688288	0.7769188151122941	0.02092737009580415	0.01993347508007193	0.01683349699937315	0.7026929446968639	0.5827493281002893	0.3812381114823403	0.197623656269117	0.427920940673408	0.4363272962770667	0.3762529757059536	0.5623672754145279	0.6156192005995307	0.5486200348911904	0.5951092655177743	0.4758954207017576	0.06091919363977134	0.02716693101231108	0.02375434163000258	0.1971967378924278	0.1042813868998947	0.09800088306708156
0.767	8.000500280000001	2.84919913	4.57354357	0.6085691600000001	0.96924887	0.009249230000000001	18.31517998	-5.89888248	-6.85793802	-26.69203463	-3.2677265	1.50567735	0	-16.29337172	-4.01716676	-6.53854832	-38.02094824	-6.73915002	21.050687	0	-23.77125619	1.4371777	-9.14269897	0.08605729447085046	0.08498203255565856	0.09239254935230222	0.03554759792919616	0.03863810563248694	0.04417070627557212	0.0225099591130751	0.02526931469327548	0.04026232843967172	0.0135737056743542	0.01910318004632646	0.02113589867892617	0.03182460863177875	0.03852624045594366	0.04582608218438912	0.1030579468936005	0.02146945747268254	0.02623585539038933	0.02438816464753499	0.05420551765812365	0.1055624586035977	0.1302170774211531	0.01340636030116514	0.01343719511600696	0.03222075231944949	0.02935580670712601	0.040932027647321	0.2109992450188584	0.9708612507244119	0.971153333247911	0.9694565692444471	0.01000653059270846	0.01000654448497131	0.01000653764064239	0.02191749425225127	0.02799634677047282	0.02707624304231141	0.06076141289399119	0.02699578425114055	0.02293873344840332	0.03282081627518166	0.04422579993379198	0.03422996264226297	0.708521389296668	0.218749773028843	0.0810709803800323	0.6554465374046516	0.5496216121731164	0.3865444675274631	0.4757052316345605	0.3668201743153344	0.3527843785357595	0.7976511388212192	0.6466499787380284	0.5705031184727062	0.2900575258818219	0.2888941059334283	0.3694177468740316	0.3305492621026471	0.5996270222472231	0.5138640866926267	0.4991095557318085	0.4506628364426195	0.4198400802200732	0.4325209502385792	0.6873820562449626	0.6872812218382307	0.2155047777872597	0.3378666315388577	0.4140485201857069	0.5754336508830202	0.04714170321226759	0.04412299788137873	0.03517487348017775	0.5983905148493998	0.5324080817052268	0.3538622848884996	0.1793618076476425	0.4186546059787636	0.4304462130117818	0.372248895357135	0.5545053655929962	0.6055029143044091	0.5488428374402423	0.6041944888920612	0.4773168608844275	0.1452633836070174	0.3518908681592813	0.04670311753233573	0.1092267470027342	0.08202151657531376	0.03916346936567405
0.783	7.34128181	1.68943571	4.65097771	0.60861644	0.96984693	0.01258626	17.90042664	-4.53335417	-7.43118466	-26.90314992	-2.29455333	1.88304865	0	-11.85180714	-5.7212272	-6.39948994	-44.78546056	-9.95983846	18.1123889	0	-22.95348584	2.69854832	-8.41151062	0.1208154563117232	0.1146872724026654	0.1248962563946174	0.04011299698845394	0.0453683052288953	0.05452802456295186	0.02834474343742729	0.02907539623168167	0.05400503860945553	0.01354652459200855	0.01811413217954395	0.01767684487656362	0.02658973133642515	0.03455583246947597	0.0430648299911823	0.1093875273923951	0.02106803764102073	0.02444402272991546	0.02321013197004047	0.06422137525656957	0.1267484840334677	0.1393548514237976	0.01251918375038227	0.01254783233332491	0.0304163564423844	0.02913935757584274	0.04951357766700339	0.21653909508756	0.9838077288224871	0.9842384755116368	0.9846426901427543	0.01000653118338614	0.01000654481854493	0.01000654279050446	0.0248638404187005	0.02889572556433606	0.0280661793115191	0.05329925438959704	0.02699603002417915	0.02331600397237408	0.03192072278885397	0.03988318341272377	0.03327534535383524	0.7074901586695161	0.3231519796031833	0.1512453921680079	0.5997092599742533	0.5269296895753612	0.4131573082944576	0.4898834223034181	0.570290404495109	0.5204392685748005	0.7322152414171562	0.5440289254611486	0.4593321611159554	0.3904813569499027	0.3875656324798605	0.4443037665231162	0.5037062539994543	0.5233987325882137	0.479870803568938	0.5097382034592683	0.4682966422411679	0.4541455802753431	0.5313668286374625	0.506705605632183	0.5016078156876836	0.2226377763588068	0.3683732003643616	0.4246514779585794	0.3658656486842252	0.07290934355420026	0.06784528174935862	0.05428006654758581	0.532661405800897	0.5015979347991582	0.3255533380812304	0.1592507257900277	0.4099032329961279	0.4238965689920933	0.3687374461974131	0.5523744473401641	0.6050082071650316	0.5468305448826889	0.6061547974837631	0.4780783759086607	0.1606435797060861	0.549680593342787	0.05611994862283268	0.06462948290674049	0.05317639299795789	0.06103580370030473
0.8	6.92029171	0.28061868	4.47851521	0.60892412	0.97074469	0.01620334	17.16105078	-2.64117327	-7.57512142	-26.89253071	-1.33881955	1.40851705	0	-7.53859199	-7.76968925	-6.64702719	-51.24703516	-13.09074311	15.02212069	0	-22.3562919	4.12158808	-7.23896674	0.1509698702014759	0.1407549214161083	0.1546879002947695	0.04343743908350539	0.05073582409271572	0.06360594378198722	0.03360271169166862	0.03181962074079737	0.0670225159412456	0.01304797735705499	0.01768098077283441	0.01463351504958414	0.02139711440472192	0.02964293910650264	0.03790525609916219	0.1080493188891919	0.02115287525673953	0.02301510232842093	0.02202903882923941	0.07234490011070427	0.1418388900756475	0.1394663652945108	0.01190461722668706	0.01193471646055545	0.02902591370682821	0.02915971746510698	0.05799173049249984	0.2017750340784749	0.9878172894627962	0.9883620064962261	0.9899066173030281	0.01000653304478562	0.0100065456934629	0.01000655198265386	0.02929639268287104	0.03002013667227074	0.02936147602770265	0.04444423397164558	0.02726613468105422	0.02422455584286527	0.03088097807566995	0.03497870686436384	0.03211622088367667	0.6643692006907385	0.429810239905647	0.272285665609215	0.533655817593644	0.4874508059427358	0.4200818127330983	0.5006649564669874	0.7392149094330105	0.6183037860220436	0.6799396397209347	0.4660769628424654	0.3887801145719248	0.4867883932821169	0.4735708656034949	0.4924720567752412	0.6004922341883334	0.4644844365172792	0.457577562422531	0.5266362755072992	0.4823306420120107	0.4718615098942011	0.5521467827837061	0.4015799680652561	0.3900036126527697	0.2653218574668491	0.4035984128010964	0.4435774798090555	0.122018808241059	0.1014512461643438	0.09406561216750914	0.07653722533502337	0.4972894789202939	0.486467619018825	0.2927726527096241	0.1347765254640705	0.4005729001026713	0.4158596587155398	0.3652796970818228	0.5557081558744275	0.6140732407889763	0.5423316206488359	0.6012352298668429	0.4782751551524863	0.108982306449359	0.6452598222107631	0.05318193878780517	0.05783028759244868	0.01414037572065735	0.1663519278628047
0.8169999999999999	6.70569342	-0.88623136	4.40121407	0.60857087	0.9724618	0.01962466	15.80611938	-1.02056471	-7.75138841	-26.14039056	-0.4565019	1.3138345	0	-3.75999899	-9.325804720000001	-6.46681786	-56.57582008	-14.69154197	11.46870357	0	-21.9864133	5.29870993	-6.61587054	0.1265943332358613	0.1152238475113572	0.1247377113388348	0.04036279772644652	0.04551476311293078	0.05492773188106772	0.02878629097577907	0.02758090577575303	0.04879841159449606	0.01322276952268471	0.01885203906527522	0.01637465753324857	0.02346757507969581	0.03033139983268891	0.03608518101220585	0.08686453419957402	0.02406392871704329	0.02432131429228022	0.02235464966784857	0.06066851761423924	0.1125466838301569	0.1096949134853031	0.01250690975308742	0.01253888836612254	0.02878551757364742	0.02913338140822586	0.05052356437318228	0.2244401663825257	0.9894180196255995	0.9901774935119216	0.9923502363250977	0.010006533848974	0.01000654614302915	0.01000655455165256	0.03719540891915242	0.03140745051108777	0.03100194811518571	0.036523949767438	0.0273092748513037	0.02476957902527487	0.02981599712243453	0.03076948141140821	0.03087996571983735	0.6004764886856744	0.4596503996929551	0.3843707227250452	0.5414962944062972	0.5220722441066077	0.4855593250725139	0.4874473933792957	0.5125409513152031	0.4395606415809501	0.7136432362980847	0.5689604555919058	0.4367553344155989	0.3849300941035129	0.3508439034990478	0.3577035459170447	0.3214026965198354	0.5367398163025702	0.4782313224250671	0.5054407688208942	0.4753401870975066	0.4602215132141468	0.2781792218230104	0.630125924772678	0.6304329193321642	0.3552462913029314	0.4532407684186787	0.4718768817644329	0.3551154201142204	0.08403376241214386	0.07809877733811411	0.06412061141128819	0.4905156926151928	0.4847134800263161	0.2077215142857372	0.1177330084382431	0.3839432476672118	0.3979292808980315	0.4454390622247073	0.5517153158704871	0.6085563559767451	0.5373127413108464	0.6125241537566422	0.4912109977311728	0.1054076951346667	0.2992922079341234	0.03640758302197407	0.0977817751390318	0.03717263409527471	0.1482321705758303
0.833	6.68310225	-1.82795238	4.16660344	0.60847703	0.97501614	0.02272453	14.13613605	0.42923729	-7.66442804	-25.18639256	0.24716661	1.15026921	0	-0.43788065	-10.55566445	-6.45085256	-60.99114447	-15.02597871	8.158362329999999	0	-21.88006016	6.21376302	-5.54025662	0.114800238594518	0.09822736705749822	0.101958859874703	0.04065373396941387	0.0442998708539176	0.05075978503714025	0.0235537387206905	0.02354914602372482	0.0332130110419682	0.01410367882865128	0.02128697250461335	0.01670158735480946	0.02261694324504261	0.02895752280890238	0.03285003213992153	0.06420940310961067	0.02945405068403583	0.02481632505553021	0.02217712277562695	0.05027255383943116	0.08418289490137665	0.0777343439622618	0.01350193122789424	0.01353948706519444	0.02703171087411107	0.02897226770275743	0.04575084331010072	0.2222844199887307	0.9862253134473418	0.9867365198449108	0.9895013807014752	0.01000654047183525	0.01000654931523076	0.01000656113948663	0.04545715657752818	0.03274108554170679	0.03264218258218592	0.03000171467363691	0.02745454827655668	0.02556552227408979	0.02882228486776897	0.02722678128854166	0.02967280671058107	0.5774704180367558	0.4890412150148254	0.4579672115265087	0.5485945663709992	0.5444942364882281	0.5233112527059105	0.4813102311290792	0.4105515728029527	0.3621204732764777	0.7374153055492573	0.6210175521863119	0.4474205702539031	0.3284743548148867	0.2891092040982294	0.2909331256417341	0.1982100368579674	0.573056311510687	0.4859027309298561	0.4963656481214928	0.4717830638993067	0.4491468930231505	0.1673324092129087	0.723115950654539	0.7300413456142192	0.4077487630382142	0.4804046140549688	0.486177044873375	0.4763392218587141	0.07392665327002527	0.06839346022635882	0.05699434881267367	0.4861610062424825	0.483316261732282	0.1469780604457703	0.1178785711734805	0.3778920120180441	0.3893368852924824	0.5070794040627198	0.5456342067311687	0.596055605483359	0.533634420155655	0.6190397284517198	0.5006470865535635	0.124787333477437	0.2171645881049682	0.02647048194024956	0.1171092412215808	0.04537764784721299	0.09860764150872772
0.85	6.59906963	-2.59227175	3.77645483	0.60791474	0.9777004	0.02601056	12.35558792	1.76016498	-7.28115649	-23.83506532	0.77188008	0.7899319	0	2.84871121	-11.46257636	-6.49986533	-64.65184067	-14.39129491	5.05901278	0	-21.82440142	6.81309776	-4.52280139	0.1141133244472781	0.08764091999779913	0.08350398946935794	0.04434661484277839	0.0469392857832996	0.05058110989471395	0.01725098589451688	0.01922037151570925	0.01831813921459615	0.01580081893820051	0.02529014777076604	0.01565517074196189	0.01873888992143067	0.0253495734071697	0.02779541587327368	0.03725203423305651	0.0379970064035912	0.02456201096357714	0.02147426729104684	0.03985751331442909	0.05320204967320935	0.03958958553500682	0.01501405933545835	0.01506158739515513	0.02354526777077711	0.02865623713551813	0.04307697717037003	0.1950383265978656	0.9778400826557404	0.9776089637868173	0.9810039434792076	0.01000655374122703	0.01000655560659294	0.01000657256963534	0.05511435411529524	0.03418774614295516	0.0344872087370783	0.02406224930351722	0.02772011413496978	0.02671187849541189	0.02777562727984009	0.02390776898040591	0.02834384897975077	0.5924752299128681	0.5216565377864915	0.5022746931137877	0.5558379174833378	0.5575195321352994	0.5380565865874621	0.4814863244350611	0.4204981015822297	0.3763032600705685	0.7542273561308489	0.6287553896999838	0.4221089765666249	0.3103642080051609	0.2806499299759381	0.2838144934148962	0.2155151727449974	0.577973484042644	0.4815507139999966	0.4982765233216696	0.4712146320176358	0.4372533217973374	0.20575049337714	0.6921737989460698	0.7012799447841898	0.429392081639607	0.4884854304145023	0.4882654895244993	0.5008431886926002	0.06986653009522333	0.06373649619327391	0.05426765471435305	0.4836810840055741	0.4821013118499682	0.1029493594597283	0.1352314090116877	0.3816627886990221	0.3890084224481991	0.557905765325611	0.5367046898140577	0.5750083954971444	0.5308368670388628	0.6215964007889606	0.5077629327224569	0.1695436762705162	0.3886110102446555	0.02212849790741618	0.1182286191004141	0.0397810436954643	0.01127527452810933
0.867	6.96782915	-3.01341594	3.41557749	0.60802605	0.98126283	0.02862299	10.02506192	2.5813331	-7.02895438	-22.5670689	1.37167372	1.16160794	0	5.23136658	-11.91906248	-6.5788276	-67.23377919000001	-12.99339076	2.91557518	0	-22.10124015	7.13281322	-3.49709569	0.1230516127226029	0.0957897174536836	0.09043316248012279	0.04666098253297239	0.04985936558103471	0.05395123817987353	0.03929561516274702	0.03323941271829191	0.04447633919288712	0.01787246006567071	0.02456184823887178	0.01471719416783059	0.0178874525506796	0.02514786345248833	0.02773731618684925	0.0387923955585419	0.03514705919857475	0.02330882346690443	0.02253928013658429	0.04031452018400324	0.05287175585918984	0.04059176539193889	0.01387692595034823	0.0139025976019522	0.02278496916168971	0.02846096638849474	0.04562376676121434	0.1030999920315771	0.9808366164437323	0.9801756902274308	0.9828595386252491	0.01000655705791963	0.01000655717788093	0.01000657479060101	0.0660128307783967	0.03567199655292884	0.03649860064969984	0.02092808041221741	0.02818007881940009	0.02836821569896814	0.02688483732882942	0.02184530912003812	0.02719755820591282	0.5256320651567172	0.502219772106923	0.5011815224030702	0.5306958670298928	0.5361153254534313	0.5257735254357488	0.4816895590047736	0.4306741775735891	0.3245959759108219	0.7365817075456718	0.618224212781009	0.3898191704392521	0.3256411379955023	0.2989835867806334	0.2968130096693559	0.1971527986152596	0.5751862213138178	0.4739737607238042	0.4940297654257905	0.4725679919719574	0.4198857671137187	0.1656822694747243	0.6604128950801256	0.6696285701953066	0.4366465550681965	0.4944496762755209	0.4944424256313545	0.4261828803026568	0.08385076226507085	0.07943678669009356	0.06607169298898619	0.4777673072915831	0.4791536198648239	0.0834077787534924	0.1741479757868771	0.4084225941209086	0.4056023519274692	0.6335742748353534	0.4926528681601446	0.4779386907803821	0.5222942211857141	0.615805778146585	0.5175865803548602	0.1000196357300919	0.3567548308530476	0.02807015252168968	0.1128979947754833	0.03847667666925848	0.1829756417899338
0.883	7.29565514	-3.44831665	3.14557437	0.60756661	0.98490081	0.03104213	7.39686621	3.44790123	-6.70512807	-20.53192366	1.68238413	1.14604474	0	7.61567849	-12.29648054	-6.38527982	-69.22362661	-11.29935087	2.20006523	0	-22.4830759	7.45450568	-2.69784104	0.1203370424653895	0.09390680705984217	0.08747350408355631	0.04706412409619725	0.04995606501351214	0.05321114703103876	0.04829029299679553	0.03855023040599449	0.05382633463556022	0.02004668078715153	0.0253088471414646	0.01450129925672744	0.01756690256063346	0.02550103312455292	0.02806428260705176	0.03836781295907619	0.03405918315521468	0.02297749221315843	0.02332716918720283	0.03907965708974455	0.04983833562640712	0.04024675195475771	0.01461637983162574	0.01462170776298826	0.02236428293974739	0.02836036124172335	0.04489789313981516	0.04728799464417138	0.9110741396675878	0.9087874303065089	0.908244257737536	0.01000656410718935	0.01000656044227154	0.01000658070062952	0.07497504022140698	0.03687999198454198	0.03824407636891729	0.01858792593837109	0.02864969916223664	0.03018245222993217	0.02601501107756325	0.02008506109772844	0.02613399380492715	0.4857411525382823	0.5009336637878503	0.5214323021537772	0.5153751795587704	0.5252569498398681	0.5236768578191754	0.4818258304566552	0.4360557586202712	0.3221603327426398	0.7205199619498206	0.6101621734947648	0.3570461681678557	0.3271901172853902	0.3083905019454458	0.3048687729390185	0.1976383830760491	0.5730451038140456	0.4668194998427289	0.4896324827499526	0.475509202096144	0.4286583344909511	0.1736386894855677	0.6179810656193334	0.6295363207173309	0.4522554746460477	0.5007620497315159	0.5010416145278185	0.3904844570000347	0.09559481827367421	0.09408760379637808	0.07569327885823793	0.4726988806507	0.4767664443870478	0.07251195505299923	0.2252529068895244	0.4290899189064203	0.4195572377117822	0.6816965453762377	0.4572938991907184	0.4012393893119369	0.5168027117837187	0.612558846132328	0.5238291224231464	0.07840052481388238	0.3091232638810066	0.03551399265084091	0.08834501963995393	0.03463544983054381	0.2594205368183537
0.9	7.95005523	-3.82935354	2.77158758	0.6082771300000001	0.98859238	0.03347905	4.29837246	4.26699209	-6.16039568	-18.43827119	1.89601425	1.14590652	0	9.32894771	-12.65732224	-6.22178317	-70.51438573999999	-9.56136596	3.16634028	0	-23.08136925	7.60238554	-1.79691082	0.1056302923934864	0.08175682501704459	0.07425505698008758	0.04560643222785607	0.04724147150979159	0.04826832505460531	0.04535935412591827	0.03581667678977973	0.04753687497294933	0.02259525869282807	0.02762451934136862	0.01498049914476454	0.01773717120253646	0.02645322863237154	0.02881718593640651	0.03592521360972598	0.03459739376809108	0.02352660079562092	0.02393642057422977	0.03599856614487065	0.04372261144576318	0.03851141854381539	0.01732485271445059	0.01730880664839285	0.02223062332720735	0.02834184605185754	0.04080862210349757	0.02062583476222319	0.7598323427302891	0.7545206515339362	0.7478311907051045	0.01000657577019491	0.01000656580781359	0.01000659103847444	0.08312125862470235	0.03796273186674622	0.03994182035963283	0.01674926657274742	0.029187677706334	0.03238136765467448	0.02505742024463331	0.01840699391068816	0.02502021022667056	0.4678161279802597	0.5176374492893898	0.5655583798347475	0.5079607691360806	0.5235871083429148	0.5315045002856704	0.4819121727221912	0.4373155423531114	0.36869187517	0.7040344011438148	0.6035615169304706	0.3196933444685112	0.3152047682860606	0.3100465398659765	0.3089887536325918	0.2170326241849649	0.5712824918558559	0.4591936487466362	0.4845350149596764	0.4804059136557192	0.4646675948511891	0.2306143059110264	0.5595743318810943	0.5759916651655158	0.4781699553203918	0.5082115974644871	0.5088879548259493	0.3892856158719069	0.1065667051221087	0.1095202996504129	0.0843351105557647	0.4678422507528143	0.4746413884819185	0.06889991039568701	0.2949343187074605	0.4462481786537458	0.4326174405241774	0.7082878607658744	0.4262079117846008	0.335323078408254	0.5136759001576272	0.6114497382444077	0.5272708766858514	0.1019839546573621	0.2397623634570286	0.04539049831101371	0.04150057180188492	0.02777720982448094	0.2501655714919198
0.917	8.72924282	-4.03882903	2.50567051	0.60828796	0.99205544	0.03508825	1.09546527	4.74186815	-5.87308444	-16.31960746	2.06097927	1.72805219	0	10.72640809	-12.70007297	-5.98924742	-71.026973	-7.8673553	4.70402348	0	-23.82987481	7.72754606	-1.29898021	0.09802412136177853	0.07396060809745858	0.0644353479574996	0.0465419273955836	0.04715131420394258	0.04620002278378911	0.04079201784853892	0.0356399267126692	0.04199854233421622	0.04107720164871836	0.03162695293282564	0.01498250873572853	0.01715940768574155	0.02553010141430693	0.02790430610656838	0.02859244433293802	0.03877715213708495	0.02372940239267359	0.02416706103204105	0.03294054302599331	0.03544306521194103	0.03046505844346783	0.01996931788020479	0.01997324127392431	0.02119894636772493	0.02804910221868055	0.03850217824636918	0.02256397563915607	0.4396690610703657	0.4357836424866521	0.4283624859016414	0.01000657823759117	0.01000656692712242	0.01000659330239085	0.0941433361796721	0.03941457709586842	0.04219077024566843	0.01581132027701124	0.02987849178661528	0.03553803244916338	0.02425348462471368	0.01746802541694813	0.02410267663153699	0.3653074363587662	0.4635630201047128	0.5498981229999045	0.4731445337848174	0.4940330836646146	0.5147092852981243	0.4785285230678356	0.3971348986922123	0.3015868271528293	0.6977069357165433	0.615584628109229	0.3616129746874845	0.3390498934505272	0.3304622015031277	0.3169633486051252	0.2218583996422091	0.5849407335531834	0.4704664703940966	0.483237562380315	0.4694109650154525	0.4067922015586034	0.2271496141911214	0.6222731864549057	0.6328757317924103	0.5135091852702178	0.5210128516527068	0.5167532284834128	0.4587566221364959	0.120734481687871	0.1221961965081194	0.09872288122780404	0.4631258863265537	0.4719483902037094	0.06938512351777136	0.318654537590271	0.454186579221073	0.4394054834820226	0.7076514009054612	0.4265119131478247	0.337051072828967	0.5157051386522016	0.6130310099406462	0.5269548999764975	0.101526074365005	0.2994953574825543	0.03719266356582709	0.1693990930350091	0.02834487025553191	0.1129618346797989
0.9330000000000001	9.2986284	-4.07163616	2.09134924	0.60844935	0.99525801	0.03670367	-1.88244474	4.95318822	-5.74802145	-14.25762603	2.1212888	2.27080215	0	12.08230845	-12.43564859	-5.87896824	-70.65369548	-6.61348807	6.18578831	0	-24.39869827	7.57180831	-0.13261717	0.09238995314818052	0.07029849562653177	0.06025084463721392	0.04675623046981946	0.04693190969510271	0.04516887604149863	0.0494596260277071	0.04775565008448593	0.05447902289217882	0.06938902169254332	0.03365174315672754	0.01489193615444273	0.01679842931476612	0.02499047082271216	0.02761128155997974	0.02558128810482747	0.03867607617529116	0.02370612930638842	0.02581556630128196	0.03155038859223001	0.03181571603843644	0.02761264672472553	0.021466468281317	0.02142176885999501	0.02034228453376171	0.02774478002199258	0.03764322517288435	0.01970667220498092	0.2120993099669016	0.2098927441538985	0.2036069041318014	0.01000658820782149	0.01000657144269911	0.01000659963583896	0.1054673206341497	0.04086597272350861	0.04434824262954853	0.0149882782978397	0.03066536982676115	0.03883653686760333	0.02357460360629002	0.01664773118541693	0.02327403172628016	0.3091056362999087	0.4438646755318105	0.5580729133880558	0.4528291749767375	0.4804936156859716	0.5132621478636551	0.4755595145476863	0.3663460125811633	0.2667059156765839	0.6979347379429217	0.6286163678522942	0.3766444086650614	0.3391568150051492	0.3321606866238693	0.3098474204339548	0.2063520993819764	0.5980253423536031	0.4749594191955819	0.4776901206447322	0.4673952927572904	0.3892250902019341	0.2148422226702862	0.6608925170626123	0.670801144675069	0.5409607166871888	0.5315258319822289	0.5327007234665827	0.519243393682623	0.1286979999916965	0.1291373612449724	0.1038714711405316	0.454843354917383	0.4677119729704584	0.07099658122117154	0.317721205977363	0.4561835491753504	0.4411754399757242	0.7081852524025697	0.4314996453575833	0.3483056718945454	0.5177742357137523	0.6158114751326524	0.5269967027620032	0.08551671552041282	0.2405396954114075	0.03203152985026228	0.2394144900721857	0.03111715642317536	0.04389923510853431
0.95	9.867665840000001	-3.89855563	1.29361924	0.60742052	0.99776345	0.03881754	-4.4926733	4.9133864	-4.9360988	-12.73784666	2.3495717	2.41069959	0	13.16635955	-11.99960887	-6.24686197	-69.46916874	-5.61853723	7.41253796	0	-25.10602223	7.00441476	0.8379347	0.08802351672599262	0.0703127235453983	0.06117848410419483	0.04627612933484314	0.04655583241966695	0.04504599148494758	0.07244562968581869	0.07367831232670684	0.08653837671658225	0.1110696963297808	0.03395198879106207	0.0146974598282464	0.01660911379323823	0.02476688303363792	0.02790148422831703	0.02651535039688052	0.03428153138748555	0.02345387240097979	0.02908799954060763	0.03165433353936033	0.03238714527856131	0.02959763192274568	0.02200344771792623	0.02183545535486379	0.01955355509607229	0.02739083918720763	0.03812439374885746	0.01169676153042588	0.04867687053196479	0.04861159424408214	0.04546999767435563	0.01000660692716465	0.01000657991899075	0.01000661083049977	0.1185087100449447	0.04249834320312183	0.04668392155925813	0.01417726038783637	0.03164667158178984	0.04268919396229932	0.02293591706205942	0.01584357443715318	0.02243069489774297	0.29218550279633	0.4560801224990702	0.59110459979772	0.444475272860831	0.4812762709096556	0.5269821958029541	0.4726340210967248	0.3411002732560834	0.2596890268067333	0.7047462831012475	0.6442857036275493	0.3666665756484391	0.3155388981442547	0.3153543058682943	0.2867514780976848	0.168575435871738	0.6121718943571676	0.4732341137512781	0.4671992595359801	0.4741069378489625	0.4097703718615974	0.1921537074084165	0.6802597400301776	0.694508580423824	0.5639559909984256	0.5410646609942432	0.5587238766483553	0.5783067769535536	0.1314526998215634	0.1312114394530788	0.1004244540330384	0.4419593400991563	0.4614025846280095	0.07393571571881258	0.2920176574171232	0.4524887097608629	0.4381485545669951	0.7099561466943386	0.4417945749400967	0.3704937004881864	0.5201418284749734	0.6201386919694271	0.5274015103905567	0.05195470826801181	0.05552591948469622	0.0292619554498737	0.2602986875430616	0.03644060409836668	0.03434494783171816
0.967	10.31817182	-3.77706658	0.85132416	0.6065123	0.99966225	0.04018979	-6.99958913	4.8290739	-4.67698707	-11.16194813	2.48391202	3.01885862	0	14.30219559	-11.57000493	-6.40625232	-67.62425116	-4.82253508	8.26852978	0	-25.61816955	6.65587145	1.23710538	0.07597229561060603	0.06071945887325439	0.05264404603836514	0.04371101293730423	0.04356529224517267	0.04154102412357153	0.09235295799563241	0.1159481724430222	0.1294276224331832	0.171574286787876	0.03523213627831024	0.01576548024600925	0.01760375203866701	0.02504729461973025	0.02808755659061007	0.02600705991295942	0.03073439798378717	0.02458887739669566	0.03664369283838149	0.03096041169560363	0.03102580310846616	0.02901760212275779	0.02737174100758185	0.02766883333624631	0.02069297295634674	0.02782097951445923	0.03586813023355277	0.0113760621763478	0.03505224441782794	0.03352375703047962	0.03096129672261456	0.01000661349353679	0.01000658283881193	0.01000661378403558	0.133660165814274	0.04465907369550566	0.04980599124762953	0.01377951458176835	0.03263918924508894	0.04745401939457313	0.02224488654771389	0.01534876730945967	0.0216696289128486	0.2880359704727043	0.4725597438668193	0.6120764925887693	0.4358569741311082	0.4727282052585651	0.5206775336598647	0.4783738722598885	0.3948222831589344	0.3243811047096851	0.6901962101315582	0.6208638949524101	0.3552667456618113	0.3311710356297296	0.3397195490329908	0.3192819371031509	0.2217376102704318	0.5858436822040786	0.4684748908046937	0.4705203642174495	0.4728570328319265	0.4292141914591244	0.2614344147790921	0.638319724252905	0.6528853729178199	0.5700444882704077	0.5389351690513913	0.5574033617720844	0.5155710437315176	0.1687315827872575	0.1651370605835979	0.1356081671852777	0.3929194924578005	0.4347074186147644	0.06862717949664474	0.2597202458342223	0.4426211719605679	0.4279959853558335	0.7300053542112406	0.4483403380169146	0.3804560534031437	0.5269836110371604	0.6396128001443884	0.5335376173338979	0.07410277815221744	0.1173060889598572	0.02828992415339799	0.1350558803555932	0.03523823351577944	0.02192536645459934
0.983	10.88749154	-3.63539855	0.43310502	0.60653036	1.00139249	0.04154061	-9.75257133	4.72867894	-4.60590557	-9.537426780000001	2.46921372	3.29986744	0	14.91848577	-11.1151781	-6.68219512	-64.98539752000001	-4.03541083	8.69940549	0	-26.14824583	6.26605662	1.5952032	0.07164910252274306	0.05665629561076219	0.04843871482091321	0.04343118556239725	0.04299034196550496	0.0403106332692556	0.1082604477896276	0.1579353367369313	0.1720533242990076	0.2285391174124415	0.03635948140480168	0.01612136406632919	0.01779151311599296	0.02460725927828988	0.02804907104208944	0.02554414814224274	0.02827537792962513	0.0250450372580628	0.04303637002216261	0.03059079233592012	0.03033448007304154	0.02885334548570907	0.03242595873565605	0.03319958509160877	0.02089926631358283	0.02782741927079436	0.03466754068516507	0.01105996113148955	0.02793436572743002	0.02576894742402437	0.02395005201859996	0.01000662600535325	0.0100065885058555	0.01000662024057392	0.1502560893321343	0.04704362674259203	0.05299488665851204	0.01335950697973695	0.03336096958692776	0.05099635959532755	0.02167160222460102	0.01486390006361483	0.02096866335085705	0.2725512264628576	0.4649273293672828	0.6082621002223842	0.4275655663716681	0.4628047173334828	0.5108716575925469	0.4720702258853683	0.4111193212222506	0.3413293642141332	0.683512990982606	0.6090086693133672	0.3605620060830509	0.3460404275873298	0.3557330559775965	0.3373880034376611	0.2398888941594185	0.5680387125437263	0.4694660711821932	0.4731018256481766	0.4711310846662071	0.4317319474254008	0.2800829271386623	0.6301997262234122	0.6449691266082103	0.575656752705799	0.5373391763188511	0.5563792549679141	0.4888816961558154	0.2004703018508407	0.1928609174013361	0.1618740014016721	0.3436385777847013	0.407374943670922	0.06611314010122393	0.2235240651928248	0.4327023218913252	0.4184361198968414	0.7451228454023185	0.4576491257168511	0.3971175552004306	0.5331814030970008	0.6566426567211665	0.5381383871621457	0.06929847152734511	0.233649321790064	0.03012905812434453	0.07056777593313468	0.03176797516362255	0.06810109928290936
1	11.4777084	-3.35083145	0.27562302	0.60519938	1.00299654	0.04254182	-12.2958673	4.5381176	-4.27815544	-8.082359350000001	2.40609705	3.09854912	0	15.33988687	-10.4029513	-6.81420235	-61.56995818	-3.4679224	8.53953989	0	-26.86474867	5.79399556	1.93671898	0.07451353832642112	0.05761533835011039	0.04803682404965767	0.04540166878825892	0.04475911279570544	0.04120102006521038	0.1221565352920535	0.2048882007451727	0.2197436950472835	0.2890847920315479	0.03747494231134783	0.01580959676674619	0.01719586715988178	0.02339177259163673	0.02778121688919006	0.02506875111339093	0.0265970937182292	0.02487937196775205	0.04906511573992359	0.03049927304034937	0.0302267607928594	0.02908432993196846	0.03779787811815807	0.03911905459037141	0.02019822183743501	0.0274109634257549	0.03437255141014599	0.01070894576524381	0.02643349962447049	0.02437781422390871	0.02355985797430925	0.0100066460265911	0.01000659762850192	0.01000663100718207	0.170370971038258	0.04995007147526676	0.05664921971826596	0.01286473663148825	0.03390223515003615	0.05375900708965684	0.02114440355233169	0.01432836429388804	0.0202401775165194	0.2437956777655585	0.4322288271880175	0.5791846236527662	0.4185646236125808	0.4502653711437737	0.4963388330925865	0.4529351261763488	0.3920285172039451	0.3126523377581317	0.683861223260772	0.6072381235055407	0.3832142644648134	0.362005748011755	0.3653965150701866	0.3433329353930282	0.2252981980248198	0.5565313641685673	0.4763315524309643	0.4752663265070022	0.4687133498310893	0.4176383592562106	0.2504303085320715	0.6548847461880144	0.6697703107062952	0.5814943173590238	0.5360771837050555	0.555523542885323	0.4949025657794858	0.2306361968952605	0.2178484920085104	0.1825051859592704	0.2879564817457214	0.3759886004285021	0.06607934260812269	0.178904592912756	0.4214923032944791	0.4082739750076448	0.7571983066664573	0.4708845365023982	0.4225608936047083	0.5395099286619741	0.6733569937718588	0.5417789161038308	0.03694125006528467	0.4190985220790925	0.0350092491090817	0.05877336122288112	0.02559604674787637	0.1786441129201887
1.017	11.8066199	-3.17237698	0.08306794000000001	0.60368222	1.0037186	0.04356727	-14.41365376	4.4055728	-4.19406478	-6.86667437	2.48737761	3.31303035	0	15.76616183	-9.804401670000001	-7.05591861	-57.56832719	-3.03037101	7.79121356	0	-27.29247838	5.4113226	2.13158767	0.07878738414221211	0.05896082719455956	0.04836715657003934	0.04662641699838326	0.04594399927736324	0.04205412531425377	0.1275121688674536	0.2373211662225477	0.251046854782801	0.3248090761264461	0.03733405709893817	0.01588851672940991	0.01720934409226154	0.02313098274931115	0.02770552325382886	0.02495101992908573	0.02532437721336645	0.02498676969957579	0.05425896076933003	0.03042399103223996	0.03004777779890052	0.02887472015073825	0.0409766232360934	0.04304987536358666	0.02015713688397517	0.02727725305271859	0.03436661879004473	0.01067148218718734	0.02523792499515188	0.02309954255242183	0.02240398992818819	0.01000664931944808	0.01000659909792263	0.01000663418443869	0.1831123470168342	0.0521442291059832	0.05963132427649281	0.01276910589495777	0.03455236377835989	0.05719587074356933	0.02085420553726638	0.0142006974861111	0.0199057088683066	0.2579740411803856	0.4788867691249257	0.6366092086597042	0.4258051315420313	0.4672811840982534	0.5216948696750446	0.4119146657937917	0.3246426076622763	0.2462951688039879	0.6800578392577499	0.6252576554580502	0.3183009540297059	0.3091684676727678	0.3214869117425541	0.3033507570691414	0.1996423216734823	0.5842845139202922	0.4636898632257426	0.4447806953587077	0.4692073538461818	0.4173290633917746	0.2261665309754038	0.6547343475171794	0.6713708445151259	0.5796065683937281	0.5393239070543132	0.5802088896900917	0.5468898801255035	0.2440847768708468	0.2315034569125497	0.1883485500937801	0.2302784716192309	0.3269463718859209	0.06882897303900595	0.1682219307531854	0.4117033566204953	0.4011415579853399	0.7549419424863398	0.4875217237514839	0.4575831454330622	0.5442224671506032	0.6810347891900839	0.5426334026577868	0.06856420825418737	0.3016415023926206	0.03686930473629795	0.03697959274460579	0.03041534891892524	0.1767244305646913
1.033	11.88677046	-3.13531238	-0.17453747	0.6016699	1.00361784	0.04486561	-16.23488748	4.44121554	-3.92242711	-5.66717733	2.50735753	2.98015372	0	16.29579827	-9.552168269999999	-7.64319217	-53.17013658	-2.92666444	6.86424145	0	-27.50119715	5.15009212	2.45830581	0.08207403217131143	0.0599333378511699	0.04840566559563705	0.04803259590106729	0.04725172855176302	0.04288891072192412	0.1282427356423825	0.2627902845571259	0.2725679867951032	0.3531585536564992	0.03738844627477928	0.01606819637965849	0.01719511528297536	0.02278593362176576	0.0276138188984477	0.02482349244707415	0.0246224575676348	0.02519035473290036	0.05776384399688051	0.03033188213010499	0.02987080319071742	0.0287392210130963	0.04649022468186281	0.04971076839616835	0.02024900683835328	0.02713874739488558	0.03421689378860188	0.01062626402124799	0.0255801898170263	0.02320429056266649	0.02270354081339645	0.01000665430229181	0.01000660127063716	0.01000663834834459	0.1907798322737171	0.05338959746026842	0.06148751963496764	0.01265321395629327	0.03511481289381776	0.06014139465376392	0.02056658639773158	0.01402811103558551	0.0196129010694142	0.24413327695291	0.49390739134908	0.6641935408566726	0.4237220399702361	0.4717766226790038	0.533262686282584	0.3757519728163871	0.2825517545594619	0.2110979253645343	0.6796718604073904	0.6393560122522089	0.2835794854509151	0.2822431106858022	0.3022579343247416	0.2836832367850274	0.1858887711759365	0.6038013686635824	0.4577172552286954	0.4257227298272644	0.4677421590622033	0.4120538639319457	0.2138329311240387	0.6644989099097712	0.6828432759953108	0.5843061001337173	0.5432465601803087	0.5939711930776069	0.5897610456364223	0.2617422039394312	0.2500660125634334	0.2050762720437564	0.1940174002386694	0.2959862001205952	0.07163411398270535	0.1605744244755014	0.4050914982483261	0.3966760778268145	0.7511362125461216	0.4990824277970508	0.481777230539452	0.547428124857853	0.6860956773250886	0.5427245672571793	0.1159168220028878	0.2598253282545441	0.03167083246641562	0.02635100776993962	0.03403855039664344	0.1231625274362727
1.05	11.93123967	-3.08395309	-0.09274702	0.59962958	1.00311218	0.04542984	-17.93565797	4.4801182	-4.21022384	-4.6538031	2.62590609	3.2076866	0	16.66759302	-9.15819913	-8.06008349	-48.22218589	-3.1706338	5.56156965	0	-27.65508507	5.00259848	2.26017253	0.0847843134173565	0.06065443415201768	0.04815716475465049	0.0497959778591465	0.04884576677820474	0.04380972446418021	0.1244395564637063	0.2844791955407294	0.2869972325857277	0.3776769093129639	0.0376449084858513	0.016371095673773	0.01715140213086246	0.02231349406805738	0.02749464077862394	0.02467022773210473	0.02440359482531779	0.02551557519689135	0.06001787582601883	0.03021143272117757	0.02967371514228721	0.02866089512683736	0.05502788263618752	0.05993434531718925	0.02048531544486662	0.02697813324502674	0.03390466078063709	0.01056763899668335	0.02750307719282809	0.02470515175592326	0.02449595449058506	0.01000666159797776	0.01000660441823481	0.01000664401938801	0.1943318624660169	0.05384184758240803	0.06244983021349975	0.0125025743231617	0.03565988863584197	0.06296376930901494	0.02024559374128541	0.01378903163599556	0.01932515314498063	0.2005432895546967	0.4791682716384993	0.6653856617682921	0.4120549624507207	0.4643136167086183	0.5324882599911469	0.3399267106219596	0.2604946012576504	0.2026609520098393	0.6826550393533982	0.6512954884872865	0.2747096751560923	0.2778640074274878	0.3053059606395226	0.2818719345051721	0.1823183527199892	0.6175215352413487	0.457667152440192	0.4157101842212422	0.4641346161311566	0.4011533609442451	0.2118878089965557	0.6853990036648638	0.7056216590818729	0.5961803540464897	0.5483354747237915	0.5985307409713081	0.6288749580011066	0.2858156564845868	0.275856478417522	0.2347793170529465	0.1746406336814668	0.2792380636618594	0.0748454080571833	0.1550061357949935	0.4008302458814505	0.3943193495122527	0.745305400603275	0.5070117366447946	0.4981674095621759	0.5495276089971296	0.6891722691937485	0.542063805476932	0.1849181680299738	0.2884229778976042	0.01876402326569931	0.02555903317704946	0.03691855136574573	0.01126316564387981
1.067	11.65267514	-3.3235013	-0.30318292	0.59684004	1.00174262	0.04621777	-19.03649423	4.70981806	-4.19479306	-4.01280278	2.82740463	3.54493619	0	17.11397166	-9.108841229999999	-8.73112759	-42.85187852	-3.49645812	4.22947622	0	-27.52245984	5.05505447	2.68676476	0.09375748805767231	0.06787535905448103	0.05339091352926046	0.05276217415522964	0.05208843531602302	0.04676724916928113	0.1323855862879027	0.3214315082493694	0.3208706765686308	0.4137750914373393	0.03685127817289262	0.01533918531155345	0.01634073348939903	0.02133309196193981	0.02719476758727054	0.02475735375893153	0.02328358052318418	0.02451788279435254	0.06544751038077568	0.03031609776328558	0.02979652150489725	0.02864501724758507	0.05062305799837743	0.05492385238417552	0.01914821502989237	0.0262832983598823	0.03481917735165738	0.01051778654685655	0.0270299264652548	0.02427358358606634	0.02409444854997521	0.01000666783026217	0.01000660721117071	0.01000664275011787	0.1997391999922699	0.05470071509690329	0.06376464103318476	0.01241970526736796	0.03649623019504109	0.06632026408654743	0.02007311092179962	0.0137099124213667	0.01908602773482524	0.1811754546499703	0.4616670646538313	0.6575085659550655	0.4000414324786316	0.4545500772870368	0.5264567135633055	0.2086197701474453	0.2205275387812081	0.1739067971934065	0.6773161760549862	0.6566177032629236	0.2654364968768401	0.2702576216347848	0.3075964883773131	0.278543401923404	0.1647074788966867	0.6219809814588459	0.4578463235322278	0.4054159764304388	0.4576136134677984	0.3873668425966251	0.1967368664076995	0.693282852341753	0.7152994040402512	0.6058946187292558	0.5523160552492213	0.6007026790080682	0.6412765885040352	0.3062334039728467	0.2967232029948447	0.250228245893272	0.1607502421055891	0.2547316187890724	0.07587712439132899	0.1505725718012104	0.4036935873463272	0.3975122990366479	0.7461480562964831	0.5065057927823446	0.4979346508276562	0.5488937163900071	0.6876636730138648	0.541635085677576	0.1146314379438233	0.280370451060292	0.03085164344694125	0.06662593495109304	0.03815503210896664	0.1648835116207527
1.083	11.49518119	-3.429499	-0.36303163	0.5947988	1.00026827	0.04658043	-20.5940825	4.81430303	-3.51527813	-2.84774882	2.68645989	3.24320055	0	17.05834831	-8.81723416	-9.42750693	-36.95728405	-3.92942528	3.11180443	0	-27.51687873	4.99761242	2.58583912	0.1000121713980259	0.06977286764464444	0.05364615407562623	0.0545459321040813	0.05378973890232042	0.04804386366531251	0.1371247363625139	0.3447395993029522	0.3419466926386084	0.4369309976032671	0.03656731062841004	0.01538171624774178	0.01622277603285882	0.02121043890135999	0.02715688659953131	0.02476273140269655	0.02248341454978658	0.02449931892711774	0.06936269723154262	0.0302813916542435	0.02971290387419795	0.02854113958675619	0.05394241545761792	0.05910503449629628	0.0190780449487228	0.02603714849766164	0.03477844257549692	0.01046750468915087	0.02617671982259771	0.02356940806833235	0.02345715057710341	0.01000667487467995	0.01000661028152762	0.01000664825013612	0.2059308381870118	0.05559933370396822	0.06529195454957734	0.01237825768025121	0.03730932661049265	0.06986991410208876	0.01993357892148903	0.01363971627682977	0.01895003426035982	0.1818704502155048	0.4534195132889195	0.6479861676854199	0.3943623103939718	0.4465603235417034	0.5176964772324744	0.1916326481972417	0.2328247705950792	0.1981766812378473	0.6601328429325777	0.6399796993484317	0.2796167303201597	0.2905617481975312	0.3308850154303191	0.3012274006740465	0.1909750636782463	0.6029736789678432	0.4595761235914496	0.4109675286000309	0.4592159172853527	0.3979731309695238	0.2250493029760944	0.659703807041642	0.6821379901750906	0.610418918448843	0.5505633471114277	0.5955963115244705	0.6211236389180465	0.3331094191194776	0.3247480115211513	0.2813594835019281	0.1428866410920874	0.234436324996301	0.07846818580880999	0.1800754042431292	0.4130592603964629	0.4055106236802999	0.751911759459561	0.4943090841046975	0.472973395405981	0.5458278914013416	0.6821033026876696	0.5416523153958389	0.1011145981878214	0.2552811707514433	0.03774174616670233	0.08183005509880224	0.03773666618500242	0.2421635507927961
1.1	10.64502005	-3.83656668	-0.6494203	0.59187033	0.9972515	0.04714568	-20.92342839	5.12006188	-3.54241411	-2.57066481	3.15353817	3.95435802	0	17.88134784	-8.964148359999999	-10.28527474	-31.38031104	-4.41927995	2.90586548	0	-26.84793425	5.19342514	3.0312848	0.1043301988559613	0.06658414849627826	0.04895479146204343	0.05537022144930791	0.0541623404853841	0.04779914476427824	0.1392494004468662	0.3573169800831753	0.3528597828044078	0.4500391160814883	0.03675750990934324	0.01650400484936155	0.01678278507917428	0.02193020325374544	0.02737626269193883	0.02468703286887042	0.0219030761584503	0.02545756311178261	0.07225283473466554	0.03010297613042109	0.02941241004635189	0.02833627743674711	0.06540087469631412	0.07300053941756673	0.02026603394121173	0.02620891492558719	0.03377736460513563	0.01041050819135308	0.02483680643452467	0.02250460326300454	0.02250439832536068	0.01000668361178333	0.01000661401310016	0.01000666120694506	0.2136807318245856	0.05665003072948592	0.06722268495222658	0.01237305061342183	0.03820081493412809	0.07405642560758159	0.0198095562403148	0.01356966868431764	0.01890017353727619	0.2027151506969921	0.4533946736231501	0.6356281671756498	0.3943077059361591	0.4393456362544514	0.5051125214572995	0.2868419545275748	0.298923450675998	0.2785043396487177	0.6289571233458716	0.599301726254499	0.3190229046664663	0.3413144029360704	0.3780826076801666	0.3527594306009303	0.2644045551623636	0.5581237149569644	0.4630727776252602	0.433058784751218	0.4691418155610139	0.4342980121095538	0.3003641732727902	0.5804644871020161	0.6019922407532455	0.6103187906701997	0.5428582617931862	0.582573342585065	0.5658969905448912	0.3698032038178085	0.3634340050622302	0.3320644345799972	0.1188168805142738	0.2158152705594489	0.08294247498681145	0.2472024871759901	0.4300979741631245	0.4193141140236652	0.7633169729878937	0.4688970220271472	0.4201634863694403	0.5399469059075498	0.6717961119243885	0.5421176483465032	0.1426780437924686	0.2100189769324516	0.04029559426495261	0.07307190863864041	0.03561115785335751	0.2527632880565142
1.117	10.0098876	-4.02697036	-0.77822479	0.58937861	0.99449033	0.04708374	-21.52563548	5.24604923	-3.36715146	-2.30296468	3.52399058	4.16702883	0	18.00794401	-8.60990518	-10.64577553	-25.19828926	-4.76878533	3.16016581	0	-26.41048506	5.26776189	2.92002281	0.1044504593304143	0.06492162478538248	0.04700589887954672	0.05650207560243879	0.05499680102789967	0.04811811411618675	0.1315449330083462	0.3654789374949032	0.3523119851413077	0.4622381078496192	0.03780038115052145	0.01678930398029775	0.01666420458965698	0.02190691550781785	0.02730754825429678	0.02404330705384837	0.02272210408409891	0.02600596071052787	0.07368510311406309	0.02992556307112874	0.02906166685013526	0.02801275219650137	0.07809447035507164	0.08817839129467715	0.02065269106632273	0.02618692447834746	0.03363259361790873	0.0104386405369219	0.02553287487749811	0.02303292952998899	0.02303130809529207	0.01000668003281381	0.01000661254010423	0.01000666342843598	0.2212384724349737	0.0581352048487168	0.06942239850007421	0.01232649757180872	0.03902163262372042	0.0777849459570302	0.01971352597088689	0.01353613154644766	0.01875140509273637	0.224922930978952	0.4675523109461318	0.6357938053342718	0.4159974439958311	0.4625013865081293	0.5236618455532107	0.260478907852956	0.2613533082472109	0.2659548136340049	0.6140381760666577	0.6485769923567188	0.2567412828622715	0.2610883829695692	0.2863311014096884	0.2720471350712751	0.2244519786772033	0.6223729952425512	0.4563424562287422	0.3698706262378879	0.4556964393601767	0.3729610787714029	0.2579977502885175	0.6489953634559972	0.6631489073238115	0.5860932264043776	0.5554638801773968	0.5858844649024522	0.6535895571401222	0.3900466476157079	0.3840275882212459	0.3571901130668902	0.1066371317072942	0.1957154745339173	0.0779642374729568	0.29124576112457	0.4468222095732614	0.4319312595640495	0.775911206983835	0.4389331942044121	0.358104848819969	0.5366601720863595	0.6698222004360002	0.544754979794176	0.1813366625537371	0.3522069095764014	0.02526863686387876	0.06795722522809437	0.03510552436692321	0.08976652947997352
1.133	9.41122433	-4.35004681	-1.06316282	0.58677353	0.99140367	0.04671739	-22.05241013	5.40705689	-2.88019736	-2.26339213	3.90859145	4.02807208	0	18.04676301	-8.446364239999999	-10.94085111	-19.30331416	-4.88516414	4.43954096	0	-26.01266524	5.39295598	3.20782419	0.1000141973819047	0.06475981913293508	0.04803769215254994	0.05540274353103593	0.05396503564600097	0.04724949345689434	0.1300527384826629	0.3919299282578919	0.3697007949683379	0.489466253766954	0.03682030784985249	0.01645628444394581	0.01663320272921064	0.02166428650282295	0.02731094377502549	0.02446260347263519	0.02197718853497587	0.02578959652475936	0.07938441916888077	0.02999129563556014	0.02919887699398032	0.02818208300171855	0.07333240388633801	0.08255155518314886	0.02053584644410599	0.02634482617017368	0.03381526168195902	0.01040721033230781	0.02509262877912014	0.02268506569377168	0.02267058020112525	0.01000668752813479	0.01000661574989857	0.0100066674526187	0.2246225031037501	0.0587624656738578	0.07082485104068251	0.01224259279783955	0.03989794477970281	0.0821387459612144	0.01941035623620543	0.0133867078406786	0.0185134301712828	0.2509227402077647	0.4771891087360438	0.6308929851238851	0.4332528738377668	0.4795092039845352	0.5349116800660845	0.2234746776776629	0.2291201653218284	0.2326740840721009	0.6001996873092572	0.6786679485704972	0.2162863368107887	0.2165205672359105	0.2379957730014462	0.2313988788848214	0.2037820487541184	0.6650500253431335	0.4503944148630687	0.3340012068946081	0.4454439869886461	0.335276058122884	0.2308434404069637	0.6883104875871833	0.6975738866917941	0.5656488618088034	0.5633530554710379	0.5900729843125265	0.6933787143908807	0.4071592922132758	0.4015414168402538	0.3797195490707693	0.1006940355827468	0.1839370300939018	0.07572087550355448	0.3107971404393367	0.4553008550929368	0.438524898067669	0.7799254533733926	0.4241342742751449	0.3289263776495204	0.5348376432047294	0.6676584363362198	0.5454751233195574	0.1459332580350557	0.4041292348445542	0.02788412201881252	0.1023584324283239	0.03456233132259386	0.1355825867059002
1.15	9.29044347	-4.34661337	-0.97139367	0.58529473	0.98881982	0.04560846	-23.26508221	5.27759114	-3.04657893	-1.90011611	4.29545476	4.8644466	0	17.12885188	-7.68556893	-10.33282294	-13.01958428	-5.16559344	5.65795831	0	-25.94904333	5.33448697	3.09231821	0.09046688026686885	0.06607850583238016	0.05217914544017849	0.05193480872617401	0.05093807366695068	0.04508470520398947	0.1345862925541059	0.4399763262175144	0.4071998135138769	0.5351270720731589	0.03369478084475275	0.01546331879826174	0.01668590426527948	0.02117198761313639	0.02738687369421606	0.02599733417757925	0.01957521506744082	0.02478142503125603	0.09006319740597069	0.03030839039426923	0.02984119174586772	0.0288654362030508	0.05051941698152156	0.05541667656904091	0.01990089449678445	0.02670235771254413	0.03434820230529276	0.01031228880193403	0.02346103737709353	0.02141752877482547	0.02137712365608935	0.01000670703466141	0.01000662404370748	0.01000667378251606	0.2242558276645119	0.05861022080805153	0.07160534914162749	0.01211084819476817	0.04093929042157304	0.08766205062065716	0.01886215081943524	0.01310271960378934	0.01815650190773379	0.2839645545370313	0.4835096667166252	0.6203131040181917	0.4482309241922083	0.4924950658682195	0.5402682543100299	0.1712037352297844	0.1981948790341783	0.174502059767768	0.5857118459789953	0.6933359644225557	0.1926011982555833	0.2020399787683877	0.2270347064044102	0.225733630018263	0.1998110241527235	0.6914894340212836	0.4444851483575307	0.3209668493034692	0.4371029018999808	0.3165323225829327	0.2155069548929351	0.7033242500119723	0.7095703012781909	0.5464301513090307	0.5675119345858146	0.5956624657415472	0.6902381069535107	0.4232802181852081	0.4181647194966295	0.4024689220921193	0.1002447051250634	0.1790076316844006	0.0759319688324292	0.3083005475346357	0.4565937414121102	0.4399192343474759	0.7758614929552614	0.4226503972481876	0.3289807639617887	0.5342515031524556	0.6650343491125748	0.5443680968633202	0.03204240467158972	0.3722762433954285	0.04846898537412058	0.1805756811393572	0.0339136795898283	0.3959384668875344
1.167	8.992882979999999	-4.44454292	-1.22205056	0.58421843	0.9856633299999999	0.04482059	-24.32438524	5.17149767	-3.00777578	-1.5557438	4.61513777	5.29454415	0	16.52613661	-7.26857767	-9.90005307	-7.80307964	-5.28750476	7.23933566	0	-25.7955406	5.21088449	2.80361114	0.08788940428727712	0.06354922061828433	0.04909171291021638	0.05422870683515754	0.05158181812479452	0.04359022078939827	0.1253466110345884	0.4528101589319726	0.4042857540541761	0.5572587774338208	0.0348100388729074	0.01522891796969457	0.01612817389323674	0.0201190873458364	0.02682848839410305	0.02544418028651005	0.01984780954455706	0.02469932771008376	0.0934082324608914	0.03020289670765848	0.0296562776605891	0.02865565592580233	0.06422044210365932	0.0720255202225428	0.01952061181140259	0.0262450257421701	0.03345060666976785	0.01030775924592787	0.02347503456134382	0.02138404362887594	0.02135265184086674	0.01000670893172514	0.01000662466101221	0.01000667791901544	0.2251116727462714	0.05827625756674205	0.07241396705188051	0.0121136732743234	0.04237628386670662	0.09389415920843285	0.01852214864944689	0.01301907645446039	0.01802873081639393	0.3373406334448446	0.492597897471523	0.5967476359460561	0.4608789840471065	0.4934788397105322	0.5274511876355539	0.2861631588647816	0.3229709761671115	0.2646249769569146	0.6033599053409697	0.6261790077660792	0.2293513303422309	0.2706732812922868	0.3056664571499692	0.3087187254017579	0.2419897246878129	0.6230229311724224	0.4451651886559034	0.3849717686701191	0.4564498920295339	0.3802101025746095	0.2455603113134135	0.5947786823267935	0.6083678921217179	0.5382406675019509	0.5513581324374661	0.5814081500296434	0.6027597920920654	0.4334123572616141	0.4266497024323841	0.4206161372274557	0.09692547735574578	0.1794786213254298	0.07368348211843695	0.3004256556546981	0.4553829458034003	0.437569965136809	0.7828890824596736	0.4145956376983631	0.3115686070688924	0.5356975811501539	0.670828901222238	0.5469251377986213	0.1602620707660992	0.324709218407104	0.04539186733461059	0.120051708643611	0.02950572284757978	0.3818475314399766
1.183	9.298426060000001	-4.53204975	-1.47416563	0.58364899	0.98322104	0.04391089	-25.89144063	4.93211943	-3.21161687	-1.54072244	5.0655544	6.33657097	0	15.40951176	-6.95044125	-9.45797295	-3.80598649	-5.18650625	8.821988640000001	0	-26.13929114	5.07085402	3.12010313	0.08569826229274118	0.06076500342483254	0.04598540656994008	0.05599503552549603	0.05221375264871381	0.04279062883339198	0.1142526210305615	0.4600395851990407	0.3964526042089422	0.5728936571455814	0.03605959391825683	0.01534314058830616	0.01582456944783065	0.01937040356684184	0.02637316738589541	0.02486171502845245	0.02009643606352871	0.02497513496073177	0.09681407097872149	0.03006693185731699	0.02941178425171302	0.02840061172501619	0.07875661542606167	0.09001660678902837	0.01966567443655059	0.02594180070818014	0.03264091310625968	0.01030271791978838	0.02280729088046218	0.02079409971053926	0.02077244569196973	0.010006707807664	0.01000662416179887	0.01000668210492464	0.230500939723235	0.0586895882390243	0.07368551593560049	0.01206161808057456	0.04376494934087977	0.09897116204513869	0.01824744273459029	0.01291633050732865	0.01784886491923919	0.3503938661936049	0.488366004137192	0.5806697072479928	0.4655715065113185	0.4923822138246272	0.52041569201784	0.2903280779605693	0.3650009229292334	0.2709399708033439	0.6331658293373187	0.6028896691764379	0.2652730586242557	0.2967372798823859	0.329576116028902	0.3319755223091742	0.2331060609572098	0.5961855164209131	0.4509402500596703	0.4155220286498016	0.463107883656762	0.3964164420703579	0.229058743572859	0.6029239187132401	0.6197650513157706	0.533681790178812	0.5438774591964579	0.5757462773520908	0.531040078170131	0.4257737042837143	0.4157180687536074	0.4140160534695221	0.1098545722833609	0.1934434655560999	0.06586504648515126	0.2718810767764014	0.4502395444640434	0.4311690762000835	0.7935006940435472	0.4136803214226863	0.307892362345439	0.5392930121468325	0.6820182173253654	0.5505524980587205	0.2509055797497081	0.3216098288327348	0.03431369795562878	0.08561780848321987	0.03141795592396848	0.2588461161992701
1.2	9.18554754	-4.45229871	-1.6944396	0.58375785	0.98014673	0.04290475	-27.00674218	4.56524994	-3.69645798	-1.55022665	5.51380951	7.53477536	0	15.07673791	-6.53684978	-8.90141219	-1.43301286	-5.04767102	9.80432465	0	-26.0357866	4.74507349	2.62666808	0.083619561533944	0.0573778271028433	0.04247193812681505	0.0574545858834818	0.05291286905419847	0.04258598034146979	0.09991757379152195	0.4625682833021022	0.382721220247521	0.5839860711724104	0.03759964036146973	0.01582026448142294	0.01573714037338543	0.0188323508037784	0.02596399554356716	0.02417713024614926	0.02035217293922721	0.02564332268953105	0.1007064427741897	0.02988350023695207	0.02907714984312999	0.02806842307559408	0.09594495861402889	0.1116388220893083	0.02035421520037193	0.02575477948132548	0.03181790991932976	0.01029653465774814	0.02137433837433839	0.01957395403002335	0.0195639794407862	0.01000670352197036	0.0100066224836658	0.01000668686348231	0.2410972869675232	0.05990187915893355	0.07557893940325246	0.01194817571430306	0.04527887002836413	0.1035276844853629	0.01800369483550834	0.01278163851900268	0.01759442097912524	0.3247559068769079	0.4702850000468407	0.570069576836744	0.462895056892871	0.4890681099747664	0.5182823305046742	0.1842191074041222	0.3295384626658103	0.1942364155378607	0.6788553584675856	0.6205567813299265	0.3048565991369107	0.2834899743624479	0.3017523904010761	0.2984111203539397	0.1720495749945896	0.6076225129228168	0.4625322152443023	0.4164364117399775	0.4579091257350686	0.3671771335071469	0.1639395557037026	0.7287781137196165	0.7451864237596043	0.5321836596742217	0.5441348307076641	0.577969113624195	0.4661140009474652	0.3994094276292716	0.3840033642504524	0.3818436603485771	0.1406481267738604	0.2226477699052446	0.05149935747841148	0.2190987385399585	0.4405206122266196	0.419916456420209	0.8090227791548661	0.4197900338866978	0.3174924992009967	0.5454872250170762	0.7000009619348477	0.5557035976761305	0.3153033702453676	0.3625906509755241	0.01384970606480254	0.07296974313813452	0.0398894079535429	0.01155904426032808
1.217	9.556266920000001	-4.45426932	-1.86446693	0.58382735	0.97803088	0.04185568	-28.27435017	4.2043211	-4.225896	-2.22830937	5.8979857	8.76796085	0	14.91434579	-6.33309723	-8.504392360000001	-1.40221987	-4.47375931	10.65413489	0	-26.43069764	4.45223294	2.66564944	0.07190638391497819	0.05144149484946167	0.03969619912513089	0.05249062810738078	0.0487239738153647	0.04020772492160502	0.08966522536285304	0.4510287125458082	0.3659136192508917	0.570521008909138	0.03662025015376035	0.01700460222290893	0.01667215530296407	0.01965861799259386	0.02628783349029169	0.02497658608877861	0.01966467622998426	0.02656092860079764	0.1024060040694571	0.02989484828039349	0.02919156752267694	0.02832880672185967	0.08762745983528197	0.1021893821448998	0.0219948078231058	0.02636856983514164	0.03133921126671375	0.01028636065255834	0.02069559853523821	0.01897609603118264	0.01901050874889117	0.01000670367432187	0.01000662263858226	0.01000668882800107	0.245643821502019	0.06015153799265376	0.07583750669835279	0.01192661278904347	0.0464194626169586	0.1050281934143005	0.01790613500906875	0.01275368978048322	0.01750904231817952	0.3594688677246666	0.4739487703023504	0.5577686678127909	0.468837169215747	0.4903731491815564	0.5149938251494326	0.2957581690069498	0.3757218100415319	0.2648522266463634	0.6874175506395686	0.6083690188372008	0.3344522722800283	0.3059427109033204	0.3159295825435706	0.3141276548553516	0.2010892146717776	0.593451881103507	0.4671598405906532	0.4345044038420535	0.4502714381752461	0.3626245158162875	0.2000283165221907	0.7267588034237964	0.7383465264094436	0.5139716393416174	0.5335378923689601	0.5680708365558598	0.3677802416793587	0.3765523616402748	0.3570642997398882	0.3564930510419685	0.1469175314742791	0.2528719477455681	0.05384557798333549	0.1964602265915655	0.4295667324995607	0.4093736792690669	0.8082806079140037	0.4352772387357229	0.3459301698725127	0.5495244180912503	0.7068310683630379	0.557269376667715	0.1740457099521017	0.3262283567582396	0.03386400749252611	0.0714085375102942	0.03382179787030766	0.1213251369144769
1.233	9.729289809999999	-4.52287797	-2.16685411	0.58413512	0.97572028	0.0412005	-29.17321499	3.86044433	-4.28553879	-3.12613602	6.21475984	9.608013290000001	0	15.34734072	-6.3154873	-8.18050352	-3.08000508	-3.92311192	10.96933567	0	-26.56787036	4.12465174	2.44870696	0.06628412194079789	0.04883244737800037	0.03815348253110384	0.05038675778735131	0.04703178772941952	0.03931619736674529	0.07757128611209337	0.4236332848434871	0.3342100044249869	0.5438364102384933	0.03715636077524789	0.01739506318984401	0.01704733016297549	0.01982699880450924	0.0262200443462086	0.02526899330397401	0.02024940186434462	0.02691646889076542	0.09884902208955117	0.02989776365573595	0.02923434470694442	0.02840738041527325	0.08140428848665585	0.09484201912877131	0.02254374607119024	0.02650247185749023	0.03103902749645756	0.01032504192967621	0.01981912472815207	0.01824721095173518	0.018208791593788	0.01000668611863641	0.01000661499947808	0.01000668324429479	0.2470120088020416	0.05986647346222049	0.0752314624978203	0.01190371766188081	0.04691319551886651	0.1045950799990971	0.01785693277445792	0.01274062008474879	0.01745391455096919	0.3613249190286194	0.4559109302109367	0.5240583647194428	0.4694074908310436	0.4863966761608863	0.5046343486213328	0.3628240195717077	0.3999842381365241	0.2952379866797433	0.6877802173741716	0.6004682944824584	0.3615790050200287	0.3275291541859001	0.3300430707717757	0.3256307109030442	0.2065105633371111	0.585541590171446	0.4716412934743055	0.4467350242260676	0.4427181340064195	0.3482460023815982	0.1975577770928652	0.7168672615767837	0.7260748838231456	0.5065291808635992	0.5266952611032906	0.5527849946314982	0.3599000984084956	0.3425013835909021	0.319377078829487	0.314007966778687	0.1671548604177636	0.2784883935123321	0.05905039596674391	0.1795699671044002	0.42244370100258	0.4040566454946088	0.8015681358487616	0.4504540639744441	0.3757617244170033	0.5524519910819827	0.7098604809858653	0.5565643152481803	0.08512911694943373	0.3424513652762073	0.04131573875782517	0.08007100060077041	0.02752861755587459	0.1617937647842812
1.25	9.811481949999999	-4.49386236	-2.72672699	0.58565877	0.9736944	0.03998023	-29.77840436	3.19323726	-4.38039819	-4.55384629	6.28977806	10.68092711	0	15.90383742	-6.23544988	-8.09207651	-5.7592044	-3.68821937	10.71841711	0	-26.49729819	3.69086918	2.75668713	0.06604999286463045	0.04922455375452668	0.03765094877048052	0.05087999113338967	0.04762478753561977	0.03979995673253311	0.062124013632898	0.3769575717323489	0.2836474239165687	0.5005967003266456	0.03927498605361827	0.01704045500309508	0.01690956181092113	0.01935854084101396	0.02575215446830751	0.02509090279363488	0.02217944054660331	0.02675438609568038	0.08959087408698369	0.02989261078489725	0.02921082854396586	0.02831396586751151	0.07649754814957223	0.08867831266390683	0.0220696472256358	0.02617322330116483	0.03087983563727916	0.0104174136487415	0.0186353577271942	0.01729618815675001	0.0170586133310888	0.01000664866045329	0.01000659861146524	0.01000666941440018	0.245372872280094	0.05901105250132958	0.07368505127658842	0.01187662844191976	0.04682178534682636	0.1021742050628522	0.0178499378523495	0.0127407957198326	0.01742214670659296	0.3305560672017607	0.4139167497611733	0.4647248796700315	0.4646773119406727	0.4766416317851723	0.4859089663543626	0.3937998904189913	0.4053585504626611	0.2891919156421733	0.6799886920132202	0.5958670177213563	0.3896276389494121	0.3509476096205095	0.3458570411142172	0.3343581705029791	0.1889912895737569	0.5829028537601262	0.4765367555057157	0.4546571004400214	0.4343050502074854	0.3222442790237429	0.1562191199870611	0.697867045447702	0.706837540677423	0.508925976930415	0.5227516080024469	0.5302008576105651	0.4414885532260169	0.2930001212249819	0.2662307989054487	0.2490777720258227	0.2038897797222493	0.3026991629263818	0.06776441367656276	0.166316677642567	0.4182611387985548	0.4033007258750276	0.7880463039509842	0.4672176127577017	0.4107161071525297	0.5546358906131149	0.7094678763811837	0.5535002807400847	0.03743901711202975	0.4132875525941725	0.03713636626886224	0.1000399402958725	0.02022321947093958	0.1380235063534674
1.267	9.739526140000001	-4.59579192	-2.78591283	0.58759856	0.9715595	0.0386637	-30.01663015	2.92299897	-4.46254405	-6.28171123	6.19677318	11.30399842	0	16.90600281	-6.23486793	-7.50565355	-9.21385025	-3.96115599	10.09415451	0	-26.1996728	3.51304371	2.65413541	0.05678398101701691	0.04388941900022286	0.03532006907391967	0.04695128683383039	0.04425833886784687	0.03795351641154378	0.05320813680351797	0.3282747973252806	0.2382617055487717	0.4482170870855798	0.04012665742689006	0.01999093230991624	0.01817886740433751	0.0208162602679188	0.02637935797878734	0.02552910403603888	0.0222196429777605	0.02798287275255601	0.08587026032400588	0.02984785799415532	0.02919347263589572	0.02846807938183484	0.07640140218782782	0.08897891670642269	0.0245574812853301	0.026980138023575	0.03069626646149937	0.01035455063002257	0.01708209882613263	0.01600539877966796	0.01573841678834052	0.0100066425546745	0.01000659603585845	0.01000666530099738	0.2349170706978494	0.05730882086387115	0.07058325873450845	0.01182490596620898	0.04570412964722983	0.09619537468698451	0.01783543503428565	0.01269761770041924	0.01736367036582955	0.3657859492765947	0.4548384594184198	0.5094817699972735	0.4680736280001742	0.4824272486269808	0.4948805908950343	0.4125527411665887	0.4389505445676031	0.3561349661523014	0.6654992897842805	0.5729592694233607	0.3406640259561436	0.3434012982010468	0.3553051149465675	0.3541804375828857	0.2493565603648757	0.5562033369163534	0.4665181988236733	0.459442715983579	0.4562436524253642	0.3874219154271275	0.2410293181770535	0.5955252345995818	0.6067821108896666	0.5138606293480035	0.5205791918435214	0.5383032727464987	0.3041801825773088	0.2627428401796903	0.2369826927358482	0.2186808636383228	0.235134144257875	0.3289507300140717	0.07884411168115806	0.1590048071473399	0.4118170920235493	0.4003518571485009	0.7843135296895309	0.4877739833262925	0.4541403307986007	0.5618212756076273	0.7185792316608945	0.554093318710512	0.04371891307636978	0.3532174715574351	0.04768574729842175	0.1249898955511974	0.03935119911907443	0.07238526598238738
1.283	9.800331890000001	-4.86615633	-3.02814245	0.58914791	0.97034672	0.03785602	-29.98831792	2.72171874	-4.27335741	-8.652417	5.70630249	11.61815712	0	17.38190432	-6.47752645	-7.37512621	-12.15891031	-4.91321705	9.368383010000001	0	-26.15465059	3.3686399	2.64898582	0.04350809702211161	0.03524905438514107	0.0306843780475373	0.04111224786871468	0.03882240701615607	0.03441261812209437	0.04551377597113712	0.2560999289693154	0.1806154136451555	0.3658859423674878	0.04030231143427401	0.03526243348040589	0.02314801490689887	0.0252410225494677	0.0276903321989149	0.02576316476065831	0.02397468071695444	0.03111259698677424	0.07853663032583101	0.02965169481757289	0.02894001820401085	0.02850662555747886	0.08656448751165012	0.1015449809573087	0.03244117917457089	0.02844586237750189	0.0303140918370799	0.01079634044597431	0.01832711094812195	0.01720698612266607	0.01635184358982986	0.01000662399306987	0.01000658767762461	0.01000665007878876	0.2154336887499554	0.05429771937795523	0.06580869325945052	0.01196265093746282	0.04423113240931625	0.08892997897154907	0.01819946811803228	0.01290872077743627	0.01771437905845737	0.3641074004726382	0.4589241760561699	0.514689081940812	0.4625712252449164	0.4771325692824702	0.4914826204473886	0.4138917678772923	0.4510451523443765	0.3822367772897945	0.6464454757263042	0.5559090023124472	0.3471272049555272	0.3627729836663107	0.3766554230225549	0.3749818941588	0.2837455703022855	0.5307841496983571	0.466604346908568	0.4663269126905131	0.4589742174441783	0.4056930565066464	0.2836183505716159	0.5436230212977129	0.5544594604421413	0.5205456030933677	0.5184701503099461	0.5352281793101188	0.2669121710969905	0.2556537807872719	0.2327655382607905	0.2089053150934476	0.215359619358288	0.3139079645309607	0.07637415510728242	0.147539163611234	0.4058584411163151	0.3946543863022519	0.8022190677514199	0.4926888350352123	0.461570276841311	0.5684161101098113	0.7357348411923161	0.5597382466602787	0.1044332489474516	0.3192341708412271	0.06534337702018984	0.09734150009824288	0.04545551806794822	0.03933064498857413
1.3	9.4103884	-4.94656134	-3.343119	0.5910677	0.96897262	0.03657339	-29.26679692	2.24493838	-4.32314143	-11.3525269	5.06101308	12.32320157	0	18.42674318	-6.59975309	-7.33423883	-15.38200652	-5.83478917	8.70048882	0	-25.56950307	3.01790873	2.54505282	0.0245628553805513	0.02222341433239603	0.02316441431303556	0.03263299436740304	0.03063750049908597	0.02873464957800367	0.03807913603170784	0.1514111081199575	0.1035027617177677	0.2433118730826073	0.03982390482669309	0.06476389616087541	0.03243814775642544	0.03318592297085431	0.02984894890620615	0.02582234255807059	0.02766393348158441	0.03653477432761238	0.06667328034268716	0.02927960085807714	0.02841878344432563	0.02843442266639906	0.1082571897865171	0.1279472634479256	0.04670620312951335	0.03075361190718634	0.02968553993596831	0.01179800682359068	0.02252602060841085	0.02105114860361913	0.018975572085743	0.0100065906554388	0.01000657249198449	0.01000662184499825	0.1844873036929251	0.04960136035784231	0.05876453416703237	0.012307081477088	0.04221866897834641	0.0794698434521164	0.01898754123905771	0.01340049283551083	0.01851811137105489	0.3253106021893962	0.4266846142541417	0.4809977294935886	0.447482303330492	0.4600957588335762	0.4752903087054694	0.3979843488899396	0.4431541997650776	0.3707600754468386	0.6204455230820441	0.5425849329997517	0.4098250733224863	0.4114841266994596	0.4125767538516782	0.3993627223027112	0.296456945628162	0.5034678937038876	0.4768059682710115	0.4761702151491904	0.4428380658912789	0.3793415948972389	0.289309846220068	0.5356726288793617	0.5433292580289071	0.5298165198846781	0.5161608532100243	0.5205911906218775	0.3250260173500233	0.2708468106236747	0.2530521911708938	0.2185291828230881	0.1420943894110391	0.2556905207916593	0.0600457993832012	0.1304865415922361	0.3996403547134478	0.3854961294804994	0.8440011103943874	0.4825765243480761	0.4339346885359991	0.5752447484324393	0.7630791561668764	0.5711406805831056	0.2271713167091611	0.3070897378560229	0.09231645914938763	0.01363870450538875	0.03929921618617002	0.03472781574780139
1.317	9.41385496	-4.82915935	-3.48968004	0.59410774	0.96897292	0.03467754	-28.51500903	1.59088915	-4.45599792	-14.79475366	3.83616258	12.7164838	0	18.67451042	-6.44825774	-7.34421103	-18.08279826	-6.48137348	8.19819238	0	-25.28551375	2.60097789	2.10752406	0.02301950864602861	0.02139645831263495	0.02268136660520927	0.03141088323067609	0.02958534212351252	0.02812819687703887	0.03235844617971915	0.07310858813252327	0.05169821969904649	0.1369228453547621	0.03914268088798177	0.07361555267499459	0.03328473590264626	0.03385764005302369	0.02977952264500081	0.02529877637806403	0.03211523255741883	0.03741335529841306	0.04997695334680903	0.02923033296628634	0.02831314827976399	0.02825712225089809	0.1107700068367215	0.1307740053725174	0.04943118000181172	0.0311497302363053	0.02967748814117039	0.01932100818548143	0.02588407613019914	0.02430196106918005	0.02142707288438153	0.01000658072861203	0.01000656790038867	0.01000661183261667	0.1480137698996045	0.04418232754723518	0.05083624017177066	0.01243938847472575	0.04002556961883814	0.06903314387736331	0.01979152446518276	0.01364743902889073	0.01926525195524201	0.3809601791109384	0.4511246303308494	0.4897547266960082	0.4584797522625213	0.469445526008598	0.4830047498675735	0.4192776702143867	0.456360711124961	0.4045146145055281	0.5842268646625095	0.5241947299041032	0.4284729210416813	0.4357174782958327	0.4442192302936885	0.4332817685659782	0.3616850987900622	0.4953486234389742	0.4779325659930624	0.4797780648964181	0.4617817323570583	0.4230190231311273	0.3566690641835933	0.5020051403028786	0.5095594706361772	0.5204112070373136	0.5065369714282382	0.513449831182562	0.3208677973950402	0.289273530559971	0.2725579368543966	0.2240008608071991	0.1044106769287308	0.1890904773744098	0.04551117818590571	0.1084732450751653	0.3779534605486828	0.3568425797529846	0.8705413010080645	0.4598116276511492	0.3769396799721425	0.5917189733700502	0.7990425595904821	0.5984668764040637	0.2201207127342293	0.3175616639077814	0.06239012085173599	0.05342473464950432	0.03988621090316867	0.02167255348482871
1.333	9.66609631	-4.4767865	-3.64502994	0.59751032	0.97000449	0.0323683	-27.5374408	0.59705436	-4.72984465	-18.96856014	2.24167083	13.1150669	0	18.27311198	-5.99958357	-7.41429926	-20.25252399	-6.70224569	7.70734652	0	-25.19186616	1.9326305	1.8476321	0.0225219683660258	0.02120719858239919	0.02279303261304097	0.03048592092393144	0.02897884291275037	0.02803695345047811	0.02981114340689637	0.03276020370022341	0.02736432551477639	0.07245230691949893	0.03799775118849365	0.07709675287378323	0.03500284398005656	0.03506115341684359	0.03012160704819047	0.02502256879549899	0.03389352386272823	0.03750453889763043	0.04026088332016292	0.02923594145178531	0.02831124025838586	0.02820597505721811	0.1048700240372204	0.1232636023233169	0.04893960368999891	0.03137220906226008	0.02980796390623582	0.04149080858287793	0.05336992938059608	0.04876393022676583	0.03712386981582799	0.0100065710139709	0.01000656341961641	0.01000659572053327	0.1148773765713746	0.03992333941520602	0.04444119351622478	0.01322193770038387	0.03779876513312168	0.0588862528972198	0.02121264174639355	0.01475374693698452	0.02060805431772865	0.45159900376608	0.4861123324957562	0.506808714452149	0.4752746681773319	0.4844918287236978	0.4946656611251404	0.457054110830289	0.4708617624998909	0.4453521240698113	0.5565047114063871	0.5114822504810679	0.4231482571775391	0.4386120031640617	0.4529304103463081	0.4493232812316545	0.4113065010112678	0.498939538315339	0.4750028722831904	0.4781771219749079	0.4777068922221241	0.459861092461556	0.4085142980967287	0.4794032881320811	0.4862513109580504	0.499840997355227	0.4966425370677336	0.5082795075607447	0.3354168001049114	0.3242793851355249	0.3101895409580319	0.2639952912322813	0.07591250229871052	0.1347431364114948	0.03501962652564252	0.09241589019596932	0.3637352771374986	0.3364030181334802	0.8936907726003782	0.4359261843074719	0.3205245568950177	0.6030996312803937	0.8291459187179755	0.6193507500994176	0.1724624695362529	0.2601067508445363	0.0425079477369653	0.07307258247701967	0.04131798771704275	0.0187175562745276
1.35	9.92349272	-3.89524169	-3.49856287	0.60074216	0.9712714099999999	0.02914048	-25.89998152	-0.62678387	-5.63267655	-24.14307774	0.14984114	13.41187487	0	17.68578283	-5.13788784	-6.96724807	-22.04535224	-6.57045535	7.07407973	0	-25.0354521	1.24148124	1.1231616	0.02300804200554253	0.02163197767540926	0.02351337058750963	0.02974248715882601	0.02874219046545427	0.02844951387000129	0.0301188148666367	0.02532240676902089	0.02745934239192397	0.04184144047241033	0.03624599951579267	0.07564264678208986	0.03780723549833261	0.03694690223279149	0.03091796266617384	0.02495919386255483	0.03322109381067623	0.03681972307516664	0.03631056150941813	0.02929712737526142	0.02841282087751897	0.02827458768614912	0.08981974353807604	0.1044772539191737	0.0451700271550983	0.03144885823829503	0.03009327670179778	0.08107863306545496	0.1084193120159016	0.09749480222107498	0.06802806249651336	0.01000656029718528	0.0100065584895712	0.01000657149473761	0.08093607454220664	0.03629202244525119	0.03878001336845148	0.0147525478072696	0.03525990496048247	0.04776080913916791	0.02342853274284143	0.01685770504830392	0.02271436875382564	0.546056929236714	0.5360211835194758	0.5342914412315287	0.4999664155642752	0.5071154548182633	0.511730656385366	0.5160357258146349	0.4884699853117335	0.4983772928352238	0.5338137941566616	0.502858434802766	0.3931854987470413	0.4205295169126746	0.4397991915161141	0.4494924493829496	0.4515238275694292	0.5146895026925273	0.467650675427661	0.4711672685194706	0.4926041904696093	0.4944730615548285	0.4513262021986159	0.4650418408456194	0.4704912590347608	0.4655346146281574	0.4852407458334474	0.5044339293036986	0.370491650818371	0.3802401061722811	0.3706509539947544	0.3435117779014706	0.05303759369222575	0.08585508028254976	0.02725970044487878	0.0803073075947487	0.3552085315534972	0.3216224994195482	0.9163432091203674	0.4079345138990843	0.257637428919984	0.6108093044022624	0.8571521534402928	0.6364027858810867	0.07823930671548401	0.1275431345333807	0.03018466816572931	0.07503822896637398	0.0437735187295265	0.02549344946561054
1.367	9.908839459999999	-3.01682087	-3.41616382	0.60364012	0.97263169	0.02521456	-23.22558064	-2.36875474	-6.62621965	-30.30263342	-2.78159388	13.52893233	0	17.02545326	-3.96961638	-6.92868559	-23.21421205	-6.20044582	6.73245201	0	-24.74980236	0.29944826	0.41651492	0.0210049962628625	0.02042690469261308	0.02300828589189158	0.02766449723431526	0.02709928829139478	0.02762912032237239	0.02962535647716411	0.0223074772222918	0.02528479617199502	0.03347355499249223	0.03488193340953375	0.08076500830629872	0.04351610957142093	0.04097394049405741	0.03201362453591548	0.0249515754108872	0.03216845108338409	0.03737882919409517	0.03549902612714388	0.0293039554300696	0.02847993156916808	0.02844096814074961	0.07873734609821116	0.0903426617937626	0.04646005799390942	0.03211327203651895	0.03006914047108385	0.09067760796473048	0.1197638144525962	0.1089722838916888	0.07846609289756798	0.01000655928042259	0.01000655798740538	0.01000656726281498	0.05788603952987796	0.03358748657705833	0.03482394228312637	0.01593714959490589	0.03317081787047545	0.03977196924716359	0.02557258453828697	0.01886798664339564	0.02473341062490636	0.6360373271395814	0.5562093674585795	0.5027543533338888	0.5352435491439805	0.5319569668681948	0.5218751493615945	0.496755669502103	0.4877446554929287	0.4733177235894724	0.5083803524068579	0.4870333138757395	0.4052186965155562	0.4276351588393941	0.4485143562425327	0.4590231288947938	0.4643200440797778	0.5168050622232065	0.4677718774320427	0.4682843273855937	0.4914924978911015	0.4854031771080766	0.4322426780430398	0.438535689775798	0.437652103868261	0.4277609120601277	0.4654251089971546	0.4745384742007677	0.3771701580060529	0.4281895170912805	0.4234414665511486	0.4062201267933728	0.04265648173397611	0.07078666761992349	0.02390268053521968	0.07376376061089343	0.3541905854354321	0.3117239101614546	0.9264455320132755	0.3667736400106072	0.1872205904481106	0.6113530945445572	0.8695132497712876	0.6483120423753693	0.1775753813545712	0.2360046555342086	0.05412117023153658	0.03597800311178897	0.025612308220284	0.01928232487201445
1.383	9.920078480000001	-2.05583237	-3.3479643	0.60620943	0.97422435	0.02128787	-20.09554058	-4.29612526	-7.60399186	-36.84217305	-6.4376049	12.56485125	0	16.01357746	-2.73155173	-7.13821581	-23.86418483	-5.43004019	6.72345253	0	-24.45974814	-0.70135932	-0.17533089	0.02078652209485806	0.02059867695984401	0.0233468161388056	0.02686498702096993	0.02658544686985034	0.02752083269767632	0.02959527196001824	0.02306219774815032	0.02551553042458386	0.03072172636848722	0.03354281220637437	0.07604025765564829	0.04499047022519417	0.04218175006410841	0.03297194980005569	0.02586027890210559	0.03118546174653261	0.03662105946492239	0.03490967469902809	0.02940578650741245	0.02870711749460531	0.02883958887128246	0.06581266969920216	0.07404873293027756	0.04554096118279675	0.03230893865342482	0.03009142860216855	0.07861717954940765	0.1102101313979854	0.1014744680472573	0.07677584916908213	0.0100065581615421	0.01000655746930575	0.01000656249022195	0.04293395312193252	0.03182095755719005	0.03235068508742397	0.01942581401873547	0.03185012238680809	0.03492298047499309	0.02745820402072946	0.02229589676611137	0.0266801634250466	0.7042967996794565	0.5588414820200078	0.4640005559474477	0.5577740618094733	0.5452368764097888	0.5208099063304241	0.4864343119613044	0.4885710136079345	0.4610963140386806	0.481431053130328	0.4719228815704872	0.423456665533143	0.4429282674111451	0.4561936658726734	0.4687919104177967	0.4860604369824693	0.513940624380566	0.4696719109573045	0.4696509157246697	0.4891197385865718	0.4814446953866359	0.4347155890462153	0.4233475920452032	0.4177019147213729	0.4066348691319429	0.451049345428598	0.4412058580650302	0.3861463515919754	0.4766603743057303	0.4759704742553773	0.4727705796358881	0.04130893307003396	0.0689240465290135	0.02466774941617218	0.08597969400191249	0.359960651142783	0.3150031281113188	0.9234885366052075	0.3509515232171502	0.1676965733694037	0.6057506189442815	0.8597735300662424	0.6480455106072717	0.2590694354354071	0.2842016230209064	0.07049402552870371	0.0174832115039177	0.01836929098029704	0.01706930375848682
1.4	9.531526489999999	-0.786762	-3.31765054	0.60772585	0.9753072699999999	0.0171385	-16.09860036	-6.55996442	-8.21282366	-43.57381976	-10.30791363	10.89722873	0	15.29755695	-1.08547713	-7.23137253	-24.11055024	-4.68387552	6.38646139	0	-23.75247655	-1.96049831	-1.06584438	0.02232531023052865	0.02216876601050591	0.02457127760911595	0.02724401774212185	0.0271364360231279	0.02811111504282606	0.03002480075055583	0.02768090841232876	0.02818038693126411	0.03324197602239472	0.03206124575591963	0.0608778009988073	0.04241461254137399	0.04072130713920084	0.03391272911661197	0.02779889227261229	0.03014925213301537	0.03445169267150168	0.03446883829655628	0.0296153494919578	0.02912277689451031	0.02952027746906426	0.04943012979117309	0.05355872622078318	0.04229784962037125	0.03206031641612586	0.03016292711143746	0.04338979426757127	0.07856405247024309	0.07406412770722648	0.0627460508449951	0.01000655680068376	0.01000655687050985	0.01000655658038441	0.03421080451737735	0.03077161925816282	0.03105108463188155	0.025654624131737	0.03113273157402199	0.03260771922613515	0.02932109362547418	0.02756992418179053	0.02879797125426387	0.7593677809238226	0.5442465415239394	0.4131858243989005	0.5703742676439396	0.5486151721357444	0.5084017719129585	0.4837814834996395	0.4910523544211267	0.4601853879889992	0.4495972339175062	0.4556383338488528	0.4501791519269999	0.4683204811993961	0.4637970341103038	0.4800198916423334	0.5194625553903396	0.5057381344342758	0.4735882801941038	0.4754378570790829	0.485189317642954	0.4821028061753264	0.4590540490835396	0.4175790354375108	0.4081469179507359	0.3995157304775799	0.4403164846817081	0.4002695038795196	0.3985422557743786	0.5317115349674362	0.5348041030704682	0.5514819430343301	0.04882650411740655	0.08003438937345607	0.02965054069785534	0.1184820994416831	0.3732399868889685	0.3318700555128739	0.907102598470155	0.3584903989195311	0.1966248755490252	0.5933015681514011	0.8267155293620266	0.6355698741057814	0.3329082257180949	0.2781586579293107	0.08134984096937635	0.01724200519177651	0.02113908985456733	0.01857775848583673
1.417	8.95872378	0.43647102	-3.34294851	0.60833301	0.97648662	0.01323446	-11.69087445	-8.704443339999999	-8.341948240000001	-49.9431043	-13.87774654	8.732789070000001	0	14.46940311	0.55570286	-7.30205942	-23.69373949	-3.93945515	5.95033251	0	-22.98706038	-3.16723978	-1.81103194	0.02337625928166393	0.02352531696168475	0.02597334443761609	0.02720707209014964	0.02726228076955279	0.02841164912587402	0.03056738905526964	0.04379603813304987	0.03570665992840998	0.04283950800771697	0.03114553944424165	0.05146388942589639	0.04185056753594184	0.0413091698121951	0.03576940930575993	0.03259981382197048	0.02871183484313993	0.03315479350808914	0.03685160838091877	0.02986480747639994	0.02973353478800244	0.03319863974979983	0.03824735967791602	0.03994388431361319	0.0406413681306264	0.0318684399020852	0.03016633246336341	0.02664331872417376	0.05774692102257988	0.05391011628291287	0.04524145458642548	0.0100065569083805	0.01000655686883484	0.01000655652918633	0.02928161816720625	0.02996131908320276	0.03004890558703137	0.03017889767433255	0.03058056412735569	0.03099952941024503	0.03029290159800195	0.03059825815233433	0.03008861679287611	0.7693003556089792	0.5466635780737704	0.3518030599621966	0.6034108612994861	0.5672861936838633	0.5059968005429782	0.4934496153444865	0.4905359411842689	0.4455540611793137	0.4458119947131503	0.4532760813063585	0.4371221050202749	0.4418389117462856	0.4605155916760456	0.4767720025058027	0.5112668710658789	0.5283845304327646	0.469228321824755	0.4654093423233096	0.4730187475729762	0.4558555910422244	0.4203795239743217	0.4510927848714925	0.4320871796567421	0.3443238573640182	0.411919273550313	0.3510265736430234	0.4579356005439818	0.5461150448757921	0.5508893697933206	0.5738919445649644	0.05353411605508425	0.09043036227471543	0.03235315023919803	0.1463347023500399	0.4017934663909013	0.3662761977393053	0.8952183186639701	0.3687727449642303	0.2150856592441942	0.5697848807255738	0.7870128663136612	0.609828949348863	0.3243551393956816	0.2466201743308503	0.0693606726818011	0.01445486457998551	0.01645888471985704	0.01365136155149804
1.433	8.864175749999999	1.70783574	-3.32497895	0.608287	0.97838977	0.009535500000000001	-7.88661819	-10.74801688	-8.08840829	-55.61310902	-15.90976978	6.77764093	0	12.93031465	2.30924908	-7.24691336	-22.81741397	-3.23912395	5.60509633	0	-22.76791488	-4.41461926	-2.54553823	0.02484783222708998	0.02542510228189943	0.02753946445000977	0.0276531878685551	0.02778625180725063	0.02881583857101793	0.03088151822031819	0.05289361289276243	0.03995251006286087	0.04836605211513915	0.03074147822050115	0.04344449967224691	0.03950626369879903	0.03961918168027903	0.0356989684156019	0.03489295381681703	0.02804783463632079	0.03204282851233058	0.03764402839188351	0.03004933331208172	0.03011281991343624	0.03510286772415698	0.03182654695610602	0.03220761325925471	0.03804128457253557	0.03147000796111223	0.03017027260821081	0.0182081326800501	0.04299243296848033	0.03971187590617473	0.03338648866043859	0.01000655701452932	0.01000655696064025	0.01000655592219918	0.02692683959759722	0.02956743779981165	0.02955246655812612	0.03254430262592918	0.03028353983290573	0.03016192401661281	0.03066589752385247	0.03190708381868428	0.03066086075264128	0.8209250345604809	0.5990557850907674	0.349159162551015	0.65545369914468	0.6094567225482252	0.5344560044057991	0.4985153433236152	0.4777545516023677	0.4207655567582231	0.4497581373320757	0.4601802088771449	0.36596513638843	0.3736121638465089	0.4434212123443214	0.4644047051165391	0.4881235154320341	0.5700460829514217	0.4547097153116337	0.4411771282886337	0.4739548364742754	0.4489853131466512	0.3698680854828049	0.4720256277285816	0.4475106182249482	0.2738493521339967	0.3822398762951209	0.334154287145607	0.4924866518773769	0.5392765176034314	0.5438911787957976	0.565071500417617	0.06043503870052266	0.1054633583153153	0.03748234756359399	0.1857731346570803	0.4211631178026964	0.3893913271560163	0.8725971420424108	0.3746570270531011	0.2279911021537103	0.553880842330884	0.7529500711383483	0.5914231615176997	0.2663980746481986	0.1799927207603674	0.06362562953300238	0.01974835461286451	0.02397104030391365	0.0617283698130018
1.45	8.9626783	2.53080309	-3.34408268	0.60786657	0.98103684	0.00654868	-4.44645561	-12.01489663	-7.47863316	-60.44396205	-15.92613104	4.50787971	0	11.12625004	3.54704694	-7.21472562	-21.87008994	-2.5200322	5.43696434	0	-22.71528353	-5.20261399	-3.16367743	0.02692397568498504	0.02810559513617679	0.0294654026478462	0.02863812954963891	0.02877384551593365	0.02937420705890078	0.03100645439133256	0.05611082953643059	0.04144866860142318	0.05051242635808906	0.03079855443173057	0.03581720801865267	0.03508866305030275	0.03544009422696314	0.03369260133486812	0.03496495475650777	0.02807425148670555	0.03097680205975617	0.03694515083082112	0.03019199272846337	0.03030804291149094	0.03547098988893039	0.02936509003551679	0.02938287917591288	0.03417258850133741	0.03081521660058535	0.03017524006408556	0.01702983787968474	0.03245627730118194	0.02969462652991971	0.025699282326286	0.01000655713239884	0.01000655715740175	0.01000655468354956	0.02685212148734912	0.02954074024756558	0.02949971266655263	0.03304651460547648	0.03020453065386585	0.02999020237103445	0.03048670589375707	0.03166000438913415	0.03058623362853005	0.9206949026472648	0.7079721884520545	0.4049236449889572	0.7330081359101703	0.6803980748368746	0.5973367839842735	0.499611883434417	0.4511105119776856	0.3827213116730911	0.4619289296016479	0.4772137325075601	0.2278136249524856	0.2551118940125946	0.4103770986986659	0.4413720873008848	0.4471395690345747	0.6359304860550787	0.4282176348405999	0.3997121882207209	0.4881145954595138	0.46063318775166	0.30120580379755	0.4829941693659144	0.4563451634763798	0.1792829016337631	0.3475683682592327	0.347543608575093	0.5065142911912387	0.5103411372413093	0.5129347562032092	0.5239180550738701	0.07039188738440158	0.1270125020003306	0.04567928233659267	0.241727200401184	0.4337701475508281	0.404104834940096	0.8364114215277824	0.3768787804472522	0.2369543846412632	0.5436014481679954	0.7202692944391743	0.5780517871333961	0.1517923983822115	0.06994786552155206	0.06342783112938029	0.03378416154452329	0.04461457605474407	0.1688184093030353
1.467	8.78671411	2.81808621	-2.71988703	0.60781433	0.98419211	0.00325066	-1.26882247	-12.40274786	-7.41601222	-64.17434977000001	-14.44776666	2.7650549	0	9.500427330000001	4.20221203	-6.70076577	-20.80628244	-1.87088404	5.85121507	0	-22.48570746	-5.22245209	-4.18904578	0.02985506717985572	0.02979624060950657	0.03005782552583959	0.03025504786658582	0.03032804784665331	0.0303437391359507	0.03049543378497734	0.03955539494820003	0.0330775604988592	0.04062830114785493	0.03204237722388176	0.03131275081458625	0.030304933175691	0.03013103714213396	0.02960676712449468	0.02884727710636826	0.03081510294741721	0.0304109633179606	0.03258764074073883	0.03010270929456382	0.02978658285306915	0.02844669809928885	0.03374982232796497	0.03405969911840735	0.03082244819004366	0.03044917766418867	0.030235750525594	0.02729107193886558	0.06727001317313452	0.0709669472592824	0.05625820023698366	0.01000655677390483	0.01000655676720215	0.0100065541214988	0.02633277477598939	0.02944322937595486	0.02934888750180374	0.03314910751765175	0.03009062672997791	0.02964849448618262	0.03056826428924844	0.03180669032334096	0.0306870665717867	0.9287790249607891	0.708821718868668	0.3383678401929147	0.7646283009731764	0.7013992526052923	0.5972559394553543	0.5320164023928127	0.4824659163011737	0.418981842299769	0.4510024431154939	0.4609196767309301	0.2211516032512388	0.253323974233876	0.4089022315909893	0.4405696104319838	0.4708048655668006	0.6521394527423718	0.4161494712915826	0.3889655374045716	0.4806186112378105	0.4511630669721773	0.3076046763787954	0.4236471885877179	0.3847189815432696	0.1427805427244652	0.3051057956175671	0.298376822168018	0.4586368868672861	0.5245931181821668	0.528362444355487	0.5439804063823152	0.08250710264011929	0.1447655741333038	0.05828909849408495	0.3104276913618981	0.4516619866779852	0.428968743659911	0.7989012733968593	0.3944728062407907	0.2798585746178572	0.5279841025127792	0.6694030895154129	0.555792048612056	0.1685230195416081	0.09884720944577788	0.06170589768899651	0.02891885910627059	0.03925414944460497	0.1479339271422537
1.483	9.28190579	3.12991689	-2.28773808	0.60733308	0.98813551	0.0007028200000000001	1.13270308	-12.74813774	-7.15362664	-67.18842777	-12.35786234	1.70151661	0	6.87033726	4.85737277	-6.30065705	-19.18801786	-1.39530262	6.18917195	0	-22.96248132	-5.34588813	-5.14196613	0.03305019198211127	0.03177555027783537	0.03122480574703741	0.0317740676599842	0.03188189942934178	0.03146371149912509	0.03008316565263448	0.0291687311364758	0.02710058009366783	0.03508445514851773	0.03332674603258959	0.02812277335775476	0.02687914245630783	0.02637431360522656	0.02644207699255848	0.0242929161012544	0.03325227817311908	0.0299310953814313	0.02976821550104103	0.03004154905603234	0.02926527495454742	0.02313279195051332	0.03691946455237424	0.03746574056095694	0.02851074884167637	0.03022971962808953	0.03032050812516782	0.03530754689237018	0.08942576408990915	0.09690069677602436	0.07383333093591439	0.01000655705285342	0.01000655706334509	0.01000655433725935	0.02645433518496279	0.02946334559314511	0.02934456771128041	0.03306695833758625	0.03002338502985682	0.02946866330910976	0.03059407640669091	0.03182459749685745	0.03070898465881971	0.9334521054716163	0.7103722380621281	0.2951113161917188	0.7822835760342126	0.7128924584371182	0.5958767659879824	0.5741882436128493	0.5102144680562759	0.4556436698229005	0.4525866861558145	0.4508345721650611	0.1984182940878234	0.2391050906718198	0.4129550640982952	0.4453316978010154	0.4915969486092929	0.6537409394124911	0.4053273350853799	0.3816210515070891	0.4778162597239156	0.4539786934274611	0.3350522411174814	0.3852657160915828	0.3420864989359474	0.1162202599046571	0.2747837966769798	0.2620233961875588	0.4084499789075906	0.521933943958272	0.5254231160930483	0.5397505311990822	0.09687545752856509	0.170037152310736	0.06875585469983722	0.3465546050658765	0.4610640045893544	0.4426880817686679	0.7682133506889783	0.4078096292431614	0.310031897762534	0.5188002617645227	0.6370671007641615	0.5419257915208955	0.2058037815546216	0.1273705719919726	0.05199709975248028	0.02219462319690223	0.03014371918747462	0.09760007925217098
1.5	9.25817765	3.3307345	-1.76822492	0.60636422	0.99094107	-0.00188161	3.99942611	-12.8576031	-6.87164962	-69.47175217	-10.24433202	1.31395748	0	5.03049167	5.35175512	-5.7295252	-17.95255912	-0.92197155	6.33394825	0	-22.9523035	-5.30003849	-6.09154456	0.03690874069203365	0.03429093784970424	0.03311221583908937	0.03338506640400884	0.03362963171183512	0.03287412069382075	0.02971811647776114	0.02365250512479233	0.02277060483520014	0.03318790761016027	0.03481220695894253	0.02584852846605428	0.02438306705223034	0.02370033317412749	0.02380294467256748	0.02073257661552693	0.03569042406702389	0.02947721475810212	0.02813444695676548	0.03000086698305251	0.02867895572861053	0.01886503317400682	0.03927022198679576	0.04002675868388038	0.02694852803768963	0.03012941023777552	0.03044010756275375	0.04208132210938662	0.1016929989161028	0.1107375937697385	0.08062156576044469	0.01000655800411316	0.01000655808284844	0.0100065553578013	0.02723199776539099	0.02960360342628511	0.02948621332116721	0.0327897984177718	0.02999440034098746	0.02942822994268176	0.03056736876076479	0.0317159643063732	0.03065472765050818	0.9352982792435998	0.7128175609316174	0.2697470074852198	0.7881808704759091	0.7163143430613307	0.5930268668987365	0.6313988872470309	0.5378247362123799	0.497289522682877	0.46687968910265	0.4456977807392193	0.1567720338168125	0.210677882881169	0.4230422002839966	0.4562536103291083	0.512114828542363	0.6409351318992015	0.3943984591962163	0.3767606697910882	0.4793572469785923	0.4694320204244217	0.3869794436059434	0.363052067815492	0.3231186553284975	0.09628201782186277	0.2528121215698973	0.2339391523861576	0.3496802038171904	0.502031217791638	0.5037493553830885	0.5106996951262675	0.1152929964107947	0.2059861838048062	0.07838789547956851	0.3546238057261169	0.4631514535238567	0.4469777665299615	0.7405116630656537	0.4185563523296607	0.3312460194683784	0.5149019458296935	0.6192193295915134	0.5347197337235193	0.2682947796728781	0.1590833734784105	0.03308783757776718	0.01277092432774719	0.01614448150121177	0.01152513464652739
1.517	9.618107500000001	3.6406517	-1.04463697	0.6059971	0.9940371099999999	-0.00447708	6.08120066	-13.18159639	-7.00598068	-70.82505223	-8.216592199999999	1.59066093	0	2.40160408	5.95543942	-4.89286251	-16.08391565	-0.63437116	6.45963568	0	-23.28996501	-5.27823551	-7.1082567	0.03135779177662063	0.03095198899865092	0.03093827026546402	0.03099988367617688	0.0311741038486099	0.03098994061205475	0.03021495388074616	0.02889554602215981	0.028174261923136	0.03431106186853217	0.03292748782289877	0.02989700435013133	0.02833158066185387	0.02787333636874396	0.02750738756578062	0.02516197807464255	0.03256436433011952	0.03017465557785517	0.03021477183393909	0.02999919079367041	0.02909210903306441	0.02443572708062296	0.03620519070809248	0.03664798189338097	0.02979401450489061	0.0303965985117961	0.0303303025871877	0.03330060199308239	0.0949342624274043	0.09702969917899687	0.07581008469609377	0.01000655643580152	0.01000655643235323	0.01000655390723161	0.02774712617861153	0.02970871091457601	0.02958883771616339	0.03265846482431219	0.02994281124942651	0.0293531733081758	0.03054428539557498	0.03162265064327941	0.03064033942345047	0.9311494480842781	0.6598317582106955	0.1999731274723852	0.7836089739924059	0.7039894959105896	0.5664767974809261	0.5686585058021462	0.5014659080053119	0.4315701094325118	0.4634558977865328	0.4608946243504261	0.1560474176873044	0.2054468149096533	0.4216452198029055	0.4536014179609138	0.4823670661481162	0.6454459162232016	0.393416479465357	0.3620500317857345	0.4698831854657738	0.4498728490774029	0.3622506721208248	0.4416792567052873	0.3934422384691352	0.08960621156448248	0.2254728742829044	0.1867507240471948	0.431816033165985	0.5017543533872213	0.5039388581823357	0.5092631985051724	0.1238429501453846	0.2263363254218732	0.09481634822330234	0.3584584371424641	0.4635336957859899	0.4511401045250331	0.7032988533088818	0.4392491353361224	0.37699352253413	0.5116670666989764	0.6001216281133026	0.5253803829282686	0.1608273941688323	0.1005436088779628	0.03619025072583482	0.02059322671121037	0.02093313160581003	0.05862863345399554
1.533	9.85876556	3.81419864	-0.21200449	0.60551433	0.99679591	-0.00702579	8.102594140000001	-13.23827416	-7.21950315	-71.33538596	-6.81059631	1.78414513	0	-0.17670729	6.3528942	-3.80147604	-14.05026958	-0.55710317	6.42330534	0	-23.54396557	-5.04757819	-8.4804283	0.02688780514052634	0.02776218506205229	0.0285181710455049	0.0292651282672164	0.02934676825974669	0.0295333548138069	0.03016884803139841	0.03067440318870489	0.02971395198248198	0.03457888248249859	0.03222027144863866	0.03325094329001627	0.03098694669546445	0.03048602071642532	0.02959945527073817	0.02711041392622291	0.03113999978242885	0.0308387277916712	0.03140891680817728	0.02978651837198884	0.02862374415249824	0.02686229358505433	0.03669510962573452	0.03700510086520232	0.03178441773919928	0.03065516132152597	0.03020970290725623	0.03028369885624453	0.09427507669325631	0.09542626484753308	0.07393277447924419	0.01000655770455677	0.01000655772672905	0.010006555355829	0.02807024601354115	0.02977402541744971	0.02965124863890788	0.03260458842185414	0.02991503825602816	0.02931207194836981	0.03054195166810459	0.03160339285467362	0.03063689743394968	0.925896493406958	0.6149211379398285	0.1658524630168711	0.7731389032534861	0.6867066048470993	0.5403179058496228	0.5523781675913831	0.4998513103048676	0.4260539533818452	0.4636298666809923	0.462539365029502	0.1637069260194899	0.2139070753427458	0.4234888990222369	0.4551927326231279	0.4784280676365579	0.6337802907749543	0.3929829627615832	0.3598116377287427	0.4649335737314896	0.4430632421570857	0.3692563271444012	0.4494961388828531	0.3949734939547688	0.08856378059029661	0.2208404128604258	0.1745481588329796	0.4308432139459645	0.501217591916714	0.5034627654428596	0.5084219256509819	0.1322934051119295	0.2425961178998848	0.1053993191406704	0.3734956644344447	0.4663416012477776	0.4557777689668804	0.6813333314941475	0.4448172565900448	0.3903491256841428	0.5083127388167643	0.5860211932928515	0.5198474907775946	0.0974990829691811	0.05769910731354457	0.05401079199015585	0.02182902564649729	0.03548480900952006	0.06942413611884066
1.55	10.16406026	4.07138173	0.29527593	0.60456023	0.9988547800000001	-0.00916967	10.06173456	-13.46058325	-7.18780546	-71.25107583	-5.46890817	2.76575792	0	-2.65462001	6.72796514	-3.42276915	-12.29221265	-0.38164698	6.82020328	0	-23.84332127	-5.03726544	-9.2762192	0.02294003245423899	0.02432280054783351	0.02554940577671713	0.02796395575100733	0.0279192079966376	0.02832229007429621	0.02957403569854941	0.02921143377024566	0.02758213627065626	0.03402484702880532	0.03260215578937971	0.0363295876531947	0.03268108590726337	0.03186497176063174	0.0303406562505598	0.02682143865171554	0.03123928485549054	0.03155244042627724	0.03186615000125979	0.0293362656652976	0.02721531547684123	0.0264480535003548	0.0408012186044272	0.04114275547082213	0.0331685381449042	0.03093741901818136	0.0300632335629679	0.03265349980676837	0.09963304349689038	0.1057268614839143	0.07475497133278983	0.01000656196897332	0.01000656212777285	0.01000655988466814	0.02824174724954605	0.02980771124776542	0.02968124745474377	0.03262143466009038	0.02990760973661759	0.02929978819328801	0.03056007586241984	0.03165578371698007	0.03064397143331821	0.9188827958769742	0.5724718725851576	0.1631199310617386	0.7554618994167841	0.6623053084879232	0.5112803305509135	0.580522830338397	0.5327791183984921	0.4800515350245446	0.4674233418978356	0.4508375953613314	0.1807079973548923	0.2371161967345832	0.4288036978444072	0.4612264686485272	0.4998054581937437	0.6044800523734287	0.393043719496923	0.3697656883629891	0.4638897103089542	0.4481519987984306	0.4088721155546197	0.3874798246203843	0.3279038287211017	0.093024421027532	0.2383356796246521	0.1958061360917355	0.3466401437546252	0.5003538381963026	0.5022615655722255	0.5080707174569221	0.1417006681812472	0.2567980352985927	0.1114596795963437	0.4016151410135564	0.4719261580919435	0.4614704679107344	0.6718694073946097	0.4359567312481678	0.372982279312168	0.5044196711977805	0.5751554707776041	0.5174294457526633	0.0703938071739684	0.02519430608960358	0.08877702902877063	0.01663279600051872	0.06161847338780578	0.0452610804741679
1.567	10.41077609	3.99618255	1.16453606	0.60347936	1.00066813	-0.01135513	11.63041955	-13.28987507	-7.71137292	-70.18283108999999	-4.50506268	3.37869098	0	-5.02332185	6.64748041	-2.59515395	-10.64917926	-0.10558989	7.22811548	0	-24.14805611	-4.55662715	-10.23136386	0.0378914198932032	0.03502962825467504	0.03428944940097793	0.03249734698705074	0.03297295651914138	0.03281112776439096	0.03023802340400909	0.02642173028645789	0.02434885605639175	0.03550929823322665	0.03446965258709684	0.02797638608423238	0.02636191634459671	0.02587514591672734	0.02551562189361361	0.02279866914701036	0.03562262782834755	0.02956831431366504	0.02885700670714644	0.03013438818955688	0.02859225217201747	0.02180252486294628	0.03772889368623585	0.03811991053204905	0.02850389884568852	0.0303737895537619	0.03066688678153948	0.03503714390125862	0.09975550585082052	0.1016926263229469	0.07515381374412478	0.0100065549695502	0.01000655500560346	0.010006552547309	0.02814653881254574	0.02978332043325571	0.02964972958683867	0.03275827033836397	0.02993381588129948	0.02933190476265786	0.03061159774545773	0.03181648431885289	0.03067637229011128	0.9294240765232096	0.6224756246356092	0.1759430381544893	0.7900305745364491	0.6991001650851605	0.5353544432114444	0.5657778562106532	0.4980002071550215	0.4371112527141634	0.4987635515788915	0.4791448048481469	0.1233895660388147	0.1633106173516699	0.3971278484079396	0.4500507961720851	0.45475563785637	0.634405996224355	0.3507867706229541	0.3200453422789343	0.4699552936228998	0.4589903338683172	0.426234595682543	0.4285520820316243	0.3720906040349986	0.08082448603759011	0.2239306990347419	0.2105925272938952	0.3722857658898593	0.4727992040010164	0.4710028389654296	0.4708337997850671	0.1668971255484482	0.2949041175992596	0.1119322269871153	0.4195992601782011	0.4752639625394319	0.4653170960171639	0.6577097577291818	0.4315873875046636	0.3653947529192808	0.5019263266788858	0.5665926407221147	0.5144848771822823	0.1018300833069405	0.06112126568860769	0.07059083261011569	0.01793123982389952	0.06307648395399167	0.02747674822175074
1.583	10.89349131	3.92499222	1.60472012	0.6026274	1.00233541	-0.01277806	12.78883399	-13.102521	-7.94869888	-68.35799485	-3.63874052	4.30383777	0	-7.55211188	6.4869003	-2.5837892	-9.2127523	0.2955065	8.17158367	0	-24.6282472	-4.23923682	-10.80304436	0.04564838595971657	0.04109739564432413	0.0395826085866749	0.03459576058985488	0.03534612170400754	0.03501606924385264	0.03031755720027088	0.02924372244614556	0.02801761754607086	0.03755228805550041	0.03445188328582511	0.02349512904221579	0.02368708921015224	0.02362971048754126	0.02410666944571492	0.02296075064603837	0.0363607112922886	0.02845525345208905	0.0281896686002024	0.03078422121335547	0.03053558798766506	0.02223828827445389	0.0327574219600067	0.03308654024026147	0.02642346103391383	0.03003489561031075	0.03097324598896059	0.03210631140711056	0.09288936986835028	0.08901985666609197	0.07070547435274559	0.01000656064305672	0.01000656061668496	0.01000655800120418	0.02794755376377619	0.02974110268912131	0.02960728702642318	0.03293416758597863	0.02998560348360155	0.02942126681159526	0.03066186594622831	0.03197593022392297	0.0307135038879878	0.9385446241752184	0.643195204752308	0.1506681860248155	0.8169012737902902	0.7233515737980396	0.5443569251439273	0.5547473999220455	0.4788983486256635	0.4098877121624816	0.516652463836634	0.4948140976717833	0.08859398811729226	0.119183025105872	0.375331819797072	0.4429548656531973	0.4286417364746233	0.6524472934534191	0.3246973720678906	0.287992740350882	0.4718597538440303	0.4620884031729504	0.4308805359822873	0.4495616896418992	0.3903496705144754	0.06966788206749232	0.2057309201742621	0.1946949310153385	0.3781620574682222	0.4582661461713518	0.4544146538962979	0.4513828286039683	0.19448810620753	0.3211599116701365	0.1184704350325214	0.417875102075232	0.4747724571986265	0.4657663802102107	0.6401827843600292	0.4366852269884223	0.3764500895754339	0.5015642431531058	0.5615729904445079	0.5115107007601231	0.1205890090653161	0.1164305597763174	0.04904136514907041	0.01867541124887104	0.0479857078203758	0.01833760963821663
1.6	11.0333676	3.87301914	1.85910559	0.60178163	1.00306545	-0.01396041	14.23737599	-12.83827917	-7.96168128	-65.93472464	-3.16155183	4.94682317	0	-9.766562690000001	6.38875575	-2.6230903	-7.62768728	0.54538357	8.85699398	0	-24.76449354	-3.97921988	-11.02629818	0.04718055141209319	0.04328457364048687	0.04209052823202012	0.03452149825977024	0.03533534919934432	0.03521273219761393	0.02982257881186749	0.0380301592692697	0.03904701592590357	0.04040919022341084	0.03254662672290553	0.02232565939689291	0.02432225111212444	0.02484798604442529	0.02593767985087644	0.02732794333617812	0.03354579568030629	0.02807412523385229	0.02978071841705971	0.03136699386466819	0.03328823990073993	0.02780981416131614	0.0252653694599611	0.02541347330898589	0.02666716998310835	0.02987837544489653	0.03102060608615887	0.02349464826255561	0.07817636855167079	0.06612445630624252	0.06085391073472977	0.01000657969868119	0.01000657966240255	0.01000657692809059	0.02761991897214119	0.0296757807973454	0.02954861445344537	0.03317111355888622	0.03006944599381155	0.02957904459621738	0.0307171639898279	0.03215405217032404	0.03076000767668236	0.9473845072895015	0.6372205604498408	0.08413601815650761	0.8394328345850371	0.7380909607156702	0.5394130865899223	0.5460526544364975	0.4730858104942486	0.3949779708005391	0.5233261927032804	0.4998041354351949	0.07197181635013487	0.09921747096646513	0.360691108435446	0.4390516857770029	0.4181995163757854	0.6608591062142536	0.3115143490123496	0.2696013073378256	0.4698411484999869	0.4578334653754092	0.4233906789913204	0.4531348484024931	0.3849634114694665	0.05816003362097637	0.1814613706856526	0.1461261477212454	0.365003554937009	0.4549380324786007	0.450423487231189	0.4472864325159883	0.227922482740878	0.3388473917700828	0.1318915797382378	0.3962271469417777	0.4703902039019265	0.4628744810140056	0.6170976156160075	0.4518874796349136	0.4075302063626468	0.5032881601797178	0.559469063660083	0.5081351444334152	0.1290154501688921	0.1980358501136968	0.02143494321300409	0.01895833170355469	0.01445979797025596	0.01670127240062388
1.617	11.04463426	4.0132091	2.25682551	0.59915574	1.0029514	-0.01578527	15.6335097	-12.9625552	-8.314112980000001	-62.94450934	-2.71999748	5.41455395	0	-11.59274894	6.52146039	-1.96274319	-6.30723481	0.69021486	8.88581815	0	-24.95235147	-3.8418783	-11.41407725	0.03734780535050906	0.0359321244354948	0.03567218138627919	0.0321876826880842	0.03267488903606786	0.03271656548448203	0.03088636872593967	0.03527697425887202	0.03425616956734022	0.04100588910759849	0.03280520929091943	0.02544833978503217	0.02619124009446621	0.02640224149140203	0.02681887066437218	0.02649900979419262	0.03266845851956045	0.02910451456928754	0.03037721612223342	0.03048186342167104	0.03053998703549117	0.02653337634042561	0.03003325621040845	0.03018279443612527	0.02835274248266401	0.03020277198250543	0.03080894742430237	0.02425440719515948	0.08037505995286567	0.07167472587109104	0.06121103904517359	0.01000654936668224	0.01000654940007923	0.01000654665437389	0.02732888114733175	0.02960044507542247	0.0294754021975419	0.03339128672667472	0.03009170765627415	0.02962891033399893	0.03074145376326513	0.03228526772357376	0.03078748150313399	0.9489162331498462	0.6555611067270212	0.112623066987124	0.8470618598768076	0.7517967027752167	0.5522988962041415	0.5309821374554065	0.437715941202835	0.3349236971094807	0.5542146556637102	0.5218891967047868	0.07040976118657241	0.09466991699385488	0.3242298780352744	0.4304689420872752	0.3966750089932495	0.671493093539983	0.2922790532059259	0.2500459535429291	0.4709310722996733	0.4600775592675703	0.4296444724219914	0.5001317266883969	0.4427980128103605	0.05858081563331124	0.1902351328829136	0.1948373766196985	0.3634461522875395	0.4422230124108734	0.4349729409576494	0.4328300384322339	0.2524427180810859	0.3640122657320187	0.1182154407848621	0.4071339145651331	0.4727273750915972	0.4641634627558541	0.62571465131982	0.4451549760814526	0.3941126958990909	0.5026367082591289	0.5601227161297556	0.5095227479070739	0.1322074707316763	0.1323887418826893	0.06103031814533042	0.01535704985576341	0.03427785027503915	0.01634020359442564
1.633	11.08225414	3.85382367	2.32124191	0.59764586	1.00235536	-0.01657436	16.67906617	-12.59087523	-8.55182153	-59.18727757	-2.32318271	5.4345137	0	-13.36558323	6.2989251	-2.38305014	-5.26977564	1.25379955	9.80234622	0	-24.96897742	-3.52102821	-11.46772147	0.03330790501642727	0.03319259437513029	0.03351874460928227	0.03126473529531817	0.03168180283109651	0.03186982245660315	0.03785828846859428	0.0387917005755791	0.03941663092919739	0.04608966231725155	0.03302993942250092	0.02638388351852487	0.02687168252582936	0.0271027778559376	0.02724699019817581	0.02634086299779361	0.03197379421327252	0.02945620768067916	0.03139527824395109	0.03035357915156083	0.02994481643485212	0.02630777024301067	0.03117319342362013	0.03135825494830586	0.02923360428941357	0.03039428219503346	0.03086493867371543	0.02314160708775158	0.07593171606535649	0.06859404119845819	0.05906418397803237	0.010006573990127	0.01000657352596828	0.01000657017553747	0.02708805360907188	0.02954774004553425	0.02942867638247337	0.03361479292330476	0.03013187065154242	0.02970406923421726	0.03077279770362329	0.03240088319799549	0.03083073346867437	0.9516465370323206	0.6937909721746661	0.1599475521656287	0.8635817844286346	0.7741509691964918	0.5729031571732341	0.5186060774947346	0.4105818734627276	0.2962049971176943	0.5809411486103697	0.5427291415020578	0.06240587872379166	0.0825912339974911	0.277219932194896	0.4189662237170743	0.3741322378069651	0.6891612241018952	0.2644515387347632	0.2228911626957449	0.4725779329028343	0.4618571177614789	0.4304662842793621	0.5210372050936619	0.4691484095396645	0.05634332912873355	0.1964929005424074	0.2425485083527287	0.3562680056774735	0.4315747924855594	0.4221323305713816	0.4205017234384858	0.2933040179577796	0.3909688208194795	0.1115493803491774	0.4223934955629897	0.4760116837533577	0.466797750818723	0.6317998080999173	0.4371119836527236	0.3793752253894628	0.5012068518065054	0.5584002783311184	0.5102097433134671	0.1233380907457647	0.07923657659508319	0.07739577124663857	0.01534191889037146	0.04359733464092033	0.01772367842229736
1.65	11.1280175	3.7854127	2.23858077	0.59561973	1.00139251	-0.01705842	17.40118888	-12.18040947	-8.71659462	-54.65713976	-1.93039884	4.78273811	0	-15.11828235	6.14933437	-2.92642965	-4.17461609	1.63356966	10.93506416	0	-25.06160542	-3.34756907	-11.37066639	0.03455586286808762	0.03472354220184781	0.03536103830390475	0.03163728765737638	0.03223195480880887	0.03256666023549243	0.05160982800766304	0.04901367900897925	0.05517345768170714	0.05629598150357659	0.03324890838409769	0.02524923356405758	0.02644863371013427	0.02703716218359893	0.02727555339401275	0.02683373459743121	0.03137496972315652	0.02917316620695113	0.03296216254742743	0.0309661055205738	0.03142833177374289	0.02710479510689446	0.02882767325124759	0.02908678740955022	0.02941986312920071	0.03047684485904659	0.03119557874057466	0.02001714792690593	0.06429091890320468	0.0564973167042649	0.05414498864991348	0.01000665664694608	0.01000665505580581	0.01000665043172679	0.0268673329150791	0.02951107757894473	0.02940259628135619	0.03386957042335508	0.03019495535402491	0.02981391615939965	0.03081511380344715	0.03251535052789195	0.03089517006899605	0.9559167069222341	0.7566888899737306	0.2320250343393342	0.8910575988094962	0.8079480432821543	0.6038014021183363	0.5073774670593983	0.3882918488064132	0.2739820333262072	0.6068464831615911	0.5649289629266663	0.04695968365394515	0.06147158660282846	0.2137850276842642	0.4031056908701252	0.347753356418647	0.7160720142202288	0.2245533662899665	0.1847425859403756	0.4749875878848651	0.4633945856688736	0.4259588410456035	0.5184644684189461	0.4673084012485413	0.05116788829417113	0.2010168946215705	0.2952234343869639	0.342571846780553	0.4216623452119945	0.4102965797741021	0.4087604481605255	0.355614044855545	0.4230866264183974	0.1110601408767234	0.4439133375600793	0.4806536684699281	0.4711066312104712	0.6361137305538116	0.4267531282951357	0.3614756110200591	0.4988198587652693	0.5540864455393414	0.5102820050783943	0.1012986377129187	0.03193533358992831	0.07257698415459184	0.01891104743670486	0.04358318661363452	0.02102463123772301
1.667	11.38019097	3.36171259	2.26217591	0.59440979	1.00059259	-0.01686122	17.25667149	-11.32768509	-9.382922519999999	-49.18167211	-1.86402111	3.72325983	0	-17.15935679	5.43966272	-3.80901108	-2.99354202	2.06591304	12.91904986	0	-25.33930412	-2.83009915	-11.11320279	0.03170027536979736	0.03190605052440752	0.03228197402671795	0.03082297941960338	0.03111847391320122	0.03124992666833119	0.0411839166135184	0.04448144293273677	0.04801077927073107	0.05060258783146835	0.03309844204282082	0.02732961806259948	0.02760896838138267	0.02785730291026226	0.02792365834656944	0.02722655677308381	0.03113445161280583	0.02964190271095901	0.03277303806872344	0.03015604229713086	0.02990627831076468	0.02738813234474607	0.03288336728956125	0.03302895623114072	0.02960731731820884	0.03035487705369751	0.03061694182695068	0.02063338648544881	0.1185395592481273	0.1063423741157741	0.07283604622275622	0.01000653051096982	0.01000652953732522	0.01000652558115394	0.02657415161597436	0.0293630932431891	0.02925718605325826	0.03422542595499146	0.03012846931899988	0.02975885519629699	0.03077440977511872	0.03264672603740994	0.03087783332554238	0.960977258120119	0.7001398215691302	0.1999429287127029	0.8936836508154968	0.7946663390025144	0.5758879998505321	0.505506527353353	0.377178404947706	0.2450109809199476	0.6188316254619053	0.5699819524129683	0.04176370565655393	0.0534878394468621	0.1709735398952314	0.3971349654903853	0.3475075687398209	0.7076990891983721	0.2288979973230986	0.1836504215808697	0.4742771500138979	0.4637140221350563	0.4283361121692472	0.5532062222956324	0.5093195620036354	0.0478523510121338	0.213697821853525	0.317312038234235	0.3320667323412758	0.4210006677104056	0.4092190256133708	0.4084368710237	0.4015592271425604	0.446648997341539	0.09619309894315264	0.4382340983472819	0.4796418544088917	0.4708374571522121	0.6268964332585388	0.4273770332007638	0.3625629985954972	0.4998718171797206	0.5544227183544232	0.5090511228515857	0.1037730773370419	0.07021392218623855	0.05477815303093057	0.01762987862615811	0.02766771775020344	0.01885484500445006
1.683	11.21763337	3.15028238	1.99380083	0.59259275	0.99819715	-0.01616461	17.60825764	-10.55958995	-9.59046165	-43.46264432	-2.04958892	2.57718107	0	-18.41144458	4.99299541	-5.02732978	-2.43383497	2.84582769	15.20609628	0	-25.21983107	-2.66151181	-10.8283028	0.03387849545571683	0.03217867542007808	0.03172140668203758	0.03162342737154512	0.03184258916425364	0.03170619688990883	0.03669690070521276	0.0371703535952848	0.03774255045377377	0.0483810553700242	0.03426812008411956	0.0271306805048701	0.02673912548743625	0.0267749743883052	0.02681240634453616	0.02531200667775921	0.03322251980959511	0.02965736533955762	0.03124673997783053	0.02980774588747071	0.02834673855531745	0.02490664868912686	0.03693161106440712	0.03709098200605002	0.02862825521453734	0.03029328784399024	0.03081971717628185	0.02278788945789131	0.1689468828352629	0.1545051044965525	0.09493303476119427	0.01000663884044115	0.01000663796970613	0.01000663387462126	0.02660818055973066	0.02941244515370205	0.02928939096202714	0.03472491550189363	0.03015812704561494	0.02970498423601441	0.03090007763903602	0.03296248057180045	0.03101717495457465	0.9354536728884786	0.5871644546243387	0.1462124719548438	0.8475776247711619	0.7377175256563264	0.5179315294063187	0.5105556262138629	0.4062968552619708	0.2801116208546309	0.6093115876300043	0.5528411283044052	0.09217726970330151	0.1147122146776197	0.1963187058326303	0.4066874902762213	0.3707113668610666	0.6678536533222822	0.26491341531174	0.2204529963453409	0.4733052505785297	0.4650738727071645	0.435977868847262	0.5444808226434115	0.5014465586383914	0.06667161298713284	0.2338492719589532	0.3225230218838324	0.302747402154608	0.4279479938356621	0.4173350647180095	0.4169802634048227	0.4106748436808911	0.4485383462802213	0.116485146904713	0.4029113823676063	0.4719889419441546	0.4650617325568504	0.6044561209840343	0.4443885786883885	0.394430389148036	0.5034100019474882	0.5568524885654742	0.5063942847449553	0.1090865373854317	0.08553626363146648	0.05192152567627237	0.01718456903263818	0.02052527322819679	0.01837310802087555
1.7	10.71727205	2.98851282	1.72664637	0.59125507	0.99516419	-0.01524576	17.8533793	-9.765713720000001	-9.849825060000001	-37.05849091	-2.18517016	1.61438505	0	-19.38621546	4.63848406	-6.16630339	-1.79936058	3.56050812	17.36507316	0	-24.65943442	-2.56428497	-10.54633868	0.04136280063658591	0.03557549500081829	0.03360926535177855	0.03413868750719432	0.03449481496834764	0.03399250467792254	0.03758790329420784	0.02616652482944186	0.02308524262871563	0.04935369256156359	0.03690415226315623	0.02462755369615331	0.02373037466655173	0.02365488555248314	0.02380289088765876	0.02085076554954188	0.03790018283812298	0.02922148692132178	0.02819248101338711	0.02987767924038582	0.0265547700379703	0.01935015868308448	0.04147843504764093	0.04178061795614181	0.02636029405522728	0.03028437857871139	0.03182925170723456	0.02674996971578874	0.2218138051130032	0.2070058491441973	0.1231980778325324	0.01000699517654397	0.01000699390699617	0.01000698884881216	0.02697367336431751	0.02966530229929771	0.02950323662125896	0.03543047525742438	0.03028763574969695	0.02964556940851658	0.0312078258781887	0.03350208344786229	0.0313306126597219	0.8761555030733583	0.4036408682712581	0.06411735697102494	0.7469762674209504	0.6299830015753176	0.42268743198017	0.5231559009984917	0.47928700603849	0.3836715331220919	0.5770963649369006	0.5113638875874066	0.2045020713000306	0.252797759198945	0.2929886712386351	0.4329573308258626	0.4202652255475396	0.5915550271074481	0.3371015475044702	0.2997506320793477	0.4719504021493394	0.4676441187067117	0.4498393306643994	0.4911975945057562	0.4427052657321545	0.1099780819660428	0.2639901762010335	0.311507758291956	0.2509489399472164	0.4433727393534208	0.4356592019760983	0.4354585493515341	0.3841003465378287	0.4289908418517797	0.1744727907565992	0.3335298501235934	0.4567383170176248	0.4530574918499658	0.5659877546959851	0.4799142079439627	0.4610612064967423	0.509876686164543	0.5616794774488754	0.501979385995174	0.1179032003641366	0.07981765060626587	0.06365002367128478	0.01751945495695509	0.02126304748236365	0.01951920316405265
1.717	10.58101005	3.30496436	1.47055184	0.5893926900000001	0.99242748	-0.01529224	17.53393263	-9.620578569999999	-10.05777425	-30.46830313	-2.26330121	1.90102769	0	-20.76231768	5.03010558	-6.30110339	-1.1598597	4.04466539	17.62121152	0	-24.61674011	-2.81454202	-10.38567041	0.04420468486277713	0.0387055816210294	0.03702237721353919	0.03396820502132476	0.03452775336743526	0.03427292261054365	0.07319166003446401	0.0410977677900689	0.05197464694086394	0.06128784911467587	0.03453646994027931	0.021966117072314	0.02272225156343473	0.02314709578542117	0.0239426010607592	0.02304003388697509	0.03467111632225273	0.02792680190465573	0.02920311167911233	0.03046264633352991	0.02947633666012177	0.02218439903568339	0.03252168762861505	0.03281136283750023	0.02543410595625739	0.02944921469216026	0.03154891019354861	0.02191714015841036	0.1667168805014239	0.148880961786979	0.07067906757182629	0.01000644559754834	0.0100064438436322	0.0100064386401749	0.02687253450963004	0.02913458073807823	0.02895424402656359	0.0344713623495895	0.02949502816363032	0.02872062285779091	0.03049930356305258	0.03266736909201204	0.03061957331590567	0.8722591756942502	0.3365523610532459	0.06217732164793137	0.7372813497820003	0.6206343205012985	0.3994565718880266	0.524010180825579	0.4956992308454282	0.41615167064563	0.5879932907386365	0.5085087713762649	0.1953347854213239	0.2505721699516445	0.341667100667209	0.4454153311204102	0.4404537814922168	0.578171685978062	0.3670257109280368	0.3328181681414388	0.4684036720887567	0.4647164693538515	0.4547704853963569	0.5407316546902982	0.5089423224922556	0.1007695212548191	0.2707460430696032	0.2833950778521936	0.2307264602689631	0.4431718904434974	0.4363354116343786	0.4354601130796801	0.4696878282370283	0.4568826224914571	0.1613430571829027	0.236746865299649	0.4326237395905403	0.43277156227532	0.5303345037871133	0.5198932947911845	0.539480522292189	0.5169126135627857	0.5714199082727127	0.4975084446331697	0.1152138679258433	0.1211698292554285	0.06288353090903484	0.01476026081585944	0.01663191353723844	0.01764389230404181
1.733	9.981998219999999	3.90038438	1.12869067	0.58767728	0.9885315	-0.01552572	17.61943617	-9.71630605	-9.846297440000001	-23.88547151	-2.1225511	2.89690612	0	-21.72051652	5.94578148	-5.96429563	-0.47137057	4.67823351	16.70817152	0	-24.05281117	-3.35999882	-10.18271542	0.0424328505647534	0.03857248943713804	0.03740070531132593	0.0342204236403956	0.03466658128905652	0.03454012048386294	0.08624715701592754	0.04777374972685242	0.06380794170189048	0.06390080721770279	0.03425990677645861	0.02475770113663582	0.02556995121672116	0.0259040817646389	0.0267040420510653	0.02636271490258854	0.03352295499506279	0.02954119349196384	0.03177955587313169	0.03186071376301444	0.03166335669942837	0.02566339944983043	0.03128333073175024	0.03147835068826865	0.02755980766155604	0.03075200346318847	0.03242866945750437	0.0216917624879165	0.1858198031588398	0.168778649026028	0.1052151419246929	0.01000748085958774	0.01000747837871129	0.01000747329092819	0.02892485842228199	0.03058926028450524	0.03042677325222853	0.03488198507045767	0.03071165165361617	0.02995535449468845	0.03163658674950678	0.03340202049824569	0.03174453947303549	0.8967177603841981	0.3656227969223017	0.1051723191719584	0.7645869792184385	0.6562686252842407	0.4315746302743696	0.501022399234036	0.4438373847542251	0.3403313309936347	0.6158878468018237	0.5345246643543387	0.1528383610763873	0.1914114900621066	0.3456758535035472	0.4462047499433685	0.4276987904555378	0.6036739584218793	0.376118963174549	0.3387384059117237	0.4666129997374798	0.4604390450702496	0.452909857166679	0.6696184770379632	0.6599795846053507	0.1108241374605518	0.280629565064282	0.2868318047813203	0.3051640690393419	0.4360889162443464	0.4284140733631463	0.4268602976452317	0.5661685081021035	0.4996966140626602	0.1463844351622718	0.2224059298111404	0.4274992061261189	0.4285217700127782	0.5224344073346943	0.5301287287327554	0.5600915654701114	0.5179293553117983	0.5724457209124203	0.4967932529215098	0.1043712497468067	0.1280775299029649	0.06249273242820612	0.03379806671290961	0.03140609619169998	0.02502558925847946
1.75	9.552830220000001	4.6162198	0.83644935	0.5863887800000001	0.98483888	-0.0156197	17.27421086	-9.962470619999999	-9.402884159999999	-17.24719017	-2.00442781	4.70182703	0	-22.82313376	6.95200855	-5.41613598	0.10382029	5.17956584	15.58190565	0	-23.59085567	-3.99777369	-10.36313928	0.03582581845526182	0.03515958192615787	0.03479154065736215	0.03492687069179069	0.03492865222341411	0.03482749803204533	0.07838633136128167	0.04702896838189043	0.06006428875692379	0.05751918663352282	0.0360398923762165	0.03335125389715895	0.03262943608307176	0.03227046673753851	0.03243239398236528	0.03123414372333391	0.03431217869065438	0.03426646063165958	0.0362438691196976	0.03424663995752497	0.03338920766080342	0.03022203497729396	0.03760856974493829	0.03761495498979303	0.03300311188428552	0.0343555934881745	0.03457849940709631	0.02604566449549538	0.281510438417427	0.2691861217662246	0.2311233101852394	0.01001023037041709	0.01001022682911833	0.01001022213241621	0.03338718559135481	0.03421117588188209	0.0341048904514619	0.03671367126013739	0.03408958415590271	0.03350410577382139	0.03476183583585804	0.03579786909234242	0.03484613190075256	0.9525885802294451	0.4944859803620563	0.1984767242336088	0.8323063594098192	0.7413402040220111	0.5230563644374912	0.4513190835249201	0.3172187370034812	0.1467329717096083	0.6642668526343605	0.5926635531438863	0.07170074522210446	0.06792063454413971	0.3055160238521928	0.4354242646476075	0.3804058785579181	0.6712496284943765	0.365517960774821	0.3182513751114884	0.4663545510515993	0.454277167820456	0.4440248674466559	0.8939689143422084	0.9146967098355751	0.1413987576089572	0.2948761824344046	0.3222475299454763	0.4835664673546488	0.421238444981074	0.4109050198784975	0.4085841261188827	0.6856024711161887	0.5627845655117892	0.1277270969421276	0.2887144267220029	0.4407241499413075	0.4397768910295224	0.5412999532821751	0.511899939011372	0.5254707164277502	0.5130540041302073	0.5648851419479615	0.4997444118962368	0.08402001855464739	0.1014042151298178	0.06242877841869503	0.07701259838523658	0.06743236827755571	0.04258700614667019
1.767	8.96287882	5.25306552	0.66090134	0.58540759	0.98066848	-0.01522141	17.03061398	-10.10324423	-8.59162426	-11.06299002	-2.03771526	6.39042734	0	-23.47277438	7.65256443	-5.56280975	0.12819648	5.96437495	15.98904411	0	-22.95659517	-4.56307734	-10.48330547	0.02921878634577023	0.03174667441517769	0.03218237600339836	0.03563331774318579	0.03519072315777169	0.03511487558022772	0.07052550570663582	0.04628418703692845	0.05632063581195709	0.05113756604934285	0.03781987797597439	0.04194480665768208	0.03968892094942237	0.03863685171043812	0.03816074591366526	0.03610557254407927	0.03510140238624598	0.03899172777135532	0.0407081823662635	0.0366325661520355	0.03511505862217849	0.0347806705047575	0.04393380875812634	0.04375155929131741	0.03844641610701501	0.03795918351316054	0.03672832935668824	0.03039956650307427	0.3772010736760142	0.3695935945064212	0.3570314784457859	0.01001297988124644	0.01001297527952537	0.01001297097390423	0.03784951276042764	0.03783309147925894	0.03778300765069527	0.03854535744981711	0.03746751665818924	0.03705285705295432	0.0378870849222093	0.03819371768643916	0.03794772432846963	1.008459400074692	0.6233491638018109	0.2917811292952592	0.9000257396011999	0.8264117827597814	0.6145380986006126	0.4016157678158042	0.1906000892527373	-0.04686538757441813	0.7126458584668972	0.650802441933434	-0.009436870632178435	-0.05557022097382713	0.2653561942008384	0.4246437793518465	0.3331129666602984	0.7388252985668737	0.3549169583750931	0.2977643443112531	0.4660961023657187	0.4481152905706624	0.4351398777266329	1.118319351646454	1.1694138350658	0.1719733777573626	0.3091227998045272	0.3576632551096324	0.6619688656699557	0.4063879737178016	0.3933959663938487	0.3903079545925336	0.8050364341302738	0.6258725169609183	0.1090697587219834	0.3550229236328655	0.4539490937564961	0.4510320120462666	0.5601654992296559	0.4936711492899886	0.490849867385389	0.5081786529486163	0.5573245629835026	0.5026955708709638	0.06366878736248807	0.07473090035667065	0.06236482440918393	0.1202271300575635	0.1034586403634114	0.06014842303486091
1.783	8.721065060000001	5.51646845	0.63812711	0.58548891	0.97688212	-0.01445157	16.17676008	-9.869263050000001	-7.38610433	-5.47377718	-2.03884854	7.00154161	0	-24.70597112	7.81414596	-5.64439965	0.44451901	6.53427202	16.55906393	0	-22.6090039	-4.67534757	-10.67901925	0.02300040318389576	0.02853452616954927	0.02972669162319714	0.03629820908567529	0.03543737815481414	0.03538534856675232	0.06312708156108669	0.04558321635931718	0.05279719774610606	0.04513133491129107	0.03949515854045242	0.05003285631464506	0.04633314200010535	0.0446287434496378	0.04355213596665352	0.04069044672831024	0.03584420115856748	0.04343903802048076	0.04490988895126674	0.03887814374686895	0.03673938893876679	0.03907115100119379	0.04988697488818572	0.04952718686922276	0.0435695259637016	0.04135079765432388	0.03875169872101007	0.03449735662785441	0.4672628480370381	0.4640947453207245	0.4755332838674775	0.01001556765614466	0.01001556205637905	0.01001555811883413	0.04204935009602562	0.04124195321796659	0.04124476501467964	0.04026929739304509	0.04064674724857659	0.04039285825684417	0.04082849582701051	0.04044863401029492	0.0408668701427916	1.061043701105513	0.7446321599804042	0.3795970399415189	0.963761626840147	0.9064791509835659	0.7006385542835512	0.3548361765601654	0.07142959725203646	-0.2290756080770325	0.7581790404269322	0.7055213960883028	-0.08580168555385695	-0.1717969085201496	0.2275587074701516	0.4144974402499537	0.2886019907566562	0.8024259292233421	0.3449395443518196	0.278482432969855	0.4658528565437136	0.4423158766885037	0.4267775344607287	1.329472704403392	1.409147599988365	0.2007494908382149	0.3225313808587603	0.3909957023229558	0.829877005260834	0.3924110595876628	0.3769168572318261	0.3731068519794992	0.917444869908237	0.6852494124424517	0.09150991098537706	0.4174309207254424	0.4663960997002032	0.4616250671208495	0.5779213071802262	0.4765146413169217	0.4582655388749313	0.5035900871306481	0.5502087239581296	0.5054731322589423	0.04451468741692627	0.04962660409959077	0.06230463240023232	0.160899630455048	0.1373657199736288	0.07667681540021701
1.8	8.548391130000001	5.70636159	0.68262917	0.58561374	0.97332593	-0.0130815	15.52830706	-9.66371767	-6.01579587	-1.4082233	-2.10536957	7.20113772	0	-25.59878942	7.68903721	-6.38678706	0.02523424	7.27920888	18.44638586	0	-22.32459916	-4.76611113	-10.84993951	0.01639337107440408	0.02512161865856904	0.02711752696923332	0.03700465613707039	0.03569944908917172	0.03567272611493472	0.05526625590644071	0.04483843501435518	0.0490535448011393	0.03874971432711102	0.04127514414021036	0.0586264090751683	0.05339262686645604	0.05099512842253748	0.04928048789795358	0.04556187554905566	0.03663342485415909	0.04816430516017655	0.04937420219783271	0.04126406994137951	0.03846523990014188	0.04362978652865739	0.05621221390137387	0.05566379117074721	0.04901283018643116	0.04495438767930995	0.04090152867060204	0.03885125863543335	0.5629534832956264	0.5645022180609223	0.6014414521280257	0.01001831716697401	0.01001831050678609	0.01001830696032215	0.04651167726509849	0.04486386881534348	0.04492288221391304	0.04210098358272482	0.04402467975086316	0.04394160953597714	0.04395374491336181	0.04284448260439168	0.04396846257050871	1.116914520950761	0.8734953434201608	0.4729014450031706	1.031481007031529	0.9915507297213375	0.7921202884466738	0.3051328608510488	-0.05518905049870904	-0.4226739673610615	0.8065580462594695	0.7636602848778513	-0.1669393014081409	-0.2952877640381181	0.1873988778187966	0.4037169549541925	0.2413090788590357	0.8700015992958401	0.3343385419520916	0.2579954021696194	0.465594407857833	0.4361539994387099	0.4178925447407056	1.55382314170764	1.663864725218593	0.2313241109866207	0.3367779982288832	0.4264114274871122	1.008279403576143	0.3775605883243902	0.3594078037471771	0.35483068045315	1.036878832922324	0.7483373638915817	0.0728525727652326	0.4837394176363058	0.4796210435153919	0.4728801881375936	0.596786853127707	0.4582858515955379	0.4236446898325699	0.4987147359490571	0.5426481449936709	0.5084242912336692	0.02416345622476671	0.02295328932644325	0.0622406783907212	0.2041141621273755	0.173391992059485	0.09423823228840797
1.817	8.69338044	5.79626396	0.84445965	0.58629948	0.97044684	-0.01197135	15.11599877	-9.519850590000001	-5.10077834	0.34581637	-1.98952458	7.2859155	0	-26.55625756	7.32480271	-7.48499122	-0.96612924	8.023769679999999	20.90588861	0	-22.37793277	-4.64264461	-11.08243286	0.009786338964912489	0.02170871114758886	0.02450836231526957	0.0377111031884655	0.0359615200235293	0.0359601036631171	0.04740543025179489	0.04409365366939322	0.04530989185617262	0.03236809374293104	0.04305512973996825	0.06721996183569143	0.06045211173280664	0.0573615133954371	0.05500883982925356	0.05043330436980104	0.03742264854975069	0.05288957229987229	0.05383851544439863	0.04364999613589002	0.04019109086151694	0.04818842205612092	0.06253745291456192	0.0618003954722716	0.05445613440916064	0.048557977704296	0.04305135862019398	0.04320516064301223	0.6586441185542137	0.6649096908011188	0.7273496203885721	0.01002106667780336	0.01002105895719313	0.01002105580181017	0.05097400443417131	0.04848578441272032	0.0486009994131464	0.04393266977240455	0.04740261225314969	0.04749036081511007	0.04707899399971308	0.04524033119848843	0.04707005499822578	1.172785340796008	1.002358526859915	0.5662058500648209	1.099200387222909	1.076622308459108	0.8836020226097956	0.2554295451419331	-0.181807698249453	-0.6162723266450877	0.8549370520920059	0.8217991736673991	-0.2480769172624238	-0.4187786195560849	0.1472390481674423	0.3929364696584314	0.1940161669614162	0.9375772693683377	0.3237375395523636	0.2375083713693841	0.4653359591719526	0.4299921221889162	0.4090075550206829	1.778173579011885	1.918581850448818	0.2618987311350261	0.3510246155990059	0.4618271526512683	1.18668180189145	0.3627101170611176	0.3418987502625284	0.3365545089268009	1.156312795936409	0.8114253153407109	0.05419523454508846	0.5500479145471684	0.4928459873305804	0.4841353091543377	0.6156523990751879	0.4400570618741546	0.3890238407902087	0.493839384767466	0.5350875660292118	0.5113754502083963	0.003812225032607419	-0.003720025446703856	0.06217672438121011	0.2473286937997025	0.2094182641453407	0.1117996491765987
1.833	8.9568607	5.60037972	1.24895084	0.5872967100000001	0.96819435	-0.01109036	15.00767734	-9.164517630000001	-5.17857466	0.03071209	-1.88490812	7.69151214	0	-27.73577454	6.60251417	-7.53810321	-1.7513989	8.41089193	21.9483289	0	-22.51794855	-4.09938321	-11.43435151	0.003567955803038036	0.01849656290196044	0.02205267793506832	0.03837599453095501	0.03620817502057176	0.03623057664964172	0.04000700610624575	0.04339268299178195	0.04178645379032159	0.0263618626048793	0.04473041030444629	0.07530801149265443	0.0670963327834896	0.06335340513463678	0.06040022988224182	0.05501817855403199	0.03816544732207219	0.05733688254899773	0.05804022202940186	0.04589557373072348	0.04181542117810524	0.05247890255255722	0.06849061904462131	0.06757602305017694	0.05957924426584725	0.05194959184545934	0.0450747279845158	0.04730295076779238	0.7487058929152375	0.759410841615422	0.8458514258102637	0.01002365445270158	0.01002364573404681	0.01002364294674007	0.05517384176976929	0.05189464615142797	0.05206275677713079	0.04565660971563254	0.05058184284353703	0.05083036201899992	0.05002040490451429	0.04749524752234419	0.04998920081254778	1.225369641826829	1.123641523038508	0.6540217607110806	1.162936274461857	1.156689676682892	0.9697024782927339	0.2086499538862943	-0.3009781902501538	-0.7984825471477022	0.9004702340520412	0.8765181278222676	-0.3244417321841023	-0.5350053071024075	0.1094415614367554	0.3827901305565387	0.1495051910577738	1.001177900024806	0.3137601255290901	0.218226460027986	0.4650927133499472	0.4241927083067576	0.4006452117547785	1.989326931768823	2.158315615371383	0.2906748442158784	0.3644331966532388	0.4951595998645919	1.354589941482328	0.3487332029309791	0.3254196411005057	0.3193534063137664	1.268721231714372	0.8708022108222442	0.036635386808482	0.6124559116397453	0.5052929932742873	0.4947283642289206	0.6334082070257583	0.4229005539010879	0.356439512279751	0.489250818949498	0.5279717270038391	0.5141530115963748	-0.01534187491295441	-0.02882432170378374	0.0621165323722585	0.2880011941971869	0.2433253437555581	0.1283280415419548
1.85	9.01468876	5.22612534	1.51195614	0.58936259	0.96615102	-0.00921342	15.742939	-8.51869237	-4.77628553	-2.46221695	-1.79818915	6.9871571	0	-28.35338409	5.62426123	-8.449294249999999	-3.21440638	8.735779969999999	23.8499706	0	-22.34492942	-3.51950819	-11.44531792	-0.003039076306453642	0.01508365539098022	0.0194435132811045	0.03908244158235011	0.03647024595492934	0.03651795419782411	0.03214618045159978	0.04264790164681995	0.03804280084535483	0.01998024202069926	0.04651039590420419	0.08390156425317764	0.07415581764984032	0.06971979010753647	0.06612858181354188	0.05988960737477741	0.03895467101766378	0.06206214968869354	0.06250453527596782	0.04828149992523405	0.04354127213948034	0.05703753808002079	0.07481585805780942	0.07371262735170139	0.0650225484885768	0.05555318187044542	0.04722455793410776	0.05165685277537134	0.8443965281738259	0.8598183143556201	0.9717595940708119	0.01002640396353092	0.01002639418445385	0.01002639178822809	0.05963616893884217	0.05551656174880486	0.05574087397636419	0.04748829590531226	0.05395977534582364	0.05437911329813291	0.05314565399086559	0.04989109611644094	0.05309079324026486	1.281240461672077	1.252504706478265	0.7473261657727324	1.230655654653238	1.241761255420664	1.061184212455857	0.1589466381771776	-0.4275968380008992	-0.9920809064317313	0.9488492398845785	0.9346570166118164	-0.4055793480383863	-0.6584961626203758	0.06928173178540042	0.3720096452607777	0.1022122791601534	1.068753570097304	0.3031591231293622	0.1977394292277503	0.4648342646640666	0.4180308310569638	0.3917602220347556	2.213677369073071	2.413032740601611	0.3212494643642841	0.3786798140233618	0.5305753250287484	1.532992339797637	0.3338827316677064	0.3079105876158565	0.3010772347874173	1.388155194728459	0.9338901622713742	0.01797804858833763	0.6787644085506087	0.5185179370894761	0.5059834852456648	0.652273752973239	0.404671764179704	0.3218186632373894	0.4843754677679071	0.52041114803938	0.5171041705711015	-0.035693106105114	-0.05549763647693129	0.06205257836274741	0.3312157258695145	0.2793516158414143	0.1458894584301457
1.867	9.22793077	4.98892271	1.78234045	0.59112055	0.9646692100000001	-0.00720057	16.50180806	-7.96962655	-4.34543959	-5.89836257	-2.12411887	5.70854133	0	-28.8921066	4.72809429	-8.95680834	-5.02435436	8.66331664	25.16597689	0	-22.41521143	-2.99681847	-11.62351839	-0.009646108415945237	0.01167074788000005	0.01683434862714073	0.03978888863374522	0.03673231688928691	0.03680533174600648	0.02428535479695393	0.041903120301858	0.03429914790038813	0.01359862143651924	0.04829038150396209	0.09249511701370078	0.08121530251619094	0.07608617508043608	0.07185693374484188	0.06476103619552281	0.03974389471325537	0.06678741682838929	0.06696884852253374	0.05066742611974456	0.04526712310085537	0.06159617360748433	0.08114109707099748	0.07984923165322577	0.07046585271130627	0.05915677189543148	0.04937438788369969	0.05601075478295023	0.9400871634324132	0.9602257870958165	1.097667762331358	0.01002915347436028	0.01002914263486089	0.01002914062971611	0.06409849610791502	0.05913847734618172	0.05941899117559757	0.04931998209499197	0.05733770784811015	0.05792786457726584	0.05627090307721686	0.05228694471053769	0.05619238566798196	1.337111281517324	1.38136788991802	0.8406305708343826	1.298375034844619	1.326832834158434	1.152665946618978	0.1092433224680618	-0.554215485751643	-1.185679265715758	0.9972282457171149	0.9927959054013642	-0.4867169638926692	-0.7819870181383428	0.02912190213404608	0.3612291599650166	0.05491936726253366	1.136329240169801	0.2925581207296342	0.1772523984275152	0.4645758159781863	0.4118689538071703	0.3828752323147322	2.438027806377316	2.667749865831836	0.3518240845126896	0.3929264313934844	0.5659910501929042	1.711394738112944	0.319032260404434	0.2904015341312078	0.2828010632610685	1.507589157742544	0.9969781137205032	-0.0006792896318065234	0.7450729054614712	0.5317428809046647	0.517238606262409	0.6711392989207199	0.3864429744583209	0.2871978141950278	0.479500116586316	0.5128505690749212	0.5200553295458286	-0.05604433729727332	-0.08217095125007845	0.06198862435323632	0.3744302575418415	0.3153778879272701	0.1634508753183364
1.883	9.071900599999999	4.75185022	2.28642595	0.59431664	0.96329921	-0.00586972	17.350958	-7.52418923	-4.34180281	-9.30292712	-2.97188831	4.34444429	0	-29.14199799	3.81016859	-8.80028263	-6.65932181	7.98808622	25.66133731	0	-21.91512243	-2.39520749	-11.99379671	-0.01586449157781969	0.008458599634371594	0.01437866424693951	0.04045377997623473	0.03697897188632937	0.03707580473253108	0.01688693065140479	0.04120214962424668	0.03077570983453709	0.007592390298467477	0.04996566206844014	0.1005831666706638	0.08785952356687389	0.08207806681963575	0.07724832379783012	0.06934591037975377	0.0404866934855769	0.07123472707751469	0.07117055510753698	0.05291300371457802	0.04689145341744369	0.06588665410392064	0.08709426320105684	0.08562485923113114	0.07558896256799286	0.06254838603659479	0.05139775724802151	0.06010854490773036	1.030148937793437	1.05472693791012	1.21616956775305	0.01003174124925849	0.01003172941171458	0.01003172777464602	0.06829833344351297	0.06254733908488935	0.06288074853958192	0.05104392203822	0.06051693843849751	0.0612678657811557	0.05921231398201807	0.05454186103439343	0.05911153148230391	1.389695582548145	1.502650886096613	0.9284464814806426	1.362110922083565	1.406900202382218	1.238766402301917	0.06246373121242277	-0.6733859777523441	-1.367889486218372	1.04276142767715	1.047514859556233	-0.5630817788143476	-0.8982137056846651	-0.008675584596640862	0.3510828208631236	0.01040839135889149	1.19992987082627	0.2825807067063604	0.1579704870861172	0.4643325701561811	0.4060695399250114	0.3745128890488281	2.649181159134254	2.907483630754401	0.3806001975935419	0.4063350124477174	0.599323497406228	1.879302877703822	0.3050553462742953	0.2739224249691854	0.2655999606480339	1.619997593520507	1.056355009202037	-0.01823913736841298	0.8074809025540481	0.5441898868483719	0.5278316613369918	0.6888951068712901	0.3692864664852538	0.2546134856845703	0.4749115507683479	0.5057347300495483	0.5228328909338069	-0.07519843724283515	-0.1072752475071582	0.06192843234428463	0.4151027579393259	0.3492849675374874	0.1799792676836925
1.9	8.788903039999999	4.48323278	2.66677413	0.59750398	0.96218795	-0.00357422	18.20570998	-7.00346759	-4.08677337	-12.48551687	-4.24952846	2.99397365	0	-28.85151518	2.8280843	-8.71536206	-8.928146460000001	7.09235625	26.13106042	0	-21.30404587	-1.89236153	-11.92749487	-0.02247152368731126	0.005045692123391454	0.01176949959297571	0.04116022702762981	0.03724104282068694	0.03736318228071348	0.009026104996758932	0.04045736827928476	0.02703205688957044	0.001210769714287518	0.05174564766819803	0.1091767194311869	0.09491900843322451	0.08844445179253535	0.08297667572913012	0.07421733920049911	0.04127591718116846	0.07595999421721045	0.07563486835410288	0.05529892990908855	0.04861730437881875	0.07044528963138416	0.09341950221424489	0.09176146353265552	0.08103226679072237	0.06615197606158085	0.05354758719761343	0.06446244691530925	1.125839573052024	1.155134410650316	1.342077736013596	0.01003449076008784	0.01003447786212162	0.01003447661613403	0.07276066061258579	0.0661692546822662	0.06655886573881531	0.05287560822789969	0.06389487094078403	0.06481661706028863	0.06233756306836932	0.05693770962849018	0.06221312391002098	1.445566402393392	1.631514069536367	1.021750886542293	1.429830302274946	1.491971781119989	1.330248136465038	0.01276041550330698	-0.8000046255030879	-1.561487845502398	1.091140433509687	1.105653748345781	-0.6442193946686305	-1.021704561202632	-0.04883541424799498	0.3403023355673627	-0.03688452053872826	1.267505540898767	0.271979704306633	0.1374834562858815	0.4640741214703006	0.3999076626752176	0.3656278993288051	2.8735315964385	3.162200755984626	0.4111748177419472	0.42058162981784	0.6347392225703838	2.05770527601913	0.2902048750110229	0.2564133714845367	0.2473237891216846	1.739431556534592	1.119442960651166	-0.03689647558855713	0.8737893994649106	0.5574148306635602	0.5390867823537357	0.7077606528187705	0.3510576767638702	0.2199926366422091	0.4700361995867568	0.4981741510850894	0.525784049908534	-0.09554966843499446	-0.1339485622803055	0.06186447833477354	0.4583172896116529	0.3853112396233431	0.1975406845718832
1.917	8.404524540000001	4.34348782	2.99206505	0.60040927	0.96152596	-0.00126381	19.42919405	-6.70482282	-3.96527004	-16.24714488	-5.07275749	1.92025764	0	-27.97536765	1.99634983	-8.34747351	-11.91195584	5.87626175	26.2296575	0	-20.64301721	-1.45066641	-12.01311113	-0.02907855579680296	0.001632784612411231	0.009160334939011916	0.04186667407902489	0.03750311375504456	0.03765055982889584	0.001165279342112968	0.03971258693432272	0.02328840394460363	-0.005170850869892496	0.05352563326795595	0.1177702721917101	0.1019784932995752	0.09481083676543506	0.08870502766043015	0.07908876802124454	0.04206514087676011	0.08068526135690623	0.08009918160066887	0.05768485610359908	0.05034315534019385	0.07500392515884777	0.09974474122743304	0.09789806783417995	0.08647557101345191	0.06975556608656691	0.05569741714720544	0.06881634892288818	1.221530208310612	1.255541883390514	1.467985904274145	0.01003724027091719	0.01003722631252865	0.01003722545762205	0.07722298778165868	0.06979117027964313	0.07023698293804873	0.05470729441757943	0.0672728034430706	0.06836536833942161	0.06546281215472066	0.05933355822258696	0.06531471633773814	1.50143722223864	1.760377252976124	1.115055291603945	1.497549682466327	1.577043359857761	1.421729870628161	-0.0369429002058097	-0.9266232732538335	-1.755086204786427	1.139519439342224	1.163792637135329	-0.7253570105229146	-1.145195416720601	-0.08899524389935021	0.3295218502716013	-0.08417743243634845	1.335081210971266	0.2613787019069047	0.1169964254856461	0.46381567278442	0.3937457854254243	0.3567429096087826	3.097882033742748	3.416917881214854	0.441749437890353	0.434828247187963	0.6701549477345405	2.236107674334439	0.27535440374775	0.2389043179998875	0.2290476175953353	1.858865519548679	1.182530912100296	-0.05555381380870161	0.9400978963757742	0.570639774478749	0.5503419033704802	0.7266261987662519	0.3328288870424867	0.1853717875998475	0.4651608484051661	0.4906135721206311	0.5287352088832611	-0.115900899627154	-0.160621877053453	0.06180052432526251	0.5015318212839804	0.4213375117091994	0.2151021014600742
1.933	8.12327033	3.90841386	3.34355237	0.6043571599999999	0.96175866	0.00123021	20.09467426	-6.06203744	-3.43801603	-19.45303427	-5.58519989	0.51444672	0	-26.72485776	0.79829972	-8.12506376	-15.6870028	4.18354229	26.31192045	0	-19.94437546	-0.7782213	-11.81571964	-0.03529693895867742	-0.001579363633217257	0.006704650558810699	0.04253156542151446	0.03774976875208702	0.03792103281542047	-0.006233144803436175	0.03901161625671146	0.01976496587875265	-0.01117708200794432	0.05520091383243395	0.1258583218486732	0.1086227143502582	0.1008027285046347	0.09409641771341842	0.08367364220547552	0.04280793964908161	0.08513257160603169	0.08430088818567211	0.05993043369843257	0.05196748565678214	0.07929440565528406	0.1056979073574924	0.1036736954120853	0.09159868087013853	0.07314718022773023	0.05772078651152723	0.07291413904766836	1.311591982671636	1.350043034204818	1.586487709695836	0.01003982804581541	0.01003981308938233	0.01003981260255195	0.08142282511725665	0.07320003201835076	0.07369874030203308	0.05643123436080744	0.07045203403345796	0.07170536954331147	0.06840422305952185	0.06158847454644267	0.06823386215206004	1.55402152326946	1.881660249154717	1.202871202250204	1.561285569705275	1.657110728081546	1.5078303263111	-0.08372249146144828	-1.045793765254535	-1.937296425289042	1.185052621302259	1.218511591290198	-0.8017218254445931	-1.261422104266923	-0.1267927306300369	0.3193755111697087	-0.1286884083399911	1.398681841627734	0.2514012878836311	0.09771451414424792	0.4635724269624149	0.3879463715432654	0.3483805663428781	3.309035386499686	3.65665164613742	0.4705255509712055	0.4482368282421962	0.7034873949478637	2.404015813925318	0.2613774896176113	0.2224252088378647	0.2118465149823008	1.971273955326642	1.241907807581829	-0.07311366154530807	1.002505893468351	0.5830867804224562	0.5609349584450629	0.7443820067168221	0.3156723790694196	0.1527874590893896	0.4605722825871981	0.4834977330952581	0.5315127702712394	-0.1350549995727158	-0.1857261733105329	0.06174033231631082	0.5422043216814649	0.4552445913194167	0.2316304938254303
1.95	8.2356731	3.31994322	3.95477083	0.60840107	0.96305607	0.00368912	19.89820668	-5.32653017	-3.2747641	-22.00165825	-5.69686034	-0.18718862	0	-25.25133308	-0.75258523	-7.47078025	-20.39363668	2.11885743	26.22930778	0	-19.73223383	0.1501525	-11.94211143	-0.04190397106816901	-0.004992271144197369	0.004095485904846874	0.04323801247290954	0.03801183968644456	0.03820841036360284	-0.01409397045808203	0.03826683491174948	0.01602131293378595	-0.01755870259212422	0.05698089943219187	0.1344518746091962	0.1156821992166088	0.1071691134775343	0.0998247696447184	0.08854507102622089	0.04359716334467317	0.08985783874572745	0.08876520143223801	0.06231635989294304	0.0536933366181572	0.08385304118274758	0.1120231463706805	0.1098102997136097	0.09704198509286799	0.07675077025271629	0.05987061646111919	0.07726804105524723	1.407282617930224	1.450450506945014	1.712395877956383	0.01004257755664477	0.01004256153978937	0.01004256144403998	0.08588515228632951	0.07682194761572758	0.07737685750126644	0.05826292055048715	0.0738299665357445	0.0752541208224444	0.0715294721458731	0.06398432314053948	0.07133545457977714	1.609892343114708	2.010523432594472	1.296175607311855	1.629004949896656	1.742182306819315	1.599312060474221	-0.1334258071705641	-1.172412413005278	-2.130894784573068	1.233431627134795	1.276650480079746	-0.8828594412988759	-1.38491295978489	-0.1669525602813913	0.3085950258739478	-0.1759813202376104	1.466257511700231	0.2408002854839033	0.07722748334401297	0.4633139782765339	0.3817844942934716	0.3394955766228551	3.533385823803931	3.911368771367645	0.5011001711196108	0.4624834456123188	0.73890312011202	2.582418212240623	0.2465270183543384	0.2049161553532159	0.1935703434559519	2.090707918340727	1.304995759030958	-0.09177099976545233	1.068814390379214	0.596311724237645	0.5721900794618078	0.7632475526643034	0.2974435893480365	0.1181666100470293	0.4556969314056065	0.4759371541307988	0.5344639292459661	-0.1554062307648751	-0.21239948808368	0.06167637830679973	0.5854188533537918	0.4912708634052724	0.249191910713621
1.967	7.86384292	3.06062166	4.51370702	0.61104337	0.96357206	0.00597573	20.1072949	-5.08005965	-3.49749998	-24.27708542	-5.38956497	-0.00298413	0	-22.24607513	-1.8846365	-6.52319578	-26.5484266	-0.38098944	25.59943669	0	-19.07975981	0.67381504	-12.00868851	-0.04851100317766066	-0.008405178655177592	0.001486321250883105	0.04394445952430465	0.03827391062080215	0.03849578791178526	-0.02195479611272799	0.03752205356678745	0.01227765998881913	-0.02394032317630435	0.05876088503194976	0.1430454273697195	0.1227416840829595	0.113535498450434	0.1055531215760185	0.09341649984696632	0.04438638704026482	0.09458310588542321	0.09322951467880397	0.0647022860874536	0.05541918757953229	0.08841167671021119	0.1183483853838686	0.1159469040151342	0.1024852893155976	0.08035436027770237	0.06202044641071114	0.08162194306282614	1.502973253188812	1.550857979685212	1.838304046216931	0.01004532706747412	0.01004530999019641	0.01004531028552799	0.09034747945540236	0.08044386321310448	0.08105497470049985	0.06009460674016687	0.07720789903803105	0.07880287210157735	0.07465472123222444	0.06638017173463623	0.07443704700749426	1.665763162959956	2.139386616034228	1.389480012373506	1.696724330088037	1.827253885557086	1.690793794637343	-0.1831291228796808	-1.299031060756024	-2.324493143857096	1.281810632967333	1.334789368869294	-0.9639970571531599	-1.508403815302858	-0.2071123899327461	0.2978145405781869	-0.2232742321352306	1.533833181772729	0.230199283084175	0.05674045254377713	0.4630555295906538	0.3756226170436783	0.3306105869028322	3.757736261108178	4.166085896597871	0.5316747912680165	0.4767300629824414	0.7743188452761762	2.760820610555933	0.2316765470910664	0.1874071018685672	0.1752941719296031	2.210141881354813	1.368083710480088	-0.1104283379855964	1.135122887290077	0.6095366680528338	0.5834452004785513	0.7821130986117844	0.2792147996266525	0.08354576100466726	0.4508215802240159	0.4683765751663396	0.5374150882206941	-0.1757574619570347	-0.2390728028568275	0.06161242429728864	0.6286333850261193	0.5272971354911287	0.266753327601812
1.983	7.35857768	2.42340086	4.88579626	0.61320226	0.9638485	0.00892563	20.17881935	-4.35612793	-3.83887772	-25.91303569	-4.7719746	0.01062463	0	-18.41165649	-3.33508259	-6.02641211	-33.52291965	-3.55188178	24.51391596	0	-18.35079824	1.43409587	-11.92726527	-0.05472938633953511	-0.01161732690080602	-0.0009693631293181126	0.04460935086679413	0.03852056561784462	0.03876626089830981	-0.02935322025827714	0.03682108288917618	0.008754221922968153	-0.02994655431435611	0.06043616559642778	0.1511334770266825	0.1293859051336425	0.1195273901896337	0.1109445116290067	0.0980013740311973	0.04512918581258629	0.09903041613454866	0.09743122126380721	0.06694786368228706	0.05704351789612061	0.09270215720664748	0.124301551513928	0.1217225315930395	0.1076083991722842	0.08374597441886572	0.06404381577503293	0.08571973318760631	1.593035027549836	1.645359130499515	1.956805851638623	0.01004791484237233	0.01004789676705009	0.01004789743045791	0.09454731679100037	0.08385272495181217	0.08451673206448423	0.06181854668339487	0.08038712962841837	0.08214287330546721	0.07759613213702565	0.06863508805849194	0.07735619282181622	1.718347463990778	2.260669612212821	1.477295923019766	1.760460217326985	1.907321253780871	1.776894250320282	-0.2299087141353198	-1.418201552756725	-2.506703364359712	1.327343814927367	1.389508323024163	-1.040361872074838	-1.624630502849181	-0.2449098766634332	0.2876682014762943	-0.2677852080388732	1.597433812429197	0.2202218690609019	0.0374585412023789	0.4628122837686481	0.3698232031615198	0.3222482436369276	3.968889613865118	4.405819661520438	0.5604509043488689	0.4901386440366746	0.8076512924895001	2.928728750146811	0.2176996329609269	0.1709279927065452	0.1580930693165685	2.322550317132777	1.427460605961622	-0.1279881857222029	1.197530884382654	0.6219836739965405	0.5940382555531345	0.7998689065623541	0.2620582916535854	0.05096143249420937	0.4462330144060473	0.4612607361409671	0.540192649608672	-0.1949115619025966	-0.2641770991139074	0.06155223228833706	0.6693058854236039	0.5612042151013461	0.2832817199671681
2	6.75206383	1.83481687	4.88478722	0.61461328	0.96403426	0.01170494	20.33516089	-3.61773501	-4.22358303	-27.43566038	-3.61714807	0.14799355	0	-14.13730659	-4.33133067	-5.48270385	-40.5018546	-7.49241705	21.98637551	0	-17.49915727	2.09141765	-11.44845506	-0.06133641844902671	-0.01503023441178619	-0.003578527783281882	0.04531579791818924	0.03878263655220221	0.03905363844649223	-0.03721404591292299	0.03607630154421421	0.005010568978001451	-0.03632817489853601	0.06221615119618573	0.1597270297872056	0.1364453899999931	0.1258937751625333	0.1166728635603067	0.1028728028519426	0.04591840950817788	0.1037556832742444	0.1018955345103731	0.06933378987679761	0.05876936885749562	0.09726079273411101	0.1306267905271161	0.1278591358945639	0.1130517033950136	0.08734956444385178	0.06619364572462488	0.09007363519518521	1.688725662808423	1.745766603239712	2.082714019899169	0.01005066435320169	0.01005064521745713	0.01005064627194592	0.09900964396007317	0.08747464054918896	0.08819484926371762	0.06365023287307459	0.08376506213070495	0.08569162458460017	0.08072138122337691	0.07103093665258869	0.08045778524953329	1.774218283836024	2.389532795652576	1.570600328081416	1.828179597518365	1.992392832518642	1.868375984483404	-0.2796120298444356	-1.544820200507469	-2.700301723643737	1.375722820759905	1.44764721181371	-1.121499487929121	-1.748121358367148	-0.2850697063147876	0.276887716180533	-0.3150781199364925	1.665009482501694	0.2096208666611736	0.01697151040214395	0.462553835082768	0.3636613259117256	0.3133632539169051	4.193240051169363	4.660536786750662	0.5910255244972742	0.5043852614067972	0.8430670176536559	3.107131148462118	0.2028491616976549	0.1534189392218952	0.1398168977902197	2.441984280146862	1.490548557410751	-0.1466455239423472	1.263839381293516	0.6352086178117293	0.605293376569878	0.818734452509835	0.2438295019322023	0.01634058345184819	0.4413576632244567	0.4537001571765078	0.5431438085833991	-0.2152627930947557	-0.2908504138870545	0.06148827827882597	0.7125204170959308	0.5972304871872017	0.3008431368553588
2.017	6.33356963	0.6298266300000001	4.68416748	0.61526961	0.96472102	0.01498505	19.80192325	-2.0796029	-4.57456218	-27.86623091	-2.56678736	0.02919317	0	-9.80111615	-5.94999989	-5.28597538	-47.28892355	-11.54138035	19.16380662	0	-16.94952825	3.35558266	-10.33048417	-0.0679434505585183	-0.01844314192276642	-0.006187692437245651	0.04602224496958429	0.03904470748655975	0.03934101599467466	-0.04507487156756884	0.03533152019925223	0.001266916033034859	-0.04270979548271603	0.06399613679594357	0.1683205825477287	0.1435048748663437	0.1322601601354329	0.1224012154916067	0.107744231672688	0.04670763320376947	0.1084809504139401	0.106359847756939	0.07171971607130811	0.06049521981887068	0.1018194282615745	0.1369520295403041	0.1339957401960883	0.1184950076177431	0.09095315446883784	0.06834347567421684	0.09442753720276409	1.78441629806701	1.846174075979908	2.208622188159715	0.01005341386403104	0.01005339366786417	0.01005339511343392	0.103471971129146	0.09109655614656587	0.09187296646295096	0.0654819190627543	0.08714299463299147	0.08924037586373307	0.08384663030972817	0.07342678524668544	0.08355937767725041	1.830089103681271	2.518395979092331	1.663904733143067	1.895898977709745	2.077464411256412	1.959857718646525	-0.3293153455535514	-1.671438848258212	-2.893900082927764	1.424101826592442	1.505786100603258	-1.202637103783404	-1.871612213885114	-0.3252295359661419	0.2661072308847716	-0.3623710318341127	1.732585152574192	0.1990198642614462	-0.003515520398091443	0.4622953863968879	0.3574994486619323	0.3044782641968817	4.417590488473608	4.915253911980885	0.6216001446456796	0.5186318787769197	0.8784827428178117	3.285533546777425	0.1879986904343829	0.1359098857372469	0.1215407262638708	2.561418243160946	1.55363650885988	-0.1653028621624912	1.330147878204379	0.6484335616269181	0.6165484975866224	0.8375999984573159	0.2256007122108183	-0.01828026559051299	0.4364823120428651	0.4461395782120494	0.5460949675581261	-0.2356140242869151	-0.3175237286602015	0.06142432426931488	0.7557349487682578	0.6332567592730574	0.3184045537435495
2.033	5.8613886	-0.5750526	4.70096704	0.61567829	0.96586456	0.0179397	19.01576731	-0.58374541	-5.0728057	-27.75110226	-1.50028892	0.14856333	0	-5.37244818	-7.57549467	-4.92403705	-53.42787956	-14.95444474	16.10597198	0	-16.26835875	4.58995057	-9.64059651	-0.07416183372039281	-0.02165529016839485	-0.008643376817446924	0.04668713631207383	0.03929136248360221	0.03961148898119926	-0.05247329571311787	0.03463054952164102	-0.002256522032816344	-0.0487160266207679	0.06567141736042165	0.1764086322046917	0.1501490959170266	0.1382520518746326	0.127792605544595	0.112329105856919	0.04745043197609095	0.1129282606630656	0.1105615543419423	0.07396529366614157	0.062119550135459	0.1061099087580108	0.1429051956703635	0.1397713677739936	0.1236181174744297	0.09434476861000113	0.07036684503853868	0.09852532732754427	1.874478072428034	1.940675226794212	2.327123993581408	0.01005600163892925	0.01005598044471787	0.01005598225836384	0.107671808464744	0.0945054178852735	0.09533472382693531	0.0672058590059823	0.09032222522337885	0.0925803770676229	0.08678804121452938	0.07568170157054122	0.08647852349157237	1.882673404712092	2.639678975270924	1.751720643789327	1.959634864948693	2.157531779480196	2.045958174329464	-0.3760949368091904	-1.790609340258914	-3.076110303430379	1.469635008552476	1.560505054758127	-1.279001918705083	-1.987838901431437	-0.3630270226968291	0.2559608917828786	-0.4068820077377548	1.796185783230661	0.1890424502381727	-0.02279743173948967	0.4620521405748823	0.3517000347797739	0.296115920930978	4.628743841230546	5.154987676903453	0.650376257726532	0.532040459831153	0.9118151900311355	3.453441686368303	0.1740217763042438	0.1194307765752241	0.1043396236508363	2.673826678938911	1.613013404341413	-0.1828627098990978	1.392555875296956	0.6608805675706249	0.6271415526612056	0.8553558064078857	0.2084442042377521	-0.05086459410097	0.4318937462248984	0.439023739186676	0.5488725289461049	-0.2547681242324769	-0.3426280249172815	0.06136413226036319	0.7964074491657424	0.6671638388832749	0.3349329461089056
2.05	5.52265657	-1.63282122	4.37978258	0.61537949	0.9675477300000001	0.0214299	17.89234814	0.93446507	-5.1868159	-27.16845847	-0.5729118600000001	-0.00255584	0	-1.28245094	-8.92074393	-4.69787334	-58.79974087	-16.63258569	13.37296071	0	-15.87395682	5.54819575	-8.53110513	-0.08076886582988435	-0.02506819767937496	-0.01125254147141069	0.04739358336346894	0.03955343341795975	0.03989886652938163	-0.06033412136776395	0.03388576817667899	-0.006000174977782935	-0.05509764720494781	0.06745140296017954	0.1850021849652148	0.1572085807833772	0.1446184368475322	0.1335209574758949	0.1172005346776643	0.04823965567168259	0.1176535278027613	0.1150258675885082	0.07635121986065213	0.06384540109683406	0.1106685442854743	0.1492304346835515	0.145907972075518	0.1290614216971592	0.09794835863498719	0.07251667498813058	0.1028792293351231	1.970168707686621	2.041082699534408	2.453032161841953	0.01005875114975859	0.01005872889512489	0.01005873109985185	0.1121341356338168	0.09812733348265035	0.0990128410261687	0.06903754519566202	0.09370015772566537	0.09612912834675585	0.08991329030088063	0.07807755016463791	0.08958011591928944	1.938544224557338	2.768542158710678	1.845025048850977	2.027354245140073	2.242603358217967	2.137439908492585	-0.4257982525183062	-1.917227988009657	-3.269708662714405	1.518014014385013	1.618643943547674	-1.360139534559365	-2.111329756949404	-0.403186852348183	0.2451804064871173	-0.4541749196353742	1.863761453303158	0.1784414478384448	-0.04328446253972551	0.4617936918890022	0.3455381575299796	0.2872309312109547	4.853094278534791	5.409704802133676	0.6809508778749371	0.5462870772012756	0.9472309151952918	3.63184408468361	0.1591713050409718	0.1019217230905758	0.08606345212448741	2.793260641952995	1.676101355790542	-0.2015200481192418	1.458864372207819	0.6741055113858128	0.6383966736779492	0.8742213523553666	0.190215414516369	-0.08548544314333206	0.4270183950433069	0.4314631602222176	0.5518236879208311	-0.2751193554246363	-0.3693013396904288	0.0613001782508521	0.8396219808380693	0.7031901109691305	0.3524943629970962
2.067	5.77070345	-2.55531105	4.03833589	0.61557837	0.97041387	0.02447597	15.9867704	2.37800347	-5.00958441	-26.38763854	0.31590356	-0.16291184	0	2.06238846	-10.15356175	-4.46090651	-63.56460851	-16.51873484	11.43468992	0	-16.06673423	6.36447633	-7.5572879	-0.08737589793937611	-0.02848110519035529	-0.01386170612537452	0.04810003041486405	0.03981550435231734	0.04018624407756399	-0.06819494702240991	0.03314098683171696	-0.009743827922749748	-0.06147926778912793	0.06923138855993743	0.1935957377257382	0.1642680656497281	0.150984821820432	0.1392493094071951	0.1220719634984098	0.04902887936727418	0.1223787949424572	0.1194901808350742	0.07873714605516269	0.06557125205820918	0.115227179812938	0.1555556736967397	0.1520445763770425	0.1345047259198888	0.1015519486599733	0.07466650493772259	0.1072331313427021	2.065859342945211	2.141490172274607	2.578940330102503	0.01006150066058797	0.01006147734553195	0.01006147994133985	0.1165964628028898	0.1017492490800272	0.1026909582254022	0.07086923138534179	0.09707809022795194	0.09967787962588887	0.093038539387232	0.08047339875873472	0.09268170834700656	1.994415044402587	2.897405342150437	1.93832945391263	2.095073625331457	2.327674936955739	2.228921642655709	-0.4755015682274237	-2.043846635760405	-3.463307021998436	1.566393020217552	1.676782832337224	-1.44127715041365	-2.234820612467374	-0.4433466819995386	0.2343999211913568	-0.5014678315329952	1.931337123375657	0.1678404454387161	-0.06377149333996091	0.4615352432031212	0.3393762802801863	0.2783459414909313	5.077444715839042	5.664421927363907	0.7115254980233434	0.5605336945713986	0.9826466403594485	3.810246482998922	0.1443208337776989	0.08441266960592664	0.06778728059813766	2.912694604967084	1.739189307239672	-0.2201773863393865	1.525172869118683	0.6873304552010024	0.6496517946946936	0.8930868983028475	0.1719866247949851	-0.1201062921856932	0.4221430438617153	0.4239025812577593	0.5547748468955591	-0.2954705866167961	-0.3959746544635765	0.06123622424134112	0.8828365125103972	0.7392163830549872	0.3700557798852875
2.083	5.98183969	-3.35668906	3.54869306	0.61581629	0.9739854	0.02764871	13.72701776	3.66398852	-4.65739009	-24.89002419	0.94747366	-0.05812711	0	5.02496656	-11.25459662	-4.49983498	-67.26138913	-14.64802643	10.19694934	0	-16.25321692	7.00378738	-6.19362694	-0.09359428110125056	-0.03169325343598361	-0.01631739050557574	0.04876492175735353	0.04006215934935975	0.0404567170640886	-0.07559337116795906	0.03244001615410563	-0.01326726598860084	-0.0674854989271797	0.07090666912441546	0.2016837873827012	0.170912286700411	0.1569767135596317	0.1446406994601833	0.1266568376826408	0.04977167813959571	0.1268261051915827	0.1236918874200774	0.08098272364999615	0.0671955823747975	0.1195176603093743	0.1615088398267992	0.1578202039549479	0.1396278357765754	0.1049435628011366	0.07668987430204444	0.1113309214674823	2.155921117306235	2.235991323088911	2.697442135524195	0.01006408843548617	0.01006406412238561	0.01006406708626978	0.1207963001384877	0.1051581108187349	0.1061527155893865	0.07259317132856979	0.1002573208183393	0.1030178808297787	0.09597995029203321	0.08272831508259043	0.09560085416132852	2.046999345433409	3.01868833832903	2.026145364558889	2.158809512570402	2.407742305179525	2.315022098338647	-0.5222811594830619	-2.163017127761105	-3.645517242501051	1.611926202177585	1.731501786492093	-1.517641965335329	-2.351047300013696	-0.4811441687302249	0.2242535820894629	-0.5459788074366374	1.994937754032126	0.1578630314154434	-0.08305340468135913	0.4612919973811165	0.3335768663980279	0.2699835982250267	5.28859806859598	5.904155692286473	0.7403016111041958	0.5739422756256314	1.015979087572772	3.9781546225898	0.1303439196475598	0.06793356044390375	0.05058617798510312	3.025103040745047	1.798566202721207	-0.2377372340759929	1.58758086621126	0.6997774611447092	0.6602448497692768	0.9108427062534181	0.1548301168219179	-0.1526906206961511	0.4175544780437477	0.416786742232385	0.557552408283537	-0.3146246865623579	-0.4210789507206563	0.06117603223238943	0.9235090129078818	0.7731234626652046	0.3865841722506436
2.1	6.28950309	-3.90423158	2.98255861	0.61591953	0.9779347900000001	0.03039749	11.28072411	4.58471597	-4.34775748	-23.28910694	1.46533061	0.50386264	0	7.63574478	-11.84021264	-4.46822255	-70.00254271999999	-12.14803992	9.10986512	0	-16.60788885	7.33731373	-5.02016948	-0.1002013132107422	-0.03510616094696384	-0.01892655515953956	0.04947136880874869	0.0403242302837174	0.04074409461227102	-0.08345419682260502	0.03169523480914371	-0.01701091893356754	-0.0738671195113596	0.07268665472417335	0.2102773401432242	0.1779717715667616	0.1633430985325313	0.1503690513914833	0.1315282665033862	0.05056090183518736	0.1315513723312784	0.1281562006666433	0.08336864984450665	0.06892143333617251	0.1240762958368378	0.1678340788399871	0.1639568082564722	0.1450711399993049	0.1085471528261227	0.07883970425163639	0.1156848234750611	2.251611752564822	2.336398795829107	2.823350303784742	0.01006683794631552	0.01006681257279268	0.01006681592775779	0.1252586273075605	0.1087800264161118	0.1098308327886199	0.07442485751824945	0.1036352533206258	0.1065666321089117	0.09910519937838441	0.08512416367668724	0.09870244658904564	2.102870165278656	3.147551521768785	2.11944976962054	2.226528892761783	2.492813883917295	2.40650383250177	-0.5719844751921777	-2.289635775511849	-3.839115601785077	1.660305208010122	1.789640675281641	-1.598779581189612	-2.474538155531663	-0.5213039983815797	0.2134730967937033	-0.5932717193342576	2.062513424104623	0.1472620290157147	-0.1035404354815945	0.4610335486952355	0.3274149891482336	0.2610986085050042	5.512948505900225	6.158872817516698	0.7708762312526014	0.5881888929957544	1.051394812736928	4.156557020905106	0.1154934483842869	0.0504245069592546	0.03231000645875426	3.144537003759132	1.861654154170336	-0.2563945722961369	1.653889363122123	0.713002404959898	0.6714999707860212	0.9297082522008981	0.136601327100534	-0.1873114697385132	0.4126791268621561	0.4092261632679275	0.5605035672582641	-0.3349759177545173	-0.4477522654938035	0.06111207822287834	0.9667235445802087	0.8091497347510603	0.4041455891388344
2.117	7.1313861	-4.57415706	2.42039593	0.61617841	0.98256823	0.03352102	7.74624927	5.73212229	-3.73198273	-20.67604941	1.51242311	0.67451364	0	9.472215050000001	-12.81703725	-4.71755003	-71.78401224	-10.02578263	8.792322560000001	0	-17.43727824	7.76451221	-3.66108686	-0.1068083453202338	-0.03851906845794406	-0.02153571981350333	0.05017781586014375	0.04058630121807494	0.04103147216045344	-0.09131502247725076	0.03095045346418168	-0.02075457187853413	-0.08024874009553962	0.0744666403239313	0.2188708929037474	0.1850312564331122	0.1697094835054309	0.1560974033227833	0.1363996953241315	0.05135012553077889	0.1362766394709741	0.1326205139132092	0.08575457603901721	0.07064728429754763	0.1286349313643014	0.1741593178531752	0.1700934125579966	0.1505144442220344	0.1121507428511088	0.08098953420122829	0.1200387254826401	2.347302387823409	2.436806268569303	2.949258472045288	0.01006958745714487	0.0100695610231997	0.01006956476924581	0.1297209544766333	0.1124019420134886	0.1135089499878533	0.07625654370792917	0.1070131858229124	0.1101153833880446	0.1022304484647357	0.08752001227078399	0.1018040390167627	2.158740985123902	3.27641470520854	2.21275417468219	2.294248272953165	2.577885462655065	2.497985566664891	-0.6216877909012943	-2.416254423262592	-4.032713961069104	1.708684213842659	1.847779564071188	-1.679917197043895	-2.59802901104963	-0.5614638280329336	0.2026926114979419	-0.6405646312318769	2.130089094177119	0.136661026615986	-0.124027466281829	0.4607751000093545	0.3212531118984403	0.2522136187849817	5.73729894320447	6.413589942746922	0.8014508514010064	0.6024355103658765	1.086810537901084	4.334959419220414	0.1006429771210149	0.03291545347460545	0.0140338349324054	3.263970966773217	1.924742105619465	-0.2750519105162814	1.720197860032985	0.7262273487750859	0.6827550918027647	0.9485737981483799	0.1183725373791509	-0.2219323187808744	0.4078037756805655	0.4016655843034691	0.5634547262329903	-0.3553271489466765	-0.4744255802669506	0.06104812421336714	1.009938076252536	0.845176006836916	0.421707006027025
2.133	7.72888767	-4.94217554	1.9409832	0.61646807	0.98674664	0.03581538	4.52776142	6.38478909	-3.23447674	-18.26112524	1.59404039	0.99249934	0	11.32527865	-13.09028864	-4.6522117	-72.59251098	-8.239408940000001	8.587346610000001	0	-18.06008033	7.86812934	-2.57095437	-0.1130267284821083	-0.04173121670357249	-0.0239914041937046	0.05084270720263329	0.04083295621511751	0.04130194514697794	-0.09871344662279968	0.03024948278657047	-0.02427800994438511	-0.08625497123359138	0.07614192088840932	0.2269589425607104	0.1916754774837952	0.1757013752446306	0.1614887933757715	0.1409845695083625	0.05209292430310042	0.1407239497200995	0.1368222204982125	0.08800015363385066	0.07227161461413589	0.1329254118607377	0.1801124839832347	0.175869040135902	0.1556375540787209	0.1155423569922721	0.08301290356555013	0.1241365156074202	2.437364162184433	2.531307419383606	3.06776027746698	0.0100721752320431	0.01007214780005339	0.01007215191417571	0.1339207918122313	0.1158108037521963	0.1169707073518376	0.07798048365115717	0.1101924164132997	0.1134553845919344	0.1051718593695369	0.0897749285946397	0.1047231848310847	2.211325286154722	3.397697701387132	2.30057008532845	2.35798416019211	2.657952830878848	2.584086022347829	-0.6684673821569325	-2.535424915263293	-4.214924181571718	1.754217395802694	1.902498518226057	-1.756282011965573	-2.714255698595952	-0.5992613147636208	0.1925462723960489	-0.6850756071355191	2.193689724833588	0.1266836125927133	-0.1433093776232273	0.4605318541873498	0.315453698016281	0.2438512755190771	5.948452295961408	6.653323707669488	0.8302269644818587	0.6158440914201098	1.120142985114407	4.502867558811292	0.08666606299087576	0.01643634431258345	-0.003167267680629138	3.37637940255118	1.984119001100997	-0.292611758252888	1.782605857125561	0.7386743547187935	0.6933481468773488	0.9663296060989497	0.1012160294060838	-0.2545166472913305	0.403215209862597	0.3945497452780948	0.56623228762097	-0.3744812488922384	-0.4995298765240306	0.06098793220441567	1.05061057665002	0.8790830864471333	0.4382353983923811
2.15	8.3617461	-5.17704434	1.3327542	0.61670272	0.99057429	0.03775889	1.28489937	6.81616523	-2.55883122	-15.86765124	1.64000411	1.29419179	0	12.87782458	-13.19665705	-4.85107254	-72.55672556	-6.95805624	8.515365510000001	0	-18.66042822	7.83323981	-1.5563195	-0.1196337605915998	-0.04514412421455261	-0.02660056884766837	0.0515491542540284	0.04109502714947499	0.04158932269516036	-0.1065742722774459	0.02950470144160855	-0.02802166288935193	-0.0926365918177714	0.07792190648816721	0.2355524953212336	0.1987349623501458	0.1820677602175301	0.1672171453070715	0.1458559983291079	0.05288214799869195	0.1454492168597953	0.1412865337447785	0.09038607982836111	0.07399746557551096	0.1374840473882011	0.1864377229964227	0.1820056444374264	0.1610808583014505	0.1191459470172581	0.08516273351514203	0.1284904176149991	2.53305479744302	2.631714892123804	3.193668445727527	0.01007492474287244	0.01007489625046043	0.01007490075566375	0.1383831189813041	0.1194327193495731	0.120648824551071	0.07981216984083694	0.1135703489155863	0.1170041358710673	0.1082971084558882	0.09217077718873645	0.1078247772588017	2.26719610599997	3.526560884826888	2.3938744903901	2.425703540383491	2.74302440961662	2.675567756510951	-0.7181706978660491	-2.662043563014038	-4.408522540855745	1.802596401635231	1.960637407015605	-1.837419627819856	-2.837746554113919	-0.6394211444149756	0.1817657871002876	-0.7323685190331393	2.261265394906085	0.1160826101929855	-0.1637964084234627	0.4602734055014688	0.3092918207664876	0.2349662857990547	6.172802733265653	6.908040832899713	0.8608015846302641	0.6300907087902328	1.155558710278564	4.681269957126598	0.07181559172760288	-0.001072709172064812	-0.02144343920697889	3.495813365565265	2.047206952550128	-0.311269096473032	1.848914354036424	0.7518992985339823	0.7046032678940923	0.9851951520464315	0.08298723968470156	-0.2891374963336926	0.3983398586810054	0.3869891663136364	0.5691834465956962	-0.3948324800843976	-0.5262031912971779	0.06092397819490447	1.093825108322347	0.9151093585329891	0.4557968152805718
2.167	9.14044687	-5.37214884	0.78591334	0.61656716	0.99402998	0.04028989	-2.11473057	7.1820265	-1.85457411	-13.41704696	1.47584946	1.63092182	0	14.09009164	-13.44445079	-5.19036224	-71.79098888	-5.88324165	9.01368605	0	-19.46237825	7.68708382	-0.5300726	-0.1262407927010915	-0.04855703172553283	-0.02920973350163214	0.0522556013054235	0.04135709808383259	0.04187670024334267	-0.1144350979320916	0.02875992009664652	-0.03176531583431852	-0.09901821240195119	0.07970189208792511	0.2441460480817567	0.2057944472164964	0.1884341451904298	0.1729454972383716	0.1507274271498532	0.0536713716942836	0.150174483999491	0.1457508469913443	0.09277200602287172	0.07572331653688602	0.1420426829156647	0.1927629620096107	0.1881422487389507	0.16652416252418	0.1227495370422442	0.08731256346473404	0.132844319622578	2.628745432701607	2.732122364864	3.319576613988072	0.01007767425370179	0.01007764470086744	0.01007764959715174	0.142845446150377	0.12305463494695	0.1243269417503043	0.0816438560305166	0.1169482814178728	0.1205528871502003	0.1114223575422395	0.09456662578283326	0.1109263696865188	2.323066925845218	3.655424068266641	2.487178895451751	2.493422920574874	2.82809598835439	2.767049490674072	-0.767874013575164	-2.788662210764781	-4.602120900139771	1.850975407467768	2.018776295805154	-1.918557243674139	-2.961237409631886	-0.6795809740663294	0.1709853018045271	-0.7796614309307586	2.328841064978581	0.1054816077932577	-0.1842834392236981	0.4600149568155896	0.3031299435166943	0.2260812960790313	6.397153170569899	7.162757958129937	0.89137620477867	0.6443373261603558	1.19097443544272	4.859672355441907	0.05696512046433089	-0.01858176265671396	-0.03971961073332775	3.61524732857935	2.110294903999256	-0.3299264346931765	1.915222850947287	0.7651242423491711	0.7158583889108359	1.004060697993912	0.06475844996331759	-0.3237583453760529	0.3934645074994148	0.3794285873491763	0.5721346055704224	-0.4151837112765571	-0.5528765060703249	0.0608600241853936	1.137039639994674	0.951135630618845	0.4733582321687626
2.183	9.698464230000001	-5.13606835	0.31149949	0.61632741	0.99679882	0.04144922	-4.92920848	6.87999296	-1.71977275	-11.67867028	1.70706497	2.56340799	0	15.27433936	-12.86261353	-5.42725054	-70.20257789999999	-5.02851491	8.96419594	0	-19.98813868	7.20470359	0.07225064	-0.132459175862966	-0.05176917997116126	-0.0316654178818333	0.05292049264791288	0.04160375308087494	0.04214717322986739	-0.1218335220776408	0.0280589494190352	-0.03528875390016961	-0.105024443540003	0.08137717265240318	0.2522340977387196	0.2124386682671793	0.1944260369296294	0.1783368872913598	0.1553123013340842	0.05441417046660513	0.1546217942486165	0.1499525535763475	0.09501758361770518	0.07734764685347439	0.146333163412101	0.19871612813967	0.193917876316856	0.1716472723808666	0.1261411511834075	0.08933593282905583	0.1369421097473581	2.718807207062631	2.826623515678303	3.438078419409764	0.01008026202859999	0.01008023147772114	0.01008023674208167	0.147045283485975	0.1264634966856576	0.1277886991142888	0.08336779597374455	0.1201275120082602	0.1238928883540902	0.1143637684470407	0.09682154210668892	0.1138455155008408	2.375651226876039	3.776707064445235	2.574994806098011	2.557158807813819	2.908163356578173	2.853149946357011	-0.8146536048308022	-2.907832702765482	-4.784331120642385	1.896508589427803	2.07349524996002	-1.994922058595818	-3.077464097178209	-0.7173784607970166	0.1608389627026341	-0.8241724068344007	2.39244169563505	0.09550419376998409	-0.2035653505650963	0.4597717109935839	0.2973305296345341	0.2177189528131285	6.608306523326839	7.402491723052503	0.9201523178595219	0.657745907214589	1.224306882656043	5.027580495032783	0.04298820633419265	-0.03506087181873685	-0.0569207133463614	3.727655764357314	2.16967179948079	-0.3474862824297822	1.977630848039864	0.7775712482928778	0.7264514439854191	1.021816505944482	0.04760194199025136	-0.3563426738865108	0.388875941681448	0.3723127483238038	0.5749121669584021	-0.4343378112221186	-0.5779808023274047	0.0607998321764418	1.177712140392158	0.9850427102290622	0.4898866245341186
2.2	9.968881	-5.16761604	-0.22438792	0.61527945	0.99831459	0.04314963	-7.26332108	6.9220415	-1.26522748	-10.1070225	1.87045606	2.83295192	0	16.7102445	-12.69987022	-5.69804573	-68.15850125	-4.28733452	9.110992599999999	0	-20.28354547	6.93154193	0.72097425	-0.1390662079724576	-0.05518208748214148	-0.03427458253579718	0.0536269396993081	0.04186582401523264	0.0424345507780497	-0.1296943477322869	0.02731416807407328	-0.03903240684513642	-0.1114060641241832	0.08315715825216119	0.2608276504992429	0.2194981531335301	0.2007924219025292	0.1840652392226599	0.1601837301548297	0.05520339416219677	0.1593470613883123	0.1544168668229136	0.09740350981221579	0.0790734978148494	0.1508917989395647	0.2050413671528584	0.2000544806183806	0.1770905766035961	0.1297447412083935	0.09148576277864784	0.1412960117549371	2.814497842321221	2.927030988418502	3.563986587670314	0.01008301153942937	0.01008297992812821	0.01008298558356968	0.1515076106550479	0.1300854122830345	0.1314668163135222	0.08519948216342432	0.1235054445105467	0.1274416396332232	0.117489017533392	0.09921739070078572	0.116947107928558	2.431522046721287	3.905570247884993	2.668299211159664	2.624878188005203	2.993234935315947	2.944631680520135	-0.8643569205399206	-3.034451350516229	-4.977929479926416	1.94488759526034	2.13163413874957	-2.076059674450103	-3.200954952696178	-0.7575382904483714	0.1500584774068727	-0.8714653187320209	2.46001736570755	0.08490319137025626	-0.2240523813653317	0.4595132623077038	0.2911686523847408	0.2088339630931042	6.832656960631088	7.657208848282734	0.9507269380079282	0.671992524584712	1.2597226078202	5.205982893348095	0.02813773507091888	-0.05256992530338689	-0.07519688487271203	3.847089727371403	2.232759750929921	-0.3661436206499271	2.043939344950728	0.7907961921080675	0.7377065650021635	1.040682051891963	0.02937315226886561	-0.3909635229288746	0.3840005904998556	0.3647521693593454	0.5778633259331283	-0.4546890424142787	-0.6046541171005526	0.06073587816693071	1.220926672064487	1.021068982314919	0.5074480414223099
2.217	10.54945103	-4.98222727	-0.5332871300000001	0.61497689	0.99989602	0.04433898	-10.15135019	6.71221147	-0.93383038	-8.21391805	1.9404104	3.00445186	0	17.35503173	-12.26713989	-6.00422786	-65.1701877	-3.59877524	9.15383948	0	-20.79759501	6.4645872	1.09653186	-0.1456732400819492	-0.05859499499312171	-0.03688374718976095	0.05433338675070309	0.04212789494959024	0.04272192832623212	-0.1375551733869327	0.02656938672911124	-0.04277605979010324	-0.1177876847083632	0.08493714385191897	0.2694212032597661	0.2265576379998808	0.2071588068754289	0.1897935911539599	0.1650551589755751	0.05599261785778831	0.1640723285280081	0.1588811800694795	0.0997894360067263	0.08079934877622452	0.1554504344670282	0.2113666061660464	0.206191084919905	0.1825338808263257	0.1333483312333796	0.09363559272823974	0.1456499137625161	2.910188477579808	3.027438461158699	3.689894755930861	0.01008576105025871	0.01008572837853522	0.0100857344250577	0.1559699378241207	0.1337073278804114	0.1351449335127556	0.08703116835310409	0.1268833770128334	0.1309903909123561	0.1206142666197433	0.1016132392948825	0.1200487003562749	2.487392866566534	4.034433431324748	2.761603616221314	2.692597568196582	3.078306514053718	3.036113414683257	-0.9140602362490373	-3.161069998266974	-5.171527839210444	1.993266601092877	2.189773027539118	-2.157197290304386	-3.324445808214146	-0.7976981200997271	0.1392779921111114	-0.9187582306296411	2.527593035780047	0.07430218897052754	-0.2445394121655671	0.4592548136218237	0.2850067751349474	0.1999489733730808	7.057007397935333	7.911925973512959	0.9813015581563336	0.6862391419548342	1.295138332984356	5.384385291663402	0.013287263807646	-0.07007897878803604	-0.09347305639905912	3.966523690385486	2.295847702379049	-0.3848009588700712	2.110247841861591	0.8040211359232554	0.7489616860189088	1.059547597839444	0.01114436254748341	-0.4255843719712349	0.3791252393182649	0.3571915903948852	0.5808144849078563	-0.4750402736064379	-0.6313274318736999	0.06067192415741962	1.264141203736814	1.057095254400775	0.5250094583105005
2.233	11.04396499	-4.8130655	-0.64207705	0.61380722	1.00078487	0.04549175	-12.80813815	6.54908265	-0.81032228	-6.45752012	1.98252997	3.21017946	0	17.89716027	-11.8545157	-6.28540315	-61.47975136	-3.11814891	8.8806593	0	-21.32571947	6.04139851	1.27480279	-0.1518916232438237	-0.06180714323875003	-0.03933943156996222	0.05499827809319269	0.0423745499466327	0.04299240131275672	-0.1449535975324818	0.02586841605149992	-0.04629949785595411	-0.123793915846415	0.08661242441639694	0.2775092529167291	0.2332018590505637	0.2131506986146285	0.1951849812069482	0.169640033159806	0.05673541663010984	0.1685196387771335	0.1630828866544827	0.1020350136015598	0.08242367909281278	0.1597409149634645	0.2173197722961058	0.2119667124978104	0.1876569906830122	0.136739945374543	0.09565896209256153	0.1497477038872961	3.000250251940832	3.121939611973002	3.808396561352552	0.01008834882515691	0.01008831515538891	0.0100883215699876	0.1601697751597188	0.1371161896191191	0.1386066908767399	0.08875510829633204	0.1300626076032206	0.134330392116246	0.1235556775245444	0.1038681556187382	0.122967846170597	2.539977167597353	4.155716427503342	2.849419526867574	2.756333455435531	3.158373882277502	3.122213870366195	-0.9608398275046746	-3.280240490267674	-5.353738059713057	2.038799783052912	2.244491981693987	-2.233562105226064	-3.440672495760468	-0.8354956068304125	0.1291316530092192	-0.9632692065332842	2.591193666436515	0.06432477494725397	-0.2638213235069653	0.4590115677998163	0.279207361252789	0.1915866301071762	7.268160750692271	8.151659738435525	1.010077671237186	0.6996477230090674	1.328470780197679	5.552293431254281	-0.0006896503224904649	-0.08655808795005804	-0.1106741590120954	4.078932126163449	2.355224597860582	-0.4023608066066777	2.172655838954168	0.8164681418669613	0.759554741093492	1.077303405790014	-0.006012145425582816	-0.4581687004816928	0.3745366735002982	0.3500757513695127	0.5835920462958342	-0.4941943735519996	-0.6564317281307797	0.06061173214846782	1.304813704134298	1.091002334010992	0.5415378506758566
2.25	11.16045384	-4.68170487	-0.76636976	0.61254021	1.00057352	0.0464051	-14.83763279	6.39191762	-0.75455745	-5.10818923	2.21483091	3.59307629	0	18.48689331	-11.44988442	-6.62848655	-57.07845378	-2.72114269	8.3334972	0	-21.42110326	5.70220211	1.46564877	-0.1584986553533153	-0.06522005074973025	-0.04194859622392588	0.0557047251445878	0.04263662088099029	0.04327977886093914	-0.1528144231871276	0.025123634706538	-0.05004315080092092	-0.130175536430595	0.08839241001615494	0.2861028056772523	0.2402613439169143	0.2195170835875281	0.2009133331382482	0.1745114619805514	0.05752464032570137	0.1732449059168292	0.1675471999010486	0.1044209397960703	0.08414953005418779	0.1642995504909281	0.2236450113092938	0.2181033167993347	0.1931002949057418	0.140343535399529	0.09780879204215354	0.154101605894875	3.095940887199419	3.222347084713199	3.934304729613099	0.01009109833598629	0.01009106360579595	0.01009107041147561	0.1646321023287916	0.1407381052164959	0.1422848080759733	0.09058679448601181	0.1334405401055072	0.1378791433953789	0.1266809266108957	0.106264004212835	0.126069438598314	2.595847987442603	4.284579610943095	2.942723931929224	2.82405283562691	3.243445461015272	3.213695604529316	-1.010543143213791	-3.406859138018419	-5.547336418997084	2.087178788885449	2.302630870483535	-2.314699721080347	-3.564163351278435	-0.8756554364817681	0.1183511677134579	-1.010562118430903	2.658769336509012	0.05372377254752703	-0.2843083543072007	0.4587531191139362	0.2730454840029939	0.1827016403871546	7.492511187996516	8.40637686366575	1.040652291385591	0.7138943403791895	1.363886505361836	5.730695829569587	-0.01554012158576512	-0.1040671414347063	-0.1289503305384443	4.198366089177535	2.418312549309713	-0.4210181448268222	2.238964335865031	0.8296930856821518	0.7708098621102337	1.096168951737495	-0.02424093514696679	-0.4927895495240548	0.3696613223187075	0.3425151724050544	0.5865432052705621	-0.5145456047441588	-0.6831050429039269	0.06054777813895695	1.348028235806625	1.127028606096848	0.5590992675640474
2.267	11.19105579	-4.56474165	-1.01738759	0.61070237	0.99974027	0.04710517	-16.57482295	6.20531522	-0.49181052	-4.09620952	2.61910204	3.76591575	0	18.90029726	-11.1429937	-7.35168775	-52.12038222	-2.73369294	7.48895542	0	-21.5071622	5.36175737	1.67543692	-0.165105687462807	-0.06863295826071047	-0.04455776087788976	0.05641117219598291	0.04289869181534789	0.04356715640912145	-0.1606752488417735	0.02437885336157608	-0.05378680374588751	-0.1365571570147748	0.09017239561591284	0.2946963584377754	0.247320828783265	0.2258834685604277	0.2066416850695481	0.1793828908012967	0.05831386402129302	0.177970173056525	0.1720115131476145	0.1068068659905808	0.08587538101556291	0.1688581860183916	0.2299702503224819	0.2242399211008591	0.1985435991284712	0.143947125424515	0.09995862199174543	0.1584555079024539	3.191631522458006	3.322754557453395	4.060212897873646	0.01009384784681563	0.01009381205620299	0.01009381925296363	0.1690944294978644	0.1443600208138728	0.1459629252752067	0.09241848067569147	0.1368184726077937	0.1414278946745119	0.129806175697247	0.1086598528069317	0.1291710310260311	2.65171880728785	4.413442794382851	3.036028336990875	2.891772215818293	3.328517039753045	3.305177338692436	-1.060246458922908	-3.533477785769162	-5.74093477828111	2.135557794717986	2.360769759273083	-2.39583733693463	-3.687654206796402	-0.915815266133122	0.1075706824176965	-1.057855030328524	2.726345006581511	0.04312277014779831	-0.3047953851074361	0.4584946704280561	0.2668836067532006	0.1738166506671313	7.716861625300762	8.661093988895972	1.071226911533997	0.7281409577493125	1.399302230525993	5.909098227884894	-0.03039059284903622	-0.1215761949193563	-0.1472265020647932	4.317800052191622	2.481400500758841	-0.4396754830469658	2.305272832775893	0.8429180294973406	0.782064983126979	1.115034497684976	-0.04246972486835077	-0.5274103985664134	0.3647859711371151	0.3349545934405942	0.5894943642452883	-0.5348968359363186	-0.7097783576770738	0.06048382412944564	1.391242767478952	1.163054878182704	0.5766606844522382
2.283	10.81736616	-4.69500959	-1.26523667	0.60830479	0.99792068	0.04826203	-17.65104745	6.33230169	-0.01746482	-3.47396151	3.07008267	3.52676182	0	19.47548045	-11.13012679	-8.15916945	-46.61900981	-2.88403023	6.5716167	0	-21.22321902	5.25076587	1.61781343	-0.1713240706246814	-0.07184510650633891	-0.04701344525809104	0.05707606353847228	0.04314534681239024	0.04383762939564617	-0.1680736729873227	0.02367788268396476	-0.0573102418117386	-0.1425633881528265	0.0918476761803908	0.3027844080947383	0.2539650498339479	0.2318753602996274	0.2120330751225363	0.1839677649855277	0.05905666279361454	0.1824174833056504	0.1762132197326177	0.1090524435854142	0.08749971133215118	0.1731486665148279	0.2359234164525412	0.2300155486787644	0.2036667089851578	0.1473387395656783	0.1019819913560672	0.1625532980272341	3.28169329681903	3.417255708267699	4.178714703295337	0.01009643562171383	0.01009639883305666	0.01009640639789353	0.1732942668334623	0.1477688825525804	0.1494246826391911	0.09414242061891953	0.1399977031981811	0.1447678958784018	0.1327475866020482	0.1109147691307875	0.1320901768403532	2.704303108318669	4.534725790561443	3.123844247637134	2.955508103057237	3.408584407976829	3.391277794375377	-1.107026050178545	-3.652648277769863	-5.923144998783725	2.18109097667802	2.415488713427951	-2.472202151856308	-3.803880894342724	-0.9536127528638092	0.09742434331580263	-1.102366006232167	2.789945637237979	0.03314535612452651	-0.3240772964488334	0.4582514246060523	0.2610841928710439	0.1654543074012267	7.928014978057698	8.900827753818538	1.100003024614849	0.7415495388035458	1.432634677739315	6.077006367475773	-0.04436750697917446	-0.1380553040813766	-0.1644276046778277	4.430208487969583	2.540777396240374	-0.4572353307835724	2.367680829868469	0.8553650354410465	0.7926580382015622	1.132790305635545	-0.05962623284141877	-0.5599947270768713	0.3601974053191466	0.3278387544152217	0.592271925633268	-0.5540509358818799	-0.7348826539341538	0.06042363212049429	1.431915267876437	1.196961957792921	0.5931890768175941
2.3	10.57007792	-4.71842172	-1.18892013	0.60655897	0.99590232	0.04866199	-18.93927479	6.4037266	-0.06128097	-2.7490905	3.42098786	3.44942196	0	19.62816203	-10.80266727	-8.753797929999999	-40.6239309	-3.18063672	5.81468535	0	-21.05555009	5.11644867	1.5404379	-0.177931102734173	-0.07525801401731902	-0.04962260991205469	0.0577825105898675	0.04340741774674783	0.04412500694382859	-0.1759344986419684	0.02293310133900284	-0.0610538947567052	-0.1489450087370068	0.09362766178014881	0.3113779608552615	0.2610245347002986	0.238241745272527	0.2177614270538363	0.1888391938062731	0.05984588648920608	0.1871427504453462	0.1806775329791837	0.1114383697799247	0.08922556229352629	0.1777073020422913	0.2422486554657293	0.2361521529802888	0.2091100132078874	0.1509423295906644	0.1041318213056592	0.166907200034813	3.377383932077618	3.517663181007895	4.304622871555884	0.01009918513254318	0.0100991472834637	0.01009915523938157	0.1777565940025352	0.1513907981499573	0.1531027998384245	0.09597410680859919	0.1433756357004676	0.1483166471575346	0.1358728356883995	0.1133106177248843	0.1351917692680702	2.760173928163919	4.663588974001199	3.217148652698785	3.023227483248618	3.493655986714597	3.482759528538498	-1.156729365887662	-3.779266925520607	-6.116743358067751	2.229469982510558	2.473627602217499	-2.553339767710592	-3.927371749860691	-0.9937725825151631	0.08664385802004482	-1.149658918129784	2.857521307310476	0.02254435372479691	-0.3445643272490688	0.4579929759201686	0.2549223156212488	0.1565693176812033	8.152365415361944	9.155544879048763	1.130577644763254	0.7557961561736688	1.468050402903471	6.25540876579108	-0.05921797824244912	-0.1555643575660266	-0.1827037762041765	4.549642450983669	2.603865347689505	-0.4758926690037169	2.433989326779332	0.8685899792562353	0.8039131592183058	1.151655851583026	-0.07785502256280097	-0.5946155761192333	0.3553220541375559	0.3202781754507633	0.5952230846079942	-0.5744021670740396	-0.761555968707301	0.06035967811098297	1.475129799548764	1.232988229878777	0.6107504937057849
2.317	9.729387490000001	-4.96497612	-1.81479599	0.60429585	0.99275234	0.04965828	-19.61494953	6.46581044	1.19993025	-1.93773788	3.71282487	3.00734973	0	20.03214938	-10.88337608	-10.02017177	-34.33661641	-3.45193337	5.47589808	0	-20.27976695	5.04874321	2.34209071	-0.1845381348436648	-0.07867092152829935	-0.05223177456601857	0.05848895764126261	0.04366948868110543	0.0444123844920109	-0.1837953242966144	0.02218831999404092	-0.06479754770167223	-0.1553266293211868	0.09540764737990659	0.3199715136157848	0.2680840195666493	0.2446081302454268	0.2234897789851366	0.1937106226270187	0.06063511018479772	0.191868017585042	0.1851418462257497	0.1138242959744354	0.09095141325490141	0.1822659375697551	0.2485738944789175	0.2422887572818133	0.2145533174306169	0.1545459196156507	0.1062816512552512	0.1712611020423919	3.473074567336207	3.618070653748095	4.430531039816433	0.01010193464337253	0.01010189573387074	0.01010190408086958	0.1822189211716082	0.1550127137473342	0.1567809170376578	0.09780579299827896	0.1467535682027542	0.1518653984366677	0.1389980847747508	0.1157064663189811	0.1382933616957873	2.816044748009165	4.792452157440957	3.310453057760438	3.090946863440003	3.57872756545237	3.574241262701623	-1.206432681596779	-3.905885573271354	-6.310341717351784	2.277848988343095	2.531766491007049	-2.634477383564876	-4.050862605378661	-1.03393241216652	0.07586337272428167	-1.196951830027405	2.925096977382974	0.0119433513250673	-0.3650513580493051	0.4577345272342903	0.2487604383714555	0.1476843279611799	8.376715852666194	9.410262004278994	1.161152264911661	0.7700427735437918	1.503466128067628	6.433811164106391	-0.074068449505722	-0.1730734110506766	-0.2009799477305254	4.669076413997759	2.666953299138635	-0.4945500072238613	2.500297823690197	0.8818149230714241	0.8151682802350511	1.170521397530509	-0.09608381228418494	-0.6292364251615954	0.3504467029559653	0.3127175964863049	0.5981742435827204	-0.5947533982661997	-0.7882292834804487	0.0602957241014721	1.518344331221092	1.269014501964633	0.6283119105939761
2.333	9.068789410000001	-5.21583716	-1.68579654	0.60243424	0.98930838	0.04974273	-20.30603467	6.75902371	1.2636061	-1.5708384	4.22619156	3.05505101	0	20.25814426	-10.6893593	-10.5743099	-27.98384757	-3.59423066	6.08551864	0	-19.65053798	5.21471266	2.17068551	-0.1907565180055392	-0.08188306977392779	-0.05468745894621974	0.05915384898375209	0.04391614367814789	0.04468285747853551	-0.1911937484421637	0.02148734931642937	-0.0683209857675231	-0.1613328604592386	0.09708292794438467	0.3280595632727478	0.2747282406173323	0.2506000219846265	0.2288811690381247	0.1982954968112496	0.06137790895711925	0.1963153278341675	0.189343552810753	0.1160698735692688	0.09257574357148968	0.1865564180661914	0.2545270606089769	0.2480643848597187	0.2196764272873035	0.1579375337568139	0.108305020619573	0.1753588921671721	3.563136341697231	3.712571804562397	4.549032845238124	0.01010452241827076	0.01010448251072441	0.01010449122579946	0.1864187585072061	0.1584215754860419	0.1602426744016423	0.09952973294150691	0.1499327987931416	0.1552053996405576	0.141939495679552	0.1179613826428368	0.1412125075101093	2.868629049039988	4.913735153619549	3.398268968406697	3.154682750678948	3.658794933676154	3.66034171838456	-1.253212272852418	-4.025056065272055	-6.492551937854397	2.323382170303129	2.586485445161916	-2.710842198486555	-4.167089292924984	-1.071729898897206	0.06571703362238956	-1.241462805931047	2.988697608039443	0.001965937301795506	-0.3843332693907033	0.4574912814122847	0.242961024489297	0.1393219846952771	8.587869205423134	9.64999576920156	1.189928377992512	0.7834513545980242	1.536798575280952	6.601719303697268	-0.08804536363585846	-0.1895525202126986	-0.2181810503435599	4.781484849775719	2.726330194620168	-0.5121098549604679	2.562705820782773	0.8942619290151317	0.8257613353096325	1.188277205481077	-0.1132403202572512	-0.6618207536720533	0.3458581371379967	0.3056017574609324	0.6009518049707001	-0.6139074982117609	-0.8133335797375287	0.06023553209252031	1.559016831618576	1.302921581574851	0.6448403029593321
2.35	8.51691108	-5.18672628	-1.79402619	0.60045475	0.98601827	0.04921926	-21.07200376	6.59323726	0.76407218	-1.20780965	4.95882869	4.19380345	0	19.84722525	-10.05801829	-11.11105456	-21.10559112	-3.82104796	7.06932641	0	-19.22880901	5.06929832	2.10378768	-0.1973635501150308	-0.08529597728490801	-0.05729662360018362	0.0598602960351472	0.04417821461250548	0.04497023502671782	-0.1990545740968093	0.02074256797146767	-0.07206463871248991	-0.1677144810434186	0.09886291354414256	0.336653116033271	0.2817877254836828	0.256966406957526	0.2346095209694247	0.2031669256319948	0.06216713265271079	0.2010405949738633	0.1938078660573188	0.1184557997637793	0.0943015945328648	0.1911150535936549	0.2608522996221649	0.2542009891612431	0.2251197315100331	0.1615411237818	0.1104548505691649	0.1797127941747509	3.658826976955818	3.812979277302594	4.674941013498672	0.01010727192910013	0.01010723096113145	0.0101072400672875	0.1908810856762789	0.1620434910834186	0.1639207916008757	0.1013614191311867	0.153310731295428	0.1587541509196904	0.1450647447659033	0.1203572312369335	0.1443140999378264	2.924499868885231	5.042598337059305	3.491573373468348	3.222402130870332	3.743866512413925	3.751823452547681	-1.302915588561532	-4.151674713022798	-6.686150297138423	2.371761176135667	2.644624333951464	-2.791979814340838	-4.290580148442951	-1.111889728548561	0.0549365483266282	-1.288755717828668	3.05627327811194	-0.008635065097932326	-0.4048203001909378	0.4572328327264046	0.2367991472395037	0.1304369949752537	8.81221964272738	9.904712894431785	1.220502998140918	0.7976979719681472	1.572214300445108	6.780121702012577	-0.1028958348991313	-0.2070615736973487	-0.2364572218699106	4.900918812789804	2.789418146069298	-0.5307671931806119	2.629014317693636	0.9074868728303187	0.8370164563263778	1.207142751428558	-0.1314691099786351	-0.6964416027144154	0.3409827859564061	0.2980411784964723	0.6039029639454263	-0.6342587294039208	-0.8400068945106756	0.06017157808300921	1.602231363290903	1.338947853660706	0.6624017198475229
2.367	8.15351879	-5.3093128	-1.85818906	0.5991117	0.9828042299999999	0.04834787	-22.23891001	6.5615589	0.9936199999999999	-0.54700366	5.25697201	4.41921909	0	19.1371686	-9.544855460000001	-11.27339273	-14.54909449	-3.98997082	8.51798698	0	-18.98977886	5.03015256	1.74455945	-0.2039705822245224	-0.08870888479588812	-0.05990578825414739	0.06056674308654231	0.04444028554686308	0.04525761257490024	-0.2069153997514555	0.01999778662650553	-0.07580829165745651	-0.1740961016275984	0.1006428991439005	0.3452466687937941	0.2888472103500335	0.2633327919304257	0.2403378729007247	0.2080383544527402	0.06295635634830243	0.205765862113559	0.1982721793038847	0.1208417259582899	0.0960274454942398	0.1956736891211185	0.2671775386353531	0.2603375934627675	0.2305630357327625	0.165144713806786	0.1126046805187568	0.1840666961823298	3.754517612214406	3.913386750042791	4.800849181759218	0.01011002143992945	0.01010997941153849	0.01010998890877554	0.1953434128453517	0.1656654066807955	0.167598908800109	0.1031931053208665	0.1566886637977146	0.1623029021988234	0.1481899938522545	0.1227530798310302	0.1474156923655435	2.980370688730481	5.171461520499061	3.584877778529998	3.290121511061709	3.828938091151695	3.843305186710802	-1.352618904270649	-4.278293360773542	-6.87974865642245	2.420140181968204	2.702763222741012	-2.873117430195121	-4.414071003960917	-1.152049558199915	0.04415606303086683	-1.336048629726287	3.123848948184438	-0.01923606749766016	-0.4253073309911741	0.4569743840405227	0.2306372699897103	0.1215520052552304	9.036570080031625	10.15943001966201	1.251077618289324	0.8119445893382693	1.607630025609263	6.958524100327883	-0.1177463061624042	-0.2245706271819969	-0.2547333933962577	5.02035277580389	2.852506097518425	-0.549424531400756	2.695322814604499	0.9207118166455093	0.8482715773431213	1.226008297376039	-0.1496978997000191	-0.7310624517567756	0.3361074347748154	0.2904805995320157	0.6068541229201525	-0.6546099605960798	-0.8666802092838228	0.06010762407349812	1.64544589496323	1.374974125746562	0.6799631367357137
2.383	7.92926042	-5.17805791	-1.98376946	0.5982165	0.9795421	0.0470686	-23.3627281	6.20553726	0.6223738599999999	-0.3149363	5.94748254	5.25408474	0	18.02740061	-8.68573604	-10.66559989	-8.25223634	-4.49992274	9.11915437	0	-18.77514718	4.80694155	1.37779055	-0.2101889653863968	-0.09192103304151655	-0.06236147263434855	0.06123163442903179	0.04468694054390554	0.04552808556142496	-0.2143138238970046	0.01929681594889421	-0.0793317297233076	-0.1801023327656501	0.1023181797083785	0.353334718450757	0.2954914314007164	0.2693246836696254	0.245729262953713	0.2126232286369711	0.06369915512062396	0.2102131723626843	0.2024738858888879	0.1230873035531233	0.09765177581082818	0.1999641696175547	0.2731307047654123	0.2661132210406728	0.2356861455894491	0.1685363279479493	0.1146280498830787	0.18816448630711	3.844579386575429	4.007887900857094	4.919350987180909	0.01011260921482771	0.01011256618839218	0.01011257605370541	0.1995432501809496	0.1690742684195032	0.1710606661640933	0.1049170452640944	0.159867894388102	0.1656429034027131	0.1511314047570558	0.125007996154886	0.1503348381798654	3.032954989761304	5.292744516677653	3.672693689176258	3.353857398300654	3.909005459375479	3.929405642393743	-1.399398495526288	-4.397463852774242	-7.061958876925064	2.465673363928239	2.757482176895882	-2.949482245116799	-4.53029769150724	-1.189847044930602	0.03400972392897295	-1.38055960562993	3.187449578840905	-0.02921348152093373	-0.4445892423325706	0.4567311382185189	0.2248378561075501	0.1131896619893258	9.247723432788563	10.39916378458457	1.279853731370176	0.8253531703925034	1.640962472822586	7.126432239918761	-0.1317232202925425	-0.2410497363440172	-0.2719344960092922	5.132761211581853	2.91188299299996	-0.5669843791373625	2.757730811697075	0.9331588225892151	0.8588646324177045	1.24376410532661	-0.1668544076730853	-0.7636467802672335	0.3315188689568469	0.2833647605066414	0.6096316843081304	-0.6737640605416417	-0.8917845055409028	0.06004743206454655	1.686118395360714	1.40888120535678	0.6964915291010697
2.4	7.92114627	-5.17945079	-2.12834864	0.59802028	0.97649689	0.0460696	-24.97052208	5.95425449	0.76027163	0.382907	6.0576321	5.61512073	0	16.89132394	-8.17824296	-9.80987152	-3.37605307	-4.84381646	9.719141580000001	0	-18.77533122	4.58774159	1.59170392	-0.2167959974958885	-0.09533394055249667	-0.06497063728831232	0.0619380814804269	0.04494901147826313	0.04581546310960738	-0.2221746495516501	0.01855203460393229	-0.08307538266827419	-0.1864839533498304	0.1040981653081364	0.3619282712112801	0.3025509162670671	0.275691068642525	0.2514576148850129	0.2174946574577166	0.0644883788162155	0.2149384395023801	0.206938199135454	0.1254732297476338	0.09937762677220319	0.2045228051450182	0.2794559437786004	0.2722498253421972	0.2411294498121787	0.1721399179729353	0.1167778798326706	0.1925183883146888	3.940270021834017	4.10829537359729	5.045259155441455	0.010115358725657	0.01011531463879922	0.0101153248951934	0.2040055773500224	0.1726961840168799	0.1747387833633267	0.1067487314537741	0.1632458268903885	0.1691916546818462	0.154256653843407	0.1274038447489827	0.1534364306075825	3.088825809606547	5.421607700117407	3.765998094237908	3.421576778492039	3.99407703811325	4.020887376556864	-1.449101811235403	-4.524082500524987	-7.255557236209091	2.514052369760776	2.815621065685431	-3.030619860971082	-4.653788547025206	-1.230006874581957	0.02322923863321158	-1.427852517527549	3.255025248913402	-0.03981448392066156	-0.4650762731328069	0.4564726895326388	0.2186759788577568	0.1043046722693024	9.472073870092808	10.6538809098148	1.310428351518581	0.8395997877626256	1.676378197986744	7.304834638234067	-0.1465736915558153	-0.2585587898286672	-0.2902106675356428	5.252195174595938	2.974970944449089	-0.5856417173575061	2.824039308607937	0.9463837664044039	0.8701197534344498	1.262629651274091	-0.1850831973944693	-0.7982676293095956	0.3266435177752562	0.275804181542183	0.6125828432828584	-0.6941152917338012	-0.9184578203140497	0.05998347805503546	1.729332927033042	1.444907477442635	0.7140529459892605
2.417	8.274575479999999	-4.96617199	-2.28296799	0.59862902	0.97397482	0.04491185	-26.58016536	5.47860911	-0.12286514	0.22261411	6.65863847	6.80354141	0	15.68771239	-7.65260439	-9.110717989999999	-0.31680679	-4.88257416	10.6146515	0	-19.11304817	4.16645642	1.65221287	-0.2234030296053801	-0.098746848063477	-0.0675798019422762	0.06264452853182201	0.04521108241262073	0.04610284065778969	-0.2300354752062961	0.01780725325897037	-0.086819035613241	-0.1928655739340104	0.1058781509078943	0.3705218239718033	0.3096104011334178	0.2820574536154246	0.2571859668163129	0.2223660862784619	0.06527760251180703	0.2196637066420759	0.2114025123820199	0.1278591559421444	0.1011034777335783	0.2090814406724817	0.2857811827917884	0.2783864296437216	0.246572754034908	0.1757435079979214	0.1189277097822626	0.1968722903222678	4.035960657092604	4.208702846337488	5.171167323702003	0.01011810823648635	0.01011806308920626	0.01011807373668144	0.2084679045190954	0.1763180996142568	0.1784169005625601	0.1085804176434538	0.166623759392675	0.1727404059609791	0.1573819029297584	0.1297996933430795	0.1565380230352995	3.144696629451797	5.550470883557161	3.859302499299559	3.48929615868342	4.079148616851018	4.112369110719985	-1.49880512694452	-4.650701148275733	-7.449155595493116	2.562431375593309	2.873759954474977	-3.111757476825365	-4.777279402543174	-1.27016670423331	0.01244875333745199	-1.475145429425169	3.3226009189859	-0.05041548632038939	-0.4855633039330431	0.4562142408467569	0.2125141016079635	0.09541968254928079	9.696424307397054	10.90859803504502	1.341002971666987	0.8538464051327477	1.7117939231509	7.483237036549376	-0.1614241628190882	-0.2760678433133155	-0.3084868390619917	5.371629137610023	3.038058895898217	-0.6042990555776511	2.8903478055188	0.9596087102195927	0.8813748744511916	1.281495197221572	-0.2033119871158533	-0.8328884783519559	0.3217681665936656	0.2682436025777246	0.6155340022575864	-0.7144665229259601	-0.9451311350871969	0.05991952404552414	1.772547458705368	1.480933749528491	0.7316143628774511
2.433	8.46750318	-4.96102325	-2.28932804	0.59842432	0.97109143	0.044019	-27.98949614	5.2759361	-0.50402344	0.17877019	7.04774781	7.71562815	0	15.65590823	-7.53355686	-8.080230419999999	-0.07232706	-4.41247503	11.41749843	0	-19.29676262	3.88612156	1.36815787	-0.2296214127672545	-0.1019589963091054	-0.07003548632247725	0.06330941987431149	0.04545773740966308	0.0463733136443143	-0.2374338993518457	0.01710628258135904	-0.09034247367909187	-0.1988718050720619	0.1075534314723723	0.3786098736287663	0.3162546221841006	0.2880493453546242	0.2625773568693012	0.2269509604626929	0.06602040128412867	0.2241110168912013	0.215604218967023	0.1301047335369778	0.1027278080501665	0.213371921168918	0.2917343489218479	0.2841620572216268	0.2516958638915946	0.1791351221390848	0.1209510791465844	0.2009700804470479	4.126022431453627	4.30320399715179	5.289669129123694	0.0101206960113846	0.01012064986605993	0.01012066088161134	0.2126677418546933	0.1797269613529644	0.1818786579265445	0.1103043575866819	0.1698029899830623	0.1760804071648689	0.1603233138345594	0.1320546096669353	0.1594571688496216	3.19728093048262	5.671753879735755	3.947118409945818	3.553032045922365	4.159215985074802	4.198469566402924	-1.545584718200159	-4.769871640276431	-7.63136581599573	2.607964557553348	2.928478908629844	-3.188122291747043	-4.893506090089496	-1.307964190963997	0.00230241423555988	-1.51965640532881	3.386201549642367	-0.06039290034366296	-0.5048452152744414	0.4559709950247512	0.206714687725805	0.08705733928337622	9.90757766015399	11.14833179996759	1.369779084747838	0.8672549861869809	1.745126370364224	7.651145176140253	-0.1754010769492265	-0.2925469524753375	-0.3256879416750245	5.484037573387988	3.09743579137975	-0.6218589033142576	2.952755802611377	0.9720557161633003	0.8919679295257747	1.299251005172142	-0.2204684950889195	-0.865472806862412	0.3171796007756971	0.2611277635523521	0.6183115636455625	-0.7336206228715221	-0.9702354313442774	0.05985933203657279	1.813219959102853	1.514840829138708	0.7481427552428073
2.45	8.54122538	-4.93777837	-2.50176954	0.59884665	0.9687595	0.04303999	-28.81535249	4.9393143	-0.86150805	-0.76795955	7.5177079	8.616433369999999	0	16.23281524	-7.47033232	-7.37184805	-1.86205041	-3.98125314	11.87214698	0	-19.37846968	3.58056812	1.47570014	-0.2362284448767462	-0.1053719038200855	-0.07264465097644113	0.06401586692570671	0.04571980834402056	0.04666069119249672	-0.2452947250064916	0.01636150123639712	-0.09408612662405891	-0.2052534256562422	0.1093334170721303	0.3872034263892896	0.3233141070504515	0.2944157303275241	0.2683057088006013	0.2318223892834383	0.06680962497972021	0.2288362840308972	0.220068532213589	0.1324906597314884	0.1044536590115417	0.2179305566963817	0.2980595879350361	0.2902986615231513	0.2571391681143242	0.1827387121640709	0.1231009090961764	0.2053239824546269	4.221713066712217	4.40361146989199	5.415577297384244	0.010123445522214	0.01012339831646702	0.01012340972309939	0.2171300690237662	0.1833488769503415	0.1855567751257778	0.1121360437763617	0.173180922485349	0.179629158444002	0.1634485629209109	0.1344504582610321	0.1625587612773388	3.253151750327866	5.800617063175512	4.040422815007471	3.620751426113749	4.244287563812581	4.289951300566047	-1.595288033909275	-4.896490288027179	-7.824964175279763	2.656343563385885	2.986617797419395	-3.269259907601328	-5.016996945607466	-1.348124020615353	-0.008478071060201486	-1.566949317226433	3.453777219714869	-0.07099390274339079	-0.5253322460746777	0.4557125463388711	0.2005528104760117	0.07817234956335284	10.13192809745824	11.40304892519782	1.400353704896245	0.8815016035571048	1.780542095528379	7.829547574455565	-0.1902515482124993	-0.3100560059599893	-0.3439641132013751	5.603471536402074	3.160523742828881	-0.6405162415344017	3.019064299522241	0.9852806599784873	0.9032230505425201	1.318116551119623	-0.2386972848103035	-0.9000936559047776	0.3123042495941046	0.2535671845878937	0.6212627226202923	-0.7539718540636819	-0.9969087461174246	0.05979537802706147	1.856434490775181	1.550867101224565	0.7657041721309985
2.467	8.653933520000001	-4.59554234	-2.81301509	0.59948054	0.96686264	0.04153453	-29.38880097	4.18500273	-1.28537905	-2.23381357	8.02986372	9.543476930000001	0	17.03181778	-6.95681604	-7.16936964	-4.86930359	-4.25708611	11.35640019	0	-19.39814723	2.92811575	1.73073561	-0.2428354769862378	-0.1087848113310657	-0.07525381563040501	0.0647223139771016	0.04598187927837827	0.04694806874067892	-0.2531555506611372	0.01561671989143498	-0.0978297795690255	-0.2116350462404222	0.1111134026718882	0.3957969791498128	0.3303735919168022	0.3007821153004236	0.2740340607319013	0.2366938181041838	0.06759884867531174	0.2335615511705929	0.2245328454601551	0.1348765859259989	0.1061795099729167	0.2224891922238452	0.3043848269482241	0.2964352658246757	0.2625824723370538	0.1863423021890568	0.1252507390457682	0.2096778844622058	4.317403701970804	4.504018942632186	5.54148546564479	0.01012619503304329	0.01012614676687401	0.01012615856458743	0.2215923961928391	0.1869707925477183	0.1892348923250113	0.1139677299660413	0.1765588549876356	0.183177909723135	0.1665738120072621	0.1368463068551288	0.1656603537050558	3.309022570173113	5.929480246615269	4.133727220069122	3.688470806305126	4.329359142550349	4.381433034729168	-1.644991349618392	-5.023108935777923	-8.01856253456379	2.704722569218422	3.044756686208942	-3.350397523455611	-5.140487801125433	-1.388283850266708	-0.01925855635596285	-1.614242229124052	3.521352889787366	-0.08159490514311862	-0.5458192768749122	0.4554540976529911	0.1943909332262166	0.06928735984332945	10.35627853476249	11.65776605042805	1.43092832504465	0.8957482209272269	1.815957820692535	8.007949972770874	-0.2051020194757704	-0.3275650594446375	-0.362240284727724	5.722905499416163	3.223611694278013	-0.6591735797545466	3.085372796433105	0.9985056037936779	0.9144781715592654	1.336982097067104	-0.2569260745316875	-0.9347145049471379	0.307428898412514	0.2460066056234318	0.6242138815950184	-0.7743230852558414	-1.023582060890572	0.05973142401755061	1.899649022447508	1.586893373310421	0.7832655890191893
2.483	8.277991760000001	-4.52673047	-2.8463573	0.60098957	0.96488574	0.03951596	-29.41693008	3.83031402	-1.41176721	-3.69677962	7.95234735	9.92542497	0	18.49455679	-6.62629786	-6.83380605	-8.503187560000001	-5.06816623	10.33987565	0	-18.98212898	2.70549642	1.4450646	-0.2490538601481123	-0.1119969595766941	-0.07770950001060628	0.0653872053195913	0.04622853427542073	0.04721854172720374	-0.2605539748066863	0.01491574921382388	-0.1013532176348766	-0.2176412773784739	0.1127886832363663	0.4038850288067757	0.337017812967485	0.3067740070396233	0.2794254507848896	0.2412786922884147	0.06834164744763338	0.2380088614197183	0.2287345520451581	0.1371221635208324	0.107803840289505	0.2267796727202815	0.3103379930782836	0.3022108934025811	0.2677055821937404	0.1897339163302203	0.1272741084100902	0.2137756745869859	4.407465476331828	4.59852009344649	5.659987271066481	0.01012878280794155	0.01012873354372767	0.01012874570951727	0.2257922335284371	0.1903796542864259	0.1926966496889957	0.1156916699092693	0.179738085578023	0.1865179109270247	0.1695152229120634	0.1391012231789845	0.1685794995193777	3.361606871203932	6.050763242793861	4.221543130715381	3.752206693544078	4.409426510774132	4.467533490412107	-1.691770940874031	-5.142279427778625	-8.200772755066403	2.750255751178457	3.09947564036381	-3.42676233837729	-5.256714488671755	-1.426081336997393	-0.02940489545785674	-1.658753205027693	3.584953520443833	-0.09157231916639397	-0.5651011882163104	0.4552108518309854	0.1885915193440582	0.06092501657742488	10.56743188751942	11.89749981535061	1.459704438125503	0.9091568019814602	1.849290267905859	8.17585811236175	-0.2190789336059105	-0.3440441686066578	-0.3794413873407585	5.835313935194124	3.282988589759544	-0.6767334274911518	3.147780793525682	1.010952609737384	0.9250712266338468	1.354737905017675	-0.2740825825047537	-0.967298833457594	0.3028403325945472	0.2388907665980575	0.6269914429829964	-0.7934771852014029	-1.048686357147652	0.05967123200859881	1.940321522844992	1.620800452920638	0.7997939813845452
2.5	8.106489290000001	-4.36243468	-3.20241529	0.6027150999999999	0.96375606	0.03774991	-29.34247787	3.14788143	-1.59252531	-5.7177699	7.69892696	10.77448338	0	19.49368027	-6.35268812	-7.37988115	-12.04443634	-6.13807622	9.51009174	0	-18.62125377	2.23408539	1.63007047	-0.2556608922576038	-0.1154098670876744	-0.08031866466456994	0.0660936523709863	0.04649060520977821	0.04750591927538617	-0.2684148004613323	0.01417096786886174	-0.1050968705798432	-0.2240228979626537	0.114568668836124	0.4124785815672989	0.3440772978338356	0.3131403920125229	0.2851538027161895	0.2461501211091601	0.06913087114322503	0.2427341285594141	0.2331988652917241	0.1395080897153428	0.1095296912508802	0.2313383082477452	0.3166632320914716	0.3083474977041055	0.2731488864164699	0.1933375063552064	0.1294239383596821	0.2181295765945649	4.503156111590415	4.698927566186685	5.785895439327028	0.01013153231877084	0.01013148199413472	0.01013149455100532	0.2302545606975099	0.1940015698838028	0.196374766888229	0.117523356098949	0.1831160180803094	0.1900666622061575	0.1726404719984146	0.1414970717730812	0.1716810919470947	3.417477691049182	6.179626426233616	4.314847535777032	3.819926073735456	4.494498089511904	4.559015224575226	-1.741474256583146	-5.268898075529368	-8.394371114350431	2.798634757010994	3.15761452915336	-3.507899954231573	-5.380205344189722	-1.466241166648748	-0.04018538075361811	-1.706046116925313	3.652529190516329	-0.1021733215661218	-0.5855882190165449	0.4549524031451053	0.1824296420942648	0.0520400268574015	10.79178232482367	12.15221694058084	1.490279058273908	0.9234034193515814	1.884705993070016	8.354260510677058	-0.2339294048691833	-0.3615532220913078	-0.3977175588671074	5.954747898208208	3.346076541208673	-0.6953907657112968	3.214089290436544	1.024177553552573	0.9363263476505903	1.373603450965156	-0.2923113722261377	-1.001919682499956	0.2979649814129566	0.2313301876336027	0.6299426019577243	-0.8138284163935623	-1.075359671920799	0.05960727799908794	1.98353605451732	1.656826725006494	0.8173553982727361
